piece,dataset,fold,beat_fmeasure,beat_cmlt,beat_amlt,downbeat_fmeasure,downbeat_cmlt,downbeat_amlt
asap/Bach_Fugue_bwv_862_Song04M/track.npy,asap,0,0.9888475836431226,0.9851851851851852,0.9851851851851852,0.42000000000000004,0.0,0.5970149253731343
asap/Bach_Fugue_bwv_863_LeeN01M/track.npy,asap,0,0.9935064935064934,0.9741935483870968,0.9741935483870968,0.6608695652173913,0.013157894736842105,0.948051948051948
asap/Bach_Fugue_bwv_863_Shychko01M/track.npy,asap,0,0.9968051118210862,0.9872611464968153,0.9872611464968153,0.5739130434782609,0.0,0.8441558441558441
asap/Bach_Fugue_bwv_863_TongB01M/track.npy,asap,0,0.9968051118210862,0.9872611464968153,0.9872611464968153,0.6608695652173913,0.0,0.974025974025974
asap/Bach_Fugue_bwv_868_GonzalezJ05M/track.npy,asap,0,0.9333333333333332,0.8828125,0.8828125,0.631578947368421,0.0,0.9682539682539683
asap/Bach_Fugue_bwv_873_Lisiecki13M/track.npy,asap,0,0.9888475836431226,0.9703703703703703,0.9703703703703703,0.6633165829145728,0.007575757575757576,0.9699248120300752
asap/Bach_Fugue_bwv_888_ZhaoK01M/track.npy,asap,0,0.7407407407407407,0.6727272727272727,0.6727272727272727,0.4871794871794871,0.0,0.75
asap/Bach_Prelude_bwv_867_HuNY01M/track.npy,asap,0,0.7999999999999999,0.38345864661654133,0.38345864661654133,0.40476190476190477,0.0,0.2786885245901639
asap/Bach_Prelude_bwv_867_Sham01M/track.npy,asap,0,0.7878787878787878,0.34532374100719426,0.43169398907103823,0.525,0.017543859649122806,0.45614035087719296
asap/Bach_Prelude_bwv_868_GonzalezJ05M/track.npy,asap,0,0.9857142857142858,0.9857142857142858,0.9857142857142858,0.6538461538461539,0.0,0.9428571428571428
asap/Bach_Prelude_bwv_880_LeungR01M/track.npy,asap,0,1.0,1.0,1.0,0.6923076923076923,0.4418604651162791,0.4418604651162791
asap/Bach_Prelude_bwv_880_WangA04M/track.npy,asap,0,0.9361702127659575,0.9107981220657277,0.9107981220657277,0.7894736842105263,0.6097560975609756,0.6097560975609756
asap/Bach_Prelude_bwv_891_BLINOV04M/track.npy,asap,0,0.934984520123839,0.9012345679012346,0.9012345679012346,0.9565217391304348,0.9876543209876543,0.9876543209876543
asap/Bach_Prelude_bwv_891_Duepree06M/track.npy,asap,0,0.9467084639498432,0.8875,0.8875,0.8961038961038962,0.8,0.8
asap/Beethoven_Piano_Sonatas_17-1_KaszoS09M/track.npy,asap,0,0.6350474288567148,0.059008654602675056,0.6325136612021858,0.5567375886524822,0.2830188679245283,0.2830188679245283
asap/Beethoven_Piano_Sonatas_17-1_no_repeat_GuoE02M/track.npy,asap,0,0.6325648414985591,0.058693244739756366,0.6783505154639176,0.5756097560975609,0.2831858407079646,0.2831858407079646
asap/Beethoven_Piano_Sonatas_17-1_no_repeat_KabuliL02M/track.npy,asap,0,0.6757865937072504,0.150609080841639,0.5152057245080501,0.5255474452554745,0.23893805309734514,0.23893805309734514
asap/Beethoven_Piano_Sonatas_17-1_no_repeat_Richardson02M/track.npy,asap,0,0.6320819112627987,0.06762749445676275,0.5488454706927176,0.47457627118644063,0.2168141592920354,0.2168141592920354
asap/Beethoven_Piano_Sonatas_17-1_no_repeat_TuanS02M/track.npy,asap,0,0.6412005457025921,0.08416389811738649,0.6092362344582594,0.5522388059701493,0.2743362831858407,0.2743362831858407
asap/Beethoven_Piano_Sonatas_17-1_no_repeat_WangH03M/track.npy,asap,0,0.6488439306358382,0.058758314855875834,0.7033195020746889,0.5980861244019139,0.34513274336283184,0.34513274336283184
asap/Beethoven_Piano_Sonatas_21-1_KaiRuiR02M/track.npy,asap,0,0.9140705237932215,0.7748041775456919,0.7748041775456919,0.7068437180796732,0.18791946308724833,0.5882352941176471
asap/Beethoven_Piano_Sonatas_21-1_Sekino05M/track.npy,asap,0,0.9270350063264444,0.8442211055276382,0.8442211055276382,0.6401869158878504,0.05206463195691203,0.8006700167504187
asap/Beethoven_Piano_Sonatas_21-1_no_repeat_GonzalezJ06M/track.npy,asap,0,0.8791684711996536,0.7342833193629505,0.7342833193629505,0.7068493150684931,0.35962877030162416,0.3685092127303183
asap/Beethoven_Piano_Sonatas_21-1_no_repeat_KimSY02M/track.npy,asap,0,0.9191238416175233,0.8231349538977368,0.8231349538977368,0.6632522407170295,0.19294605809128632,0.5510887772194305
asap/Beethoven_Piano_Sonatas_21-1_no_repeat_LeeN02M/track.npy,asap,0,0.9072253099615221,0.787929589270746,0.787929589270746,0.7583333333333333,0.3847980997624703,0.3852596314907873
asap/Beethoven_Piano_Sonatas_21-1_no_repeat_RichardsonC02M/track.npy,asap,0,0.926129168425496,0.8172673931265717,0.8172673931265717,0.6511056511056512,0.11650485436893204,0.644891122278057
asap/Beethoven_Piano_Sonatas_21-1_no_repeat_Shychko02M/track.npy,asap,0,0.9152691968225948,0.7361809045226131,0.7361809045226131,0.6728971962616823,0.17333333333333334,0.5443886097152428
asap/Beethoven_Piano_Sonatas_21-1_no_repeat_Sladek02M/track.npy,asap,0,0.8986013986013986,0.7158424140821459,0.7158424140821459,0.7154046997389034,0.2462526766595289,0.525963149078727
asap/Beethoven_Piano_Sonatas_21-1_no_repeat_Song03M/track.npy,asap,0,0.8854351687388987,0.6761506276150627,0.6761506276150627,0.7489481065918655,0.33816425120772947,0.3936348408710218
asap/Beethoven_Piano_Sonatas_21-1_no_repeat_SunY02M/track.npy,asap,0,0.8847139197267292,0.7508389261744967,0.7508389261744967,0.6624365482233503,0.15306122448979592,0.611764705882353
asap/Beethoven_Piano_Sonatas_21-1_no_repeat_Tetzloff05M/track.npy,asap,0,0.8959044368600683,0.7374161073825504,0.7374161073825504,0.6190476190476191,0.128,0.5781512605042017
asap/Beethoven_Piano_Sonatas_21-1_no_repeat_ToA02M/track.npy,asap,0,0.904109589041096,0.779547359597653,0.779547359597653,0.6947637292464879,0.2231404958677686,0.5795644891122278
asap/Beethoven_Piano_Sonatas_21-1_no_repeat_TongB03M/track.npy,asap,0,0.8957871396895788,0.7720033528918693,0.7720033528918693,0.6885676741130092,0.19480519480519481,0.592964824120603
asap/Beethoven_Piano_Sonatas_21-1_no_repeat_WangA02M/track.npy,asap,0,0.8615384615384616,0.6937919463087249,0.6937919463087249,0.728494623655914,0.3071748878923767,0.44873949579831934
asap/Beethoven_Piano_Sonatas_21-1_no_repeat_YeZ02M/track.npy,asap,0,0.9106753812636166,0.7646566164154104,0.7646566164154104,0.7659574468085106,0.37438423645320196,0.37438423645320196
asap/Beethoven_Piano_Sonatas_21-1_no_repeat_ZhangW01M/track.npy,asap,0,0.8931530745747929,0.7150041911148366,0.7150041911148366,0.6840052015604681,0.2127659574468085,0.5376884422110553
asap/Beethoven_Piano_Sonatas_9-3_Tysman05M/track.npy,asap,0,0.6390685640362225,0.007722007722007722,0.8571428571428571,0.7093023255813953,0.18981481481481483,0.5725490196078431
asap/Chopin_Ballades_3_Ko11M/track.npy,asap,0,0.7729166666666667,0.6542443064182195,0.6542443064182195,0.6496815286624203,0.5732217573221757,0.5732217573221757
asap/Chopin_Ballades_3_LinPeng06M/track.npy,asap,0,0.7545367717287489,0.543859649122807,0.543859649122807,0.625250501002004,0.5269230769230769,0.5269230769230769
asap/Chopin_Etudes_op_10_1_ChenW03M/track.npy,asap,0,0.9767441860465117,0.9304635761589404,0.9304635761589404,0.9664429530201343,0.9866666666666667,0.9866666666666667
asap/Chopin_Etudes_op_10_1_KaiRuiR03M/track.npy,asap,0,0.9735973597359736,0.9016393442622951,0.9016393442622951,0.9668874172185431,0.9605263157894737,0.9605263157894737
asap/Chopin_Etudes_op_10_1_LiYZ02M/track.npy,asap,0,0.9900332225913622,0.9635761589403974,0.9635761589403974,0.9733333333333334,0.9733333333333334,0.9733333333333334
asap/Chopin_Etudes_op_10_1_LuM02M/track.npy,asap,0,0.804093567251462,0.4779220779220779,0.4779220779220779,0.6853146853146853,0.44594594594594594,0.44594594594594594
asap/Chopin_Etudes_op_10_1_MunA07M/track.npy,asap,0,0.9450915141430948,0.8172757475083057,0.8172757475083057,1.0,1.0,1.0
asap/Chopin_Etudes_op_10_1_SunY03M/track.npy,asap,0,0.8654434250764527,0.5734463276836158,0.5734463276836158,0.767123287671233,0.6133333333333333,0.6133333333333333
asap/Chopin_Etudes_op_10_1_YeF03M/track.npy,asap,0,0.7864823348694316,0.42165242165242167,0.42165242165242167,0.6928104575163399,0.5,0.5
asap/Chopin_Etudes_op_10_1_YuP02M/track.npy,asap,0,0.9900662251655629,0.9405940594059405,0.9405940594059405,0.9801324503311258,0.9736842105263158,0.9736842105263158
asap/Haydn_Keyboard_Sonatas_39-3_Yarden07M/track.npy,asap,0,0.974630021141649,0.9620253164556962,0.9620253164556962,0.9745762711864406,0.9830508474576272,0.9830508474576272
asap/Liszt_Annees_de_pelerinage_2_1_Gondoliera_LeungM08M/track.npy,asap,0,0.5345132743362832,0.3191489361702128,0.3191489361702128,0.4552238805970149,0.42,0.42
asap/Liszt_Annees_de_pelerinage_2_1_Gondoliera_LeungM12M/track.npy,asap,0,0.4878048780487805,0.24274406332453827,0.24274406332453827,0.366412213740458,0.3263888888888889,0.3263888888888889
asap/Rachmaninoff_Preludes_op_23_6_Nikiforov14M/track.npy,asap,0,0.6646884272997032,0.41040462427745666,0.41040462427745666,0.3305785123966942,0.0,0.2962962962962963
asap/Schubert_Impromptu_op142_3_Richardson07M/track.npy,asap,0,0.6763698630136986,0.09788359788359788,0.7351154313487241,0.6546762589928058,0.11142857142857143,0.6496350364963503
asap/Schubert_Impromptu_op142_3_RichardsonC06M/track.npy,asap,0,0.6222558667676003,0.06823266219239374,0.6644295302013423,0.6058394160583941,0.09880239520958084,0.5550351288056206
asap/Schubert_Impromptu_op142_3_SunY08M/track.npy,asap,0,0.5932666060054596,0.027925531914893616,0.7180851063829787,0.5870020964360587,0.06930693069306931,0.6397694524495677
asap/Schubert_Impromptu_op142_3_WangH06M/track.npy,asap,0,0.6240369799691834,0.028735632183908046,0.7908045977011494,0.6387434554973821,0.10584958217270195,0.6182669789227166
asap/Schubert_Impromptu_op142_3_YoungS06M/track.npy,asap,0,0.6557120500782472,0.08588235294117647,0.7146198830409357,0.5989492119089317,0.0700280112044818,0.6135831381733021
ballroom/ballroom_Albums-AnaBelen_Veneo-11/track.npy,ballroom,0,1.0,1.0,1.0,1.0,1.0,1.0
ballroom/ballroom_Albums-Ballroom_Classics4-07/track.npy,ballroom,0,1.0,1.0,1.0,1.0,1.0,1.0
ballroom/ballroom_Albums-Ballroom_Classics4-09/track.npy,ballroom,0,1.0,1.0,1.0,1.0,1.0,1.0
ballroom/ballroom_Albums-Cafe_Paradiso-02/track.npy,ballroom,0,1.0,1.0,1.0,1.0,1.0,1.0
ballroom/ballroom_Albums-Chrisanne2-03/track.npy,ballroom,0,0.8285714285714286,1.0,1.0,0.8181818181818182,1.0,1.0
ballroom/ballroom_Albums-Chrisanne3-08/track.npy,ballroom,0,0.9932885906040269,0.9866666666666667,0.9866666666666667,1.0,1.0,1.0
ballroom/ballroom_Albums-GloriaEstefan_MiTierra-08/track.npy,ballroom,0,0.9863013698630138,0.972972972972973,0.972972972972973,1.0,1.0,1.0
ballroom/ballroom_Albums-Latin_Jam-01/track.npy,ballroom,0,0.9904761904761905,0.9811320754716981,0.9811320754716981,0.962962962962963,0.9285714285714286,0.9285714285714286
ballroom/ballroom_Albums-Latin_Jam-05/track.npy,ballroom,0,1.0,1.0,1.0,1.0,1.0,1.0
ballroom/ballroom_Albums-Latin_Jam-07/track.npy,ballroom,0,1.0,1.0,1.0,1.0,1.0,1.0
ballroom/ballroom_Albums-Latin_Jam2-11/track.npy,ballroom,0,1.0,1.0,1.0,1.0,1.0,1.0
ballroom/ballroom_Albums-Latin_Jam4-13/track.npy,ballroom,0,1.0,1.0,1.0,1.0,1.0,1.0
ballroom/ballroom_Albums-Latin_Jam5-06/track.npy,ballroom,0,0.9879518072289156,0.9761904761904762,0.9761904761904762,1.0,1.0,1.0
ballroom/ballroom_Albums-Latin_Jam5-07/track.npy,ballroom,0,1.0,1.0,1.0,1.0,1.0,1.0
ballroom/ballroom_Albums-Latin_Jam5-09/track.npy,ballroom,0,1.0,1.0,1.0,1.0,1.0,1.0
ballroom/ballroom_Albums-Latino_Latino-05/track.npy,ballroom,0,1.0,1.0,1.0,1.0,1.0,1.0
ballroom/ballroom_Albums-Macumba-04/track.npy,ballroom,0,1.0,1.0,1.0,1.0,1.0,1.0
ballroom/ballroom_Albums-Macumba-07/track.npy,ballroom,0,1.0,1.0,1.0,1.0,1.0,1.0
ballroom/ballroom_Albums-Macumba-11/track.npy,ballroom,0,1.0,1.0,1.0,1.0,1.0,1.0
ballroom/ballroom_Albums-Mambo_Kings-03/track.npy,ballroom,0,1.0,1.0,1.0,1.0,1.0,1.0
ballroom/ballroom_Albums-Mambo_Kings-11/track.npy,ballroom,0,1.0,1.0,1.0,1.0,1.0,1.0
ballroom/ballroom_Albums-Pais_Tropical-07/track.npy,ballroom,0,1.0,1.0,1.0,1.0,1.0,1.0
ballroom/ballroom_Albums-Pais_Tropical-08/track.npy,ballroom,0,1.0,1.0,1.0,1.0,1.0,1.0
ballroom/ballroom_Albums-Pais_Tropical-10/track.npy,ballroom,0,1.0,1.0,1.0,1.0,1.0,1.0
ballroom/ballroom_Albums-Step_By_Step-04/track.npy,ballroom,0,1.0,1.0,1.0,1.0,1.0,1.0
ballroom/ballroom_Albums-Step_By_Step-09/track.npy,ballroom,0,0.9933774834437086,0.9868421052631579,0.9868421052631579,1.0,1.0,1.0
ballroom/ballroom_Albums-Step_By_Step-11/track.npy,ballroom,0,1.0,1.0,1.0,1.0,1.0,1.0
ballroom/ballroom_Albums-Step_By_Step-16/track.npy,ballroom,0,1.0,0.9879518072289156,0.9879518072289156,1.0,1.0,1.0
ballroom/ballroom_Albums-StrictlyDancing_Tango-05/track.npy,ballroom,0,0.9278350515463918,0.9183673469387755,0.9183673469387755,0.9166666666666666,1.0,1.0
ballroom/ballroom_Albums-StrictlyDancing_Tango-10/track.npy,ballroom,0,1.0,1.0,1.0,1.0,1.0,1.0
ballroom/ballroom_Media-100603/track.npy,ballroom,0,1.0,1.0,1.0,1.0,1.0,1.0
ballroom/ballroom_Media-100604/track.npy,ballroom,0,1.0,1.0,1.0,1.0,1.0,1.0
ballroom/ballroom_Media-100605/track.npy,ballroom,0,0.43636363636363634,0.35714285714285715,0.48214285714285715,0.4,0.38461538461538464,0.5
ballroom/ballroom_Media-103303/track.npy,ballroom,0,1.0,1.0,1.0,1.0,1.0,1.0
ballroom/ballroom_Media-103315/track.npy,ballroom,0,0.9933774834437086,0.9342105263157895,0.9342105263157895,1.0,1.0,1.0
ballroom/ballroom_Media-103408/track.npy,ballroom,0,0.9904761904761905,0.9811320754716981,0.9811320754716981,0.962962962962963,0.9285714285714286,0.9285714285714286
ballroom/ballroom_Media-103504/track.npy,ballroom,0,0.7522935779816514,0.23880597014925373,0.5542168674698795,0.8,0.3333333333333333,0.5263157894736842
ballroom/ballroom_Media-103509/track.npy,ballroom,0,0.9902912621359222,0.9807692307692307,0.9807692307692307,1.0,1.0,1.0
ballroom/ballroom_Media-103511/track.npy,ballroom,0,1.0,1.0,1.0,1.0,1.0,1.0
ballroom/ballroom_Media-103515/track.npy,ballroom,0,1.0,1.0,1.0,1.0,1.0,1.0
ballroom/ballroom_Media-103605/track.npy,ballroom,0,1.0,1.0,1.0,1.0,1.0,1.0
ballroom/ballroom_Media-103611/track.npy,ballroom,0,1.0,0.9857142857142858,0.9857142857142858,1.0,1.0,1.0
ballroom/ballroom_Media-103618/track.npy,ballroom,0,1.0,1.0,1.0,1.0,1.0,1.0
ballroom/ballroom_Media-103815/track.npy,ballroom,0,0.9743589743589743,0.9743589743589743,0.9743589743589743,1.0,1.0,1.0
ballroom/ballroom_Media-103902/track.npy,ballroom,0,1.0,1.0,1.0,0.3333333333333333,0.0,0.42105263157894735
ballroom/ballroom_Media-103905/track.npy,ballroom,0,0.37209302325581395,0.38636363636363635,0.38636363636363635,0.09523809523809525,0.36363636363636365,0.36363636363636365
ballroom/ballroom_Media-103910/track.npy,ballroom,0,1.0,1.0,1.0,1.0,1.0,1.0
ballroom/ballroom_Media-104007/track.npy,ballroom,0,1.0,1.0,1.0,1.0,1.0,1.0
ballroom/ballroom_Media-104010/track.npy,ballroom,0,1.0,1.0,1.0,1.0,1.0,1.0
ballroom/ballroom_Media-104203/track.npy,ballroom,0,1.0,1.0,1.0,1.0,1.0,1.0
ballroom/ballroom_Media-104210/track.npy,ballroom,0,0.9868421052631579,0.974025974025974,0.974025974025974,0.9803921568627451,0.9615384615384616,0.9615384615384616
ballroom/ballroom_Media-104307/track.npy,ballroom,0,0.9933774834437086,0.9868421052631579,0.9868421052631579,1.0,1.0,1.0
ballroom/ballroom_Media-104417/track.npy,ballroom,0,1.0,0.9885057471264368,0.9885057471264368,1.0,1.0,1.0
ballroom/ballroom_Media-104502/track.npy,ballroom,0,1.0,1.0,1.0,1.0,1.0,1.0
ballroom/ballroom_Media-104516/track.npy,ballroom,0,0.9942857142857142,0.9659090909090909,0.9659090909090909,1.0,1.0,1.0
ballroom/ballroom_Media-104706/track.npy,ballroom,0,0.9906542056074767,0.9814814814814815,0.9814814814814815,0.962962962962963,0.9285714285714286,0.9285714285714286
ballroom/ballroom_Media-104707/track.npy,ballroom,0,0.9906542056074767,0.9814814814814815,0.9814814814814815,0.962962962962963,0.9285714285714286,0.9285714285714286
ballroom/ballroom_Media-104711/track.npy,ballroom,0,0.9863013698630136,0.9452054794520548,0.9452054794520548,0.96,1.0,1.0
ballroom/ballroom_Media-104806/track.npy,ballroom,0,0.9909909909909909,0.9821428571428571,0.9821428571428571,1.0,1.0,1.0
ballroom/ballroom_Media-104904/track.npy,ballroom,0,0.8732394366197184,0.8888888888888888,0.8888888888888888,0.8333333333333334,1.0,1.0
ballroom/ballroom_Media-104905/track.npy,ballroom,0,1.0,1.0,1.0,1.0,1.0,1.0
ballroom/ballroom_Media-105019/track.npy,ballroom,0,0.9941520467836257,0.9767441860465116,0.9767441860465116,1.0,1.0,1.0
ballroom/ballroom_Media-105119/track.npy,ballroom,0,0.9941520467836257,0.9883720930232558,0.9883720930232558,1.0,1.0,1.0
ballroom/ballroom_Media-105122/track.npy,ballroom,0,0.9942857142857142,0.9545454545454546,0.9545454545454546,0.9767441860465117,0.9545454545454546,0.9545454545454546
ballroom/ballroom_Media-105211/track.npy,ballroom,0,0.84375,0.875,0.875,0.761904761904762,0.9090909090909091,0.9090909090909091
ballroom/ballroom_Media-105215/track.npy,ballroom,0,1.0,1.0,1.0,1.0,1.0,1.0
ballroom/ballroom_Media-105401/track.npy,ballroom,0,0.9879518072289156,0.9761904761904762,0.9761904761904762,1.0,1.0,1.0
ballroom/ballroom_Media-105404/track.npy,ballroom,0,0.9285714285714286,0.9761904761904762,0.9761904761904762,0.9090909090909091,1.0,1.0
ballroom/ballroom_Media-105407/track.npy,ballroom,0,0.9904761904761905,0.9811320754716981,0.9811320754716981,1.0,1.0,1.0
ballroom/ballroom_Media-105414/track.npy,ballroom,0,0.993103448275862,0.9863013698630136,0.9863013698630136,1.0,1.0,1.0
ballroom/ballroom_Media-105419/track.npy,ballroom,0,0.8771929824561403,0.78125,0.78125,0.9333333333333333,0.875,0.875
ballroom/ballroom_Media-105503/track.npy,ballroom,0,1.0,1.0,1.0,1.0,1.0,1.0
ballroom/ballroom_Media-105507/track.npy,ballroom,0,0.9814814814814815,0.9636363636363636,0.9636363636363636,1.0,1.0,1.0
ballroom/ballroom_Media-105508/track.npy,ballroom,0,0.9906542056074767,0.9814814814814815,0.9814814814814815,1.0,1.0,1.0
ballroom/ballroom_Media-105516/track.npy,ballroom,0,0.9940828402366864,0.9882352941176471,0.9882352941176471,1.0,1.0,1.0
ballroom/ballroom_Media-105614/track.npy,ballroom,0,0.9885057471264368,0.9772727272727273,0.9772727272727273,1.0,1.0,1.0
ballroom/ballroom_Media-105704/track.npy,ballroom,0,0.9855072463768115,0.9714285714285714,0.9714285714285714,1.0,1.0,1.0
ballroom/ballroom_Media-105806/track.npy,ballroom,0,1.0,1.0,1.0,1.0,1.0,1.0
ballroom/ballroom_Media-105811/track.npy,ballroom,0,1.0,1.0,1.0,1.0,1.0,1.0
ballroom/ballroom_Media-105817/track.npy,ballroom,0,1.0,1.0,1.0,1.0,1.0,1.0
ballroom/ballroom_Media-105819/track.npy,ballroom,0,1.0,1.0,1.0,1.0,1.0,1.0
ballroom/ballroom_Media-106011/track.npy,ballroom,0,0.975609756097561,0.9523809523809523,0.9523809523809523,0.9523809523809523,0.9090909090909091,0.9090909090909091
ballroom/ballroom_Media-106015/track.npy,ballroom,0,0.9790209790209791,0.958904109589041,0.958904109589041,0.9714285714285714,0.9444444444444444,0.9444444444444444
ballroom/ballroom_Media-106017/track.npy,ballroom,0,0.9795918367346939,0.96,0.96,0.972972972972973,0.9473684210526315,0.9473684210526315
ballroom/ballroom_Media-106101/track.npy,ballroom,0,0.9811320754716981,0.9629629629629629,0.9629629629629629,0.962962962962963,0.9285714285714286,0.9285714285714286
ballroom/ballroom_Media-106112/track.npy,ballroom,0,0.9767441860465117,0.9545454545454546,0.9545454545454546,1.0,1.0,1.0
beatles/beatles_01_Please_Please_Me_11_Do_You_Want_To_Know_A_Secret/track.npy,beatles,0,0.9567198177676537,0.920704845814978,0.920704845814978,0.9541284403669724,0.9285714285714286,0.9285714285714286
beatles/beatles_01_Please_Please_Me_14_Twist_And_Shout/track.npy,beatles,0,1.0,1.0,1.0,1.0,1.0,1.0
beatles/beatles_02_With_the_Beatles_07_Please_Mister_Postman/track.npy,beatles,0,0.9916247906197655,0.9833887043189369,0.9833887043189369,0.9932885906040269,0.9866666666666667,0.9866666666666667
beatles/beatles_02_With_the_Beatles_10_You_Really_Got_A_Hold_On_Me/track.npy,beatles,0,0.7796610169491525,0.49038461538461536,0.49038461538461536,0.6385542168674698,0.10377358490566038,0.7647058823529411
beatles/beatles_03_A_Hard_Days_Night_01_A_Hard_Days_Night/track.npy,beatles,0,0.9908536585365855,0.9818731117824774,0.9818731117824774,0.9878048780487805,0.9759036144578314,0.9759036144578314
beatles/beatles_04_Beatles_for_Sale_11_Every_Little_Thing/track.npy,beatles,0,0.9978678038379531,0.9957446808510638,0.9957446808510638,1.0,1.0,1.0
beatles/beatles_04_Beatles_for_Sale_14_Everybodys_Trying_to_Be_My_Baby/track.npy,beatles,0,0.7784810126582279,0.2898172323759791,0.5421686746987951,0.7643312101910827,0.2736842105263158,0.5483870967741935
beatles/beatles_05_Help_11_Tell_Me_What_You_See/track.npy,beatles,0,0.9865470852017937,0.9850746268656716,0.9850746268656716,0.9820359281437125,0.9880952380952381,0.9880952380952381
beatles/beatles_05_Help_13_Yesterday/track.npy,beatles,0,0.9726775956284153,0.994535519125683,0.994535519125683,0.9782608695652174,1.0,1.0
beatles/beatles_06_Rubber_Soul_12_Wait/track.npy,beatles,0,0.97265625,0.9728682170542635,0.9728682170542635,0.9763779527559054,0.984375,0.984375
beatles/beatles_07_Revolver_07_She_Said_She_Said/track.npy,beatles,0,0.9407265774378586,0.9389312977099237,0.9389312977099237,0.7851851851851851,0.7428571428571429,0.7428571428571429
beatles/beatles_07_Revolver_12_I_Want_To_Tell_You/track.npy,beatles,0,0.9931972789115646,0.9965986394557823,0.9965986394557823,1.0,1.0,1.0
beatles/beatles_08_Sgt_Peppers_Lonely_Hearts_Club_Band_02_With_A_Little_Help_From_My_Friends/track.npy,beatles,0,1.0,1.0,1.0,1.0,1.0,1.0
beatles/beatles_08_Sgt_Peppers_Lonely_Hearts_Club_Band_12_Sgt_Peppers_Lonely_Hearts_Club_Band_(Reprise)/track.npy,beatles,0,0.993103448275862,0.9863013698630136,0.9863013698630136,1.0,1.0,1.0
beatles/beatles_09_Magical_Mystery_Tour_10_Baby_Youre_A_Rich_Man/track.npy,beatles,0,0.9946332737030411,0.9893238434163701,0.9893238434163701,1.0,1.0,1.0
beatles/beatles_10_CD1_The_Beatles_03_Glass_Onion/track.npy,beatles,0,0.979253112033195,0.987603305785124,0.987603305785124,0.8125,0.7647058823529411,0.7647058823529411
beatles/beatles_10_CD1_The_Beatles_09_Martha_My_Dear/track.npy,beatles,0,1.0,1.0,1.0,0.9514563106796117,0.9320388349514563,0.9320388349514563
beatles/beatles_10_CD1_The_Beatles_15_Why_Dont_We_Do_It_In_The_Road/track.npy,beatles,0,0.9965635738831615,0.9931506849315068,0.9931506849315068,1.0,1.0,1.0
beatles/beatles_10_CD2_The_Beatles_11_Cry_Baby_Cry/track.npy,beatles,0,0.9703872437357631,0.9380530973451328,0.9380530973451328,0.6705882352941176,0.061946902654867256,0.8584070796460177
beatles/beatles_11_Abbey_Road_14_Golden_Slumbers/track.npy,beatles,0,0.9785407725321887,0.9914529914529915,0.9914529914529915,0.7741935483870968,0.6774193548387096,0.6774193548387096
beatles/beatles_11_Abbey_Road_16_The_End/track.npy,beatles,0,0.9256900212314225,0.8072289156626506,0.8072289156626506,0.9508196721311476,0.9354838709677419,0.9354838709677419
beatles/beatles_12_Let_It_Be_04_I_Me_Mine/track.npy,beatles,0,0.7375415282392026,0.425414364640884,0.425414364640884,0.6781609195402298,0.17543859649122806,0.55
beatles/beatles_12_Let_It_Be_10_The_Long_and_Winding_Road/track.npy,beatles,0,0.9777777777777777,0.9734513274336283,0.9734513274336283,0.9821428571428571,1.0,1.0
candombe/csic.1995_ansina1_04/track.npy,candombe,0,1.0,1.0,1.0,1.0,1.0,1.0
candombe/csic.1995_ansina2_03/track.npy,candombe,0,1.0,1.0,1.0,1.0,1.0,1.0
candombe/proyecto.1992_lobo_01/track.npy,candombe,0,0.9988137603795968,0.9976303317535545,0.9976303317535545,1.0,1.0,1.0
candombe/zavala.muniz.2014_44/track.npy,candombe,0,1.0,1.0,1.0,1.0,1.0,1.0
candombe/zavala.muniz.2014_49/track.npy,candombe,0,1.0,1.0,1.0,1.0,1.0,1.0
filosax/filosax_25/track.npy,filosax,0,0.9984214680347278,0.9928966061562746,0.9928966061562746,0.9968454258675079,1.0,1.0
filosax/filosax_27/track.npy,filosax,0,0.9995814148179154,0.99581589958159,0.99581589958159,1.0,1.0,1.0
filosax/filosax_28/track.npy,filosax,0,0.9947089947089947,0.9920739762219286,0.9920739762219286,0.964102564102564,0.8756218905472637,0.8756218905472637
filosax/filosax_38/track.npy,filosax,0,1.0,1.0,1.0,1.0,1.0,1.0
filosax/filosax_41/track.npy,filosax,0,0.9938931297709923,0.9969465648854962,0.9969465648854962,0.9939024390243902,1.0,1.0
filosax/filosax_44/track.npy,filosax,0,0.9891724671307038,0.9785768936495792,0.9785768936495792,0.9891808346213292,0.9785932721712538,0.9785932721712538
groove_midi/drummer10_session1_3_jazz-swing_215_beat_4-4/track.npy,groove_midi,0,0.8239436619718309,0.40119760479041916,0.42735042735042733,0.810126582278481,0.42857142857142855,0.42857142857142855
groove_midi/drummer10_session1_5_jazz-swing_215_beat_4-4/track.npy,groove_midi,0,0.9972602739726028,0.9672131147540983,0.9672131147540983,1.0,1.0,1.0
groove_midi/drummer1_eval_session_1_funk-groove1_138_beat_4-4/track.npy,groove_midi,0,0.9904761904761905,0.9811320754716981,0.9811320754716981,0.962962962962963,0.9285714285714286,0.9285714285714286
groove_midi/drummer1_session1_183_afrocuban_105_beat_4-4/track.npy,groove_midi,0,1.0,1.0,1.0,1.0,1.0,1.0
groove_midi/drummer1_session1_38_latin-samba_116_beat_4-4/track.npy,groove_midi,0,0.9951219512195122,0.9902912621359223,0.9902912621359223,0.9803921568627451,0.9615384615384616,0.9615384615384616
groove_midi/drummer1_session1_5_jazz-funk_116_beat_4-4/track.npy,groove_midi,0,0.9982238010657194,0.9964539007092199,0.9964539007092199,1.0,1.0,1.0
groove_midi/drummer1_session1_79_latin-reggaeton_90_beat_4-4/track.npy,groove_midi,0,1.0,1.0,1.0,1.0,1.0,1.0
groove_midi/drummer1_session2_181_rock_115_beat_4-4/track.npy,groove_midi,0,0.8041237113402062,0.652,0.652,0.7058823529411764,0.6451612903225806,0.6451612903225806
groove_midi/drummer1_session2_4_jazz_120_beat_3-4/track.npy,groove_midi,0,0.9980276134122288,0.9960629921259843,0.9960629921259843,0.28378378378378377,0.0,0.0
groove_midi/drummer1_session3_11_afrobeat_94_beat_4-4/track.npy,groove_midi,0,0.6483050847457626,0.40875912408759124,0.40875912408759124,0.625,0.5504587155963303,0.5504587155963303
groove_midi/drummer1_session3_12_latin-bomba_96_beat_4-4/track.npy,groove_midi,0,0.9956958393113342,0.9914040114613181,0.9914040114613181,0.9942857142857142,0.9886363636363636,0.9886363636363636
groove_midi/drummer1_session3_14_rock_94_beat_4-4/track.npy,groove_midi,0,0.9937264742785445,0.9875311720698254,0.9875311720698254,0.99,0.9801980198019802,0.9801980198019802
groove_midi/drummer1_session3_17_afrocuban-calypso_108_beat_4-4/track.npy,groove_midi,0,0.9804372842347526,0.9497716894977168,0.9497716894977168,0.8807339449541284,0.8468468468468469,0.8468468468468469
groove_midi/drummer3_session1_12_rock_120_beat_4-4/track.npy,groove_midi,0,0.9909909909909909,0.9821428571428571,0.9821428571428571,1.0,1.0,1.0
groove_midi/drummer3_session1_16_jazz_120_beat_4-4/track.npy,groove_midi,0,0.7090909090909092,0.1,0.8,0.9714285714285714,0.8888888888888888,0.8888888888888888
groove_midi/drummer3_session1_5_rock_105_beat_4-4/track.npy,groove_midi,0,0.9811320754716981,0.9629629629629629,0.9629629629629629,1.0,1.0,1.0
groove_midi/drummer3_session2_20_rock_92_beat_4-4/track.npy,groove_midi,0,0.9896907216494846,0.9795918367346939,0.9795918367346939,0.9600000000000001,0.9230769230769231,0.9230769230769231
groove_midi/drummer3_session2_24_rock_92_beat_4-4/track.npy,groove_midi,0,0.9777777777777777,0.9555555555555556,0.9555555555555556,1.0,1.0,1.0
groove_midi/drummer3_session2_2_rock_100_beat_4-4/track.npy,groove_midi,0,0.0,0.0,0.0,0.0,0.0,0.8333333333333334
groove_midi/drummer5_eval_session_9_soul-groove9_105_beat_4-4/track.npy,groove_midi,0,1.0,1.0,1.0,1.0,1.0,1.0
groove_midi/drummer5_session1_16_rock_136_beat_4-4/track.npy,groove_midi,0,0.971342383107089,0.9698340874811463,0.9698340874811463,0.9759036144578314,1.0,1.0
groove_midi/drummer5_session1_17_blues-shuffle_72_beat_4-4/track.npy,groove_midi,0,0.5165692007797271,0.004231311706629055,0.004231311706629055,0.5575221238938053,0.0,0.732484076433121
groove_midi/drummer5_session1_20_latin-brazilian-baiao_110_beat_4-4/track.npy,groove_midi,0,0.8856088560885609,0.8746928746928747,0.8746928746928747,0.8712871287128714,0.9607843137254902,0.9607843137254902
groove_midi/drummer5_session1_5_latin-brazilian-samba_89_beat_4-4/track.npy,groove_midi,0,1.0,1.0,1.0,1.0,1.0,1.0
groove_midi/drummer5_session2_10_neworleans-funk_102_beat_4-4/track.npy,groove_midi,0,0.9968152866242038,0.9936507936507937,0.9936507936507937,1.0,1.0,1.0
groove_midi/drummer5_session2_15_latin-venezuelan-joropo_80_beat_4-4/track.npy,groove_midi,0,0.48257372654155495,0.07075471698113207,0.07075471698113207,0.4086021505376344,0.03773584905660377,0.06329113924050633
groove_midi/drummer7_eval_session_2_funk-groove2_105_beat_4-4/track.npy,groove_midi,0,0.9909909909909909,0.9821428571428571,0.9821428571428571,0.962962962962963,0.9285714285714286,0.9285714285714286
groove_midi/drummer7_eval_session_5_funk-groove5_84_beat_4-4/track.npy,groove_midi,0,0.9913043478260869,0.9827586206896551,0.9827586206896551,1.0,1.0,1.0
groove_midi/drummer7_eval_session_7_pop-groove7_138_beat_4-4/track.npy,groove_midi,0,1.0,1.0,1.0,1.0,1.0,1.0
groove_midi/drummer7_session2_103_pop_132_beat_4-4/track.npy,groove_midi,0,0.989247311827957,0.9787234042553191,0.9787234042553191,0.9787234042553191,0.9583333333333334,0.9583333333333334
groove_midi/drummer7_session2_15_rock_118_beat_4-4/track.npy,groove_midi,0,0.9976798143851509,0.9953703703703703,0.9953703703703703,1.0,1.0,1.0
groove_midi/drummer7_session3_10_rock_60_beat_4-4/track.npy,groove_midi,0,0.9947643979057591,0.9895833333333334,0.9895833333333334,0.9787234042553191,0.9583333333333334,0.9583333333333334
groove_midi/drummer7_session3_130_soul_105_beat_4-4/track.npy,groove_midi,0,1.0,1.0,1.0,1.0,1.0,1.0
groove_midi/drummer7_session3_150_soul_105_beat_4-4/track.npy,groove_midi,0,1.0,1.0,1.0,1.0,1.0,1.0
groove_midi/drummer7_session3_151_soul_98_beat_4-4/track.npy,groove_midi,0,0.996309963099631,0.9926470588235294,0.9926470588235294,0.9850746268656716,0.9705882352941176,0.9705882352941176
groove_midi/drummer7_session3_64_funk_112_beat_4-4/track.npy,groove_midi,0,0.9908256880733944,0.9818181818181818,0.9818181818181818,0.962962962962963,0.9285714285714286,0.9285714285714286
groove_midi/drummer8_eval_session_1_funk-groove1_138_beat_4-4/track.npy,groove_midi,0,1.0,1.0,1.0,1.0,1.0,1.0
groove_midi/drummer8_session1_16_afrobeat_90_beat_4-4/track.npy,groove_midi,0,0.9982174688057042,0.99644128113879,0.99644128113879,0.9929078014184397,0.9859154929577465,0.9859154929577465
groove_midi/drummer8_session1_1_funk_95_beat_4-4/track.npy,groove_midi,0,0.9987760097919216,0.9975550122249389,0.9975550122249389,0.9951219512195122,0.9902912621359223,0.9902912621359223
groove_midi/drummer8_session1_28_rock_102_beat_4-4/track.npy,groove_midi,0,0.9984399375975038,0.9968847352024922,0.9968847352024922,1.0,1.0,1.0
groove_midi/drummer9_session1_22_rock_120_beat_4-4/track.npy,groove_midi,0,1.0,1.0,1.0,1.0,1.0,1.0
groove_midi/drummer9_session1_3_rock_100_beat_4-4/track.npy,groove_midi,0,1.0,1.0,1.0,1.0,1.0,1.0
guitarset/00_Jazz2-187-F#_comp_mix/track.npy,guitarset,0,0.6575342465753424,0.0,0.96,0.631578947368421,0.0,0.8571428571428571
guitarset/00_Jazz3-137-Eb_comp_mix/track.npy,guitarset,0,0.9615384615384616,0.9615384615384616,0.9615384615384616,0.888888888888889,0.9285714285714286,0.9285714285714286
guitarset/00_Rock1-90-C#_comp_mix/track.npy,guitarset,0,0.888888888888889,0.8536585365853658,0.8536585365853658,1.0,1.0,1.0
guitarset/00_SS1-100-C#_comp_mix/track.npy,guitarset,0,0.9873417721518987,0.975,0.975,0.9473684210526316,0.9,0.9
guitarset/01_Jazz1-130-D_comp_mix/track.npy,guitarset,0,0.9866666666666666,0.9736842105263158,0.9736842105263158,0.9473684210526316,0.9,0.9
guitarset/01_Jazz2-187-F#_comp_mix/track.npy,guitarset,0,0.6575342465753424,0.0,0.96,0.631578947368421,0.0,0.8571428571428571
guitarset/01_Rock2-85-F_comp_mix/track.npy,guitarset,0,0.9911504424778761,0.9824561403508771,0.9824561403508771,0.9655172413793104,0.9333333333333333,0.9333333333333333
guitarset/01_SS2-107-Ab_comp_mix/track.npy,guitarset,0,0.7596899224806202,0.4189189189189189,0.4189189189189189,0.5185185185185186,0.7142857142857143,0.7142857142857143
guitarset/02_Funk2-108-Eb_comp_mix/track.npy,guitarset,0,1.0,1.0,1.0,1.0,1.0,1.0
guitarset/02_Funk2-119-G_comp_mix/track.npy,guitarset,0,1.0,1.0,1.0,1.0,1.0,1.0
guitarset/02_Rock1-130-A_comp_mix/track.npy,guitarset,0,1.0,1.0,1.0,1.0,1.0,1.0
guitarset/03_BN2-166-Ab_comp_mix/track.npy,guitarset,0,0.6578947368421052,0.0,0.9615384615384616,0.9600000000000001,0.9230769230769231,0.9230769230769231
guitarset/03_Funk1-114-Ab_comp_mix/track.npy,guitarset,0,0.9870129870129869,0.9743589743589743,0.9743589743589743,0.9473684210526316,0.9,0.9
guitarset/03_Funk1-97-C_comp_mix/track.npy,guitarset,0,0.9873417721518987,0.975,0.975,0.9473684210526316,0.9,0.9
guitarset/03_Rock3-148-C_comp_mix/track.npy,guitarset,0,0.9902912621359222,0.9807692307692307,0.9807692307692307,0.9600000000000001,0.9230769230769231,0.9230769230769231
guitarset/03_SS3-84-Bb_comp_mix/track.npy,guitarset,0,0.9824561403508771,0.9824561403508771,0.9824561403508771,0.9655172413793104,0.9333333333333333,0.9333333333333333
guitarset/04_BN1-129-Eb_comp_mix/track.npy,guitarset,0,0.9866666666666666,0.9736842105263158,0.9736842105263158,0.9473684210526316,0.9,0.9
guitarset/04_BN3-154-E_comp_mix/track.npy,guitarset,0,0.9902912621359222,0.9807692307692307,0.9807692307692307,0.9600000000000001,0.9230769230769231,0.9230769230769231
guitarset/04_Rock3-117-Bb_comp_mix/track.npy,guitarset,0,1.0,1.0,1.0,1.0,1.0,1.0
guitarset/04_Rock3-148-C_comp_mix/track.npy,guitarset,0,0.9902912621359222,0.9807692307692307,0.9807692307692307,0.9600000000000001,0.9230769230769231,0.9230769230769231
guitarset/04_SS1-68-E_comp_mix/track.npy,guitarset,0,0.6792452830188678,0.109375,0.6024096385542169,0.7200000000000001,0.2,0.47368421052631576
guitarset/05_BN2-166-Ab_comp_mix/track.npy,guitarset,0,1.0,1.0,1.0,1.0,1.0,1.0
guitarset/05_Funk2-119-G_comp_mix/track.npy,guitarset,0,0.9074074074074074,0.9074074074074074,0.9074074074074074,0.9230769230769231,1.0,1.0
hainsworth/hainsworth_018/track.npy,hainsworth,0,1.0,1.0,1.0,1.0,1.0,1.0
hainsworth/hainsworth_021/track.npy,hainsworth,0,1.0,1.0,1.0,1.0,1.0,1.0
hainsworth/hainsworth_037/track.npy,hainsworth,0,1.0,1.0,1.0,1.0,1.0,1.0
hainsworth/hainsworth_040/track.npy,hainsworth,0,1.0,1.0,1.0,1.0,1.0,1.0
hainsworth/hainsworth_049/track.npy,hainsworth,0,1.0,1.0,1.0,1.0,1.0,1.0
hainsworth/hainsworth_052/track.npy,hainsworth,0,1.0,1.0,1.0,1.0,1.0,1.0
hainsworth/hainsworth_061/track.npy,hainsworth,0,0.9130434782608695,0.9021739130434783,0.9021739130434783,0.9130434782608695,1.0,1.0
hainsworth/hainsworth_063/track.npy,hainsworth,0,1.0,1.0,1.0,0.9870129870129869,0.9743589743589743,0.9743589743589743
hainsworth/hainsworth_064/track.npy,hainsworth,0,1.0,1.0,1.0,1.0,1.0,1.0
hainsworth/hainsworth_076/track.npy,hainsworth,0,1.0,1.0,1.0,0.0,0.0,0.3888888888888889
hainsworth/hainsworth_096/track.npy,hainsworth,0,1.0,1.0,1.0,1.0,1.0,1.0
hainsworth/hainsworth_100/track.npy,hainsworth,0,1.0,1.0,1.0,1.0,1.0,1.0
hainsworth/hainsworth_106/track.npy,hainsworth,0,1.0,1.0,1.0,1.0,1.0,1.0
hainsworth/hainsworth_107/track.npy,hainsworth,0,0.8266666666666667,0.7652173913043478,0.7652173913043478,0.5301204819277109,0.0,0.9272727272727272
hainsworth/hainsworth_121/track.npy,hainsworth,0,0.9571428571428572,1.0,1.0,0.6792452830188679,0.0,1.0
hainsworth/hainsworth_122/track.npy,hainsworth,0,0.5420560747663552,0.8148148148148148,0.8148148148148148,0.43478260869565216,0.030303030303030304,0.12121212121212122
hainsworth/hainsworth_138/track.npy,hainsworth,0,0.8813559322033898,0.6484375,0.6484375,0.7333333333333333,0.5151515151515151,0.5151515151515151
hainsworth/hainsworth_143/track.npy,hainsworth,0,1.0,1.0,1.0,1.0,1.0,1.0
hainsworth/hainsworth_158/track.npy,hainsworth,0,1.0,1.0,1.0,0.0,0.0,0.9583333333333334
hainsworth/hainsworth_167/track.npy,hainsworth,0,1.0,1.0,1.0,1.0,1.0,1.0
hainsworth/hainsworth_179/track.npy,hainsworth,0,1.0,1.0,1.0,1.0,1.0,1.0
hainsworth/hainsworth_183/track.npy,hainsworth,0,1.0,1.0,1.0,1.0,1.0,1.0
hainsworth/hainsworth_187/track.npy,hainsworth,0,1.0,1.0,1.0,1.0,1.0,1.0
hainsworth/hainsworth_196/track.npy,hainsworth,0,1.0,1.0,1.0,0.4931506849315069,0.0,0.0
hainsworth/hainsworth_206/track.npy,hainsworth,0,0.6936416184971099,0.11711711711711711,0.7419354838709677,0.7796610169491526,0.6451612903225806,0.6451612903225806
hainsworth/hainsworth_223/track.npy,hainsworth,0,1.0,1.0,1.0,1.0,1.0,1.0
hainsworth/hainsworth_236/track.npy,hainsworth,0,1.0,1.0,1.0,0.0,0.0,1.0
hainsworth/hainsworth_240/track.npy,hainsworth,0,0.972972972972973,0.9819819819819819,0.9819819819819819,0.44117647058823534,0.35,0.35
harmonix/0030_bodymovin/track.npy,harmonix,0,1.0,1.0,1.0,1.0,1.0,1.0
harmonix/0040_bustamove/track.npy,harmonix,0,0.9990108803165183,0.9980237154150198,0.9980237154150198,1.0,1.0,1.0
harmonix/0049_closer/track.npy,harmonix,0,1.0,1.0,1.0,1.0,1.0,1.0
harmonix/0055_constantmotion/track.npy,harmonix,0,0.8427906976744187,0.5251028806584362,0.5251028806584362,0.8015267175572519,0.494949494949495,0.494949494949495
harmonix/0073_disturbia/track.npy,harmonix,0,0.9968387776606955,0.9936974789915967,0.9936974789915967,0.9957805907172996,0.9915966386554622,0.9915966386554622
harmonix/0077_dontsweat/track.npy,harmonix,0,1.0,1.0,1.0,1.0,1.0,1.0
harmonix/0080_down/track.npy,harmonix,0,1.0,1.0,1.0,1.0,1.0,1.0
harmonix/0081_downonme/track.npy,harmonix,0,1.0,1.0,1.0,1.0,1.0,1.0
harmonix/0084_dropitlikeitshot/track.npy,harmonix,0,0.9978768577494692,0.9957627118644068,0.9957627118644068,1.0,1.0,1.0
harmonix/0086_escapade/track.npy,harmonix,0,0.9990662931839402,0.9981343283582089,0.9981343283582089,1.0,1.0,1.0
harmonix/0091_fellonblackdays/track.npy,harmonix,0,0.9642857142857142,0.9558498896247241,0.9558498896247241,0.6054054054054054,0.37755102040816324,0.37755102040816324
harmonix/0102_gangstaluv/track.npy,harmonix,0,1.0,1.0,1.0,0.7413793103448276,0.373134328358209,0.373134328358209
harmonix/0126_heymami/track.npy,harmonix,0,0.9988597491448118,0.9977220956719818,0.9977220956719818,1.0,1.0,1.0
harmonix/0129_hotinherre/track.npy,harmonix,0,0.9802371541501976,0.9841897233201581,0.9841897233201581,0.984375,1.0,1.0
harmonix/0158_letitrock/track.npy,harmonix,0,1.0,1.0,1.0,1.0,1.0,1.0
harmonix/0159_letthemusicplay/track.npy,harmonix,0,1.0,1.0,1.0,1.0,1.0,1.0
harmonix/0161_limelight/track.npy,harmonix,0,0.9814126394052045,0.9761029411764706,0.9761029411764706,0.7138263665594856,0.5089820359281437,0.5089820359281437
harmonix/0164_low/track.npy,harmonix,0,0.9984962406015038,0.996996996996997,0.996996996996997,0.9940119760479043,0.9880952380952381,0.9880952380952381
harmonix/0191_newslang/track.npy,harmonix,0,0.9947643979057591,0.9895833333333334,0.9895833333333334,0.7659574468085107,0.46710526315789475,0.46710526315789475
harmonix/0207_oopsohmy/track.npy,harmonix,0,0.4721407624633431,0.0,0.26171875,0.4,0.0,0.6956521739130435
harmonix/0240_sandstorm/track.npy,harmonix,0,1.0,1.0,1.0,0.7571428571428571,0.7428571428571429,0.7428571428571429
harmonix/0250_sexyandiknowit/track.npy,harmonix,0,1.0,1.0,1.0,0.7484662576687118,0.7439024390243902,0.7439024390243902
harmonix/0254_sixsixsix/track.npy,harmonix,0,0.9264931087289434,0.8794642857142857,0.8794642857142857,0.664576802507837,0.5766871165644172,0.5766871165644172
harmonix/0258_sorry/track.npy,harmonix,0,0.9756662804171494,0.9644902634593356,0.9644902634593356,0.6697038724373576,0.048109965635738834,0.9054054054054054
harmonix/0261_starships/track.npy,harmonix,0,1.0,1.0,1.0,1.0,1.0,1.0
harmonix/0265_straightlines/track.npy,harmonix,0,0.9990243902439024,0.9980506822612085,0.9980506822612085,0.8014440433212998,0.5419354838709678,0.5419354838709678
harmonix/0274_temperature/track.npy,harmonix,0,1.0,1.0,1.0,0.8356164383561644,0.7105263157894737,0.7105263157894737
harmonix/0283_thehumptydance/track.npy,harmonix,0,1.0,1.0,1.0,1.0,1.0,1.0
harmonix/0287_therewasatime/track.npy,harmonix,0,0.9822184589331076,0.9763912310286678,0.9763912310286678,0.9831649831649831,0.9932885906040269,0.9932885906040269
harmonix/0303_wakeupdead/track.npy,harmonix,0,0.8582159624413145,0.8311444652908068,0.8311444652908068,0.6239067055393587,0.215311004784689,0.44569288389513106
harmonix/0315_whygo/track.npy,harmonix,0,0.9808743169398907,0.9726775956284153,0.9726775956284153,0.9836065573770493,0.9891304347826086,0.9891304347826086
harmonix/0341_baggageclaim/track.npy,harmonix,0,0.9980582524271845,0.9961240310077519,0.9961240310077519,0.9922480620155039,0.9846153846153847,0.9846153846153847
harmonix/0343_banjo/track.npy,harmonix,0,0.9986320109439125,0.9972677595628415,0.9972677595628415,1.0,1.0,1.0
harmonix/0347_bitch/track.npy,harmonix,0,0.9845758354755785,0.9696202531645569,0.9696202531645569,0.9743589743589745,0.9494949494949495,0.9494949494949495
harmonix/0356_californiagurls/track.npy,harmonix,0,0.9989373007438895,0.9978768577494692,0.9978768577494692,1.0,1.0,1.0
harmonix/0357_cheers/track.npy,harmonix,0,0.998389694041868,0.9967845659163987,0.9967845659163987,1.0,1.0,1.0
harmonix/0362_crazygirl/track.npy,harmonix,0,0.9333333333333332,0.8593406593406593,0.8593406593406593,0.9934640522875817,0.974025974025974,0.974025974025974
harmonix/0365_dirtroadanthem/track.npy,harmonix,0,0.8937007874015748,0.6156583629893239,0.6156583629893239,0.657142857142857,0.37349397590361444,0.37349397590361444
harmonix/0374_drunkonyou/track.npy,harmonix,0,0.9579831932773109,0.9193548387096774,0.9193548387096774,0.9579831932773109,0.9193548387096774,0.9193548387096774
harmonix/0379_et/track.npy,harmonix,0,0.7828492392807747,0.28863636363636364,0.552212389380531,0.6836734693877551,0.088,0.7730496453900709
harmonix/0383_feelsoclose/track.npy,harmonix,0,0.9964328180737217,0.9928909952606635,0.9928909952606635,1.0,1.0,1.0
harmonix/0389_gettinoveryou/track.npy,harmonix,0,0.9987063389391979,0.9974160206718347,0.9974160206718347,1.0,1.0,1.0
harmonix/0406_honeybee/track.npy,harmonix,0,1.0,1.0,1.0,1.0,1.0,1.0
harmonix/0412_ifitmakesyouhappy/track.npy,harmonix,0,0.9927884615384616,0.9856801909307876,0.9856801909307876,0.9952153110047847,0.9904761904761905,0.9904761904761905
harmonix/0413_ifyoucouldonlysee/track.npy,harmonix,0,0.9936948297604036,0.9874686716791979,0.9874686716791979,0.9849246231155778,0.9603960396039604,0.9603960396039604
harmonix/0418_inthedark/track.npy,harmonix,0,1.0,1.0,1.0,0.9217391304347826,0.9217391304347826,0.9217391304347826
harmonix/0421_ittakestwo/track.npy,harmonix,0,0.994750656167979,0.9895561357702349,0.9895561357702349,0.9947089947089947,0.9894736842105263,0.9894736842105263
harmonix/0426_justcantgetenough/track.npy,harmonix,0,0.9890109890109889,0.9835616438356164,0.9835616438356164,0.9836065573770493,0.9891304347826086,0.9891304347826086
harmonix/0433_lighters/track.npy,harmonix,0,0.997716894977169,0.9954441913439636,0.9954441913439636,1.0,1.0,1.0
harmonix/0462_oldalabama/track.npy,harmonix,0,0.910460251046025,0.7971014492753623,0.7971014492753623,0.9278350515463918,0.8918918918918919,0.8918918918918919
harmonix/0468_openarms/track.npy,harmonix,0,0.9967948717948718,0.9936102236421726,0.9936102236421726,1.0,1.0,1.0
harmonix/0471_paradise/track.npy,harmonix,0,0.6630434782608695,0.0,1.0,0.7112970711297071,0.1038961038961039,0.8117647058823529
harmonix/0483_ridinsolo/track.npy,harmonix,0,1.0,1.0,1.0,1.0,1.0,1.0
harmonix/0490_showme/track.npy,harmonix,0,0.9989165763813651,0.9978354978354979,0.9978354978354979,0.9956709956709957,0.9913793103448276,0.9913793103448276
harmonix/0507_teenagedream/track.npy,harmonix,0,0.9930875576036866,0.9862700228832952,0.9862700228832952,0.9953917050691244,0.9908256880733946,0.9908256880733946
harmonix/0508_tennesseeme/track.npy,harmonix,0,0.9730769230769231,0.9961538461538462,0.9961538461538462,0.7297297297297298,0.42168674698795183,0.42168674698795183
harmonix/0518_timeaftertime/track.npy,harmonix,0,0.9680082559339525,0.8987854251012146,0.8987854251012146,0.9880478087649402,0.9763779527559056,0.9763779527559056
harmonix/0532_whistle/track.npy,harmonix,0,0.99867197875166,0.9973474801061007,0.9973474801061007,0.9740932642487047,0.898989898989899,0.898989898989899
harmonix/0536_workout/track.npy,harmonix,0,1.0,1.0,1.0,1.0,1.0,1.0
harmonix/0548_2getherextended/track.npy,harmonix,0,0.9987293519695045,0.9974619289340102,0.9974619289340102,0.9380952380952381,0.7668161434977578,0.7668161434977578
harmonix/0551_accordingtoyou/track.npy,harmonix,0,0.981640146878825,0.980440097799511,0.980440097799511,0.9803921568627451,0.9901960784313726,0.9901960784313726
harmonix/0552_addicted/track.npy,harmonix,0,0.6657303370786517,0.0,1.0,0.6666666666666666,0.0,1.0
harmonix/0558_allnightlong/track.npy,harmonix,0,0.9988597491448118,0.9977220956719818,0.9977220956719818,1.0,1.0,1.0
harmonix/0573_babyludacris/track.npy,harmonix,0,0.9977220956719818,0.9954545454545455,0.9954545454545455,1.0,1.0,1.0
harmonix/0582_beautifulday/track.npy,harmonix,0,0.9770554493307839,0.9770992366412213,0.9770992366412213,0.9770992366412213,1.0,1.0
harmonix/0587_bedrock/track.npy,harmonix,0,0.9971346704871061,0.9914285714285714,0.9914285714285714,0.945054945054945,0.8210526315789474,0.8210526315789474
harmonix/0591_biggirlsdontcry/track.npy,harmonix,0,0.9978401727861771,0.9956803455723542,0.9956803455723542,0.991304347826087,0.9826086956521739,0.9826086956521739
harmonix/0594_bleedinglove/track.npy,harmonix,0,0.9835651074589128,0.9848484848484849,0.9848484848484849,0.9847715736040609,0.98989898989899,0.98989898989899
harmonix/0598_boomboompow/track.npy,harmonix,0,0.997624703087886,0.995260663507109,0.995260663507109,1.0,1.0,1.0
harmonix/0600_breakeven/track.npy,harmonix,0,0.989821882951654,0.9798488664987406,0.9798488664987406,0.98989898989899,0.98,0.98
harmonix/0610_castle/track.npy,harmonix,0,0.975609756097561,0.969758064516129,0.969758064516129,0.975609756097561,0.9838709677419355,0.9838709677419355
harmonix/0615_circus/track.npy,harmonix,0,0.9970588235294118,0.9941348973607038,0.9941348973607038,1.0,1.0,1.0
harmonix/0627_cowboyboots/track.npy,harmonix,0,0.8844984802431611,0.6768802228412256,0.6768802228412256,0.7757575757575759,0.6222222222222222,0.6222222222222222
harmonix/0628_crankthatsouljaboy/track.npy,harmonix,0,0.665785997357992,0.0,0.996039603960396,0.6666666666666666,0.0,0.9920634920634921
harmonix/0633_dancingmachine/track.npy,harmonix,0,0.9821182943603851,0.9726027397260274,0.9726027397260274,0.9777777777777777,1.0,1.0
harmonix/0634_dangerous/track.npy,harmonix,0,0.9942857142857142,0.9886363636363636,0.9886363636363636,0.995433789954338,0.990909090909091,0.990909090909091
harmonix/0638_deadandgone/track.npy,harmonix,0,0.8732394366197183,0.6261980830670927,0.6261980830670927,0.8732394366197183,0.6410256410256411,0.6410256410256411
harmonix/0648_donttrustme/track.npy,harmonix,0,1.0,1.0,1.0,1.0,1.0,1.0
harmonix/0657_enursbonfire/track.npy,harmonix,0,0.9971910112359551,0.9943977591036415,0.9943977591036415,1.0,1.0,1.0
harmonix/0660_everymorning/track.npy,harmonix,0,0.9958643507030605,0.9884297520661157,0.9884297520661157,0.9773462783171522,0.9177215189873418,0.9177215189873418
harmonix/0664_eyesextendedmix/track.npy,harmonix,0,1.0,1.0,1.0,0.9691211401425179,0.8755760368663594,0.8755760368663594
harmonix/0683_foreverextendedmix/track.npy,harmonix,0,1.0,1.0,1.0,1.0,1.0,1.0
harmonix/0692_giveyourheartabreakdos/track.npy,harmonix,0,1.0,1.0,1.0,1.0,1.0,1.0
harmonix/0693_gold/track.npy,harmonix,0,0.9970501474926253,0.9941176470588236,0.9941176470588236,0.9883720930232558,0.9425287356321839,0.9425287356321839
harmonix/0699_gotmoney/track.npy,harmonix,0,0.9891135303265941,0.9784615384615385,0.9784615384615385,0.5777777777777777,0.0,0.8113207547169812
harmonix/0701_gottabeyou/track.npy,harmonix,0,0.8244274809160306,0.6857142857142857,0.6857142857142857,0.7294117647058823,0.6382978723404256,0.6382978723404256
harmonix/0726_hotplay/track.npy,harmonix,0,0.9940239043824701,1.0,1.0,0.8571428571428571,0.8650793650793651,0.8650793650793651
harmonix/0732_idontwannabeinlove/track.npy,harmonix,0,0.9967069154774972,0.9934354485776805,0.9934354485776805,1.0,1.0,1.0
harmonix/0745_immabewolf/track.npy,harmonix,0,0.9977392614920875,0.9954887218045113,0.9954887218045113,1.0,1.0,1.0
harmonix/0750_ineedyourlove/track.npy,harmonix,0,1.0,1.0,1.0,1.0,1.0,1.0
harmonix/0765_jimmyiovine/track.npy,harmonix,0,0.7746288798920378,0.2737306843267108,0.5582608695652174,0.7329842931937173,0.18487394957983194,0.6433566433566433
harmonix/0767_justfine/track.npy,harmonix,0,0.9989550679205852,0.9979123173277662,0.9979123173277662,0.99581589958159,0.9916666666666667,0.9916666666666667
harmonix/0774_knockyoudown/track.npy,harmonix,0,0.8930150309460654,0.6070287539936102,0.6070287539936102,0.9246575342465754,0.7243589743589743,0.7243589743589743
harmonix/0778_letitrock/track.npy,harmonix,0,0.9952606635071091,0.9905660377358491,0.9905660377358491,0.9952606635071091,0.9905660377358491,0.9905660377358491
harmonix/0786_livelikeweredying/track.npy,harmonix,0,0.9838709677419354,0.9682539682539683,0.9682539682539683,0.9871794871794872,0.9746835443037974,0.9746835443037974
harmonix/0789_livingroom/track.npy,harmonix,0,0.93,0.9266666666666666,0.9266666666666666,0.9333333333333333,1.0,1.0
harmonix/0792_lovedrunk/track.npy,harmonix,0,0.9921722113502935,0.9921722113502935,0.9921722113502935,0.9921875,0.9921875,0.9921875
harmonix/0821_myfeelingsforyou/track.npy,harmonix,0,0.9984615384615385,1.0,1.0,0.9418604651162791,0.7900552486187845,0.7900552486187845
harmonix/0828_neoncathedral/track.npy,harmonix,0,0.9971830985915493,0.9943820224719101,0.9943820224719101,1.0,1.0,1.0
harmonix/0829_nevertoolate/track.npy,harmonix,0,0.6693440428380187,0.012096774193548387,0.9721115537848606,0.6772486772486772,0.056451612903225805,0.8923076923076924
harmonix/0832_noone/track.npy,harmonix,0,1.0,1.0,1.0,1.0,1.0,1.0
harmonix/0836_notmyselftonight/track.npy,harmonix,0,1.0,1.0,1.0,1.0,1.0,1.0
harmonix/0838_nowimallmessedup/track.npy,harmonix,0,0.9950413223140495,0.9901315789473685,0.9901315789473685,0.832214765100671,0.7051282051282052,0.7051282051282052
harmonix/0862_pleasedontleaveme/track.npy,harmonix,0,0.9980302035456337,0.9960629921259843,0.9960629921259843,0.7162162162162162,0.37549407114624506,0.37549407114624506
harmonix/0863_pleasedontleavemedigi/track.npy,harmonix,0,0.9960474308300395,0.9921259842519685,0.9921259842519685,0.9960474308300395,0.9921259842519685,0.9921259842519685
harmonix/0869_raiseyourweapon/track.npy,harmonix,0,0.7562929061784895,0.3717948717948718,0.3746594005449591,0.8253275109170306,0.6023622047244095,0.6023622047244095
harmonix/0919_stereolove/track.npy,harmonix,0,0.9852216748768473,0.9708171206225681,0.9708171206225681,0.9881422924901185,0.9765625,0.9765625
harmonix/0928_takeabow/track.npy,harmonix,0,0.8185952501263264,0.5978062157221207,0.5978062157221207,0.7629310344827587,0.7396694214876033,0.7396694214876033
harmonix/0934_teenagedreamkaskade/track.npy,harmonix,0,1.0,1.0,1.0,1.0,1.0,1.0
harmonix/0971_whatayawantfromme/track.npy,harmonix,0,0.9985007496251874,0.9970059880239521,0.9970059880239521,1.0,1.0,1.0
harmonix/0975_whathappensinvegas/track.npy,harmonix,0,0.9985401459854015,0.9970845481049563,0.9970845481049563,1.0,1.0,1.0
harmonix/0988_withyoukovas/track.npy,harmonix,0,0.9992395437262357,0.9984802431610942,0.9984802431610942,0.9969604863221885,0.9939393939393939,0.9939393939393939
harmonix/0993_youandidanny/track.npy,harmonix,0,0.9959514170040485,0.992936427850656,0.992936427850656,0.9959514170040485,0.9919354838709677,0.9919354838709677
harmonix/0995_youfoundme/track.npy,harmonix,0,0.8895899053627759,0.6022727272727273,0.6022727272727273,0.8860759493670886,0.5909090909090909,0.5909090909090909
hjdb/hjdb_6_Million_Ways_To_Die_(DJ_Hype_Remix)/track.npy,hjdb,0,1.0,1.0,1.0,1.0,1.0,1.0
hjdb/hjdb_A_Musical_Box/track.npy,hjdb,0,1.0,1.0,1.0,1.0,1.0,1.0
hjdb/hjdb_Aftershock/track.npy,hjdb,0,1.0,1.0,1.0,1.0,1.0,1.0
hjdb/hjdb_Beyond_Bass/track.npy,hjdb,0,1.0,1.0,1.0,1.0,1.0,1.0
hjdb/hjdb_Cookin_Up_Yah_Brain/track.npy,hjdb,0,0.9956709956709957,0.9913793103448276,0.9913793103448276,1.0,1.0,1.0
hjdb/hjdb_Crackman_The_Return_(DJ_Ron_Remix)/track.npy,hjdb,0,1.0,1.0,1.0,1.0,1.0,1.0
hjdb/hjdb_Damage/track.npy,hjdb,0,1.0,1.0,1.0,1.0,1.0,1.0
hjdb/hjdb_Dark_Angel/track.npy,hjdb,0,1.0,1.0,1.0,1.0,1.0,1.0
hjdb/hjdb_Enticer/track.npy,hjdb,0,1.0,1.0,1.0,1.0,1.0,1.0
hjdb/hjdb_Feel_(Feel_Good)/track.npy,hjdb,0,1.0,1.0,1.0,1.0,1.0,1.0
hjdb/hjdb_Ghetto_People_(Remix)/track.npy,hjdb,0,1.0,1.0,1.0,1.0,1.0,1.0
hjdb/hjdb_Ghetto_People/track.npy,hjdb,0,0.98989898989899,0.98,0.98,1.0,1.0,1.0
hjdb/hjdb_I_Wanna_Be_Your_Lover/track.npy,hjdb,0,0.7798742138364779,0.75,0.75,0.8000000000000002,1.0,1.0
hjdb/hjdb_Music/track.npy,hjdb,0,1.0,1.0,1.0,1.0,1.0,1.0
hjdb/hjdb_New_Direction/track.npy,hjdb,0,1.0,1.0,1.0,1.0,1.0,1.0
hjdb/hjdb_Nightmare_Walking/track.npy,hjdb,0,1.0,1.0,1.0,1.0,1.0,1.0
hjdb/hjdb_Open_Secrets/track.npy,hjdb,0,1.0,1.0,1.0,1.0,1.0,1.0
hjdb/hjdb_R_Yeah/track.npy,hjdb,0,1.0,1.0,1.0,1.0,1.0,1.0
hjdb/hjdb_Re-Baptised_By_Dub_(Selectors_Revenge)/track.npy,hjdb,0,1.0,1.0,1.0,1.0,1.0,1.0
hjdb/hjdb_Right_Before_My_Eyes/track.npy,hjdb,0,1.0,1.0,1.0,1.0,1.0,1.0
hjdb/hjdb_Special_Request/track.npy,hjdb,0,1.0,1.0,1.0,1.0,1.0,1.0
hjdb/hjdb_Sweet_Sensation_(12_Mix)/track.npy,hjdb,0,1.0,1.0,1.0,1.0,1.0,1.0
hjdb/hjdb_The_End_(Alternative_Version)/track.npy,hjdb,0,1.0,1.0,1.0,1.0,1.0,1.0
hjdb/hjdb_The_Helicopter_Tune/track.npy,hjdb,0,1.0,1.0,1.0,1.0,1.0,1.0
hjdb/hjdb_This_Way/track.npy,hjdb,0,0.27450980392156865,0.12962962962962962,0.5740740740740741,0.4,0.8461538461538461,0.8461538461538461
hjdb/hjdb_Time_Bomb_(Remix)/track.npy,hjdb,0,1.0,1.0,1.0,1.0,1.0,1.0
hjdb/hjdb_Time_Bomb/track.npy,hjdb,0,1.0,1.0,1.0,0.8,0.36666666666666664,0.46153846153846156
hjdb/hjdb_Touch_Somebody/track.npy,hjdb,0,1.0,1.0,1.0,1.0,1.0,1.0
hjdb/hjdb_Twisted/track.npy,hjdb,0,1.0,1.0,1.0,1.0,1.0,1.0
jaah/jaah_003-louis_armstrong_and_his_hot_seven-big_butter_and_egg_man_from_the_west/track.npy,jaah,0,0.999131190269331,0.9947916666666666,0.9947916666666666,1.0,1.0,1.0
jaah/jaah_023-dexter_gordon-dexter_rides_again/track.npy,jaah,0,1.0,1.0,1.0,1.0,1.0,1.0
jaah/jaah_025-django_reinhardt-dinah/track.npy,jaah,0,0.9885714285714287,0.9809885931558935,0.9809885931558935,0.9847328244274809,0.9847328244274809,0.9847328244274809
jaah/jaah_026-fats_waller_and_his_rhythm-dinah/track.npy,jaah,0,0.9962602842183995,0.9850746268656716,0.9850746268656716,0.9595375722543353,0.8603351955307262,0.8603351955307262
jaah/jaah_027-red_nichols_his_five_pennies-dinah/track.npy,jaah,0,1.0,1.0,1.0,1.0,1.0,1.0
jaah/jaah_043-eddie_lang_lonnie_johnson-a_handful_of_riffs/track.npy,jaah,0,1.0,1.0,1.0,1.0,1.0,1.0
jaah/jaah_047-meade_lux_lewis-honky_tonk_train_blues/track.npy,jaah,0,0.9895833333333334,0.9875,0.9875,0.9328063241106719,0.7835820895522388,0.7835820895522388
jaah/jaah_055-bunks_brass_band-in_gloryland/track.npy,jaah,0,0.9965753424657535,0.9880546075085325,0.9880546075085325,0.993103448275862,0.9726027397260274,0.9726027397260274
jaah/jaah_057-duke_ellington_and_his_orchestra-isfahan/track.npy,jaah,0,0.9145299145299146,0.9364406779661016,0.9364406779661016,0.7142857142857142,0.38271604938271603,0.38271604938271603
jaah/jaah_069-quintette_du_hot_club_de_france-minor_swing/track.npy,jaah,0,0.9960095770151636,0.9936305732484076,0.9936305732484076,0.9968051118210862,0.9936305732484076,0.9936305732484076
jaah/jaah_078-count_basie_and_his_orchestra-one_oclock_jump/track.npy,jaah,0,0.9989949748743718,0.9979919678714859,0.9979919678714859,1.0,1.0,1.0
jaah/jaah_087-frankie_trumbauer_and_his_orchestra-singin_the_blues_til_my_daddy_comes_home/track.npy,jaah,0,0.75,0.8221649484536082,0.8221649484536082,0.7422680412371134,1.0,1.0
jaah/jaah_091-louis_armstrong_and_his_hot_five-struttin_with_some_barbecue/track.npy,jaah,0,0.9537037037037037,0.8345195729537367,0.8345195729537367,0.7011070110701108,0.6737588652482269,0.6737588652482269
jaah/jaah_098-coleman_hawkins_quartet-the_man_i_love/track.npy,jaah,0,1.0,0.9951923076923077,0.9951923076923077,1.0,1.0,1.0
jaah/jaah_105-louis_armstrong_earl_hines-weather_bird/track.npy,jaah,0,0.9704480457578647,0.8919925512104283,0.8919925512104283,0.9655172413793104,0.9548872180451128,0.9548872180451128
rwc/rwc_classical_CD1_01/track.npy,rwc_classical,0,0.6964393482196741,0.14955577492596248,0.14955577492596248,0.7216748768472906,0.2731182795698925,0.3953823953823954
rwc/rwc_classical_CD1_02/track.npy,rwc_classical,0,0.6486941870261163,0.008877615726062143,0.9146800501882058,0.8380462724935733,0.8050632911392405,0.8050632911392405
rwc/rwc_classical_CD3_03/track.npy,rwc_classical,0,0.8187850944359366,0.5185873605947955,0.5185873605947955,0.6957470010905125,0.3159851301115242,0.3641160949868074
rwc/rwc_classical_CD3_07/track.npy,rwc_classical,0,0.5833333333333334,0.12758073054526203,0.12758073054526203,0.6403242147922998,0.14308426073131955,0.5865921787709497
rwc/rwc_classical_CD4_02/track.npy,rwc_classical,0,0.6860541969596828,0.19764957264957264,0.5836947094535994,0.6476510067114094,0.5645161290322581,0.5645161290322581
rwc/rwc_classical_CD5_09/track.npy,rwc_classical,0,0.45518453427065025,0.0048134777376654635,0.01201923076923077,0.7887323943661971,0.8013698630136986,0.8013698630136986
rwc/rwc_classical_CD5_11/track.npy,rwc_classical,0,0.9893617021276594,0.9894179894179894,0.9894179894179894,1.0,1.0,1.0
rwc/rwc_classical_CD6_10/track.npy,rwc_classical,0,0.750642673521851,0.28270042194092826,0.5181518151815182,0.6956521739130435,0.3448275862068966,0.3448275862068966
rwc/rwc_jazz_CD1_03/track.npy,rwc_jazz,0,0.46218487394957986,0.46473029045643155,0.46473029045643155,0.41964285714285715,0.717948717948718,0.717948717948718
rwc/rwc_jazz_CD1_06/track.npy,rwc_jazz,0,0.9174757281553398,0.9,0.9,0.9246231155778896,0.9504950495049505,0.9504950495049505
rwc/rwc_jazz_CD1_13/track.npy,rwc_jazz,0,0.756838905775076,0.8115501519756839,0.8115501519756839,0.7378048780487805,0.9817073170731707,0.9817073170731707
rwc/rwc_jazz_CD4_04/track.npy,rwc_jazz,0,0.9986577181208054,0.9973190348525469,0.9973190348525469,1.0,1.0,1.0
rwc/rwc_jazz_CD4_05/track.npy,rwc_jazz,0,0.7878787878787878,0.46904024767801855,0.46904024767801855,0.8686440677966103,0.8277310924369747,0.8277310924369747
rwc/rwc_jazz_CD4_06/track.npy,rwc_jazz,0,0.759170653907496,0.753577106518283,0.753577106518283,0.7383627608346709,0.7428571428571429,0.7428571428571429
rwc/rwc_popular_CD2_15/track.npy,rwc_popular,0,0.9632495164410058,0.9690522243713733,0.9690522243713733,0.9844961240310077,1.0,1.0
rwc/rwc_popular_CD3_04/track.npy,rwc_popular,0,0.8695652173913043,0.8594436310395315,0.8594436310395315,0.8705882352941177,0.9883040935672515,0.9883040935672515
rwc/rwc_popular_CD3_14/track.npy,rwc_popular,0,0.9990375360923965,0.9980769230769231,0.9980769230769231,1.0,1.0,1.0
rwc/rwc_popular_CD4_05/track.npy,rwc_popular,0,0.9966996699669967,0.9956043956043956,0.9956043956043956,0.9912280701754386,1.0,1.0
rwc/rwc_popular_CD4_09/track.npy,rwc_popular,0,0.9543147208121828,0.9695945945945946,0.9695945945945946,0.9271523178807948,0.922077922077922,0.922077922077922
rwc/rwc_popular_CD4_16/track.npy,rwc_popular,0,0.9978401727861772,0.9956896551724138,0.9956896551724138,1.0,1.0,1.0
rwc/rwc_popular_CD5_06/track.npy,rwc_popular,0,0.9937106918238994,0.9899497487437185,0.9899497487437185,0.98989898989899,1.0,1.0
rwc/rwc_popular_CD5_12/track.npy,rwc_popular,0,0.9899799599198397,0.9760956175298805,0.9760956175298805,0.976,0.9365079365079365,0.9365079365079365
rwc/rwc_popular_CD5_16/track.npy,rwc_popular,0,0.9927536231884058,0.9856115107913669,0.9856115107913669,0.9928057553956835,0.9857142857142858,0.9857142857142858
rwc/rwc_popular_CD6_01/track.npy,rwc_popular,0,1.0,1.0,1.0,1.0,1.0,1.0
rwc/rwc_popular_CD7_03/track.npy,rwc_popular,0,0.9972677595628415,0.9945504087193461,0.9945504087193461,1.0,1.0,1.0
rwc/rwc_popular_CD7_06/track.npy,rwc_popular,0,0.9991503823279524,0.99830220713073,0.99830220713073,1.0,1.0,1.0
rwc/rwc_popular_CD7_09/track.npy,rwc_popular,0,0.9834254143646408,0.989010989010989,0.989010989010989,0.9281767955801106,0.9230769230769231,0.9230769230769231
rwc/rwc_royalty-free_CD1_04/track.npy,rwc_royalty-free,0,0.9708029197080292,0.9712230215827338,0.9712230215827338,0.9855072463768115,0.9714285714285714,0.9714285714285714
rwc/rwc_royalty-free_CD1_13/track.npy,rwc_royalty-free,0,0.9797570850202428,0.9603174603174603,0.9603174603174603,0.9879518072289156,0.9761904761904762,0.9761904761904762
simac/simac_A_vida_me_fez_assim_01-Acalanto/track.npy,simac,0,0.9565217391304348,0.9166666666666666,0.9166666666666666,nan,nan,nan
simac/simac_Albedo_0.39_01-Pulstar/track.npy,simac,0,0.7692307692307692,0.3225806451612903,0.42857142857142855,nan,nan,nan
simac/simac_Alfagamabetizado_06-Tour/track.npy,simac,0,0.9803921568627451,0.9615384615384616,0.9615384615384616,nan,nan,nan
simac/simac_Amber_04-Slip/track.npy,simac,0,0.0,0.0,0.0,nan,nan,nan
simac/simac_Amber_11-Teartear/track.npy,simac,0,0.6666666666666666,0.0,0.9736842105263158,nan,nan,nan
simac/simac_As_time_goes_by_disk_2_02-Ive_got_five_dollars/track.npy,simac,0,0.9333333333333333,0.9666666666666667,0.9666666666666667,nan,nan,nan
simac/simac_As_time_goes_by_disk_3_08-Have_you_et_Miss_Jones/track.npy,simac,0,0.7755102040816326,0.88,0.88,nan,nan,nan
simac/simac_BACH_WTC_06-Prelude_and_Fugue_No._3_in_C-sharp_major_BWV_872_-_2._Fuga/track.npy,simac,0,1.0,1.0,1.0,nan,nan,nan
simac/simac_Bach_Bach_-_Cello_suite_1_G_-_01_Prelude/track.npy,simac,0,0.8888888888888888,0.9629629629629629,0.9629629629629629,nan,nan,nan
simac/simac_Bach_The_Well-Tempered_Clavier_II_(Disc_1)_18-Prelude_and_Fugue_No._9_in_E_major_BWV_878_-_2._Fuga/track.npy,simac,0,0.6486486486486487,0.0,1.0,nan,nan,nan
simac/simac_Bach_The_Well-Tempered_Clavier_II_(Disc_2)_04-Prelude_and_Fugue_No._14_F-sharp_minor_BWV_883_-_2._Fuga/track.npy,simac,0,0.8936170212765957,0.6153846153846154,0.6153846153846154,nan,nan,nan
simac/simac_Bach_The_Well-Tempered_Clavier_II_(Disc_2)_13-Prelude_and_Fugue_No._19_A_major_BWV_888_-_1._Praeludium/track.npy,simac,0,1.0,1.0,1.0,nan,nan,nan
simac/simac_Bach_The_Well-Tempered_Clavier_II_(Disc_2)_16-Prelude_and_Fugue_No._20_A_minor_BWV_889_-_2._Fuga/track.npy,simac,0,1.0,1.0,1.0,nan,nan,nan
simac/simac_Bach_The_Well-Tempered_Clavier_II_(Disc_2)_20-Prelude_and_Fugue_No._22_B-flat_minor_BWV_891_-_2._Fuga/track.npy,simac,0,0.0,0.0,0.9583333333333334,nan,nan,nan
simac/simac_Bach_The_Well-Tempered_Clavier_II_(Disc_2)_23-Prelude_and_Fugue_No._24_B_minor_BWV_893_-_1._Praeludium/track.npy,simac,0,0.9565217391304348,1.0,1.0,nan,nan,nan
simac/simac_Beethoven_-_The_String_Quartets_#1_04-F_major_op._18_no._1_-_Allegro/track.npy,simac,0,0.6407766990291262,0.0,0.7681159420289855,nan,nan,nan
simac/simac_Beethoven_-_The_String_Quartets_#1_10-D_major_op._18_no._3_-_Andante_con_moto/track.npy,simac,0,0.7037037037037037,0.05714285714285714,0.8918918918918919,nan,nan,nan
simac/simac_Bela_Bartok_01-The_Miraculous_Mandarin_1.1_Allegro_1.2_Curtain/track.npy,simac,0,0.5652173913043478,0.4,0.4,nan,nan,nan
simac/simac_Billie_Holiday_CD1_09-Lets_call_a_heart_to_heart/track.npy,simac,0,0.96,1.0,1.0,nan,nan,nan
simac/simac_Billie_Holiday_CD1_14-Loverman/track.npy,simac,0,0.75,1.0,1.0,nan,nan,nan
simac/simac_Cafe_Zimmermann_04-Concerto_pour_deux_violons_&_cordes_en_r_mineur_BWV_1043_-_Largo_ma_non_tanto/track.npy,simac,0,0.9230769230769231,0.9615384615384616,0.9615384615384616,nan,nan,nan
simac/simac_Cafe_Zimmermann_07-Suite_en_ut_majeur_BWV_1066_-_Courante/track.npy,simac,0,0.9500000000000001,1.0,1.0,nan,nan,nan
simac/simac_Cafe_Zimmermann_10-Suite_en_ut_majeur_BWV_1066_-_Menuets_I_&_II/track.npy,simac,0,1.0,0.9743589743589743,0.9743589743589743,nan,nan,nan
simac/simac_Cafe_Zimmermann_13-Concerto_pour_hautbois_&_violon_en_ut_mineur_BWV_1060_-_Allegro/track.npy,simac,0,0.9803921568627451,0.9615384615384616,0.9615384615384616,nan,nan,nan
simac/simac_Chopin_Piano_Concerto_No._1_etc_01-I_Allegro_maestoso_risoluto/track.npy,simac,0,0.7647058823529413,0.5263157894736842,0.5263157894736842,nan,nan,nan
simac/simac_Clandestino_-_esperando_la_ultima_ola_02-Desaparecido/track.npy,simac,0,1.0,1.0,1.0,nan,nan,nan
simac/simac_Clandestino_-_esperando_la_ultima_ola_03-Bongo_bong/track.npy,simac,0,0.6666666666666666,0.0,0.9736842105263158,nan,nan,nan
simac/simac_Clandestino_-_esperando_la_ultima_ola_05-Mentira/track.npy,simac,0,0.6666666666666666,0.0,0.9736842105263158,nan,nan,nan
simac/simac_Classic_Vivaldi_-_Stabat_Mater_01/track.npy,simac,0,0.5555555555555556,0.0,0.9583333333333334,nan,nan,nan
simac/simac_Classic_Vivaldi_-_Stabat_Mater_09/track.npy,simac,0,0.489795918367347,0.0,0.0,nan,nan,nan
simac/simac_DGG_419_047-2_02-Toccata_u._Fuge_d-moll_BWV_565_-_II_Fuge/track.npy,simac,0,0.9500000000000001,1.0,1.0,nan,nan,nan
simac/simac_Eres_luz_07-En_una_canasta_(Rumba-Tango)/track.npy,simac,0,0.96,1.0,1.0,nan,nan,nan
simac/simac_Fado_05-AudioTrack_05/track.npy,simac,0,0.4109589041095891,0.0,0.5714285714285714,nan,nan,nan
simac/simac_Family_Tree_-_Greatest_Hits_As_Chosen_By_Bjork_07-Bachelorette/track.npy,simac,0,0.96,1.0,1.0,nan,nan,nan
simac/simac_Gold_-_Greatest_Hits_02-Knowing_Me_Knowing_You/track.npy,simac,0,1.0,1.0,1.0,nan,nan,nan
simac/simac_Gold_-_Greatest_Hits_10-S._O._S/track.npy,simac,0,1.0,1.0,1.0,nan,nan,nan
simac/simac_Gold_-_Greatest_Hits_15-Does_Your_Mother_Know/track.npy,simac,0,1.0,1.0,1.0,nan,nan,nan
simac/simac_Gold_-_Greatest_Hits_17-The_Name_Of_The_Game/track.npy,simac,0,0.6666666666666666,0.0,1.0,nan,nan,nan
simac/simac_Kocani_Orkester_Trubaci_-_Solo_tapan/track.npy,simac,0,0.7301587301587301,0.15,0.7333333333333333,nan,nan,nan
simac/simac_Niandra_LaDes_and_Usually_Just_a_T-Shirt_18-Usually_Just_a_T-Shirt_Untitled_6/track.npy,simac,0,0.9545454545454546,1.0,1.0,nan,nan,nan
simac/simac_Papakonstantinou_01-AudioTrack_01/track.npy,simac,0,0.5384615384615384,0.0,0.8571428571428571,nan,nan,nan
simac/simac_Papakonstantinou_06-AudioTrack_06/track.npy,simac,0,0.6666666666666666,0.06451612903225806,0.8484848484848485,nan,nan,nan
simac/simac_Papakonstantinou_18-AudioTrack_18/track.npy,simac,0,1.0,1.0,1.0,nan,nan,nan
simac/simac_Papakonstantinou_20-AudioTrack_20/track.npy,simac,0,1.0,1.0,1.0,nan,nan,nan
simac/simac_Primer_Aliento_09-Brigada_de_demolicion/track.npy,simac,0,0.6774193548387097,0.0,1.0,nan,nan,nan
simac/simac_Primer_Aliento_11-La_television_es_nutritiva/track.npy,simac,0,0.6567164179104478,0.0,0.9555555555555556,nan,nan,nan
simac/simac_R.A.F.I_08-Hypocrite/track.npy,simac,0,1.0,1.0,1.0,nan,nan,nan
simac/simac_Samba_na_Madrugada_08-Mascarada/track.npy,simac,0,0.6428571428571429,0.0,0.9210526315789473,nan,nan,nan
simac/simac_So_Cartola_01-Quem_me_Ve_Sorrindo_Sei_Chorar_Alegria/track.npy,simac,0,0.16326530612244897,0.12,0.20833333333333334,nan,nan,nan
simac/simac_So_Cartola_16-Sofreguidao/track.npy,simac,0,0.9565217391304348,0.9565217391304348,0.9565217391304348,nan,nan,nan
simac/simac_So_Cartola_17-A_Mesma_Historia/track.npy,simac,0,0.896551724137931,1.0,1.0,nan,nan,nan
simac/simac_So_Cartola_18-Peito_Vazio/track.npy,simac,0,0.0,0.0,0.9615384615384616,nan,nan,nan
simac/simac_Songs_Adalberto_(Adalberto_Alvarez_y_su_son)_-_Sobre_tu_piel/track.npy,simac,0,0.65625,0.0,0.9534883720930233,nan,nan,nan
simac/simac_Songs_Afrocuba_-_Cambio_de_Clima/track.npy,simac,0,0.0,0.07692307692307693,0.11538461538461539,nan,nan,nan
simac/simac_Tales_Of_Mystery_And_Imagination_05-_The_System_Of_Doctor_Tarr_And_Professor_Fether/track.npy,simac,0,1.0,1.0,1.0,nan,nan,nan
simac/simac_Tales_Of_Mystery_And_Imagination_11-To_One_In_Paradise/track.npy,simac,0,0.9500000000000001,1.0,1.0,nan,nan,nan
simac/simac_Xatzidakis_11-AudioTrack_11/track.npy,simac,0,1.0,1.0,1.0,nan,nan,nan
simac/simac_a_love_supreme_part_1_acknowledgement/track.npy,simac,0,0.7671232876712328,0.42857142857142855,0.42857142857142855,nan,nan,nan
simac/simac_aire_07-La_Alcoba_y_la_mosca/track.npy,simac,0,1.0,1.0,1.0,nan,nan,nan
simac/simac_blues_roots_es_flat_ahs_flat_too/track.npy,simac,0,0.6725663716814159,0.0,0.6933333333333334,nan,nan,nan
simac/simac_blues_roots_moanin/track.npy,simac,0,0.6585365853658536,0.0,0.9272727272727272,nan,nan,nan
simac/simac_greek_Gkoles_-_Atimi_tyxi/track.npy,simac,0,1.0,1.0,1.0,nan,nan,nan
simac/simac_more_greek_Gkoles_-_O_8ermastis/track.npy,simac,0,0.6666666666666666,0.0,0.9666666666666667,nan,nan,nan
simac/simac_more_greek_Gkoles_-_Xatzikyriakeio/track.npy,simac,0,0.6666666666666666,0.0,0.9259259259259259,nan,nan,nan
simac/simac_more_greek_Glykeria_-_To_agalma/track.npy,simac,0,0.6521739130434783,0.0,0.9354838709677419,nan,nan,nan
simac/simac_more_greek_Ksylouris_-_Afton_ton_kosmo_ton_kalo/track.npy,simac,0,0.6818181818181819,0.0,1.0,nan,nan,nan
simac/simac_more_greek_Marinella_-_Koita_me_sta_matia/track.npy,simac,0,0.6666666666666666,0.0,0.9642857142857143,nan,nan,nan
simac/simac_more_greek_Marinella_-_Prin_to_xarama/track.npy,simac,0,0.9142857142857143,0.7894736842105263,0.7894736842105263,nan,nan,nan
simac/simac_more_greek_Mitropanos_-_Brexei_sti_ftwxogeitonia/track.npy,simac,0,1.0,1.0,1.0,nan,nan,nan
simac/simac_more_greek_Mosxoliou_-_Koimisou_palikari/track.npy,simac,0,0.5714285714285714,0.0,0.9130434782608695,nan,nan,nan
simac/simac_more_greek_Mpi8ikwtsis_-_H_mpalanta_tou_Antrikou/track.npy,simac,0,0.9841269841269841,0.96875,0.96875,nan,nan,nan
simac/simac_more_greek_Mpi8ikwtsis_-_Sto_perigiali_to_kryfo/track.npy,simac,0,0.6511627906976745,0.0,0.9310344827586207,nan,nan,nan
simac/simac_more_greek_Mpi8ikwtsis_-_Xrysoprasino_fyllo/track.npy,simac,0,0.6341463414634146,0.0,1.0,nan,nan,nan
simac/simac_selected_ambient_works_8592_ageispolis/track.npy,simac,0,1.0,1.0,1.0,nan,nan,nan
simac/simac_selected_ambient_works_8592_xtal/track.npy,simac,0,1.0,1.0,1.0,nan,nan,nan
smc/smc_005/track.npy,smc,0,0.40816326530612246,0.7692307692307693,0.7692307692307693,nan,nan,nan
smc/smc_011/track.npy,smc,0,0.8301886792452831,0.6909090909090909,0.6909090909090909,nan,nan,nan
smc/smc_022/track.npy,smc,0,0.9610389610389611,0.9230769230769231,0.9230769230769231,nan,nan,nan
smc/smc_042/track.npy,smc,0,0.8333333333333334,0.6060606060606061,0.6060606060606061,nan,nan,nan
smc/smc_044/track.npy,smc,0,0.8,0.6511627906976745,0.6511627906976745,nan,nan,nan
smc/smc_054/track.npy,smc,0,0.9444444444444445,0.9459459459459459,0.9459459459459459,nan,nan,nan
smc/smc_055/track.npy,smc,0,0.6031746031746031,0.1282051282051282,0.625,nan,nan,nan
smc/smc_067/track.npy,smc,0,0.8712871287128714,0.9411764705882353,0.9411764705882353,nan,nan,nan
smc/smc_088/track.npy,smc,0,0.5,0.5526315789473685,0.5526315789473685,nan,nan,nan
smc/smc_099/track.npy,smc,0,0.5454545454545454,0.9090909090909091,0.9090909090909091,nan,nan,nan
smc/smc_103/track.npy,smc,0,0.43010752688172044,0.18518518518518517,0.18518518518518517,nan,nan,nan
smc/smc_135/track.npy,smc,0,0.8372093023255814,0.6304347826086957,0.6304347826086957,nan,nan,nan
smc/smc_150/track.npy,smc,0,0.9770992366412213,0.9402985074626866,0.9402985074626866,nan,nan,nan
smc/smc_168/track.npy,smc,0,0.3157894736842105,0.02631578947368421,0.6842105263157895,nan,nan,nan
smc/smc_171/track.npy,smc,0,0.5,0.0,0.8387096774193549,nan,nan,nan
smc/smc_179/track.npy,smc,0,0.5357142857142858,0.2,0.4634146341463415,nan,nan,nan
smc/smc_188/track.npy,smc,0,0.9642857142857143,1.0,1.0,nan,nan,nan
smc/smc_190/track.npy,smc,0,0.4819277108433735,0.1320754716981132,0.3898305084745763,nan,nan,nan
smc/smc_197/track.npy,smc,0,0.42857142857142855,1.0,1.0,nan,nan,nan
smc/smc_208/track.npy,smc,0,0.8387096774193549,1.0,1.0,nan,nan,nan
smc/smc_212/track.npy,smc,0,0.4782608695652174,0.5,0.5,nan,nan,nan
smc/smc_237/track.npy,smc,0,0.4931506849315068,0.7894736842105263,0.7894736842105263,nan,nan,nan
smc/smc_241/track.npy,smc,0,0.3488372093023256,0.7441860465116279,0.7441860465116279,nan,nan,nan
smc/smc_260/track.npy,smc,0,0.8288288288288289,0.7241379310344828,0.7241379310344828,nan,nan,nan
smc/smc_274/track.npy,smc,0,0.0,0.0,0.9879518072289156,nan,nan,nan
smc/smc_286/track.npy,smc,0,1.0,1.0,1.0,nan,nan,nan
smc/smc_289/track.npy,smc,0,1.0,1.0,1.0,nan,nan,nan
tapcorrect/001_youtube_fV4DiAyExN0/track.npy,tapcorrect,0,0.993485342019544,0.9870550161812298,0.9870550161812298,0.9935483870967742,0.9871794871794872,0.9871794871794872
tapcorrect/011_youtube_M7u5SdjDSQQ/track.npy,tapcorrect,0,0.9979550102249488,0.9959183673469387,0.9959183673469387,1.0,1.0,1.0
tapcorrect/019_youtube_jSDukB1pc30/track.npy,tapcorrect,0,0.9962264150943396,0.9943396226415094,0.9943396226415094,1.0,1.0,1.0
tapcorrect/024_youtube_S4X_l8PIobc/track.npy,tapcorrect,0,0.9978494623655914,0.9957081545064378,0.9957081545064378,0.9914529914529915,0.9830508474576272,0.9830508474576272
tapcorrect/032_youtube_zsmUOdmm02A/track.npy,tapcorrect,0,0.9957446808510638,0.9915254237288136,0.9915254237288136,0.9943502824858756,0.9887640449438202,0.9887640449438202
tapcorrect/041_youtube_Eh44QPT1mPE/track.npy,tapcorrect,0,0.9638095238095238,0.8740740740740741,0.8740740740740741,0.6666666666666666,0.0546875,0.8125
tapcorrect/046_youtube_ebZZpVFUQDY/track.npy,tapcorrect,0,0.6398046398046399,0.0,0.9309090909090909,0.6534653465346534,0.0,0.9703703703703703
tapcorrect/047_youtube_WNa60w5HOB4/track.npy,tapcorrect,0,0.890716803760282,0.8735362997658079,0.8735362997658079,0.8050847457627118,0.6384615384615384,0.6384615384615384
tapcorrect/057_youtube_UrN3-lDk9Rs/track.npy,tapcorrect,0,0.93354943273906,0.8733974358974359,0.8733974358974359,0.9674418604651164,0.926605504587156,0.926605504587156
tapcorrect/068_youtube_a8LcePfI6Hs/track.npy,tapcorrect,0,0.9384615384615385,0.8699551569506726,0.8699551569506726,0.8148148148148148,0.4012738853503185,0.4088888888888889
tapcorrect/069_youtube_8kl6q_9qZOs/track.npy,tapcorrect,0,0.9816993464052287,0.9652509652509652,0.9652509652509652,0.9791666666666667,0.9641025641025641,0.9641025641025641
tapcorrect/086_youtube_-2WQ_caqBiY/track.npy,tapcorrect,0,1.0,1.0,1.0,1.0,1.0,1.0
tapcorrect/099_youtube_WHWqj6gKS9g/track.npy,tapcorrect,0,0.6730310262529833,0.09259259259259259,0.7919463087248322,0.8226950354609929,0.6756756756756757,0.6756756756756757
asap/Bach_Fugue_bwv_860_Ko04M/track.npy,asap,1,0.4509394572025052,0.00641025641025641,0.00641025641025641,0.5555555555555556,0.3130434782608696,0.3130434782608696
asap/Bach_Fugue_bwv_860_Nikiforov05M/track.npy,asap,1,0.4484304932735426,0.014336917562724014,0.014336917562724014,0.4945054945054945,0.40404040404040403,0.40404040404040403
asap/Bach_Fugue_bwv_860_Tetzloff04M/track.npy,asap,1,0.4968152866242038,0.0021691973969631237,0.013015184381778741,0.5932203389830508,0.026143790849673203,0.806060606060606
asap/Bach_Fugue_bwv_860_TuanS01M/track.npy,asap,1,0.47307692307692306,0.0084985835694051,0.0084985835694051,0.5727699530516432,0.19230769230769232,0.34545454545454546
asap/Bach_Fugue_bwv_860_YoungS01M/track.npy,asap,1,0.5245901639344261,0.062111801242236024,0.062111801242236024,0.5643153526970954,0.10759493670886076,0.34545454545454546
asap/Bach_Fugue_bwv_860_ZhangH04M/track.npy,asap,1,0.46977547495682215,0.0024271844660194173,0.007281553398058253,0.5381165919282511,0.09285714285714286,0.509090909090909
asap/Bach_Fugue_bwv_880_LeungR01M/track.npy,asap,1,1.0,1.0,1.0,0.5810055865921787,0.5483870967741935,0.5483870967741935
asap/Bach_Fugue_bwv_880_WangA04M/track.npy,asap,1,1.0,1.0,1.0,0.6630434782608696,0.6063829787234043,0.6063829787234043
asap/Bach_Fugue_bwv_893_Kleisen04M/track.npy,asap,1,0.7444933920704846,0.23591549295774647,0.2823529411764706,0.5925925925925926,0.3157894736842105,0.3157894736842105
asap/Bach_Fugue_bwv_893_Levitsky04M/track.npy,asap,1,0.6697892271662763,0.04225352112676056,0.42657342657342656,0.30864197530864196,0.06315789473684211,0.06315789473684211
asap/Bach_Fugue_bwv_893_Wong01M/track.npy,asap,1,0.6579520697167757,0.23508771929824562,0.45977011494252873,0.5490196078431373,0.21052631578947367,0.29310344827586204
asap/Bach_Prelude_bwv_864_SunD01M/track.npy,asap,1,0.64804469273743,0.5604395604395604,0.5604395604395604,0.393939393939394,0.0,0.5681818181818182
asap/Bach_Prelude_bwv_884_LiA01M/track.npy,asap,1,1.0,1.0,1.0,0.9885057471264368,0.9772727272727273,0.9772727272727273
asap/Bach_Prelude_bwv_887_LiYZ01M/track.npy,asap,1,0.9896373056994819,0.9742268041237113,0.9742268041237113,0.8,0.3333333333333333,0.5052631578947369
asap/Balakirev_Islamey_CHEN10M/track.npy,asap,1,0.7880324543610548,0.531584062196307,0.531584062196307,0.6188466947960619,0.37735849056603776,0.37735849056603776
asap/Balakirev_Islamey_Na08M/track.npy,asap,1,0.7374239911553344,0.35185185185185186,0.35185185185185186,0.5546995377503853,0.3834808259587021,0.3834808259587021
asap/Balakirev_Islamey_Yi04M/track.npy,asap,1,0.8512769153730596,0.6983511154219205,0.6983511154219205,0.649624060150376,0.48823529411764705,0.48823529411764705
asap/Beethoven_Piano_Sonatas_17-2_USHIKI05M/track.npy,asap,1,0.7065693430656934,0.34564643799472294,0.36824877250409166,0.3880597014925373,0.0,0.012048192771084338
asap/Beethoven_Piano_Sonatas_26-1_HuNY02M/track.npy,asap,1,0.6418808091853473,0.008368200836820083,0.8123028391167192,0.8620102214650767,0.6905537459283387,0.6905537459283387
asap/Beethoven_Piano_Sonatas_26-1_Sham03M/track.npy,asap,1,0.6363636363636362,0.0100418410041841,0.8712374581939799,0.8411552346570397,0.5993485342019544,0.5993485342019544
asap/Beethoven_Piano_Sonatas_26-1_Zhdanov05M/track.npy,asap,1,0.5965109735509285,0.0033472803347280333,0.705685618729097,0.7979094076655052,0.5863192182410424,0.5863192182410424
asap/Beethoven_Piano_Sonatas_26-1_no_repeat_Kim02M/track.npy,asap,1,0.6225165562913907,0.013224821973550356,0.7210626185958254,0.8548387096774192,0.6496062992125984,0.6496062992125984
asap/Beethoven_Piano_Sonatas_4-1_Chon03M/track.npy,asap,1,0.8790436005625879,0.8593530239099859,0.8593530239099859,0.5777027027027027,0.25842696629213485,0.3601694915254237
asap/Beethoven_Piano_Sonatas_4-1_LeeE02M/track.npy,asap,1,0.8731034482758621,0.7983761840324763,0.7983761840324763,0.6444073455759599,0.25280898876404495,0.40329218106995884
asap/Beethoven_Piano_Sonatas_4-1_LiA04M/track.npy,asap,1,0.8813324080499653,0.8383561643835616,0.8383561643835616,0.6688311688311688,0.3904494382022472,0.3904494382022472
asap/Beethoven_Piano_Sonatas_4-1_SirajA02M/track.npy,asap,1,0.919718309859155,0.8904494382022472,0.8904494382022472,0.6177474402730374,0.25280898876404495,0.3739130434782609
asap/Chopin_Etudes_op_10_10_WangH02M/track.npy,asap,1,0.7193347193347194,0.21768707482993196,0.5240641711229946,0.782608695652174,0.5632183908045977,0.5632183908045977
asap/Chopin_Etudes_op_10_4_Duepree06M/track.npy,asap,1,0.9712460063897764,0.9140127388535032,0.9140127388535032,0.9554140127388535,0.9367088607594937,0.9367088607594937
asap/Chopin_Etudes_op_10_4_Knoll03M/track.npy,asap,1,0.992,0.9584664536741214,0.9584664536741214,0.9873417721518988,1.0,1.0
asap/Chopin_Etudes_op_10_4_Kurz03M/track.npy,asap,1,0.9856915739268679,0.9587301587301588,0.9587301587301588,0.4632768361581921,0.2857142857142857,0.2857142857142857
asap/Chopin_Etudes_op_10_4_LeeSH03M/track.npy,asap,1,0.9904153354632588,0.9488817891373802,0.9488817891373802,0.9873417721518988,1.0,1.0
asap/Chopin_Etudes_op_10_4_Sladek03M/track.npy,asap,1,0.9551282051282052,0.8370607028753994,0.8370607028753994,0.6120218579234973,0.3942307692307692,0.3942307692307692
asap/Chopin_Etudes_op_10_4_Yi03M/track.npy,asap,1,0.9681528662420382,0.9299363057324841,0.9299363057324841,0.9493670886075949,0.9873417721518988,0.9873417721518988
asap/Chopin_Etudes_op_10_4_ZhangE03M/track.npy,asap,1,0.9951845906902087,0.939297124600639,0.939297124600639,0.9230769230769232,0.7444444444444445,0.7444444444444445
asap/Chopin_Etudes_op_10_4_ZhaoA03M/track.npy,asap,1,0.9904458598726115,0.9490445859872612,0.9490445859872612,0.9746835443037974,1.0,1.0
asap/Chopin_Etudes_op_25_11_KimSuyeon03M/track.npy,asap,1,0.9056603773584906,0.8457446808510638,0.8457446808510638,0.8617021276595744,0.8297872340425532,0.8297872340425532
asap/Chopin_Etudes_op_25_11_KyykhynenT10M/track.npy,asap,1,0.9484808454425363,0.9210526315789473,0.9210526315789473,0.8780487804878049,0.6909090909090909,0.6909090909090909
asap/Chopin_Etudes_op_25_11_Lisiecki07M/track.npy,asap,1,0.8281622911694512,0.6543478260869565,0.6543478260869565,0.6465517241379309,0.3795620437956204,0.3795620437956204
asap/Chopin_Etudes_op_25_11_MiyashitaM03M/track.npy,asap,1,0.923489932885906,0.8912466843501327,0.8912466843501327,0.8093023255813954,0.5166666666666667,0.5166666666666667
asap/Chopin_Etudes_op_25_11_Sham02M/track.npy,asap,1,0.9319371727748691,0.9067357512953368,0.9067357512953368,0.8363636363636363,0.504,0.504
asap/Chopin_Etudes_op_25_11_Shychko03M/track.npy,asap,1,0.9247027741083222,0.8818897637795275,0.8818897637795275,0.7623318385650225,0.4186046511627907,0.4186046511627907
asap/Chopin_Etudes_op_25_11_Song02M/track.npy,asap,1,0.9324675324675324,0.8826530612244898,0.8826530612244898,0.8808290155440415,0.8571428571428571,0.8571428571428571
asap/Chopin_Etudes_op_25_11_WangA02M/track.npy,asap,1,0.9054593874833554,0.8723404255319149,0.8723404255319149,0.7850467289719626,0.525,0.525
asap/Chopin_Sonata_3_4th_GarritsonL11M/track.npy,asap,1,0.9081177520071366,0.8416370106761566,0.8416370106761566,0.7642585551330798,0.6321428571428571,0.6321428571428571
asap/Chopin_Sonata_3_4th_HuangSW06M/track.npy,asap,1,0.9215509467989179,0.851520572450805,0.851520572450805,0.8508287292817678,0.8,0.8
asap/Chopin_Sonata_3_4th_KimSJ10M/track.npy,asap,1,0.8754956383822363,0.5985714285714285,0.5985714285714285,0.8279220779220778,0.608955223880597,0.608955223880597
asap/Chopin_Sonata_3_4th_KimSY23M/track.npy,asap,1,0.8819672131147542,0.6621212121212121,0.6621212121212121,0.8614864864864864,0.6666666666666666,0.6666666666666666
asap/Haydn_Keyboard_Sonatas_39-1_Yarden07M/track.npy,asap,1,0.7685950413223142,0.41745283018867924,0.41745283018867924,0.7039473684210525,0.6339869281045751,0.6339869281045751
asap/Haydn_Keyboard_Sonatas_48-2_GarritsonL03M/track.npy,asap,1,0.6871444823663254,0.06457242582897033,0.8562091503267973,0.6436781609195401,0.027874564459930314,0.527027027027027
asap/Haydn_Keyboard_Sonatas_48-2_PrjevalskayaM03M/track.npy,asap,1,0.8068410462776661,0.42334494773519166,0.42334494773519166,0.7136929460580913,0.3344947735191638,0.3344947735191638
asap/Mozart_Piano_Sonatas_12-3_MunA05M/track.npy,asap,1,0.9753086419753088,0.9470468431771895,0.9470468431771895,0.8812785388127854,0.6291666666666667,0.6291666666666667
asap/Mozart_Piano_Sonatas_12-3_WuuE04M/track.npy,asap,1,0.9144008056394762,0.802734375,0.802734375,0.8187919463087248,0.5125,0.5125
asap/Schubert_Impromptu_op.90_D.899_4_no_repeat_Huang10M/track.npy,asap,1,0.8559946416610851,0.6572481572481572,0.6572481572481572,0.7372881355932203,0.46691176470588236,0.46691176470588236
asap/Schubert_Impromptu_op.90_D.899_4_no_repeat_Lin11M/track.npy,asap,1,0.88110964332893,0.6986469864698647,0.6986469864698647,0.8202959830866807,0.5129151291512916,0.5129151291512916
asap/Schubert_Impromptu_op.90_D.899_4_no_repeat_LuoJ09M/track.npy,asap,1,0.8201133144475921,0.5399753997539976,0.5399753997539976,0.7858719646799116,0.43911439114391143,0.43911439114391143
asap/Schubert_Impromptu_op.90_D.899_4_no_repeat_WongWY08M/track.npy,asap,1,0.6979969183359014,0.3726937269372694,0.3726937269372694,0.6520681265206812,0.25461254612546125,0.2642857142857143
asap/Schubert_Moment_Musical_no_1_MunA10M/track.npy,asap,1,0.8148873653281098,0.5456140350877193,0.5456140350877193,0.554089709762533,0.2543859649122807,0.2543859649122807
ballroom/ballroom_Albums-AnaBelen_Veneo-03/track.npy,ballroom,1,1.0,1.0,1.0,1.0,1.0,1.0
ballroom/ballroom_Albums-Ballroom_Classics4-05/track.npy,ballroom,1,0.9041095890410958,0.972972972972973,0.972972972972973,0.9166666666666666,1.0,1.0
ballroom/ballroom_Albums-Ballroom_Magic-03/track.npy,ballroom,1,0.9459459459459459,1.0,1.0,0.8799999999999999,0.6923076923076923,0.6923076923076923
ballroom/ballroom_Albums-Ballroom_Magic-11/track.npy,ballroom,1,0.9932885906040269,0.9866666666666667,0.9866666666666667,1.0,1.0,1.0
ballroom/ballroom_Albums-Cafe_Paradiso-05/track.npy,ballroom,1,1.0,1.0,1.0,1.0,1.0,1.0
ballroom/ballroom_Albums-Cafe_Paradiso-08/track.npy,ballroom,1,0.9902912621359222,0.9807692307692307,0.9807692307692307,1.0,1.0,1.0
ballroom/ballroom_Albums-Cafe_Paradiso-11/track.npy,ballroom,1,1.0,1.0,1.0,1.0,1.0,1.0
ballroom/ballroom_Albums-Cafe_Paradiso-16/track.npy,ballroom,1,0.993006993006993,0.9861111111111112,0.9861111111111112,1.0,1.0,1.0
ballroom/ballroom_Albums-Chrisanne1-01/track.npy,ballroom,1,1.0,1.0,1.0,1.0,1.0,1.0
ballroom/ballroom_Albums-Chrisanne1-04/track.npy,ballroom,1,0.9906542056074767,0.9814814814814815,0.9814814814814815,0.962962962962963,0.9285714285714286,0.9285714285714286
ballroom/ballroom_Albums-Chrisanne1-14/track.npy,ballroom,1,0.9940119760479043,0.9523809523809523,0.9523809523809523,0.975609756097561,0.9523809523809523,0.9523809523809523
ballroom/ballroom_Albums-Chrisanne2-05/track.npy,ballroom,1,1.0,1.0,1.0,0.5,0.42857142857142855,0.42857142857142855
ballroom/ballroom_Albums-Chrisanne2-06/track.npy,ballroom,1,1.0,1.0,1.0,1.0,1.0,1.0
ballroom/ballroom_Albums-Chrisanne3-01/track.npy,ballroom,1,0.9859154929577464,0.9722222222222222,0.9722222222222222,0.9565217391304348,0.9166666666666666,0.9166666666666666
ballroom/ballroom_Albums-Chrisanne3-02/track.npy,ballroom,1,1.0,1.0,1.0,1.0,1.0,1.0
ballroom/ballroom_Albums-Chrisanne3-06/track.npy,ballroom,1,1.0,1.0,1.0,1.0,1.0,1.0
ballroom/ballroom_Albums-Chrisanne3-09/track.npy,ballroom,1,0.9932885906040269,0.9866666666666667,0.9866666666666667,1.0,1.0,1.0
ballroom/ballroom_Albums-GloriaEstefan_MiTierra-11/track.npy,ballroom,1,1.0,1.0,1.0,1.0,1.0,1.0
ballroom/ballroom_Albums-Latin_Jam-04/track.npy,ballroom,1,1.0,1.0,1.0,1.0,1.0,1.0
ballroom/ballroom_Albums-Latin_Jam-08/track.npy,ballroom,1,1.0,1.0,1.0,1.0,1.0,1.0
ballroom/ballroom_Albums-Latin_Jam-09/track.npy,ballroom,1,0.9885057471264368,0.9772727272727273,0.9772727272727273,1.0,1.0,1.0
ballroom/ballroom_Albums-Latin_Jam-11/track.npy,ballroom,1,0.9931972789115647,0.9864864864864865,0.9864864864864865,0.972972972972973,0.9473684210526315,0.9473684210526315
ballroom/ballroom_Albums-Latin_Jam2-05/track.npy,ballroom,1,1.0,1.0,1.0,1.0,1.0,1.0
ballroom/ballroom_Albums-Latin_Jam2-07/track.npy,ballroom,1,0.9885057471264368,0.9772727272727273,0.9772727272727273,1.0,1.0,1.0
ballroom/ballroom_Albums-Latin_Jam3-01/track.npy,ballroom,1,0.9902912621359222,0.9807692307692307,0.9807692307692307,1.0,1.0,1.0
ballroom/ballroom_Albums-Latin_Jam3-06/track.npy,ballroom,1,1.0,1.0,1.0,1.0,1.0,1.0
ballroom/ballroom_Albums-Latin_Jam4-05/track.npy,ballroom,1,1.0,1.0,1.0,0.7727272727272727,0.34615384615384615,0.4857142857142857
ballroom/ballroom_Albums-Pais_Tropical-11/track.npy,ballroom,1,1.0,1.0,1.0,1.0,1.0,1.0
ballroom/ballroom_Albums-Pais_Tropical-15/track.npy,ballroom,1,1.0,1.0,1.0,1.0,1.0,1.0
ballroom/ballroom_Albums-Step_By_Step-15/track.npy,ballroom,1,0.9941520467836257,0.9767441860465116,0.9767441860465116,1.0,1.0,1.0
ballroom/ballroom_Albums-Step_By_Step-17/track.npy,ballroom,1,1.0,1.0,1.0,1.0,1.0,1.0
ballroom/ballroom_Albums-StrictlyDancing_Tango-08/track.npy,ballroom,1,0.9902912621359222,0.9807692307692307,0.9807692307692307,1.0,1.0,1.0
ballroom/ballroom_Media-100606/track.npy,ballroom,1,1.0,1.0,1.0,1.0,1.0,1.0
ballroom/ballroom_Media-100615/track.npy,ballroom,1,1.0,1.0,1.0,1.0,1.0,1.0
ballroom/ballroom_Media-103403/track.npy,ballroom,1,0.98989898989899,0.98,0.98,0.9600000000000001,0.9230769230769231,0.9230769230769231
ballroom/ballroom_Media-103404/track.npy,ballroom,1,0.9902912621359222,0.9807692307692307,0.9807692307692307,1.0,1.0,1.0
ballroom/ballroom_Media-103416/track.npy,ballroom,1,1.0,1.0,1.0,1.0,1.0,1.0
ballroom/ballroom_Media-103506/track.npy,ballroom,1,0.9866666666666666,0.9736842105263158,0.9736842105263158,1.0,1.0,1.0
ballroom/ballroom_Media-103513/track.npy,ballroom,1,1.0,1.0,1.0,1.0,1.0,1.0
ballroom/ballroom_Media-103516/track.npy,ballroom,1,0.9928057553956835,0.9857142857142858,0.9857142857142858,1.0,1.0,1.0
ballroom/ballroom_Media-103601/track.npy,ballroom,1,0.9896907216494846,0.9795918367346939,0.9795918367346939,1.0,1.0,1.0
ballroom/ballroom_Media-103609/track.npy,ballroom,1,1.0,1.0,1.0,1.0,1.0,1.0
ballroom/ballroom_Media-103707/track.npy,ballroom,1,1.0,1.0,1.0,1.0,1.0,1.0
ballroom/ballroom_Media-103711/track.npy,ballroom,1,1.0,1.0,1.0,1.0,1.0,1.0
ballroom/ballroom_Media-103719/track.npy,ballroom,1,1.0,1.0,1.0,1.0,1.0,1.0
ballroom/ballroom_Media-103801/track.npy,ballroom,1,0.27450980392156865,0.25,0.6730769230769231,0.24000000000000002,0.8461538461538461,0.8461538461538461
ballroom/ballroom_Media-103802/track.npy,ballroom,1,1.0,1.0,1.0,1.0,1.0,1.0
ballroom/ballroom_Media-103805/track.npy,ballroom,1,1.0,1.0,1.0,1.0,1.0,1.0
ballroom/ballroom_Media-103806/track.npy,ballroom,1,1.0,1.0,1.0,1.0,1.0,1.0
ballroom/ballroom_Media-103810/track.npy,ballroom,1,1.0,1.0,1.0,1.0,1.0,1.0
ballroom/ballroom_Media-103908/track.npy,ballroom,1,1.0,1.0,1.0,1.0,1.0,1.0
ballroom/ballroom_Media-103911/track.npy,ballroom,1,0.5531914893617021,0.38235294117647056,0.38235294117647056,0.6153846153846153,0.4444444444444444,0.4444444444444444
ballroom/ballroom_Media-104004/track.npy,ballroom,1,0.9876543209876543,0.975609756097561,0.975609756097561,0.0,0.0,0.0
ballroom/ballroom_Media-104206/track.npy,ballroom,1,0.9906542056074767,0.9814814814814815,0.9814814814814815,0.962962962962963,0.9285714285714286,0.9285714285714286
ballroom/ballroom_Media-104209/track.npy,ballroom,1,0.9868421052631579,0.974025974025974,0.974025974025974,0.9803921568627451,0.9615384615384616,0.9615384615384616
ballroom/ballroom_Media-104216/track.npy,ballroom,1,0.9940119760479043,0.9880952380952381,0.9880952380952381,0.975609756097561,0.9523809523809523,0.9523809523809523
ballroom/ballroom_Media-104308/track.npy,ballroom,1,1.0,1.0,1.0,1.0,1.0,1.0
ballroom/ballroom_Media-104317/track.npy,ballroom,1,0.9942857142857142,0.9886363636363636,0.9886363636363636,1.0,1.0,1.0
ballroom/ballroom_Media-104507/track.npy,ballroom,1,0.9933774834437086,0.9868421052631579,0.9868421052631579,1.0,1.0,1.0
ballroom/ballroom_Media-104807/track.npy,ballroom,1,0.9909909909909909,0.9821428571428571,0.9821428571428571,1.0,1.0,1.0
ballroom/ballroom_Media-104901/track.npy,ballroom,1,1.0,1.0,1.0,1.0,1.0,1.0
ballroom/ballroom_Media-104908/track.npy,ballroom,1,0.9931972789115647,0.9864864864864865,0.9864864864864865,0.9795918367346939,0.96,0.96
ballroom/ballroom_Media-104918/track.npy,ballroom,1,0.9941520467836257,0.9883720930232558,0.9883720930232558,1.0,1.0,1.0
ballroom/ballroom_Media-105002/track.npy,ballroom,1,1.0,1.0,1.0,1.0,1.0,1.0
ballroom/ballroom_Media-105005/track.npy,ballroom,1,0.9863013698630138,0.972972972972973,0.972972972972973,1.0,1.0,1.0
ballroom/ballroom_Media-105011/track.npy,ballroom,1,0.9933774834437086,0.9868421052631579,0.9868421052631579,0.9803921568627451,0.9615384615384616,0.9615384615384616
ballroom/ballroom_Media-105103/track.npy,ballroom,1,0.9859154929577464,0.9722222222222222,0.9722222222222222,0.9565217391304348,0.9166666666666666,0.9166666666666666
ballroom/ballroom_Media-105210/track.npy,ballroom,1,1.0,1.0,1.0,1.0,1.0,1.0
ballroom/ballroom_Media-105304/track.npy,ballroom,1,0.9859154929577464,0.9722222222222222,0.9722222222222222,0.9565217391304348,0.9166666666666666,0.9166666666666666
ballroom/ballroom_Media-105313/track.npy,ballroom,1,0.988095238095238,0.9647058823529412,0.9647058823529412,0.975609756097561,0.9523809523809523,0.9523809523809523
ballroom/ballroom_Media-105317/track.npy,ballroom,1,0.9906542056074767,0.9814814814814815,0.9814814814814815,1.0,1.0,1.0
ballroom/ballroom_Media-105402/track.npy,ballroom,1,0.9879518072289156,0.9761904761904762,0.9761904761904762,1.0,1.0,1.0
ballroom/ballroom_Media-105411/track.npy,ballroom,1,1.0,1.0,1.0,1.0,1.0,1.0
ballroom/ballroom_Media-105415/track.npy,ballroom,1,0.9861111111111112,0.9726027397260274,0.9726027397260274,1.0,1.0,1.0
ballroom/ballroom_Media-105502/track.npy,ballroom,1,0.9589041095890412,0.972972972972973,0.972972972972973,1.0,1.0,1.0
ballroom/ballroom_Media-105509/track.npy,ballroom,1,0.9932885906040269,0.9733333333333334,0.9733333333333334,1.0,1.0,1.0
ballroom/ballroom_Media-105607/track.npy,ballroom,1,0.9879518072289156,0.9761904761904762,0.9761904761904762,1.0,1.0,1.0
ballroom/ballroom_Media-105706/track.npy,ballroom,1,0.9724770642201834,0.9464285714285714,0.9464285714285714,0.962962962962963,0.9285714285714286,0.9285714285714286
ballroom/ballroom_Media-105715/track.npy,ballroom,1,0.9826589595375723,0.9659090909090909,0.9659090909090909,1.0,1.0,1.0
ballroom/ballroom_Media-105717/track.npy,ballroom,1,0.9770114942528736,0.9550561797752809,0.9550561797752809,0.9777777777777777,0.9565217391304348,0.9565217391304348
ballroom/ballroom_Media-105805/track.npy,ballroom,1,0.9722222222222222,1.0,1.0,1.0,1.0,1.0
ballroom/ballroom_Media-105904/track.npy,ballroom,1,1.0,1.0,1.0,1.0,1.0,1.0
ballroom/ballroom_Media-106107/track.npy,ballroom,1,0.9761904761904763,0.9534883720930233,0.9534883720930233,0.9523809523809523,0.9090909090909091,0.9090909090909091
ballroom/ballroom_Media-106109/track.npy,ballroom,1,0.9772727272727273,0.9555555555555556,0.9555555555555556,0.9565217391304348,0.9166666666666666,0.9166666666666666
ballroom/ballroom_Media-106116/track.npy,ballroom,1,0.9793103448275862,0.9594594594594594,0.9594594594594594,1.0,1.0,1.0
ballroom/ballroom_Media-106117/track.npy,ballroom,1,0.9743589743589743,0.95,0.95,1.0,1.0,1.0
beatles/beatles_01_Please_Please_Me_02_Misery/track.npy,beatles,1,0.9706546275395034,0.9596412556053812,0.9596412556053812,0.972972972972973,0.9642857142857143,0.9642857142857143
beatles/beatles_01_Please_Please_Me_07_Please_Please_Me/track.npy,beatles,1,1.0,1.0,1.0,1.0,1.0,1.0
beatles/beatles_02_With_the_Beatles_11_I_Wanna_Be_Your_Man/track.npy,beatles,1,0.7743362831858408,0.32116788321167883,0.49014084507042255,0.7058823529411764,0.1917808219178082,0.5824175824175825
beatles/beatles_03_A_Hard_Days_Night_02_I_Should_Have_Known_Better/track.npy,beatles,1,0.9955290611028316,0.9910979228486647,0.9910979228486647,1.0,1.0,1.0
beatles/beatles_03_A_Hard_Days_Night_05_And_I_Love_Her/track.npy,beatles,1,0.9981167608286252,0.9962406015037594,0.9962406015037594,1.0,1.0,1.0
beatles/beatles_04_Beatles_for_Sale_03_Babys_In_Black/track.npy,beatles,1,0.5284280936454849,0.6,0.6,0.2926829268292683,0.3333333333333333,0.3582089552238806
beatles/beatles_04_Beatles_for_Sale_06_Mr_Moonlight/track.npy,beatles,1,0.9886914378029079,0.9967741935483871,0.9967741935483871,0.9806451612903225,0.9871794871794872,0.9871794871794872
beatles/beatles_05_Help_05_Another_Girl/track.npy,beatles,1,0.6640926640926641,0.0029154518950437317,0.9770773638968482,0.6356589147286822,0.0,0.9418604651162791
beatles/beatles_05_Help_12_Ive_Just_Seen_a_Face/track.npy,beatles,1,0.8301075268817204,0.8076923076923077,0.8076923076923077,0.7758620689655173,0.9482758620689655,0.9482758620689655
beatles/beatles_06_Rubber_Soul_02_Norwegian_Wood_(This_Bird_Has_Flown)/track.npy,beatles,1,0.9941348973607038,0.9853372434017595,0.9853372434017595,0.898550724637681,0.631578947368421,0.631578947368421
beatles/beatles_07_Revolver_01_Taxman/track.npy,beatles,1,0.9955156950672646,0.9910714285714286,0.9910714285714286,1.0,1.0,1.0
beatles/beatles_07_Revolver_05_Here_There_And_Everywhere/track.npy,beatles,1,0.9753424657534248,0.9726775956284153,0.9726775956284153,0.9782608695652174,1.0,1.0
beatles/beatles_08_Sgt_Peppers_Lonely_Hearts_Club_Band_08_Within_You_Without_You/track.npy,beatles,1,0.793597304128054,0.7145214521452146,0.7145214521452146,0.44505494505494503,0.22767857142857142,0.22767857142857142
beatles/beatles_08_Sgt_Peppers_Lonely_Hearts_Club_Band_10_Lovely_Rita/track.npy,beatles,1,1.0,1.0,1.0,1.0,1.0,1.0
beatles/beatles_09_Magical_Mystery_Tour_08_Strawberry_Fields_Forever/track.npy,beatles,1,0.844950213371266,0.8047493403693932,0.8047493403693932,0.6699029126213591,0.39090909090909093,0.39090909090909093
beatles/beatles_10_CD1_The_Beatles_07_While_My_Guitar_Gently_Weeps/track.npy,beatles,1,0.9669260700389105,0.8861480075901328,0.8861480075901328,0.9534883720930233,0.8787878787878788,0.8787878787878788
beatles/beatles_10_CD1_The_Beatles_12_Piggies/track.npy,beatles,1,0.9791044776119403,0.9644970414201184,0.9644970414201184,0.7321428571428572,0.2,0.6506024096385542
beatles/beatles_10_CD1_The_Beatles_17_Julia/track.npy,beatles,1,0.787878787878788,0.3225806451612903,0.5068493150684932,0.9837837837837837,0.978494623655914,0.978494623655914
beatles/beatles_10_CD2_The_Beatles_02_Yer_Blues/track.npy,beatles,1,0.9264565425023878,0.9022556390977443,0.9022556390977443,0.7884615384615385,0.5730994152046783,0.5730994152046783
beatles/beatles_11_Abbey_Road_04_Oh_Darling/track.npy,beatles,1,0.49667994687915007,0.0,0.0017699115044247787,0.5193370165745856,0.0,0.41044776119402987
beatles/beatles_11_Abbey_Road_06_I_Want_You/track.npy,beatles,1,0.9403063919704172,0.8171603677221655,0.8171603677221655,0.6536203522504892,0.17096774193548386,0.5236907730673317
beatles/beatles_12_Let_It_Be_07_Maggie_Mae/track.npy,beatles,1,0.6569343065693432,0.0,0.967391304347826,0.6470588235294118,0.0,0.9130434782608695
candombe/csic.1995_ansina1_01/track.npy,candombe,1,0.9990800367985281,0.9981617647058824,0.9981617647058824,1.0,1.0,1.0
candombe/csic.1995_cuareim_02/track.npy,candombe,1,0.9993674889310563,0.9987357774968394,0.9987357774968394,1.0,1.0,1.0
candombe/proyecto.1992_lobo_06/track.npy,candombe,1,0.997289972899729,0.9945945945945946,0.9945945945945946,0.9945945945945946,0.989247311827957,0.989247311827957
candombe/zavala.muniz.2014_52/track.npy,candombe,1,0.9987029831387808,0.9974093264248705,0.9974093264248705,1.0,1.0,1.0
candombe/zavala.muniz.2014_55/track.npy,candombe,1,0.9990281827016522,0.9980582524271845,0.9980582524271845,1.0,1.0,1.0
filosax/filosax_04/track.npy,filosax,1,1.0,1.0,1.0,1.0,1.0,1.0
filosax/filosax_05/track.npy,filosax,1,0.9991266375545852,0.9982547993019197,0.9982547993019197,1.0,1.0,1.0
filosax/filosax_09/track.npy,filosax,1,0.9978494623655914,0.9921316165951359,0.9921316165951359,0.9971346704871061,0.9942857142857143,0.9942857142857143
filosax/filosax_13/track.npy,filosax,1,0.9834101382488478,0.9373297002724795,0.9373297002724795,0.9590017825311944,0.8701754385964913,0.8701754385964913
filosax/filosax_20/track.npy,filosax,1,0.9967213114754099,0.9947643979057592,0.9947643979057592,0.9947643979057592,1.0,1.0
filosax/filosax_26/track.npy,filosax,1,0.9932508436445444,0.9865921787709497,0.9865921787709497,0.9932584269662922,0.9866071428571429,0.9866071428571429
groove_midi/drummer10_session1_9_jazz-swing_110_beat_4-4/track.npy,groove_midi,1,0.9949579831932773,0.9966442953020134,0.9966442953020134,0.0,0.0,0.9733333333333334
groove_midi/drummer1_eval_session_8_rock-groove8_65_beat_4-4/track.npy,groove_midi,1,1.0,1.0,1.0,1.0,1.0,1.0
groove_midi/drummer1_eval_session_9_soul-groove9_105_beat_4-4/track.npy,groove_midi,1,1.0,1.0,1.0,1.0,1.0,1.0
groove_midi/drummer1_session1_176_afrocuban_105_beat_4-4/track.npy,groove_midi,1,0.8010075566750631,0.7274939172749392,0.7274939172749392,0.6597938144329898,0.5454545454545454,0.5454545454545454
groove_midi/drummer1_session1_78_jazz-fast_290_beat_4-4/track.npy,groove_midi,1,0.96048632218845,0.6310483870967742,0.6310483870967742,0.8359375000000001,0.6666666666666666,0.6666666666666666
groove_midi/drummer1_session2_161_afrocuban-rhumba_110_beat_4-4/track.npy,groove_midi,1,0.6756756756756758,0.6691176470588235,0.6691176470588235,0.6536585365853659,0.8269230769230769,0.8269230769230769
groove_midi/drummer1_session2_32_punk_140_beat_4-4/track.npy,groove_midi,1,1.0,1.0,1.0,1.0,1.0,1.0
groove_midi/drummer1_session3_15_funk_117_beat_4-4/track.npy,groove_midi,1,0.9962962962962962,0.988929889298893,0.988929889298893,0.37333333333333335,0.13414634146341464,0.23703703703703705
groove_midi/drummer1_session3_16_funk_117_beat_4-4/track.npy,groove_midi,1,0.9345794392523364,0.8944099378881988,0.8944099378881988,0.925,1.0,1.0
groove_midi/drummer1_session3_3_rock-rockabilly_200_beat_4-4/track.npy,groove_midi,1,0.83710407239819,0.44109055501460565,0.44109055501460565,0.8110599078341014,0.3828125,0.4438202247191011
groove_midi/drummer1_session3_5_jazz-linear_128_beat_4-4/track.npy,groove_midi,1,0.6684350132625995,0.03951367781155015,0.8155619596541787,0.46956521739130436,0.01818181818181818,0.36363636363636365
groove_midi/drummer3_session2_25_hiphop_92_beat_4-4/track.npy,groove_midi,1,0.9904761904761905,0.9811320754716981,0.9811320754716981,0.962962962962963,0.9285714285714286,0.9285714285714286
groove_midi/drummer3_session2_37_rock_92_beat_4-4/track.npy,groove_midi,1,0.9705882352941176,0.9142857142857143,0.9142857142857143,1.0,1.0,1.0
groove_midi/drummer3_session2_5_rock_100_beat_4-4/track.npy,groove_midi,1,1.0,1.0,1.0,1.0,1.0,1.0
groove_midi/drummer4_session1_1_rock_87_beat_4-4/track.npy,groove_midi,1,0.9934640522875817,0.987012987012987,0.987012987012987,0.0,0.0,0.9473684210526315
groove_midi/drummer4_session1_2_jazz_158_beat_4-4/track.npy,groove_midi,1,0.9957805907172996,0.9915966386554622,0.9915966386554622,1.0,1.0,1.0
groove_midi/drummer5_eval_session_1_funk-groove1_138_beat_4-4/track.npy,groove_midi,1,0.9904761904761905,0.9811320754716981,0.9811320754716981,0.962962962962963,0.9285714285714286,0.9285714285714286
groove_midi/drummer5_session1_14_latin-brazilian-songo_112_beat_4-4/track.npy,groove_midi,1,0.9993451211525868,0.9986910994764397,0.9986910994764397,1.0,1.0,1.0
groove_midi/drummer5_session1_1_latin-brazilian-bossa_127_beat_4-4/track.npy,groove_midi,1,0.820932134096484,0.7802287581699346,0.7802287581699346,0.7954911433172301,0.8444444444444444,0.8444444444444444
groove_midi/drummer5_session1_2_latin-brazilian-bossa_127_beat_4-4/track.npy,groove_midi,1,0.9976635514018691,0.9976635514018691,0.9976635514018691,0.9968847352024922,1.0,1.0
groove_midi/drummer5_session2_21_latin-brazilian-ijexa_108_beat_4-4/track.npy,groove_midi,1,0.9957805907172996,0.9915966386554622,0.9915966386554622,0.0,0.0,0.9333333333333333
groove_midi/drummer5_session2_24_latin-brazilian-songo_120_beat_4-4/track.npy,groove_midi,1,0.8925318761384334,0.9054545454545454,0.9054545454545454,0.9197080291970804,0.9855072463768116,0.9855072463768116
groove_midi/drummer6_session1_3_rock_80_beat_6-8/track.npy,groove_midi,1,1.0,1.0,1.0,0.5,0.0,0.0
groove_midi/drummer6_session1_4_rock_80_beat_6-8/track.npy,groove_midi,1,1.0,1.0,1.0,0.5,0.0,0.0
groove_midi/drummer6_session1_5_rock_60_beat_6-8/track.npy,groove_midi,1,0.4973544973544974,0.0,0.0,0.2909090909090909,0.0,0.0
groove_midi/drummer6_session2_1_rock_95_beat_4-4/track.npy,groove_midi,1,0.9895104895104895,0.9930313588850174,0.9930313588850174,0.9600000000000001,0.8461538461538461,0.8461538461538461
groove_midi/drummer6_session2_2_rock_95_beat_4-4/track.npy,groove_midi,1,0.6412213740458015,0.0,0.9130434782608695,0.6463414634146342,0.0,1.0
groove_midi/drummer7_eval_session_1_funk-groove1_138_beat_4-4/track.npy,groove_midi,1,0.9904761904761905,0.9811320754716981,0.9811320754716981,0.962962962962963,0.9285714285714286,0.9285714285714286
groove_midi/drummer7_session2_112_jazz-fusion_96_beat_4-4/track.npy,groove_midi,1,1.0,1.0,1.0,1.0,1.0,1.0
groove_midi/drummer7_session2_123_hiphop_140_beat_4-4/track.npy,groove_midi,1,0.6666666666666667,0.0,0.9919354838709677,0.6666666666666666,0.0,1.0
groove_midi/drummer7_session2_79_funk_100_beat_4-4/track.npy,groove_midi,1,0.9841269841269841,0.96875,0.96875,0.9333333333333333,0.875,0.875
groove_midi/drummer7_session3_38_hiphop_67_beat_4-4/track.npy,groove_midi,1,1.0,1.0,1.0,1.0,1.0,1.0
groove_midi/drummer7_session3_47_funk_112_beat_4-4/track.npy,groove_midi,1,1.0,1.0,1.0,1.0,1.0,1.0
groove_midi/drummer8_session1_12_latin_118_beat_4-4/track.npy,groove_midi,1,0.9895470383275261,0.9930313588850174,0.9930313588850174,0.9861111111111112,1.0,1.0
groove_midi/drummer8_session1_13_latin_118_beat_4-4/track.npy,groove_midi,1,0.89453125,0.8091603053435115,0.8091603053435115,0.9846153846153847,0.9692307692307692,0.9692307692307692
groove_midi/drummer8_session1_17_afrobeat_90_beat_4-4/track.npy,groove_midi,1,0.9977116704805492,0.9954337899543378,0.9954337899543378,1.0,1.0,1.0
groove_midi/drummer8_session1_20_rock-shuffle_112_beat_4-4/track.npy,groove_midi,1,1.0,1.0,1.0,1.0,1.0,1.0
groove_midi/drummer8_session1_4_hiphop_90_beat_4-4/track.npy,groove_midi,1,1.0,1.0,1.0,1.0,1.0,1.0
groove_midi/drummer8_session1_8_funk_96_beat_4-4/track.npy,groove_midi,1,0.9979879275653923,0.9959839357429718,0.9959839357429718,0.9919999999999999,0.9841269841269841,0.9841269841269841
groove_midi/drummer9_session1_18_rock_120_beat_4-4/track.npy,groove_midi,1,0.9855072463768115,0.9714285714285714,0.9714285714285714,1.0,1.0,1.0
groove_midi/drummer9_session1_20_rock_120_beat_4-4/track.npy,groove_midi,1,1.0,1.0,1.0,1.0,1.0,1.0
groove_midi/drummer9_session1_24_rock_90_beat_4-4/track.npy,groove_midi,1,0.9948186528497409,0.9896907216494846,0.9896907216494846,0.9795918367346939,0.96,0.96
guitarset/00_Funk2-119-G_comp_mix/track.npy,guitarset,1,1.0,1.0,1.0,1.0,1.0,1.0
guitarset/00_Jazz1-130-D_comp_mix/track.npy,guitarset,1,1.0,1.0,1.0,0.3333333333333333,0.3333333333333333,0.3333333333333333
guitarset/00_Rock1-130-A_comp_mix/track.npy,guitarset,1,0.9866666666666666,0.9736842105263158,0.9736842105263158,0.9473684210526316,0.9,0.9
guitarset/00_SS3-98-C_comp_mix/track.npy,guitarset,1,0.9909909909909909,0.9821428571428571,0.9821428571428571,0.962962962962963,0.9285714285714286,0.9285714285714286
guitarset/01_BN1-129-Eb_comp_mix/track.npy,guitarset,1,1.0,1.0,1.0,1.0,1.0,1.0
guitarset/01_BN1-147-Gb_comp_mix/track.npy,guitarset,1,0.9859154929577464,0.9722222222222222,0.9722222222222222,0.9411764705882353,0.8888888888888888,0.8888888888888888
guitarset/01_Funk3-98-A_comp_mix/track.npy,guitarset,1,0.9909909909909909,0.9821428571428571,0.9821428571428571,0.962962962962963,0.9285714285714286,0.9285714285714286
guitarset/01_SS1-68-E_comp_mix/track.npy,guitarset,1,0.7387387387387387,0.2898550724637681,0.2898550724637681,0.8695652173913044,0.6153846153846154,0.6153846153846154
guitarset/02_BN1-129-Eb_comp_mix/track.npy,guitarset,1,0.7384615384615384,0.32432432432432434,0.35714285714285715,0.7368421052631577,0.6,0.6
guitarset/02_BN3-154-E_comp_mix/track.npy,guitarset,1,0.9902912621359222,0.9807692307692307,0.9807692307692307,0.9600000000000001,0.9230769230769231,0.9230769230769231
guitarset/02_Funk1-114-Ab_comp_mix/track.npy,guitarset,1,1.0,1.0,1.0,1.0,1.0,1.0
guitarset/02_Funk1-97-C_comp_mix/track.npy,guitarset,1,1.0,1.0,1.0,1.0,1.0,1.0
guitarset/03_Funk3-112-C#_comp_mix/track.npy,guitarset,1,0.8623853211009175,0.8363636363636363,0.8363636363636363,0.8461538461538461,1.0,1.0
guitarset/03_Rock1-90-C#_comp_mix/track.npy,guitarset,1,0.7250000000000001,0.675,0.675,0.4210526315789474,0.5,0.5
guitarset/03_SS2-88-F_comp_mix/track.npy,guitarset,1,0.9911504424778761,0.9824561403508771,0.9824561403508771,0.9655172413793104,0.9333333333333333,0.9333333333333333
guitarset/04_BN3-119-G_comp_mix/track.npy,guitarset,1,0.9908256880733944,0.9818181818181818,0.9818181818181818,0.962962962962963,0.9285714285714286,0.9285714285714286
guitarset/04_Funk1-114-Ab_comp_mix/track.npy,guitarset,1,1.0,1.0,1.0,1.0,1.0,1.0
guitarset/04_Jazz1-130-D_comp_mix/track.npy,guitarset,1,1.0,1.0,1.0,1.0,1.0,1.0
guitarset/04_Rock2-142-D_comp_mix/track.npy,guitarset,1,0.9904761904761905,0.9811320754716981,0.9811320754716981,0.962962962962963,0.9285714285714286,0.9285714285714286
guitarset/04_SS3-84-Bb_comp_mix/track.npy,guitarset,1,0.9824561403508771,0.9649122807017544,0.9649122807017544,0.9285714285714286,1.0,1.0
guitarset/05_Funk3-98-A_comp_mix/track.npy,guitarset,1,0.8888888888888888,0.8181818181818182,0.8181818181818182,0.8,0.6923076923076923,0.6923076923076923
guitarset/05_Rock3-117-Bb_comp_mix/track.npy,guitarset,1,0.9908256880733944,0.9818181818181818,0.9818181818181818,0.962962962962963,0.9285714285714286,0.9285714285714286
guitarset/05_Rock3-148-C_comp_mix/track.npy,guitarset,1,1.0,1.0,1.0,1.0,1.0,1.0
hainsworth/hainsworth_008/track.npy,hainsworth,1,0.9950248756218906,0.9900990099009901,0.9900990099009901,0.6274509803921569,0.6153846153846154,0.6153846153846154
hainsworth/hainsworth_013/track.npy,hainsworth,1,0.7846153846153846,0.6197183098591549,0.6197183098591549,0.38709677419354843,0.0,0.2413793103448276
hainsworth/hainsworth_015/track.npy,hainsworth,1,1.0,1.0,1.0,1.0,1.0,1.0
hainsworth/hainsworth_020/track.npy,hainsworth,1,1.0,1.0,1.0,1.0,1.0,1.0
hainsworth/hainsworth_022/track.npy,hainsworth,1,0.7796610169491525,0.2777777777777778,0.5604395604395604,0.6470588235294118,0.0,0.9565217391304348
hainsworth/hainsworth_048/track.npy,hainsworth,1,1.0,1.0,1.0,1.0,1.0,1.0
hainsworth/hainsworth_066/track.npy,hainsworth,1,1.0,1.0,1.0,1.0,1.0,1.0
hainsworth/hainsworth_071/track.npy,hainsworth,1,1.0,1.0,1.0,0.787878787878788,0.3,0.5490196078431373
hainsworth/hainsworth_072/track.npy,hainsworth,1,1.0,1.0,1.0,1.0,1.0,1.0
hainsworth/hainsworth_077/track.npy,hainsworth,1,1.0,1.0,1.0,0.7555555555555554,0.21428571428571427,0.6363636363636364
hainsworth/hainsworth_086/track.npy,hainsworth,1,1.0,1.0,1.0,1.0,1.0,1.0
hainsworth/hainsworth_090/track.npy,hainsworth,1,1.0,1.0,1.0,1.0,1.0,1.0
hainsworth/hainsworth_091/track.npy,hainsworth,1,1.0,1.0,1.0,0.34285714285714286,0.0,0.4074074074074074
hainsworth/hainsworth_097/track.npy,hainsworth,1,1.0,1.0,1.0,1.0,1.0,1.0
hainsworth/hainsworth_102/track.npy,hainsworth,1,1.0,1.0,1.0,1.0,1.0,1.0
hainsworth/hainsworth_125/track.npy,hainsworth,1,0.7142857142857143,0.7692307692307693,0.7692307692307693,0.36363636363636365,0.0,0.275
hainsworth/hainsworth_126/track.npy,hainsworth,1,0.6542056074766355,0.8363636363636363,0.8363636363636363,0.0,0.0,0.0
hainsworth/hainsworth_131/track.npy,hainsworth,1,0.5,0.14583333333333334,0.7142857142857143,0.6153846153846153,0.7142857142857143,0.7142857142857143
hainsworth/hainsworth_137/track.npy,hainsworth,1,0.9197080291970803,0.7027027027027027,0.7027027027027027,0.7391304347826088,0.25925925925925924,0.4864864864864865
hainsworth/hainsworth_147/track.npy,hainsworth,1,1.0,1.0,1.0,1.0,1.0,1.0
hainsworth/hainsworth_152/track.npy,hainsworth,1,0.0,0.0,0.2857142857142857,0.0,0.0,0.6666666666666666
hainsworth/hainsworth_169/track.npy,hainsworth,1,1.0,1.0,1.0,0.7333333333333333,0.6666666666666666,0.6666666666666666
hainsworth/hainsworth_172/track.npy,hainsworth,1,1.0,1.0,1.0,1.0,1.0,1.0
hainsworth/hainsworth_173/track.npy,hainsworth,1,1.0,1.0,1.0,1.0,1.0,1.0
hainsworth/hainsworth_195/track.npy,hainsworth,1,0.8615384615384616,0.5,0.5,0.7999999999999999,0.47368421052631576,0.47368421052631576
hainsworth/hainsworth_209/track.npy,hainsworth,1,0.6694214876033058,0.0,1.0,0.6557377049180327,0.0,1.0
hainsworth/hainsworth_213/track.npy,hainsworth,1,1.0,1.0,1.0,1.0,1.0,1.0
hainsworth/hainsworth_226/track.npy,hainsworth,1,1.0,1.0,1.0,1.0,1.0,1.0
harmonix/0008_america/track.npy,harmonix,1,0.9900249376558603,0.9950124688279302,0.9950124688279302,0.99,1.0,1.0
harmonix/0010_andjusticeforall/track.npy,harmonix,1,0.9651645893256631,0.8884735202492212,0.8884735202492212,0.7476635514018692,0.4773662551440329,0.4773662551440329
harmonix/0013_athingaboutyou/track.npy,harmonix,1,0.9616189811584089,0.8827493261455526,0.8827493261455526,0.8907103825136612,0.782608695652174,0.782608695652174
harmonix/0035_boyfriend/track.npy,harmonix,1,0.9981167608286252,0.9962406015037594,0.9962406015037594,0.0,0.0,0.0
harmonix/0039_bulletproof/track.npy,harmonix,1,1.0,1.0,1.0,1.0,1.0,1.0
harmonix/0041_calabria/track.npy,harmonix,1,1.0,1.0,1.0,1.0,1.0,1.0
harmonix/0043_callmemaybe/track.npy,harmonix,1,0.9864864864864865,0.9919137466307277,0.9919137466307277,0.9837837837837837,0.989247311827957,0.989247311827957
harmonix/0061_dabutt/track.npy,harmonix,1,0.9947368421052631,0.9895287958115183,0.9895287958115183,1.0,1.0,1.0
harmonix/0067_deep/track.npy,harmonix,1,0.9912790697674418,0.9841269841269841,0.9841269841269841,0.6397694524495676,0.004329004329004329,0.46551724137931033
harmonix/0068_devilsisland/track.npy,harmonix,1,0.9784880147510756,0.9238210399032648,0.9238210399032648,0.8831775700934579,0.7397260273972602,0.7397260273972602
harmonix/0072_discoinferno/track.npy,harmonix,1,0.4189189189189189,0.43243243243243246,0.43243243243243246,0.3833333333333333,0.7076923076923077,0.7076923076923077
harmonix/0079_dontyouwantme/track.npy,harmonix,1,0.9988974641675854,0.9977973568281938,0.9977973568281938,1.0,1.0,1.0
harmonix/0092_fergalicious/track.npy,harmonix,1,0.9991902834008096,0.9983818770226537,0.9983818770226537,0.9967637540453074,0.9935483870967742,0.9935483870967742
harmonix/0093_fireburning/track.npy,harmonix,1,1.0,1.0,1.0,1.0,1.0,1.0
harmonix/0096_fivemagics/track.npy,harmonix,1,0.958161461402475,0.9294947121034077,0.9294947121034077,0.7884187082405345,0.6229508196721312,0.6229508196721312
harmonix/0098_floods/track.npy,harmonix,1,0.7627438640654499,0.5516014234875445,0.5516014234875445,0.3879093198992443,0.33663366336633666,0.33663366336633666
harmonix/0100_futureperfecttense/track.npy,harmonix,1,0.6211699164345404,0.015197568389057751,0.6336032388663968,0.51875,0.4032258064516129,0.4032258064516129
harmonix/0113_giveituptome/track.npy,harmonix,1,1.0,1.0,1.0,0.8082191780821918,0.3563218390804598,0.4700854700854701
harmonix/0114_givemeeverything/track.npy,harmonix,1,1.0,1.0,1.0,1.0,1.0,1.0
harmonix/0128_homecoming/track.npy,harmonix,1,0.87,0.7152777777777778,0.7152777777777778,0.834697217675941,0.6766467065868264,0.6766467065868264
harmonix/0137_iknowyouwantme/track.npy,harmonix,1,1.0,1.0,1.0,1.0,1.0,1.0
harmonix/0139_imcomingout/track.npy,harmonix,1,1.0,1.0,1.0,0.7326732673267327,0.6878980891719745,0.6878980891719745
harmonix/0197_nothinonyou/track.npy,harmonix,1,1.0,1.0,1.0,1.0,1.0,1.0
harmonix/0234_roundandround/track.npy,harmonix,1,1.0,1.0,1.0,1.0,1.0,1.0
harmonix/0238_sambadejaneiro/track.npy,harmonix,1,0.9620253164556962,0.9497206703910615,0.9497206703910615,0.9325842696629215,0.9333333333333333,0.9333333333333333
harmonix/0246_scenario/track.npy,harmonix,1,0.9987937273823884,0.9975903614457832,0.9975903614457832,1.0,1.0,1.0
harmonix/0251_sexychick/track.npy,harmonix,1,1.0,1.0,1.0,1.0,1.0,1.0
harmonix/0255_sleepwalker/track.npy,harmonix,1,0.8947630922693266,0.7978620019436345,0.7978620019436345,0.9255533199195172,0.9357429718875502,0.9357429718875502
harmonix/0279_thebreaks/track.npy,harmonix,1,0.9994209612044007,0.9988425925925926,0.9988425925925926,0.9976798143851509,0.9953703703703703,0.9953703703703703
harmonix/0292_timeslikethese/track.npy,harmonix,1,0.951819075712881,0.9080675422138836,0.9080675422138836,0.8296943231441047,0.5757575757575758,0.5757575757575758
harmonix/0295_toxic/track.npy,harmonix,1,1.0,1.0,1.0,1.0,1.0,1.0
harmonix/0298_turnmeon/track.npy,harmonix,1,0.997979797979798,0.9959677419354839,0.9959677419354839,0.15873015873015875,0.1076923076923077,0.7692307692307693
harmonix/0308_whatislove/track.npy,harmonix,1,1.0,1.0,1.0,1.0,1.0,1.0
harmonix/0337_alwayssomethingthere/track.npy,harmonix,1,0.9904397705544933,0.9772296015180265,0.9772296015180265,0.9923664122137404,0.9848484848484849,0.9848484848484849
harmonix/0345_beinlovetonight/track.npy,harmonix,1,0.9960886571056062,0.9922077922077922,0.9922077922077922,1.0,1.0,1.0
harmonix/0349_blow/track.npy,harmonix,1,0.9987966305655837,0.9975961538461539,0.9975961538461539,1.0,1.0,1.0
harmonix/0350_blowme/track.npy,harmonix,1,0.9976470588235293,0.9953051643192489,0.9953051643192489,1.0,1.0,1.0
harmonix/0351_blowup/track.npy,harmonix,1,1.0,1.0,1.0,1.0,1.0,1.0
harmonix/0353_bottomsup/track.npy,harmonix,1,0.6635730858468677,0.0,0.9862068965517241,0.6697674418604651,0.0,1.0
harmonix/0363_darkside/track.npy,harmonix,1,0.9856801909307875,0.9809523809523809,0.9809523809523809,0.9760765550239234,0.9809523809523809,0.9809523809523809
harmonix/0372_drinkinmyhand/track.npy,harmonix,1,1.0,1.0,1.0,1.0,1.0,1.0
harmonix/0377_eatdirt/track.npy,harmonix,1,0.9953596287703016,0.9907621247113164,0.9907621247113164,0.9907407407407407,0.9814814814814815,0.9814814814814815
harmonix/0382_fatherofmine/track.npy,harmonix,1,0.9986091794158554,0.9972222222222222,0.9972222222222222,1.0,1.0,1.0
harmonix/0385_fiveoclock/track.npy,harmonix,1,0.9964912280701755,0.993006993006993,0.993006993006993,1.0,1.0,1.0
harmonix/0393_giveyourheartabreak/track.npy,harmonix,1,1.0,1.0,1.0,1.0,1.0,1.0
harmonix/0395_gold/track.npy,harmonix,1,0.9981851179673321,0.9963768115942029,0.9963768115942029,0.9927007299270074,0.9855072463768116,0.9855072463768116
harmonix/0401_hello/track.npy,harmonix,1,0.9795121951219513,0.9196940726577438,0.9196940726577438,0.9805447470817121,0.9236641221374046,0.9236641221374046
harmonix/0403_heybaby/track.npy,harmonix,1,0.9976359338061466,0.9952830188679245,0.9952830188679245,1.0,1.0,1.0
harmonix/0428_kingofanything/track.npy,harmonix,1,0.953125,0.9378238341968912,0.9378238341968912,0.9214659685863874,0.9583333333333334,0.9583333333333334
harmonix/0431_letitrain/track.npy,harmonix,1,0.9928825622775801,0.9858657243816255,0.9858657243816255,0.9929078014184397,0.9859154929577465,0.9859154929577465
harmonix/0439_lovethewayyoulie/track.npy,harmonix,1,0.9216216216216216,0.9730458221024259,0.9730458221024259,0.918918918918919,0.989247311827957,0.989247311827957
harmonix/0445_memories/track.npy,harmonix,1,0.997716894977169,0.9954441913439636,0.9954441913439636,0.995433789954338,0.990909090909091,0.990909090909091
harmonix/0447_mindyourmanners/track.npy,harmonix,1,0.9965635738831615,0.9931506849315068,0.9931506849315068,1.0,1.0,1.0
harmonix/0455_nevertearusapart/track.npy,harmonix,1,0.9148325358851674,0.7963636363636364,0.7963636363636364,0.9325842696629213,0.8043478260869565,0.8043478260869565
harmonix/0467_onthefloor/track.npy,harmonix,1,1.0,1.0,1.0,1.0,1.0,1.0
harmonix/0479_pricetag/track.npy,harmonix,1,0.9981167608286252,0.9962406015037594,0.9962406015037594,1.0,1.0,1.0
harmonix/0481_reallove/track.npy,harmonix,1,0.9792349726775956,0.9593147751605996,0.9593147751605996,0.8132780082987553,0.6511627906976745,0.6511627906976745
harmonix/0491_skyscraper/track.npy,harmonix,1,0.9986357435197818,0.997275204359673,0.997275204359673,1.0,1.0,1.0
harmonix/0493_somebodysheartbreak/track.npy,harmonix,1,0.9484902309058614,0.8006756756756757,0.8006756756756757,0.9436619718309859,0.7866666666666666,0.7866666666666666
harmonix/0500_stay/track.npy,harmonix,1,0.9978118161925601,0.9956331877729258,0.9956331877729258,1.0,1.0,1.0
harmonix/0513_thetime/track.npy,harmonix,1,0.9884836852207294,0.9885496183206107,0.9885496183206107,0.8659003831417624,0.8625954198473282,0.8625954198473282
harmonix/0515_thisafternoon/track.npy,harmonix,1,0.995433789954338,0.990909090909091,0.990909090909091,0.857142857142857,0.5784313725490197,0.5784313725490197
harmonix/0516_thisorthat/track.npy,harmonix,1,0.9984591679506933,0.9969230769230769,0.9969230769230769,1.0,1.0,1.0
harmonix/0541_youdroppedabombonme/track.npy,harmonix,1,0.9766497461928934,0.9779116465863453,0.9779116465863453,0.975609756097561,0.9838709677419355,0.9838709677419355
harmonix/0545_youkeepmehangingon/track.npy,harmonix,1,0.9990089197224975,0.998019801980198,0.998019801980198,1.0,1.0,1.0
harmonix/0546_18days/track.npy,harmonix,1,0.8118466898954704,0.36656891495601174,0.46236559139784944,0.7402597402597403,0.23157894736842105,0.6153846153846154
harmonix/0575_badromanceskrillexremix/track.npy,harmonix,1,0.9990574929311969,0.9981167608286252,0.9981167608286252,1.0,1.0,1.0
harmonix/0581_beautifulcarlyrae/track.npy,harmonix,1,0.9938837920489296,0.9939024390243902,0.9939024390243902,0.8313253012048193,0.7093023255813954,0.7093023255813954
harmonix/0586_bed/track.npy,harmonix,1,0.7331536388140162,0.16774193548387098,0.7003610108303249,0.7513227513227512,0.24786324786324787,0.5416666666666666
harmonix/0589_bestieverhad/track.npy,harmonix,1,0.9806259314456035,0.967741935483871,0.967741935483871,0.988095238095238,0.9764705882352941,0.9764705882352941
harmonix/0597_boomboomguetta/track.npy,harmonix,1,0.9989969909729188,0.9979959919839679,0.9979959919839679,1.0,1.0,1.0
harmonix/0602_breaktheice/track.npy,harmonix,1,0.729281767955801,0.7095890410958904,0.7095890410958904,0.721311475409836,0.6956521739130435,0.6956521739130435
harmonix/0607_cantholdus/track.npy,harmonix,1,0.9967320261437909,0.9983660130718954,0.9983660130718954,0.9315960912052117,0.935064935064935,0.935064935064935
harmonix/0639_dieinyourarms/track.npy,harmonix,1,0.996969696969697,0.9939577039274925,0.9939577039274925,1.0,1.0,1.0
harmonix/0647_dontthinkidontthinkaboutit/track.npy,harmonix,1,0.9903381642512078,0.9808612440191388,0.9808612440191388,1.0,1.0,1.0
harmonix/0653_dynamite/track.npy,harmonix,1,1.0,1.0,1.0,1.0,1.0,1.0
harmonix/0654_dynamitemixinmarc/track.npy,harmonix,1,1.0,1.0,1.0,1.0,1.0,1.0
harmonix/0655_earthquakey/track.npy,harmonix,1,0.9508196721311475,0.9471766848816029,0.9471766848816029,0.948905109489051,1.0,1.0
harmonix/0658_evacuatethedancefloor/track.npy,harmonix,1,1.0,1.0,1.0,1.0,1.0,1.0
harmonix/0665_fall/track.npy,harmonix,1,0.9984917043740573,0.9969879518072289,0.9969879518072289,0.993939393939394,0.9879518072289156,0.9879518072289156
harmonix/0709_hangingon/track.npy,harmonix,1,0.9443207126948775,0.9469026548672567,0.9469026548672567,0.9107142857142857,0.9285714285714286,0.9285714285714286
harmonix/0716_heroheroine/track.npy,harmonix,1,0.7011349306431274,0.141747572815534,0.736936936936937,0.7070707070707071,0.140625,0.7410071942446043
harmonix/0723_hotelroomservice/track.npy,harmonix,1,0.9978260869565216,0.9956616052060737,0.9956616052060737,0.9205020920502093,0.8145161290322581,0.8145161290322581
harmonix/0736_igotafeeling/track.npy,harmonix,1,1.0,1.0,1.0,1.0,1.0,1.0
harmonix/0738_ihearnoises/track.npy,harmonix,1,0.9988826815642458,0.9977678571428571,0.9977678571428571,1.0,1.0,1.0
harmonix/0743_iminloveiwannadoit/track.npy,harmonix,1,0.9903011740684022,0.980788675429727,0.980788675429727,0.9897750511247443,0.979757085020243,0.979757085020243
harmonix/0747_imreal/track.npy,harmonix,1,0.9956331877729258,0.991304347826087,0.991304347826087,0.9555555555555556,0.8191489361702128,0.8191489361702128
harmonix/0748_imyours/track.npy,harmonix,1,0.8432327166504381,0.4879725085910653,0.4879725085910653,0.8449612403100776,0.4931506849315068,0.4931506849315068
harmonix/0775_knockyoudownbimbojones/track.npy,harmonix,1,0.9973568281938325,0.9947275922671354,0.9947275922671354,0.9027777777777778,0.8561643835616438,0.8561643835616438
harmonix/0782_lifeafteryou/track.npy,harmonix,1,0.9916142557651992,0.9854166666666667,0.9854166666666667,0.9294117647058824,0.7582417582417582,0.7582417582417582
harmonix/0805_lovetheysay/track.npy,harmonix,1,0.9968652037617556,0.99375,0.99375,1.0,1.0,1.0
harmonix/0813_missindependent/track.npy,harmonix,1,0.6631355932203389,0.0,0.9842767295597484,0.8958333333333333,0.643312101910828,0.643312101910828
harmonix/0818_mrsaxobeatext/track.npy,harmonix,1,0.9895536562203229,0.9793233082706767,0.9793233082706767,0.911111111111111,0.8285714285714286,0.8285714285714286
harmonix/0840_obsessed/track.npy,harmonix,1,0.9821428571428572,0.9649122807017544,0.9649122807017544,0.9822485207100593,0.9651162790697675,0.9651162790697675
harmonix/0856_paperbackhead/track.npy,harmonix,1,0.9915682967959528,0.9832775919732442,0.9832775919732442,0.9931972789115647,0.9864864864864865,0.9864864864864865
harmonix/0859_picturesofyou/track.npy,harmonix,1,0.9967213114754099,0.9934640522875817,0.9934640522875817,1.0,1.0,1.0
harmonix/0864_pleasedontleavememain/track.npy,harmonix,1,0.9930348258706468,0.9861660079051383,0.9861660079051383,0.9960159362549801,0.9920634920634921,0.9920634920634921
harmonix/0873_readyornot/track.npy,harmonix,1,1.0,1.0,1.0,1.0,1.0,1.0
harmonix/0877_releasemenow/track.npy,harmonix,1,0.9989462592202318,0.9978947368421053,0.9978947368421053,1.0,1.0,1.0
harmonix/0886_rudeboy/track.npy,harmonix,1,0.9968152866242038,0.9936507936507937,0.9936507936507937,1.0,1.0,1.0
harmonix/0888_russianroulettejump/track.npy,harmonix,1,1.0,1.0,1.0,1.0,1.0,1.0
harmonix/0897_sentimentaltune/track.npy,harmonix,1,0.9990592662276576,0.9981203007518797,0.9981203007518797,0.9962264150943396,0.9924812030075187,0.9924812030075187
harmonix/0899_sexycani/track.npy,harmonix,1,0.9964912280701755,0.993006993006993,0.993006993006993,1.0,1.0,1.0
harmonix/0902_shakeitradiomix/track.npy,harmonix,1,0.9976689976689977,0.9953488372093023,0.9953488372093023,1.0,1.0,1.0
harmonix/0909_sofineed/track.npy,harmonix,1,0.8999370673379484,0.7617328519855595,0.7617328519855595,0.7149532710280374,0.6134453781512605,0.6134453781512605
harmonix/0918_starstrukk/track.npy,harmonix,1,1.0,1.0,1.0,1.0,1.0,1.0
harmonix/0925_sweetdisposition/track.npy,harmonix,1,0.9641025641025641,0.9733606557377049,0.9733606557377049,0.9754098360655737,1.0,1.0
harmonix/0933_teardropsonmyguitar/track.npy,harmonix,1,1.0,1.0,1.0,1.0,1.0,1.0
harmonix/0943_thetheayer/track.npy,harmonix,1,1.0,1.0,1.0,1.0,1.0,1.0
harmonix/0970_whataboutnow/track.npy,harmonix,1,0.989010989010989,0.9782608695652174,0.9782608695652174,0.9875,0.9753086419753086,0.9753086419753086
harmonix/0974_whateveryoulike/track.npy,harmonix,1,0.9962546816479401,0.9925373134328358,0.9925373134328358,1.0,1.0,1.0
harmonix/0979_whenlovetakesover/track.npy,harmonix,1,0.9846547314578005,0.9795918367346939,0.9795918367346939,0.9285714285714286,0.9285714285714286,0.9285714285714286
harmonix/0982_whoknewdos/track.npy,harmonix,1,1.0,1.0,1.0,1.0,1.0,1.0
harmonix/0994_youbelongwithme/track.npy,harmonix,1,0.9989327641408752,0.997867803837953,0.997867803837953,1.0,1.0,1.0
hjdb/hjdb_A21/track.npy,hjdb,1,1.0,1.0,1.0,1.0,1.0,1.0
hjdb/hjdb_A_New_Dawn/track.npy,hjdb,1,1.0,1.0,1.0,0.675,0.65,0.65
hjdb/hjdb_Breaking_Free_2/track.npy,hjdb,1,1.0,1.0,1.0,1.0,1.0,1.0
hjdb/hjdb_Breaking_Free/track.npy,hjdb,1,1.0,1.0,1.0,1.0,1.0,1.0
hjdb/hjdb_Cant_Stop_Thinking_About/track.npy,hjdb,1,1.0,1.0,1.0,1.0,1.0,1.0
hjdb/hjdb_Chasin_A_Dream/track.npy,hjdb,1,1.0,1.0,1.0,1.0,1.0,1.0
hjdb/hjdb_Demons_Theme/track.npy,hjdb,1,1.0,1.0,1.0,1.0,1.0,1.0
hjdb/hjdb_Divine_Rhythm/track.npy,hjdb,1,1.0,1.0,1.0,1.0,1.0,1.0
hjdb/hjdb_Drummer_Of_Doom/track.npy,hjdb,1,1.0,1.0,1.0,1.0,1.0,1.0
hjdb/hjdb_Freeaneazy/track.npy,hjdb,1,1.0,1.0,1.0,1.0,1.0,1.0
hjdb/hjdb_Going_Out_For_Da_Loot/track.npy,hjdb,1,0.8559322033898306,0.4888888888888889,0.4888888888888889,0.8666666666666666,0.5,0.5
hjdb/hjdb_Here_Comes_The_Drumz_(Drumz_VIP_Mix)/track.npy,hjdb,1,1.0,1.0,1.0,1.0,1.0,1.0
hjdb/hjdb_Ill_Take_You_(Original_Mix)/track.npy,hjdb,1,1.0,0.9912280701754386,0.9912280701754386,1.0,1.0,1.0
hjdb/hjdb_Im_Gonna_Get_You/track.npy,hjdb,1,1.0,1.0,1.0,1.0,1.0,1.0
hjdb/hjdb_Keep_The_Fires_Burning/track.npy,hjdb,1,1.0,1.0,1.0,1.0,1.0,1.0
hjdb/hjdb_Lords_Of_The_Null_Lines_(Foul_Play_Remix)/track.npy,hjdb,1,1.0,1.0,1.0,1.0,1.0,1.0
hjdb/hjdb_Manic_Stampede/track.npy,hjdb,1,1.0,1.0,1.0,1.0,1.0,1.0
hjdb/hjdb_Open_Your_Mind/track.npy,hjdb,1,0.975609756097561,0.927710843373494,0.927710843373494,0.3255813953488372,0.0,0.4782608695652174
hjdb/hjdb_Original_Badboy/track.npy,hjdb,1,1.0,1.0,1.0,1.0,1.0,1.0
hjdb/hjdb_Promised_Land/track.npy,hjdb,1,1.0,1.0,1.0,1.0,1.0,1.0
hjdb/hjdb_Showtime/track.npy,hjdb,1,1.0,1.0,1.0,1.0,1.0,1.0
hjdb/hjdb_Star_Eyes/track.npy,hjdb,1,1.0,1.0,1.0,1.0,1.0,1.0
hjdb/hjdb_Terrorist_(Grooverider_Remix)/track.npy,hjdb,1,1.0,1.0,1.0,1.0,1.0,1.0
hjdb/hjdb_Terrorist_(PA_Mix)/track.npy,hjdb,1,1.0,1.0,1.0,1.0,1.0,1.0
hjdb/hjdb_Terrorist_(original)/track.npy,hjdb,1,1.0,1.0,1.0,1.0,1.0,1.0
hjdb/hjdb_Volume_1/track.npy,hjdb,1,1.0,1.0,1.0,1.0,1.0,1.0
hjdb/hjdb_Wots_My_Code_(Ray_Keith_Final_Plate)/track.npy,hjdb,1,1.0,1.0,1.0,1.0,1.0,1.0
hjdb/hjdb_Yaaah/track.npy,hjdb,1,0.9983579638752053,0.9967213114754099,0.9967213114754099,0.9934640522875817,0.987012987012987,0.987012987012987
hjdb/hjdb_You_Dont_Know/track.npy,hjdb,1,1.0,1.0,1.0,1.0,1.0,1.0
jaah/jaah_004-dexter_gordon_quartet-bikini/track.npy,jaah,1,0.980705256154358,0.9401595744680851,0.9401595744680851,0.934010152284264,0.8155339805825242,0.8155339805825242
jaah/jaah_012-stan_getz_jj_johnson-blues_in_the_closet/track.npy,jaah,1,0.9951946179721288,0.9947140797693417,0.9947140797693417,0.9951969260326609,0.9942418426103646,0.9942418426103646
jaah/jaah_024-duke_ellington_his_orchestra-diminuendo_in_blue_and_crescendo_in_blue/track.npy,jaah,1,0.9982347749338042,0.9947089947089947,0.9947089947089947,0.9447236180904522,0.7929936305732485,0.7929936305732485
jaah/jaah_032-charlie_parker_quintet-embraceable_you/track.npy,jaah,1,0.9684210526315791,0.8934426229508197,0.8934426229508197,0.8656716417910448,0.5263157894736842,0.5263157894736842
jaah/jaah_048-louis_armstrong_and_his_hot_five-hotter_than_that/track.npy,jaah,1,0.9696000000000001,0.9408945686900958,0.9408945686900958,0.9646302250803858,0.9490445859872612,0.9490445859872612
jaah/jaah_065-new_orleans_feetwarmers-maple_leaf_rag/track.npy,jaah,1,0.9513888888888887,0.8037135278514589,0.8037135278514589,0.823529411764706,0.8138297872340425,0.8138297872340425
jaah/jaah_066-anthony_braxton_muhal_richard_abrams-maple_leaf_rag/track.npy,jaah,1,0.555921052631579,0.007425742574257425,0.5803680981595092,0.8048780487804877,0.8883495145631068,0.8883495145631068
jaah/jaah_067-dick_hyman-maple_leaf_rag/track.npy,jaah,1,0.921146953405018,0.967741935483871,0.967741935483871,0.8913043478260869,0.9856115107913669,0.9856115107913669
jaah/jaah_070-thelonious_monk_quartet-misterioso/track.npy,jaah,1,0.9022556390977442,0.802158273381295,0.802158273381295,0.18666666666666668,0.06976744186046512,0.07874015748031496
jaah/jaah_073-john_coltrane_quartet-my_favorite_things_part_1_single_version/track.npy,jaah,1,0.9871944121071012,0.9745958429561201,0.9745958429561201,0.9022556390977443,0.6827586206896552,0.6827586206896552
jaah/jaah_074-duke_ellington_his_orchestra-the_new_east_st_louis_toodleoo/track.npy,jaah,1,0.9910873440285205,0.9822064056939501,0.9822064056939501,0.9857142857142858,0.9857142857142858,0.9857142857142858
jaah/jaah_079-jimmie_lunceford_and_his_orchestra-organ_grinders_swing/track.npy,jaah,1,0.9966216216216216,0.9932659932659933,0.9932659932659933,1.0,1.0,1.0
jaah/jaah_092-lennie_tristano-subconscious_lee/track.npy,jaah,1,0.9931972789115646,0.986404833836858,0.986404833836858,0.9616519174041299,0.8850574712643678,0.8850574712643678
jaah/jaah_106-wes_montgomery-west_coast_blues_abridged/track.npy,jaah,1,1.0,0.9987593052109182,0.9987593052109182,0.7196969696969696,0.5762081784386617,0.5762081784386617
rwc/rwc_classical_CD1_05/track.npy,rwc_classical,1,0.7891344383057091,0.528125,0.528125,0.7064676616915423,0.3815789473684211,0.3815789473684211
rwc/rwc_classical_CD2_03/track.npy,rwc_classical,1,0.5500868558193399,0.5834186284544524,0.5834186284544524,0.3195691202872532,0.020066889632107024,0.22818791946308725
rwc/rwc_classical_CD3_06/track.npy,rwc_classical,1,0.7380952380952381,0.4336099585062241,0.4336099585062241,0.7111111111111112,0.4325581395348837,0.4325581395348837
rwc/rwc_classical_CD4_09/track.npy,rwc_classical,1,0.9873417721518988,0.9874213836477987,0.9874213836477987,1.0,1.0,1.0
rwc/rwc_classical_CD4_12/track.npy,rwc_classical,1,0.6632124352331606,0.0,0.9846153846153847,0.8196721311475409,0.6875,0.6875
rwc/rwc_classical_CD5_02/track.npy,rwc_classical,1,0.9171270718232044,0.7667525773195877,0.7667525773195877,0.7628865979381443,0.3867924528301887,0.3867924528301887
rwc/rwc_classical_CD6_05/track.npy,rwc_classical,1,0.8940754039497307,0.899641577060932,0.899641577060932,0.8251748251748252,0.7162162162162162,0.7162162162162162
rwc/rwc_classical_CD6_12/track.npy,rwc_classical,1,0.7794117647058824,0.5657894736842105,0.5657894736842105,0.8287292817679558,0.5841584158415841,0.5841584158415841
rwc/rwc_jazz_CD1_02/track.npy,rwc_jazz,1,0.888208269525268,0.8407079646017699,0.8407079646017699,0.7317073170731707,0.2204724409448819,0.632258064516129
rwc/rwc_jazz_CD1_10/track.npy,rwc_jazz,1,0.7492537313432835,0.5534246575342465,0.5534246575342465,0.7410714285714286,0.6446280991735537,0.6446280991735537
rwc/rwc_jazz_CD2_02/track.npy,rwc_jazz,1,0.9206349206349206,0.9736842105263158,0.9736842105263158,0.7224669603524227,0.37593984962406013,0.4385026737967914
rwc/rwc_jazz_CD3_08/track.npy,rwc_jazz,1,0.9896551724137932,0.9828767123287672,0.9828767123287672,0.9862068965517242,0.9794520547945206,0.9794520547945206
rwc/rwc_jazz_CD4_13/track.npy,rwc_jazz,1,0.9965870307167236,0.9977272727272727,0.9977272727272727,0.995433789954338,0.990909090909091,0.990909090909091
rwc/rwc_jazz_CD4_15/track.npy,rwc_jazz,1,0.9331016507384883,0.749185667752443,0.749185667752443,0.9591836734693878,0.8431372549019608,0.8431372549019608
rwc/rwc_popular_CD1_02/track.npy,rwc_popular,1,0.9985855728429986,0.9971751412429378,0.9971751412429378,1.0,1.0,1.0
rwc/rwc_popular_CD1_04/track.npy,rwc_popular,1,0.9954614220877459,0.9909638554216867,0.9909638554216867,1.0,1.0,1.0
rwc/rwc_popular_CD1_09/track.npy,rwc_popular,1,0.9077598828696924,0.6648793565683646,0.6648793565683646,0.850828729281768,0.49038461538461536,0.49038461538461536
rwc/rwc_popular_CD2_05/track.npy,rwc_popular,1,0.9892215568862276,0.9832935560859188,0.9832935560859188,1.0,1.0,1.0
rwc/rwc_popular_CD2_06/track.npy,rwc_popular,1,1.0,0.9977578475336323,0.9977578475336323,1.0,1.0,1.0
rwc/rwc_popular_CD2_13/track.npy,rwc_popular,1,0.9971590909090908,0.9943342776203966,0.9943342776203966,0.9942857142857142,0.9886363636363636,0.9886363636363636
rwc/rwc_popular_CD2_16/track.npy,rwc_popular,1,0.9990186457311089,0.9980392156862745,0.9980392156862745,0.996078431372549,0.9921875,0.9921875
rwc/rwc_popular_CD3_12/track.npy,rwc_popular,1,0.9887179487179487,0.985655737704918,0.985655737704918,0.9918032786885246,0.975609756097561,0.975609756097561
rwc/rwc_popular_CD3_16/track.npy,rwc_popular,1,0.9986648865153538,0.9973333333333333,0.9973333333333333,0.9946524064171123,0.9893617021276596,0.9893617021276596
rwc/rwc_popular_CD4_11/track.npy,rwc_popular,1,0.9888357256778308,0.9873015873015873,0.9873015873015873,0.9871794871794872,0.9871794871794872,0.9871794871794872
rwc/rwc_popular_CD5_11/track.npy,rwc_popular,1,0.9924585218702866,0.9819819819819819,0.9819819819819819,0.993939393939394,0.9879518072289156,0.9879518072289156
rwc/rwc_popular_CD5_14/track.npy,rwc_popular,1,0.9480122324159022,0.8023255813953488,0.8023255813953488,0.9333333333333333,0.7931034482758621,0.7931034482758621
rwc/rwc_popular_CD6_09/track.npy,rwc_popular,1,1.0,1.0,1.0,1.0,1.0,1.0
rwc/rwc_royalty-free_CD1_08/track.npy,rwc_royalty-free,1,0.988095238095238,0.9764705882352941,0.9764705882352941,0.9841269841269841,0.96875,0.96875
rwc/rwc_royalty-free_CD1_15/track.npy,rwc_royalty-free,1,0.84251968503937,0.953125,0.953125,0.8809523809523809,0.9761904761904762,0.9761904761904762
simac/simac_A_vida_me_fez_assim_03-candeeiro/track.npy,simac,1,1.0,1.0,1.0,nan,nan,nan
simac/simac_A_vida_me_fez_assim_08-Pedro_e_Tereza/track.npy,simac,1,1.0,1.0,1.0,nan,nan,nan
simac/simac_A_vida_me_fez_assim_10-Sorri/track.npy,simac,1,0.9615384615384616,0.9615384615384616,0.9615384615384616,nan,nan,nan
simac/simac_Amber_05-Glitch/track.npy,simac,1,0.02666666666666667,0.0,0.9459459459459459,nan,nan,nan
simac/simac_Amber_06-Piezo/track.npy,simac,1,1.0,1.0,1.0,nan,nan,nan
simac/simac_As_Time_Goes_By_12-i_could_write_a_book/track.npy,simac,1,0.9642857142857143,0.9642857142857143,0.9642857142857143,nan,nan,nan
simac/simac_As_time_goes_by_disk_2_13-Experiment/track.npy,simac,1,1.0,1.0,1.0,nan,nan,nan
simac/simac_As_time_goes_by_disk_2_14-Isntit_romantic/track.npy,simac,1,0.9767441860465117,0.9545454545454546,0.9545454545454546,nan,nan,nan
simac/simac_As_time_goes_by_disk_3_01-One/track.npy,simac,1,1.0,1.0,1.0,nan,nan,nan
simac/simac_BACH_WTC_02-Prelude_and_Fugue_No._1_in_C_major_BWV_870_-_2._Fuga/track.npy,simac,1,1.0,1.0,1.0,nan,nan,nan
simac/simac_Bach_Bach_-_Cello_suite_1_G_-_03_Courante/track.npy,simac,1,0.782608695652174,0.782608695652174,0.782608695652174,nan,nan,nan
simac/simac_Bach_Bach_-_Cello_suite_2_d_-_01_Prelude/track.npy,simac,1,0.5161290322580646,0.47058823529411764,0.47058823529411764,nan,nan,nan
simac/simac_Bach_The_Well-Tempered_Clavier_II_(Disc_1)_14-Prelude_and_Fugue_No._7_in_E-flat_major_BWV_876_-_2._Fuga/track.npy,simac,1,0.9777777777777777,0.9565217391304348,0.9565217391304348,nan,nan,nan
simac/simac_Beethoven_The_String_Quartets_-_CD_3_08-IV_Finale-_Presto/track.npy,simac,1,0.9,0.875,0.875,nan,nan,nan
simac/simac_Bela_Bartok_02-The_Miraculous_Mandarin_2_1st_Decoy_Game/track.npy,simac,1,0.85,1.0,1.0,nan,nan,nan
simac/simac_Bela_Bartok_11-Music_for_Strings_Percussion_and_Celesta_III_Adagio/track.npy,simac,1,0.7916666666666667,0.92,0.92,nan,nan,nan
simac/simac_Bernstein_conducts_Stravinsky_08-Dance_of_the_earth/track.npy,simac,1,0.6557377049180327,0.0,0.9024390243902439,nan,nan,nan
simac/simac_Bernstein_conducts_Stravinsky_10-Mystical_circles_of_the_young_girls/track.npy,simac,1,0.8461538461538461,1.0,1.0,nan,nan,nan
simac/simac_Bernstein_conducts_Stravinsky_19-Waltz_ballerina_and_the_moor/track.npy,simac,1,0.5,0.0,0.0,nan,nan,nan
simac/simac_Bernstein_conducts_Stravinsky_22-The_bear_and_the_peasant/track.npy,simac,1,0.7096774193548386,0.5882352941176471,0.5882352941176471,nan,nan,nan
simac/simac_Bernstein_conducts_Stravinsky_24-Danse_of_the_coachmen_and_grooms/track.npy,simac,1,0.6896551724137931,0.6551724137931034,0.6551724137931034,nan,nan,nan
simac/simac_Cafe_Zimmermann_06-Suite_en_ut_majeur_BWV_1066_-_Ouverture/track.npy,simac,1,0.8235294117647058,1.0,1.0,nan,nan,nan
simac/simac_Cafe_Zimmermann_15-Concerto_pour_hautbois_&_violon_en_ut_mineur_BWV_1060_-_Allegro/track.npy,simac,1,0.9836065573770492,0.967741935483871,0.967741935483871,nan,nan,nan
simac/simac_Clandestino_-_esperando_la_ultima_ola_04-Je_ne_t_aime_plus/track.npy,simac,1,0.631578947368421,0.0,0.9736842105263158,nan,nan,nan
simac/simac_Clandestino_-_esperando_la_ultima_ola_06-Lagrimas_de_oro/track.npy,simac,1,1.0,1.0,1.0,nan,nan,nan
simac/simac_DGG_419_047-2_08-Toccata_Adagio_u._Fuge_C-dur_BWV_564_-_II_Adagio/track.npy,simac,1,0.7692307692307693,1.0,1.0,nan,nan,nan
simac/simac_DGG_419_047-2_10-Triosonate_Nr._1_Es-Dur_BWV_525_-_I_(Allegro)/track.npy,simac,1,1.0,1.0,1.0,nan,nan,nan
simac/simac_DGG_419_047-2_12-Triosonate_Nr._1_Es-Dur_BWV_525_-_III_Allegro/track.npy,simac,1,0.9130434782608695,1.0,1.0,nan,nan,nan
simac/simac_Ella_&_Louis_11-Oh_Johnny/track.npy,simac,1,0.611111111111111,0.0,0.8541666666666666,nan,nan,nan
simac/simac_Ella_&_Louis_15-Billy/track.npy,simac,1,0.6575342465753424,0.0,0.9387755102040817,nan,nan,nan
simac/simac_Fado_08-AudioTrack_08/track.npy,simac,1,0.4126984126984127,0.0,0.02127659574468085,nan,nan,nan
simac/simac_Family_Tree_-_Greatest_Hits_As_Chosen_By_Bjork_01-Venus_As_A_Boy/track.npy,simac,1,0.6666666666666666,0.0,0.9705882352941176,nan,nan,nan
simac/simac_Family_Tree_-_Greatest_Hits_As_Chosen_By_Bjork_05-Joga/track.npy,simac,1,0.6785714285714285,0.0,1.0,nan,nan,nan
simac/simac_Ludwid_van_Beethoven_05-Quartet_in_C-sharp_major_Op._131_I._Adagio_ma_non_troppo_e_molto_espressivo_-_attacca/track.npy,simac,1,0.6285714285714287,0.8888888888888888,0.8888888888888888,nan,nan,nan
simac/simac_Niandra_LaDes_and_Usually_Just_a_T-Shirt_04-Big_Takeover/track.npy,simac,1,1.0,1.0,1.0,nan,nan,nan
simac/simac_Niandra_LaDes_and_Usually_Just_a_T-Shirt_08-Been_Insane/track.npy,simac,1,1.0,1.0,1.0,nan,nan,nan
simac/simac_Niandra_LaDes_and_Usually_Just_a_T-Shirt_09-Skin_Blues/track.npy,simac,1,0.9795918367346939,0.96,0.96,nan,nan,nan
simac/simac_Niandra_LaDes_and_Usually_Just_a_T-Shirt_10-Your_Pussys_Glued_to_a_Building_on_Fire/track.npy,simac,1,1.0,1.0,1.0,nan,nan,nan
simac/simac_Niandra_LaDes_and_Usually_Just_a_T-Shirt_12-Ten_to_Butter_Blood_Voodoo/track.npy,simac,1,0.76,0.42857142857142855,0.42857142857142855,nan,nan,nan
simac/simac_Papakonstantinou_05-AudioTrack_05/track.npy,simac,1,1.0,1.0,1.0,nan,nan,nan
simac/simac_Papakonstantinou_17-AudioTrack_17/track.npy,simac,1,0.6666666666666666,0.0,0.9666666666666667,nan,nan,nan
simac/simac_Primer_Aliento_04-Varsovia_en_llamas/track.npy,simac,1,1.0,1.0,1.0,nan,nan,nan
simac/simac_Primer_Aliento_16-Kraken/track.npy,simac,1,1.0,1.0,1.0,nan,nan,nan
simac/simac_R.A.F.I_13-Real_Areas_For_Investigation/track.npy,simac,1,0.5555555555555556,0.38461538461538464,0.38461538461538464,nan,nan,nan
simac/simac_Samba_na_Madrugada_05-Momento_de_Fraqueza/track.npy,simac,1,1.0,1.0,1.0,nan,nan,nan
simac/simac_Samba_na_Madrugada_11-Alo_Alo/track.npy,simac,1,0.038461538461538464,0.038461538461538464,0.038461538461538464,nan,nan,nan
simac/simac_Santana_03-La_Puesta_De_Sol/track.npy,simac,1,1.0,1.0,1.0,nan,nan,nan
simac/simac_So_Cartola_12-Divina_Dama/track.npy,simac,1,0.9787234042553191,0.9583333333333334,0.9583333333333334,nan,nan,nan
simac/simac_Songs_Afrocuba_-_Mezquinidad/track.npy,simac,1,0.679245283018868,0.41379310344827586,0.41379310344827586,nan,nan,nan
simac/simac_Tales_Of_Mystery_And_Imagination_02-The_Raven/track.npy,simac,1,0.0909090909090909,0.5416666666666666,0.5416666666666666,nan,nan,nan
simac/simac_Tanto_Tempo_01-Samba_da_Bencao/track.npy,simac,1,1.0,1.0,1.0,nan,nan,nan
simac/simac_Tanto_Tempo_11-Close_Your_Eyes/track.npy,simac,1,1.0,1.0,1.0,nan,nan,nan
simac/simac_The_Art_of_Spanish_Guitar_02-Lauro_Dos_Valses_Venezolanos_-_Uno/track.npy,simac,1,0.4788732394366197,0.0,0.2962962962962963,nan,nan,nan
simac/simac_The_Crackdown_03-Talking_Time/track.npy,simac,1,1.0,1.0,1.0,nan,nan,nan
simac/simac_The_Crackdown_04-Animation/track.npy,simac,1,1.0,1.0,1.0,nan,nan,nan
simac/simac_Tomatito_Tomatito-01.Barrio_negro/track.npy,simac,1,0.19672131147540983,0.2903225806451613,0.2903225806451613,nan,nan,nan
simac/simac_VOL.3_Musiques_pour_guitare_et_violoncelle_09-M._de_Falla_7_chansons_populaires_espagnoles_(extraits)_-_El_pano_moruno/track.npy,simac,1,0.43243243243243246,0.09090909090909091,0.09090909090909091,nan,nan,nan
simac/simac_Xatzidakis_17-AudioTrack_17/track.npy,simac,1,0.6666666666666666,0.0,0.96875,nan,nan,nan
simac/simac_aire_06-Arrengao/track.npy,simac,1,0.975,0.975,0.975,nan,nan,nan
simac/simac_blues_roots_cryin_blues/track.npy,simac,1,1.0,1.0,1.0,nan,nan,nan
simac/simac_greek_Mavili_-_Afto_t_agori/track.npy,simac,1,0.6521739130434783,0.0,0.9354838709677419,nan,nan,nan
simac/simac_more_greek_03_Virginouda/track.npy,simac,1,0.3888888888888889,0.0,0.0,nan,nan,nan
simac/simac_more_greek_08_Kapoios_peftei.../track.npy,simac,1,1.0,1.0,1.0,nan,nan,nan
simac/simac_more_greek_Giannakopoulou_-_Marina/track.npy,simac,1,0.9787234042553191,0.9583333333333334,0.9583333333333334,nan,nan,nan
simac/simac_more_greek_Ksylouris_-_Xilia_myria_kymata/track.npy,simac,1,0.6829268292682926,0.0,1.0,nan,nan,nan
simac/simac_more_greek_Makedonas_-_Savvatovrado_stin_Kaisariani/track.npy,simac,1,0.9,0.9,0.9,nan,nan,nan
simac/simac_more_greek_Mosxoliou_-_Eipa_na_svisw_ta_palia/track.npy,simac,1,0.653061224489796,0.0,0.9393939393939394,nan,nan,nan
simac/simac_more_greek_Mpellou_-_De_les_kouventa/track.npy,simac,1,0.6976744186046512,0.03571428571428571,0.9310344827586207,nan,nan,nan
simac/simac_more_greek_Mpellou_-_O_kosmos_einai_san_mpakses/track.npy,simac,1,0.6521739130434783,0.0,0.9354838709677419,nan,nan,nan
simac/simac_more_greek_Mpi8ikwtsis_-_Brexei_sti_ftwxogeitonia/track.npy,simac,1,0.9444444444444444,1.0,1.0,nan,nan,nan
simac/simac_more_greek_Mpi8ikwtsis_-_Kokotas_-_Stou_O8wna_ta_xronia/track.npy,simac,1,0.9230769230769231,1.0,1.0,nan,nan,nan
simac/simac_more_greek_Mpi8ikwtsis_-_Mia_Kyriaki/track.npy,simac,1,0.6190476190476191,0.0,0.8928571428571429,nan,nan,nan
simac/simac_more_greek_NinouTsitsanis_-_Synnefiasmeni_Kyriaki/track.npy,simac,1,0.6666666666666666,0.0,0.96875,nan,nan,nan
simac/simac_more_greek_Ntalaras_-_Ta_matoklada_sou_lampoun/track.npy,simac,1,0.6538461538461539,0.0,0.9428571428571428,nan,nan,nan
simac/simac_more_greek_Panou_Dionysiou_Tsitsanis_-_Axaristi/track.npy,simac,1,1.0,1.0,1.0,nan,nan,nan
smc/smc_006/track.npy,smc,1,0.8437499999999999,0.5833333333333334,0.5833333333333334,nan,nan,nan
smc/smc_018/track.npy,smc,1,0.3636363636363636,0.26,0.32,nan,nan,nan
smc/smc_026/track.npy,smc,1,0.7457627118644068,0.9333333333333333,0.9333333333333333,nan,nan,nan
smc/smc_027/track.npy,smc,1,0.5476190476190476,0.44680851063829785,0.44680851063829785,nan,nan,nan
smc/smc_065/track.npy,smc,1,0.9767441860465116,1.0,1.0,nan,nan,nan
smc/smc_068/track.npy,smc,1,0.9245283018867925,0.9811320754716981,0.9811320754716981,nan,nan,nan
smc/smc_082/track.npy,smc,1,0.9421487603305785,0.84375,0.84375,nan,nan,nan
smc/smc_089/track.npy,smc,1,0.5679012345679013,0.26,0.4838709677419355,nan,nan,nan
smc/smc_104/track.npy,smc,1,0.6476190476190476,0.15151515151515152,0.6363636363636364,nan,nan,nan
smc/smc_106/track.npy,smc,1,0.35185185185185186,0.0,0.5277777777777778,nan,nan,nan
smc/smc_111/track.npy,smc,1,0.48780487804878053,0.22916666666666666,0.22916666666666666,nan,nan,nan
smc/smc_118/track.npy,smc,1,0.27906976744186046,0.09433962264150944,0.16923076923076924,nan,nan,nan
smc/smc_130/track.npy,smc,1,0.4923076923076923,0.275,0.275,nan,nan,nan
smc/smc_142/track.npy,smc,1,0.5822784810126581,0.5116279069767442,0.5116279069767442,nan,nan,nan
smc/smc_157/track.npy,smc,1,0.651685393258427,0.9333333333333333,0.9333333333333333,nan,nan,nan
smc/smc_167/track.npy,smc,1,0.5333333333333333,0.7083333333333334,0.7083333333333334,nan,nan,nan
smc/smc_169/track.npy,smc,1,0.5793103448275861,0.1958762886597938,0.1958762886597938,nan,nan,nan
smc/smc_174/track.npy,smc,1,0.32989690721649484,0.27450980392156865,0.27450980392156865,nan,nan,nan
smc/smc_198/track.npy,smc,1,0.735042735042735,0.6119402985074627,0.6119402985074627,nan,nan,nan
smc/smc_219/track.npy,smc,1,0.8484848484848485,0.92,0.92,nan,nan,nan
smc/smc_243/track.npy,smc,1,0.75,0.7586206896551724,0.7586206896551724,nan,nan,nan
smc/smc_248/track.npy,smc,1,0.325,0.0,0.4642857142857143,nan,nan,nan
smc/smc_251/track.npy,smc,1,0.9160305343511451,0.9552238805970149,0.9552238805970149,nan,nan,nan
smc/smc_256/track.npy,smc,1,0.631578947368421,0.0,0.7142857142857143,nan,nan,nan
smc/smc_261/track.npy,smc,1,0.4155844155844156,0.4878048780487805,0.4878048780487805,nan,nan,nan
smc/smc_271/track.npy,smc,1,1.0,1.0,1.0,nan,nan,nan
smc/smc_276/track.npy,smc,1,0.6666666666666666,0.0,1.0,nan,nan,nan
tapcorrect/005_youtube_RB-RcX5DS5A/track.npy,tapcorrect,1,0.9967532467532468,0.9935275080906149,0.9935275080906149,1.0,1.0,1.0
tapcorrect/013_youtube_6iGpdkgr57g/track.npy,tapcorrect,1,0.9936575052854123,0.9915433403805497,0.9915433403805497,0.9915966386554622,0.9915966386554622,0.9915966386554622
tapcorrect/016_youtube_eelfrHtmk68/track.npy,tapcorrect,1,0.964968152866242,0.964968152866242,0.964968152866242,0.9681528662420382,0.9873417721518988,0.9873417721518988
tapcorrect/028_youtube_StFfXP4eAgU/track.npy,tapcorrect,1,0.9983471074380166,0.9966996699669967,0.9966996699669967,1.0,1.0,1.0
tapcorrect/033_youtube_0Jj9rOwkfLM/track.npy,tapcorrect,1,0.882051282051282,0.5889145496535797,0.5889145496535797,0.8571428571428572,0.5596330275229358,0.5596330275229358
tapcorrect/035_youtube_NCnT_grZvLE/track.npy,tapcorrect,1,0.9980276134122288,0.9960629921259843,0.9960629921259843,1.0,1.0,1.0
tapcorrect/044_youtube_BwKPJJxSnOE/track.npy,tapcorrect,1,0.998473282442748,0.9969512195121951,0.9969512195121951,0.6585365853658536,0.0,0.9727272727272728
tapcorrect/072_youtube_sABVieMgwlA/track.npy,tapcorrect,1,0.9976019184652278,0.9952038369304557,0.9952038369304557,1.0,1.0,1.0
tapcorrect/078_youtube_DL_uU76w5eQ/track.npy,tapcorrect,1,0.9534368070953437,0.8425531914893617,0.8425531914893617,0.7714285714285714,0.29411764705882354,0.5412844036697247
tapcorrect/079_youtube_aEW001GcS9s/track.npy,tapcorrect,1,0.9977116704805492,0.9954337899543378,0.9954337899543378,0.6719999999999999,0.4117647058823529,0.4117647058823529
tapcorrect/080_youtube_9z1A1R8RQZs/track.npy,tapcorrect,1,0.998211091234347,0.9964285714285714,0.9964285714285714,1.0,1.0,1.0
tapcorrect/091_youtube_NCtzkaL2t_Y/track.npy,tapcorrect,1,0.9845559845559846,0.9806949806949807,0.9806949806949807,0.955223880597015,0.8285714285714286,0.8285714285714286
tapcorrect/095_youtube_zO6D_BAuYCI/track.npy,tapcorrect,1,0.9563046192259677,0.8875305623471883,0.8875305623471883,0.9855072463768114,0.9903846153846154,0.9903846153846154
asap/Bach_Fugue_bwv_854_LuA01M/track.npy,asap,2,0.8598130841121495,0.7027027027027027,0.7027027027027027,0.5,0.0,0.6274509803921569
asap/Bach_Fugue_bwv_854_MiyashitaM01M/track.npy,asap,2,0.6845637583892618,0.046153846153846156,0.8975609756097561,0.3902439024390244,0.0,0.4107142857142857
asap/Bach_Fugue_bwv_854_Ozaki01M/track.npy,asap,2,1.0,1.0,1.0,0.4313725490196078,0.2692307692307692,0.44
asap/Bach_Fugue_bwv_854_Richardson01M/track.npy,asap,2,0.9543147208121827,0.8725490196078431,0.8725490196078431,0.4444444444444445,0.1891891891891892,0.1891891891891892
asap/Bach_Fugue_bwv_854_WangA01M/track.npy,asap,2,0.8686868686868687,0.7766990291262136,0.7766990291262136,0.4074074074074074,0.0,0.39215686274509803
asap/Bach_Fugue_bwv_856_LuoJ01M/track.npy,asap,2,0.5415162454873647,0.05,0.05,0.66,0.04477611940298507,0.7647058823529411
asap/Bach_Fugue_bwv_870_ChenW01M/track.npy,asap,2,0.990353697749196,0.967948717948718,0.967948717948718,0.6551724137931034,0.0,0.6666666666666666
asap/Bach_Fugue_bwv_870_LeeE01M/track.npy,asap,2,1.0,1.0,1.0,0.6666666666666666,0.01282051282051282,0.6923076923076923
asap/Bach_Fugue_bwv_870_MaximovI01M/track.npy,asap,2,1.0,1.0,1.0,0.6666666666666666,0.01282051282051282,0.717948717948718
asap/Bach_Prelude_bwv_854_LuA01M/track.npy,asap,2,0.9479768786127167,0.9204545454545454,0.9204545454545454,0.5084745762711864,0.0,0.6976744186046512
asap/Bach_Prelude_bwv_854_MiyashitaM01M/track.npy,asap,2,0.976470588235294,0.9310344827586207,0.9310344827586207,0.6349206349206349,0.0,0.9302325581395349
asap/Bach_Prelude_bwv_854_Ozaki01M/track.npy,asap,2,0.9886363636363636,0.9659090909090909,0.9659090909090909,0.65625,0.0,0.9534883720930233
asap/Bach_Prelude_bwv_854_Richardson01M/track.npy,asap,2,0.983050847457627,0.9550561797752809,0.9550561797752809,0.6461538461538462,0.0,0.9534883720930233
asap/Bach_Prelude_bwv_854_WangA01M/track.npy,asap,2,0.976470588235294,0.9310344827586207,0.9310344827586207,0.5084745762711864,0.0,0.6744186046511628
asap/Bach_Prelude_bwv_862_Song04M/track.npy,asap,2,0.9590163934426229,0.9186991869918699,0.9186991869918699,0.926829268292683,0.8780487804878049,0.8780487804878049
asap/Bach_Prelude_bwv_865_Rizikov01M/track.npy,asap,2,0.9548387096774194,0.8987341772151899,0.8987341772151899,0.47619047619047616,0.10810810810810811,0.10810810810810811
asap/Bach_Prelude_bwv_865_Teo01M/track.npy,asap,2,0.6600985221674877,0.2109375,0.2109375,0.39999999999999997,0.2,0.2
asap/Bach_Prelude_bwv_865_ZhangE01M/track.npy,asap,2,0.7204301075268817,0.33636363636363636,0.33636363636363636,0.46464646464646464,0.0136986301369863,0.0273972602739726
asap/Bach_Prelude_bwv_892_Hou01M/track.npy,asap,2,0.991304347826087,0.9826589595375722,0.9826589595375722,0.8387096774193548,0.6326530612244898,0.6326530612244898
asap/Bach_Prelude_bwv_892_KabuliL01M/track.npy,asap,2,1.0,1.0,1.0,0.9072164948453608,0.660377358490566,0.660377358490566
asap/Bach_Prelude_bwv_893_Kleisen04M/track.npy,asap,2,0.76,0.6904761904761905,0.6904761904761905,0.6050420168067226,0.4603174603174603,0.4603174603174603
asap/Bach_Prelude_bwv_893_Levitsky04M/track.npy,asap,2,0.8955223880597014,0.7394366197183099,0.7394366197183099,0.7154471544715446,0.6031746031746031,0.6031746031746031
asap/Bach_Prelude_bwv_893_Wong01M/track.npy,asap,2,0.6690391459074733,0.4675324675324675,0.4675324675324675,0.49572649572649563,0.375,0.375
asap/Beethoven_Piano_Sonatas_10-1_Hou02M/track.npy,asap,2,0.7999999999999999,0.7201017811704835,0.7201017811704835,0.6568047337278107,0.3248730964467005,0.3248730964467005
asap/Beethoven_Piano_Sonatas_11-1_LiC03M/track.npy,asap,2,0.9482645710543549,0.8545918367346939,0.8545918367346939,0.7041198501872659,0.1390532544378698,0.7186700767263428
asap/Beethoven_Piano_Sonatas_11-1_LiYZ03M/track.npy,asap,2,0.9845161290322582,0.9477040816326531,0.9477040816326531,0.8250539956803455,0.43820224719101125,0.43820224719101125
asap/Beethoven_Piano_Sonatas_11-1_MaximovI02M/track.npy,asap,2,0.9143994691439947,0.7547892720306514,0.7547892720306514,0.7708333333333334,0.3204225352112676,0.46547314578005117
asap/Beethoven_Piano_Sonatas_11-1_ZhaoK02M/track.npy,asap,2,0.9607843137254901,0.8773946360153256,0.8773946360153256,0.7333333333333334,0.21019108280254778,0.6061381074168798
asap/Beethoven_Piano_Sonatas_22-2_KOLESO04M/track.npy,asap,2,0.7880184331797235,0.6190476190476191,0.6190476190476191,0.5343915343915344,0.3054187192118227,0.3054187192118227
asap/Beethoven_Piano_Sonatas_31-2_ADIG05M/track.npy,asap,2,0.7617765814266487,0.30405405405405406,0.30405405405405406,0.2884012539184953,0.04954954954954955,0.07207207207207207
asap/Beethoven_Piano_Sonatas_32-1_DupreeF03M/track.npy,asap,2,0.8257993384785005,0.6067073170731707,0.6067073170731707,0.3441558441558442,0.004901960784313725,0.3759036144578313
asap/Beethoven_Piano_Sonatas_32-1_HouY04M/track.npy,asap,2,0.7261538461538461,0.3719892952720785,0.3719892952720785,0.32085561497326204,0.039660056657223795,0.2674698795180723
asap/Beethoven_Piano_Sonatas_32-1_Jussow06M/track.npy,asap,2,0.7320061255742727,0.41098317094774134,0.41098317094774134,0.3713355048859935,0.024630541871921183,0.3542168674698795
asap/Chopin_Etudes_op_10_4_Richardson_2013_03M/track.npy,asap,2,1.0,0.9808917197452229,0.9808917197452229,1.0,1.0,1.0
asap/Chopin_Etudes_op_25_12_BorickC04M/track.npy,asap,2,0.764516129032258,0.50625,0.50625,0.7898089171974523,0.725,0.725
asap/Chopin_Etudes_op_25_12_HouKimberly03M/track.npy,asap,2,0.8383045525902669,0.6865203761755486,0.6865203761755486,0.8518518518518519,0.7804878048780488,0.7804878048780488
asap/Chopin_Etudes_op_25_12_LuA04M/track.npy,asap,2,0.9591194968553459,0.85,0.85,0.9367088607594937,0.9,0.9
asap/Haydn_Keyboard_Sonatas_31-1_Song05M/track.npy,asap,2,0.7648054145516076,0.40236686390532544,0.40236686390532544,0.42857142857142855,0.022556390977443608,0.49624060150375937
asap/Liszt_Concert_Etude_S145_2_Lu03M/track.npy,asap,2,0.872463768115942,0.6621621621621622,0.6621621621621622,0.6879432624113476,0.3475609756097561,0.3475609756097561
asap/Liszt_Concert_Etude_S145_2_Tario06M/track.npy,asap,2,0.8632707774798928,0.752,0.752,0.5950920245398773,0.4634146341463415,0.4634146341463415
asap/Liszt_Gran_Etudes_de_Paganini_2_La_campanella_BuiJL03M/track.npy,asap,2,0.4627450980392156,0.05142083897158322,0.056833558863328824,0.47953216374269003,0.13930348258706468,0.3238434163701068
asap/Liszt_Gran_Etudes_de_Paganini_2_La_campanella_LeungR04M/track.npy,asap,2,0.499492385786802,0.07659574468085106,0.07659574468085106,0.4258760107816712,0.11255411255411256,0.3835125448028674
asap/Liszt_Gran_Etudes_de_Paganini_2_La_campanella_Levitsky06M/track.npy,asap,2,0.4878048780487806,0.06602254428341385,0.07729468599033816,0.49577464788732395,0.1822429906542056,0.33451957295373663
asap/Liszt_Gran_Etudes_de_Paganini_2_La_campanella_Lin07M/track.npy,asap,2,0.4657004830917875,0.017218543046357615,0.05827814569536424,0.5025380710659899,0.047244094488188976,0.5806451612903226
asap/Liszt_Gran_Etudes_de_Paganini_2_La_campanella_LiuC05M/track.npy,asap,2,0.46555323590814196,0.06489675516224189,0.0855457227138643,0.45029239766081874,0.13366336633663367,0.2903225806451613
asap/Liszt_Gran_Etudes_de_Paganini_2_La_campanella_LiuY03M/track.npy,asap,2,0.4685466377440347,0.11214953271028037,0.11214953271028037,0.4550898203592814,0.25773195876288657,0.25773195876288657
asap/Liszt_Gran_Etudes_de_Paganini_2_La_campanella_MunA08M/track.npy,asap,2,0.5129265770423992,0.09183673469387756,0.09183673469387756,0.5567567567567567,0.13537117903930132,0.41637010676156583
asap/Liszt_Gran_Etudes_de_Paganini_2_La_campanella_VuV06M/track.npy,asap,2,0.4205426356589147,0.034574468085106384,0.05186170212765957,0.42702702702702705,0.13478260869565217,0.35125448028673834
asap/Liszt_Gran_Etudes_de_Paganini_2_La_campanella_Yang05M/track.npy,asap,2,0.46982358402971214,0.0617906683480454,0.07818411097099622,0.46376811594202894,0.12315270935960591,0.31802120141342755
asap/Liszt_Gran_Etudes_de_Paganini_2_La_campanella_ZhangH07M/track.npy,asap,2,0.46861924686192463,0.03698224852071006,0.11538461538461539,0.41543026706231456,0.2233502538071066,0.2233502538071066
ballroom/ballroom_Albums-Ballroom_Classics4-20/track.npy,ballroom,2,1.0,1.0,1.0,1.0,1.0,1.0
ballroom/ballroom_Albums-Ballroom_Magic-16/track.npy,ballroom,2,1.0,1.0,1.0,1.0,1.0,1.0
ballroom/ballroom_Albums-Ballroom_Magic-17/track.npy,ballroom,2,0.993939393939394,0.9879518072289156,0.9879518072289156,1.0,1.0,1.0
ballroom/ballroom_Albums-Cafe_Paradiso-06/track.npy,ballroom,2,1.0,1.0,1.0,1.0,1.0,1.0
ballroom/ballroom_Albums-Chrisanne2-04/track.npy,ballroom,2,1.0,1.0,1.0,1.0,1.0,1.0
ballroom/ballroom_Albums-Chrisanne3-04/track.npy,ballroom,2,0.7304347826086958,0.6440677966101694,0.6440677966101694,0.4444444444444445,0.7857142857142857,0.7857142857142857
ballroom/ballroom_Albums-Commitments-08/track.npy,ballroom,2,0.9781021897810218,0.9571428571428572,0.9571428571428572,0.9696969696969697,0.9411764705882353,0.9411764705882353
ballroom/ballroom_Albums-Commitments-10/track.npy,ballroom,2,1.0,1.0,1.0,1.0,1.0,1.0
ballroom/ballroom_Albums-Commitments-11/track.npy,ballroom,2,1.0,1.0,1.0,1.0,1.0,1.0
ballroom/ballroom_Albums-Latin_Jam-03/track.npy,ballroom,2,0.9885057471264368,0.9772727272727273,0.9772727272727273,0.9523809523809523,0.9090909090909091,0.9090909090909091
ballroom/ballroom_Albums-Latin_Jam3-03/track.npy,ballroom,2,0.9902912621359222,0.9807692307692307,0.9807692307692307,1.0,1.0,1.0
ballroom/ballroom_Albums-Latin_Jam3-11/track.npy,ballroom,2,0.9931972789115647,0.9864864864864865,0.9864864864864865,0.972972972972973,0.9473684210526315,0.9473684210526315
ballroom/ballroom_Albums-Latin_Jam4-03/track.npy,ballroom,2,1.0,1.0,1.0,1.0,1.0,1.0
ballroom/ballroom_Albums-Latin_Jam4-06/track.npy,ballroom,2,1.0,1.0,1.0,1.0,1.0,1.0
ballroom/ballroom_Albums-Latin_Jam4-07/track.npy,ballroom,2,0.9885057471264368,0.9772727272727273,0.9772727272727273,0.9523809523809523,0.9090909090909091,0.9090909090909091
ballroom/ballroom_Albums-Latin_Jam4-10/track.npy,ballroom,2,1.0,1.0,1.0,1.0,1.0,1.0
ballroom/ballroom_Albums-Latin_Jam5-11/track.npy,ballroom,2,1.0,1.0,1.0,1.0,1.0,1.0
ballroom/ballroom_Albums-Latino_Latino-03/track.npy,ballroom,2,1.0,1.0,1.0,1.0,1.0,1.0
ballroom/ballroom_Albums-Latino_Latino-09/track.npy,ballroom,2,0.9914529914529915,0.9830508474576272,0.9830508474576272,1.0,1.0,1.0
ballroom/ballroom_Albums-Latino_Latino-10/track.npy,ballroom,2,0.989247311827957,0.9787234042553191,0.9787234042553191,0.9565217391304348,0.9166666666666666,0.9166666666666666
ballroom/ballroom_Albums-Macumba-05/track.npy,ballroom,2,1.0,1.0,1.0,1.0,1.0,1.0
ballroom/ballroom_Albums-Macumba-10/track.npy,ballroom,2,0.9873417721518987,0.975,0.975,1.0,1.0,1.0
ballroom/ballroom_Albums-Macumba-12/track.npy,ballroom,2,1.0,1.0,1.0,1.0,1.0,1.0
ballroom/ballroom_Albums-Pais_Tropical-02/track.npy,ballroom,2,0.9879518072289156,0.9761904761904762,0.9761904761904762,1.0,1.0,1.0
ballroom/ballroom_Albums-Pais_Tropical-06/track.npy,ballroom,2,1.0,1.0,1.0,1.0,1.0,1.0
ballroom/ballroom_Albums-StrictlyDancing_Tango-07/track.npy,ballroom,2,1.0,1.0,1.0,0.23076923076923078,0.23076923076923078,0.6923076923076923
ballroom/ballroom_Albums-StrictlyDancing_Tango-12/track.npy,ballroom,2,0.99009900990099,0.9803921568627451,0.9803921568627451,1.0,1.0,1.0
ballroom/ballroom_Media-100608/track.npy,ballroom,2,1.0,1.0,1.0,1.0,1.0,1.0
ballroom/ballroom_Media-100609/track.npy,ballroom,2,1.0,0.9863013698630136,0.9863013698630136,1.0,1.0,1.0
ballroom/ballroom_Media-100614/track.npy,ballroom,2,0.9942857142857142,0.9886363636363636,0.9886363636363636,0.9767441860465117,0.9545454545454546,0.9545454545454546
ballroom/ballroom_Media-103308/track.npy,ballroom,2,0.993103448275862,0.9726027397260274,0.9726027397260274,0.9795918367346939,0.96,0.96
ballroom/ballroom_Media-103505/track.npy,ballroom,2,1.0,1.0,1.0,1.0,1.0,1.0
ballroom/ballroom_Media-103602/track.npy,ballroom,2,1.0,1.0,1.0,1.0,1.0,1.0
ballroom/ballroom_Media-103603/track.npy,ballroom,2,1.0,1.0,1.0,1.0,1.0,1.0
ballroom/ballroom_Media-103709/track.npy,ballroom,2,1.0,1.0,1.0,1.0,1.0,1.0
ballroom/ballroom_Media-103713/track.npy,ballroom,2,1.0,1.0,1.0,1.0,1.0,1.0
ballroom/ballroom_Media-103716/track.npy,ballroom,2,1.0,1.0,1.0,1.0,1.0,1.0
ballroom/ballroom_Media-103901/track.npy,ballroom,2,0.6875000000000001,0.5238095238095238,0.5238095238095238,0.7058823529411764,0.5454545454545454,0.5454545454545454
ballroom/ballroom_Media-103903/track.npy,ballroom,2,1.0,1.0,1.0,1.0,1.0,1.0
ballroom/ballroom_Media-103912/track.npy,ballroom,2,1.0,1.0,1.0,1.0,1.0,1.0
ballroom/ballroom_Media-103913/track.npy,ballroom,2,1.0,1.0,1.0,1.0,1.0,1.0
ballroom/ballroom_Media-103914/track.npy,ballroom,2,1.0,1.0,1.0,1.0,1.0,1.0
ballroom/ballroom_Media-103920/track.npy,ballroom,2,1.0,1.0,1.0,1.0,1.0,1.0
ballroom/ballroom_Media-104001/track.npy,ballroom,2,0.988235294117647,0.9767441860465116,0.9767441860465116,1.0,1.0,1.0
ballroom/ballroom_Media-104002/track.npy,ballroom,2,1.0,1.0,1.0,1.0,1.0,1.0
ballroom/ballroom_Media-104107/track.npy,ballroom,2,1.0,1.0,1.0,1.0,1.0,1.0
ballroom/ballroom_Media-104111/track.npy,ballroom,2,1.0,1.0,1.0,1.0,1.0,1.0
ballroom/ballroom_Media-104117/track.npy,ballroom,2,0.993006993006993,0.9861111111111112,0.9861111111111112,1.0,1.0,1.0
ballroom/ballroom_Media-104208/track.npy,ballroom,2,1.0,1.0,1.0,1.0,1.0,1.0
ballroom/ballroom_Media-104211/track.npy,ballroom,2,0.9932885906040269,0.9866666666666667,0.9866666666666667,1.0,1.0,1.0
ballroom/ballroom_Media-104217/track.npy,ballroom,2,0.9941520467836257,0.9767441860465116,0.9767441860465116,1.0,1.0,1.0
ballroom/ballroom_Media-104218/track.npy,ballroom,2,0.888888888888889,0.8372093023255814,0.8372093023255814,0.9047619047619048,1.0,1.0
ballroom/ballroom_Media-104301/track.npy,ballroom,2,0.9295774647887323,0.9722222222222222,0.9722222222222222,0.8695652173913043,0.9166666666666666,0.9166666666666666
ballroom/ballroom_Media-104306/track.npy,ballroom,2,0.9908256880733944,0.9818181818181818,0.9818181818181818,0.962962962962963,0.9285714285714286,0.9285714285714286
ballroom/ballroom_Media-104405/track.npy,ballroom,2,0.9906542056074767,0.9814814814814815,0.9814814814814815,0.8125000000000001,0.3684210526315789,0.44
ballroom/ballroom_Media-104504/track.npy,ballroom,2,0.9315068493150684,0.972972972972973,0.972972972972973,0.9166666666666666,1.0,1.0
ballroom/ballroom_Media-104514/track.npy,ballroom,2,0.9942857142857142,0.9886363636363636,0.9886363636363636,1.0,1.0,1.0
ballroom/ballroom_Media-104601/track.npy,ballroom,2,0.9315068493150684,0.9210526315789473,0.9210526315789473,0.9600000000000001,0.9230769230769231,0.9230769230769231
ballroom/ballroom_Media-104602/track.npy,ballroom,2,0.9577464788732395,0.9722222222222222,0.9722222222222222,1.0,1.0,1.0
ballroom/ballroom_Media-104618/track.npy,ballroom,2,0.9447852760736197,0.8117647058823529,0.8117647058823529,0.8421052631578948,0.5454545454545454,0.5454545454545454
ballroom/ballroom_Media-104703/track.npy,ballroom,2,0.9577464788732395,0.9722222222222222,0.9722222222222222,0.9565217391304348,0.9166666666666666,0.9166666666666666
ballroom/ballroom_Media-104708/track.npy,ballroom,2,0.9904761904761905,0.9811320754716981,0.9811320754716981,1.0,1.0,1.0
ballroom/ballroom_Media-104801/track.npy,ballroom,2,0.8493150684931507,0.918918918918919,0.918918918918919,0.9166666666666666,1.0,1.0
ballroom/ballroom_Media-104811/track.npy,ballroom,2,0.9733333333333334,0.9733333333333334,0.9733333333333334,1.0,1.0,1.0
ballroom/ballroom_Media-104903/track.npy,ballroom,2,0.9014084507042254,0.9722222222222222,0.9722222222222222,0.9166666666666666,1.0,1.0
ballroom/ballroom_Media-104906/track.npy,ballroom,2,0.9906542056074767,0.9814814814814815,0.9814814814814815,0.962962962962963,0.9285714285714286,0.9285714285714286
ballroom/ballroom_Media-104917/track.npy,ballroom,2,0.9239766081871345,0.7558139534883721,0.7558139534883721,0.8837209302325582,0.9545454545454546,0.9545454545454546
ballroom/ballroom_Media-105105/track.npy,ballroom,2,0.9859154929577464,0.9722222222222222,0.9722222222222222,0.9565217391304348,0.9166666666666666,0.9166666666666666
ballroom/ballroom_Media-105111/track.npy,ballroom,2,0.979591836734694,0.9459459459459459,0.9459459459459459,1.0,1.0,1.0
ballroom/ballroom_Media-105121/track.npy,ballroom,2,0.9239766081871345,0.8372093023255814,0.8372093023255814,0.9090909090909091,1.0,1.0
ballroom/ballroom_Media-105318/track.npy,ballroom,2,0.9933774834437086,0.9868421052631579,0.9868421052631579,0.9803921568627451,0.9615384615384616,0.9615384615384616
ballroom/ballroom_Media-105408/track.npy,ballroom,2,0.5333333333333332,0.24,0.3,0.3157894736842105,0.6,0.6
ballroom/ballroom_Media-105418/track.npy,ballroom,2,0.9841269841269841,0.96875,0.96875,1.0,1.0,1.0
ballroom/ballroom_Media-105603/track.npy,ballroom,2,0.9904761904761905,0.9811320754716981,0.9811320754716981,1.0,1.0,1.0
ballroom/ballroom_Media-105703/track.npy,ballroom,2,0.972972972972973,0.9473684210526315,0.9473684210526315,1.0,1.0,1.0
ballroom/ballroom_Media-105709/track.npy,ballroom,2,0.9866666666666666,0.9736842105263158,0.9736842105263158,1.0,1.0,1.0
ballroom/ballroom_Media-105716/track.npy,ballroom,2,0.988095238095238,0.9764705882352941,0.9764705882352941,0.9767441860465117,0.9545454545454546,0.9545454545454546
ballroom/ballroom_Media-105801/track.npy,ballroom,2,1.0,1.0,1.0,1.0,1.0,1.0
ballroom/ballroom_Media-105808/track.npy,ballroom,2,0.9906542056074767,0.9814814814814815,0.9814814814814815,0.962962962962963,0.9285714285714286,0.9285714285714286
ballroom/ballroom_Media-105901/track.npy,ballroom,2,0.9855072463768115,0.9714285714285714,0.9714285714285714,0.9565217391304348,0.9166666666666666,0.9166666666666666
ballroom/ballroom_Media-105902/track.npy,ballroom,2,0.9722222222222222,1.0,1.0,0.9166666666666666,1.0,1.0
ballroom/ballroom_Media-105903/track.npy,ballroom,2,0.9908256880733944,0.9818181818181818,0.9818181818181818,1.0,1.0,1.0
ballroom/ballroom_Media-106005/track.npy,ballroom,2,0.9811320754716981,0.9629629629629629,0.9629629629629629,1.0,1.0,1.0
ballroom/ballroom_Media-106008/track.npy,ballroom,2,0.9904761904761905,0.9811320754716981,0.9811320754716981,1.0,1.0,1.0
ballroom/ballroom_Media-106009/track.npy,ballroom,2,0.972972972972973,0.9473684210526315,0.9473684210526315,1.0,1.0,1.0
ballroom/ballroom_Media-106114/track.npy,ballroom,2,0.9790209790209791,0.958904109589041,0.958904109589041,0.9714285714285714,0.9444444444444444,0.9444444444444444
beatles/beatles_01_Please_Please_Me_01_I_Saw_Her_Standing_There/track.npy,beatles,2,0.997737556561086,0.997737556561086,0.997737556561086,0.9954751131221719,0.990990990990991,0.990990990990991
beatles/beatles_01_Please_Please_Me_04_Chains/track.npy,beatles,2,0.9932432432432432,0.9865771812080537,0.9865771812080537,0.9931972789115647,0.9864864864864865,0.9864864864864865
beatles/beatles_02_With_the_Beatles_09_Hold_Me_Tight/track.npy,beatles,2,1.0,1.0,1.0,1.0,1.0,1.0
beatles/beatles_03_A_Hard_Days_Night_06_Tell_Me_Why/track.npy,beatles,2,1.0,1.0,1.0,1.0,1.0,1.0
beatles/beatles_03_A_Hard_Days_Night_08_Any_Time_At_All/track.npy,beatles,2,0.9982668977469671,0.9965397923875432,0.9965397923875432,0.993103448275862,0.9863013698630136,0.9863013698630136
beatles/beatles_04_Beatles_for_Sale_01_No_Reply/track.npy,beatles,2,0.9849056603773584,0.9850187265917603,0.9850187265917603,0.9624060150375939,0.9850746268656716,0.9850746268656716
beatles/beatles_04_Beatles_for_Sale_08_Eight_Days_a_Week/track.npy,beatles,2,1.0,1.0,1.0,1.0,1.0,1.0
beatles/beatles_05_Help_06_Youre_Going_To_Lose_That_Girl/track.npy,beatles,2,0.9822064056939501,0.9928825622775801,0.9928825622775801,0.971830985915493,1.0,1.0
beatles/beatles_06_Rubber_Soul_01_Drive_My_Car/track.npy,beatles,2,0.9876977152899824,0.9756944444444444,0.9756944444444444,0.993006993006993,0.9861111111111112,0.9861111111111112
beatles/beatles_06_Rubber_Soul_07_Michelle/track.npy,beatles,2,0.9983305509181971,0.9966666666666667,0.9966666666666667,1.0,1.0,1.0
beatles/beatles_07_Revolver_06_Yellow_Submarine/track.npy,beatles,2,0.9909255898366605,0.9855595667870036,0.9855595667870036,0.9928057553956835,0.9857142857142858,0.9857142857142858
beatles/beatles_07_Revolver_11_Doctor_Robert/track.npy,beatles,2,1.0,1.0,1.0,1.0,1.0,1.0
beatles/beatles_08_Sgt_Peppers_Lonely_Hearts_Club_Band_01_Sgt_Peppers_Lonely_Hearts_Club_Band/track.npy,beatles,2,0.9943502824858756,0.9887640449438202,0.9887640449438202,1.0,1.0,1.0
beatles/beatles_08_Sgt_Peppers_Lonely_Hearts_Club_Band_09_When_Im_Sixty-Four/track.npy,beatles,2,0.9985974754558204,0.9971988795518207,0.9971988795518207,1.0,1.0,1.0
beatles/beatles_09_Magical_Mystery_Tour_03_Flying/track.npy,beatles,2,0.9672727272727273,0.9366197183098591,0.9366197183098591,0.9714285714285714,0.9444444444444444,0.9444444444444444
beatles/beatles_10_CD1_The_Beatles_08_Happiness_is_a_Warm_Gun/track.npy,beatles,2,0.8784029038112523,0.6174496644295302,0.6174496644295302,0.7875,0.5274725274725275,0.5274725274725275
beatles/beatles_10_CD1_The_Beatles_11_Black_Bird/track.npy,beatles,2,0.9625935162094763,0.9605911330049262,0.9605911330049262,0.8268156424581005,0.631578947368421,0.631578947368421
beatles/beatles_10_CD2_The_Beatles_04_Everybodys_Got_Something_To_Hide_Except_Me_and_My_Monkey/track.npy,beatles,2,0.9724770642201834,0.9635036496350365,0.9635036496350365,0.9078014184397163,0.8450704225352113,0.8450704225352113
beatles/beatles_10_CD2_The_Beatles_09_Honey_Pie/track.npy,beatles,2,0.9077380952380952,0.8664688427299704,0.8664688427299704,0.6178861788617886,0.012658227848101266,0.8295454545454546
beatles/beatles_11_Abbey_Road_08_Because/track.npy,beatles,2,0.9528535980148884,0.8516746411483254,0.8516746411483254,1.0,1.0,1.0
beatles/beatles_11_Abbey_Road_09_You_Never_Give_Me_Your_Money/track.npy,beatles,2,0.9783549783549784,0.9518413597733711,0.9518413597733711,0.9659090909090909,0.9545454545454546,0.9545454545454546
beatles/beatles_12_Let_It_Be_06_Let_It_Be/track.npy,beatles,2,0.9963369963369964,1.0,1.0,0.6875,0.08064516129032258,0.837037037037037
candombe/csic.1995_ansina1_03/track.npy,candombe,2,1.0,1.0,1.0,1.0,1.0,1.0
candombe/csic.1995_cuareim_05/track.npy,candombe,2,1.0,1.0,1.0,1.0,1.0,1.0
candombe/proyecto.1992_magarinos_02/track.npy,candombe,2,1.0,1.0,1.0,1.0,1.0,1.0
candombe/zavala.muniz.2014_50/track.npy,candombe,2,0.9956331877729258,0.9912790697674418,0.9912790697674418,1.0,1.0,1.0
candombe/zavala.muniz.2014_51/track.npy,candombe,2,1.0,1.0,1.0,1.0,1.0,1.0
filosax/filosax_07/track.npy,filosax,2,0.9992542878448918,0.9985096870342772,0.9985096870342772,0.9681159420289854,0.8764044943820225,0.8764044943820225
filosax/filosax_14/track.npy,filosax,2,0.9964209019327129,0.9899785254115963,0.9899785254115963,0.997134670487106,1.0,1.0
filosax/filosax_18/track.npy,filosax,2,0.9903846153846153,0.9809523809523809,0.9809523809523809,0.9772727272727273,0.9259259259259259,0.9259259259259259
filosax/filosax_34/track.npy,filosax,2,1.0,1.0,1.0,1.0,1.0,1.0
filosax/filosax_40/track.npy,filosax,2,0.9949341438703141,0.9898785425101214,0.9898785425101214,0.9763779527559054,0.9076923076923077,0.9076923076923077
filosax/filosax_46/track.npy,filosax,2,0.9991356957649092,0.9904926534140017,0.9904926534140017,0.996551724137931,1.0,1.0
groove_midi/drummer10_session1_6_jazz-swing_215_beat_4-4/track.npy,groove_midi,2,1.0,0.8412698412698413,0.8412698412698413,1.0,1.0,1.0
groove_midi/drummer1_eval_session_2_funk-groove2_105_beat_4-4/track.npy,groove_midi,2,0.9909909909909909,0.9821428571428571,0.9821428571428571,0.962962962962963,0.9285714285714286,0.9285714285714286
groove_midi/drummer1_eval_session_7_pop-groove7_138_beat_4-4/track.npy,groove_midi,2,1.0,1.0,1.0,1.0,1.0,1.0
groove_midi/drummer1_session1_100_neworleans-secondline_94_beat_4-4/track.npy,groove_midi,2,0.9213483146067416,0.7083333333333334,0.7083333333333334,0.748091603053435,0.5189873417721519,0.5189873417721519
groove_midi/drummer1_session1_145_latin-brazilian-baiao_95_beat_4-4/track.npy,groove_midi,2,1.0,1.0,1.0,1.0,1.0,1.0
groove_midi/drummer1_session1_239_funk-purdieshuffle_130_beat_4-4/track.npy,groove_midi,2,0.9987789987789988,0.9975609756097561,0.9975609756097561,0.9951219512195122,0.9902912621359223,0.9902912621359223
groove_midi/drummer1_session1_28_latin-samba_116_beat_4-4/track.npy,groove_midi,2,1.0,1.0,1.0,0.8879668049792531,0.5970149253731343,0.5970149253731343
groove_midi/drummer1_session1_50_jazz_125_beat_4-4/track.npy,groove_midi,2,1.0,1.0,1.0,0.9076923076923077,0.647887323943662,0.647887323943662
groove_midi/drummer1_session2_180_rock_50_beat_4-4/track.npy,groove_midi,2,0.6469500924214419,0.20833333333333334,0.20833333333333334,0.6141732283464566,0.04878048780487805,0.8089887640449438
groove_midi/drummer1_session2_2_latin-chacarera_118_beat_4-4/track.npy,groove_midi,2,0.5744360902255639,0.0851581508515815,0.0851581508515815,0.18867924528301888,0.020833333333333332,0.144
groove_midi/drummer1_session2_6_rock_102_beat_3-4/track.npy,groove_midi,2,0.8923959827833573,0.671957671957672,0.671957671957672,0.736842105263158,0.6542056074766355,0.6542056074766355
groove_midi/drummer1_session3_18_rock_128_beat_4-4/track.npy,groove_midi,2,0.9948542024013721,0.9897610921501706,0.9897610921501706,1.0,1.0,1.0
groove_midi/drummer1_session3_2_jazz-swing_185_beat_4-4/track.npy,groove_midi,2,0.7120954003407155,0.12301587301587301,0.7607655502392344,0.8404907975460123,0.455026455026455,0.455026455026455
groove_midi/drummer3_session1_15_jazz_120_beat_4-4/track.npy,groove_midi,2,0.9908256880733944,0.9818181818181818,0.9818181818181818,0.962962962962963,0.9285714285714286,0.9285714285714286
groove_midi/drummer3_session1_9_rock_105_beat_4-4/track.npy,groove_midi,2,0.996309963099631,0.9926470588235294,0.9926470588235294,0.9850746268656716,0.9705882352941176,0.9705882352941176
groove_midi/drummer3_session2_22_rock_92_beat_4-4/track.npy,groove_midi,2,1.0,1.0,1.0,1.0,1.0,1.0
groove_midi/drummer5_eval_session_3_soul-groove3_86_beat_4-4/track.npy,groove_midi,2,0.9911504424778761,0.9824561403508771,0.9824561403508771,0.9655172413793104,0.9333333333333333,0.9333333333333333
groove_midi/drummer5_session1_4_latin-brazilian-samba_89_beat_4-4/track.npy,groove_midi,2,0.9962121212121212,0.9962121212121212,0.9962121212121212,1.0,1.0,1.0
groove_midi/drummer5_session2_12_rock_105_beat_4-4/track.npy,groove_midi,2,0.9977116704805492,0.9954337899543378,0.9954337899543378,1.0,1.0,1.0
groove_midi/drummer5_session2_14_rock_140_beat_4-4/track.npy,groove_midi,2,0.9926650366748165,0.9902439024390244,0.9902439024390244,0.9902912621359222,0.9807692307692307,0.9807692307692307
groove_midi/drummer5_session2_1_latin-venezuelan-sangueo_101_beat_4-4/track.npy,groove_midi,2,1.0,1.0,1.0,1.0,1.0,1.0
groove_midi/drummer5_session2_6_neworleans-secondline_99_beat_4-4/track.npy,groove_midi,2,0.9988649262202043,0.9977324263038548,0.9977324263038548,1.0,1.0,1.0
groove_midi/drummer6_session1_1_rock_70_beat_6-8/track.npy,groove_midi,2,1.0,1.0,1.0,0.5,0.0,0.0
groove_midi/drummer7_eval_session_3_soul-groove3_86_beat_4-4/track.npy,groove_midi,2,1.0,1.0,1.0,1.0,1.0,1.0
groove_midi/drummer7_eval_session_6_hiphop-groove6_87_beat_4-4/track.npy,groove_midi,2,1.0,1.0,1.0,1.0,1.0,1.0
groove_midi/drummer7_session1_16_hiphop_100_beat_4-4/track.npy,groove_midi,2,0.9846153846153847,0.9696969696969697,0.9696969696969697,1.0,1.0,1.0
groove_midi/drummer7_session1_1_rock_86_beat_4-4/track.npy,groove_midi,2,0.9968354430379747,0.9936908517350158,0.9936908517350158,0.0,0.0,0.9873417721518988
groove_midi/drummer7_session2_104_pop_132_beat_4-4/track.npy,groove_midi,2,0.9844559585492229,0.9693877551020408,0.9693877551020408,0.0,0.0,0.9583333333333334
groove_midi/drummer7_session2_14_rock_95_beat_4-4/track.npy,groove_midi,2,0.9904761904761905,0.9811320754716981,0.9811320754716981,0.65,0.0,0.9259259259259259
groove_midi/drummer7_session2_27_rock_75_beat_4-4/track.npy,groove_midi,2,0.9696969696969697,1.0,1.0,0.9696969696969697,1.0,1.0
groove_midi/drummer7_session2_45_rock_135_beat_4-4/track.npy,groove_midi,2,0.9966329966329966,0.9932885906040269,0.9932885906040269,0.9866666666666666,0.9736842105263158,0.9736842105263158
groove_midi/drummer7_session2_46_rock_135_beat_4-4/track.npy,groove_midi,2,0.9913043478260869,0.9827586206896551,0.9827586206896551,1.0,1.0,1.0
groove_midi/drummer7_session2_80_country_78_beat_4-4/track.npy,groove_midi,2,0.9891304347826088,0.978494623655914,0.978494623655914,0.7666666666666667,0.24324324324324326,0.6043956043956044
groove_midi/drummer7_session2_87_hiphop_75_beat_4-4/track.npy,groove_midi,2,0.9913544668587896,0.9942528735632183,0.9942528735632183,0.9885057471264368,0.9772727272727273,0.9772727272727273
groove_midi/drummer7_session3_108_rock_95_beat_4-4/track.npy,groove_midi,2,1.0,1.0,1.0,0.8200000000000001,0.4067796610169492,0.41975308641975306
groove_midi/drummer7_session3_117_rock_95_beat_4-4/track.npy,groove_midi,2,1.0,1.0,1.0,1.0,1.0,1.0
groove_midi/drummer7_session3_129_rock_93_beat_4-4/track.npy,groove_midi,2,1.0,1.0,1.0,1.0,1.0,1.0
groove_midi/drummer7_session3_24_hiphop_67_beat_4-4/track.npy,groove_midi,2,0.9951219512195122,0.9902912621359223,0.9902912621359223,0.9803921568627451,0.9615384615384616,0.9615384615384616
groove_midi/drummer8_eval_session_4_soul-groove4_80_beat_4-4/track.npy,groove_midi,2,1.0,1.0,1.0,1.0,1.0,1.0
groove_midi/drummer8_eval_session_8_rock-groove8_65_beat_4-4/track.npy,groove_midi,2,0.9914529914529915,0.9830508474576272,0.9830508474576272,0.9655172413793104,0.9333333333333333,0.9333333333333333
groove_midi/drummer8_session1_14_hiphop_94_beat_4-4/track.npy,groove_midi,2,0.9979879275653923,0.9959839357429718,0.9959839357429718,0.9919999999999999,0.9841269841269841,0.9841269841269841
groove_midi/drummer8_session1_6_funk_80_beat_4-4/track.npy,groove_midi,2,0.9977011494252873,0.9954128440366973,0.9954128440366973,0.9908256880733944,0.9818181818181818,0.9818181818181818
guitarset/00_BN2-131-B_comp_mix/track.npy,guitarset,2,0.8807339449541285,0.8035714285714286,0.8035714285714286,0.8461538461538461,1.0,1.0
guitarset/00_Rock3-117-Bb_comp_mix/track.npy,guitarset,2,0.9906542056074767,0.9814814814814815,0.9814814814814815,1.0,1.0,1.0
guitarset/00_SS2-107-Ab_comp_mix/track.npy,guitarset,2,0.9909909909909909,0.9821428571428571,0.9821428571428571,0.962962962962963,0.9285714285714286,0.9285714285714286
guitarset/01_Funk1-114-Ab_comp_mix/track.npy,guitarset,2,0.8311688311688312,0.7948717948717948,0.7948717948717948,0.8421052631578948,0.9,0.9
guitarset/01_Funk2-108-Eb_comp_mix/track.npy,guitarset,2,0.9909909909909909,0.9821428571428571,0.9821428571428571,0.962962962962963,0.9285714285714286,0.9285714285714286
guitarset/01_Jazz3-137-Eb_comp_mix/track.npy,guitarset,2,0.9904761904761905,0.9811320754716981,0.9811320754716981,0.962962962962963,0.9285714285714286,0.9285714285714286
guitarset/02_Jazz2-187-F#_comp_mix/track.npy,guitarset,2,0.6575342465753424,0.0,0.96,0.631578947368421,0.0,0.8571428571428571
guitarset/02_Jazz3-137-Eb_comp_mix/track.npy,guitarset,2,0.9904761904761905,0.9811320754716981,0.9811320754716981,0.962962962962963,0.9285714285714286,0.9285714285714286
guitarset/02_Rock3-117-Bb_comp_mix/track.npy,guitarset,2,1.0,1.0,1.0,1.0,1.0,1.0
guitarset/02_SS1-68-E_comp_mix/track.npy,guitarset,2,0.6666666666666666,0.6458333333333334,0.6458333333333334,0.6956521739130435,0.6153846153846154,0.6153846153846154
guitarset/03_BN1-129-Eb_comp_mix/track.npy,guitarset,2,0.9866666666666666,0.9736842105263158,0.9736842105263158,0.9473684210526316,0.9,0.9
guitarset/03_Funk2-108-Eb_comp_mix/track.npy,guitarset,2,0.9818181818181818,0.9818181818181818,0.9818181818181818,0.962962962962963,0.9285714285714286,0.9285714285714286
guitarset/03_Jazz2-110-Bb_comp_mix/track.npy,guitarset,2,0.7889908256880734,0.8363636363636363,0.8363636363636363,0.7407407407407408,0.9285714285714286,0.9285714285714286
guitarset/03_Rock2-85-F_comp_mix/track.npy,guitarset,2,1.0,1.0,1.0,1.0,1.0,1.0
guitarset/03_SS1-68-E_comp_mix/track.npy,guitarset,2,0.6461538461538462,0.03409090909090909,0.03409090909090909,0.5333333333333333,0.0,0.55
guitarset/04_SS2-88-F_comp_mix/track.npy,guitarset,2,0.9532710280373832,0.8392857142857143,0.8392857142857143,0.962962962962963,0.9285714285714286,0.9285714285714286
guitarset/05_BN2-131-B_comp_mix/track.npy,guitarset,2,0.9906542056074767,0.9814814814814815,0.9814814814814815,0.962962962962963,0.9285714285714286,0.9285714285714286
guitarset/05_BN3-154-E_comp_mix/track.npy,guitarset,2,0.9902912621359222,0.9807692307692307,0.9807692307692307,1.0,1.0,1.0
guitarset/05_Funk1-114-Ab_comp_mix/track.npy,guitarset,2,0.7948717948717949,0.75,0.75,0.7777777777777778,0.8888888888888888,0.8888888888888888
guitarset/05_Jazz2-110-Bb_comp_mix/track.npy,guitarset,2,0.9814814814814815,1.0,1.0,1.0,1.0,1.0
guitarset/05_Rock1-90-C#_comp_mix/track.npy,guitarset,2,0.9876543209876543,0.975609756097561,0.975609756097561,0.9523809523809523,0.9090909090909091,0.9090909090909091
guitarset/05_Rock2-85-F_comp_mix/track.npy,guitarset,2,0.9911504424778761,0.9824561403508771,0.9824561403508771,0.9655172413793104,0.9333333333333333,0.9333333333333333
guitarset/05_SS2-107-Ab_comp_mix/track.npy,guitarset,2,1.0,1.0,1.0,1.0,1.0,1.0
hainsworth/hainsworth_011/track.npy,hainsworth,2,1.0,1.0,1.0,1.0,1.0,1.0
hainsworth/hainsworth_025/track.npy,hainsworth,2,1.0,1.0,1.0,1.0,1.0,1.0
hainsworth/hainsworth_042/track.npy,hainsworth,2,1.0,1.0,1.0,1.0,1.0,1.0
hainsworth/hainsworth_056/track.npy,hainsworth,2,0.807843137254902,0.35526315789473684,0.47317073170731705,0.37974683544303794,0.0,0.48148148148148145
hainsworth/hainsworth_073/track.npy,hainsworth,2,0.8098159509202454,0.35051546391752575,0.48091603053435117,0.6666666666666666,0.0,0.96875
hainsworth/hainsworth_075/track.npy,hainsworth,2,0.8672566371681416,0.5433070866141733,0.5433070866141733,0.2823529411764706,0.0,0.09302325581395349
hainsworth/hainsworth_084/track.npy,hainsworth,2,1.0,1.0,1.0,0.6774193548387097,0.0,1.0
hainsworth/hainsworth_088/track.npy,hainsworth,2,1.0,1.0,1.0,1.0,1.0,1.0
hainsworth/hainsworth_089/track.npy,hainsworth,2,1.0,1.0,1.0,1.0,1.0,1.0
hainsworth/hainsworth_112/track.npy,hainsworth,2,0.7948717948717949,0.3315508021390374,0.5020080321285141,0.6521739130434782,0.0,0.9180327868852459
hainsworth/hainsworth_114/track.npy,hainsworth,2,1.0,1.0,1.0,1.0,1.0,1.0
hainsworth/hainsworth_115/track.npy,hainsworth,2,1.0,1.0,1.0,1.0,1.0,1.0
hainsworth/hainsworth_120/track.npy,hainsworth,2,1.0,0.9710982658959537,0.9710982658959537,1.0,1.0,1.0
hainsworth/hainsworth_123/track.npy,hainsworth,2,0.8920863309352518,0.9857142857142858,0.9857142857142858,0.5909090909090909,0.0,0.696969696969697
hainsworth/hainsworth_128/track.npy,hainsworth,2,0.6942148760330578,0.9344262295081968,0.9344262295081968,0.326530612244898,0.0,0.24242424242424243
hainsworth/hainsworth_141/track.npy,hainsworth,2,0.8421052631578948,0.7457627118644068,0.7457627118644068,0.7407407407407408,0.7142857142857143,0.7142857142857143
hainsworth/hainsworth_154/track.npy,hainsworth,2,1.0,1.0,1.0,1.0,1.0,1.0
hainsworth/hainsworth_182/track.npy,hainsworth,2,1.0,1.0,1.0,1.0,1.0,1.0
hainsworth/hainsworth_191/track.npy,hainsworth,2,1.0,1.0,1.0,1.0,1.0,1.0
hainsworth/hainsworth_193/track.npy,hainsworth,2,0.8280254777070064,0.5681818181818182,0.5681818181818182,0.75,0.2647058823529412,0.5813953488372093
hainsworth/hainsworth_200/track.npy,hainsworth,2,0.9726027397260274,0.9726027397260274,0.9726027397260274,0.878048780487805,0.5652173913043478,0.5652173913043478
hainsworth/hainsworth_207/track.npy,hainsworth,2,0.5157232704402516,0.043859649122807015,0.10526315789473684,0.5098039215686275,0.0,0.42105263157894735
hainsworth/hainsworth_230/track.npy,hainsworth,2,0.9852216748768472,0.9705882352941176,0.9705882352941176,1.0,1.0,1.0
hainsworth/hainsworth_232/track.npy,hainsworth,2,1.0,1.0,1.0,1.0,1.0,1.0
hainsworth/hainsworth_234/track.npy,hainsworth,2,1.0,1.0,1.0,1.0,1.0,1.0
hainsworth/hainsworth_238/track.npy,hainsworth,2,1.0,1.0,1.0,1.0,1.0,1.0
hainsworth/hainsworth_239/track.npy,hainsworth,2,1.0,1.0,1.0,1.0,1.0,1.0
hainsworth/hainsworth_244/track.npy,hainsworth,2,1.0,1.0,1.0,0.6829268292682926,0.0,1.0
harmonix/0004_abc/track.npy,harmonix,2,0.9662921348314607,1.0,1.0,0.8970588235294118,0.8676470588235294,0.8676470588235294
harmonix/0009_americanmusic/track.npy,harmonix,2,0.9356846473029046,0.9297520661157025,0.9297520661157025,0.9333333333333333,0.9173553719008265,0.9173553719008265
harmonix/0032_boomboompow/track.npy,harmonix,2,1.0,1.0,1.0,1.0,1.0,1.0
harmonix/0038_bringmetolife/track.npy,harmonix,2,1.0,1.0,1.0,1.0,1.0,1.0
harmonix/0052_collector/track.npy,harmonix,2,1.0,1.0,1.0,0.41841004184100417,0.1527777777777778,0.1527777777777778
harmonix/0063_daysgoby/track.npy,harmonix,2,0.9265033407572383,0.9244444444444444,0.9244444444444444,0.9285714285714286,0.9642857142857143,0.9642857142857143
harmonix/0069_digginmedown/track.npy,harmonix,2,0.9451410658307211,0.9314641744548287,0.9314641744548287,0.8562874251497006,0.7142857142857143,0.7142857142857143
harmonix/0083_dragthewaters/track.npy,harmonix,2,0.8914185639229423,0.7445742904841403,0.7445742904841403,0.45512820512820507,0.41875,0.41875
harmonix/0087_evacuate/track.npy,harmonix,2,1.0,1.0,1.0,1.0,1.0,1.0
harmonix/0094_fireflies/track.npy,harmonix,2,0.9905660377358491,0.9813084112149533,0.9813084112149533,0.9875,0.9753086419753086,0.9753086419753086
harmonix/0107_getlow/track.npy,harmonix,2,0.999096657633243,0.9981949458483754,0.9981949458483754,0.996389891696751,0.9928057553956835,0.9928057553956835
harmonix/0118_grenade/track.npy,harmonix,2,1.0,1.0,1.0,1.0,1.0,1.0
harmonix/0127_hollabackgirl/track.npy,harmonix,2,1.0,1.0,1.0,1.0,1.0,1.0
harmonix/0152_kingofrock/track.npy,harmonix,2,1.0,1.0,1.0,0.0963855421686747,0.07936507936507936,0.864
harmonix/0153_lalaland/track.npy,harmonix,2,0.7400881057268721,0.20803782505910165,0.6038834951456311,0.7337278106508875,0.21153846153846154,0.5968992248062015
harmonix/0155_lapdance/track.npy,harmonix,2,1.0,1.0,1.0,1.0,1.0,1.0
harmonix/0157_leanwitit/track.npy,harmonix,2,1.0,1.0,1.0,1.0,1.0,1.0
harmonix/0162_lobotomy/track.npy,harmonix,2,0.9159891598915989,0.7651122625215889,0.7651122625215889,0.5294117647058824,0.4647887323943662,0.4647887323943662
harmonix/0168_maneater/track.npy,harmonix,2,1.0,1.0,1.0,1.0,1.0,1.0
harmonix/0171_marchofthepigs/track.npy,harmonix,2,0.6937269372693726,0.08664772727272728,0.7263157894736842,0.4761904761904762,0.5154639175257731,0.5154639175257731
harmonix/0178_mountainman/track.npy,harmonix,2,0.975609756097561,0.9676113360323887,0.9676113360323887,0.8260869565217392,0.5512820512820513,0.5512820512820513
harmonix/0182_mycurse/track.npy,harmonix,2,0.9741379310344828,0.9712643678160919,0.9712643678160919,0.6627906976744187,0.08597285067873303,0.6016260162601627
harmonix/0190_newfang/track.npy,harmonix,2,0.8108747044917259,0.4077079107505071,0.4077079107505071,0.6698564593301436,0.4083333333333333,0.4083333333333333
harmonix/0198_nowthatwefoundlove/track.npy,harmonix,2,1.0,1.0,1.0,1.0,1.0,1.0
harmonix/0201_oh/track.npy,harmonix,2,0.9508670520231214,0.9595375722543352,0.9595375722543352,0.9655172413793104,1.0,1.0
harmonix/0204_onlyamemory/track.npy,harmonix,2,1.0,1.0,1.0,1.0,1.0,1.0
harmonix/0217_pokerface/track.npy,harmonix,2,1.0,1.0,1.0,1.0,1.0,1.0
harmonix/0222_realgoodlooking/track.npy,harmonix,2,0.9173166926677067,0.8295625942684767,0.8295625942684767,0.9179331306990882,0.8982035928143712,0.8982035928143712
harmonix/0235_rudeboy/track.npy,harmonix,2,1.0,1.0,1.0,1.0,1.0,1.0
harmonix/0241_satellite/track.npy,harmonix,2,1.0,1.0,1.0,0.8776978417266187,0.64,0.64
harmonix/0257_somebodytolove/track.npy,harmonix,2,1.0,1.0,1.0,1.0,1.0,1.0
harmonix/0267_superfreak/track.npy,harmonix,2,0.9816091954022989,0.9793103448275862,0.9793103448275862,0.8715596330275229,0.8807339449541285,0.8807339449541285
harmonix/0282_thegreatsatan/track.npy,harmonix,2,0.17436974789915968,0.15082644628099173,0.7619047619047619,0.1056910569105691,0.8174603174603174,0.8174603174603174
harmonix/0309_whatsmyname/track.npy,harmonix,2,1.0,1.0,1.0,1.0,1.0,1.0
harmonix/0314_whoomp/track.npy,harmonix,2,0.9738805970149254,0.9925373134328358,0.9925373134328358,0.9850746268656716,1.0,1.0
harmonix/0316_wildones/track.npy,harmonix,2,0.9640287769784172,0.9568965517241379,0.9568965517241379,0.9655172413793104,1.0,1.0
harmonix/0326_yougotittherightstuff/track.npy,harmonix,2,0.9967426710097721,0.9935064935064936,0.9935064935064936,0.9934640522875817,0.987012987012987,0.987012987012987
harmonix/0331_againstallodds/track.npy,harmonix,2,0.9863013698630136,0.9808743169398907,0.9808743169398907,0.9834254143646408,0.989010989010989,0.989010989010989
harmonix/0332_alejandro/track.npy,harmonix,2,0.9777777777777777,0.9633251833740831,0.9633251833740831,0.8828828828828829,0.628099173553719,0.628099173553719
harmonix/0342_bangpop/track.npy,harmonix,2,0.9968354430379747,0.9936908517350158,0.9936908517350158,1.0,1.0,1.0
harmonix/0360_coolerthanme/track.npy,harmonix,2,0.9932432432432432,0.9865771812080537,0.9865771812080537,0.9909909909909909,0.9821428571428571,0.9821428571428571
harmonix/0367_dontdreamitsover/track.npy,harmonix,2,0.9867549668874172,0.9738562091503268,0.9738562091503268,0.8098159509202454,0.632183908045977,0.632183908045977
harmonix/0370_downonme/track.npy,harmonix,2,0.9810017271157168,0.9793103448275862,0.9793103448275862,0.9793103448275863,0.9863013698630136,0.9863013698630136
harmonix/0378_effinperfect/track.npy,harmonix,2,1.0,1.0,1.0,1.0,1.0,1.0
harmonix/0384_finally/track.npy,harmonix,2,0.9956896551724138,0.9914163090128756,0.9914163090128756,0.12145748987854252,0.0,0.75
harmonix/0397_goodlife/track.npy,harmonix,2,0.9909909909909909,0.9821428571428571,0.9821428571428571,0.9948717948717948,0.9897959183673469,0.9897959183673469
harmonix/0408_icanonlyimagine/track.npy,harmonix,2,0.9988439306358381,0.9976905311778291,0.9976905311778291,0.9861751152073732,0.9724770642201835,0.9724770642201835
harmonix/0410_idontwantthisnighttoend/track.npy,harmonix,2,0.9986996098829649,0.9974025974025974,0.9974025974025974,1.0,1.0,1.0
harmonix/0411_ifihadyou/track.npy,harmonix,2,0.9327731092436975,0.9581589958158996,0.9581589958158996,0.9372384937238494,0.9916666666666667,0.9916666666666667
harmonix/0414_illbe/track.npy,harmonix,2,0.9778156996587031,0.9713804713804713,0.9713804713804713,0.989795918367347,0.9797979797979798,0.9797979797979798
harmonix/0416_impossible/track.npy,harmonix,2,0.9969325153374233,0.9938837920489296,0.9938837920489296,1.0,1.0,1.0
harmonix/0419_itgirl/track.npy,harmonix,2,0.9927272727272727,0.9855595667870036,0.9855595667870036,0.9928057553956835,0.9857142857142858,0.9857142857142858
harmonix/0441_lovingyoutonight/track.npy,harmonix,2,0.9981378026070763,0.9962825278810409,0.9962825278810409,0.9925925925925926,0.9852941176470589,0.9852941176470589
harmonix/0456_nohands/track.npy,harmonix,2,0.9964412811387899,0.9929078014184397,0.9929078014184397,0.9929078014184397,0.9859154929577465,0.9859154929577465
harmonix/0459_notoveryou/track.npy,harmonix,2,0.8796992481203006,0.7087719298245614,0.7087719298245614,0.8405797101449276,0.5921052631578947,0.5921052631578947
harmonix/0460_numb/track.npy,harmonix,2,0.9808773903262094,0.9710467706013363,0.9710467706013363,0.9775784753363229,0.9734513274336283,0.9734513274336283
harmonix/0463_onemorenight/track.npy,harmonix,2,0.996969696969697,0.9939577039274925,0.9939577039274925,1.0,1.0,1.0
harmonix/0473_payphone/track.npy,harmonix,2,0.9936467598475222,0.9873737373737373,0.9873737373737373,0.0,0.0,0.9797979797979798
harmonix/0475_poisonedwithlove/track.npy,harmonix,2,0.9521367521367521,0.8802698145025295,0.8802698145025295,0.9850746268656716,0.9705882352941176,0.9705882352941176
harmonix/0476_pontoon/track.npy,harmonix,2,1.0,1.0,1.0,1.0,1.0,1.0
harmonix/0484_rockthatbody/track.npy,harmonix,2,1.0,1.0,1.0,1.0,1.0,1.0
harmonix/0487_secrets/track.npy,harmonix,2,0.9779411764705883,0.9136690647482014,0.9136690647482014,1.0,1.0,1.0
harmonix/0495_someonelikeyou/track.npy,harmonix,2,0.9086115992970123,0.766497461928934,0.766497461928934,0.9078014184397162,0.7702702702702703,0.7702702702702703
harmonix/0496_sparksfly/track.npy,harmonix,2,0.9862433862433863,0.9789029535864979,0.9789029535864979,0.9830508474576272,1.0,1.0
harmonix/0499_starbuckssmile/track.npy,harmonix,2,0.9665211062590975,0.9352112676056338,0.9352112676056338,0.9707602339181286,0.9431818181818182,0.9431818181818182
harmonix/0502_stronger/track.npy,harmonix,2,0.996969696969697,0.9939393939393939,0.9939393939393939,0.9570552147239264,0.9390243902439024,0.9390243902439024
harmonix/0504_suspiciousminds/track.npy,harmonix,2,1.0,1.0,1.0,1.0,1.0,1.0
harmonix/0519_titanium/track.npy,harmonix,2,0.9952830188679246,0.9906103286384976,0.9906103286384976,0.9953051643192489,0.9906542056074766,0.9906542056074766
harmonix/0529_werwhower/track.npy,harmonix,2,0.9987484355444306,0.995,0.995,1.0,1.0,1.0
harmonix/0533_whosays/track.npy,harmonix,2,1.0,1.0,1.0,1.0,1.0,1.0
harmonix/0534_wideawake/track.npy,harmonix,2,0.998236331569665,0.9964788732394366,0.9964788732394366,1.0,1.0,1.0
harmonix/0564_americanboybenny/track.npy,harmonix,2,0.9184629803186504,0.9119850187265918,0.9119850187265918,0.9172932330827067,1.0,1.0
harmonix/0565_americanhoney/track.npy,harmonix,2,1.0,1.0,1.0,1.0,1.0,1.0
harmonix/0568_apologize/track.npy,harmonix,2,0.6626984126984127,0.0,0.9881305637982196,0.6559999999999999,0.0,0.9404761904761905
harmonix/0578_bealright/track.npy,harmonix,2,0.9778481012658228,0.9625,0.9625,0.9746835443037976,0.9625,0.9625
harmonix/0583_beautifulgirls/track.npy,harmonix,2,0.987152034261242,0.9555084745762712,0.9555084745762712,0.9957446808510638,0.9915254237288136,0.9915254237288136
harmonix/0588_believe/track.npy,harmonix,2,0.9124579124579125,0.7169811320754716,0.7169811320754716,0.9006622516556291,0.6585365853658537,0.6585365853658537
harmonix/0596_bonbon/track.npy,harmonix,2,1.0,1.0,1.0,1.0,1.0,1.0
harmonix/0630_crushcrushcrush/track.npy,harmonix,2,0.9987357774968395,0.9974747474747475,0.9974747474747475,1.0,1.0,1.0
harmonix/0636_daynnitecrookersremix/track.npy,harmonix,2,0.9955947136563876,0.9970674486803519,0.9970674486803519,1.0,1.0,1.0
harmonix/0640_disturbia2/track.npy,harmonix,2,0.9989462592202318,0.9978947368421053,0.9978947368421053,1.0,1.0,1.0
harmonix/0642_dontconfess/track.npy,harmonix,2,0.6767537826685007,0.061052631578947365,0.8727634194831014,0.6593406593406593,0.058823529411764705,0.888
harmonix/0649_down/track.npy,harmonix,2,0.9909502262443438,0.9820627802690582,0.9820627802690582,0.9909909909909909,0.9821428571428571,0.9821428571428571
harmonix/0650_downlilwayne/track.npy,harmonix,2,0.9866071428571429,0.973568281938326,0.973568281938326,0.9866666666666666,0.9736842105263158,0.9736842105263158
harmonix/0651_doyouremember/track.npy,harmonix,2,0.998819362455726,0.9976415094339622,0.9976415094339622,1.0,1.0,1.0
harmonix/0668_fallinganthem/track.npy,harmonix,2,1.0,1.0,1.0,1.0,1.0,1.0
harmonix/0676_figure8/track.npy,harmonix,2,0.852760736196319,0.5094339622641509,0.5094339622641509,0.839506172839506,0.4945054945054945,0.4945054945054945
harmonix/0681_flashinglights/track.npy,harmonix,2,0.9956709956709957,0.9913793103448276,0.9913793103448276,1.0,1.0,1.0
harmonix/0686_fortheloveofadaughter/track.npy,harmonix,2,0.9515011547344111,0.9515011547344111,0.9515011547344111,0.944954128440367,1.0,1.0
harmonix/0696_goodgirlsgobad/track.npy,harmonix,2,0.9986789960369881,0.9973614775725593,0.9973614775725593,0.9947089947089947,0.9894736842105263,0.9894736842105263
harmonix/0710_hardjeezy/track.npy,harmonix,2,1.0,1.0,1.0,1.0,1.0,1.0
harmonix/0717_heysoulsister/track.npy,harmonix,2,1.0,1.0,1.0,1.0,1.0,1.0
harmonix/0733_ifihadyou/track.npy,harmonix,2,0.9978768577494692,0.9957627118644068,0.9957627118644068,1.0,1.0,1.0
harmonix/0752_inmyhead/track.npy,harmonix,2,0.991329479768786,0.9798850574712644,0.9798850574712644,1.0,1.0,1.0
harmonix/0758_itgetsbetter/track.npy,harmonix,2,0.9647266313932981,0.8620102214650767,0.8620102214650767,0.9826989619377162,0.9319727891156463,0.9319727891156463
harmonix/0759_itgirljasonnevins/track.npy,harmonix,2,1.0,1.0,1.0,1.0,1.0,1.0
harmonix/0766_justdance/track.npy,harmonix,2,0.9945828819068255,0.9892241379310345,0.9892241379310345,0.9956709956709957,0.9913793103448276,0.9913793103448276
harmonix/0777_lebump/track.npy,harmonix,2,0.9518477043673012,0.9397321428571429,0.9397321428571429,0.7058823529411765,0.7027027027027027,0.7027027027027027
harmonix/0800_lovesexmagicjason/track.npy,harmonix,2,1.0,1.0,1.0,1.0,1.0,1.0
harmonix/0827_needyounow/track.npy,harmonix,2,0.9924999999999999,0.9851116625310173,0.9851116625310173,0.9950248756218906,0.9900990099009901,0.9900990099009901
harmonix/0868_puton/track.npy,harmonix,2,0.7034949267192784,0.09265734265734266,0.8222222222222222,0.7058823529411764,0.0979020979020979,0.8205128205128205
harmonix/0875_redbelt/track.npy,harmonix,2,1.0,1.0,1.0,1.0,1.0,1.0
harmonix/0890_samemistakes/track.npy,harmonix,2,0.9967845659163987,0.9935897435897436,0.9935897435897436,1.0,1.0,1.0
harmonix/0895_scarymonsters/track.npy,harmonix,2,0.9993577392421323,0.9987163029525032,0.9987163029525032,0.8817733990147781,0.7677725118483413,0.7677725118483413
harmonix/0914_soobviousnow/track.npy,harmonix,2,0.9904942965779467,0.9811676082862524,0.9811676082862524,0.9924242424242424,0.9849624060150376,0.9849624060150376
harmonix/0927_swing/track.npy,harmonix,2,0.9886792452830188,0.981203007518797,0.981203007518797,0.9352517985611511,0.8194444444444444,0.8194444444444444
harmonix/0931_takeyouthere/track.npy,harmonix,2,0.9908675799086758,0.9863325740318907,0.9863325740318907,0.995433789954338,0.990909090909091,0.990909090909091
harmonix/0932_tattoo/track.npy,harmonix,2,0.9823434991974318,0.9871794871794872,0.9871794871794872,0.9871794871794872,1.0,1.0
harmonix/0951_thunder/track.npy,harmonix,2,0.9963235294117647,0.9926739926739927,0.9926739926739927,1.0,1.0,1.0
harmonix/0955_tinylittlebows/track.npy,harmonix,2,0.9973958333333334,0.9948051948051948,0.9948051948051948,1.0,1.0,1.0
harmonix/0958_turnmeup/track.npy,harmonix,2,0.9955456570155902,0.991130820399113,0.991130820399113,0.9955555555555555,0.9911504424778761,0.9911504424778761
harmonix/0959_turnthisclubaround/track.npy,harmonix,2,0.9991158267020336,0.9964664310954063,0.9964664310954063,1.0,1.0,1.0
harmonix/0991_worryaboutyounow/track.npy,harmonix,2,1.0,1.0,1.0,0.39097744360902253,0.3880597014925373,0.582089552238806
harmonix/0999_yourheartisamuscle/track.npy,harmonix,2,1.0,1.0,1.0,0.9523809523809523,0.8068181818181818,0.8068181818181818
hjdb/hjdb_Anastacia/track.npy,hjdb,2,1.0,1.0,1.0,1.0,1.0,1.0
hjdb/hjdb_Another_Direction/track.npy,hjdb,2,1.0,1.0,1.0,1.0,1.0,1.0
hjdb/hjdb_Bodymotion/track.npy,hjdb,2,1.0,1.0,1.0,1.0,1.0,1.0
hjdb/hjdb_Casanova_(Down_To_Earth_Remix)/track.npy,hjdb,2,1.0,1.0,1.0,1.0,1.0,1.0
hjdb/hjdb_Charly/track.npy,hjdb,2,1.0,1.0,1.0,1.0,1.0,1.0
hjdb/hjdb_Dance_The_Dream/track.npy,hjdb,2,1.0,1.0,1.0,0.85,0.8,0.8
hjdb/hjdb_Darkcore/track.npy,hjdb,2,1.0,1.0,1.0,1.0,1.0,1.0
hjdb/hjdb_Dont_Need_Your_Love/track.npy,hjdb,2,1.0,1.0,1.0,1.0,1.0,1.0
hjdb/hjdb_Fireball/track.npy,hjdb,2,1.0,1.0,1.0,1.0,1.0,1.0
hjdb/hjdb_Fires_Burning/track.npy,hjdb,2,1.0,1.0,1.0,1.0,1.0,1.0
hjdb/hjdb_Flammable_(Tango_Remix)/track.npy,hjdb,2,0.9969230769230769,0.9938650306748467,0.9938650306748467,0.9876543209876543,0.975609756097561,0.975609756097561
hjdb/hjdb_Flammable/track.npy,hjdb,2,1.0,1.0,1.0,1.0,1.0,1.0
hjdb/hjdb_Gangsta/track.npy,hjdb,2,1.0,1.0,1.0,1.0,1.0,1.0
hjdb/hjdb_Hands_Of_Time/track.npy,hjdb,2,1.0,1.0,1.0,1.0,1.0,1.0
hjdb/hjdb_Hold_it_Down/track.npy,hjdb,2,0.9979550102249488,0.9918367346938776,0.9918367346938776,1.0,1.0,1.0
hjdb/hjdb_Into_Da_Future_(Massive_Mix)/track.npy,hjdb,2,1.0,1.0,1.0,1.0,1.0,1.0
hjdb/hjdb_Jeopardy_(DJ_Spice_Mix)/track.npy,hjdb,2,1.0,1.0,1.0,1.0,1.0,1.0
hjdb/hjdb_Jump_Mk_II/track.npy,hjdb,2,0.995433789954338,0.990909090909091,0.990909090909091,0.9818181818181818,0.9642857142857143,0.9642857142857143
hjdb/hjdb_Just_A_Dream/track.npy,hjdb,2,1.0,1.0,1.0,1.0,1.0,1.0
hjdb/hjdb_Moments_So_Dark/track.npy,hjdb,2,1.0,1.0,1.0,1.0,1.0,1.0
hjdb/hjdb_Project_1_(Remix)/track.npy,hjdb,2,1.0,1.0,1.0,1.0,1.0,1.0
hjdb/hjdb_Skanka/track.npy,hjdb,2,0.0,0.0,0.8771929824561403,0.0,0.0,0.9230769230769231
hjdb/hjdb_Stay_Calm_(Foul_Play_Remix)/track.npy,hjdb,2,1.0,1.0,1.0,1.0,1.0,1.0
hjdb/hjdb_Sub_Dub/track.npy,hjdb,2,1.0,1.0,1.0,1.0,1.0,1.0
hjdb/hjdb_Take_Me_To_The_Top/track.npy,hjdb,2,1.0,1.0,1.0,1.0,1.0,1.0
hjdb/hjdb_The_Deep/track.npy,hjdb,2,1.0,1.0,1.0,1.0,1.0,1.0
hjdb/hjdb_The_Element_(Highnoon)/track.npy,hjdb,2,1.0,1.0,1.0,1.0,1.0,1.0
hjdb/hjdb_This_Is_A_Trip/track.npy,hjdb,2,1.0,1.0,1.0,1.0,1.0,1.0
hjdb/hjdb_Warpdrive/track.npy,hjdb,2,1.0,1.0,1.0,0.0,0.0,0.0
jaah/jaah_005-duke_ellington_and_his_orchestra-black_and_tan_fantasy/track.npy,jaah,2,0.9914772727272727,0.9858356940509915,0.9858356940509915,1.0,1.0,1.0
jaah/jaah_013-the_benny_goodman_trio-body_and_soul/track.npy,jaah,2,0.9793977812995246,0.9654088050314465,0.9654088050314465,0.9746835443037976,0.9625,0.9625
jaah/jaah_014-coleman_hawkins_and_his_orchestra-body_and_soul/track.npy,jaah,2,0.9608938547486033,0.9446494464944649,0.9446494464944649,0.8176100628930817,0.43478260869565216,0.43478260869565216
jaah/jaah_015-miles_davis_nonet-boplicity/track.npy,jaah,2,0.9882659713168187,0.987012987012987,0.987012987012987,0.8558558558558558,0.5238095238095238,0.5238095238095238
jaah/jaah_028-king_olivers_creole_jazz_band-dippermouth_blues/track.npy,jaah,2,0.9988674971687429,0.997737556561086,0.997737556561086,0.9954751131221719,0.990990990990991,0.990990990990991
jaah/jaah_029-the_modern_jazz_quartet-django/track.npy,jaah,2,0.9722627737226277,0.9563953488372093,0.9563953488372093,0.757834757834758,0.6927374301675978,0.6927374301675978
jaah/jaah_041-jelly_roll_mortons_red_hot_peppers-grandpas_spells/track.npy,jaah,2,0.9991445680068435,0.9948717948717949,0.9948717948717949,1.0,1.0,1.0
jaah/jaah_049-the_chocolate_dandies-i_cant_believe_that_youre_in_love_with_me/track.npy,jaah,2,0.9988623435722411,0.9977246871444824,0.9977246871444824,0.9977220956719818,0.9954545454545455,0.9954545454545455
jaah/jaah_060-tadd_dameron_sextet-lady_bird/track.npy,jaah,2,0.9369747899159664,0.8508403361344538,0.8508403361344538,0.9243697478991597,1.0,1.0
jaah/jaah_071-art_blakey_the_jazz_messengers-moanin/track.npy,jaah,2,0.9708090075062551,0.9653465346534653,0.9653465346534653,0.8992248062015505,0.7212643678160919,0.7212643678160919
jaah/jaah_080-charlie_parker_allstars-parkers_mood/track.npy,jaah,2,0.9502262443438915,0.9461883408071748,0.9461883408071748,0.7338129496402878,0.3132530120481928,0.4864864864864865
jaah/jaah_093-miles_davis_gil_evans-summertime/track.npy,jaah,2,0.9493087557603688,0.9815950920245399,0.9815950920245399,0.9512195121951219,0.9878048780487805,0.9878048780487805
jaah/jaah_099-horace_silver_the_jazz_messengers-the_preacher/track.npy,jaah,2,1.0,1.0,1.0,0.949748743718593,0.8086124401913876,0.8086124401913876
jaah/jaah_107-louis_armstrong_and_his_hot_five-west_end_blues/track.npy,jaah,2,0.9051383399209485,0.9007633587786259,0.9007633587786259,0.9120000000000001,0.921875,0.921875
rwc/rwc_classical_CD3_02/track.npy,rwc_classical,2,0.9447659126775381,0.875392670157068,0.875392670157068,0.9137254901960784,0.8308270676691729,0.8308270676691729
rwc/rwc_classical_CD3_05/track.npy,rwc_classical,2,0.8416865552903738,0.5472496473906912,0.5472496473906912,0.9518518518518518,0.927007299270073,0.927007299270073
rwc/rwc_classical_CD4_04/track.npy,rwc_classical,2,0.9636711281070744,0.8984962406015038,0.8984962406015038,0.8594377510040161,0.7109375,0.7109375
rwc/rwc_classical_CD5_10/track.npy,rwc_classical,2,0.9515418502202644,0.9780701754385965,0.9780701754385965,1.0,1.0,1.0
rwc/rwc_classical_CD6_03/track.npy,rwc_classical,2,0.3576158940397351,0.17369727047146402,0.17369727047146402,0.31095406360424027,0.14925373134328357,0.14925373134328357
rwc/rwc_classical_CD6_06/track.npy,rwc_classical,2,0.47671232876712333,0.3399014778325123,0.3399014778325123,0.2828282828282828,0.13559322033898305,0.24050632911392406
rwc/rwc_classical_CD6_07/track.npy,rwc_classical,2,0.6981132075471699,0.9,0.9,0.44999999999999996,0.0,1.0
rwc/rwc_classical_CD6_09/track.npy,rwc_classical,2,0.6451612903225807,0.016129032258064516,0.946236559139785,0.6330935251798562,0.0,0.9565217391304348
rwc/rwc_jazz_CD2_06/track.npy,rwc_jazz,2,0.9514348785871964,0.9493392070484582,0.9493392070484582,0.9513274336283186,0.960352422907489,0.960352422907489
rwc/rwc_jazz_CD3_03/track.npy,rwc_jazz,2,0.9275929549902152,0.7814814814814814,0.7814814814814814,0.9916666666666667,1.0,1.0
rwc/rwc_jazz_CD3_04/track.npy,rwc_jazz,2,0.9904458598726115,0.9810725552050473,0.9810725552050473,0.9904761904761905,0.9811320754716981,0.9811320754716981
rwc/rwc_jazz_CD4_01/track.npy,rwc_jazz,2,0.9572649572649573,0.9636752136752137,0.9636752136752137,0.9615384615384616,1.0,1.0
rwc/rwc_jazz_CD4_09/track.npy,rwc_jazz,2,0.21587301587301586,0.020964360587002098,0.050314465408805034,0.16574585635359115,0.010526315789473684,0.10526315789473684
rwc/rwc_jazz_CD4_10/track.npy,rwc_jazz,2,0.9875706214689265,0.9842696629213483,0.9842696629213483,0.9159663865546219,0.7322834645669292,0.7322834645669292
rwc/rwc_popular_CD1_03/track.npy,rwc_popular,2,0.992412746585736,0.9849397590361446,0.9849397590361446,0.993939393939394,0.9879518072289156,0.9879518072289156
rwc/rwc_popular_CD1_16/track.npy,rwc_popular,2,0.9980769230769231,0.9961612284069098,0.9961612284069098,1.0,1.0,1.0
rwc/rwc_popular_CD3_11/track.npy,rwc_popular,2,0.9582542694497154,0.9242424242424242,0.9242424242424242,0.853932584269663,0.7536231884057971,0.7536231884057971
rwc/rwc_popular_CD3_15/track.npy,rwc_popular,2,0.9983579638752053,0.9967213114754099,0.9967213114754099,1.0,1.0,1.0
rwc/rwc_popular_CD4_15/track.npy,rwc_popular,2,0.995967741935484,0.9919678714859438,0.9919678714859438,0.9959514170040485,0.9919354838709677,0.9919354838709677
rwc/rwc_popular_CD5_01/track.npy,rwc_popular,2,0.9802513464991023,0.9646643109540636,0.9646643109540636,0.9857142857142858,0.971830985915493,0.971830985915493
rwc/rwc_popular_CD5_02/track.npy,rwc_popular,2,0.9974424552429668,0.9948979591836735,0.9948979591836735,0.9948717948717948,0.9897959183673469,0.9897959183673469
rwc/rwc_popular_CD5_13/track.npy,rwc_popular,2,0.9684947491248541,0.9288990825688074,0.9288990825688074,0.9483568075117371,0.926605504587156,0.926605504587156
rwc/rwc_popular_CD6_05/track.npy,rwc_popular,2,0.6652806652806652,0.0,0.9953271028037384,0.6666666666666666,0.0,0.99375
rwc/rwc_popular_CD6_07/track.npy,rwc_popular,2,0.9914320685434517,0.9878048780487805,0.9878048780487805,0.9951219512195122,0.9902912621359223,0.9902912621359223
rwc/rwc_popular_CD7_02/track.npy,rwc_popular,2,0.9978858350951374,0.9957805907172996,0.9957805907172996,1.0,1.0,1.0
rwc/rwc_popular_CD7_07/track.npy,rwc_popular,2,1.0,1.0,1.0,1.0,1.0,1.0
rwc/rwc_popular_CD7_10/track.npy,rwc_popular,2,0.9973190348525469,0.9973190348525469,0.9973190348525469,0.9893617021276596,1.0,1.0
rwc/rwc_royalty-free_CD1_12/track.npy,rwc_royalty-free,2,0.9288702928870293,0.7049608355091384,0.7049608355091384,0.9101123595505617,0.7368421052631579,0.7368421052631579
simac/simac_A_vida_me_fez_assim_02-Viver/track.npy,simac,2,1.0,1.0,1.0,nan,nan,nan
simac/simac_Alfagamabetizado_03-Covered_Saints/track.npy,simac,2,0.9743589743589743,0.95,0.95,nan,nan,nan
simac/simac_Alfagamabetizado_11-Quixabeira/track.npy,simac,2,1.0,1.0,1.0,nan,nan,nan
simac/simac_Alfagamabetizado_13-Mares_de_Ti/track.npy,simac,2,1.0,1.0,1.0,nan,nan,nan
simac/simac_Alfagamabetizado_14-Zanza/track.npy,simac,2,0.9333333333333332,0.8695652173913043,0.8695652173913043,nan,nan,nan
simac/simac_Alfagamabetizado_15-A_Namorada/track.npy,simac,2,1.0,1.0,1.0,nan,nan,nan
simac/simac_As_Time_Goes_By_02-manhattan/track.npy,simac,2,1.0,1.0,1.0,nan,nan,nan
simac/simac_As_Time_Goes_By_09-this_funny_world/track.npy,simac,2,1.0,1.0,1.0,nan,nan,nan
simac/simac_As_Time_Goes_By_11-spring_is_here/track.npy,simac,2,0.7999999999999999,0.9444444444444444,0.9444444444444444,nan,nan,nan
simac/simac_As_time_goes_by_disk_2_01-The_lady_is_a_tramp/track.npy,simac,2,0.65,0.0,0.7358490566037735,nan,nan,nan
simac/simac_As_time_goes_by_disk_2_06-You_took_advantage_on_me/track.npy,simac,2,1.0,1.0,1.0,nan,nan,nan
simac/simac_As_time_goes_by_disk_3_02-I_wish_I_were_in_love_again/track.npy,simac,2,0.5925925925925926,0.0,0.8888888888888888,nan,nan,nan
simac/simac_Bach_The_Well-Tempered_Clavier_II_(Disc_1)_15-Prelude_and_Fugue_No._8_in_D-sharp_minor_BWV_877_-_1._Praeludium/track.npy,simac,2,1.0,1.0,1.0,nan,nan,nan
simac/simac_Bach_The_Well-Tempered_Clavier_II_(Disc_2)_01-Prelude_and_Fugue_No._13_F-sharp_major_BWV_882_-_1._Praeludium/track.npy,simac,2,1.0,1.0,1.0,nan,nan,nan
simac/simac_Bach_The_Well-Tempered_Clavier_II_(Disc_2)_02-Prelude_and_Fugue_No._13_F-sharp_major_BWV_882_-_2._Fuga/track.npy,simac,2,1.0,1.0,1.0,nan,nan,nan
simac/simac_Bach_The_Well-Tempered_Clavier_II_(Disc_2)_15-Prelude_and_Fugue_No._20_A_minor_BWV_889_-_1._Praeludium/track.npy,simac,2,0.6818181818181819,0.0,1.0,nan,nan,nan
simac/simac_Bach_The_Well-Tempered_Clavier_II_(Disc_2)_18-Prelude_and_Fugue_No._21_B-flat_major_BWV_890_-_2._Fuga/track.npy,simac,2,0.6666666666666666,0.0,1.0,nan,nan,nan
simac/simac_Bach_The_Well-Tempered_Clavier_II_(Disc_2)_22-Prelude_and_Fugue_No._23_B_major_BWV_892_-_2._Fuga/track.npy,simac,2,0.9824561403508771,0.9655172413793104,0.9655172413793104,nan,nan,nan
simac/simac_Beethoven_-_The_String_Quartets_#1_03-F_major_op._18_no._1_-_Scherzo._Allegro_molto/track.npy,simac,2,0.4954128440366972,0.0,0.0,nan,nan,nan
simac/simac_Beethoven_-_The_String_Quartets_#1_12-D_major_op._18_no._3_-_Presto/track.npy,simac,2,0.6551724137931034,0.0,0.9487179487179487,nan,nan,nan
simac/simac_Beethoven_The_String_Quartets_-_CD_3_01-String_Quartet_No_7_Op_59_No_1_-_I_Allegro/track.npy,simac,2,0.6440677966101694,0.0,0.9,nan,nan,nan
simac/simac_Bernstein_conducts_Stravinsky_04-Spring_round_dances/track.npy,simac,2,0.47826086956521735,0.0,0.8709677419354839,nan,nan,nan
simac/simac_Bernstein_conducts_Stravinsky_16-Legerdemain_scene-_Russian_danse/track.npy,simac,2,0.8125,0.625,0.625,nan,nan,nan
simac/simac_Classic_Pergolesi_-_Stabat_Mater_01/track.npy,simac,2,0.4705882352941176,0.0,0.8695652173913043,nan,nan,nan
simac/simac_Concert_06-2._Allegro/track.npy,simac,2,1.0,1.0,1.0,nan,nan,nan
simac/simac_Concert_12-4._Allegro/track.npy,simac,2,0.9666666666666667,0.9666666666666667,0.9666666666666667,nan,nan,nan
simac/simac_Concert_13-Concero_en_Sol_Mineur_pour_flute_a_bec_violons_et_basse_continue._Allegro/track.npy,simac,2,0.9615384615384616,1.0,1.0,nan,nan,nan
simac/simac_Concert_22-2._Allegro/track.npy,simac,2,1.0,1.0,1.0,nan,nan,nan
simac/simac_DGG_419_047-2_06-Fantasie_u._Fuge_g-moll_BWV_542_-_II_Fuge/track.npy,simac,2,0.2926829268292683,0.0,0.4166666666666667,nan,nan,nan
simac/simac_Ella_&_Louis_01-Its_Only_A_Paper_Moon/track.npy,simac,2,0.9836065573770492,0.967741935483871,0.967741935483871,nan,nan,nan
simac/simac_Eventail_05-Fandango/track.npy,simac,2,0.4814814814814815,0.02857142857142857,0.5135135135135135,nan,nan,nan
simac/simac_Fado_03-AudioTrack_03/track.npy,simac,2,0.6666666666666666,0.0,0.9615384615384616,nan,nan,nan
simac/simac_Fado_07-AudioTrack_07/track.npy,simac,2,0.5490196078431372,0.0,0.8823529411764706,nan,nan,nan
simac/simac_Family_Tree_-_Greatest_Hits_As_Chosen_By_Bjork_08-All_Is_Full_Of_Love/track.npy,simac,2,1.0,1.0,1.0,nan,nan,nan
simac/simac_Family_Tree_-_Greatest_Hits_As_Chosen_By_Bjork_10-I_ve_Seen_It_All/track.npy,simac,2,0.6071428571428572,0.0,0.868421052631579,nan,nan,nan
simac/simac_Family_Tree_-_Greatest_Hits_As_Chosen_By_Bjork_12-It_s_Not_Up_To_You/track.npy,simac,2,0.7017543859649124,0.08108108108108109,0.8461538461538461,nan,nan,nan
simac/simac_Gold_-_Greatest_Hits_11-Chiquitita/track.npy,simac,2,0.9090909090909091,1.0,1.0,nan,nan,nan
simac/simac_Gold_-_Greatest_Hits_19-Waterloo/track.npy,simac,2,1.0,1.0,1.0,nan,nan,nan
simac/simac_Kocani_Orkester_Trubaci_-_Nikol/track.npy,simac,2,1.0,1.0,1.0,nan,nan,nan
simac/simac_Ludwid_van_Beethoven_10-VI._Adagio_quasi_un_poco_andante_-_attacca/track.npy,simac,2,0.18749999999999997,0.0,0.8181818181818182,nan,nan,nan
simac/simac_Niandra_LaDes_and_Usually_Just_a_T-Shirt_11-Blood_on_My_Neck_From_Success/track.npy,simac,2,0.8372093023255813,0.44,0.44,nan,nan,nan
simac/simac_Niandra_LaDes_and_Usually_Just_a_T-Shirt_20-Usually_Just_a_T-Shirt_Untitled_8/track.npy,simac,2,0.9411764705882353,0.9117647058823529,0.9117647058823529,nan,nan,nan
simac/simac_Papakonstantinou_04-AudioTrack_04/track.npy,simac,2,0.6666666666666666,0.0,0.96875,nan,nan,nan
simac/simac_Primer_Aliento_02-Nuclear_si_por_supuesto_/track.npy,simac,2,1.0,1.0,1.0,nan,nan,nan
simac/simac_Primer_Aliento_10-Ondina/track.npy,simac,2,0.6666666666666666,0.0,0.9736842105263158,nan,nan,nan
simac/simac_Primer_Aliento_15-El_laberinto_del_nuevo_Minotauro/track.npy,simac,2,0.6666666666666666,0.0,0.9791666666666666,nan,nan,nan
simac/simac_R.A.F.I_05-Free_Satpal_Ram/track.npy,simac,2,1.0,1.0,1.0,nan,nan,nan
simac/simac_R.A.F.I_12-Culture_Move/track.npy,simac,2,0.6666666666666666,0.0,0.9761904761904762,nan,nan,nan
simac/simac_Samba_na_Madrugada_03-14_Anos/track.npy,simac,2,1.0,1.0,1.0,nan,nan,nan
simac/simac_Selling_England_By_The_Pound_01-Dancing_with_the_Moonlit_Knight/track.npy,simac,2,0.8947368421052632,1.0,1.0,nan,nan,nan
simac/simac_So_Cartola_02-Alvorada_Ao_Amanhecer/track.npy,simac,2,1.0,1.0,1.0,nan,nan,nan
simac/simac_So_Cartola_13-Velho_Estacio/track.npy,simac,2,0.0,0.0,0.9615384615384616,nan,nan,nan
simac/simac_So_Cartola_14-Ciume_Doentio/track.npy,simac,2,1.0,1.0,1.0,nan,nan,nan
simac/simac_Tales_Of_Mystery_And_Imagination_07-The_Fall_Of_The_House_Of_Usher_II_Arrival/track.npy,simac,2,0.972972972972973,0.9473684210526315,0.9473684210526315,nan,nan,nan
simac/simac_The_Crackdown_07-Why_Kill_Time_When_You_Can_Kill_Yourself_/track.npy,simac,2,0.6666666666666666,0.0,0.9736842105263158,nan,nan,nan
simac/simac_The_Crackdown_08-Haiti/track.npy,simac,2,1.0,1.0,1.0,nan,nan,nan
simac/simac_Tomatito_Tomatito-05.A_mi_tao_El_Nino_Miguel/track.npy,simac,2,0.45454545454545453,0.4411764705882353,0.4411764705882353,nan,nan,nan
simac/simac_VOL.3_Musiques_pour_guitare_et_violoncelle_01-M._Baumann_Duo_pour_guitare_et_violoncelle_op.62_-_1._Prelude_(Lento_rubato)/track.npy,simac,2,0.6792452830188679,0.0,1.0,nan,nan,nan
simac/simac_Xatzidakis_01-AudioTrack_01/track.npy,simac,2,0.6133333333333333,0.0,0.68,nan,nan,nan
simac/simac_Xatzidakis_03-AudioTrack_03/track.npy,simac,2,1.0,1.0,1.0,nan,nan,nan
simac/simac_Xatzidakis_15-AudioTrack_15/track.npy,simac,2,1.0,1.0,1.0,nan,nan,nan
simac/simac_greek_Asteriadi_-_Mia_giorti/track.npy,simac,2,0.37837837837837834,0.2631578947368421,0.2631578947368421,nan,nan,nan
simac/simac_greek_Gkoles_-_Zwi_mou_farmakw8ikes/track.npy,simac,2,0.6666666666666666,0.0,0.9444444444444444,nan,nan,nan
simac/simac_greek_To_pasoumi_-_Smyrni/track.npy,simac,2,0.9,1.0,1.0,nan,nan,nan
simac/simac_more_greek_Gkoles_-_H_tsigkouna/track.npy,simac,2,0.6666666666666666,0.0,0.98,nan,nan,nan
simac/simac_more_greek_Gkoles_-_Keravnoi_ki_astropelekia/track.npy,simac,2,0.6545454545454547,0.0,0.9459459459459459,nan,nan,nan
simac/simac_more_greek_Gkoles_-_Ksaveriwtissa/track.npy,simac,2,0.6486486486486487,0.0,0.94,nan,nan,nan
simac/simac_more_greek_Gkoles_-_Rimakse_to_spitiko_mas/track.npy,simac,2,1.0,1.0,1.0,nan,nan,nan
simac/simac_more_greek_Glykeria_-_Odos_Aristotelous/track.npy,simac,2,0.9777777777777777,0.9130434782608695,0.9130434782608695,nan,nan,nan
simac/simac_more_greek_Marinella_-_Kane_ligaki_ypomoni/track.npy,simac,2,0.6666666666666666,0.0,0.9666666666666667,nan,nan,nan
simac/simac_more_greek_Mitropanos_-_8essaloniki/track.npy,simac,2,1.0,1.0,1.0,nan,nan,nan
simac/simac_more_greek_Mitsias_-_Apopse_f8inopwriase/track.npy,simac,2,0.5909090909090909,0.0,1.0,nan,nan,nan
simac/simac_more_greek_Mosxoliou_Gkika_-_Pira_ap_to_xeri_sou_nero/track.npy,simac,2,0.7000000000000001,0.1282051282051282,0.7560975609756098,nan,nan,nan
simac/simac_more_greek_Mpellou_-_Liga_psixoula_agapis_sou_gyrevw/track.npy,simac,2,0.6451612903225806,0.0,0.9047619047619048,nan,nan,nan
simac/simac_selected_ambient_works_8592_schottkey_7th_path/track.npy,simac,2,1.0,1.0,1.0,nan,nan,nan
smc/smc_001/track.npy,smc,2,0.6376811594202899,0.4878048780487805,0.4878048780487805,nan,nan,nan
smc/smc_003/track.npy,smc,2,0.5042016806722688,0.0,0.6296296296296297,nan,nan,nan
smc/smc_012/track.npy,smc,2,0.576923076923077,0.6792452830188679,0.6792452830188679,nan,nan,nan
smc/smc_019/track.npy,smc,2,0.8846153846153846,0.5862068965517241,0.5862068965517241,nan,nan,nan
smc/smc_035/track.npy,smc,2,0.7536231884057971,0.9714285714285714,0.9714285714285714,nan,nan,nan
smc/smc_047/track.npy,smc,2,0.5066666666666667,0.0,0.9230769230769231,nan,nan,nan
smc/smc_048/track.npy,smc,2,0.5116279069767442,0.7391304347826086,0.7391304347826086,nan,nan,nan
smc/smc_051/track.npy,smc,2,0.5473684210526315,0.4482758620689655,0.4482758620689655,nan,nan,nan
smc/smc_057/track.npy,smc,2,0.46376811594202894,0.6571428571428571,0.6571428571428571,nan,nan,nan
smc/smc_069/track.npy,smc,2,0.787878787878788,0.8235294117647058,0.8235294117647058,nan,nan,nan
smc/smc_084/track.npy,smc,2,0.06666666666666667,0.08,0.08,nan,nan,nan
smc/smc_085/track.npy,smc,2,0.28125,0.65625,0.65625,nan,nan,nan
smc/smc_086/track.npy,smc,2,0.8860759493670887,0.8,0.8,nan,nan,nan
smc/smc_096/track.npy,smc,2,0.9838709677419355,1.0,1.0,nan,nan,nan
smc/smc_113/track.npy,smc,2,0.5897435897435898,0.0,0.0,nan,nan,nan
smc/smc_143/track.npy,smc,2,0.5436893203883495,0.8653846153846154,0.8653846153846154,nan,nan,nan
smc/smc_178/track.npy,smc,2,0.8571428571428571,1.0,1.0,nan,nan,nan
smc/smc_199/track.npy,smc,2,0.32989690721649484,0.24561403508771928,0.24561403508771928,nan,nan,nan
smc/smc_202/track.npy,smc,2,0.19354838709677422,0.25,0.25,nan,nan,nan
smc/smc_213/track.npy,smc,2,0.5135135135135136,0.7631578947368421,0.7631578947368421,nan,nan,nan
smc/smc_223/track.npy,smc,2,0.704225352112676,0.5789473684210527,0.5789473684210527,nan,nan,nan
smc/smc_232/track.npy,smc,2,0.7936507936507936,0.65625,0.65625,nan,nan,nan
smc/smc_244/track.npy,smc,2,0.25531914893617025,0.0,0.46875,nan,nan,nan
smc/smc_252/track.npy,smc,2,0.9444444444444444,1.0,1.0,nan,nan,nan
smc/smc_255/track.npy,smc,2,0.8378378378378378,0.7837837837837838,0.7837837837837838,nan,nan,nan
smc/smc_264/track.npy,smc,2,0.4285714285714286,0.0,0.7023809523809523,nan,nan,nan
smc/smc_283/track.npy,smc,2,0.9090909090909091,0.6666666666666666,0.6666666666666666,nan,nan,nan
tapcorrect/006_youtube_I3gHugP6bPE/track.npy,tapcorrect,2,0.9865470852017937,0.984304932735426,0.984304932735426,0.9202898550724637,0.697986577181208,0.697986577181208
tapcorrect/010_youtube_80tX5MLX8QY/track.npy,tapcorrect,2,0.9949367088607595,0.9974683544303797,0.9974683544303797,0.9705882352941176,0.9230769230769231,0.9230769230769231
tapcorrect/012_youtube_Va0vs1fhhNI/track.npy,tapcorrect,2,0.663594470046083,0.0,0.988558352402746,0.6666666666666666,0.0,0.9907407407407407
tapcorrect/030_youtube_U8EDgciZZFc/track.npy,tapcorrect,2,0.8277680140597539,0.7445008460236887,0.7445008460236887,0.756578947368421,0.562874251497006,0.562874251497006
tapcorrect/037_youtube_VYCOg-yglNM/track.npy,tapcorrect,2,0.9887820512820512,0.9745222929936306,0.9745222929936306,0.985645933014354,0.9714285714285714,0.9714285714285714
tapcorrect/042_youtube_uBMtdaRhDMY/track.npy,tapcorrect,2,0.9770114942528736,0.9176029962546817,0.9176029962546817,0.863013698630137,0.5609756097560976,0.5609756097560976
tapcorrect/049_youtube_rSktfVJc_IM/track.npy,tapcorrect,2,0.9973118279569892,0.9946380697050938,0.9946380697050938,1.0,1.0,1.0
tapcorrect/055_youtube_LzLt9X4hoIE/track.npy,tapcorrect,2,0.9095966620305981,0.8360215053763441,0.8360215053763441,0.9222222222222222,0.8709677419354839,0.8709677419354839
tapcorrect/066_youtube_H4BB9eGUEaE/track.npy,tapcorrect,2,1.0,1.0,1.0,0.8662420382165605,0.6746987951807228,0.6746987951807228
tapcorrect/074_youtube_aBqT2qWxDL8/track.npy,tapcorrect,2,0.9985652797704447,0.997134670487106,0.997134670487106,0.9942857142857142,0.9886363636363636,0.9886363636363636
tapcorrect/085_youtube_KEl7WjfbnSA/track.npy,tapcorrect,2,0.9798270893371757,0.9542857142857143,0.9542857142857143,0.9739130434782608,0.9482758620689655,0.9482758620689655
tapcorrect/093_youtube_C1lbOgBtE3w/track.npy,tapcorrect,2,0.9975903614457832,1.0,1.0,0.9285714285714286,0.7333333333333333,0.7333333333333333
tapcorrect/098_youtube_MsduHmjQlgI/track.npy,tapcorrect,2,0.9850427350427351,0.9829424307036247,0.9829424307036247,0.896551724137931,0.6433566433566433,0.6433566433566433
asap/Bach_Fugue_bwv_865_Teo01M/track.npy,asap,3,0.9721815519765741,0.9651162790697675,0.9651162790697675,0.6377952755905512,0.0,0.9467455621301775
asap/Bach_Fugue_bwv_865_ZhangE01M/track.npy,asap,3,0.9897209985315712,0.97953216374269,0.97953216374269,0.6613545816733067,0.0,0.9644970414201184
asap/Bach_Fugue_bwv_874_BianF01/track.npy,asap,3,0.05106382978723404,0.0,0.4057971014492754,0.0,0.0,0.014492753623188406
asap/Bach_Fugue_bwv_874_Kurz01M/track.npy,asap,3,0.7158671586715868,0.11494252873563218,0.7823834196891192,0.6417910447761194,0.06976744186046512,0.7684210526315789
asap/Bach_Fugue_bwv_874_WongWY01M/track.npy,asap,3,0.6666666666666666,0.038461538461538464,0.8704663212435233,0.6330935251798562,0.03296703296703297,0.8736842105263158
asap/Bach_Fugue_bwv_884_LiA01M/track.npy,asap,3,0.9848484848484848,0.964824120603015,0.964824120603015,0.9846153846153847,0.9696969696969697,0.9696969696969697
asap/Bach_Prelude_bwv_846_Shi05M/track.npy,asap,3,0.5909090909090909,0.5227272727272727,0.5227272727272727,0.40404040404040403,0.0,0.9242424242424242
asap/Bach_Prelude_bwv_863_LeeN01M/track.npy,asap,3,0.43478260869565216,0.011904761904761904,0.011904761904761904,0.8363636363636364,0.8214285714285714,0.8214285714285714
asap/Bach_Prelude_bwv_863_Shychko01M/track.npy,asap,3,0.4225352112676057,0.011363636363636364,0.011363636363636364,0.3823529411764706,0.12195121951219512,0.12195121951219512
asap/Bach_Prelude_bwv_863_TongB01M/track.npy,asap,3,0.7575757575757577,0.34615384615384615,0.34615384615384615,0.45161290322580644,0.05714285714285714,0.24528301886792453
asap/Bach_Prelude_bwv_873_Lisiecki13M/track.npy,asap,3,0.39932885906040266,0.007211538461538462,0.009615384615384616,0.35106382978723405,0.0,0.0234375
asap/Beethoven_Piano_Sonatas_18-1_ChenGuang03M/track.npy,asap,3,0.903225806451613,0.8346666666666667,0.8346666666666667,0.8264462809917356,0.696,0.696
asap/Beethoven_Piano_Sonatas_18-1_KOLESO06M/track.npy,asap,3,0.9223497636731938,0.856,0.856,0.75,0.5916030534351145,0.5916030534351145
asap/Beethoven_Piano_Sonatas_18-1_LeungR02M/track.npy,asap,3,0.8825136612021858,0.8114973262032086,0.8114973262032086,0.803921568627451,0.6923076923076923,0.6923076923076923
asap/Beethoven_Piano_Sonatas_18-1_Levitsky05M/track.npy,asap,3,0.9223560910307899,0.8601864181091877,0.8601864181091877,0.8000000000000002,0.654275092936803,0.654275092936803
asap/Beethoven_Piano_Sonatas_18-1_ZhangH05M/track.npy,asap,3,0.9146757679180888,0.8266666666666667,0.8266666666666667,0.6150793650793651,0.39763779527559057,0.39763779527559057
asap/Beethoven_Piano_Sonatas_18-4_ChenGuang06M/track.npy,asap,3,0.9142488716956801,0.7438118811881188,0.7438118811881188,0.7034277198211624,0.3094059405940594,0.3094059405940594
asap/Beethoven_Piano_Sonatas_18-4_KOLESO06M/track.npy,asap,3,0.9523219814241486,0.8689740420271941,0.8689740420271941,0.641860465116279,0.1506172839506173,0.32916666666666666
asap/Beethoven_Piano_Sonatas_24-1_no_2_repeat_Cui06M/track.npy,asap,3,0.9779005524861878,0.9521178637200737,0.9521178637200737,0.8562300319488818,0.5257142857142857,0.5257142857142857
asap/Beethoven_Piano_Sonatas_24-1_no_2_repeat_DeTurck06M/track.npy,asap,3,0.9780621572212065,0.9601449275362319,0.9601449275362319,0.869281045751634,0.5976331360946746,0.5976331360946746
asap/Beethoven_Piano_Sonatas_26-3_HONG05M/track.npy,asap,3,0.903061224489796,0.8383084577114428,0.8383084577114428,0.8994708994708994,0.8795811518324608,0.8795811518324608
asap/Beethoven_Piano_Sonatas_26-3_Zhdanov05M/track.npy,asap,3,0.8659070990359334,0.6758508914100486,0.6758508914100486,0.7823008849557521,0.6468646864686468,0.6468646864686468
asap/Chopin_Etudes_op_10_5_LiA03M/track.npy,asap,3,0.8780487804878048,0.7321428571428571,0.7321428571428571,0.6567164179104479,0.2375,0.37037037037037035
asap/Chopin_Etudes_op_10_5_LiC02M/track.npy,asap,3,0.9113149847094801,0.8682634730538922,0.8682634730538922,0.8,0.4125,0.4125
asap/Chopin_Etudes_op_10_5_ZhangW03M/track.npy,asap,3,0.7425474254742548,0.3062200956937799,0.3062200956937799,0.8169014084507041,0.5875,0.5875
asap/Chopin_Etudes_op_10_8_KyykhynenT09M/track.npy,asap,3,0.9459459459459459,0.8897849462365591,0.8897849462365591,0.6571428571428571,0.423728813559322,0.423728813559322
asap/Chopin_Etudes_op_10_8_Lou03M/track.npy,asap,3,0.8855989232839838,0.7771883289124668,0.7771883289124668,0.683982683982684,0.31654676258992803,0.44808743169398907
asap/Chopin_Etudes_op_10_8_LuEric03M/track.npy,asap,3,0.9274537695590328,0.7506849315068493,0.7506849315068493,0.7592592592592593,0.4032258064516129,0.4032258064516129
asap/Chopin_Etudes_op_10_8_MiyashitaM05M/track.npy,asap,3,0.8807588075880758,0.7903225806451613,0.7903225806451613,0.7868852459016393,0.8913043478260869,0.8913043478260869
asap/Chopin_Etudes_op_10_8_Rizikov03M/track.npy,asap,3,0.9272237196765498,0.8590425531914894,0.8590425531914894,0.6467661691542288,0.5045871559633027,0.5045871559633027
asap/Chopin_Etudes_op_10_8_Tetzloff07M/track.npy,asap,3,0.8867132867132866,0.7049180327868853,0.7049180327868853,0.6371681415929203,0.30597014925373134,0.3989071038251366
asap/Chopin_Etudes_op_10_8_Zhou03M/track.npy,asap,3,0.9061224489795918,0.7777777777777778,0.7777777777777778,0.7282051282051282,0.6310679611650486,0.6310679611650486
asap/Chopin_Etudes_op_25_11_Richardson_2013_08M/track.npy,asap,3,0.9523809523809522,0.9182058047493403,0.9182058047493403,0.9052631578947369,0.9052631578947369,0.9052631578947369
asap/Chopin_Scherzos_20_Kurz04M/track.npy,asap,3,0.5806921675774135,0.061389337641357025,0.06788793103448276,0.4802431610942249,0.10823909531502424,0.21195652173913043
asap/Chopin_Scherzos_20_Wong04M/track.npy,asap,3,0.5514124293785311,0.03376906318082789,0.08823529411764706,0.5060728744939271,0.08006535947712418,0.2712765957446808
asap/Chopin_Scherzos_20_ZhangYunling04M/track.npy,asap,3,0.534147272033575,0.07928802588996764,0.07928802588996764,0.5140388768898487,0.07928802588996764,0.5307443365695793
asap/Liszt_Ballade_2_GarritsonL04M/track.npy,asap,3,0.6041565973900436,0.28926353149955636,0.28926353149955636,0.3798219584569733,0.19722222222222222,0.19722222222222222
asap/Liszt_Ballade_2_Jin07M/track.npy,asap,3,0.6509090909090909,0.3717834960070985,0.3717834960070985,0.5057803468208093,0.30423280423280424,0.30423280423280424
asap/Liszt_Ballade_2_Min06M/track.npy,asap,3,0.6428571428571428,0.33717834960070986,0.33717834960070986,0.4311377245508982,0.1694915254237288,0.1694915254237288
asap/Rachmaninoff_Preludes_op_23_4_ChenGuang12M/track.npy,asap,3,0.7049504950495049,0.4,0.4,0.5201793721973095,0.17567567567567569,0.17567567567567569
asap/Rachmaninoff_Preludes_op_23_4_WuuE07M/track.npy,asap,3,0.662878787878788,0.2993421052631579,0.2993421052631579,0.3541666666666667,0.1111111111111111,0.11409395973154363
asap/Schubert_Impromptu_op.90_D.899_1_Duepree08M/track.npy,asap,3,0.9304946775203506,0.8902589395807645,0.8902589395807645,0.8491879350348028,0.6491228070175439,0.6491228070175439
asap/Schubert_Impromptu_op.90_D.899_1_Jin05M/track.npy,asap,3,0.9237726098191213,0.7866831072749692,0.7866831072749692,0.8454545454545455,0.6118143459915611,0.6118143459915611
asap/Schubert_Impromptu_op.90_D.899_1_Teo06M/track.npy,asap,3,0.8759322033898305,0.6855733662145499,0.6855733662145499,0.7625272331154684,0.39453125,0.39453125
asap/Schubert_Impromptu_op.90_D.899_3_Hou06M/track.npy,asap,3,0.7064555420219245,0.30721649484536084,0.30721649484536084,0.6367713004484306,0.10071942446043165,0.6586826347305389
asap/Schubert_Impromptu_op.90_D.899_3_JeonH06M/track.npy,asap,3,0.5936599423631124,0.17647058823529413,0.32689450222882616,0.5294117647058824,0.12605042016806722,0.33136094674556216
asap/Schubert_Impromptu_op.90_D.899_3_Ko08M/track.npy,asap,3,0.712401055408971,0.47030878859857483,0.47030878859857483,0.5323741007194244,0.015544041450777202,0.5751295336787565
asap/Schubert_Impromptu_op.90_D.899_3_Kociuban10M/track.npy,asap,3,0.6785714285714286,0.16457960644007155,0.5527488855869243,0.6581196581196581,0.087248322147651,0.7514792899408284
asap/Schubert_Impromptu_op.90_D.899_3_LeeSH08M/track.npy,asap,3,0.7667638483965015,0.6332378223495702,0.6332378223495702,0.6538461538461539,0.16260162601626016,0.4970414201183432
asap/Schubert_Impromptu_op.90_D.899_3_Mizumoto07M/track.npy,asap,3,0.7608695652173914,0.5416666666666666,0.5416666666666666,0.5333333333333333,0.0990990990990991,0.38922155688622756
asap/Schubert_Impromptu_op.90_D.899_3_Woo10M/track.npy,asap,3,0.847953216374269,0.7126436781609196,0.7126436781609196,0.6333333333333333,0.038461538461538464,0.8023952095808383
asap/Schubert_Impromptu_op.90_D.899_3_WuuE10M/track.npy,asap,3,0.6705202312138728,0.3707865168539326,0.3707865168539326,0.5463917525773195,0.20909090909090908,0.3413173652694611
asap/Schubert_Impromptu_op.90_D.899_3_ZhangW07M/track.npy,asap,3,0.7504078303425775,0.4836795252225519,0.4836795252225519,0.48677248677248675,0.25,0.25
asap/Schubert_Impromptu_op.90_D.899_3_ZhaoK10M/track.npy,asap,3,0.6356107660455487,0.01746031746031746,0.7630402384500745,0.6359832635983264,0.0,0.8802395209580839
asap/Schubert_Moment_musical_no_3_Tetzloff09M/track.npy,asap,3,0.976271186440678,0.9594594594594594,0.9594594594594594,0.979591836734694,0.9594594594594594,0.9594594594594594
asap/Schumann_Arabeske_Min09M/track.npy,asap,3,0.7670639219934994,0.523517382413088,0.523517382413088,0.6382022471910113,0.39183673469387753,0.39183673469387753
asap/Schumann_Arabeske_ParkS15M/track.npy,asap,3,0.713472485768501,0.46099290780141844,0.46099290780141844,0.620967741935484,0.4302788844621514,0.4302788844621514
ballroom/ballroom_Albums-Ballroom_Classics4-06/track.npy,ballroom,3,0.9906542056074767,0.9814814814814815,0.9814814814814815,1.0,1.0,1.0
ballroom/ballroom_Albums-Ballroom_Classics4-08/track.npy,ballroom,3,1.0,1.0,1.0,1.0,1.0,1.0
ballroom/ballroom_Albums-Ballroom_Classics4-14/track.npy,ballroom,3,0.993103448275862,0.9863013698630136,0.9863013698630136,1.0,1.0,1.0
ballroom/ballroom_Albums-Ballroom_Magic-02/track.npy,ballroom,3,0.9722222222222222,1.0,1.0,1.0,1.0,1.0
ballroom/ballroom_Albums-Ballroom_Magic-05/track.npy,ballroom,3,1.0,1.0,1.0,1.0,1.0,1.0
ballroom/ballroom_Albums-Cafe_Paradiso-01/track.npy,ballroom,3,1.0,1.0,1.0,1.0,1.0,1.0
ballroom/ballroom_Albums-Cafe_Paradiso-10/track.npy,ballroom,3,0.9629629629629629,0.9512195121951219,0.9512195121951219,0.9523809523809523,0.9090909090909091,0.9090909090909091
ballroom/ballroom_Albums-Cafe_Paradiso-14/track.npy,ballroom,3,1.0,1.0,1.0,1.0,1.0,1.0
ballroom/ballroom_Albums-Chrisanne1-02/track.npy,ballroom,3,0.9850746268656716,0.9411764705882353,0.9411764705882353,0.9090909090909091,0.7272727272727273,0.7272727272727273
ballroom/ballroom_Albums-Chrisanne2-01/track.npy,ballroom,3,0.8169014084507044,0.8611111111111112,0.8611111111111112,0.75,1.0,1.0
ballroom/ballroom_Albums-Chrisanne2-11/track.npy,ballroom,3,0.9940119760479043,0.9761904761904762,0.9761904761904762,0.975609756097561,0.9523809523809523,0.9523809523809523
ballroom/ballroom_Albums-Fire-13/track.npy,ballroom,3,1.0,1.0,1.0,1.0,1.0,1.0
ballroom/ballroom_Albums-I_Like_It2-01/track.npy,ballroom,3,1.0,1.0,1.0,1.0,1.0,1.0
ballroom/ballroom_Albums-Latin_Jam-06/track.npy,ballroom,3,1.0,1.0,1.0,1.0,1.0,1.0
ballroom/ballroom_Albums-Latin_Jam2-01/track.npy,ballroom,3,0.988235294117647,0.9767441860465116,0.9767441860465116,1.0,1.0,1.0
ballroom/ballroom_Albums-Latin_Jam2-03/track.npy,ballroom,3,1.0,1.0,1.0,1.0,1.0,1.0
ballroom/ballroom_Albums-Latin_Jam2-04/track.npy,ballroom,3,1.0,1.0,1.0,1.0,1.0,1.0
ballroom/ballroom_Albums-Latin_Jam2-09/track.npy,ballroom,3,1.0,1.0,1.0,1.0,1.0,1.0
ballroom/ballroom_Albums-Latin_Jam3-12/track.npy,ballroom,3,0.9931972789115647,0.9864864864864865,0.9864864864864865,1.0,1.0,1.0
ballroom/ballroom_Albums-Latin_Jam5-01/track.npy,ballroom,3,1.0,1.0,1.0,1.0,1.0,1.0
ballroom/ballroom_Albums-Latin_Jam5-08/track.npy,ballroom,3,1.0,1.0,1.0,1.0,1.0,1.0
ballroom/ballroom_Albums-Latin_Jam5-12/track.npy,ballroom,3,1.0,1.0,1.0,1.0,1.0,1.0
ballroom/ballroom_Albums-Latino_Latino-06/track.npy,ballroom,3,1.0,1.0,1.0,1.0,1.0,1.0
ballroom/ballroom_Albums-Mambo_Kings-10/track.npy,ballroom,3,1.0,1.0,1.0,1.0,1.0,1.0
ballroom/ballroom_Albums-Secret_Garden-02/track.npy,ballroom,3,0.8888888888888888,1.0,1.0,0.8333333333333334,1.0,1.0
ballroom/ballroom_Albums-Step_By_Step-01/track.npy,ballroom,3,1.0,1.0,1.0,1.0,1.0,1.0
ballroom/ballroom_Albums-Step_By_Step-05/track.npy,ballroom,3,0.9908256880733944,0.9818181818181818,0.9818181818181818,0.962962962962963,0.9285714285714286,0.9285714285714286
ballroom/ballroom_Albums-Step_By_Step-10/track.npy,ballroom,3,0.9933774834437086,0.9868421052631579,0.9868421052631579,1.0,1.0,1.0
ballroom/ballroom_Albums-StrictlyDancing_Tango-03/track.npy,ballroom,3,1.0,1.0,1.0,1.0,1.0,1.0
ballroom/ballroom_Albums-StrictlyDancing_Tango-04/track.npy,ballroom,3,1.0,1.0,1.0,1.0,1.0,1.0
ballroom/ballroom_Media-100602/track.npy,ballroom,3,0.972972972972973,1.0,1.0,1.0,1.0,1.0
ballroom/ballroom_Media-100607/track.npy,ballroom,3,1.0,1.0,1.0,1.0,1.0,1.0
ballroom/ballroom_Media-100616/track.npy,ballroom,3,1.0,1.0,1.0,1.0,1.0,1.0
ballroom/ballroom_Media-103301/track.npy,ballroom,3,1.0,1.0,1.0,1.0,1.0,1.0
ballroom/ballroom_Media-103412/track.npy,ballroom,3,1.0,1.0,1.0,1.0,1.0,1.0
ballroom/ballroom_Media-103417/track.npy,ballroom,3,1.0,1.0,1.0,1.0,1.0,1.0
ballroom/ballroom_Media-103501/track.npy,ballroom,3,0.975609756097561,0.9523809523809523,0.9523809523809523,1.0,1.0,1.0
ballroom/ballroom_Media-103517/track.npy,ballroom,3,0.9931972789115647,0.9864864864864865,0.9864864864864865,0.972972972972973,0.9473684210526315,0.9473684210526315
ballroom/ballroom_Media-103604/track.npy,ballroom,3,1.0,1.0,1.0,1.0,1.0,1.0
ballroom/ballroom_Media-103608/track.npy,ballroom,3,1.0,1.0,1.0,1.0,1.0,1.0
ballroom/ballroom_Media-103614/track.npy,ballroom,3,0.993006993006993,0.9861111111111112,0.9861111111111112,1.0,1.0,1.0
ballroom/ballroom_Media-103615/track.npy,ballroom,3,0.96875,0.9393939393939394,0.9393939393939394,1.0,1.0,1.0
ballroom/ballroom_Media-103712/track.npy,ballroom,3,1.0,1.0,1.0,1.0,1.0,1.0
ballroom/ballroom_Media-103807/track.npy,ballroom,3,1.0,1.0,1.0,1.0,1.0,1.0
ballroom/ballroom_Media-103809/track.npy,ballroom,3,1.0,1.0,1.0,1.0,1.0,1.0
ballroom/ballroom_Media-103919/track.npy,ballroom,3,1.0,1.0,1.0,1.0,1.0,1.0
ballroom/ballroom_Media-104008/track.npy,ballroom,3,0.8493150684931507,0.7380952380952381,0.7380952380952381,0.888888888888889,0.8,0.8
ballroom/ballroom_Media-104011/track.npy,ballroom,3,0.9600000000000001,0.9230769230769231,0.9230769230769231,0.9600000000000001,0.9230769230769231,0.9230769230769231
ballroom/ballroom_Media-104012/track.npy,ballroom,3,0.9902912621359222,0.9807692307692307,0.9807692307692307,1.0,1.0,1.0
ballroom/ballroom_Media-104015/track.npy,ballroom,3,1.0,1.0,1.0,0.8292682926829268,0.4166666666666667,0.42424242424242425
ballroom/ballroom_Media-104016/track.npy,ballroom,3,0.993006993006993,0.9861111111111112,0.9861111111111112,1.0,1.0,1.0
ballroom/ballroom_Media-104101/track.npy,ballroom,3,1.0,1.0,1.0,1.0,1.0,1.0
ballroom/ballroom_Media-104102/track.npy,ballroom,3,1.0,1.0,1.0,1.0,1.0,1.0
ballroom/ballroom_Media-104104/track.npy,ballroom,3,1.0,1.0,1.0,1.0,1.0,1.0
ballroom/ballroom_Media-104108/track.npy,ballroom,3,1.0,1.0,1.0,1.0,1.0,1.0
ballroom/ballroom_Media-104109/track.npy,ballroom,3,0.9807692307692307,0.9622641509433962,0.9622641509433962,1.0,1.0,1.0
ballroom/ballroom_Media-104113/track.npy,ballroom,3,1.0,1.0,1.0,1.0,1.0,1.0
ballroom/ballroom_Media-104408/track.npy,ballroom,3,0.9933774834437086,0.9868421052631579,0.9868421052631579,0.9803921568627451,0.9615384615384616,0.9615384615384616
ballroom/ballroom_Media-104409/track.npy,ballroom,3,0.9934640522875817,0.987012987012987,0.987012987012987,1.0,1.0,1.0
ballroom/ballroom_Media-104506/track.npy,ballroom,3,0.9906542056074767,0.9814814814814815,0.9814814814814815,0.962962962962963,0.9285714285714286,0.9285714285714286
ballroom/ballroom_Media-104609/track.npy,ballroom,3,1.0,1.0,1.0,1.0,1.0,1.0
ballroom/ballroom_Media-104615/track.npy,ballroom,3,0.9883720930232558,0.9770114942528736,0.9770114942528736,0.9767441860465117,0.9545454545454546,0.9545454545454546
ballroom/ballroom_Media-104616/track.npy,ballroom,3,0.9941520467836257,0.9883720930232558,0.9883720930232558,1.0,1.0,1.0
ballroom/ballroom_Media-104802/track.npy,ballroom,3,1.0,1.0,1.0,1.0,1.0,1.0
ballroom/ballroom_Media-104815/track.npy,ballroom,3,0.9942196531791908,0.9885057471264368,0.9885057471264368,1.0,1.0,1.0
ballroom/ballroom_Media-104915/track.npy,ballroom,3,0.9764705882352941,0.9411764705882353,0.9411764705882353,0.9767441860465117,0.9545454545454546,0.9545454545454546
ballroom/ballroom_Media-104916/track.npy,ballroom,3,0.988235294117647,0.9767441860465116,0.9767441860465116,1.0,1.0,1.0
ballroom/ballroom_Media-105001/track.npy,ballroom,3,1.0,1.0,1.0,1.0,1.0,1.0
ballroom/ballroom_Media-105018/track.npy,ballroom,3,1.0,1.0,1.0,1.0,1.0,1.0
ballroom/ballroom_Media-105106/track.npy,ballroom,3,0.9859154929577464,0.9722222222222222,0.9722222222222222,1.0,1.0,1.0
ballroom/ballroom_Media-105209/track.npy,ballroom,3,0.3466666666666666,0.12195121951219512,0.4878048780487805,0.2105263157894737,0.5,0.5
ballroom/ballroom_Media-105213/track.npy,ballroom,3,0.9210526315789473,1.0,1.0,0.9230769230769231,1.0,1.0
ballroom/ballroom_Media-105301/track.npy,ballroom,3,0.9863013698630138,0.972972972972973,0.972972972972973,1.0,1.0,1.0
ballroom/ballroom_Media-105307/track.npy,ballroom,3,0.9932885906040269,0.9866666666666667,0.9866666666666667,1.0,1.0,1.0
ballroom/ballroom_Media-105308/track.npy,ballroom,3,0.9932885906040269,0.9866666666666667,0.9866666666666667,1.0,1.0,1.0
ballroom/ballroom_Media-105412/track.npy,ballroom,3,0.9879518072289156,0.9761904761904762,0.9761904761904762,1.0,1.0,1.0
ballroom/ballroom_Media-105505/track.npy,ballroom,3,0.9906542056074767,0.9814814814814815,0.9814814814814815,1.0,1.0,1.0
ballroom/ballroom_Media-105506/track.npy,ballroom,3,0.9906542056074767,0.9814814814814815,0.9814814814814815,0.962962962962963,0.9285714285714286,0.9285714285714286
ballroom/ballroom_Media-105602/track.npy,ballroom,3,0.9807692307692307,0.9622641509433962,0.9622641509433962,1.0,1.0,1.0
ballroom/ballroom_Media-105604/track.npy,ballroom,3,0.9807692307692307,0.9622641509433962,0.9622641509433962,1.0,1.0,1.0
ballroom/ballroom_Media-105707/track.npy,ballroom,3,0.9814814814814815,0.9636363636363636,0.9636363636363636,0.962962962962963,0.9285714285714286,0.9285714285714286
ballroom/ballroom_Media-105710/track.npy,ballroom,3,0.9801324503311257,0.961038961038961,0.961038961038961,0.9803921568627451,0.9615384615384616,0.9615384615384616
ballroom/ballroom_Media-105906/track.npy,ballroom,3,1.0,1.0,1.0,1.0,1.0,1.0
ballroom/ballroom_Media-105911/track.npy,ballroom,3,0.9642857142857143,0.9166666666666666,0.9166666666666666,0.9523809523809523,1.0,1.0
ballroom/ballroom_Media-105912/track.npy,ballroom,3,0.9940828402366864,0.9882352941176471,0.9882352941176471,1.0,1.0,1.0
ballroom/ballroom_Media-106115/track.npy,ballroom,3,0.9793103448275862,0.9594594594594594,0.9594594594594594,1.0,1.0,1.0
beatles/beatles_01_Please_Please_Me_03_Anna_(Go_To_Him)/track.npy,beatles,3,0.9950900163666122,0.9934640522875817,0.9934640522875817,0.987012987012987,1.0,1.0
beatles/beatles_02_With_the_Beatles_05_Little_Child/track.npy,beatles,3,0.9762845849802372,0.9610894941634242,0.9610894941634242,0.9763779527559054,0.984375,0.984375
beatles/beatles_02_With_the_Beatles_08_Roll_Over_Beethoven/track.npy,beatles,3,1.0,1.0,1.0,1.0,1.0,1.0
beatles/beatles_03_A_Hard_Days_Night_03_If_I_Fell/track.npy,beatles,3,1.0,1.0,1.0,1.0,1.0,1.0
beatles/beatles_03_A_Hard_Days_Night_04_Im_Happy_Just_To_Dance_With_You/track.npy,beatles,3,0.9936575052854123,0.9873949579831933,0.9873949579831933,0.9915966386554621,0.9833333333333333,0.9833333333333333
beatles/beatles_04_Beatles_for_Sale_07_Kansas_City-_Hey_Hey_Hey_Hey/track.npy,beatles,3,0.9852216748768473,0.970873786407767,0.970873786407767,0.9868421052631579,0.974025974025974,0.974025974025974
beatles/beatles_04_Beatles_for_Sale_13_What_Youre_Doing/track.npy,beatles,3,0.9935064935064934,0.9870967741935484,0.9870967741935484,0.9935483870967742,0.9871794871794872,0.9871794871794872
beatles/beatles_05_Help_04_I_Need_You/track.npy,beatles,3,1.0,1.0,1.0,1.0,1.0,1.0
beatles/beatles_06_Rubber_Soul_05_Think_For_Yourself/track.npy,beatles,3,1.0,1.0,1.0,1.0,1.0,1.0
beatles/beatles_06_Rubber_Soul_11_In_My_Life/track.npy,beatles,3,1.0,1.0,1.0,1.0,1.0,1.0
beatles/beatles_07_Revolver_04_Love_You_To/track.npy,beatles,3,0.8717201166180758,0.8461538461538461,0.8461538461538461,0.367816091954023,0.3409090909090909,0.3409090909090909
beatles/beatles_07_Revolver_13_Got_To_Get_You_Into_My_Life/track.npy,beatles,3,0.9921011058451816,0.9905660377358491,0.9905660377358491,0.9182389937106918,0.9125,0.9125
beatles/beatles_08_Sgt_Peppers_Lonely_Hearts_Club_Band_13_A_Day_In_The_Life/track.npy,beatles,3,0.7287933094384708,0.47484909456740443,0.47484909456740443,0.6167400881057268,0.37142857142857144,0.37142857142857144
beatles/beatles_09_Magical_Mystery_Tour_05_Your_Mother_Should_Know/track.npy,beatles,3,0.996309963099631,0.9926470588235294,0.9926470588235294,0.9285714285714286,0.8450704225352113,0.8450704225352113
beatles/beatles_09_Magical_Mystery_Tour_09_Penny_Lane/track.npy,beatles,3,0.9936507936507936,0.9873817034700315,0.9873817034700315,0.9937106918238994,0.9875,0.9875
beatles/beatles_10_CD1_The_Beatles_14_Dont_Pass_Me_By/track.npy,beatles,3,0.9952,0.9904458598726115,0.9904458598726115,0.9461077844311376,0.8372093023255814,0.8372093023255814
beatles/beatles_10_CD2_The_Beatles_05_Sexy_Sadie/track.npy,beatles,3,0.9197651663405088,0.7101449275362319,0.7101449275362319,0.7195121951219512,0.12380952380952381,0.7777777777777778
beatles/beatles_10_CD2_The_Beatles_07_Long_Long_Long/track.npy,beatles,3,1.0,1.0,1.0,1.0,1.0,1.0
beatles/beatles_11_Abbey_Road_05_Octopuss_Garden/track.npy,beatles,3,1.0,1.0,1.0,0.6666666666666666,0.0,1.0
beatles/beatles_11_Abbey_Road_07_Here_Comes_The_Sun/track.npy,beatles,3,0.9454094292803971,0.7995283018867925,0.7995283018867925,0.8390243902439024,0.6964285714285714,0.6964285714285714
beatles/beatles_12_Let_It_Be_08_Ive_Got_A_Feeling/track.npy,beatles,3,0.9964285714285714,0.9928825622775801,0.9928825622775801,1.0,1.0,1.0
candombe/csic.1995_ansina1_05/track.npy,candombe,3,0.9992069785884219,0.9984152139461173,0.9984152139461173,1.0,1.0,1.0
candombe/csic.1995_cuareim_04/track.npy,candombe,3,1.0,1.0,1.0,1.0,1.0,1.0
candombe/proyecto.1992_pelado_05/track.npy,candombe,3,0.9988826815642458,0.9977678571428571,0.9977678571428571,1.0,1.0,1.0
candombe/zavala.muniz.2014_45/track.npy,candombe,3,0.9918256130790191,1.0,1.0,1.0,1.0,1.0
filosax/filosax_10/track.npy,filosax,3,0.9971542401821286,0.9943117178612059,0.9943117178612059,0.9753914988814317,0.9295154185022027,0.9295154185022027
filosax/filosax_16/track.npy,filosax,3,1.0,1.0,1.0,1.0,1.0,1.0
filosax/filosax_17/track.npy,filosax,3,0.9957325746799431,0.9851063829787234,0.9851063829787234,0.9971590909090908,0.9943342776203966,0.9943342776203966
filosax/filosax_30/track.npy,filosax,3,0.9942857142857142,0.9744136460554371,0.9744136460554371,0.9942857142857142,0.9886363636363636,0.9886363636363636
filosax/filosax_33/track.npy,filosax,3,0.9992125984251968,0.9992125984251968,0.9992125984251968,0.9984251968503937,0.9968553459119497,0.9968553459119497
filosax/filosax_47/track.npy,filosax,3,0.9985765124555159,0.9722814498933902,0.9722814498933902,0.9985775248933144,0.9971590909090909,0.9971590909090909
groove_midi/drummer1_session1_101_dance-disco_120_beat_4-4/track.npy,groove_midi,3,0.9987669543773119,0.9975369458128078,0.9975369458128078,1.0,1.0,1.0
groove_midi/drummer1_session1_146_latin-brazilian-baiao_95_beat_4-4/track.npy,groove_midi,3,0.9819277108433735,0.9789156626506024,0.9789156626506024,0.9759036144578314,1.0,1.0
groove_midi/drummer1_session1_49_jazz_125_beat_4-4/track.npy,groove_midi,3,0.9978213507625272,0.9956521739130435,0.9956521739130435,0.9913043478260869,0.9827586206896551,0.9827586206896551
groove_midi/drummer1_session1_4_jazz-funk_116_beat_4-4/track.npy,groove_midi,3,1.0,1.0,1.0,1.0,1.0,1.0
groove_midi/drummer1_session2_7_jazz-march_88_beat_4-4/track.npy,groove_midi,3,0.9331046312178387,0.8595317725752508,0.8595317725752508,0.65359477124183,0.5975609756097561,0.5975609756097561
groove_midi/drummer1_session2_8_jazz-march_176_beat_4-4/track.npy,groove_midi,3,0.6829268292682926,0.03950617283950617,0.8809523809523809,0.6103896103896104,0.0,0.9245283018867925
groove_midi/drummer1_session2_90_funk-rock_92_beat_4-4/track.npy,groove_midi,3,0.9971671388101983,0.9943502824858758,0.9943502824858758,0.0,0.0,0.9772727272727273
groove_midi/drummer1_session3_7_dance-disco_120_beat_4-4/track.npy,groove_midi,3,1.0,1.0,1.0,1.0,1.0,1.0
groove_midi/drummer3_session1_14_rock_120_beat_4-4/track.npy,groove_midi,3,1.0,1.0,1.0,0.0,0.0,0.0
groove_midi/drummer3_session1_1_rock_105_beat_4-4/track.npy,groove_midi,3,0.99581589958159,0.9916666666666667,0.9916666666666667,0.983050847457627,0.9666666666666667,0.9666666666666667
groove_midi/drummer3_session1_22_jazz_120_beat_4-4/track.npy,groove_midi,3,0.5573770491803278,0.3142857142857143,0.3142857142857143,0.42105263157894735,0.3157894736842105,0.3157894736842105
groove_midi/drummer3_session2_26_hiphop_92_beat_4-4/track.npy,groove_midi,3,1.0,1.0,1.0,1.0,1.0,1.0
groove_midi/drummer3_session2_6_rock_100_beat_4-4/track.npy,groove_midi,3,0.9824561403508771,0.9655172413793104,0.9655172413793104,1.0,1.0,1.0
groove_midi/drummer5_eval_session_2_funk-groove2_105_beat_4-4/track.npy,groove_midi,3,1.0,1.0,1.0,1.0,1.0,1.0
groove_midi/drummer5_eval_session_6_hiphop-groove6_87_beat_4-4/track.npy,groove_midi,3,1.0,1.0,1.0,1.0,1.0,1.0
groove_midi/drummer5_session1_3_latin-brazilian-samba_89_beat_4-4/track.npy,groove_midi,3,0.9982425307557118,0.9964912280701754,0.9964912280701754,0.8689655172413793,0.8243243243243243,0.8243243243243243
groove_midi/drummer5_session1_9_latin-dominican-merengue_130_beat_4-4/track.npy,groove_midi,3,0.9992372234935164,0.9984756097560976,0.9984756097560976,1.0,1.0,1.0
groove_midi/drummer5_session2_20_latin-brazilian-ijexa_108_beat_4-4/track.npy,groove_midi,3,1.0,1.0,1.0,0.0,0.0,0.8333333333333334
groove_midi/drummer5_session2_23_latin-brazilian-songo_120_beat_4-4/track.npy,groove_midi,3,0.7865168539325842,0.7752808988764045,0.7752808988764045,0.18181818181818182,0.18181818181818182,0.5909090909090909
groove_midi/drummer5_session2_5_reggae_126_beat_4-4/track.npy,groove_midi,3,0.9893899204244032,0.9815789473684211,0.9815789473684211,0.0,0.0,0.0
groove_midi/drummer5_session2_9_neworleans-shuffle_104_beat_4-4/track.npy,groove_midi,3,0.9977011494252873,0.9954128440366973,0.9954128440366973,1.0,1.0,1.0
groove_midi/drummer7_eval_session_4_soul-groove4_80_beat_4-4/track.npy,groove_midi,3,0.9913043478260869,0.9827586206896551,0.9827586206896551,0.9655172413793104,0.9333333333333333,0.9333333333333333
groove_midi/drummer7_session1_10_rock_93_beat_4-4/track.npy,groove_midi,3,0.9913793103448276,1.0,1.0,1.0,1.0,1.0
groove_midi/drummer7_session1_11_rock_93_beat_4-4/track.npy,groove_midi,3,0.9832402234636871,0.967032967032967,0.967032967032967,0.7586206896551725,0.3055555555555556,0.5116279069767442
groove_midi/drummer7_session1_17_hiphop_100_beat_4-4/track.npy,groove_midi,3,0.9848484848484849,0.9696969696969697,0.9696969696969697,0.7674418604651162,0.24528301886792453,0.5692307692307692
groove_midi/drummer7_session1_18_hiphop_100_beat_4-4/track.npy,groove_midi,3,1.0,1.0,1.0,1.0,1.0,1.0
groove_midi/drummer7_session2_106_soul-motown_104_beat_4-4/track.npy,groove_midi,3,0.996415770609319,0.9928571428571429,0.9928571428571429,0.9855072463768115,0.9714285714285714,0.9714285714285714
groove_midi/drummer7_session2_108_soul-motown_104_beat_4-4/track.npy,groove_midi,3,0.9866666666666666,0.9736842105263158,0.9736842105263158,0.972972972972973,0.9473684210526315,0.9473684210526315
groove_midi/drummer7_session2_113_jazz-fusion_96_beat_4-4/track.npy,groove_midi,3,1.0,1.0,1.0,1.0,1.0,1.0
groove_midi/drummer7_session2_26_rock_118_beat_4-4/track.npy,groove_midi,3,0.9915966386554621,0.9833333333333333,0.9833333333333333,1.0,1.0,1.0
groove_midi/drummer7_session2_53_rock_135_beat_4-4/track.npy,groove_midi,3,0.9724770642201834,0.9464285714285714,0.9464285714285714,1.0,1.0,1.0
groove_midi/drummer7_session2_54_soul-motown_148_beat_4-4/track.npy,groove_midi,3,0.0,0.0040650406504065045,0.016260162601626018,0.0,1.0,1.0
groove_midi/drummer7_session2_93_hiphop_75_beat_4-4/track.npy,groove_midi,3,0.6329113924050632,0.0,0.9433962264150944,0.7000000000000001,0.0,1.0
groove_midi/drummer7_session3_109_rock_95_beat_4-4/track.npy,groove_midi,3,1.0,1.0,1.0,0.0,0.0,1.0
groove_midi/drummer7_session3_1_rock_60_beat_4-4/track.npy,groove_midi,3,0.9866666666666668,0.9866666666666667,0.9866666666666667,0.972972972972973,0.9473684210526315,0.9473684210526315
groove_midi/drummer7_session3_92_hiphop_70_beat_4-4/track.npy,groove_midi,3,1.0,1.0,1.0,1.0,1.0,1.0
groove_midi/drummer8_eval_session_2_funk-groove2_105_beat_4-4/track.npy,groove_midi,3,0.9909909909909909,0.9821428571428571,0.9821428571428571,0.962962962962963,0.9285714285714286,0.9285714285714286
groove_midi/drummer8_eval_session_3_soul-groove3_86_beat_4-4/track.npy,groove_midi,3,1.0,1.0,1.0,1.0,1.0,1.0
groove_midi/drummer8_session1_21_rock-shuffle_112_beat_4-4/track.npy,groove_midi,3,0.993963782696177,0.988,0.988,1.0,1.0,1.0
groove_midi/drummer8_session1_27_latin_122_beat_4-4/track.npy,groove_midi,3,0.9974293059125964,0.9948717948717949,0.9948717948717949,0.8410256410256411,0.826530612244898,0.826530612244898
groove_midi/drummer9_session1_1_rock_100_beat_4-4/track.npy,groove_midi,3,0.9859154929577464,0.9722222222222222,0.9722222222222222,0.5555555555555556,0.5555555555555556,0.5555555555555556
groove_midi/drummer9_session1_28_rock_90_beat_4-4/track.npy,groove_midi,3,0.6721311475409836,0.0,1.0,0.6875000000000001,0.0,1.0
guitarset/00_BN1-129-Eb_comp_mix/track.npy,guitarset,3,1.0,1.0,1.0,1.0,1.0,1.0
guitarset/00_BN3-119-G_comp_mix/track.npy,guitarset,3,0.8598130841121496,0.7962962962962963,0.7962962962962963,0.6666666666666667,0.6923076923076923,0.6923076923076923
guitarset/00_Funk1-114-Ab_comp_mix/track.npy,guitarset,3,0.47368421052631576,0.42105263157894735,0.4473684210526316,0.4444444444444444,1.0,1.0
guitarset/00_Funk3-112-C#_comp_mix/track.npy,guitarset,3,1.0,1.0,1.0,1.0,1.0,1.0
guitarset/00_Funk3-98-A_comp_mix/track.npy,guitarset,3,0.8288288288288289,0.8214285714285714,0.8214285714285714,0.7407407407407408,0.9285714285714286,0.9285714285714286
guitarset/00_SS2-88-F_comp_mix/track.npy,guitarset,3,1.0,1.0,1.0,1.0,1.0,1.0
guitarset/00_SS3-84-Bb_comp_mix/track.npy,guitarset,3,0.9473684210526315,1.0,1.0,0.9285714285714286,1.0,1.0
guitarset/01_BN2-131-B_comp_mix/track.npy,guitarset,3,0.9906542056074767,0.9814814814814815,0.9814814814814815,0.962962962962963,0.9285714285714286,0.9285714285714286
guitarset/01_Funk3-112-C#_comp_mix/track.npy,guitarset,3,1.0,1.0,1.0,1.0,1.0,1.0
guitarset/01_Jazz2-110-Bb_comp_mix/track.npy,guitarset,3,1.0,1.0,1.0,1.0,1.0,1.0
guitarset/02_BN3-119-G_comp_mix/track.npy,guitarset,3,0.9908256880733944,0.9818181818181818,0.9818181818181818,0.962962962962963,0.9285714285714286,0.9285714285714286
guitarset/02_Funk3-112-C#_comp_mix/track.npy,guitarset,3,1.0,1.0,1.0,1.0,1.0,1.0
guitarset/03_BN3-154-E_comp_mix/track.npy,guitarset,3,1.0,1.0,1.0,1.0,1.0,1.0
guitarset/03_Funk3-98-A_comp_mix/track.npy,guitarset,3,1.0,1.0,1.0,1.0,1.0,1.0
guitarset/03_Rock3-117-Bb_comp_mix/track.npy,guitarset,3,0.9908256880733944,0.9818181818181818,0.9818181818181818,0.962962962962963,0.9285714285714286,0.9285714285714286
guitarset/03_SS1-100-C#_comp_mix/track.npy,guitarset,3,0.888888888888889,0.7857142857142857,0.7857142857142857,1.0,1.0,1.0
guitarset/04_BN2-166-Ab_comp_mix/track.npy,guitarset,3,0.99009900990099,0.9803921568627451,0.9803921568627451,0.9600000000000001,0.9230769230769231,0.9230769230769231
guitarset/04_Funk2-108-Eb_comp_mix/track.npy,guitarset,3,0.9909909909909909,0.9821428571428571,0.9821428571428571,0.962962962962963,0.9285714285714286,0.9285714285714286
guitarset/04_Jazz1-200-B_comp_mix/track.npy,guitarset,3,0.6382978723404255,0.0,0.9375,0.5454545454545454,0.0,0.75
guitarset/04_Jazz3-137-Eb_comp_mix/track.npy,guitarset,3,1.0,1.0,1.0,1.0,1.0,1.0
guitarset/04_Rock1-130-A_comp_mix/track.npy,guitarset,3,0.9866666666666666,0.9736842105263158,0.9736842105263158,0.9473684210526316,0.9,0.9
guitarset/04_Rock1-90-C#_comp_mix/track.npy,guitarset,3,0.9876543209876543,0.975609756097561,0.975609756097561,0.9523809523809523,0.9090909090909091,0.9090909090909091
guitarset/04_SS2-107-Ab_comp_mix/track.npy,guitarset,3,1.0,1.0,1.0,1.0,1.0,1.0
hainsworth/hainsworth_007/track.npy,hainsworth,3,0.9661016949152542,0.9661016949152542,0.9661016949152542,0.3404255319148936,0.0,0.15151515151515152
hainsworth/hainsworth_010/track.npy,hainsworth,3,1.0,1.0,1.0,0.6296296296296295,0.4482758620689655,0.4482758620689655
hainsworth/hainsworth_036/track.npy,hainsworth,3,1.0,1.0,1.0,1.0,1.0,1.0
hainsworth/hainsworth_050/track.npy,hainsworth,3,1.0,1.0,1.0,1.0,1.0,1.0
hainsworth/hainsworth_054/track.npy,hainsworth,3,0.9791666666666666,0.9690721649484536,0.9690721649484536,0.9795918367346939,0.96,0.96
hainsworth/hainsworth_062/track.npy,hainsworth,3,0.9925373134328358,0.9850746268656716,0.9850746268656716,1.0,1.0,1.0
hainsworth/hainsworth_068/track.npy,hainsworth,3,1.0,1.0,1.0,1.0,1.0,1.0
hainsworth/hainsworth_113/track.npy,hainsworth,3,0.9974160206718347,0.9948453608247423,0.9948453608247423,1.0,1.0,1.0
hainsworth/hainsworth_117/track.npy,hainsworth,3,1.0,1.0,1.0,1.0,1.0,1.0
hainsworth/hainsworth_118/track.npy,hainsworth,3,0.6789667896678966,0.0335195530726257,0.9347826086956522,0.9777777777777777,0.9555555555555556,0.9555555555555556
hainsworth/hainsworth_140/track.npy,hainsworth,3,0.6229508196721311,0.46875,0.46875,0.6666666666666666,0.875,0.875
hainsworth/hainsworth_150/track.npy,hainsworth,3,0.9152542372881356,0.8688524590163934,0.8688524590163934,0.7222222222222222,0.38095238095238093,0.38095238095238093
hainsworth/hainsworth_162/track.npy,hainsworth,3,1.0,1.0,1.0,1.0,1.0,1.0
hainsworth/hainsworth_165/track.npy,hainsworth,3,1.0,1.0,1.0,1.0,1.0,1.0
hainsworth/hainsworth_174/track.npy,hainsworth,3,1.0,1.0,1.0,0.47058823529411764,0.4230769230769231,0.5
hainsworth/hainsworth_176/track.npy,hainsworth,3,1.0,1.0,1.0,1.0,1.0,1.0
hainsworth/hainsworth_180/track.npy,hainsworth,3,1.0,1.0,1.0,1.0,1.0,1.0
hainsworth/hainsworth_181/track.npy,hainsworth,3,1.0,1.0,1.0,1.0,1.0,1.0
hainsworth/hainsworth_185/track.npy,hainsworth,3,1.0,1.0,1.0,1.0,1.0,1.0
hainsworth/hainsworth_186/track.npy,hainsworth,3,1.0,1.0,1.0,1.0,1.0,1.0
hainsworth/hainsworth_189/track.npy,hainsworth,3,0.5534591194968553,0.0,0.2782608695652174,0.5306122448979591,0.0,0.3333333333333333
hainsworth/hainsworth_202/track.npy,hainsworth,3,1.0,1.0,1.0,0.6666666666666666,0.0,0.9642857142857143
hainsworth/hainsworth_221/track.npy,hainsworth,3,0.9285714285714286,1.0,1.0,0.6037735849056604,0.0,1.0
hainsworth/hainsworth_222/track.npy,hainsworth,3,1.0,1.0,1.0,0.8000000000000002,0.6888888888888889,0.6888888888888889
hainsworth/hainsworth_225/track.npy,hainsworth,3,0.3825136612021858,0.3695652173913043,0.3695652173913043,0.391304347826087,1.0,1.0
hainsworth/hainsworth_228/track.npy,hainsworth,3,1.0,1.0,1.0,1.0,1.0,1.0
hainsworth/hainsworth_237/track.npy,hainsworth,3,0.9502762430939227,0.8105263157894737,0.8105263157894737,0.7636363636363637,0.2647058823529412,0.5853658536585366
hainsworth/hainsworth_242/track.npy,hainsworth,3,1.0,1.0,1.0,0.0,0.0,0.0
harmonix/0005_again/track.npy,harmonix,3,0.9953271028037384,0.9906976744186047,0.9906976744186047,1.0,1.0,1.0
harmonix/0012_aroundtheworld/track.npy,harmonix,3,0.9831081081081081,1.0,1.0,0.6081871345029239,0.29896907216494845,0.3129251700680272
harmonix/0014_babaoriley/track.npy,harmonix,3,0.970873786407767,0.9259259259259259,0.9259259259259259,0.8439306358381503,0.5789473684210527,0.5789473684210527
harmonix/0015_babygotback/track.npy,harmonix,3,1.0,1.0,1.0,1.0,1.0,1.0
harmonix/0020_becauseofyou/track.npy,harmonix,3,0.9884057971014493,0.9770773638968482,0.9770773638968482,0.9885057471264368,0.9772727272727273,0.9772727272727273
harmonix/0023_bewareoftheboys/track.npy,harmonix,3,0.5260960334029228,0.48760330578512395,0.48760330578512395,0.43421052631578944,0.25,0.25
harmonix/0028_blackmagic/track.npy,harmonix,3,0.6328784925276153,0.3203125,0.3203125,0.4382022471910113,0.5380710659898477,0.5380710659898477
harmonix/0053_commander/track.npy,harmonix,3,1.0,1.0,1.0,0.8920863309352518,0.6103896103896104,0.6103896103896104
harmonix/0054_conceited/track.npy,harmonix,3,1.0,1.0,1.0,1.0,1.0,1.0
harmonix/0074_djgotusfallininlove/track.npy,harmonix,3,1.0,1.0,1.0,1.0,1.0,1.0
harmonix/0088_everybody/track.npy,harmonix,3,1.0,1.0,1.0,1.0,1.0,1.0
harmonix/0090_fearofthedarklive/track.npy,harmonix,3,0.9184100418410042,0.8324768756423433,0.8324768756423433,0.8786610878661086,0.823045267489712,0.823045267489712
harmonix/0099_forgetyou/track.npy,harmonix,3,0.963855421686747,0.9409190371991247,0.9409190371991247,0.9557522123893805,0.956140350877193,0.956140350877193
harmonix/0106_getitshawty/track.npy,harmonix,3,0.9982046678635548,0.996415770609319,0.996415770609319,1.0,1.0,1.0
harmonix/0109_geturfreakon/track.npy,harmonix,3,0.713375796178344,0.10891089108910891,0.8053691275167785,0.7051282051282052,0.1,0.8108108108108109
harmonix/0110_girlsandboys/track.npy,harmonix,3,1.0,1.0,1.0,1.0,1.0,1.0
harmonix/0111_girlsonfilm/track.npy,harmonix,3,0.9966703662597114,0.9977827050997783,0.9977827050997783,0.6960352422907489,0.6754385964912281,0.6754385964912281
harmonix/0117_goodmorningblackfriday/track.npy,harmonix,3,0.7420901246404602,0.6333021515434986,0.6333021515434986,0.6608084358523726,0.46496815286624205,0.46496815286624205
harmonix/0123_heavyduty/track.npy,harmonix,3,0.9738372093023256,0.9544159544159544,0.9544159544159544,0.8950276243093923,0.7473684210526316,0.7473684210526316
harmonix/0132_iceicebaby/track.npy,harmonix,3,1.0,1.0,1.0,1.0,1.0,1.0
harmonix/0133_ifeellove/track.npy,harmonix,3,0.978343949044586,0.9624060150375939,0.9624060150375939,0.9795918367346939,0.96,0.96
harmonix/0176_megasus/track.npy,harmonix,3,0.9924812030075187,0.9906015037593985,0.9906015037593985,0.9924812030075187,0.9849624060150376,0.9849624060150376
harmonix/0189_neversaynever/track.npy,harmonix,3,0.9971830985915493,0.9943820224719101,0.9943820224719101,0.9943502824858756,0.9887640449438202,0.9887640449438202
harmonix/0195_nookie/track.npy,harmonix,3,0.9052369077306734,0.8561320754716981,0.8561320754716981,0.9154228855721392,0.8962264150943396,0.8962264150943396
harmonix/0209_paparazzi/track.npy,harmonix,3,0.9987063389391979,0.9974160206718347,0.9974160206718347,0.9948186528497409,0.9896907216494846,0.9896907216494846
harmonix/0212_peoplegotalotofnerve/track.npy,harmonix,3,0.9984251968503937,0.9968553459119497,0.9968553459119497,0.8999999999999999,0.8641975308641975,0.8641975308641975
harmonix/0214_planetrock/track.npy,harmonix,3,0.9993738259236067,0.9987484355444305,0.9987484355444305,1.0,1.0,1.0
harmonix/0215_pointofknowreturn/track.npy,harmonix,3,0.8988476312419975,0.7750611246943765,0.7750611246943765,0.67,0.4953271028037383,0.4953271028037383
harmonix/0218_policyoftruth/track.npy,harmonix,3,0.9640861931364725,0.9433962264150944,0.9433962264150944,0.7117647058823527,0.518918918918919,0.518918918918919
harmonix/0220_promiscuous/track.npy,harmonix,3,1.0,1.0,1.0,1.0,1.0,1.0
harmonix/0245_sayhey/track.npy,harmonix,3,1.0,1.0,1.0,1.0,1.0,1.0
harmonix/0268_supersonic/track.npy,harmonix,3,0.9878419452887538,0.9818731117824774,0.9818731117824774,0.9818181818181818,0.9879518072289156,0.9879518072289156
harmonix/0269_sweettalk/track.npy,harmonix,3,0.6626794258373206,0.0,0.985663082437276,0.6634615384615384,0.0,0.9857142857142858
harmonix/0270_takeovercontrol/track.npy,harmonix,3,0.997690531177829,0.9953917050691244,0.9953917050691244,0.9270386266094421,0.7419354838709677,0.7419354838709677
harmonix/0285_thekill/track.npy,harmonix,3,0.9727339719970524,0.9430656934306569,0.9430656934306569,0.960352422907489,0.9391304347826087,0.9391304347826087
harmonix/0296_transmaniaconmc/track.npy,harmonix,3,0.9902491874322861,0.987012987012987,0.987012987012987,0.9327354260089685,0.8695652173913043,0.8695652173913043
harmonix/0297_troublecomesrunning/track.npy,harmonix,3,0.9961089494163424,0.9961089494163424,0.9961089494163424,0.984375,0.984375,0.984375
harmonix/0305_wenospeakamericano/track.npy,harmonix,3,0.9714285714285714,0.9923954372623575,0.9923954372623575,0.9465648854961831,0.9848484848484849,0.9848484848484849
harmonix/0306_werunthis/track.npy,harmonix,3,1.0,1.0,1.0,1.0,1.0,1.0
harmonix/0323_yeah/track.npy,harmonix,3,1.0,1.0,1.0,1.0,1.0,1.0
harmonix/0335_allyourlife/track.npy,harmonix,3,0.8020434227330779,0.35394456289978676,0.4713375796178344,0.8472906403940887,0.5042735042735043,0.5042735042735043
harmonix/0336_alonewithyou/track.npy,harmonix,3,0.9943181818181818,0.9971590909090909,0.9971590909090909,1.0,1.0,1.0
harmonix/0375_dynamite/track.npy,harmonix,3,0.9952038369304557,0.9904534606205251,0.9904534606205251,0.9952153110047847,0.9904761904761905,0.9904761904761905
harmonix/0380_everybodytalks/track.npy,harmonix,3,0.9988700564971752,0.9977426636568849,0.9977426636568849,0.9821428571428572,0.9385964912280702,0.9385964912280702
harmonix/0386_footloose/track.npy,harmonix,3,0.9908864954432477,0.9586092715231788,0.9586092715231788,0.9933774834437086,1.0,1.0
harmonix/0387_free/track.npy,harmonix,3,0.9946178686759958,0.9892933618843683,0.9892933618843683,0.9957081545064378,0.9914529914529915,0.9914529914529915
harmonix/0391_givemeallyourluvin/track.npy,harmonix,3,0.9202733485193622,0.7082452431289641,0.7082452431289641,0.9333333333333333,0.773109243697479,0.773109243697479
harmonix/0402_herestous/track.npy,harmonix,3,0.9955947136563876,0.9912280701754386,0.9912280701754386,1.0,1.0,1.0
harmonix/0407_humpinaround/track.npy,harmonix,3,0.9989350372736955,0.997872340425532,0.997872340425532,1.0,1.0,1.0
harmonix/0432_letsgo/track.npy,harmonix,3,0.9923497267759563,0.9848156182212582,0.9848156182212582,0.9956331877729258,0.991304347826087,0.991304347826087
harmonix/0434_lights/track.npy,harmonix,3,0.996328029375765,0.9926829268292683,0.9926829268292683,1.0,1.0,1.0
harmonix/0444_maybe/track.npy,harmonix,3,0.9981024667931689,0.9962121212121212,0.9962121212121212,1.0,1.0,1.0
harmonix/0449_misery/track.npy,harmonix,3,0.9897209985315712,0.9796511627906976,0.9796511627906976,0.9941520467836257,0.9883720930232558,0.9883720930232558
harmonix/0477_poundthealarm/track.npy,harmonix,3,0.9975369458128079,0.995085995085995,0.995085995085995,1.0,1.0,1.0
harmonix/0480_raiseyourglass/track.npy,harmonix,3,0.9924433249370277,0.9899749373433584,0.9899749373433584,0.8743718592964824,0.86,0.86
harmonix/0482_redsolocup/track.npy,harmonix,3,0.9423247559893523,0.9347442680776014,0.9347442680776014,0.9252669039145908,0.9290780141843972,0.9290780141843972
harmonix/0485_rollinginthedeep/track.npy,harmonix,3,0.9961190168175938,0.9896907216494846,0.9896907216494846,1.0,1.0,1.0
harmonix/0498_springsteen/track.npy,harmonix,3,0.9805269186712485,0.9617977528089887,0.9617977528089887,0.9816513761467891,0.963963963963964,0.963963963963964
harmonix/0501_stayawhile/track.npy,harmonix,3,0.9511811023622048,0.9433962264150944,0.9433962264150944,0.9433962264150944,0.9875,0.9875
harmonix/0528_werunthenight/track.npy,harmonix,3,1.0,1.0,1.0,1.0,1.0,1.0
harmonix/0537_writteninthestars/track.npy,harmonix,3,0.9917627677100495,0.9901639344262295,0.9901639344262295,1.0,1.0,1.0
harmonix/0544_yougottabe/track.npy,harmonix,3,0.9559228650137741,0.9302949061662198,0.9302949061662198,0.9726775956284154,0.9468085106382979,0.9468085106382979
harmonix/0550_aboutyounow/track.npy,harmonix,3,0.9990147783251232,0.9980314960629921,0.9980314960629921,1.0,1.0,1.0
harmonix/0557_alligator/track.npy,harmonix,3,0.9983136593591906,0.9966329966329966,0.9966329966329966,1.0,1.0,1.0
harmonix/0566_americanwoman/track.npy,harmonix,3,0.9870967741935484,0.9745222929936306,0.9745222929936306,0.9871794871794872,0.9746835443037974,0.9746835443037974
harmonix/0570_aslongasyouloveme/track.npy,harmonix,3,0.9921875,0.9844961240310077,0.9844961240310077,0.9921259842519685,0.96875,0.96875
harmonix/0571_atlantis/track.npy,harmonix,3,0.851063829787234,0.5509554140127388,0.5509554140127388,0.8391608391608391,0.55,0.55
harmonix/0574_badromanceappboyz/track.npy,harmonix,3,0.9969418960244648,0.9939024390243902,0.9939024390243902,1.0,1.0,1.0
harmonix/0579_beatitstudioversion/track.npy,harmonix,3,0.9889908256880734,0.9671532846715328,0.9671532846715328,0.5190311418685121,0.3684210526315789,0.375
harmonix/0580_beautiful/track.npy,harmonix,3,0.9286956521739131,0.9965277777777778,0.9965277777777778,0.9027777777777778,1.0,1.0
harmonix/0585_beautyandabeat/track.npy,harmonix,3,0.9989373007438895,0.9978768577494692,0.9978768577494692,1.0,1.0,1.0
harmonix/0590_betterintime/track.npy,harmonix,3,0.9886547811993517,0.9775641025641025,0.9775641025641025,0.9870129870129869,0.9743589743589743,0.9743589743589743
harmonix/0592_blameit/track.npy,harmonix,3,1.0,1.0,1.0,0.823076923076923,0.8153846153846154,0.8153846153846154
harmonix/0595_blonde/track.npy,harmonix,3,1.0,1.0,1.0,0.9781021897810219,0.9565217391304348,0.9565217391304348
harmonix/0608_canttellmenothing/track.npy,harmonix,3,0.9971509971509972,0.9943181818181818,0.9943181818181818,1.0,1.0,1.0
harmonix/0614_cinema/track.npy,harmonix,3,0.9234375,0.8847352024922118,0.8847352024922118,0.797752808988764,0.5357142857142857,0.5357142857142857
harmonix/0626_coolerthanme/track.npy,harmonix,3,0.998875140607424,0.9977528089887641,0.9977528089887641,1.0,1.0,1.0
harmonix/0663_explosions/track.npy,harmonix,3,0.935672514619883,0.8842975206611571,0.8842975206611571,0.9418604651162791,0.8901098901098901,0.8901098901098901
harmonix/0680_fixaheart/track.npy,harmonix,3,0.8416447944007,0.4901065449010654,0.4901065449010654,0.6232558139534883,0.12686567164179105,0.5652173913043478
harmonix/0700_gottabesomebody/track.npy,harmonix,3,0.9922651933701657,0.9846491228070176,0.9846491228070176,0.9955947136563876,0.9912280701754386,0.9912280701754386
harmonix/0704_guitarstringweddingring/track.npy,harmonix,3,0.9385749385749386,0.9338235294117647,0.9338235294117647,0.9411764705882353,1.0,1.0
harmonix/0718_heytheredelilah/track.npy,harmonix,3,1.0,1.0,1.0,1.0,1.0,1.0
harmonix/0727_howcomeyoudontwantme/track.npy,harmonix,3,0.9982238010657194,0.9964539007092199,0.9964539007092199,1.0,1.0,1.0
harmonix/0735_ifuseeamy/track.npy,harmonix,3,0.9966480446927374,0.9933184855233853,0.9933184855233853,1.0,1.0,1.0
harmonix/0756_istillmissyou/track.npy,harmonix,3,0.9915110356536503,0.9831649831649831,0.9831649831649831,0.9864864864864865,0.96,0.96
harmonix/0764_iwish/track.npy,harmonix,3,0.9988165680473373,0.9976359338061466,0.9976359338061466,0.9952606635071091,0.9905660377358491,0.9905660377358491
harmonix/0776_krazy/track.npy,harmonix,3,1.0,1.0,1.0,1.0,1.0,1.0
harmonix/0793_lovegame/track.npy,harmonix,3,1.0,1.0,1.0,1.0,1.0,1.0
harmonix/0794_lovegamedave/track.npy,harmonix,3,1.0,1.0,1.0,1.0,1.0,1.0
harmonix/0802_lovestoned/track.npy,harmonix,3,0.9941176470588234,0.9883040935672515,0.9883040935672515,0.996078431372549,0.9921875,0.9921875
harmonix/0803_lovestory/track.npy,harmonix,3,1.0,1.0,1.0,1.0,1.0,1.0
harmonix/0815_mondaymondaymonday/track.npy,harmonix,3,1.0,1.0,1.0,1.0,1.0,1.0
harmonix/0826_myohmy/track.npy,harmonix,3,0.9775280898876404,0.9560439560439561,0.9560439560439561,0.835978835978836,0.6568627450980392,0.6568627450980392
harmonix/0833_northshore/track.npy,harmonix,3,0.9975845410628019,0.9951807228915662,0.9951807228915662,0.7539267015706808,0.5436893203883495,0.5436893203883495
harmonix/0857_paralyzer/track.npy,harmonix,3,1.0,1.0,1.0,1.0,1.0,1.0
harmonix/0861_pingmebaby/track.npy,harmonix,3,1.0,1.0,1.0,1.0,1.0,1.0
harmonix/0870_ratedr/track.npy,harmonix,3,0.9980988593155894,1.0,1.0,1.0,1.0,1.0
harmonix/0876_rehab/track.npy,harmonix,3,0.9921465968586387,0.9844155844155844,0.9844155844155844,0.9947643979057591,0.9895833333333334,0.9895833333333334
harmonix/0879_ridinsoloian/track.npy,harmonix,3,0.9887106357694593,0.9834319526627219,0.9834319526627219,0.5745614035087719,0.3943089430894309,0.3943089430894309
harmonix/0883_rocksatmywindow/track.npy,harmonix,3,0.7350649350649351,0.16427104722792607,0.7168141592920354,0.6699029126213593,0.044444444444444446,0.8936170212765957
harmonix/0905_shocktoyoursystem/track.npy,harmonix,3,0.9942363112391931,0.9885386819484241,0.9885386819484241,0.9942857142857142,0.9886363636363636,0.9886363636363636
harmonix/0912_somenights/track.npy,harmonix,3,0.989539748953975,0.9854166666666667,0.9854166666666667,0.99581589958159,0.9916666666666667,0.9916666666666667
harmonix/0915_sosletthemusicplay/track.npy,harmonix,3,0.995850622406639,0.9917355371900827,0.9917355371900827,0.994475138121547,0.989010989010989,0.989010989010989
harmonix/0917_spacemanties/track.npy,harmonix,3,0.9962825278810409,0.9962825278810409,0.9962825278810409,0.9594272076372317,0.8571428571428571,0.8571428571428571
harmonix/0926_sweetthing/track.npy,harmonix,3,0.9986577181208054,0.9973190348525469,0.9973190348525469,0.9946524064171123,0.9893617021276596,0.9893617021276596
harmonix/0929_takeovercontrolext/track.npy,harmonix,3,0.9248262792166773,0.9192938209331651,0.9192938209331651,0.9343434343434344,1.0,1.0
harmonix/0936_tequieroacoustic/track.npy,harmonix,3,0.9262759924385634,0.9245283018867925,0.9245283018867925,0.9090909090909091,0.9090909090909091,0.9090909090909091
harmonix/0940_thehousethatbuiltme/track.npy,harmonix,3,0.7824933687002652,0.3048245614035088,0.519327731092437,0.7227722772277227,0.1732283464566929,0.6912751677852349
harmonix/0949_throwitinthebag/track.npy,harmonix,3,0.9953632148377125,0.9907692307692307,0.9907692307692307,1.0,1.0,1.0
harmonix/0956_tonightimgettingoveryou/track.npy,harmonix,3,0.9988726042841037,0.9977477477477478,0.9977477477477478,1.0,1.0,1.0
harmonix/0980_whenyouleave/track.npy,harmonix,3,0.9986522911051213,0.9973082099596231,0.9973082099596231,1.0,1.0,1.0
harmonix/0983_whyamitheone/track.npy,harmonix,3,0.9921259842519686,0.9968553459119497,0.9968553459119497,0.7116564417177914,0.6547619047619048,0.6547619047619048
harmonix/0987_withyou/track.npy,harmonix,3,0.9985815602836879,0.9971671388101983,0.9971671388101983,1.0,1.0,1.0
harmonix/1000_yourloveismydrug/track.npy,harmonix,3,0.9501385041551246,0.9530386740331491,0.9530386740331491,0.9555555555555556,1.0,1.0
hjdb/hjdb_All_Right_(All_Night_Mix)/track.npy,hjdb,3,1.0,1.0,1.0,1.0,1.0,1.0
hjdb/hjdb_Devotion/track.npy,hjdb,3,1.0,1.0,1.0,1.0,1.0,1.0
hjdb/hjdb_Dub_War_Chapter_1_(Raw_Mix)/track.npy,hjdb,3,1.0,1.0,1.0,1.0,1.0,1.0
hjdb/hjdb_Dub_War_Chapter_1_(The_Mix_Strikes_Back)/track.npy,hjdb,3,1.0,1.0,1.0,1.0,1.0,1.0
hjdb/hjdb_Dub_War_Chapter_2/track.npy,hjdb,3,1.0,1.0,1.0,1.0,1.0,1.0
hjdb/hjdb_Fuckin_Hardcore/track.npy,hjdb,3,1.0,1.0,1.0,1.0,1.0,1.0
hjdb/hjdb_Future_Followers_(Remix)/track.npy,hjdb,3,0.993939393939394,0.9879518072289156,0.9879518072289156,1.0,1.0,1.0
hjdb/hjdb_Future_Followers/track.npy,hjdb,3,1.0,1.0,1.0,1.0,1.0,1.0
hjdb/hjdb_Hey_DJ/track.npy,hjdb,3,1.0,1.0,1.0,1.0,1.0,1.0
hjdb/hjdb_In_Effect/track.npy,hjdb,3,1.0,1.0,1.0,1.0,1.0,1.0
hjdb/hjdb_Livin_In_A_Dream/track.npy,hjdb,3,0.9961089494163424,0.9922480620155039,0.9922480620155039,1.0,1.0,1.0
hjdb/hjdb_Merder_Style/track.npy,hjdb,3,1.0,1.0,1.0,1.0,1.0,1.0
hjdb/hjdb_Method_To_My_Madness/track.npy,hjdb,3,0.9906542056074767,0.9814814814814815,0.9814814814814815,0.962962962962963,0.9285714285714286,0.9285714285714286
hjdb/hjdb_Mystic_Stepper_(Feel_Better)/track.npy,hjdb,3,1.0,1.0,1.0,1.0,1.0,1.0
hjdb/hjdb_News_At_Ten/track.npy,hjdb,3,1.0,1.0,1.0,1.0,1.0,1.0
hjdb/hjdb_Obsession_(Musics_So_Wonderful)/track.npy,hjdb,3,1.0,1.0,1.0,1.0,1.0,1.0
hjdb/hjdb_Obsession_(The_Only_Remix)/track.npy,hjdb,3,1.0,1.0,1.0,1.0,1.0,1.0
hjdb/hjdb_Obsessions/track.npy,hjdb,3,0.7832167832167832,0.7638888888888888,0.7638888888888888,0.7272727272727273,0.5365853658536586,0.5365853658536586
hjdb/hjdb_Pennywise/track.npy,hjdb,3,1.0,1.0,1.0,1.0,1.0,1.0
hjdb/hjdb_Rockin_Down_The_House/track.npy,hjdb,3,0.9976133651551313,0.9952380952380953,0.9952380952380953,1.0,1.0,1.0
hjdb/hjdb_Something_I_Feel_(2_Bad_Mice_Remix)/track.npy,hjdb,3,0.867579908675799,0.532258064516129,0.532258064516129,0.6181818181818182,0.5483870967741935,0.5483870967741935
hjdb/hjdb_Something_New_Pt1/track.npy,hjdb,3,1.0,1.0,1.0,1.0,1.0,1.0
hjdb/hjdb_Something_New_Pt2/track.npy,hjdb,3,1.0,1.0,1.0,1.0,1.0,1.0
hjdb/hjdb_String_Of_Darkness/track.npy,hjdb,3,1.0,1.0,1.0,1.0,1.0,1.0
hjdb/hjdb_Superpod/track.npy,hjdb,3,1.0,1.0,1.0,1.0,1.0,1.0
hjdb/hjdb_The_R/track.npy,hjdb,3,1.0,1.0,1.0,1.0,1.0,1.0
hjdb/hjdb_Tibetan_Jungle/track.npy,hjdb,3,1.0,1.0,1.0,1.0,1.0,1.0
hjdb/hjdb_Tiger_Style/track.npy,hjdb,3,1.0,1.0,1.0,1.0,1.0,1.0
hjdb/hjdb_Unity/track.npy,hjdb,3,1.0,1.0,1.0,1.0,1.0,1.0
hjdb/hjdb_We_Are_Hardcore/track.npy,hjdb,3,1.0,1.0,1.0,1.0,1.0,1.0
jaah/jaah_006-jelly_roll_mortons_red_hot_peppers-black_bottom_stomp/track.npy,jaah,3,0.9387205387205387,0.758576874205845,0.758576874205845,0.9214092140921408,0.7614213197969543,0.7614213197969543
jaah/jaah_016-the_benny_goodman_sextet-breakfast_feud_composite_feat_charlie_christian/track.npy,jaah,3,1.0,0.9978991596638656,0.9978991596638656,0.959349593495935,0.8661417322834646,0.8661417322834646
jaah/jaah_018-duke_ellington_his_orchestra-cotton_tail/track.npy,jaah,3,0.9986431478968791,0.981029810298103,0.981029810298103,0.956989247311828,0.9468085106382979,0.9468085106382979
jaah/jaah_019-ella_fitzgerald_duke_ellington_orchestra-cotton_tail/track.npy,jaah,3,0.9736070381231672,0.5882926829268292,0.5882926829268292,0.8778625954198473,0.8059701492537313,0.8059701492537313
jaah/jaah_030-count_basie_his_orchestra-doggin_around/track.npy,jaah,3,0.9993011879804332,0.9972067039106145,0.9972067039106145,0.8459383753501399,0.8379888268156425,0.8379888268156425
jaah/jaah_042-clark_terrybob_brookmeyer_quintet-haig_haig/track.npy,jaah,3,0.9840201850294366,0.9445364238410596,0.9445364238410596,0.8128654970760234,0.4712041884816754,0.4712041884816754
jaah/jaah_050-dizzy_gillespie_sextet-i_cant_get_started/track.npy,jaah,3,0.956268221574344,0.9597701149425287,0.9597701149425287,0.7241379310344828,0.1506849315068493,0.7294117647058823
jaah/jaah_056-bud_powell-indiana/track.npy,jaah,3,0.8130311614730877,0.24301336573511542,0.38879456706281834,0.6871508379888268,0.3058252427184466,0.3058252427184466
jaah/jaah_061-count_basie_and_the_kansas_city_7-lester_leaps_in/track.npy,jaah,3,0.9986945169712794,0.9921773142112125,0.9921773142112125,1.0,1.0,1.0
jaah/jaah_072-bennie_moten_and_his_kansas_city_orchestra-moten_swing/track.npy,jaah,3,0.9757243539545811,0.8435054773082942,0.8435054773082942,0.8795518207282913,0.6060606060606061,0.6060606060606061
jaah/jaah_081-sonny_rollins-pentup_house/track.npy,jaah,3,0.9546012269938651,0.9079345850999394,0.9079345850999394,0.8585131894484412,0.831353919239905,0.831353919239905
jaah/jaah_094-louis_armstrong_his_orchestra-sweethearts_on_parade/track.npy,jaah,3,0.9889025893958077,0.9876847290640394,0.9876847290640394,1.0,1.0,1.0
jaah/jaah_100-fletcher_henderson_and_his_orchestra-the_stampede/track.npy,jaah,3,0.7588152327221439,0.3935119887165021,0.3935119887165021,0.7627118644067796,1.0,1.0
jaah/jaah_108-lionel_hampton_and_his_orchestra-when_lights_are_low/track.npy,jaah,3,1.0,0.9855769230769231,0.9855769230769231,1.0,1.0,1.0
rwc/rwc_classical_CD1_04/track.npy,rwc_classical,3,0.39029126213592236,0.5826923076923077,0.5826923076923077,0.27450980392156865,0.10034602076124567,0.10034602076124567
rwc/rwc_classical_CD4_07/track.npy,rwc_classical,3,0.8817518248175182,0.5958005249343832,0.5958005249343832,0.7648902821316614,0.3526315789473684,0.3526315789473684
rwc/rwc_classical_CD4_11/track.npy,rwc_classical,3,0.9776536312849161,0.9555555555555556,0.9555555555555556,1.0,1.0,1.0
rwc/rwc_classical_CD4_13/track.npy,rwc_classical,3,0.9774436090225564,0.9626865671641791,0.9626865671641791,0.6530612244897959,0.0,0.9402985074626866
rwc/rwc_classical_CD4_15/track.npy,rwc_classical,3,0.8421052631578947,0.7160493827160493,0.7160493827160493,0.8266666666666667,0.775,0.775
rwc/rwc_classical_CD4_16/track.npy,rwc_classical,3,0.9491525423728814,0.940677966101695,0.940677966101695,0.6292134831460674,0.0,0.9491525423728814
rwc/rwc_classical_CD5_07/track.npy,rwc_classical,3,0.5032822757111598,0.027607361963190184,0.06441717791411043,0.6710526315789473,0.14942528735632185,0.4496124031007752
rwc/rwc_classical_CD6_13/track.npy,rwc_classical,3,0.5823170731707317,0.16105769230769232,0.3653444676409186,0.4120603015075377,0.08403361344537816,0.08403361344537816
rwc/rwc_jazz_CD1_09/track.npy,rwc_jazz,3,0.7436974789915966,0.5038759689922481,0.5038759689922481,0.7291666666666667,0.5321100917431193,0.5321100917431193
rwc/rwc_jazz_CD1_14/track.npy,rwc_jazz,3,0.8994974874371859,0.9197994987468672,0.9197994987468672,0.8944723618090452,0.985,0.985
rwc/rwc_jazz_CD1_15/track.npy,rwc_jazz,3,0.7867575462512171,0.6911764705882353,0.6911764705882353,0.8160919540229885,0.8232044198895028,0.8232044198895028
rwc/rwc_jazz_CD2_01/track.npy,rwc_jazz,3,0.9792802617230097,0.9782608695652174,0.9782608695652174,0.9760348583877995,0.9782608695652174,0.9782608695652174
rwc/rwc_jazz_CD2_08/track.npy,rwc_jazz,3,0.8433382137628112,0.5400516795865633,0.5400516795865633,0.8362573099415206,0.5412371134020618,0.5412371134020618
rwc/rwc_jazz_CD2_10/track.npy,rwc_jazz,3,0.921803127874885,0.9688644688644689,0.9688644688644689,0.931129476584022,0.9945054945054945,0.9945054945054945
rwc/rwc_popular_CD1_08/track.npy,rwc_popular,3,0.9868421052631579,0.974025974025974,0.974025974025974,0.9894736842105264,0.9791666666666666,0.9791666666666666
rwc/rwc_popular_CD1_10/track.npy,rwc_popular,3,0.9976076555023923,0.9952267303102625,0.9952267303102625,0.9952153110047847,0.9904761904761905,0.9904761904761905
rwc/rwc_popular_CD3_03/track.npy,rwc_popular,3,0.9990262901655307,0.9961089494163424,0.9961089494163424,1.0,1.0,1.0
rwc/rwc_popular_CD4_01/track.npy,rwc_popular,3,0.9988674971687429,0.997737556561086,0.997737556561086,0.9954751131221719,0.990990990990991,0.990990990990991
rwc/rwc_popular_CD4_07/track.npy,rwc_popular,3,0.9761092150170648,0.9259259259259259,0.9259259259259259,0.9726027397260274,0.9324324324324325,0.9324324324324325
rwc/rwc_popular_CD5_03/track.npy,rwc_popular,3,0.9721448467966574,0.9234972677595629,0.9234972677595629,0.9042553191489362,0.76,0.76
rwc/rwc_popular_CD5_09/track.npy,rwc_popular,3,0.9471999999999999,0.9424920127795527,0.9424920127795527,0.9554140127388535,0.9873417721518988,0.9873417721518988
rwc/rwc_popular_CD5_10/track.npy,rwc_popular,3,1.0,1.0,1.0,1.0,1.0,1.0
rwc/rwc_popular_CD6_03/track.npy,rwc_popular,3,0.7742749054224464,0.2721649484536082,0.5616883116883117,0.9045643153526971,0.7377049180327869,0.7377049180327869
rwc/rwc_popular_CD6_06/track.npy,rwc_popular,3,1.0,1.0,1.0,1.0,1.0,1.0
rwc/rwc_popular_CD6_10/track.npy,rwc_popular,3,0.9964285714285713,0.9946524064171123,0.9946524064171123,1.0,1.0,1.0
rwc/rwc_popular_CD7_08/track.npy,rwc_popular,3,0.9986091794158554,0.9972222222222222,0.9972222222222222,1.0,1.0,1.0
rwc/rwc_royalty-free_CD1_09/track.npy,rwc_royalty-free,3,0.9937888198757764,0.9876543209876543,0.9876543209876543,0.9937888198757764,0.9876543209876543,0.9876543209876543
rwc/rwc_royalty-free_CD1_10/track.npy,rwc_royalty-free,3,0.9075975359342916,0.6654135338345865,0.6654135338345865,0.944,0.7878787878787878,0.7878787878787878
simac/simac_A_vida_me_fez_assim_06-Peito_sangrando/track.npy,simac,3,1.0,1.0,1.0,nan,nan,nan
simac/simac_A_vida_me_fez_assim_07-A_borboleta_e_o_passarinho/track.npy,simac,3,0.9818181818181818,0.9642857142857143,0.9642857142857143,nan,nan,nan
simac/simac_A_vida_me_fez_assim_09-Um_calo_de_estimacao/track.npy,simac,3,1.0,1.0,1.0,nan,nan,nan
simac/simac_Alfagamabetizado_02-Pandeiro-Deiro/track.npy,simac,3,0.9850746268656716,0.9705882352941176,0.9705882352941176,nan,nan,nan
simac/simac_Alfagamabetizado_16-Vanju_Concessa/track.npy,simac,3,1.0,1.0,1.0,nan,nan,nan
simac/simac_Amber_08-Further/track.npy,simac,3,0.7466666666666666,0.1702127659574468,0.7090909090909091,nan,nan,nan
simac/simac_As_time_goes_by_disk_3_06-Mr._Magic/track.npy,simac,3,0.9268292682926829,0.9523809523809523,0.9523809523809523,nan,nan,nan
simac/simac_As_time_goes_by_disk_3_10-Bridges/track.npy,simac,3,1.0,1.0,1.0,nan,nan,nan
simac/simac_As_time_goes_by_disk_3_11-You_swell/track.npy,simac,3,0.9846153846153847,0.9696969696969697,0.9696969696969697,nan,nan,nan
simac/simac_As_time_goes_by_disk_3_13-The_most_beautiful_girl_in_the_world/track.npy,simac,3,0.9577464788732395,0.9444444444444444,0.9444444444444444,nan,nan,nan
simac/simac_BACH_WTC_01-Prelude_and_Fugue_No._1_in_C_major_BWV_870_-_1._Praeludium/track.npy,simac,3,0.6666666666666666,0.0,1.0,nan,nan,nan
simac/simac_Bach_The_Well-Tempered_Clavier_II_(Disc_1)_10-Prelude_and_Fugue_No._5_in_D_major_BWV_874_-_2._Fuga/track.npy,simac,3,1.0,1.0,1.0,nan,nan,nan
simac/simac_Bach_The_Well-Tempered_Clavier_II_(Disc_1)_22-Prelude_and_Fugue_No._11_in_F_major_BWV_880_-_2._Fuga/track.npy,simac,3,0.6799999999999999,0.0,1.0,nan,nan,nan
simac/simac_Bach_The_Well-Tempered_Clavier_II_(Disc_2)_09-Prelude_and_Fugue_No._17_A-flat_major_BWV_886_-_1._Praeludium/track.npy,simac,3,1.0,1.0,1.0,nan,nan,nan
simac/simac_Beethoven_-_The_String_Quartets_#1_01-F_major_op._18_no._1_-_Allegro_con_brio/track.npy,simac,3,0.9411764705882353,0.9117647058823529,0.9117647058823529,nan,nan,nan
simac/simac_Beethoven_-_The_String_Quartets_#1_08-G_major_op._18_no._2_-_Allegro_molto_quasi_Presto/track.npy,simac,3,0.6206896551724138,0.0,0.9230769230769231,nan,nan,nan
simac/simac_Beethoven_-_The_String_Quartets_#1_09-D_major_op._18_no._3_-_Allegro/track.npy,simac,3,1.0,1.0,1.0,nan,nan,nan
simac/simac_Bela_Bartok_07-The_Miraculous_Mandarin_7.1_Agitato_7.2_Molto_moderato/track.npy,simac,3,0.0,0.0,0.75,nan,nan,nan
simac/simac_Bernstein_conducts_Stravinsky_15-Petrouchka_scene_1_-_The_shrovetide_fair/track.npy,simac,3,0.6037735849056604,0.0,0.8378378378378378,nan,nan,nan
simac/simac_Cafe_Zimmermann_01-3e_Concert_Brandebourgeois_en_sol_majeur_BWV_1048_-_Allegro_-_Adagio/track.npy,simac,3,1.0,1.0,1.0,nan,nan,nan
simac/simac_Cafe_Zimmermann_05-Concerto_pour_deux_violons_&_cordes_en_r_mineur_BWV_1043_-_Allegro/track.npy,simac,3,0.6590909090909091,0.0,0.9491525423728814,nan,nan,nan
simac/simac_Concert_08-4._Allegro/track.npy,simac,3,1.0,1.0,1.0,nan,nan,nan
simac/simac_Concert_15-3._Bourre/track.npy,simac,3,1.0,1.0,1.0,nan,nan,nan
simac/simac_Concert_19-3._Largo_e_staccato/track.npy,simac,3,0.6842105263157895,0.0,1.0,nan,nan,nan
simac/simac_DGG_419_047-2_04-Praludium_u._Fuge_f-moll_BWV_534_-_II_Fuge/track.npy,simac,3,0.5499999999999999,0.0,0.9259259259259259,nan,nan,nan
simac/simac_DGG_419_047-2_11-Triosonate_Nr._1_Es-Dur_BWV_525_-_II_Adagio/track.npy,simac,3,1.0,1.0,1.0,nan,nan,nan
simac/simac_Ella_&_Louis_05-Youll_Have_To_Swing_It/track.npy,simac,3,0.717948717948718,0.5454545454545454,0.5454545454545454,nan,nan,nan
simac/simac_Ella_&_Louis_09-Oh_Lady_Be_Good/track.npy,simac,3,0.653061224489796,0.0,0.9393939393939394,nan,nan,nan
simac/simac_Eres_luz_12-Genios_(Rumba-Cancion)/track.npy,simac,3,1.0,1.0,1.0,nan,nan,nan
simac/simac_Eventail_10-Prld1/track.npy,simac,3,0.717948717948718,0.5238095238095238,0.5238095238095238,nan,nan,nan
simac/simac_Fado_01-AudioTrack_01/track.npy,simac,3,0.96,1.0,1.0,nan,nan,nan
simac/simac_Fado_04-AudioTrack_04/track.npy,simac,3,0.5365853658536585,0.0,0.9629629629629629,nan,nan,nan
simac/simac_Family_Tree_-_Greatest_Hits_As_Chosen_By_Bjork_11-Pagan_Poetry/track.npy,simac,3,0.8888888888888888,0.7894736842105263,0.7894736842105263,nan,nan,nan
simac/simac_Gold_-_Greatest_Hits_03-Take_A_Chance_On_Me/track.npy,simac,3,1.0,1.0,1.0,nan,nan,nan
simac/simac_Ludwid_van_Beethoven_04-IV._Finale/track.npy,simac,3,0.9411764705882353,0.9230769230769231,0.9230769230769231,nan,nan,nan
simac/simac_Niandra_LaDes_and_Usually_Just_a_T-Shirt_05-Curtains/track.npy,simac,3,0.6666666666666666,0.0,0.9210526315789473,nan,nan,nan
simac/simac_Niandra_LaDes_and_Usually_Just_a_T-Shirt_15-Usually_Just_a_T-Shirt_Untitled_3/track.npy,simac,3,0.627450980392157,0.0,0.9411764705882353,nan,nan,nan
simac/simac_Niandra_LaDes_and_Usually_Just_a_T-Shirt_21-Usually_Just_a_T-Shirt_Untitled_9/track.npy,simac,3,1.0,1.0,1.0,nan,nan,nan
simac/simac_Papakonstantinou_03-AudioTrack_03/track.npy,simac,3,0.5416666666666666,0.0,0.84375,nan,nan,nan
simac/simac_Papakonstantinou_09-AudioTrack_09/track.npy,simac,3,0.6666666666666666,0.0,0.9615384615384616,nan,nan,nan
simac/simac_Papakonstantinou_19-AudioTrack_19/track.npy,simac,3,0.2711864406779661,0.0,0.5294117647058824,nan,nan,nan
simac/simac_Primer_Aliento_14-Sintonia_de_la_moda_estandarizada/track.npy,simac,3,0.9655172413793104,0.9655172413793104,0.9655172413793104,nan,nan,nan
simac/simac_Primer_Aliento_18-La_cicatriz_en_la_fabrica_roja/track.npy,simac,3,0.8955223880597014,0.7027027027027027,0.7027027027027027,nan,nan,nan
simac/simac_R.A.F.I_10-Loot/track.npy,simac,3,1.0,1.0,1.0,nan,nan,nan
simac/simac_R.A.F.I_11-Dub_Mentality/track.npy,simac,3,1.0,1.0,1.0,nan,nan,nan
simac/simac_Samba_na_Madrugada_01-Arvoredo/track.npy,simac,3,0.6666666666666666,0.0,0.9761904761904762,nan,nan,nan
simac/simac_Samba_na_Madrugada_02-Maioria_sem_Nenhum/track.npy,simac,3,0.45000000000000007,0.017241379310344827,0.15517241379310345,nan,nan,nan
simac/simac_Selling_England_By_The_Pound_02-I_Know_What_I_Like_In_Your_Wardrobe_/track.npy,simac,3,0.8571428571428571,1.0,1.0,nan,nan,nan
simac/simac_Songs_Alfredo_-_Ahora_somos_felices/track.npy,simac,3,1.0,1.0,1.0,nan,nan,nan
simac/simac_Tales_Of_Mystery_And_Imagination_04-The_Cask_Of_Amontillado/track.npy,simac,3,0.35897435897435903,0.0,0.0,nan,nan,nan
simac/simac_Tanto_Tempo_04-Sem_Contencao/track.npy,simac,3,0.6588235294117647,0.0,1.0,nan,nan,nan
simac/simac_Tanto_Tempo_10-Samba_e_Amor/track.npy,simac,3,0.6190476190476191,0.0,0.8928571428571429,nan,nan,nan
simac/simac_The_Crackdown_01-24-24/track.npy,simac,3,0.9811320754716981,0.9629629629629629,0.9629629629629629,nan,nan,nan
simac/simac_The_Crackdown_06-Just_Fascination/track.npy,simac,3,1.0,1.0,1.0,nan,nan,nan
simac/simac_The_Crackdown_13-Moscow/track.npy,simac,3,0.6511627906976745,0.0,0.9310344827586207,nan,nan,nan
simac/simac_VOL.3_Musiques_pour_guitare_et_violoncelle_03-3._Berceuse_(Lento_molto)/track.npy,simac,3,1.0,1.0,1.0,nan,nan,nan
simac/simac_VOL.3_Musiques_pour_guitare_et_violoncelle_07-H._Villa-lobos_Bachianas_Brasileiras_No.5_(Aria)/track.npy,simac,3,0.9090909090909091,0.6666666666666666,0.6666666666666666,nan,nan,nan
simac/simac_Xatzidakis_06-AudioTrack_06/track.npy,simac,3,0.5853658536585366,0.25,0.25,nan,nan,nan
simac/simac_Xatzidakis_09-AudioTrack_09/track.npy,simac,3,0.9444444444444444,1.0,1.0,nan,nan,nan
simac/simac_blues_roots_tensions/track.npy,simac,3,0.6428571428571429,0.0,0.8035714285714286,nan,nan,nan
simac/simac_greek_07_Pikrodafni/track.npy,simac,3,1.0,1.0,1.0,nan,nan,nan
simac/simac_more_greek_05_Odysseas/track.npy,simac,3,0.830188679245283,0.8888888888888888,0.8888888888888888,nan,nan,nan
simac/simac_more_greek_Anagnwstopoulos_-_Hr8a_ki_apopse_sta_skalopatia_sou/track.npy,simac,3,0.6071428571428572,0.15789473684210525,0.15789473684210525,nan,nan,nan
simac/simac_more_greek_Gkoles_-_O_pasatempos/track.npy,simac,3,0.6666666666666666,0.0,0.9761904761904762,nan,nan,nan
simac/simac_more_greek_Glykeria_-_Den_les_kouventa/track.npy,simac,3,0.6363636363636364,0.0,1.0,nan,nan,nan
simac/simac_more_greek_Kazantzidis_-_Oti_agapaw_egw_pe8ainei/track.npy,simac,3,0.653061224489796,0.0,0.9393939393939394,nan,nan,nan
simac/simac_more_greek_Mosxoliou_Gkika_-_Den_klaiw_gia_twra/track.npy,simac,3,0.46428571428571436,0.0,0.0,nan,nan,nan
simac/simac_more_greek_Mpellou_-_Antilaloune_ta_vouna/track.npy,simac,3,0.6666666666666666,0.0,0.96875,nan,nan,nan
simac/simac_more_greek_Mpellou_-_Min_klais/track.npy,simac,3,0.5185185185185185,0.0,0.9444444444444444,nan,nan,nan
simac/simac_more_greek_Mpi8ikwtsis_-_Aspri_mera/track.npy,simac,3,0.975609756097561,0.9523809523809523,0.9523809523809523,nan,nan,nan
simac/simac_more_greek_Mpi8ikwtsis_-_Mana_mou_kai_Panagia/track.npy,simac,3,0.6222222222222223,0.0,0.9666666666666667,nan,nan,nan
simac/simac_more_greek_Poulopoulos_-_Kamaroula_mia_stalia/track.npy,simac,3,0.6521739130434783,0.0,0.9354838709677419,nan,nan,nan
simac/simac_more_greek_Smokovitis_-_Mi_mou_8ymwneis_matia_mou/track.npy,simac,3,0.6857142857142856,0.22727272727272727,0.6,nan,nan,nan
simac/simac_selected_ambient_works_8592_pulsewidth/track.npy,simac,3,0.6666666666666666,0.0,0.9666666666666667,nan,nan,nan
smc/smc_017/track.npy,smc,3,0.8809523809523809,0.9523809523809523,0.9523809523809523,nan,nan,nan
smc/smc_033/track.npy,smc,3,0.7037037037037037,0.7636363636363637,0.7636363636363637,nan,nan,nan
smc/smc_038/track.npy,smc,3,0.7777777777777778,0.9444444444444444,0.9444444444444444,nan,nan,nan
smc/smc_056/track.npy,smc,3,0.36129032258064514,0.14583333333333334,0.14583333333333334,nan,nan,nan
smc/smc_059/track.npy,smc,3,0.375,0.0,0.0,nan,nan,nan
smc/smc_060/track.npy,smc,3,0.5974025974025975,0.6097560975609756,0.6097560975609756,nan,nan,nan
smc/smc_073/track.npy,smc,3,0.888888888888889,0.9512195121951219,0.9512195121951219,nan,nan,nan
smc/smc_075/track.npy,smc,3,0.6067415730337079,0.6808510638297872,0.6808510638297872,nan,nan,nan
smc/smc_095/track.npy,smc,3,0.8351648351648351,0.851063829787234,0.851063829787234,nan,nan,nan
smc/smc_098/track.npy,smc,3,0.7401574803149606,0.358974358974359,0.36082474226804123,nan,nan,nan
smc/smc_114/track.npy,smc,3,0.5970149253731344,0.4473684210526316,0.4473684210526316,nan,nan,nan
smc/smc_121/track.npy,smc,3,0.32653061224489793,0.3793103448275862,0.3793103448275862,nan,nan,nan
smc/smc_124/track.npy,smc,3,0.47368421052631576,0.9473684210526315,0.9473684210526315,nan,nan,nan
smc/smc_137/track.npy,smc,3,0.8717948717948718,0.8271604938271605,0.8271604938271605,nan,nan,nan
smc/smc_139/track.npy,smc,3,0.4788732394366197,0.0,0.875,nan,nan,nan
smc/smc_140/track.npy,smc,3,0.6324786324786326,0.65,0.65,nan,nan,nan
smc/smc_147/track.npy,smc,3,0.7259259259259259,0.45454545454545453,0.45454545454545453,nan,nan,nan
smc/smc_166/track.npy,smc,3,0.8478260869565218,1.0,1.0,nan,nan,nan
smc/smc_172/track.npy,smc,3,0.5,0.18055555555555555,0.18055555555555555,nan,nan,nan
smc/smc_206/track.npy,smc,3,0.6849315068493151,0.6410256410256411,0.6410256410256411,nan,nan,nan
smc/smc_207/track.npy,smc,3,0.9552238805970149,1.0,1.0,nan,nan,nan
smc/smc_214/track.npy,smc,3,0.4489795918367347,0.6,0.6,nan,nan,nan
smc/smc_225/track.npy,smc,3,0.3883495145631068,0.0,0.0,nan,nan,nan
smc/smc_254/track.npy,smc,3,0.18604651162790697,0.017543859649122806,0.27586206896551724,nan,nan,nan
smc/smc_258/track.npy,smc,3,0.3733333333333333,0.04081632653061224,0.1650485436893204,nan,nan,nan
smc/smc_263/track.npy,smc,3,0.7213114754098361,0.75,0.75,nan,nan,nan
smc/smc_273/track.npy,smc,3,1.0,1.0,1.0,nan,nan,nan
tapcorrect/008_youtube_bg7RjxsghNY/track.npy,tapcorrect,3,0.9951845906902087,0.9967948717948718,0.9967948717948718,0.8764044943820225,0.56,0.56
tapcorrect/014_youtube_53FGAgfYVsw/track.npy,tapcorrect,3,0.6462585034013606,0.47770700636942676,0.47770700636942676,0.557142857142857,0.7777777777777778,0.7777777777777778
tapcorrect/017_youtube_S6Nt1ssPLBA/track.npy,tapcorrect,3,0.9985185185185186,0.9970414201183432,0.9970414201183432,0.8527918781725888,0.48672566371681414,0.48672566371681414
tapcorrect/020_youtube_0WrjMeHsfgM/track.npy,tapcorrect,3,0.9913378248315688,0.9884836852207294,0.9884836852207294,0.9961685823754789,0.9923664122137404,0.9923664122137404
tapcorrect/027_youtube_iYYRH4apXDo/track.npy,tapcorrect,3,0.6847935548841894,0.09846153846153846,0.7518248175182481,0.6638655462184874,0.11842105263157894,0.7543859649122807
tapcorrect/029_youtube_41TNDPn9x2Y/track.npy,tapcorrect,3,0.8611544461778471,0.7529411764705882,0.7529411764705882,0.8717948717948718,0.8625,0.8625
tapcorrect/036_youtube__-xZYhm6QgQ/track.npy,tapcorrect,3,0.6727605118829982,0.013774104683195593,0.9727520435967303,0.6811594202898552,0.02197802197802198,0.956989247311828
tapcorrect/045_youtube_SYUgGs9IStY/track.npy,tapcorrect,3,0.7937608318890814,0.3160919540229885,0.5207877461706784,0.6451612903225805,0.1188118811881188,0.5887850467289719
tapcorrect/051_youtube_InYVlCCEqFc/track.npy,tapcorrect,3,0.9978070175438597,1.0,1.0,1.0,1.0,1.0
tapcorrect/064_youtube_Xlv1tm2h7pY/track.npy,tapcorrect,3,0.9811912225705329,0.9261538461538461,0.9261538461538461,0.9876543209876543,0.9634146341463414,0.9634146341463414
tapcorrect/075_youtube_p_6F5K_xP6Q/track.npy,tapcorrect,3,0.9712389380530974,0.9520697167755992,0.9520697167755992,0.9691629955947136,0.9391304347826087,0.9391304347826087
tapcorrect/083_youtube_HfUoCF3dmbU/track.npy,tapcorrect,3,0.9951690821256038,0.9903846153846154,0.9903846153846154,0.8440366972477065,0.7272727272727273,0.7272727272727273
tapcorrect/096_youtube_XAYhNHhxN0A/track.npy,tapcorrect,3,0.946875,0.8501529051987767,0.8501529051987767,0.923076923076923,0.8860759493670886,0.8860759493670886
asap/Bach_Fugue_bwv_846_Shi05M/track.npy,asap,4,0.8858447488584476,0.6923076923076923,0.6923076923076923,0.5432098765432098,0.0,0.7142857142857143
asap/Bach_Fugue_bwv_848_Denisova06M/track.npy,asap,4,0.9760765550239234,0.9712918660287081,0.9712918660287081,0.6268656716417911,0.15853658536585366,0.5631067961165048
asap/Bach_Fugue_bwv_848_Lee01M/track.npy,asap,4,0.9952380952380953,0.9904761904761905,0.9904761904761905,0.6349206349206349,0.25675675675675674,0.4077669902912621
asap/Bach_Fugue_bwv_848_LeeSH01M/track.npy,asap,4,0.9485981308411214,0.8847926267281107,0.8847926267281107,0.6172839506172839,0.0,0.8532110091743119
asap/Bach_Fugue_bwv_848_Lin04M/track.npy,asap,4,0.9928400954653939,0.9809523809523809,0.9809523809523809,0.7172413793103448,0.12903225806451613,0.7766990291262136
asap/Bach_Fugue_bwv_848_Lou01M/track.npy,asap,4,0.9617224880382775,0.9569377990430622,0.9569377990430622,0.6341463414634145,0.29577464788732394,0.34951456310679613
asap/Bach_Fugue_bwv_848_MiyashitaM01M/track.npy,asap,4,0.9832935560859187,0.9714285714285714,0.9714285714285714,0.7123287671232876,0.11702127659574468,0.7961165048543689
asap/Bach_Fugue_bwv_848_Mizumoto03M/track.npy,asap,4,0.963855421686747,0.9238095238095239,0.9238095238095239,0.6713286713286712,0.12087912087912088,0.7184466019417476
asap/Bach_Fugue_bwv_848_SunY01M/track.npy,asap,4,0.9256594724220624,0.9138755980861244,0.9138755980861244,0.6714285714285714,0.17045454545454544,0.6213592233009708
asap/Bach_Fugue_bwv_848_Zhou01M/track.npy,asap,4,0.9688249400479616,0.9476190476190476,0.9476190476190476,0.7741935483870968,0.375,0.39805825242718446
asap/Bach_Fugue_bwv_858_VuV01M/track.npy,asap,4,0.9733840304182511,0.9545454545454546,0.9545454545454546,0.6464646464646465,0.0,0.9242424242424242
asap/Bach_Fugue_bwv_858_Zhang01M/track.npy,asap,4,0.966789667896679,0.8714285714285714,0.8714285714285714,0.5858585858585859,0.0,0.8181818181818182
asap/Bach_Fugue_bwv_887_LiYZ01M/track.npy,asap,4,0.6299401197604789,0.18231046931407943,0.18231046931407943,0.42937853107344637,0.07042253521126761,0.35587188612099646
asap/Bach_Prelude_bwv_858_VuV01M/track.npy,asap,4,0.7715736040609137,0.4247787610619469,0.4247787610619469,0.49275362318840576,0.14634146341463414,0.38181818181818183
asap/Bach_Prelude_bwv_858_Zhang01M/track.npy,asap,4,0.9292035398230089,0.9026548672566371,0.9026548672566371,0.611764705882353,0.0,0.9649122807017544
asap/Bach_Prelude_bwv_870_ChenW01M/track.npy,asap,4,0.9923076923076923,0.9618320610687023,0.9618320610687023,0.6391752577319588,0.0,0.9384615384615385
asap/Bach_Prelude_bwv_870_LeeE01M/track.npy,asap,4,1.0,1.0,1.0,0.673469387755102,0.0,1.0
asap/Bach_Prelude_bwv_870_MaximovI01M/track.npy,asap,4,0.9923076923076923,0.9770992366412213,0.9770992366412213,0.6666666666666666,0.0,0.9545454545454546
asap/Bach_Prelude_bwv_876_SirajA01M/track.npy,asap,4,0.9423076923076924,0.9052132701421801,0.9052132701421801,0.6802721088435374,0.46835443037974683,0.46835443037974683
asap/Bach_Prelude_bwv_876_Song01M/track.npy,asap,4,0.9686746987951806,0.9333333333333333,0.9333333333333333,0.7297297297297296,0.5125,0.5125
asap/Bach_Prelude_bwv_888_ZhaoK01M/track.npy,asap,4,0.9561752988047808,0.9365079365079365,0.9365079365079365,0.6741573033707866,0.06896551724137931,0.8524590163934426
asap/Bach_Prelude_bwv_889_Giesbrecht01M/track.npy,asap,4,0.858267716535433,0.6846153846153846,0.6846153846153846,0.30434782608695654,0.01639344262295082,0.3114754098360656
asap/Bach_Prelude_bwv_889_LiuY01M/track.npy,asap,4,0.4528301886792453,0.22695035460992907,0.3049645390070922,0.198019801980198,0.0,0.17142857142857143
asap/Bach_Prelude_bwv_889_MunA01M/track.npy,asap,4,0.8347107438016529,0.7580645161290323,0.7580645161290323,0.5333333333333334,0.0,0.7049180327868853
asap/Bach_Prelude_bwv_889_Wang01M/track.npy,asap,4,0.6980392156862745,0.46564885496183206,0.46564885496183206,0.3157894736842105,0.0,0.421875
asap/Bach_Prelude_bwv_889_YangY02M/track.npy,asap,4,0.6153846153846153,0.38926174496644295,0.38926174496644295,0.2857142857142857,0.0,0.22972972972972974
asap/Bach_Prelude_bwv_889_ZhangW02M/track.npy,asap,4,0.5387453874538746,0.30405405405405406,0.30405405405405406,0.2,0.0,0.18333333333333332
asap/Beethoven_Piano_Sonatas_17-3_KaszoS11M/track.npy,asap,4,0.593171534348005,0.16169326856349758,0.16169326856349758,0.7400241837968562,0.4303534303534304,0.4303534303534304
asap/Beethoven_Piano_Sonatas_17-3_USHIKI05M/track.npy,asap,4,0.6006855184233076,0.06927297668038408,0.08447488584474885,0.7955056179775281,0.5720164609053497,0.5720164609053497
asap/Beethoven_Piano_Sonatas_21-2_YOO05M/track.npy,asap,4,0.41777777777777786,0.0,0.023529411764705882,0.37362637362637363,0.0,0.3125
asap/Beethoven_Piano_Sonatas_3-2_MiyashitaM04M/track.npy,asap,4,0.4781906300484652,0.030634573304157548,0.23413566739606126,0.47887323943661975,0.03787878787878788,0.5031055900621118
asap/Beethoven_Piano_Sonatas_7-1_Hebert01M/track.npy,asap,4,0.8895658796648895,0.7846607669616519,0.7846607669616519,0.6145251396648045,0.17994100294985252,0.43434343434343436
asap/Beethoven_Piano_Sonatas_7-1_Larionova04M/track.npy,asap,4,0.8529862174578867,0.7433628318584071,0.7433628318584071,0.578640776699029,0.10914454277286136,0.5909090909090909
asap/Beethoven_Piano_Sonatas_7-1_LeeS02M/track.npy,asap,4,0.8534548215641611,0.7802359882005899,0.7802359882005899,0.5977011494252873,0.13274336283185842,0.5081967213114754
asap/Beethoven_Piano_Sonatas_7-1_Wang02M/track.npy,asap,4,0.8521341463414633,0.7444608567208272,0.7444608567208272,0.5307692307692307,0.10355029585798817,0.47802197802197804
asap/Beethoven_Piano_Sonatas_7-1_WangY01M/track.npy,asap,4,0.8323170731707317,0.7363770250368189,0.7363770250368189,0.5719696969696969,0.10914454277286136,0.5873015873015873
asap/Beethoven_Piano_Sonatas_7-1_ZhangE02M/track.npy,asap,4,0.8689248895434463,0.836764705882353,0.836764705882353,0.5811320754716981,0.10619469026548672,0.4816753926701571
asap/Beethoven_Piano_Sonatas_9-1_Tysman05M/track.npy,asap,4,0.8778821520068317,0.6330708661417322,0.6330708661417322,0.8704318936877078,0.6666666666666666,0.6666666666666666
asap/Chopin_Barcarolle_LeeSH05M/track.npy,asap,4,0.6950880444856349,0.45234248788368336,0.45234248788368336,0.4171122994652407,0.015444015444015444,0.4864864864864865
asap/Chopin_Barcarolle_Na09M/track.npy,asap,4,0.7634517766497462,0.6166982922201139,0.6166982922201139,0.4424242424242424,0.013888888888888888,0.5638766519823789
asap/Chopin_Barcarolle_Ozel10M/track.npy,asap,4,0.7544351073762838,0.5319148936170213,0.5319148936170213,0.5052631578947367,0.0037735849056603774,0.5849056603773585
asap/Chopin_Barcarolle_Park10M/track.npy,asap,4,0.6702702702702703,0.4123076923076923,0.4123076923076923,0.3687150837988826,0.00823045267489712,0.41975308641975306
asap/Chopin_Barcarolle_Rozanski07M/track.npy,asap,4,0.6666666666666667,0.45342706502636204,0.45342706502636204,0.4169014084507042,0.0125,0.4583333333333333
asap/Chopin_Scherzos_39_Arciglione13M/track.npy,asap,4,0.49576597382602006,0.0109204368174727,0.04158004158004158,0.4988962472406181,0.0187207488299532,0.3894080996884735
asap/Chopin_Scherzos_39_Bult-ItoS05M/track.npy,asap,4,0.5493716337522442,0.02860114404576183,0.057172557172557176,0.5221052631578947,0.046801872074883,0.4517133956386293
asap/Liszt_Concert_Etude_S145_1_Kleisen06M/track.npy,asap,4,0.7204301075268817,0.6005291005291006,0.6005291005291006,0.4274809160305343,0.10179640718562874,0.42328042328042326
asap/Liszt_Concert_Etude_S145_1_Woo06M/track.npy,asap,4,0.6279329608938549,0.30694980694980695,0.30694980694980695,0.3261538461538462,0.04782608695652174,0.27391304347826084
asap/Mozart_Piano_Sonatas_12-1_MunA03M/track.npy,asap,4,0.9866863905325443,0.9763663220088626,0.9763663220088626,0.9538461538461539,0.9217391304347826,0.9217391304347826
asap/Mozart_Piano_Sonatas_12-1_WuuE02M/track.npy,asap,4,0.975609756097561,0.9631268436578171,0.9631268436578171,0.9427312775330395,0.9213973799126638,0.9213973799126638
asap/Schubert_Impromptu_op.90_D.899_2_Denisova11M/track.npy,asap,4,0.6747330960854092,0.1201923076923077,0.1201923076923077,0.7276688453159043,0.34532374100719426,0.34532374100719426
asap/Schubert_Impromptu_op.90_D.899_2_FaB06M/track.npy,asap,4,0.830601092896175,0.5245508982035928,0.5245508982035928,0.8039999999999999,0.5627240143369175,0.5627240143369175
asap/Schubert_Impromptu_op.90_D.899_2_HuNY06M/track.npy,asap,4,0.9156171284634761,0.7562724014336918,0.7562724014336918,0.919626168224299,0.7992831541218638,0.7992831541218638
asap/Schubert_Impromptu_op.90_D.899_2_KaiRuiR05M/track.npy,asap,4,0.9552969993876302,0.858682634730539,0.858682634730539,0.9283018867924527,0.8100358422939068,0.8100358422939068
asap/Schubert_Impromptu_op.90_D.899_2_Levitsky09M/track.npy,asap,4,0.5527210884353742,0.06826347305389222,0.06826347305389222,0.675990675990676,0.07526881720430108,0.4066666666666667
asap/Schubert_Impromptu_op.90_D.899_2_Nikiforov09M/track.npy,asap,4,0.7942446043165468,0.44550898203592815,0.44550898203592815,0.7631027253668763,0.37992831541218636,0.37992831541218636
asap/Schubert_Piano_Sonatas_664-1_BuiJL06M/track.npy,asap,4,0.8097886540600668,0.4114285714285714,0.4114285714285714,0.8741258741258742,0.6387096774193548,0.6387096774193548
asap/Schubert_Piano_Sonatas_664-1_KabuliL10M/track.npy,asap,4,0.760233918128655,0.31047619047619046,0.49696969696969695,0.8339768339768341,0.7709923664122137,0.7709923664122137
asap/Schubert_Piano_Sonatas_664-1_Mo10M/track.npy,asap,4,0.7605956471935854,0.29333333333333333,0.5,0.7680608365019012,0.5606060606060606,0.5606060606060606
asap/Schumann_Kreisleriana_1_no_first_repeat_JohannsonP02M/track.npy,asap,4,0.7542579075425789,0.4911504424778761,0.4911504424778761,0.5196078431372549,0.39285714285714285,0.39285714285714285
ballroom/ballroom_Albums-Ballroom_Classics4-10/track.npy,ballroom,4,1.0,1.0,1.0,1.0,1.0,1.0
ballroom/ballroom_Albums-Ballroom_Classics4-12/track.npy,ballroom,4,1.0,1.0,1.0,1.0,1.0,1.0
ballroom/ballroom_Albums-Ballroom_Magic-04/track.npy,ballroom,4,0.9444444444444444,1.0,1.0,1.0,1.0,1.0
ballroom/ballroom_Albums-Cafe_Paradiso-07/track.npy,ballroom,4,1.0,1.0,1.0,1.0,1.0,1.0
ballroom/ballroom_Albums-Cafe_Paradiso-15/track.npy,ballroom,4,0.993006993006993,0.9861111111111112,0.9861111111111112,1.0,1.0,1.0
ballroom/ballroom_Albums-Chrisanne1-06/track.npy,ballroom,4,0.9622641509433962,0.9622641509433962,0.9622641509433962,1.0,1.0,1.0
ballroom/ballroom_Albums-Chrisanne2-02/track.npy,ballroom,4,0.9859154929577464,0.9722222222222222,0.9722222222222222,1.0,1.0,1.0
ballroom/ballroom_Albums-Chrisanne2-07/track.npy,ballroom,4,1.0,1.0,1.0,1.0,1.0,1.0
ballroom/ballroom_Albums-Chrisanne3-14/track.npy,ballroom,4,1.0,0.9642857142857143,0.9642857142857143,1.0,1.0,1.0
ballroom/ballroom_Albums-Fire-02/track.npy,ballroom,4,1.0,1.0,1.0,1.0,1.0,1.0
ballroom/ballroom_Albums-Fire-03/track.npy,ballroom,4,1.0,1.0,1.0,1.0,1.0,1.0
ballroom/ballroom_Albums-Fire-07/track.npy,ballroom,4,0.9361702127659575,0.863013698630137,0.863013698630137,0.9411764705882353,0.8888888888888888,0.8888888888888888
ballroom/ballroom_Albums-Fire-10/track.npy,ballroom,4,0.9879518072289156,0.9761904761904762,0.9761904761904762,1.0,1.0,1.0
ballroom/ballroom_Albums-GloriaEstefan_MiTierra-04/track.npy,ballroom,4,0.98,1.0,1.0,1.0,1.0,1.0
ballroom/ballroom_Albums-GloriaEstefan_MiTierra-06/track.npy,ballroom,4,1.0,1.0,1.0,1.0,1.0,1.0
ballroom/ballroom_Albums-Latin_Jam-12/track.npy,ballroom,4,1.0,1.0,1.0,1.0,1.0,1.0
ballroom/ballroom_Albums-Latin_Jam2-06/track.npy,ballroom,4,0.9906542056074767,0.9814814814814815,0.9814814814814815,0.962962962962963,0.9285714285714286,0.9285714285714286
ballroom/ballroom_Albums-Latin_Jam2-12/track.npy,ballroom,4,1.0,1.0,1.0,1.0,1.0,1.0
ballroom/ballroom_Albums-Latin_Jam3-05/track.npy,ballroom,4,1.0,1.0,1.0,1.0,1.0,1.0
ballroom/ballroom_Albums-Latin_Jam4-01/track.npy,ballroom,4,0.9902912621359222,0.9807692307692307,0.9807692307692307,0.9600000000000001,0.9230769230769231,0.9230769230769231
ballroom/ballroom_Albums-Latin_Jam4-08/track.npy,ballroom,4,0.9885057471264368,0.9772727272727273,0.9772727272727273,1.0,1.0,1.0
ballroom/ballroom_Albums-Macumba-03/track.npy,ballroom,4,1.0,1.0,1.0,1.0,1.0,1.0
ballroom/ballroom_Albums-Macumba-16/track.npy,ballroom,4,1.0,1.0,1.0,1.0,1.0,1.0
ballroom/ballroom_Albums-Pais_Tropical-12/track.npy,ballroom,4,1.0,1.0,1.0,1.0,1.0,1.0
ballroom/ballroom_Albums-Pais_Tropical-14/track.npy,ballroom,4,0.9929078014184397,0.9859154929577465,0.9859154929577465,0.9714285714285714,0.9444444444444444,0.9444444444444444
ballroom/ballroom_Albums-Secret_Garden-05/track.npy,ballroom,4,0.8666666666666667,0.9,0.9,0.9,1.0,1.0
ballroom/ballroom_Albums-Step_By_Step-03/track.npy,ballroom,4,1.0,1.0,1.0,1.0,1.0,1.0
ballroom/ballroom_Albums-Step_By_Step-06/track.npy,ballroom,4,1.0,1.0,1.0,1.0,1.0,1.0
ballroom/ballroom_Albums-Step_By_Step-18/track.npy,ballroom,4,0.9941520467836257,0.9883720930232558,0.9883720930232558,1.0,1.0,1.0
ballroom/ballroom_Albums-StrictlyDancing_Tango-15/track.npy,ballroom,4,0.9908256880733944,0.9818181818181818,0.9818181818181818,0.962962962962963,0.9285714285714286,0.9285714285714286
ballroom/ballroom_Media-100601/track.npy,ballroom,4,0.9863013698630138,0.972972972972973,0.972972972972973,1.0,1.0,1.0
ballroom/ballroom_Media-100610/track.npy,ballroom,4,1.0,1.0,1.0,1.0,1.0,1.0
ballroom/ballroom_Media-103306/track.npy,ballroom,4,0.9906542056074767,0.9814814814814815,0.9814814814814815,1.0,1.0,1.0
ballroom/ballroom_Media-103401/track.npy,ballroom,4,1.0,1.0,1.0,1.0,1.0,1.0
ballroom/ballroom_Media-103406/track.npy,ballroom,4,0.9902912621359222,0.9807692307692307,0.9807692307692307,0.9600000000000001,0.9230769230769231,0.9230769230769231
ballroom/ballroom_Media-103409/track.npy,ballroom,4,1.0,1.0,1.0,1.0,1.0,1.0
ballroom/ballroom_Media-103410/track.npy,ballroom,4,1.0,1.0,1.0,1.0,1.0,1.0
ballroom/ballroom_Media-103514/track.npy,ballroom,4,1.0,1.0,1.0,1.0,1.0,1.0
ballroom/ballroom_Media-103606/track.npy,ballroom,4,0.945945945945946,0.8974358974358975,0.8974358974358975,0.9473684210526316,0.9,0.9
ballroom/ballroom_Media-103613/track.npy,ballroom,4,0.993103448275862,0.9863013698630136,0.9863013698630136,1.0,1.0,1.0
ballroom/ballroom_Media-103703/track.npy,ballroom,4,1.0,1.0,1.0,1.0,1.0,1.0
ballroom/ballroom_Media-103715/track.npy,ballroom,4,0.6744186046511628,0.0,1.0,0.6363636363636364,0.0,0.8666666666666667
ballroom/ballroom_Media-103718/track.npy,ballroom,4,0.9904761904761905,0.9811320754716981,0.9811320754716981,1.0,1.0,1.0
ballroom/ballroom_Media-103804/track.npy,ballroom,4,0.9896907216494846,0.9795918367346939,0.9795918367346939,1.0,1.0,1.0
ballroom/ballroom_Media-103808/track.npy,ballroom,4,1.0,1.0,1.0,1.0,1.0,1.0
ballroom/ballroom_Media-103811/track.npy,ballroom,4,1.0,1.0,1.0,1.0,1.0,1.0
ballroom/ballroom_Media-103818/track.npy,ballroom,4,1.0,1.0,1.0,1.0,1.0,1.0
ballroom/ballroom_Media-103907/track.npy,ballroom,4,1.0,1.0,1.0,1.0,1.0,1.0
ballroom/ballroom_Media-104103/track.npy,ballroom,4,1.0,1.0,1.0,1.0,1.0,1.0
ballroom/ballroom_Media-104105/track.npy,ballroom,4,1.0,1.0,1.0,0.0,0.0,0.0
ballroom/ballroom_Media-104204/track.npy,ballroom,4,0.9863013698630138,0.972972972972973,0.972972972972973,1.0,1.0,1.0
ballroom/ballroom_Media-104207/track.npy,ballroom,4,0.9906542056074767,0.9814814814814815,0.9814814814814815,0.962962962962963,0.9285714285714286,0.9285714285714286
ballroom/ballroom_Media-104403/track.npy,ballroom,4,0.972972972972973,0.9473684210526315,0.9473684210526315,0.9600000000000001,0.9230769230769231,0.9230769230769231
ballroom/ballroom_Media-104406/track.npy,ballroom,4,0.9934640522875817,0.987012987012987,0.987012987012987,1.0,1.0,1.0
ballroom/ballroom_Media-104415/track.npy,ballroom,4,0.9767441860465116,0.9767441860465116,0.9767441860465116,0.975609756097561,0.9523809523809523,0.9523809523809523
ballroom/ballroom_Media-104508/track.npy,ballroom,4,0.9932885906040269,0.9866666666666667,0.9866666666666667,1.0,1.0,1.0
ballroom/ballroom_Media-104604/track.npy,ballroom,4,1.0,1.0,1.0,1.0,1.0,1.0
ballroom/ballroom_Media-104606/track.npy,ballroom,4,0.9908256880733944,0.9818181818181818,0.9818181818181818,1.0,1.0,1.0
ballroom/ballroom_Media-104607/track.npy,ballroom,4,1.0,1.0,1.0,1.0,1.0,1.0
ballroom/ballroom_Media-104617/track.npy,ballroom,4,1.0,0.9883720930232558,0.9883720930232558,1.0,1.0,1.0
ballroom/ballroom_Media-104704/track.npy,ballroom,4,0.7761194029850745,0.8529411764705882,0.8529411764705882,0.9090909090909091,1.0,1.0
ballroom/ballroom_Media-104717/track.npy,ballroom,4,0.9942196531791908,0.9770114942528736,0.9770114942528736,0.9767441860465117,0.9545454545454546,0.9545454545454546
ballroom/ballroom_Media-104803/track.npy,ballroom,4,1.0,1.0,1.0,1.0,1.0,1.0
ballroom/ballroom_Media-104804/track.npy,ballroom,4,1.0,1.0,1.0,1.0,1.0,1.0
ballroom/ballroom_Media-104808/track.npy,ballroom,4,0.9909909909909909,0.9821428571428571,0.9821428571428571,1.0,1.0,1.0
ballroom/ballroom_Media-104810/track.npy,ballroom,4,1.0,1.0,1.0,1.0,1.0,1.0
ballroom/ballroom_Media-104816/track.npy,ballroom,4,0.9192546583850931,0.8505747126436781,0.8505747126436781,0.9268292682926829,0.8636363636363636,0.8636363636363636
ballroom/ballroom_Media-104907/track.npy,ballroom,4,0.8333333333333333,0.6346153846153846,0.6346153846153846,0.8181818181818181,0.38461538461538464,0.4444444444444444
ballroom/ballroom_Media-105004/track.npy,ballroom,4,0.7647058823529412,0.9411764705882353,0.9411764705882353,0.6956521739130435,0.9166666666666666,0.9166666666666666
ballroom/ballroom_Media-105101/track.npy,ballroom,4,0.732394366197183,0.75,0.75,0.6956521739130435,0.9166666666666666,0.9166666666666666
ballroom/ballroom_Media-105110/track.npy,ballroom,4,0.951048951048951,0.9166666666666666,0.9166666666666666,0.9583333333333334,1.0,1.0
ballroom/ballroom_Media-105207/track.npy,ballroom,4,0.7375886524822695,0.16853932584269662,0.7115384615384616,0.6857142857142856,0.13636363636363635,0.6153846153846154
ballroom/ballroom_Media-105305/track.npy,ballroom,4,0.9811320754716981,0.9629629629629629,0.9629629629629629,0.962962962962963,0.9285714285714286,0.9285714285714286
ballroom/ballroom_Media-105316/track.npy,ballroom,4,0.9855072463768115,0.9714285714285714,0.9714285714285714,0.9565217391304348,0.9166666666666666,0.9166666666666666
ballroom/ballroom_Media-105406/track.npy,ballroom,4,0.9902912621359222,0.9807692307692307,0.9807692307692307,1.0,1.0,1.0
ballroom/ballroom_Media-105601/track.npy,ballroom,4,0.9902912621359222,0.9807692307692307,0.9807692307692307,1.0,1.0,1.0
ballroom/ballroom_Media-105609/track.npy,ballroom,4,1.0,1.0,1.0,1.0,1.0,1.0
ballroom/ballroom_Media-105820/track.npy,ballroom,4,0.9882352941176471,0.9882352941176471,0.9882352941176471,1.0,1.0,1.0
ballroom/ballroom_Media-105905/track.npy,ballroom,4,1.0,1.0,1.0,1.0,1.0,1.0
ballroom/ballroom_Media-105913/track.npy,ballroom,4,0.9941520467836257,0.9883720930232558,0.9883720930232558,0.5,0.0,0.6829268292682927
ballroom/ballroom_Media-105914/track.npy,ballroom,4,0.9938650306748467,0.9878048780487805,0.9878048780487805,1.0,1.0,1.0
ballroom/ballroom_Media-106002/track.npy,ballroom,4,0.9767441860465117,0.9545454545454546,0.9545454545454546,1.0,1.0,1.0
ballroom/ballroom_Media-106004/track.npy,ballroom,4,0.9772727272727273,0.9555555555555556,0.9555555555555556,1.0,1.0,1.0
ballroom/ballroom_Media-106110/track.npy,ballroom,4,0.975609756097561,0.9523809523809523,0.9523809523809523,0.9523809523809523,0.9090909090909091,0.9090909090909091
ballroom/ballroom_Media-106113/track.npy,ballroom,4,0.8831168831168831,0.7906976744186046,0.7906976744186046,0.9473684210526316,0.9,0.9
ballroom/ballroom_Media-106119/track.npy,ballroom,4,0.9722222222222222,0.9459459459459459,0.9459459459459459,1.0,1.0,1.0
beatles/beatles_01_Please_Please_Me_13_Theres_A_Place/track.npy,beatles,4,0.9979381443298969,0.9958847736625515,0.9958847736625515,0.9917355371900827,0.9836065573770492,0.9836065573770492
beatles/beatles_02_With_the_Beatles_03_All_My_Loving/track.npy,beatles,4,0.9739413680781759,0.9706840390879479,0.9706840390879479,0.974025974025974,1.0,1.0
beatles/beatles_02_With_the_Beatles_04_Dont_Bother_Me/track.npy,beatles,4,0.6655462184873949,0.0,0.9949748743718593,0.9,0.6262626262626263,0.6262626262626263
beatles/beatles_03_A_Hard_Days_Night_09_Ill_Cry_Instead/track.npy,beatles,4,0.9967845659163987,0.9935897435897436,0.9935897435897436,1.0,1.0,1.0
beatles/beatles_03_A_Hard_Days_Night_10_Things_We_Said_Today/track.npy,beatles,4,0.9970501474926253,0.9941176470588236,0.9941176470588236,1.0,1.0,1.0
beatles/beatles_04_Beatles_for_Sale_05_Ill_Follow_the_Sun/track.npy,beatles,4,0.9954545454545455,1.0,1.0,0.9818181818181818,1.0,1.0
beatles/beatles_05_Help_03_Youve_Got_To_Hide_Your_Love_Away/track.npy,beatles,4,0.9876880984952121,0.9590163934426229,0.9590163934426229,0.9918032786885246,1.0,1.0
beatles/beatles_05_Help_07_Ticket_To_Ride/track.npy,beatles,4,0.9946380697050938,0.9893333333333333,0.9893333333333333,0.9946524064171123,0.9893617021276596,0.9893617021276596
beatles/beatles_06_Rubber_Soul_06_The_Word/track.npy,beatles,4,0.9555555555555556,0.9337539432176656,0.9337539432176656,0.9559748427672956,0.9875,0.9875
beatles/beatles_06_Rubber_Soul_09_Girl/track.npy,beatles,4,0.9868995633187774,0.9741379310344828,0.9741379310344828,0.9913043478260869,0.9827586206896551,0.9827586206896551
beatles/beatles_07_Revolver_10_For_No_One/track.npy,beatles,4,0.6636971046770602,0.0,0.9867549668874173,0.6548672566371682,0.0,0.9736842105263158
beatles/beatles_07_Revolver_14_Tomorrow_Never_Knows/track.npy,beatles,4,0.9915730337078652,0.9832869080779945,0.9832869080779945,0.9887640449438202,0.9777777777777777,0.9777777777777777
beatles/beatles_08_Sgt_Peppers_Lonely_Hearts_Club_Band_06_Shes_Leaving_Home/track.npy,beatles,4,0.9016786570743404,0.8298850574712644,0.8298850574712644,0.8058608058608059,0.7241379310344828,0.7241379310344828
beatles/beatles_09_Magical_Mystery_Tour_02_The_Fool_On_The_Hill/track.npy,beatles,4,0.961352657004831,1.0,1.0,0.9615384615384616,1.0,1.0
beatles/beatles_09_Magical_Mystery_Tour_11_All_You_Need_Is_Love/track.npy,beatles,4,0.9881422924901185,0.9765625,0.9765625,0.5170731707317073,0.17054263565891473,0.33112582781456956
beatles/beatles_10_CD1_The_Beatles_04_Ob-La-Di_Ob-La-Da/track.npy,beatles,4,0.9955817378497791,0.9912023460410557,0.9912023460410557,0.9940828402366864,0.9882352941176471,0.9882352941176471
beatles/beatles_10_CD1_The_Beatles_06_The_Continuing_Story_of_Bungalow_Bill/track.npy,beatles,4,0.9636048526863086,0.9288135593220339,0.9288135593220339,0.638095238095238,0.09774436090225563,0.6666666666666666
beatles/beatles_10_CD2_The_Beatles_03_Mother_Natures_Son/track.npy,beatles,4,0.9932279909706546,0.9775784753363229,0.9775784753363229,0.990990990990991,0.9819819819819819,0.9819819819819819
beatles/beatles_11_Abbey_Road_01_Come_Together/track.npy,beatles,4,0.8873626373626373,0.7428571428571429,0.7428571428571429,0.7830687830687831,0.6893203883495146,0.6893203883495146
beatles/beatles_11_Abbey_Road_11_Mean_Mr_Mustard/track.npy,beatles,4,1.0,1.0,1.0,0.9230769230769231,0.8846153846153846,0.8846153846153846
beatles/beatles_11_Abbey_Road_17_Her_Majesty/track.npy,beatles,4,1.0,1.0,1.0,1.0,1.0,1.0
beatles/beatles_12_Let_It_Be_03_Across_the_Universe/track.npy,beatles,4,0.6909518213866039,0.06148282097649186,0.87248322147651,0.7123287671232876,0.15217391304347827,0.4074074074074074
candombe/csic.1995_ansina1_02/track.npy,candombe,4,1.0,1.0,1.0,1.0,1.0,1.0
candombe/csic.1995_cuareim_03/track.npy,candombe,4,1.0,1.0,1.0,1.0,1.0,1.0
candombe/proyecto.1992_pelado_01/track.npy,candombe,4,1.0,1.0,1.0,1.0,1.0,1.0
candombe/zavala.muniz.2014_54/track.npy,candombe,4,1.0,1.0,1.0,1.0,1.0,1.0
filosax/filosax_01/track.npy,filosax,4,0.9601677148846961,0.8707482993197279,0.8707482993197279,0.9945652173913043,0.9891304347826086,0.9891304347826086
filosax/filosax_06/track.npy,filosax,4,0.9914432401597263,0.984144960362401,0.984144960362401,0.9908675799086757,0.9819004524886877,0.9819004524886877
filosax/filosax_12/track.npy,filosax,4,0.9993957703927493,0.998792270531401,0.998792270531401,0.9975786924939467,0.9951690821256038,0.9951690821256038
filosax/filosax_31/track.npy,filosax,4,0.9979765277215702,0.9943365695792881,0.9943365695792881,0.9983792544570502,0.9967637540453075,0.9967637540453075
filosax/filosax_32/track.npy,filosax,4,0.9963689179375453,0.9927431059506531,0.9927431059506531,0.9971014492753623,0.9942196531791907,0.9942196531791907
filosax/filosax_35/track.npy,filosax,4,1.0,1.0,1.0,1.0,1.0,1.0
groove_midi/drummer10_session1_2_jazz-swing_215_beat_4-4/track.npy,groove_midi,4,0.9951060358890701,0.9641693811074918,0.9641693811074918,0.880503144654088,0.7926829268292683,0.7926829268292683
groove_midi/drummer1_eval_session_4_soul-groove4_80_beat_4-4/track.npy,groove_midi,4,1.0,1.0,1.0,1.0,1.0,1.0
groove_midi/drummer1_session1_201_reggae-slow_64_beat_4-4/track.npy,groove_midi,4,0.7702702702702703,0.25824175824175827,0.5859030837004405,0.627906976744186,0.1724137931034483,0.3103448275862069
groove_midi/drummer1_session1_202_rock-halftime_140_beat_4-4/track.npy,groove_midi,4,0.7247474747474747,0.13465346534653466,0.7630662020905923,0.7236180904522613,0.12598425196850394,0.7777777777777778
groove_midi/drummer1_session1_47_jazz_102_beat_4-4/track.npy,groove_midi,4,0.9933110367892977,1.0,1.0,1.0,1.0,1.0
groove_midi/drummer1_session1_77_jazz-mediumfast_180_beat_4-4/track.npy,groove_midi,4,0.9381188118811881,0.7622377622377622,0.7622377622377622,0.8990825688073394,0.8,0.8
groove_midi/drummer1_session2_110_rock-prog_190_beat_4-4/track.npy,groove_midi,4,0.6466512702078522,0.0,0.993103448275862,0.7563025210084033,0.3055555555555556,0.5319148936170213
groove_midi/drummer1_session2_62_punk_144_beat_4-4/track.npy,groove_midi,4,0.9968387776606955,0.9936974789915967,0.9936974789915967,1.0,1.0,1.0
groove_midi/drummer1_session2_9_jazz-march_120_beat_4-4/track.npy,groove_midi,4,0.8319327731092437,0.8235294117647058,0.8235294117647058,0.7936507936507936,0.7761194029850746,0.7761194029850746
groove_midi/drummer1_session3_13_rock_115_beat_4-4/track.npy,groove_midi,4,0.999131190269331,0.9982638888888888,0.9982638888888888,1.0,1.0,1.0
groove_midi/drummer1_session3_4_jazz-linear_182_beat_4-4/track.npy,groove_midi,4,0.587390263367917,0.14875,0.434878587196468,0.3838383838383838,0.02,0.56
groove_midi/drummer1_session3_6_dance-disco_120_beat_4-4/track.npy,groove_midi,4,0.9988700564971752,0.9977426636568849,0.9977426636568849,0.9954751131221719,0.990990990990991,0.990990990990991
groove_midi/drummer3_session1_18_rock_120_beat_4-4/track.npy,groove_midi,4,1.0,1.0,1.0,1.0,1.0,1.0
groove_midi/drummer3_session2_1_rock_100_beat_4-4/track.npy,groove_midi,4,0.9873417721518987,0.975,0.975,0.9473684210526316,0.9,0.9
groove_midi/drummer3_session2_43_rock_110_beat_4-4/track.npy,groove_midi,4,0.9594594594594594,0.922077922077922,0.922077922077922,0.972972972972973,0.9473684210526315,0.9473684210526315
groove_midi/drummer4_session1_3_jazz-klezmer_152_beat_4-4/track.npy,groove_midi,4,0.7337278106508875,0.7093023255813954,0.7093023255813954,0.6829268292682926,0.9523809523809523,0.9523809523809523
groove_midi/drummer5_eval_session_4_soul-groove4_80_beat_4-4/track.npy,groove_midi,4,0.9913043478260869,0.9827586206896551,0.9827586206896551,0.9655172413793104,0.9333333333333333,0.9333333333333333
groove_midi/drummer5_eval_session_8_rock-groove8_65_beat_4-4/track.npy,groove_midi,4,0.9914529914529915,0.9830508474576272,0.9830508474576272,0.9655172413793104,0.9333333333333333,0.9333333333333333
groove_midi/drummer5_session1_10_latin-brazilian-sambareggae_96_beat_4-4/track.npy,groove_midi,4,1.0,1.0,1.0,1.0,1.0,1.0
groove_midi/drummer5_session1_19_middleeastern_126_beat_4-4/track.npy,groove_midi,4,0.6852846401718582,0.6502145922746781,0.6502145922746781,0.15319148936170213,0.06722689075630252,0.7310924369747899
groove_midi/drummer5_session2_11_soul_96_beat_4-4/track.npy,groove_midi,4,0.9975550122249389,0.9951219512195122,0.9951219512195122,0.9902912621359222,0.9807692307692307,0.9807692307692307
groove_midi/drummer5_session2_16_latin-ando_125_beat_3-4/track.npy,groove_midi,4,0.9860896445131375,0.9784615384615385,0.9784615384615385,0.2268041237113402,0.0,0.1308411214953271
groove_midi/drummer5_session2_3_latin-brazilian_101_beat_4-4/track.npy,groove_midi,4,0.9969604863221885,0.9939393939393939,0.9939393939393939,0.8631578947368421,0.5185185185185185,0.5185185185185185
groove_midi/drummer5_session2_8_neworleans-chacha_124_beat_4-4/track.npy,groove_midi,4,0.7510729613733905,0.6835443037974683,0.6835443037974683,0.7747747747747747,0.8070175438596491,0.8070175438596491
groove_midi/drummer6_session1_2_rock_70_beat_6-8/track.npy,groove_midi,4,0.848,0.8412698412698413,0.8412698412698413,0.4285714285714286,0.0,0.0
groove_midi/drummer6_session2_3_rock_88_beat_4-4/track.npy,groove_midi,4,0.9930313588850175,0.9861111111111112,0.9861111111111112,0.9861111111111112,1.0,1.0
groove_midi/drummer6_session3_1_rock_90_beat_4-4/track.npy,groove_midi,4,1.0,1.0,1.0,0.0,0.0,0.9473684210526315
groove_midi/drummer6_session3_2_rock_100_beat_4-4/track.npy,groove_midi,4,0.9957081545064378,0.9914529914529915,0.9914529914529915,1.0,1.0,1.0
groove_midi/drummer7_session1_12_funk_102_beat_4-4/track.npy,groove_midi,4,0.8690476190476191,0.9285714285714286,0.9285714285714286,0.0,0.0,0.9523809523809523
groove_midi/drummer7_session2_101_pop_142_beat_4-4/track.npy,groove_midi,4,0.9940828402366864,0.9882352941176471,0.9882352941176471,0.9767441860465117,0.9545454545454546,0.9545454545454546
groove_midi/drummer7_session2_115_jazz-fusion_96_beat_4-4/track.npy,groove_midi,4,1.0,1.0,1.0,1.0,1.0,1.0
groove_midi/drummer7_session2_33_rock_75_beat_4-4/track.npy,groove_midi,4,0.9152542372881356,0.9666666666666667,0.9666666666666667,0.6363636363636364,0.0,0.8666666666666667
groove_midi/drummer7_session2_72_funk_100_beat_4-4/track.npy,groove_midi,4,0.9970845481049563,0.9941860465116279,0.9941860465116279,0.988235294117647,0.9767441860465116,0.9767441860465116
groove_midi/drummer7_session3_159_soul_98_beat_4-4/track.npy,groove_midi,4,1.0,1.0,1.0,1.0,1.0,1.0
groove_midi/drummer7_session3_46_rock-indie_63_beat_4-4/track.npy,groove_midi,4,1.0,1.0,1.0,1.0,1.0,1.0
groove_midi/drummer7_session3_67_neworleans-funk_93_beat_4-4/track.npy,groove_midi,4,0.9809264305177111,0.9728260869565217,0.9728260869565217,0.945054945054945,0.9565217391304348,0.9565217391304348
groove_midi/drummer8_eval_session_10_soul-groove10_102_beat_4-4/track.npy,groove_midi,4,1.0,1.0,1.0,1.0,1.0,1.0
groove_midi/drummer8_eval_session_9_soul-groove9_105_beat_4-4/track.npy,groove_midi,4,1.0,1.0,1.0,1.0,1.0,1.0
groove_midi/drummer8_session1_26_afrobeat_94_beat_4-4/track.npy,groove_midi,4,0.6955503512880563,0.07207207207207207,0.8592964824120602,0.6074766355140186,0.0,0.8657718120805369
groove_midi/drummer8_session1_2_funk_95_beat_4-4/track.npy,groove_midi,4,0.9979879275653923,0.9959839357429718,0.9959839357429718,0.9919999999999999,0.9841269841269841,0.9841269841269841
groove_midi/drummer8_session1_7_funk_80_beat_4-4/track.npy,groove_midi,4,0.9975186104218362,0.995049504950495,0.995049504950495,0.99009900990099,0.9803921568627451,0.9803921568627451
groove_midi/drummer9_session1_13_rock_120_beat_4-4/track.npy,groove_midi,4,1.0,1.0,1.0,1.0,1.0,1.0
guitarset/00_Rock3-148-C_comp_mix/track.npy,guitarset,4,0.8282828282828283,0.7843137254901961,0.7843137254901961,0.75,1.0,1.0
guitarset/00_SS1-68-E_comp_mix/track.npy,guitarset,4,0.9523809523809523,1.0,1.0,1.0,1.0,1.0
guitarset/01_BN2-166-Ab_comp_mix/track.npy,guitarset,4,0.99009900990099,0.9803921568627451,0.9803921568627451,0.9600000000000001,0.9230769230769231,0.9230769230769231
guitarset/01_Funk2-119-G_comp_mix/track.npy,guitarset,4,0.9908256880733944,0.9818181818181818,0.9818181818181818,0.962962962962963,0.9285714285714286,0.9285714285714286
guitarset/01_Jazz1-200-B_comp_mix/track.npy,guitarset,4,0.6382978723404255,0.0,0.9375,0.5454545454545454,0.0,0.75
guitarset/01_Jazz3-150-C_comp_mix/track.npy,guitarset,4,0.9902912621359222,0.9807692307692307,0.9807692307692307,0.9600000000000001,0.9230769230769231,0.9230769230769231
guitarset/02_BN1-147-Gb_comp_mix/track.npy,guitarset,4,0.909090909090909,0.7142857142857143,0.7142857142857143,0.26666666666666666,0.0,0.14285714285714285
guitarset/02_Jazz1-200-B_comp_mix/track.npy,guitarset,4,0.6521739130434783,0.0,1.0,0.6,0.0,1.0
guitarset/02_Rock1-90-C#_comp_mix/track.npy,guitarset,4,1.0,1.0,1.0,1.0,1.0,1.0
guitarset/02_Rock2-85-F_comp_mix/track.npy,guitarset,4,1.0,1.0,1.0,1.0,1.0,1.0
guitarset/02_SS1-100-C#_comp_mix/track.npy,guitarset,4,1.0,1.0,1.0,1.0,1.0,1.0
guitarset/02_SS2-107-Ab_comp_mix/track.npy,guitarset,4,0.9909909909909909,0.9821428571428571,0.9821428571428571,0.962962962962963,0.9285714285714286,0.9285714285714286
guitarset/03_BN3-119-G_comp_mix/track.npy,guitarset,4,0.9908256880733944,0.9818181818181818,0.9818181818181818,0.962962962962963,0.9285714285714286,0.9285714285714286
guitarset/03_Rock1-130-A_comp_mix/track.npy,guitarset,4,1.0,1.0,1.0,1.0,1.0,1.0
guitarset/04_Funk1-97-C_comp_mix/track.npy,guitarset,4,0.8860759493670887,0.875,0.875,0.5517241379310346,0.0,0.85
guitarset/04_Jazz2-187-F#_comp_mix/track.npy,guitarset,4,0.6753246753246753,0.125,0.6551724137931034,0.8695652173913043,0.75,0.75
guitarset/04_Jazz3-150-C_comp_mix/track.npy,guitarset,4,0.9902912621359222,0.9807692307692307,0.9807692307692307,0.9600000000000001,0.9230769230769231,0.9230769230769231
guitarset/04_Rock2-85-F_comp_mix/track.npy,guitarset,4,0.9911504424778761,0.9824561403508771,0.9824561403508771,0.9655172413793104,0.9333333333333333,0.9333333333333333
guitarset/04_SS1-100-C#_comp_mix/track.npy,guitarset,4,1.0,1.0,1.0,1.0,1.0,1.0
guitarset/05_Jazz3-137-Eb_comp_mix/track.npy,guitarset,4,1.0,1.0,1.0,1.0,1.0,1.0
guitarset/05_Rock1-130-A_comp_mix/track.npy,guitarset,4,0.918918918918919,0.918918918918919,0.918918918918919,1.0,1.0,1.0
guitarset/05_SS1-68-E_comp_mix/track.npy,guitarset,4,0.5915492957746479,0.07,0.07,0.5,0.0,0.5789473684210527
hainsworth/hainsworth_002/track.npy,hainsworth,4,0.3823529411764706,0.3627450980392157,0.6078431372549019,0.38461538461538464,1.0,1.0
hainsworth/hainsworth_019/track.npy,hainsworth,4,1.0,1.0,1.0,1.0,1.0,1.0
hainsworth/hainsworth_035/track.npy,hainsworth,4,0.9313725490196079,0.9215686274509803,0.9215686274509803,0.8846153846153846,1.0,1.0
hainsworth/hainsworth_038/track.npy,hainsworth,4,1.0,1.0,1.0,1.0,1.0,1.0
hainsworth/hainsworth_041/track.npy,hainsworth,4,1.0,1.0,1.0,1.0,1.0,1.0
hainsworth/hainsworth_043/track.npy,hainsworth,4,0.9871244635193134,0.9658119658119658,0.9658119658119658,1.0,1.0,1.0
hainsworth/hainsworth_045/track.npy,hainsworth,4,1.0,1.0,1.0,1.0,1.0,1.0
hainsworth/hainsworth_051/track.npy,hainsworth,4,1.0,1.0,1.0,1.0,1.0,1.0
hainsworth/hainsworth_053/track.npy,hainsworth,4,1.0,1.0,1.0,0.7272727272727273,0.696969696969697,0.696969696969697
hainsworth/hainsworth_065/track.npy,hainsworth,4,1.0,1.0,1.0,1.0,1.0,1.0
hainsworth/hainsworth_067/track.npy,hainsworth,4,0.9958847736625513,0.9836065573770492,0.9836065573770492,1.0,1.0,1.0
hainsworth/hainsworth_080/track.npy,hainsworth,4,0.9950738916256158,0.9901960784313726,0.9901960784313726,1.0,1.0,1.0
hainsworth/hainsworth_081/track.npy,hainsworth,4,1.0,1.0,1.0,1.0,1.0,1.0
hainsworth/hainsworth_092/track.npy,hainsworth,4,1.0,1.0,1.0,1.0,1.0,1.0
hainsworth/hainsworth_104/track.npy,hainsworth,4,0.9979716024340771,0.9757085020242915,0.9757085020242915,1.0,1.0,1.0
hainsworth/hainsworth_139/track.npy,hainsworth,4,0.9722222222222222,0.918918918918919,0.918918918918919,0.9714285714285714,0.8888888888888888,0.8888888888888888
hainsworth/hainsworth_161/track.npy,hainsworth,4,1.0,1.0,1.0,1.0,1.0,1.0
hainsworth/hainsworth_170/track.npy,hainsworth,4,1.0,1.0,1.0,1.0,1.0,1.0
hainsworth/hainsworth_175/track.npy,hainsworth,4,1.0,1.0,1.0,1.0,1.0,1.0
hainsworth/hainsworth_188/track.npy,hainsworth,4,0.9945945945945946,0.989247311827957,0.989247311827957,0.8070175438596492,0.3235294117647059,0.5111111111111111
hainsworth/hainsworth_194/track.npy,hainsworth,4,0.9732620320855615,0.8958333333333334,0.8958333333333334,0.4067796610169491,0.029411764705882353,0.42857142857142855
hainsworth/hainsworth_215/track.npy,hainsworth,4,1.0,1.0,1.0,1.0,1.0,1.0
hainsworth/hainsworth_216/track.npy,hainsworth,4,1.0,1.0,1.0,1.0,1.0,1.0
hainsworth/hainsworth_218/track.npy,hainsworth,4,0.8805031446540881,0.8117647058823529,0.8117647058823529,0.2857142857142857,0.0,0.11428571428571428
hainsworth/hainsworth_219/track.npy,hainsworth,4,0.9770114942528736,1.0,1.0,0.20689655172413793,0.2222222222222222,0.2222222222222222
hainsworth/hainsworth_224/track.npy,hainsworth,4,1.0,1.0,1.0,1.0,1.0,1.0
hainsworth/hainsworth_235/track.npy,hainsworth,4,1.0,1.0,1.0,1.0,1.0,1.0
hainsworth/hainsworth_245/track.npy,hainsworth,4,0.6712328767123288,0.010309278350515464,0.9591836734693877,0.6461538461538462,0.07317073170731707,0.6595744680851063
harmonix/0001_12step/track.npy,harmonix,4,1.0,1.0,1.0,1.0,1.0,1.0
harmonix/0022_betteroffalone/track.npy,harmonix,4,0.9439834024896264,0.9032921810699589,0.9032921810699589,0.9327731092436976,0.95,0.95
harmonix/0024_billionaire/track.npy,harmonix,4,0.9777777777777777,0.9693877551020408,0.9693877551020408,0.972972972972973,0.972972972972973,0.972972972972973
harmonix/0048_chingaling/track.npy,harmonix,4,0.9649415692821369,0.932258064516129,0.932258064516129,0.9668874172185431,0.9358974358974359,0.9358974358974359
harmonix/0056_control/track.npy,harmonix,4,0.887189292543021,0.7972508591065293,0.7972508591065293,0.8854961832061068,0.7945205479452054,0.7945205479452054
harmonix/0057_crankthat/track.npy,harmonix,4,0.6681715575620767,0.0,1.0,0.6666666666666666,0.0,1.0
harmonix/0062_dance/track.npy,harmonix,4,0.9863842662632376,0.9848942598187311,0.9848942598187311,0.9879518072289156,1.0,1.0
harmonix/0070_dipitlow/track.npy,harmonix,4,1.0,1.0,1.0,0.99009900990099,0.9803921568627451,0.9803921568627451
harmonix/0082_dragosteadintei/track.npy,harmonix,4,0.992108229988726,0.9843400447427293,0.9843400447427293,0.9954751131221719,0.990990990990991,0.990990990990991
harmonix/0105_getdownonit/track.npy,harmonix,4,0.9988221436984689,0.9976470588235294,0.9976470588235294,0.9953051643192489,0.9906542056074766,0.9906542056074766
harmonix/0134_igotmine/track.npy,harmonix,4,0.6424517593643587,0.0,0.9393939393939394,0.6425339366515836,0.006711409395973154,0.92
harmonix/0135_igottafeeling/track.npy,harmonix,4,1.0,1.0,1.0,1.0,1.0,1.0
harmonix/0136_igotyoudancing/track.npy,harmonix,4,1.0,1.0,1.0,1.0,1.0,1.0
harmonix/0143_informer/track.npy,harmonix,4,0.9976133651551313,0.9952380952380953,0.9952380952380953,1.0,1.0,1.0
harmonix/0144_ishotthesheriff/track.npy,harmonix,4,0.733108108108108,0.2954876273653566,0.4084507042253521,0.8770949720670391,0.7526881720430108,0.7526881720430108
harmonix/0145_iwantyouback/track.npy,harmonix,4,0.9638989169675091,0.9602888086642599,0.9602888086642599,0.8148148148148148,0.5164835164835165,0.5164835164835165
harmonix/0148_jesusofsuburbia/track.npy,harmonix,4,0.8484621155288823,0.5036303630363036,0.5036303630363036,0.6939351198871649,0.37567567567567567,0.37567567567567567
harmonix/0165_lucretia/track.npy,harmonix,4,0.8891595615103532,0.6495535714285714,0.6495535714285714,0.7757009345794391,0.5666666666666667,0.5666666666666667
harmonix/0167_makesomenoise/track.npy,harmonix,4,1.0,1.0,1.0,1.0,1.0,1.0
harmonix/0172_marrythenight/track.npy,harmonix,4,0.9968847352024921,0.9875776397515528,0.9875776397515528,0.9875,0.9506172839506173,0.9506172839506173
harmonix/0177_milkshake/track.npy,harmonix,4,1.0,1.0,1.0,1.0,1.0,1.0
harmonix/0181_mrsaxobeat/track.npy,harmonix,4,1.0,1.0,1.0,1.0,1.0,1.0
harmonix/0200_oceansize/track.npy,harmonix,4,0.9343434343434344,0.8333333333333334,0.8333333333333334,0.8844221105527638,0.8640776699029126,0.8640776699029126
harmonix/0208_opp/track.npy,harmonix,4,0.9953161592505855,0.9906759906759907,0.9906759906759907,0.27102803738317754,0.2523364485981308,0.2523364485981308
harmonix/0216_poison/track.npy,harmonix,4,0.9960629921259843,0.9921568627450981,0.9921568627450981,1.0,1.0,1.0
harmonix/0227_replay/track.npy,harmonix,4,0.9981167608286252,0.9962406015037594,0.9962406015037594,1.0,1.0,1.0
harmonix/0231_rightthurr/track.npy,harmonix,4,1.0,1.0,1.0,1.0,1.0,1.0
harmonix/0237_run/track.npy,harmonix,4,0.9905020352781547,0.9864864864864865,0.9864864864864865,1.0,1.0,1.0
harmonix/0276_texasflood/track.npy,harmonix,4,0.9878987898789878,0.9791437980241493,0.9791437980241493,0.6564551422319475,0.009836065573770493,0.9344262295081968
harmonix/0284_thehustle/track.npy,harmonix,4,1.0,1.0,1.0,1.0,1.0,1.0
harmonix/0286_theragelive/track.npy,harmonix,4,0.9159120310478653,0.7033492822966507,0.7033492822966507,0.8202764976958525,0.390625,0.4350282485875706
harmonix/0293_tomsawyer2/track.npy,harmonix,4,0.7788359788359789,0.4048507462686567,0.4048507462686567,0.5333333333333333,0.3283582089552239,0.3283582089552239
harmonix/0304_weaponofchoice/track.npy,harmonix,4,0.97265625,0.8973384030418251,0.8973384030418251,0.9218749999999999,0.8615384615384616,0.8615384615384616
harmonix/0310_whineup/track.npy,harmonix,4,1.0,1.0,1.0,1.0,1.0,1.0
harmonix/0312_whitefalconfuzz/track.npy,harmonix,4,0.9936908517350158,1.0,1.0,0.8860759493670887,0.85,0.85
harmonix/0319_withoutyou/track.npy,harmonix,4,0.9835728952772074,0.9353535353535354,0.9353535353535354,0.9959514170040485,0.9919354838709677,0.9919354838709677
harmonix/0322_wordup/track.npy,harmonix,4,0.9958762886597937,0.9917864476386037,0.9917864476386037,0.9958847736625513,0.9918032786885246,0.9918032786885246
harmonix/0325_ymca/track.npy,harmonix,4,0.9867549668874172,0.9868421052631579,0.9868421052631579,0.9866666666666666,0.9736842105263158,0.9736842105263158
harmonix/0328_youmakemefeeldc/track.npy,harmonix,4,0.9984686064318529,0.9969418960244648,0.9969418960244648,1.0,1.0,1.0
harmonix/0329_youreajerk/track.npy,harmonix,4,1.0,1.0,1.0,1.0,1.0,1.0
harmonix/0338_animal/track.npy,harmonix,4,0.9878542510121457,0.9919028340080972,0.9919028340080972,0.9919354838709677,1.0,1.0
harmonix/0340_backintime/track.npy,harmonix,4,0.9988165680473373,0.9976359338061466,0.9976359338061466,1.0,1.0,1.0
harmonix/0352_boogiewonderland/track.npy,harmonix,4,0.9991902834008096,0.9983818770226537,0.9983818770226537,1.0,1.0,1.0
harmonix/0355_brokenhearted/track.npy,harmonix,4,1.0,1.0,1.0,1.0,1.0,1.0
harmonix/0358_children/track.npy,harmonix,4,1.0,1.0,1.0,1.0,1.0,1.0
harmonix/0361_countrymustbecountrywide/track.npy,harmonix,4,1.0,1.0,1.0,0.9824561403508771,0.9649122807017544,0.9649122807017544
harmonix/0369_dontyouworrychild/track.npy,harmonix,4,0.900462962962963,0.8847926267281107,0.8847926267281107,0.9014084507042254,0.9351851851851852,0.9351851851851852
harmonix/0371_downunder/track.npy,harmonix,4,0.9851551956815114,0.9707446808510638,0.9707446808510638,0.989247311827957,0.9787234042553191,0.9787234042553191
harmonix/0373_driveby/track.npy,harmonix,4,0.9973045822102425,0.9946236559139785,0.9946236559139785,1.0,1.0,1.0
harmonix/0392_givemeyourhand/track.npy,harmonix,4,0.9956616052060737,0.9913606911447084,0.9913606911447084,0.9956709956709957,0.9913793103448276,0.9913793103448276
harmonix/0400_heatofthemoment/track.npy,harmonix,4,0.9232303090727817,0.9165009940357853,0.9165009940357853,0.7591836734693878,0.6929133858267716,0.6929133858267716
harmonix/0404_holditagainstme/track.npy,harmonix,4,0.997946611909651,0.9959016393442623,0.9959016393442623,1.0,1.0,1.0
harmonix/0405_home/track.npy,harmonix,4,0.9840909090909091,1.0,1.0,0.9727272727272728,1.0,1.0
harmonix/0420_itsrainingmen/track.npy,harmonix,4,0.9891774891774892,0.9785867237687366,0.9785867237687366,0.9349593495934959,0.7709923664122137,0.7709923664122137
harmonix/0422_itwillrain/track.npy,harmonix,4,0.7484510532837669,0.201980198019802,0.6633499170812603,0.704225352112676,0.10218978102189781,0.8013245033112583
harmonix/0446_midnightcity/track.npy,harmonix,4,0.9775561097256857,0.9560975609756097,0.9560975609756097,0.98,0.9607843137254902,0.9607843137254902
harmonix/0450_more/track.npy,harmonix,4,1.0,1.0,1.0,1.0,1.0,1.0
harmonix/0458_notorious/track.npy,harmonix,4,1.0,1.0,1.0,1.0,1.0,1.0
harmonix/0474_pleasedontgo/track.npy,harmonix,4,0.9960264900662251,0.9920844327176781,0.9920844327176781,0.9574468085106385,0.9468085106382979,0.9468085106382979
harmonix/0494_somebodythatiusedtoknow/track.npy,harmonix,4,1.0,1.0,1.0,1.0,1.0,1.0
harmonix/0497_speakers/track.npy,harmonix,4,0.9435897435897436,0.8830645161290323,0.8830645161290323,0.957983193277311,0.9583333333333334,0.9583333333333334
harmonix/0521_tooclose/track.npy,harmonix,4,0.9940357852882704,0.9880952380952381,0.9880952380952381,0.9880478087649401,0.9682539682539683,0.9682539682539683
harmonix/0524_undoit/track.npy,harmonix,4,0.9977426636568849,0.9954954954954955,0.9954954954954955,0.9909909909909909,0.9821428571428571,0.9821428571428571
harmonix/0530_whatthehell/track.npy,harmonix,4,0.9990610328638497,0.99812382739212,0.99812382739212,1.0,1.0,1.0
harmonix/0538_you/track.npy,harmonix,4,0.9979035639412999,0.9916317991631799,0.9916317991631799,1.0,1.0,1.0
harmonix/0569_arrow/track.npy,harmonix,4,0.9792935444579781,0.9635922330097088,0.9635922330097088,0.9705882352941176,0.9901960784313726,0.9901960784313726
harmonix/0577_battlefieldmainversion/track.npy,harmonix,4,0.9874776386404294,0.9752650176678446,0.9752650176678446,0.9857142857142858,0.971830985915493,0.971830985915493
harmonix/0603_breaktheicejasonnevinsmix/track.npy,harmonix,4,0.99712368168744,0.9980842911877394,0.9980842911877394,0.7203065134099618,0.7175572519083969,0.7175572519083969
harmonix/0616_citygirl/track.npy,harmonix,4,0.9449378330373002,0.8040540540540541,0.8040540540540541,0.950354609929078,0.8108108108108109,0.8108108108108109
harmonix/0625_complicated/track.npy,harmonix,4,0.9916805324459235,0.9834983498349835,0.9834983498349835,0.9933774834437086,0.9868421052631579,0.9868421052631579
harmonix/0643_dontrush/track.npy,harmonix,4,0.9828926905132193,0.9663608562691132,0.9663608562691132,0.9813664596273292,0.9634146341463414,0.9634146341463414
harmonix/0644_dontsayaword/track.npy,harmonix,4,0.9222520107238606,0.8986666666666666,0.8986666666666666,0.9289617486338798,0.8829787234042553,0.8829787234042553
harmonix/0662_everytimewetouch/track.npy,harmonix,4,1.0,1.0,1.0,1.0,1.0,1.0
harmonix/0666_fallin/track.npy,harmonix,4,0.5893491124260356,0.10623946037099494,0.10623946037099494,0.8023255813953489,0.46464646464646464,0.46464646464646464
harmonix/0673_feelsliketonight/track.npy,harmonix,4,1.0,1.0,1.0,1.0,1.0,1.0
harmonix/0678_fireflies/track.npy,harmonix,4,0.9984051036682616,0.9968152866242038,0.9968152866242038,1.0,1.0,1.0
harmonix/0679_firsttime/track.npy,harmonix,4,1.0,1.0,1.0,1.0,1.0,1.0
harmonix/0689_gettinoveryou/track.npy,harmonix,4,0.9823008849557522,0.9808259587020649,0.9808259587020649,0.9823529411764705,1.0,1.0
harmonix/0695_goodbyegoodbye/track.npy,harmonix,4,0.9977528089887641,0.9955156950672646,0.9955156950672646,0.9652173913043479,0.8813559322033898,0.8813559322033898
harmonix/0698_goodtime/track.npy,harmonix,4,0.9852941176470589,0.9710144927536232,0.9710144927536232,0.9853658536585366,0.9711538461538461,0.9711538461538461
harmonix/0715_hellodadalife/track.npy,harmonix,4,0.9786628733997155,0.9396914446002805,0.9396914446002805,0.7700831024930748,0.7340425531914894,0.7340425531914894
harmonix/0719_hipsdontlie/track.npy,harmonix,4,0.9956584659913169,0.9913544668587896,0.9913544668587896,1.0,1.0,1.0
harmonix/0728_howyouremindme/track.npy,harmonix,4,0.9915110356536502,0.9898648648648649,0.9898648648648649,1.0,1.0,1.0
harmonix/0734_iftodaywasyourlastday/track.npy,harmonix,4,0.9829059829059829,0.9663865546218487,0.9663865546218487,0.983050847457627,0.9666666666666667,0.9666666666666667
harmonix/0737_ihatethispart/track.npy,harmonix,4,0.9948849104859334,0.9923469387755102,0.9923469387755102,0.9948717948717948,0.9897959183673469,0.9897959183673469
harmonix/0741_iknowyoucare/track.npy,harmonix,4,0.9888579387186631,0.975,0.975,0.7087378640776699,0.39655172413793105,0.39655172413793105
harmonix/0753_inreallife/track.npy,harmonix,4,0.9977628635346756,0.9955357142857143,0.9955357142857143,1.0,1.0,1.0
harmonix/0773_kissmethruthephone/track.npy,harmonix,4,0.9935205183585313,0.9871244635193133,0.9871244635193133,1.0,1.0,1.0
harmonix/0780_letmebereal/track.npy,harmonix,4,1.0,1.0,1.0,1.0,1.0,1.0
harmonix/0785_littleliesnow/track.npy,harmonix,4,0.9967532467532468,0.9935275080906149,0.9935275080906149,1.0,1.0,1.0
harmonix/0808_makethemoney/track.npy,harmonix,4,0.9952305246422893,0.990506329113924,0.990506329113924,0.8176100628930818,0.7875,0.7875
harmonix/0810_memoriesextended/track.npy,harmonix,4,0.9992630803242447,0.9985272459499264,0.9985272459499264,1.0,1.0,1.0
harmonix/0811_miami2ibiza/track.npy,harmonix,4,1.0,1.0,1.0,0.994475138121547,0.989010989010989,0.989010989010989
harmonix/0819_myblood/track.npy,harmonix,4,0.981651376146789,0.9847560975609756,0.9847560975609756,0.837696335078534,0.4954128440366973,0.4954128440366973
harmonix/0825_myloveislikeastar/track.npy,harmonix,4,0.989648033126294,0.9795081967213115,0.9795081967213115,0.9917355371900827,0.9836065573770492,0.9836065573770492
harmonix/0830_nightwatch/track.npy,harmonix,4,0.8080133555926545,0.7966666666666666,0.7966666666666666,0.5454545454545454,0.5972222222222222,0.5972222222222222
harmonix/0834_nosurprise/track.npy,harmonix,4,0.9943661971830986,0.988795518207283,0.988795518207283,0.9944134078212291,0.9888888888888889,0.9888888888888889
harmonix/0843_omgalmighty/track.npy,harmonix,4,0.9963811821471652,0.9927884615384616,0.9927884615384616,0.9975903614457832,0.9951923076923077,0.9951923076923077
harmonix/0854_overmyheadcablecar/track.npy,harmonix,4,0.9851428571428571,0.9707207207207207,0.9707207207207207,0.9863013698630138,0.972972972972973,0.972972972972973
harmonix/0880_righthere/track.npy,harmonix,4,0.9983416252072967,0.9966887417218543,0.9966887417218543,1.0,1.0,1.0
harmonix/0884_rockstar/track.npy,harmonix,4,1.0,1.0,1.0,0.993103448275862,0.9726027397260274,0.9726027397260274
harmonix/0891_savetheworld/track.npy,harmonix,4,0.9625292740046839,0.9485981308411215,0.9485981308411215,0.9671361502347416,0.9906542056074766,0.9906542056074766
harmonix/0903_shakethatbubblenow/track.npy,harmonix,4,0.9756888168557536,0.9525316455696202,0.9525316455696202,0.9806451612903226,0.9620253164556962,0.9620253164556962
harmonix/0904_shewolf/track.npy,harmonix,4,0.9972752043596731,0.9945652173913043,0.9945652173913043,0.8469387755102041,0.6666666666666666,0.6666666666666666
harmonix/0906_shutupanddrive/track.npy,harmonix,4,0.9967069154774972,0.9934354485776805,0.9934354485776805,0.9661016949152543,0.8688524590163934,0.8688524590163934
harmonix/0907_skyscraper/track.npy,harmonix,4,0.9986357435197818,0.997275204359673,0.997275204359673,1.0,1.0,1.0
harmonix/0921_stronger/track.npy,harmonix,4,0.9952038369304557,0.9928057553956835,0.9928057553956835,1.0,1.0,1.0
harmonix/0923_sunandmoon/track.npy,harmonix,4,0.9864341085271318,0.9806763285024155,0.9806763285024155,0.7456310679611651,0.748062015503876,0.748062015503876
harmonix/0945_thewayiareradio/track.npy,harmonix,4,0.9863013698630138,0.972972972972973,0.972972972972973,0.9878048780487805,0.9759036144578314,0.9759036144578314
harmonix/0960_umbrella/track.npy,harmonix,4,0.9871244635193133,0.9745762711864406,0.9745762711864406,0.9886363636363636,0.9775280898876404,0.9775280898876404
harmonix/0962_usagainsttheworldjason/track.npy,harmonix,4,1.0,1.0,1.0,1.0,1.0,1.0
harmonix/0981_whenyouregone/track.npy,harmonix,4,0.9981378026070763,0.9962825278810409,0.9962825278810409,1.0,1.0,1.0
harmonix/0989_womanizer/track.npy,harmonix,4,1.0,1.0,1.0,1.0,1.0,1.0
harmonix/1001_yourloveismydrugdave/track.npy,harmonix,4,0.9913978494623656,0.9829424307036247,0.9829424307036247,0.9914529914529915,0.9830508474576272,0.9830508474576272
hjdb/hjdb_2_Bad_Mice_Take_You/track.npy,hjdb,4,1.0,1.0,1.0,1.0,1.0,1.0
hjdb/hjdb_Alright_With_Me/track.npy,hjdb,4,1.0,1.0,1.0,1.0,1.0,1.0
hjdb/hjdb_Bouncing/track.npy,hjdb,4,1.0,1.0,1.0,1.0,1.0,1.0
hjdb/hjdb_Captain_Of_This_Ship/track.npy,hjdb,4,1.0,1.0,1.0,1.0,1.0,1.0
hjdb/hjdb_Champion_Sound_(Doc_Scott_Remix)/track.npy,hjdb,4,1.0,1.0,1.0,1.0,1.0,1.0
hjdb/hjdb_Champion_Sound/track.npy,hjdb,4,0.9975669099756691,0.9951456310679612,0.9951456310679612,1.0,1.0,1.0
hjdb/hjdb_Cold_Fresh_Air_(Remix)/track.npy,hjdb,4,0.9937888198757764,0.9876543209876543,0.9876543209876543,0.975609756097561,0.9523809523809523,0.9523809523809523
hjdb/hjdb_Deep_Cover/track.npy,hjdb,4,1.0,1.0,1.0,1.0,1.0,1.0
hjdb/hjdb_Deep_Love/track.npy,hjdb,4,1.0,1.0,1.0,1.0,1.0,1.0
hjdb/hjdb_Digable_Bass/track.npy,hjdb,4,0.9813084112149533,0.9719626168224299,0.9719626168224299,0.0,0.0,0.0
hjdb/hjdb_Do_It_Together_(The_Baggys_Mix)/track.npy,hjdb,4,1.0,1.0,1.0,1.0,1.0,1.0
hjdb/hjdb_Factor_5/track.npy,hjdb,4,1.0,1.0,1.0,1.0,1.0,1.0
hjdb/hjdb_Give_A_Little_Love_(Remix)/track.npy,hjdb,4,1.0,1.0,1.0,1.0,1.0,1.0
hjdb/hjdb_Gonna_Be_Alright/track.npy,hjdb,4,1.0,1.0,1.0,1.0,1.0,1.0
hjdb/hjdb_Hardcore_Junglism/track.npy,hjdb,4,1.0,1.0,1.0,1.0,1.0,1.0
hjdb/hjdb_I_Need_Your_Lovin/track.npy,hjdb,4,1.0,1.0,1.0,1.0,1.0,1.0
hjdb/hjdb_Incredible_Bass_(Remix)/track.npy,hjdb,4,0.948051948051948,0.935064935064935,0.935064935064935,0.9473684210526315,0.9473684210526315,0.9473684210526315
hjdb/hjdb_Last_Action_Hero/track.npy,hjdb,4,1.0,1.0,1.0,1.0,1.0,1.0
hjdb/hjdb_My_Own_(Hixxy_and_UFO_Remix)/track.npy,hjdb,4,1.0,1.0,1.0,1.0,1.0,1.0
hjdb/hjdb_On_My_Own_(Rmx)/track.npy,hjdb,4,1.0,1.0,1.0,1.0,1.0,1.0
hjdb/hjdb_Rhythm/track.npy,hjdb,4,1.0,1.0,1.0,1.0,1.0,1.0
hjdb/hjdb_Rock_To_The_Groove/track.npy,hjdb,4,1.0,1.0,1.0,1.0,1.0,1.0
hjdb/hjdb_Ruff_(Remix)/track.npy,hjdb,4,1.0,1.0,1.0,0.7719298245614035,0.2571428571428571,0.6046511627906976
hjdb/hjdb_Ruff_Beats/track.npy,hjdb,4,1.0,1.0,1.0,1.0,1.0,1.0
hjdb/hjdb_Ruff/track.npy,hjdb,4,1.0,1.0,1.0,1.0,1.0,1.0
hjdb/hjdb_Screw_Face/track.npy,hjdb,4,1.0,1.0,1.0,1.0,1.0,1.0
hjdb/hjdb_So_Good/track.npy,hjdb,4,1.0,1.0,1.0,1.0,1.0,1.0
hjdb/hjdb_Storm_Trooper/track.npy,hjdb,4,1.0,1.0,1.0,1.0,1.0,1.0
hjdb/hjdb_The_Core/track.npy,hjdb,4,1.0,1.0,1.0,1.0,1.0,1.0
hjdb/hjdb_Trip_II_The_Moon/track.npy,hjdb,4,1.0,1.0,1.0,1.0,1.0,1.0
jaah/jaah_007-bessie_smith_james_p_johnson-black_water_blues/track.npy,jaah,4,0.9567809239940388,0.9642857142857143,0.9642857142857143,0.8452380952380952,0.8809523809523809,0.8809523809523809
jaah/jaah_010-duke_ellington_his_orchestra-blue_serge/track.npy,jaah,4,0.9981167608286252,0.9962406015037594,0.9962406015037594,0.9428571428571428,0.7837837837837838,0.7837837837837838
jaah/jaah_017-duke_ellington_his_orchestra-concerto_for_cootie/track.npy,jaah,4,0.9921507064364207,0.987460815047022,0.987460815047022,1.0,1.0,1.0
jaah/jaah_036-woody_herman_and_his_orchestra-four_brothers/track.npy,jaah,4,0.986100950987564,0.9737991266375546,0.9737991266375546,0.9794721407624634,0.9767441860465116,0.9767441860465116
jaah/jaah_044-chick_webb_and_his_orchestra-harlem_congo/track.npy,jaah,4,0.9612499999999998,0.8733087330873309,0.8733087330873309,0.8592592592592593,0.7635467980295566,0.7635467980295566
jaah/jaah_051-the_benny_goodman_sextet-i_found_a_new_baby_feat_charlie_christian_count_basie/track.npy,jaah,4,1.0,1.0,1.0,0.821917808219178,0.815068493150685,0.815068493150685
jaah/jaah_058-jelly_roll_morton-king_porter_stomp/track.npy,jaah,4,1.0,1.0,1.0,1.0,1.0,1.0
jaah/jaah_062-original_dixieland_jazz_band-livery_stable_blues/track.npy,jaah,4,0.9453376205787781,0.8135245901639344,0.8135245901639344,0.979253112033195,0.9426229508196722,0.9426229508196722
jaah/jaah_075-bud_powell_trio-night_in_tunisia/track.npy,jaah,4,0.9840546697038723,0.9656203288490284,0.9656203288490284,0.9817073170731707,0.9698795180722891,0.9698795180722891
jaah/jaah_082-louis_armstrong_and_his_hot_five-potato_head_blues/track.npy,jaah,4,0.9531568228105907,0.8171206225680934,0.8171206225680934,0.9635627530364372,0.859375,0.859375
jaah/jaah_095-louis_armstrong_and_his_orchestra-swing_that_music/track.npy,jaah,4,0.6666666666666667,0.002296211251435132,0.9908466819221968,0.6605504587155964,0.0,0.9908256880733946
jaah/jaah_101-billie_holiday-these_foolish_things/track.npy,jaah,4,0.9445783132530121,0.933649289099526,0.933649289099526,0.8672566371681416,0.6612903225806451,0.6612903225806451
jaah/jaah_109-cannonball_adderley-work_song/track.npy,jaah,4,0.9831932773109243,0.9712230215827338,0.9712230215827338,0.9360730593607306,0.8,0.8
jaah/jaah_112-ella_fitzgerald-youd_be_so_nice_to_come_home_to/track.npy,jaah,4,0.9841938883034774,0.9459459459459459,0.9459459459459459,1.0,1.0,1.0
rwc/rwc_classical_CD2_01/track.npy,rwc_classical,4,0.8332518337408312,0.5231037489102005,0.5231037489102005,0.6420545746388443,0.1561712846347607,0.5676274944567627
rwc/rwc_classical_CD2_05/track.npy,rwc_classical,4,0.9280742459396751,0.9207807118254879,0.9207807118254879,0.7747440273037542,0.7162162162162162,0.7162162162162162
rwc/rwc_classical_CD4_14/track.npy,rwc_classical,4,0.9711538461538461,0.9615384615384616,0.9615384615384616,0.6578947368421052,0.0,0.9607843137254902
rwc/rwc_classical_CD5_03/track.npy,rwc_classical,4,0.8904761904761905,0.8510838831291234,0.8510838831291234,0.8927203065134101,0.8783269961977186,0.8783269961977186
rwc/rwc_classical_CD5_06/track.npy,rwc_classical,4,0.679144385026738,0.3108108108108108,0.3108108108108108,0.3483870967741936,0.1518987341772152,0.1518987341772152
rwc/rwc_classical_CD6_01/track.npy,rwc_classical,4,0.8503253796095445,0.6385542168674698,0.6385542168674698,0.6454545454545454,0.43859649122807015,0.43859649122807015
rwc/rwc_classical_CD6_02/track.npy,rwc_classical,4,0.6492890995260664,0.1450381679389313,0.25,0.6490066225165564,0.28735632183908044,0.28735632183908044
rwc/rwc_classical_CD6_15/track.npy,rwc_classical,4,0.5641025641025641,0.2780487804878049,0.2780487804878049,0.3402489626556016,0.07194244604316546,0.17647058823529413
rwc/rwc_jazz_CD2_03/track.npy,rwc_jazz,4,0.6005314437555358,0.30186170212765956,0.30186170212765956,0.7015706806282722,0.6907216494845361,0.6907216494845361
rwc/rwc_jazz_CD2_04/track.npy,rwc_jazz,4,0.9071925754060326,0.7136659436008677,0.7136659436008677,0.8287841191066996,0.5151515151515151,0.5151515151515151
rwc/rwc_jazz_CD2_09/track.npy,rwc_jazz,4,0.7459459459459459,0.5541561712846348,0.5541561712846348,0.6666666666666667,0.622093023255814,0.622093023255814
rwc/rwc_jazz_CD3_07/track.npy,rwc_jazz,4,0.9608763693270734,0.9844236760124611,0.9844236760124611,0.975,0.9629629629629629,0.9629629629629629
rwc/rwc_jazz_CD3_10/track.npy,rwc_jazz,4,0.975929978118162,0.967930029154519,0.967930029154519,0.9847494553376905,0.9826086956521739,0.9826086956521739
rwc/rwc_jazz_CD4_02/track.npy,rwc_jazz,4,0.8099808061420344,0.4262295081967213,0.4262295081967213,0.927927927927928,0.8947368421052632,0.8947368421052632
rwc/rwc_popular_CD1_13/track.npy,rwc_popular,4,0.9972067039106145,0.9944289693593314,0.9944289693593314,1.0,1.0,1.0
rwc/rwc_popular_CD2_01/track.npy,rwc_popular,4,0.9986282578875172,0.9972602739726028,0.9972602739726028,0.994535519125683,0.9891304347826086,0.9891304347826086
rwc/rwc_popular_CD2_10/track.npy,rwc_popular,4,0.9980237154150198,0.9960552268244576,0.9960552268244576,1.0,1.0,1.0
rwc/rwc_popular_CD3_01/track.npy,rwc_popular,4,0.98284561049445,0.9818548387096774,0.9818548387096774,0.9878542510121457,0.9919354838709677,0.9919354838709677
rwc/rwc_popular_CD3_05/track.npy,rwc_popular,4,0.9635453895639742,0.9543509272467903,0.9543509272467903,0.4367816091954023,0.4342857142857143,0.4342857142857143
rwc/rwc_popular_CD3_13/track.npy,rwc_popular,4,1.0,1.0,1.0,1.0,1.0,1.0
rwc/rwc_popular_CD4_04/track.npy,rwc_popular,4,0.9969543147208122,0.9939271255060729,0.9939271255060729,1.0,1.0,1.0
rwc/rwc_popular_CD4_06/track.npy,rwc_popular,4,0.9931972789115645,0.9887133182844243,0.9887133182844243,1.0,1.0,1.0
rwc/rwc_popular_CD4_13/track.npy,rwc_popular,4,0.999083409715857,0.9981684981684982,0.9981684981684982,1.0,1.0,1.0
rwc/rwc_popular_CD5_07/track.npy,rwc_popular,4,0.9841269841269842,0.960691823899371,0.960691823899371,0.9905362776025236,0.9874213836477987,0.9874213836477987
rwc/rwc_popular_CD5_08/track.npy,rwc_popular,4,0.9825918762088974,0.9922779922779923,0.9922779922779923,0.5797101449275363,0.4383561643835616,0.4383561643835616
rwc/rwc_popular_CD6_08/track.npy,rwc_popular,4,1.0,1.0,1.0,0.9833333333333334,0.9586776859504132,0.9586776859504132
rwc/rwc_royalty-free_CD1_01/track.npy,rwc_royalty-free,4,0.9850746268656716,0.9705882352941176,0.9705882352941176,0.9914529914529915,0.9830508474576272,0.9830508474576272
rwc/rwc_royalty-free_CD1_07/track.npy,rwc_royalty-free,4,0.987012987012987,0.979381443298969,0.979381443298969,0.9791666666666666,0.9791666666666666,0.9791666666666666
simac/simac_A_vida_me_fez_assim_04-O_passar_dos_anos/track.npy,simac,4,1.0,1.0,1.0,nan,nan,nan
simac/simac_A_vida_me_fez_assim_14-Embala_eu_Samba_de_roda/track.npy,simac,4,1.0,1.0,1.0,nan,nan,nan
simac/simac_Alfagamabetizado_05-Argila/track.npy,simac,4,0.9230769230769231,0.95,0.95,nan,nan,nan
simac/simac_Alfagamabetizado_10-Frases_Ventias/track.npy,simac,4,1.0,1.0,1.0,nan,nan,nan
simac/simac_As_Time_Goes_By_03-blue_moon/track.npy,simac,4,0.9130434782608695,1.0,1.0,nan,nan,nan
simac/simac_As_Time_Goes_By_10-i_used_to_be_colourblind/track.npy,simac,4,0.7333333333333333,1.0,1.0,nan,nan,nan
simac/simac_As_time_goes_by_disk_2_04-Life_is_beautiful/track.npy,simac,4,1.0,1.0,1.0,nan,nan,nan
simac/simac_As_time_goes_by_disk_2_08-My_romance/track.npy,simac,4,1.0,1.0,1.0,nan,nan,nan
simac/simac_BACH_WTC_03-Prelude_and_Fugue_No._2_in_C_minor_BWV_871_-_1._Praeludium/track.npy,simac,4,1.0,1.0,1.0,nan,nan,nan
simac/simac_BACH_WTC_05-Prelude_and_Fugue_No._3_in_C-sharp_major_BWV_872_-_1._Praeludium/track.npy,simac,4,0.7755102040816326,0.41379310344827586,0.41379310344827586,nan,nan,nan
simac/simac_Bach_Bach_-_BWV_639_-_Ich_ruf_zu_dir_Herr_Jesu_Christ/track.npy,simac,4,0.6,0.8666666666666667,0.8666666666666667,nan,nan,nan
simac/simac_Bach_The_Well-Tempered_Clavier_II_(Disc_1)_16-Prelude_and_Fugue_No._8_in_D-sharp_minor_BWV_877_-_2._Fuga/track.npy,simac,4,1.0,1.0,1.0,nan,nan,nan
simac/simac_Bach_The_Well-Tempered_Clavier_II_(Disc_1)_23-Prelude_and_Fugue_No._12_in_F_minor_BWV_881_-_1._Praeludium/track.npy,simac,4,0.8571428571428571,0.4642857142857143,0.4642857142857143,nan,nan,nan
simac/simac_Bach_The_Well-Tempered_Clavier_II_(Disc_2)_08-Prelude_and_Fugue_No._16_G_minor_BWV_885_-_2._Fuga/track.npy,simac,4,0.9818181818181818,0.9285714285714286,0.9285714285714286,nan,nan,nan
simac/simac_Bach_The_Well-Tempered_Clavier_II_(Disc_2)_10-Prelude_and_Fugue_No._17_A-flats_major_BWV_886_-_2._Fuga/track.npy,simac,4,0.9642857142857143,0.9642857142857143,0.9642857142857143,nan,nan,nan
simac/simac_Beethoven_The_String_Quartets_-_CD_3_07-III_Allegretto_-_Maggiore_(Theme_russe)/track.npy,simac,4,0.9014084507042254,0.8421052631578947,0.8421052631578947,nan,nan,nan
simac/simac_Bernstein_conducts_Stravinsky_02-The_augurs_of_spring/track.npy,simac,4,0.9615384615384616,1.0,1.0,nan,nan,nan
simac/simac_Bernstein_conducts_Stravinsky_05-Games_of_the_rival_tribes/track.npy,simac,4,0.6666666666666666,0.0,0.975,nan,nan,nan
simac/simac_Bernstein_conducts_Stravinsky_25-The_masqueraders/track.npy,simac,4,0.5573770491803278,0.0,0.6585365853658537,nan,nan,nan
simac/simac_Cafe_Zimmermann_09-Suite_en_ut_majeur_BWV_1066_-_Forlane/track.npy,simac,4,0.6666666666666666,0.0,0.9565217391304348,nan,nan,nan
simac/simac_Cafe_Zimmermann_11-Suite_en_ut_majeur_BWV_1066_-_Bourres_I_&_II/track.npy,simac,4,1.0,1.0,1.0,nan,nan,nan
simac/simac_Chopin_Piano_Concerto_No._1_etc_03-III_Rondo_(Vivace)/track.npy,simac,4,0.8529411764705882,0.46153846153846156,0.46153846153846156,nan,nan,nan
simac/simac_Classic_Track_04/track.npy,simac,4,0.4782608695652174,0.8695652173913043,0.8695652173913043,nan,nan,nan
simac/simac_Concert_02-2._Vivace/track.npy,simac,4,0.5,0.0,0.0,nan,nan,nan
simac/simac_Concert_24-4._Presto/track.npy,simac,4,0.9743589743589743,0.95,0.95,nan,nan,nan
simac/simac_Ella_&_Louis_10-Cow_Cow_Boogie/track.npy,simac,4,1.0,1.0,1.0,nan,nan,nan
simac/simac_Ella_&_Louis_12-Lover_Come_Back_To_Me/track.npy,simac,4,0.606060606060606,0.015625,0.6811594202898551,nan,nan,nan
simac/simac_Eventail_14-Prld5/track.npy,simac,4,0.4117647058823529,0.0,0.125,nan,nan,nan
simac/simac_Fado_02-AudioTrack_02/track.npy,simac,4,0.983050847457627,0.9666666666666667,0.9666666666666667,nan,nan,nan
simac/simac_Family_Tree_-_Greatest_Hits_As_Chosen_By_Bjork_02-Hyperballad/track.npy,simac,4,0.9117647058823528,1.0,1.0,nan,nan,nan
simac/simac_Family_Tree_-_Greatest_Hits_As_Chosen_By_Bjork_03-You_ve_Been_Flirting_Again/track.npy,simac,4,0.8679245283018868,0.9629629629629629,0.9629629629629629,nan,nan,nan
simac/simac_Fight_To_Win_01-Do_your_best/track.npy,simac,4,1.0,1.0,1.0,nan,nan,nan
simac/simac_Gold_-_Greatest_Hits_04-Mamma_Mia/track.npy,simac,4,1.0,1.0,1.0,nan,nan,nan
simac/simac_Gold_-_Greatest_Hits_12-Fernando/track.npy,simac,4,0.96,1.0,1.0,nan,nan,nan
simac/simac_Gold_-_Greatest_Hits_13-Voulez_Vous/track.npy,simac,4,1.0,1.0,1.0,nan,nan,nan
simac/simac_Ludwid_van_Beethoven_08-IV._Andante_ma_non_troppo_e_molto_cantabile_-_Andante_moderato_e_lusinghiero/track.npy,simac,4,0.92,0.92,0.92,nan,nan,nan
simac/simac_Niandra_LaDes_and_Usually_Just_a_T-Shirt_03-Head_(Beach_Arab)/track.npy,simac,4,0.9473684210526315,1.0,1.0,nan,nan,nan
simac/simac_Niandra_LaDes_and_Usually_Just_a_T-Shirt_07-Mascara/track.npy,simac,4,0.4918032786885246,0.0,0.0,nan,nan,nan
simac/simac_Papakonstantinou_12-AudioTrack_12/track.npy,simac,4,0.6190476190476191,0.0,0.9285714285714286,nan,nan,nan
simac/simac_Papakonstantinou_14-AudioTrack_14/track.npy,simac,4,0.6382978723404255,0.0,0.967741935483871,nan,nan,nan
simac/simac_Primer_Aliento_12-Cita_en_el_asteroide_Eden/track.npy,simac,4,1.0,1.0,1.0,nan,nan,nan
simac/simac_Primer_Aliento_13-Obsesion/track.npy,simac,4,1.0,1.0,1.0,nan,nan,nan
simac/simac_Primer_Aliento_19-El_nacimiento_de_la_industria/track.npy,simac,4,1.0,1.0,1.0,nan,nan,nan
simac/simac_R.A.F.I_03-Black_White/track.npy,simac,4,0.9523809523809523,0.8636363636363636,0.8636363636363636,nan,nan,nan
simac/simac_R.A.F.I_06-Modern_Apprentice/track.npy,simac,4,0.6666666666666666,0.0,0.9736842105263158,nan,nan,nan
simac/simac_Samba_na_Madrugada_07-Perfeito_Amor/track.npy,simac,4,0.2040816326530612,0.03333333333333333,0.13513513513513514,nan,nan,nan
simac/simac_So_Cartola_08-Amor_Proibido/track.npy,simac,4,0.904109589041096,0.8157894736842105,0.8157894736842105,nan,nan,nan
simac/simac_So_Cartola_20-As_Rosas_Nao_Falam/track.npy,simac,4,0.9818181818181818,0.9285714285714286,0.9285714285714286,nan,nan,nan
simac/simac_Songs_Pastora_-_Lola/track.npy,simac,4,1.0,1.0,1.0,nan,nan,nan
simac/simac_Tanto_Tempo_05-Mais_Feliz/track.npy,simac,4,0.8571428571428571,0.9523809523809523,0.9523809523809523,nan,nan,nan
simac/simac_Tanto_Tempo_09-Bananeira/track.npy,simac,4,1.0,1.0,1.0,nan,nan,nan
simac/simac_The_Crackdown_05-Over_and_Over/track.npy,simac,4,0.29333333333333333,0.2631578947368421,0.6842105263157895,nan,nan,nan
simac/simac_Tomatito_Tomatito-06.Caminillo_viejo/track.npy,simac,4,0.6176470588235293,0.0,0.8695652173913043,nan,nan,nan
simac/simac_VOL.3_Musiques_pour_guitare_et_violoncelle_11-Nana/track.npy,simac,4,1.0,1.0,1.0,nan,nan,nan
simac/simac_Xatzidakis_10-AudioTrack_10/track.npy,simac,4,0.6037735849056604,0.02702702702702703,0.02702702702702703,nan,nan,nan
simac/simac_blues_roots_my_jelly_roll_soul/track.npy,simac,4,0.6666666666666666,0.0,0.9666666666666667,nan,nan,nan
simac/simac_greek_01_H_mikri_Rallou/track.npy,simac,4,0.6785714285714285,0.0,1.0,nan,nan,nan
simac/simac_more_greek_03_Efriksen_i_gi/track.npy,simac,4,0.972972972972973,0.9473684210526315,0.9473684210526315,nan,nan,nan
simac/simac_more_greek_08_Hlios/track.npy,simac,4,0.6352941176470588,0.0,0.8421052631578947,nan,nan,nan
simac/simac_more_greek_Ksylouris_-_Evale_o_8eos_simadi/track.npy,simac,4,1.0,1.0,1.0,nan,nan,nan
simac/simac_more_greek_Ksylouris_-_Filentem/track.npy,simac,4,0.4,0.0,0.6,nan,nan,nan
simac/simac_more_greek_Marinella_-_Omorfi_poli/track.npy,simac,4,0.5499999999999999,0.0,0.8148148148148148,nan,nan,nan
simac/simac_more_greek_Mosxoliou_-_Xwrismos/track.npy,simac,4,0.6470588235294118,0.0,0.9347826086956522,nan,nan,nan
simac/simac_more_greek_Mpellou_-_Kane_ligaki_ypomoni/track.npy,simac,4,1.0,1.0,1.0,nan,nan,nan
simac/simac_more_greek_Mpellou_-_Ksimerwnei_kai_vradiazei/track.npy,simac,4,0.7142857142857143,0.08888888888888889,0.8367346938775511,nan,nan,nan
simac/simac_more_greek_Mpellou_-_To_minore_tis_avgis/track.npy,simac,4,0.3870967741935484,0.0,0.6363636363636364,nan,nan,nan
simac/simac_more_greek_Mpellou_-_Zeimpekiko/track.npy,simac,4,0.6545454545454547,0.0,0.9459459459459459,nan,nan,nan
simac/simac_more_greek_Mpi8ikwtsis_-_Paei_o_kairos/track.npy,simac,4,0.9090909090909091,0.9411764705882353,0.9411764705882353,nan,nan,nan
simac/simac_more_greek_Mpi8ikwtsis_Xiwtis_-_Myrtia/track.npy,simac,4,0.6567164179104478,0.0,0.9555555555555556,nan,nan,nan
simac/simac_more_greek_Ninou_-_Apopse_kaneis_mpam/track.npy,simac,4,1.0,1.0,1.0,nan,nan,nan
simac/simac_more_greek_Smokovitis_-_Prwino_tsigaro/track.npy,simac,4,0.5853658536585367,0.0,0.8888888888888888,nan,nan,nan
simac/simac_selected_ambient_works_8592_actium/track.npy,simac,4,1.0,1.0,1.0,nan,nan,nan
simac/simac_selected_ambient_works_8592_ptolemy/track.npy,simac,4,0.983050847457627,0.9666666666666667,0.9666666666666667,nan,nan,nan
simac/simac_selected_ambient_works_8592_we_are_the_music_makers/track.npy,simac,4,0.7536231884057971,0.18604651162790697,0.6666666666666666,nan,nan,nan
smc/smc_002/track.npy,smc,4,0.46052631578947373,0.0,0.0,nan,nan,nan
smc/smc_009/track.npy,smc,4,0.44274809160305345,0.0,0.0,nan,nan,nan
smc/smc_016/track.npy,smc,4,0.8148148148148149,0.975609756097561,0.975609756097561,nan,nan,nan
smc/smc_030/track.npy,smc,4,0.9527896995708154,0.8632478632478633,0.8632478632478633,nan,nan,nan
smc/smc_052/track.npy,smc,4,0.7169811320754716,0.9056603773584906,0.9056603773584906,nan,nan,nan
smc/smc_058/track.npy,smc,4,0.47887323943661975,0.8333333333333334,0.8333333333333334,nan,nan,nan
smc/smc_072/track.npy,smc,4,0.8717948717948718,1.0,1.0,nan,nan,nan
smc/smc_074/track.npy,smc,4,0.5070422535211268,0.0,0.0,nan,nan,nan
smc/smc_087/track.npy,smc,4,0.8527131782945736,0.7391304347826086,0.7391304347826086,nan,nan,nan
smc/smc_105/track.npy,smc,4,0.24528301886792453,0.0,0.32432432432432434,nan,nan,nan
smc/smc_126/track.npy,smc,4,0.9473684210526315,0.9736842105263158,0.9736842105263158,nan,nan,nan
smc/smc_127/track.npy,smc,4,0.4776119402985074,0.1111111111111111,0.2459016393442623,nan,nan,nan
smc/smc_149/track.npy,smc,4,0.41726618705035967,0.0,0.3958333333333333,nan,nan,nan
smc/smc_175/track.npy,smc,4,0.23255813953488372,0.24,0.24,nan,nan,nan
smc/smc_203/track.npy,smc,4,0.2222222222222222,0.0,0.025974025974025976,nan,nan,nan
smc/smc_209/track.npy,smc,4,0.6341463414634146,0.8333333333333334,0.8333333333333334,nan,nan,nan
smc/smc_220/track.npy,smc,4,0.8222222222222222,0.75,0.75,nan,nan,nan
smc/smc_222/track.npy,smc,4,0.5625,0.46153846153846156,0.46153846153846156,nan,nan,nan
smc/smc_227/track.npy,smc,4,0.547945205479452,0.631578947368421,0.631578947368421,nan,nan,nan
smc/smc_229/track.npy,smc,4,0.9318181818181818,1.0,1.0,nan,nan,nan
smc/smc_242/track.npy,smc,4,0.7111111111111111,0.8888888888888888,0.8888888888888888,nan,nan,nan
smc/smc_253/track.npy,smc,4,0.6410256410256411,0.7692307692307693,0.7692307692307693,nan,nan,nan
smc/smc_259/track.npy,smc,4,0.5428571428571428,0.4772727272727273,0.4772727272727273,nan,nan,nan
smc/smc_262/track.npy,smc,4,0.6923076923076923,0.3968253968253968,0.3968253968253968,nan,nan,nan
smc/smc_279/track.npy,smc,4,1.0,1.0,1.0,nan,nan,nan
smc/smc_281/track.npy,smc,4,1.0,1.0,1.0,nan,nan,nan
smc/smc_288/track.npy,smc,4,0.9914529914529915,0.9830508474576272,0.9830508474576272,nan,nan,nan
tapcorrect/004_youtube_IwOfCgkyEj0/track.npy,tapcorrect,4,0.9991189427312775,0.9964788732394366,0.9964788732394366,0.9964664310954063,0.9859154929577465,0.9859154929577465
tapcorrect/007_youtube_9QnUOrTsxXA/track.npy,tapcorrect,4,0.9943342776203966,0.9887323943661972,0.9887323943661972,0.9943502824858756,0.9887640449438202,0.9887640449438202
tapcorrect/009_youtube_hRFLv29K__o/track.npy,tapcorrect,4,1.0,1.0,1.0,0.9707112970711297,0.8861788617886179,0.8861788617886179
tapcorrect/018_youtube_wVyggTKDcOE/track.npy,tapcorrect,4,0.9648382559774965,0.9831460674157303,0.9831460674157303,1.0,1.0,1.0
tapcorrect/026_youtube__X6DCz3pkYA/track.npy,tapcorrect,4,0.9936467598475222,0.9873737373737373,0.9873737373737373,0.9949238578680203,0.98989898989899,0.98989898989899
tapcorrect/038_youtube_eVTXPUF4Oz4/track.npy,tapcorrect,4,0.9900709219858156,0.9858356940509915,0.9858356940509915,0.9942857142857142,0.9886363636363636,0.9886363636363636
tapcorrect/040_youtube_1zrxnqejwCk/track.npy,tapcorrect,4,0.9985315712187959,0.9970631424375918,0.9970631424375918,1.0,1.0,1.0
tapcorrect/056_youtube_alYFdNGVL1E/track.npy,tapcorrect,4,0.829981718464351,0.4482758620689655,0.4482758620689655,0.7532467532467533,0.21875,0.6086956521739131
tapcorrect/058_youtube_c5dwksSbD34/track.npy,tapcorrect,4,0.6503378378378378,0.0037926675094816687,0.9633375474083439,0.9465648854961831,0.9292929292929293,0.9292929292929293
tapcorrect/067_youtube_MbmFqUtK2aw/track.npy,tapcorrect,4,0.8859060402684564,0.7736842105263158,0.7736842105263158,0.978021978021978,0.9565217391304348,0.9565217391304348
tapcorrect/081_youtube_pSdUOTuQzWQ/track.npy,tapcorrect,4,0.728695652173913,0.21664275466284075,0.5275938189845475,0.8956521739130435,0.7606837606837606,0.7606837606837606
tapcorrect/090_youtube_2tmc8rJgxUI/track.npy,tapcorrect,4,0.9462365591397849,0.8239795918367347,0.8239795918367347,0.9513513513513514,0.8350515463917526,0.8350515463917526
tapcorrect/102_youtube_4aiWPx8RU7I/track.npy,tapcorrect,4,0.8743169398907104,0.7766990291262136,0.7766990291262136,0.6985645933014354,0.5428571428571428,0.5428571428571428
asap/Bach_Fugue_bwv_867_HuNY01M/track.npy,asap,5,0.9333333333333333,0.7638888888888888,0.7638888888888888,0.6666666666666666,0.5,0.5
asap/Bach_Fugue_bwv_867_Sham01M/track.npy,asap,5,0.9608540925266905,0.8827586206896552,0.8827586206896552,0.9503546099290779,0.863013698630137,0.863013698630137
asap/Bach_Fugue_bwv_885_Guo01M/track.npy,asap,5,0.7666666666666666,0.4395973154362416,0.4395973154362416,0.38222222222222224,0.041666666666666664,0.04861111111111111
asap/Bach_Fugue_bwv_885_Huang04M/track.npy,asap,5,0.973305954825462,0.9549180327868853,0.9549180327868853,0.1581920903954802,0.0,0.5520833333333334
asap/Bach_Fugue_bwv_885_JeonH01M/track.npy,asap,5,0.42585551330798477,0.14385964912280702,0.17894736842105263,0.1590909090909091,0.03825136612021858,0.03825136612021858
asap/Bach_Fugue_bwv_885_SINKEV06/track.npy,asap,5,0.08368200836820083,0.21161825726141079,0.21161825726141079,0.09473684210526316,0.1559633027522936,0.1559633027522936
asap/Bach_Fugue_bwv_892_Hou01M/track.npy,asap,5,0.9950980392156863,0.9804878048780488,0.9804878048780488,0.9950738916256158,0.9901960784313726,0.9901960784313726
asap/Bach_Fugue_bwv_892_KabuliL01M/track.npy,asap,5,0.9975308641975309,0.9901477832512315,0.9901477832512315,0.9950738916256158,0.9803921568627451,0.9803921568627451
asap/Bach_Prelude_bwv_874_BianF01M/track.npy,asap,5,1.0,1.0,1.0,0.6666666666666666,0.0,0.9907407407407407
asap/Bach_Prelude_bwv_874_WongWY01M/track.npy,asap,5,0.9931034482758622,0.9954128440366973,0.9954128440366973,0.6503067484662577,0.0,0.981651376146789
asap/Bach_Prelude_bwv_875_Ahfat01M/track.npy,asap,5,0.8514285714285713,0.7206703910614525,0.7206703910614525,0.8141592920353982,0.7543859649122807,0.7543859649122807
asap/Bach_Prelude_bwv_875_CaoJ01M/track.npy,asap,5,0.962536023054755,0.9142857142857143,0.9142857142857143,0.9827586206896551,1.0,1.0
asap/Bach_Prelude_bwv_875_HONG04M/track.npy,asap,5,0.9442815249266862,0.9127906976744186,0.9127906976744186,0.8305084745762712,0.7,0.7
asap/Beethoven_Piano_Sonatas_12-1_Kleisen05M/track.npy,asap,5,0.9101978691019786,0.848575712143928,0.848575712143928,0.5222672064777328,0.2517985611510791,0.2517985611510791
asap/Beethoven_Piano_Sonatas_21-3_KimSY04M/track.npy,asap,5,0.9337121212121212,0.859925788497217,0.859925788497217,0.6967592592592593,0.2189239332096475,0.4584615384615385
asap/Beethoven_Piano_Sonatas_21-3_Sekino05M/track.npy,asap,5,0.8877455565949485,0.7411873840445269,0.7411873840445269,0.6283084004602991,0.17996289424860853,0.37272727272727274
asap/Beethoven_Piano_Sonatas_21-3_YOO05M/track.npy,asap,5,0.8969024503005086,0.8195211786372008,0.8195211786372008,0.6326767091541134,0.1614100185528757,0.4351851851851852
asap/Beethoven_Piano_Sonatas_26-2_LEE_K05M/track.npy,asap,5,0.4429530201342282,0.013888888888888888,0.35648148148148145,0.39285714285714285,0.023622047244094488,0.07874015748031496
asap/Beethoven_Piano_Sonatas_28-1_KimHJ02M/track.npy,asap,5,0.7101123595505618,0.5102040816326531,0.5102040816326531,0.616,0.24,0.31155778894472363
asap/Beethoven_Piano_Sonatas_28-1_KyykhynenT06M/track.npy,asap,5,0.7637231503579952,0.680365296803653,0.680365296803653,0.5025641025641027,0.42,0.42
asap/Beethoven_Piano_Sonatas_28-1_WangY04M/track.npy,asap,5,0.7488151658767773,0.6306306306306306,0.6306306306306306,0.6372549019607844,0.6442307692307693,0.6442307692307693
asap/Beethoven_Piano_Sonatas_31-1_ADIG05M/track.npy,asap,5,0.6837606837606838,0.14309764309764308,0.6281112737920937,0.46582278481012657,0.06405693950177936,0.06405693950177936
asap/Beethoven_Piano_Sonatas_31-1_AbdelmoulaJS03M/track.npy,asap,5,0.6761177753544165,0.17043478260869566,0.5461200585651538,0.4602272727272728,0.07563025210084033,0.1638655462184874
asap/Beethoven_Piano_Sonatas_31-1_Ahfat02M/track.npy,asap,5,0.6149312377210217,0.07988165680473373,0.5797950219619327,0.43783783783783786,0.0546875,0.05859375
asap/Beethoven_Piano_Sonatas_31-1_BrendleA03M/track.npy,asap,5,0.6430868167202572,0.1319796954314721,0.5402635431918009,0.4823848238482384,0.08627450980392157,0.1568627450980392
asap/Beethoven_Piano_Sonatas_31-1_HuangSW08M/track.npy,asap,5,0.6616702355460385,0.13851351351351351,0.6281112737920937,0.4230769230769231,0.050505050505050504,0.1762114537444934
asap/Beethoven_Piano_Sonatas_31-1_LeungM03M/track.npy,asap,5,0.6554267650158061,0.11037891268533773,0.616398243045388,0.538243626062323,0.11715481171548117,0.200836820083682
asap/Beethoven_Piano_Sonatas_31-1_Na06M/track.npy,asap,5,0.6548488008342023,0.11993517017828201,0.6076134699853587,0.525679758308157,0.10599078341013825,0.2290748898678414
asap/Beethoven_Piano_Sonatas_31-1_Zuber04M/track.npy,asap,5,0.6038500506585615,0.06666666666666667,0.5929721815519766,0.33532934131736525,0.01818181818181818,0.1762114537444934
asap/Chopin_Ballades_1_BuiJL04M/track.npy,asap,5,0.6408193123628384,0.31197771587743733,0.31197771587743733,0.6175438596491228,0.38436482084690554,0.38436482084690554
asap/Chopin_Ballades_1_JIA06M/track.npy,asap,5,0.5894448252227552,0.1903584672435105,0.1903584672435105,0.5559440559440559,0.28802588996763756,0.28802588996763756
asap/Chopin_Ballades_1_KimSuyeon04M/track.npy,asap,5,0.617283950617284,0.22277227722772278,0.22277227722772278,0.5352112676056338,0.28852459016393445,0.28852459016393445
asap/Chopin_Ballades_1_Mo07M/track.npy,asap,5,0.5979899497487439,0.16755037115588547,0.16755037115588547,0.4904347826086957,0.2724358974358974,0.2724358974358974
asap/Chopin_Ballades_1_MunA19M/track.npy,asap,5,0.6141538461538462,0.20326864147088866,0.20326864147088866,0.5,0.2206703910614525,0.2206703910614525
asap/Chopin_Ballades_1_Richardson13M/track.npy,asap,5,0.5994865211810013,0.1705170517051705,0.1705170517051705,0.5183823529411765,0.24199288256227758,0.24199288256227758
asap/Chopin_Ballades_1_Sladek04M/track.npy,asap,5,0.6406035665294926,0.27037037037037037,0.27037037037037037,0.5380333951762523,0.33935018050541516,0.33935018050541516
asap/Chopin_Ballades_1_Zhou06M/track.npy,asap,5,0.6331994645247657,0.259478672985782,0.259478672985782,0.48581560283687947,0.2757475083056478,0.2757475083056478
asap/Chopin_Ballades_4_ChenC04M/track.npy,asap,5,0.6223207686622321,0.2565864833906071,0.2565864833906071,0.48872180451127817,0.2534246575342466,0.2534246575342466
asap/Chopin_Ballades_4_Kociuban07M/track.npy,asap,5,0.6031294452347084,0.252972972972973,0.252972972972973,0.4553415061295972,0.24242424242424243,0.24242424242424243
asap/Chopin_Ballades_4_Levitsky18M/track.npy,asap,5,0.6082474226804123,0.2619589977220957,0.2619589977220957,0.5124282982791587,0.30742049469964666,0.30742049469964666
asap/Chopin_Ballades_4_LuEric04M/track.npy,asap,5,0.6179693206720234,0.25871766029246346,0.25871766029246346,0.4846153846153846,0.24642857142857144,0.24642857142857144
asap/Chopin_Ballades_4_MiyashitaM04M/track.npy,asap,5,0.6276276276276276,0.3075117370892019,0.3075117370892019,0.5051395007342144,0.16326530612244897,0.302713987473904
asap/Chopin_Ballades_4_Mizumoto02M/track.npy,asap,5,0.5985815602836878,0.25053763440860216,0.25053763440860216,0.4557823129251701,0.23850574712643677,0.23850574712643677
asap/Chopin_Ballades_4_Nikiforov13M/track.npy,asap,5,0.6245239908606245,0.24849939975990396,0.24849939975990396,0.398576512455516,0.08074534161490683,0.25052192066805845
asap/Chopin_Etudes_op_25_10_Guo02M/track.npy,asap,5,0.8339768339768341,0.6564102564102564,0.6564102564102564,0.5204460966542751,0.2679738562091503,0.2679738562091503
asap/Chopin_Etudes_op_25_10_Ozel05M/track.npy,asap,5,0.7973856209150326,0.6743589743589744,0.6743589743589744,0.46263345195729544,0.13414634146341464,0.22746781115879827
asap/Chopin_Etudes_op_25_10_WangA03M/track.npy,asap,5,0.7464607464607466,0.5604113110539846,0.5604113110539846,0.46093749999999994,0.2571428571428571,0.2571428571428571
asap/Haydn_Keyboard_Sonatas_48-1_GarritsonL02M/track.npy,asap,5,0.7919463087248322,0.6007067137809188,0.6007067137809188,0.7213114754098361,0.5120772946859904,0.5120772946859904
asap/Haydn_Keyboard_Sonatas_48-1_PrjevalskayaM02M/track.npy,asap,5,0.8384458077709611,0.7270916334661355,0.7270916334661355,0.7658227848101267,0.7044025157232704,0.7044025157232704
asap/Liszt_Gran_Etudes_de_Paganini_6_Theme_and_Variations_repeat_KanM09M/track.npy,asap,5,0.769990128331688,0.47560975609756095,0.47560975609756095,0.7702407002188183,0.6638655462184874,0.6638655462184874
asap/Schubert_Impromptu_op.90_D.899_3_LEE_K04M/track.npy,asap,5,0.8596750369276217,0.9352941176470588,0.9352941176470588,0.9294117647058824,0.9764705882352941,0.9764705882352941
asap/Schubert_Piano_Sonatas_664-3_KabuliL12M/track.npy,asap,5,0.6831683168316832,0.23506988564167725,0.23506988564167725,0.5790554414784395,0.2773722627737226,0.2773722627737226
asap/Schubert_Wanderer_fantasie_Larionova05M/track.npy,asap,5,0.7551760939167557,0.47684605757196497,0.47684605757196497,0.6280788177339902,0.21782178217821782,0.2813156053184045
asap/Schubert_Wanderer_fantasie_SunY10M/track.npy,asap,5,0.7963551599915236,0.5289945765540258,0.5289945765540258,0.6856796116504854,0.2947481243301179,0.2947481243301179
asap/Schumann_Kreisleriana_1_ParkJH04M/track.npy,asap,5,0.6713043478260871,0.27988338192419826,0.31101511879049676,0.43795620437956206,0.1962025316455696,0.20346320346320346
asap/Schumann_Kreisleriana_1_Yarden09M/track.npy,asap,5,0.45168067226890757,0.01808066759388039,0.2809457579972184,0.3282674772036474,0.014084507042253521,0.3116883116883117
asap/Schumann_Toccata_WangY07M/track.npy,asap,5,0.728717366628831,0.3914767096134787,0.3914767096134787,0.681404421326398,0.6326530612244898,0.6326530612244898
asap/Schumann_Toccata_no_repeat_DupreeF13M/track.npy,asap,5,0.7476635514018691,0.5935483870967742,0.5935483870967742,0.7458866544789762,0.7992831541218638,0.7992831541218638
asap/Scriabin_Sonatas_5_ChernovA06M/track.npy,asap,5,0.5030274802049371,0.21294718909710392,0.21294718909710392,0.30065359477124176,0.19916142557651992,0.19916142557651992
asap/Scriabin_Sonatas_5_FaB05M/track.npy,asap,5,0.4726581074655254,0.1776375112714157,0.1776375112714157,0.33958724202626644,0.125,0.125
asap/Scriabin_Sonatas_5_GarritsonL06M/track.npy,asap,5,0.5227934044616876,0.22565543071161048,0.22565543071161048,0.31508379888268156,0.16666666666666666,0.16666666666666666
asap/Scriabin_Sonatas_5_Ko07M/track.npy,asap,5,0.5417066155321189,0.27049180327868855,0.27049180327868855,0.2813186813186813,0.14099783080260303,0.16268980477223427
asap/Scriabin_Sonatas_5_Na07M/track.npy,asap,5,0.5411020776874436,0.2721311475409836,0.2721311475409836,0.29629629629629634,0.21264367816091953,0.21264367816091953
asap/Scriabin_Sonatas_5_Yeletskiy07M/track.npy,asap,5,0.5644567219152855,0.2679628064243449,0.2679628064243449,0.3103081827842721,0.1643002028397566,0.1643002028397566
ballroom/ballroom_Albums-AnaBelen_Veneo-02/track.npy,ballroom,5,0.963855421686747,0.9761904761904762,0.9761904761904762,1.0,1.0,1.0
ballroom/ballroom_Albums-Ballroom_Classics4-03/track.npy,ballroom,5,0.8888888888888888,0.9722222222222222,0.9722222222222222,0.9166666666666666,1.0,1.0
ballroom/ballroom_Albums-Ballroom_Classics4-04/track.npy,ballroom,5,1.0,1.0,1.0,1.0,1.0,1.0
ballroom/ballroom_Albums-Ballroom_Classics4-13/track.npy,ballroom,5,0.9103448275862068,0.8904109589041096,0.8904109589041096,0.9166666666666666,1.0,1.0
ballroom/ballroom_Albums-Ballroom_Magic-01/track.npy,ballroom,5,0.9855072463768115,0.9714285714285714,0.9714285714285714,1.0,1.0,1.0
ballroom/ballroom_Albums-Ballroom_Magic-06/track.npy,ballroom,5,1.0,1.0,1.0,1.0,1.0,1.0
ballroom/ballroom_Albums-Ballroom_Magic-07/track.npy,ballroom,5,0.9906542056074767,0.9814814814814815,0.9814814814814815,1.0,1.0,1.0
ballroom/ballroom_Albums-Cafe_Paradiso-04/track.npy,ballroom,5,1.0,1.0,1.0,1.0,1.0,1.0
ballroom/ballroom_Albums-Cafe_Paradiso-09/track.npy,ballroom,5,1.0,1.0,1.0,1.0,1.0,1.0
ballroom/ballroom_Albums-Chrisanne1-05/track.npy,ballroom,5,0.9814814814814815,0.9814814814814815,0.9814814814814815,0.9285714285714286,1.0,1.0
ballroom/ballroom_Albums-Chrisanne1-13/track.npy,ballroom,5,1.0,1.0,1.0,1.0,1.0,1.0
ballroom/ballroom_Albums-Chrisanne3-07/track.npy,ballroom,5,0.993103448275862,0.9726027397260274,0.9726027397260274,0.9795918367346939,0.96,0.96
ballroom/ballroom_Albums-Fire-01/track.npy,ballroom,5,0.9902912621359222,0.9807692307692307,0.9807692307692307,1.0,1.0,1.0
ballroom/ballroom_Albums-Fire-08/track.npy,ballroom,5,0.9904761904761905,0.9811320754716981,0.9811320754716981,1.0,1.0,1.0
ballroom/ballroom_Albums-Latin_Jam2-08/track.npy,ballroom,5,1.0,1.0,1.0,1.0,1.0,1.0
ballroom/ballroom_Albums-Latin_Jam3-04/track.npy,ballroom,5,1.0,1.0,1.0,1.0,1.0,1.0
ballroom/ballroom_Albums-Latin_Jam3-07/track.npy,ballroom,5,0.9885057471264368,0.9772727272727273,0.9772727272727273,1.0,1.0,1.0
ballroom/ballroom_Albums-Latin_Jam3-08/track.npy,ballroom,5,0.9885057471264368,0.9772727272727273,0.9772727272727273,0.9523809523809523,0.9090909090909091,0.9090909090909091
ballroom/ballroom_Albums-Latin_Jam4-12/track.npy,ballroom,5,1.0,1.0,1.0,1.0,1.0,1.0
ballroom/ballroom_Albums-Macumba-01/track.npy,ballroom,5,1.0,1.0,1.0,1.0,1.0,1.0
ballroom/ballroom_Albums-Macumba-02/track.npy,ballroom,5,0.9902912621359222,0.9807692307692307,0.9807692307692307,1.0,1.0,1.0
ballroom/ballroom_Albums-Pais_Tropical-01/track.npy,ballroom,5,1.0,1.0,1.0,1.0,1.0,1.0
ballroom/ballroom_Albums-Pais_Tropical-04/track.npy,ballroom,5,1.0,1.0,1.0,1.0,1.0,1.0
ballroom/ballroom_Albums-Pais_Tropical-16/track.npy,ballroom,5,1.0,1.0,1.0,0.21621621621621623,0.15789473684210525,0.6842105263157895
ballroom/ballroom_Albums-Step_By_Step-07/track.npy,ballroom,5,1.0,1.0,1.0,1.0,1.0,1.0
ballroom/ballroom_Albums-StrictlyDancing_Tango-01/track.npy,ballroom,5,1.0,1.0,1.0,1.0,1.0,1.0
ballroom/ballroom_Albums-StrictlyDancing_Tango-09/track.npy,ballroom,5,0.9904761904761905,0.9811320754716981,0.9811320754716981,1.0,1.0,1.0
ballroom/ballroom_Albums-StrictlyDancing_Tango-14/track.npy,ballroom,5,1.0,1.0,1.0,1.0,1.0,1.0
ballroom/ballroom_Media-103402/track.npy,ballroom,5,1.0,1.0,1.0,1.0,1.0,1.0
ballroom/ballroom_Media-103512/track.npy,ballroom,5,1.0,1.0,1.0,1.0,1.0,1.0
ballroom/ballroom_Media-103610/track.npy,ballroom,5,0.967032967032967,0.9361702127659575,0.9361702127659575,1.0,1.0,1.0
ballroom/ballroom_Media-103714/track.npy,ballroom,5,0.8593750000000001,0.5205479452054794,0.5205479452054794,0.6896551724137931,0.16666666666666666,0.5454545454545454
ballroom/ballroom_Media-103717/track.npy,ballroom,5,0.9841269841269841,0.96875,0.96875,1.0,1.0,1.0
ballroom/ballroom_Media-103816/track.npy,ballroom,5,1.0,1.0,1.0,1.0,1.0,1.0
ballroom/ballroom_Media-103819/track.npy,ballroom,5,1.0,1.0,1.0,1.0,1.0,1.0
ballroom/ballroom_Media-103904/track.npy,ballroom,5,1.0,1.0,1.0,0.0,0.0,0.9
ballroom/ballroom_Media-103906/track.npy,ballroom,5,1.0,1.0,1.0,1.0,1.0,1.0
ballroom/ballroom_Media-103909/track.npy,ballroom,5,0.9902912621359222,0.9807692307692307,0.9807692307692307,0.9600000000000001,0.9230769230769231,0.9230769230769231
ballroom/ballroom_Media-103918/track.npy,ballroom,5,0.9915966386554621,0.9833333333333333,0.9833333333333333,1.0,1.0,1.0
ballroom/ballroom_Media-104110/track.npy,ballroom,5,1.0,1.0,1.0,1.0,1.0,1.0
ballroom/ballroom_Media-104115/track.npy,ballroom,5,0.9876543209876543,0.975609756097561,0.975609756097561,1.0,1.0,1.0
ballroom/ballroom_Media-104116/track.npy,ballroom,5,0.9911504424778761,0.9824561403508771,0.9824561403508771,0.9655172413793104,0.9333333333333333,0.9333333333333333
ballroom/ballroom_Media-104119/track.npy,ballroom,5,0.993103448275862,0.9863013698630136,0.9863013698630136,0.7906976744186047,0.4,0.42857142857142855
ballroom/ballroom_Media-104205/track.npy,ballroom,5,1.0,1.0,1.0,1.0,1.0,1.0
ballroom/ballroom_Media-104302/track.npy,ballroom,5,0.9032258064516129,0.8235294117647058,0.8235294117647058,0.9523809523809523,0.9090909090909091,0.9090909090909091
ballroom/ballroom_Media-104304/track.npy,ballroom,5,1.0,1.0,1.0,1.0,1.0,1.0
ballroom/ballroom_Media-104309/track.npy,ballroom,5,1.0,1.0,1.0,1.0,1.0,1.0
ballroom/ballroom_Media-104316/track.npy,ballroom,5,0.9942196531791908,0.9885057471264368,0.9885057471264368,0.9767441860465117,0.9545454545454546,0.9545454545454546
ballroom/ballroom_Media-104402/track.npy,ballroom,5,1.0,1.0,1.0,1.0,1.0,1.0
ballroom/ballroom_Media-104503/track.npy,ballroom,5,1.0,1.0,1.0,1.0,1.0,1.0
ballroom/ballroom_Media-104608/track.npy,ballroom,5,0.9931972789115647,0.9864864864864865,0.9864864864864865,1.0,1.0,1.0
ballroom/ballroom_Media-104718/track.npy,ballroom,5,0.9828571428571428,0.9659090909090909,0.9659090909090909,0.9767441860465117,0.9545454545454546,0.9545454545454546
ballroom/ballroom_Media-105003/track.npy,ballroom,5,0.8450704225352113,0.8611111111111112,0.8611111111111112,0.9523809523809523,0.9090909090909091,0.9090909090909091
ballroom/ballroom_Media-105006/track.npy,ballroom,5,0.7931034482758621,0.6571428571428571,0.6571428571428571,0.8,0.6666666666666666,0.6666666666666666
ballroom/ballroom_Media-105010/track.npy,ballroom,5,0.9933774834437086,0.9868421052631579,0.9868421052631579,0.9803921568627451,0.9615384615384616,0.9615384615384616
ballroom/ballroom_Media-105104/track.npy,ballroom,5,1.0,1.0,1.0,1.0,1.0,1.0
ballroom/ballroom_Media-105120/track.npy,ballroom,5,0.9941520467836257,0.9883720930232558,0.9883720930232558,1.0,1.0,1.0
ballroom/ballroom_Media-105303/track.npy,ballroom,5,1.0,1.0,1.0,1.0,1.0,1.0
ballroom/ballroom_Media-105306/track.npy,ballroom,5,0.9811320754716981,0.9811320754716981,0.9811320754716981,1.0,1.0,1.0
ballroom/ballroom_Media-105309/track.npy,ballroom,5,0.9932885906040269,0.9866666666666667,0.9866666666666667,1.0,1.0,1.0
ballroom/ballroom_Media-105314/track.npy,ballroom,5,0.988095238095238,0.9294117647058824,0.9294117647058824,0.975609756097561,0.9523809523809523,0.9523809523809523
ballroom/ballroom_Media-105315/track.npy,ballroom,5,0.9883720930232558,0.9770114942528736,0.9770114942528736,1.0,1.0,1.0
ballroom/ballroom_Media-105410/track.npy,ballroom,5,0.9743589743589743,0.9743589743589743,0.9743589743589743,1.0,1.0,1.0
ballroom/ballroom_Media-105413/track.npy,ballroom,5,0.9924812030075187,0.9850746268656716,0.9850746268656716,0.9696969696969697,0.9411764705882353,0.9411764705882353
ballroom/ballroom_Media-105416/track.npy,ballroom,5,0.9863013698630138,0.972972972972973,0.972972972972973,0.6428571428571429,0.0,0.8947368421052632
ballroom/ballroom_Media-105504/track.npy,ballroom,5,0.9444444444444444,1.0,1.0,0.9166666666666666,1.0,1.0
ballroom/ballroom_Media-105510/track.npy,ballroom,5,0.9863013698630138,0.972972972972973,0.972972972972973,0.9795918367346939,0.96,0.96
ballroom/ballroom_Media-105511/track.npy,ballroom,5,0.9932885906040269,0.9866666666666667,0.9866666666666667,1.0,1.0,1.0
ballroom/ballroom_Media-105517/track.npy,ballroom,5,0.988095238095238,0.9764705882352941,0.9764705882352941,0.975609756097561,0.9523809523809523,0.9523809523809523
ballroom/ballroom_Media-105518/track.npy,ballroom,5,0.988095238095238,0.9764705882352941,0.9764705882352941,1.0,1.0,1.0
ballroom/ballroom_Media-105606/track.npy,ballroom,5,0.988235294117647,0.9767441860465116,0.9767441860465116,1.0,1.0,1.0
ballroom/ballroom_Media-105611/track.npy,ballroom,5,0.9885057471264368,0.9772727272727273,0.9772727272727273,0.9523809523809523,0.9090909090909091,0.9090909090909091
ballroom/ballroom_Media-105615/track.npy,ballroom,5,0.9887640449438202,0.9777777777777777,0.9777777777777777,1.0,1.0,1.0
ballroom/ballroom_Media-105701/track.npy,ballroom,5,0.9866666666666666,0.9736842105263158,0.9736842105263158,1.0,1.0,1.0
ballroom/ballroom_Media-105708/track.npy,ballroom,5,0.9798657718120806,0.9605263157894737,0.9605263157894737,0.9795918367346939,0.96,0.96
ballroom/ballroom_Media-105802/track.npy,ballroom,5,1.0,1.0,1.0,1.0,1.0,1.0
ballroom/ballroom_Media-105807/track.npy,ballroom,5,0.9906542056074767,0.9814814814814815,0.9814814814814815,0.962962962962963,0.9285714285714286,0.9285714285714286
ballroom/ballroom_Media-105816/track.npy,ballroom,5,0.9940828402366864,0.9882352941176471,0.9882352941176471,1.0,1.0,1.0
ballroom/ballroom_Media-105818/track.npy,ballroom,5,1.0,1.0,1.0,1.0,1.0,1.0
ballroom/ballroom_Media-106007/track.npy,ballroom,5,0.9811320754716981,0.9629629629629629,0.9629629629629629,1.0,1.0,1.0
ballroom/ballroom_Media-106012/track.npy,ballroom,5,0.9761904761904763,0.9534883720930233,0.9534883720930233,0.9523809523809523,0.9090909090909091,0.9090909090909091
ballroom/ballroom_Media-106103/track.npy,ballroom,5,0.9811320754716981,0.9629629629629629,0.9629629629629629,1.0,1.0,1.0
ballroom/ballroom_Media-106104/track.npy,ballroom,5,0.9811320754716981,0.9629629629629629,0.9629629629629629,0.962962962962963,0.9285714285714286,0.9285714285714286
ballroom/ballroom_Media-106105/track.npy,ballroom,5,0.9807692307692307,0.9622641509433962,0.9622641509433962,1.0,1.0,1.0
ballroom/ballroom_Media-106118/track.npy,ballroom,5,0.8378378378378378,0.4418604651162791,0.4418604651162791,0.631578947368421,0.0,0.6
beatles/beatles_01_Please_Please_Me_08_Love_Me_Do/track.npy,beatles,5,0.9519230769230769,0.8276923076923077,0.8276923076923077,1.0,1.0,1.0
beatles/beatles_01_Please_Please_Me_10_Baby_Its_You/track.npy,beatles,5,1.0,1.0,1.0,1.0,1.0,1.0
beatles/beatles_02_With_the_Beatles_12_Devil_In_Her_Heart/track.npy,beatles,5,1.0,1.0,1.0,1.0,1.0,1.0
beatles/beatles_02_With_the_Beatles_13_Not_A_Second_Time/track.npy,beatles,5,0.995967741935484,0.9919678714859438,0.9919678714859438,1.0,1.0,1.0
beatles/beatles_03_A_Hard_Days_Night_11_When_I_Get_Home/track.npy,beatles,5,0.9981167608286252,0.9962406015037594,0.9962406015037594,1.0,1.0,1.0
beatles/beatles_03_A_Hard_Days_Night_12_You_Cant_Do_That/track.npy,beatles,5,0.9887640449438203,0.9808917197452229,0.9808917197452229,0.9871794871794872,0.9746835443037974,0.9746835443037974
beatles/beatles_04_Beatles_for_Sale_12_I_Dont_Want_to_Spoil_the_Party/track.npy,beatles,5,1.0,1.0,1.0,1.0,1.0,1.0
beatles/beatles_05_Help_02_The_Night_Before/track.npy,beatles,5,0.9987730061349693,0.9950980392156863,0.9950980392156863,1.0,1.0,1.0
beatles/beatles_05_Help_10_You_Like_Me_Too_Much/track.npy,beatles,5,0.658307210031348,0.002364066193853428,0.958139534883721,0.882051282051282,0.6226415094339622,0.6226415094339622
beatles/beatles_06_Rubber_Soul_10_Im_Looking_Through_You/track.npy,beatles,5,0.664406779661017,0.0,0.9923857868020305,0.6666666666666666,0.0,0.9897959183673469
beatles/beatles_06_Rubber_Soul_13_If_I_Needed_Someone/track.npy,beatles,5,0.998211091234347,0.9964285714285714,0.9964285714285714,1.0,1.0,1.0
beatles/beatles_07_Revolver_03_Im_Only_Sleeping/track.npy,beatles,5,0.972318339100346,0.9692832764505119,0.9692832764505119,0.9726027397260274,0.972972972972973,0.972972972972973
beatles/beatles_07_Revolver_08_Good_Day_Sunshine/track.npy,beatles,5,0.983050847457627,0.9747899159663865,0.9747899159663865,0.9322033898305084,0.9166666666666666,0.9166666666666666
beatles/beatles_08_Sgt_Peppers_Lonely_Hearts_Club_Band_07_Being_For_The_Benefit_Of_Mr_Kite/track.npy,beatles,5,0.9762711864406781,0.9496644295302014,0.9496644295302014,0.9875,0.9629629629629629,0.9629629629629629
beatles/beatles_09_Magical_Mystery_Tour_06_I_Am_The_Walrus/track.npy,beatles,5,0.9857697283311773,0.9974160206718347,0.9974160206718347,0.9895833333333334,1.0,1.0
beatles/beatles_09_Magical_Mystery_Tour_07_Hello_Goodbye/track.npy,beatles,5,0.996969696969697,0.9939577039274925,0.9939577039274925,0.8275862068965517,0.423728813559322,0.423728813559322
beatles/beatles_10_CD1_The_Beatles_16_I_Will/track.npy,beatles,5,0.9910447761194029,0.9822485207100592,0.9822485207100592,1.0,1.0,1.0
beatles/beatles_10_CD2_The_Beatles_01_Birthday/track.npy,beatles,5,1.0,1.0,1.0,1.0,1.0,1.0
beatles/beatles_10_CD2_The_Beatles_13_Good_Night/track.npy,beatles,5,0.8666666666666667,0.9948717948717949,0.9948717948717949,0.5655172413793104,0.0,0.9381443298969072
beatles/beatles_11_Abbey_Road_12_Polythene_Pam/track.npy,beatles,5,0.9696969696969697,0.8770053475935828,0.8770053475935828,0.9545454545454545,0.8260869565217391,0.8260869565217391
beatles/beatles_11_Abbey_Road_15_Carry_That_Weight/track.npy,beatles,5,1.0,1.0,1.0,1.0,1.0,1.0
beatles/beatles_12_Let_It_Be_11_For_You_Blue/track.npy,beatles,5,0.9967213114754099,0.9967213114754099,0.9967213114754099,1.0,1.0,1.0
beatles/beatles_12_Let_It_Be_12_Get_Back/track.npy,beatles,5,0.9821138211382113,0.987012987012987,0.987012987012987,0.9146341463414633,0.735632183908046,0.735632183908046
candombe/csic.1995_ansina2_01/track.npy,candombe,5,1.0,1.0,1.0,1.0,1.0,1.0
candombe/csic.1995_cuareim_01/track.npy,candombe,5,0.9993674889310563,0.9987357774968394,0.9987357774968394,1.0,1.0,1.0
candombe/zavala.muniz.2014_41/track.npy,candombe,5,1.0,1.0,1.0,1.0,1.0,1.0
candombe/zavala.muniz.2014_47/track.npy,candombe,5,0.9986168741355463,0.9972375690607734,0.9972375690607734,1.0,1.0,1.0
filosax/filosax_02/track.npy,filosax,5,0.998587570621469,1.0,1.0,0.9943502824858758,1.0,1.0
filosax/filosax_03/track.npy,filosax,5,0.9990128331688055,0.998025666337611,0.998025666337611,1.0,1.0,1.0
filosax/filosax_22/track.npy,filosax,5,0.9974248927038627,0.9931389365351629,0.9931389365351629,0.9965635738831615,1.0,1.0
filosax/filosax_36/track.npy,filosax,5,1.0,1.0,1.0,1.0,1.0,1.0
filosax/filosax_37/track.npy,filosax,5,0.9962962962962962,0.992619926199262,0.992619926199262,0.9975308641975309,0.9950738916256158,0.9950738916256158
filosax/filosax_45/track.npy,filosax,5,0.9953795379537953,0.9816031537450722,0.9816031537450722,0.9868766404199475,0.9528795811518325,0.9528795811518325
groove_midi/drummer10_session1_10_jazz-swing_110_beat_4-4/track.npy,groove_midi,5,0.9935897435897435,0.9936102236421726,0.9936102236421726,0.6162790697674418,0.39361702127659576,0.39361702127659576
groove_midi/drummer10_session1_4_jazz-swing_215_beat_4-4/track.npy,groove_midi,5,0.9964912280701755,0.986013986013986,0.986013986013986,0.9859154929577464,0.9722222222222222,0.9722222222222222
groove_midi/drummer1_eval_session_3_soul-groove3_86_beat_4-4/track.npy,groove_midi,5,1.0,1.0,1.0,1.0,1.0,1.0
groove_midi/drummer1_session1_184_reggae_78_beat_4-4/track.npy,groove_midi,5,0.9965156794425087,0.9930555555555556,0.9930555555555556,1.0,1.0,1.0
groove_midi/drummer1_session1_1_funk_80_beat_4-4/track.npy,groove_midi,5,0.995433789954338,0.990909090909091,0.990909090909091,0.9818181818181818,0.9642857142857143,0.9642857142857143
groove_midi/drummer1_session1_2_funk_80_beat_4-4/track.npy,groove_midi,5,0.995433789954338,0.990909090909091,0.990909090909091,0.9818181818181818,0.9642857142857143,0.9642857142857143
groove_midi/drummer1_session1_48_jazz_93_beat_4-4/track.npy,groove_midi,5,1.0,1.0,1.0,1.0,1.0,1.0
groove_midi/drummer1_session1_52_jazz_125_beat_4-4/track.npy,groove_midi,5,1.0,1.0,1.0,1.0,1.0,1.0
groove_midi/drummer1_session1_80_dance-breakbeat_170_beat_4-4/track.npy,groove_midi,5,0.9659863945578231,0.95578231292517,0.95578231292517,0.9459459459459459,0.9594594594594594,0.9594594594594594
groove_midi/drummer1_session2_35_punk_128_beat_4-4/track.npy,groove_midi,5,0.9977827050997783,0.995575221238938,0.995575221238938,0.9911504424778761,0.9824561403508771,0.9824561403508771
groove_midi/drummer3_session1_11_rock_120_beat_4-4/track.npy,groove_midi,5,1.0,1.0,1.0,1.0,1.0,1.0
groove_midi/drummer3_session1_35_rock_120_beat_4-4/track.npy,groove_midi,5,0.9870129870129869,0.9743589743589743,0.9743589743589743,1.0,1.0,1.0
groove_midi/drummer3_session1_4_rock_105_beat_4-4/track.npy,groove_midi,5,1.0,1.0,1.0,1.0,1.0,1.0
groove_midi/drummer3_session1_8_jazz_105_beat_4-4/track.npy,groove_midi,5,0.7883211678832117,0.47058823529411764,0.47058823529411764,0.6349206349206349,0.6666666666666666,0.6666666666666666
groove_midi/drummer4_session1_5_latin-brazilian_184_beat_4-4/track.npy,groove_midi,5,0.6666666666666666,0.0,0.9811320754716981,0.45,0.0,0.6428571428571429
groove_midi/drummer5_eval_session_10_soul-groove10_102_beat_4-4/track.npy,groove_midi,5,1.0,1.0,1.0,1.0,1.0,1.0
groove_midi/drummer5_session1_13_afrocuban-calypso_124_beat_4-4/track.npy,groove_midi,5,0.9992952783650458,0.9985915492957746,0.9985915492957746,0.9971830985915493,0.9943820224719101,0.9943820224719101
groove_midi/drummer5_session1_18_afrocuban_128_beat_4-4/track.npy,groove_midi,5,0.9238900634249472,0.8837209302325582,0.8837209302325582,0.9184549356223176,0.9152542372881356,0.9152542372881356
groove_midi/drummer5_session1_7_latin-brazilian-maracatu_96_beat_4-4/track.npy,groove_midi,5,0.9543773119605425,0.8660287081339713,0.8660287081339713,0.945273631840796,0.9117647058823529,0.9117647058823529
groove_midi/drummer5_session2_4_reggae_141_beat_4-4/track.npy,groove_midi,5,0.9142857142857144,0.6877637130801688,0.6877637130801688,0.02542372881355932,0.008403361344537815,0.923728813559322
groove_midi/drummer7_eval_session_10_soul-groove10_102_beat_4-4/track.npy,groove_midi,5,1.0,1.0,1.0,1.0,1.0,1.0
groove_midi/drummer7_eval_session_8_rock-groove8_65_beat_4-4/track.npy,groove_midi,5,0.9743589743589743,0.9830508474576272,0.9830508474576272,0.9655172413793104,0.9333333333333333,0.9333333333333333
groove_midi/drummer7_session1_14_jazz_100_beat_4-4/track.npy,groove_midi,5,0.978021978021978,0.9782608695652174,0.9782608695652174,0.42105263157894735,0.0,0.5581395348837209
groove_midi/drummer7_session1_38_hiphop_100_beat_4-4/track.npy,groove_midi,5,1.0,1.0,1.0,0.0,0.0,0.0
groove_midi/drummer7_session1_7_rock_93_beat_4-4/track.npy,groove_midi,5,0.9876543209876543,0.975609756097561,0.975609756097561,0.6451612903225806,0.0,0.9047619047619048
groove_midi/drummer7_session2_100_pop_142_beat_4-4/track.npy,groove_midi,5,0.9818181818181818,0.9642857142857143,0.9642857142857143,1.0,1.0,1.0
groove_midi/drummer7_session2_1_rock_120_beat_4-4/track.npy,groove_midi,5,0.99581589958159,0.9916666666666667,0.9916666666666667,1.0,1.0,1.0
groove_midi/drummer7_session2_29_rock_75_beat_4-4/track.npy,groove_midi,5,0.9411764705882353,1.0,1.0,1.0,1.0,1.0
groove_midi/drummer7_session2_8_rock_95_beat_4-4/track.npy,groove_midi,5,1.0,1.0,1.0,1.0,1.0,1.0
groove_midi/drummer7_session2_96_pop_142_beat_4-4/track.npy,groove_midi,5,0.986737400530504,0.9528795811518325,0.9528795811518325,0.968421052631579,0.9375,0.9375
groove_midi/drummer7_session3_131_soul_105_beat_4-4/track.npy,groove_midi,5,1.0,1.0,1.0,1.0,1.0,1.0
groove_midi/drummer7_session3_65_funk_112_beat_4-4/track.npy,groove_midi,5,0.9964912280701755,0.993006993006993,0.993006993006993,0.9859154929577464,0.9722222222222222,0.9722222222222222
groove_midi/drummer7_session3_91_neworleans-funk_93_beat_4-4/track.npy,groove_midi,5,1.0,1.0,1.0,1.0,1.0,1.0
groove_midi/drummer8_eval_session_6_hiphop-groove6_87_beat_4-4/track.npy,groove_midi,5,1.0,1.0,1.0,1.0,1.0,1.0
groove_midi/drummer8_eval_session_7_pop-groove7_138_beat_4-4/track.npy,groove_midi,5,0.9904761904761905,0.9811320754716981,0.9811320754716981,0.962962962962963,0.9285714285714286,0.9285714285714286
groove_midi/drummer8_session1_18_funk_108_beat_4-4/track.npy,groove_midi,5,0.9962962962962963,0.9962962962962963,0.9962962962962963,0.4722222222222222,0.3246753246753247,0.4155844155844156
groove_midi/drummer8_session1_19_funk_108_beat_4-4/track.npy,groove_midi,5,0.8926380368098159,0.8475609756097561,0.8475609756097561,0.8834355828220859,0.9634146341463414,0.9634146341463414
groove_midi/drummer8_session1_22_funk_115_beat_4-4/track.npy,groove_midi,5,0.6936026936026936,0.5923566878980892,0.5923566878980892,0.7149321266968326,0.7372881355932204,0.7372881355932204
groove_midi/drummer8_session1_5_hiphop_90_beat_4-4/track.npy,groove_midi,5,0.997289972899729,0.9945945945945946,0.9945945945945946,0.989247311827957,0.9787234042553191,0.9787234042553191
groove_midi/drummer8_session1_9_funk_96_beat_4-4/track.npy,groove_midi,5,0.9967213114754099,0.9934640522875817,0.9934640522875817,0.9870129870129869,0.9743589743589743,0.9743589743589743
groove_midi/drummer9_session1_25_rock_90_beat_4-4/track.npy,groove_midi,5,0.9591836734693877,0.92,0.92,0.8799999999999999,0.9230769230769231,0.9230769230769231
groove_midi/drummer9_session1_2_rock_100_beat_4-4/track.npy,groove_midi,5,1.0,1.0,1.0,0.6451612903225806,0.625,0.625
guitarset/00_BN2-166-Ab_comp_mix/track.npy,guitarset,5,0.6578947368421052,0.04,0.8846153846153846,0.6666666666666666,0.0,1.0
guitarset/00_BN3-154-E_comp_mix/track.npy,guitarset,5,0.9387755102040817,0.803921568627451,0.803921568627451,0.8,0.25,0.625
guitarset/00_Funk1-97-C_comp_mix/track.npy,guitarset,5,0.9743589743589743,0.9230769230769231,0.9230769230769231,1.0,1.0,1.0
guitarset/01_BN3-119-G_comp_mix/track.npy,guitarset,5,1.0,1.0,1.0,1.0,1.0,1.0
guitarset/01_BN3-154-E_comp_mix/track.npy,guitarset,5,1.0,1.0,1.0,1.0,1.0,1.0
guitarset/01_Rock1-90-C#_comp_mix/track.npy,guitarset,5,0.9876543209876543,0.975609756097561,0.975609756097561,0.9523809523809523,0.9090909090909091,0.9090909090909091
guitarset/01_Rock3-148-C_comp_mix/track.npy,guitarset,5,1.0,1.0,1.0,1.0,1.0,1.0
guitarset/02_BN2-131-B_comp_mix/track.npy,guitarset,5,0.9906542056074767,0.9814814814814815,0.9814814814814815,0.962962962962963,0.9285714285714286,0.9285714285714286
guitarset/02_Jazz3-150-C_comp_mix/track.npy,guitarset,5,0.9902912621359222,0.9807692307692307,0.9807692307692307,0.9600000000000001,0.9230769230769231,0.9230769230769231
guitarset/02_Rock2-142-D_comp_mix/track.npy,guitarset,5,1.0,1.0,1.0,1.0,1.0,1.0
guitarset/02_Rock3-148-C_comp_mix/track.npy,guitarset,5,1.0,1.0,1.0,1.0,1.0,1.0
guitarset/02_SS3-98-C_comp_mix/track.npy,guitarset,5,0.9909909909909909,0.9821428571428571,0.9821428571428571,0.962962962962963,0.9285714285714286,0.9285714285714286
guitarset/03_BN1-147-Gb_comp_mix/track.npy,guitarset,5,0.9859154929577464,0.9722222222222222,0.9722222222222222,0.9411764705882353,0.8888888888888888,0.8888888888888888
guitarset/03_Jazz2-187-F#_comp_mix/track.npy,guitarset,5,0.5135135135135135,0.020833333333333332,0.5,0.11764705882352941,0.0,0.5
guitarset/03_Rock2-142-D_comp_mix/track.npy,guitarset,5,0.9904761904761905,0.9811320754716981,0.9811320754716981,0.962962962962963,0.9285714285714286,0.9285714285714286
guitarset/03_SS3-98-C_comp_mix/track.npy,guitarset,5,1.0,1.0,1.0,1.0,1.0,1.0
guitarset/04_BN2-131-B_comp_mix/track.npy,guitarset,5,0.9245283018867925,0.9056603773584906,0.9056603773584906,1.0,1.0,1.0
guitarset/05_Funk2-108-Eb_comp_mix/track.npy,guitarset,5,0.7339449541284404,0.6545454545454545,0.6545454545454545,0.7500000000000001,0.6923076923076923,0.6923076923076923
guitarset/05_Jazz1-130-D_comp_mix/track.npy,guitarset,5,0.9866666666666666,0.9736842105263158,0.9736842105263158,0.0,0.0,0.8888888888888888
guitarset/05_Jazz1-200-B_comp_mix/track.npy,guitarset,5,0.6382978723404255,0.0,0.9375,0.5454545454545454,0.0,0.75
guitarset/05_Jazz3-150-C_comp_mix/track.npy,guitarset,5,0.9902912621359222,0.9807692307692307,0.9807692307692307,0.9600000000000001,0.9230769230769231,0.9230769230769231
guitarset/05_SS3-84-Bb_comp_mix/track.npy,guitarset,5,1.0,1.0,1.0,1.0,1.0,1.0
hainsworth/hainsworth_001/track.npy,hainsworth,5,1.0,1.0,1.0,1.0,1.0,1.0
hainsworth/hainsworth_016/track.npy,hainsworth,5,0.7733333333333333,0.2391304347826087,0.6206896551724138,0.6666666666666666,0.16666666666666666,0.5
hainsworth/hainsworth_046/track.npy,hainsworth,5,0.9885057471264368,0.9885057471264368,0.9885057471264368,1.0,1.0,1.0
hainsworth/hainsworth_060/track.npy,hainsworth,5,0.9948717948717948,0.9897959183673469,0.9897959183673469,0.6756756756756758,0.0,1.0
hainsworth/hainsworth_070/track.npy,hainsworth,5,0.8878504672897196,0.7747747747747747,0.7747747747747747,0.5319148936170213,0.014705882352941176,0.1323529411764706
hainsworth/hainsworth_074/track.npy,hainsworth,5,0.7272727272727273,0.14285714285714285,0.7555555555555555,0.6666666666666666,0.0,0.9705882352941176
hainsworth/hainsworth_078/track.npy,hainsworth,5,1.0,1.0,1.0,0.4642857142857143,0.42857142857142855,0.42857142857142855
hainsworth/hainsworth_087/track.npy,hainsworth,5,1.0,1.0,1.0,1.0,1.0,1.0
hainsworth/hainsworth_094/track.npy,hainsworth,5,0.9841269841269841,1.0,1.0,1.0,1.0,1.0
hainsworth/hainsworth_095/track.npy,hainsworth,5,0.9950248756218906,0.9900990099009901,0.9900990099009901,1.0,1.0,1.0
hainsworth/hainsworth_098/track.npy,hainsworth,5,1.0,1.0,1.0,1.0,1.0,1.0
hainsworth/hainsworth_103/track.npy,hainsworth,5,0.7337278106508875,0.3235294117647059,0.39097744360902253,0.3582089552238806,0.0,0.3
hainsworth/hainsworth_119/track.npy,hainsworth,5,1.0,1.0,1.0,0.9350649350649352,0.7804878048780488,0.7804878048780488
hainsworth/hainsworth_127/track.npy,hainsworth,5,0.7321428571428571,0.875,0.875,0.6415094339622641,0.6428571428571429,0.6428571428571429
hainsworth/hainsworth_133/track.npy,hainsworth,5,0.574468085106383,0.52,0.52,0.125,0.0,0.05263157894736842
hainsworth/hainsworth_134/track.npy,hainsworth,5,0.4736842105263159,0.0,0.8823529411764706,0.6808510638297872,0.88,0.88
hainsworth/hainsworth_146/track.npy,hainsworth,5,1.0,1.0,1.0,1.0,1.0,1.0
hainsworth/hainsworth_148/track.npy,hainsworth,5,1.0,1.0,1.0,1.0,1.0,1.0
hainsworth/hainsworth_157/track.npy,hainsworth,5,1.0,1.0,1.0,1.0,1.0,1.0
hainsworth/hainsworth_160/track.npy,hainsworth,5,1.0,1.0,1.0,1.0,1.0,1.0
hainsworth/hainsworth_164/track.npy,hainsworth,5,1.0,1.0,1.0,1.0,1.0,1.0
hainsworth/hainsworth_168/track.npy,hainsworth,5,1.0,1.0,1.0,1.0,1.0,1.0
hainsworth/hainsworth_205/track.npy,hainsworth,5,0.4821428571428571,0.0,0.0,0.6190476190476191,0.0,0.9310344827586207
hainsworth/hainsworth_208/track.npy,hainsworth,5,0.6699029126213593,0.0,1.0,0.6666666666666666,0.0,0.9705882352941176
hainsworth/hainsworth_217/track.npy,hainsworth,5,1.0,1.0,1.0,1.0,1.0,1.0
hainsworth/hainsworth_229/track.npy,hainsworth,5,1.0,1.0,1.0,1.0,1.0,1.0
hainsworth/hainsworth_233/track.npy,hainsworth,5,1.0,1.0,1.0,1.0,1.0,1.0
hainsworth/hainsworth_241/track.npy,hainsworth,5,0.6708860759493671,0.0,1.0,0.393939393939394,0.0,0.0
harmonix/0011_areyouexperienced/track.npy,harmonix,5,0.9746646795827123,0.943952802359882,0.943952802359882,0.5714285714285714,0.06428571428571428,0.6467065868263473
harmonix/0021_better/track.npy,harmonix,5,0.9674711437565582,0.9622641509433962,0.9622641509433962,0.9024390243902439,0.7952755905511811,0.7952755905511811
harmonix/0036_breakingthegirl/track.npy,harmonix,5,0.9283980582524272,0.8189252336448598,0.8189252336448598,0.6535626535626536,0.03787878787878788,0.8210526315789474
harmonix/0046_castlesmadeofsand/track.npy,harmonix,5,0.8260038240917782,0.7314487632508834,0.7314487632508834,0.5548387096774193,0.2967032967032967,0.30708661417322836
harmonix/0047_chinacatsunflower/track.npy,harmonix,5,0.994269340974212,0.9942857142857143,0.9942857142857143,0.7822222222222223,0.2867647058823529,0.5423728813559322
harmonix/0059_cupidshuffle/track.npy,harmonix,5,0.6953271028037384,0.7690875232774674,0.7690875232774674,0.758364312267658,0.9925925925925926,0.9925925925925926
harmonix/0066_decentdaysandnights/track.npy,harmonix,5,0.9902676399026764,0.9805352798053528,0.9805352798053528,0.6351931330472103,0.328125,0.328125
harmonix/0122_heardemall/track.npy,harmonix,5,0.6817325800376647,0.057803468208092484,0.8726287262872628,0.49612403100775193,0.12195121951219512,0.5161290322580645
harmonix/0130_hotstuff/track.npy,harmonix,5,1.0,1.0,1.0,1.0,1.0,1.0
harmonix/0138_ilikeit/track.npy,harmonix,5,1.0,1.0,1.0,1.0,1.0,1.0
harmonix/0141_indaclub/track.npy,harmonix,5,0.9977628635346756,0.9955357142857143,0.9955357142857143,1.0,1.0,1.0
harmonix/0142_indestructible/track.npy,harmonix,5,0.9375,0.7721179624664879,0.7721179624664879,0.6161137440758294,0.14492753623188406,0.5655172413793104
harmonix/0150_justdance/track.npy,harmonix,5,1.0,1.0,1.0,1.0,1.0,1.0
harmonix/0166_macarena/track.npy,harmonix,5,1.0,1.0,1.0,0.911764705882353,0.6756756756756757,0.6756756756756757
harmonix/0169_manicdepression/track.npy,harmonix,5,0.9729206963249517,0.9561904761904761,0.9561904761904761,0.558282208588957,0.35428571428571426,0.35428571428571426
harmonix/0170_manyshadesofblack/track.npy,harmonix,5,0.5203094777562862,0.02490170380078637,0.02490170380078637,0.6200000000000001,0.0,0.9407407407407408
harmonix/0173_massiveattack/track.npy,harmonix,5,0.6384615384615385,0.0,0.9291784702549575,0.534351145038168,0.0,0.797752808988764
harmonix/0174_maythisbelove/track.npy,harmonix,5,0.9416058394160584,0.9219858156028369,0.9219858156028369,0.9343065693430657,0.9428571428571428,0.9428571428571428
harmonix/0175_meddle/track.npy,harmonix,5,0.6678899082568807,0.0,1.0,0.6715328467153284,0.0,1.0
harmonix/0186_nearlylostyou/track.npy,harmonix,5,0.8804232804232806,0.6382113821138211,0.6382113821138211,0.6293103448275862,0.5772357723577236,0.5772357723577236
harmonix/0219_pondereplay/track.npy,harmonix,5,0.6666666666666666,0.0,0.9976851851851852,0.6666666666666666,0.0,0.9907407407407407
harmonix/0223_reallove/track.npy,harmonix,5,1.0,1.0,1.0,0.5909090909090909,0.0,0.8373983739837398
harmonix/0236_rumpshaker/track.npy,harmonix,5,1.0,1.0,1.0,1.0,1.0,1.0
harmonix/0239_sandm/track.npy,harmonix,5,0.9984447900466563,0.9968944099378882,0.9968944099378882,1.0,1.0,1.0
harmonix/0244_sayaah/track.npy,harmonix,5,0.9013452914798206,0.8204081632653061,0.8204081632653061,0.9411764705882353,0.9019607843137255,0.9019607843137255
harmonix/0249_sensualseduction/track.npy,harmonix,5,0.9817400644468315,0.9681528662420382,0.9681528662420382,0.9871244635193133,0.9745762711864406,0.9745762711864406
harmonix/0266_straightup/track.npy,harmonix,5,1.0,1.0,1.0,1.0,1.0,1.0
harmonix/0272_teachmehowtojerk/track.npy,harmonix,5,0.9979296066252588,0.9958677685950413,0.9958677685950413,1.0,1.0,1.0
harmonix/0273_technologic/track.npy,harmonix,5,1.0,1.0,1.0,0.8862275449101796,0.5913978494623656,0.5913978494623656
harmonix/0277_thashiznit/track.npy,harmonix,5,0.6326530612244897,0.0,0.9280742459396751,0.6727272727272727,0.11162790697674418,0.782608695652174
harmonix/0294_tonighttonight/track.npy,harmonix,5,0.9937304075235109,0.9875389408099688,0.9875389408099688,0.9937888198757764,0.9876543209876543,0.9876543209876543
harmonix/0302_venus/track.npy,harmonix,5,1.0,1.0,1.0,1.0,1.0,1.0
harmonix/0311_whipmyhair/track.npy,harmonix,5,1.0,1.0,1.0,1.0,1.0,1.0
harmonix/0330_50waystosaygoodbye/track.npy,harmonix,5,0.999083409715857,0.9963369963369964,0.9963369963369964,0.9963369963369962,0.9927007299270073,0.9927007299270073
harmonix/0334_alltherightplaces/track.npy,harmonix,5,1.0,1.0,1.0,0.9395973154362416,0.8933333333333333,0.8933333333333333
harmonix/0344_beautifullife/track.npy,harmonix,5,0.9989350372736955,0.997872340425532,0.997872340425532,1.0,1.0,1.0
harmonix/0348_blackout/track.npy,harmonix,5,0.9987937273823884,0.9975903614457832,0.9975903614457832,1.0,1.0,1.0
harmonix/0354_brandnewday/track.npy,harmonix,5,0.9910141206675225,0.9821428571428571,0.9821428571428571,0.9948717948717948,0.9897959183673469,0.9897959183673469
harmonix/0376_earthquake/track.npy,harmonix,5,0.6308016877637131,0.0015822784810126582,0.9810126582278481,0.6413502109704641,0.0,1.0
harmonix/0399_gotmygirls/track.npy,harmonix,5,0.9971098265895955,0.9942363112391931,0.9942363112391931,0.9405405405405405,0.7755102040816326,0.7755102040816326
harmonix/0415_illbewaiting/track.npy,harmonix,5,1.0,1.0,1.0,1.0,1.0,1.0
harmonix/0425_justakiss/track.npy,harmonix,5,1.0,1.0,1.0,1.0,1.0,1.0
harmonix/0451_mrknowitall/track.npy,harmonix,5,0.9986013986013986,0.9972067039106145,0.9972067039106145,1.0,1.0,1.0
harmonix/0453_mygirl/track.npy,harmonix,5,0.9805996472663139,0.9619377162629758,0.9619377162629758,0.9859154929577464,0.9722222222222222,0.9722222222222222
harmonix/0454_myohmy/track.npy,harmonix,5,0.9923430321592649,0.9848024316109423,0.9848024316109423,0.9938650306748467,0.9878048780487805,0.9878048780487805
harmonix/0465_onething/track.npy,harmonix,5,0.9987421383647799,0.9974874371859297,0.9974874371859297,1.0,1.0,1.0
harmonix/0466_onthedarkside/track.npy,harmonix,5,0.7928843710292249,0.4709976798143852,0.4709976798143852,0.8909090909090909,0.9017857142857143,0.9017857142857143
harmonix/0470_ours/track.npy,harmonix,5,0.9645635263612792,0.8693467336683417,0.8693467336683417,0.9448275862068967,0.86,0.86
harmonix/0472_partofme/track.npy,harmonix,5,0.9864864864864865,0.9887892376681614,0.9887892376681614,0.9955156950672646,0.9910714285714286,0.9910714285714286
harmonix/0488_september/track.npy,harmonix,5,0.9906890130353817,0.9777777777777777,0.9777777777777777,0.9027777777777779,0.7532467532467533,0.7532467532467533
harmonix/0489_shakeyourbody/track.npy,harmonix,5,1.0,1.0,1.0,1.0,1.0,1.0
harmonix/0503_stucklikeglue/track.npy,harmonix,5,0.695562435500516,0.06645569620253164,0.87518573551263,0.6942148760330578,0.06329113924050633,0.8802395209580839
harmonix/0514_thetimeofmylife/track.npy,harmonix,5,0.9701195219123506,0.9704724409448819,0.9704724409448819,0.9721115537848605,0.9763779527559056,0.9763779527559056
harmonix/0520_tonight/track.npy,harmonix,5,0.9978768577494692,0.9957627118644068,0.9957627118644068,0.9957446808510638,0.9915254237288136,0.9915254237288136
harmonix/0531_whenwestandtogether/track.npy,harmonix,5,1.0,1.0,1.0,0.993006993006993,0.9722222222222222,0.9722222222222222
harmonix/0539_youandi/track.npy,harmonix,5,0.6553808948004837,0.10526315789473684,0.6636636636636637,0.6538461538461537,0.11290322580645161,0.6547619047619048
harmonix/0554_allalright/track.npy,harmonix,5,0.7365853658536585,0.1776061776061776,0.6948590381426202,0.7342995169082125,0.15267175572519084,0.7350993377483444
harmonix/0562_alreadygone/track.npy,harmonix,5,0.9969788519637462,1.0,1.0,0.9879518072289156,1.0,1.0
harmonix/0567_anythingcouldhappen/track.npy,harmonix,5,0.9884088514225501,0.9790356394129979,0.9790356394129979,0.8776371308016878,0.8739495798319328,0.8739495798319328
harmonix/0604_bustitbabypart2/track.npy,harmonix,5,0.671875,0.011784511784511785,0.9701986754966887,0.7043478260869565,0.08783783783783784,0.8292682926829268
harmonix/0629_crush/track.npy,harmonix,5,0.9907578558225507,0.9816849816849816,0.9816849816849816,0.9777777777777777,0.9558823529411765,0.9558823529411765
harmonix/0637_daynniteremix/track.npy,harmonix,5,0.9925093632958801,0.99812734082397,0.99812734082397,1.0,1.0,1.0
harmonix/0645_dontstopthemusic/track.npy,harmonix,5,0.9904942965779467,0.9811676082862524,0.9811676082862524,0.8506493506493507,0.4858757062146893,0.4858757062146893
harmonix/0659_everybody/track.npy,harmonix,5,0.9929676511954993,0.9860335195530726,0.9860335195530726,0.9944134078212291,0.9888888888888889,0.9888888888888889
harmonix/0670_fearless/track.npy,harmonix,5,1.0,1.0,1.0,1.0,1.0,1.0
harmonix/0671_feedback/track.npy,harmonix,5,1.0,1.0,1.0,1.0,1.0,1.0
harmonix/0672_feelitinmybones/track.npy,harmonix,5,0.995505617977528,0.9921436588103255,0.9921436588103255,0.9932584269662922,0.9955156950672646,0.9955156950672646
harmonix/0685_forgottolaugh/track.npy,harmonix,5,1.0,1.0,1.0,0.9855072463768116,0.9710144927536232,0.9710144927536232
harmonix/0687_getouttamyway/track.npy,harmonix,5,0.9971949509116409,0.9944055944055944,0.9944055944055944,0.28723404255319146,0.1717171717171717,0.6212121212121212
harmonix/0688_getthepartystarted/track.npy,harmonix,5,0.9987357774968395,0.9974747474747475,0.9974747474747475,1.0,1.0,1.0
harmonix/0690_givemeeverything/track.npy,harmonix,5,0.9990521327014218,0.9981060606060606,0.9981060606060606,1.0,1.0,1.0
harmonix/0702_greenlight/track.npy,harmonix,5,0.9844020797227037,0.9692832764505119,0.9692832764505119,0.9861111111111112,0.9726027397260274,0.9726027397260274
harmonix/0706_halcyon/track.npy,harmonix,5,0.984375,0.9766839378238342,0.9766839378238342,0.9738219895287958,0.9791666666666666,0.9791666666666666
harmonix/0707_halfwaygone/track.npy,harmonix,5,0.998689384010485,0.9973821989528796,0.9973821989528796,0.9947643979057591,0.9895833333333334,0.9895833333333334
harmonix/0724_hotmessdj/track.npy,harmonix,5,0.9983579638752053,0.9967213114754099,0.9967213114754099,1.0,1.0,1.0
harmonix/0725_hotncold/track.npy,harmonix,5,0.9956140350877193,0.9912663755458515,0.9912663755458515,0.9956331877729258,0.991304347826087,0.991304347826087
harmonix/0730_hurtssogood/track.npy,harmonix,5,0.9987129987129987,0.9974293059125964,0.9974293059125964,0.8434782608695652,0.46616541353383456,0.46616541353383456
harmonix/0740_ikissedagirljasonnevins/track.npy,harmonix,5,0.9988974641675854,0.9977973568281938,0.9977973568281938,0.9955947136563876,0.9912280701754386,0.9912280701754386
harmonix/0746_imnotyourhero/track.npy,harmonix,5,0.9966629588431591,0.9933481152993349,0.9933481152993349,1.0,1.0,1.0
harmonix/0762_iwantitthatway/track.npy,harmonix,5,0.9835575485799701,0.9850746268656716,0.9850746268656716,0.9879518072289156,1.0,1.0
harmonix/0763_iwasafool/track.npy,harmonix,5,0.9894736842105264,0.9791666666666666,0.9791666666666666,0.993006993006993,0.9861111111111112,0.9861111111111112
harmonix/0779_letitrockfilthy/track.npy,harmonix,5,1.0,1.0,1.0,0.8973384030418251,0.6344827586206897,0.6344827586206897
harmonix/0781_lettinggoduttylove/track.npy,harmonix,5,0.908029197080292,0.8895348837209303,0.8895348837209303,0.9239766081871345,0.9069767441860465,0.9069767441860465
harmonix/0783_lighton/track.npy,harmonix,5,1.0,1.0,1.0,0.9655172413793103,0.9152542372881356,0.9152542372881356
harmonix/0787_liveyourlife/track.npy,harmonix,5,0.9920844327176781,0.9894459102902374,0.9894459102902374,0.9947089947089947,0.9894736842105263,0.9894736842105263
harmonix/0791_lollipop/track.npy,harmonix,5,0.844950213371266,0.4666666666666667,0.4666666666666667,0.8474576271186441,0.47058823529411764,0.47058823529411764
harmonix/0807_makemebetter/track.npy,harmonix,5,1.0,1.0,1.0,1.0,1.0,1.0
harmonix/0831_noair/track.npy,harmonix,5,0.9895988112927192,0.9940652818991098,0.9940652818991098,0.9822485207100591,0.9882352941176471,0.9882352941176471
harmonix/0835_notetogod/track.npy,harmonix,5,0.8841099163679809,0.6864035087719298,0.6864035087719298,0.875,0.6929824561403509,0.6929824561403509
harmonix/0837_nottonight/track.npy,harmonix,5,0.993006993006993,0.9861111111111112,0.9861111111111112,0.9906542056074767,0.9814814814814815,0.9814814814814815
harmonix/0842_obsessionstatic/track.npy,harmonix,5,0.9988950276243094,0.9977924944812362,0.9977924944812362,1.0,1.0,1.0
harmonix/0849_onlyyou/track.npy,harmonix,5,1.0,1.0,1.0,0.9680851063829786,0.90625,0.90625
harmonix/0850_onlyyoucanlovemethisway/track.npy,harmonix,5,0.9982486865148862,0.9965034965034965,0.9965034965034965,1.0,1.0,1.0
harmonix/0855_overyou/track.npy,harmonix,5,0.9980582524271845,0.9961240310077519,0.9961240310077519,0.9922480620155039,0.9846153846153847,0.9846153846153847
harmonix/0860_pieceofme/track.npy,harmonix,5,0.9987293519695045,0.9974619289340102,0.9974619289340102,1.0,1.0,1.0
harmonix/0866_pokerfacedave/track.npy,harmonix,5,0.9978378378378379,1.0,1.0,0.9956709956709957,1.0,1.0
harmonix/0878_replay/track.npy,harmonix,5,0.9981167608286252,0.9962406015037594,0.9962406015037594,1.0,1.0,1.0
harmonix/0881_rightround/track.npy,harmonix,5,0.9926289926289927,0.9877450980392157,0.9877450980392157,0.9901960784313726,1.0,1.0
harmonix/0889_samelove/track.npy,harmonix,5,0.7972972972972973,0.7802690582959642,0.7802690582959642,0.7567567567567567,0.8648648648648649,0.8648648648648649
harmonix/0908_sober/track.npy,harmonix,5,0.9945504087193461,0.989159891598916,0.989159891598916,0.9945945945945946,0.989247311827957,0.989247311827957
harmonix/0910_solo/track.npy,harmonix,5,0.9597156398104265,0.9786729857819905,0.9786729857819905,0.9716981132075472,1.0,1.0
harmonix/0913_somuchlove/track.npy,harmonix,5,0.9994805194805195,0.9989615784008308,0.9989615784008308,0.6701030927835051,0.2727272727272727,0.42203742203742206
harmonix/0924_sunisup/track.npy,harmonix,5,1.0,1.0,1.0,0.7822222222222223,0.5785123966942148,0.5785123966942148
harmonix/0939_thecure/track.npy,harmonix,5,1.0,1.0,1.0,1.0,1.0,1.0
harmonix/0946_thinkingofyou/track.npy,harmonix,5,0.8958990536277603,0.6589595375722543,0.6589595375722543,0.7790697674418604,0.3627450980392157,0.38848920863309355
harmonix/0947_thiskiss/track.npy,harmonix,5,0.9957537154989385,0.9915433403805497,0.9915433403805497,0.9957805907172996,0.9915966386554622,0.9915966386554622
harmonix/0950_throwyourhandsup/track.npy,harmonix,5,0.9988674971687429,0.997737556561086,0.997737556561086,0.9954751131221719,0.990990990990991,0.990990990990991
harmonix/0953_tilltheworldends2/track.npy,harmonix,5,0.978,0.986,0.986,0.976,1.0,1.0
harmonix/0961_unfaithfulfemme/track.npy,harmonix,5,0.9988998899889989,0.9978021978021978,0.9978021978021978,1.0,1.0,1.0
harmonix/0964_wakingupinvegas/track.npy,harmonix,5,0.9434416365824307,0.9186602870813397,0.9186602870813397,0.9282296650717704,0.9333333333333333,0.9333333333333333
harmonix/0965_wakingupinvegascalvin/track.npy,harmonix,5,0.9879725085910653,0.9879725085910653,0.9879725085910653,0.9863013698630136,1.0,1.0
harmonix/0966_wakingupinvegascalvinh/track.npy,harmonix,5,0.9903743315508022,0.9850427350427351,0.9850427350427351,0.9914529914529915,1.0,1.0
harmonix/0967_walkingonadream/track.npy,harmonix,5,1.0,1.0,1.0,0.9815668202764977,0.9409090909090909,0.9409090909090909
harmonix/0969_webelongtogether/track.npy,harmonix,5,0.9887640449438202,0.9777777777777777,0.9777777777777777,0.9909909909909909,0.9821428571428571,0.9821428571428571
hjdb/hjdb_Being_With_You_(Foul_Play_Remix)/track.npy,hjdb,5,0.9958333333333333,0.9916666666666667,0.9916666666666667,0.9833333333333333,1.0,1.0
hjdb/hjdb_Being_With_You_1/track.npy,hjdb,5,1.0,1.0,1.0,1.0,1.0,1.0
hjdb/hjdb_Being_With_You/track.npy,hjdb,5,1.0,1.0,1.0,1.0,1.0,1.0
hjdb/hjdb_Bombscare/track.npy,hjdb,5,1.0,1.0,1.0,1.0,1.0,1.0
hjdb/hjdb_Breakage4/track.npy,hjdb,5,1.0,1.0,1.0,1.0,1.0,1.0
hjdb/hjdb_Cant_Stop_The_Rush_(93_Remix)/track.npy,hjdb,5,1.0,1.0,1.0,1.0,1.0,1.0
hjdb/hjdb_Dance_With_Power_(Original_Mix)/track.npy,hjdb,5,1.0,1.0,1.0,1.0,1.0,1.0
hjdb/hjdb_Deep_Space/track.npy,hjdb,5,1.0,1.0,1.0,1.0,1.0,1.0
hjdb/hjdb_Dis_Generation/track.npy,hjdb,5,0.9955555555555555,0.9823008849557522,0.9823008849557522,1.0,1.0,1.0
hjdb/hjdb_Do_It_Now/track.npy,hjdb,5,1.0,1.0,1.0,1.0,1.0,1.0
hjdb/hjdb_Drum_Programme_(Remix)/track.npy,hjdb,5,1.0,1.0,1.0,1.0,1.0,1.0
hjdb/hjdb_Even_Further_Intrigue/track.npy,hjdb,5,1.0,1.0,1.0,1.0,1.0,1.0
hjdb/hjdb_Further_Intrigue/track.npy,hjdb,5,1.0,1.0,1.0,1.0,1.0,1.0
hjdb/hjdb_Gotta_Release/track.npy,hjdb,5,1.0,1.0,1.0,1.0,1.0,1.0
hjdb/hjdb_Imagine_The_Future/track.npy,hjdb,5,1.0,1.0,1.0,1.0,1.0,1.0
hjdb/hjdb_Johnny_(Dance_Conspiracy_Mix)/track.npy,hjdb,5,1.0,1.0,1.0,1.0,1.0,1.0
hjdb/hjdb_Light_Years/track.npy,hjdb,5,0.711864406779661,0.7078651685393258,0.7078651685393258,0.6808510638297872,0.72,0.72
hjdb/hjdb_Music_In_Search_Of_Light/track.npy,hjdb,5,1.0,1.0,1.0,1.0,1.0,1.0
hjdb/hjdb_Music_Takes_You/track.npy,hjdb,5,1.0,1.0,1.0,1.0,1.0,1.0
hjdb/hjdb_Oblivion/track.npy,hjdb,5,0.9798657718120806,0.96,0.96,0.9714285714285714,0.8888888888888888,0.8888888888888888
hjdb/hjdb_Renegade_Snares_(Foul_Play_Remix)/track.npy,hjdb,5,1.0,1.0,1.0,1.0,1.0,1.0
hjdb/hjdb_Renegade_Snares_(VIP_Remix)/track.npy,hjdb,5,1.0,1.0,1.0,1.0,1.0,1.0
hjdb/hjdb_Serious_Sounds/track.npy,hjdb,5,0.9978947368421053,0.9957983193277311,0.9957983193277311,1.0,1.0,1.0
hjdb/hjdb_Spliffhead/track.npy,hjdb,5,1.0,1.0,1.0,1.0,1.0,1.0
hjdb/hjdb_Terminator_2/track.npy,hjdb,5,1.0,1.0,1.0,1.0,1.0,1.0
hjdb/hjdb_Terminator/track.npy,hjdb,5,1.0,1.0,1.0,1.0,1.0,1.0
hjdb/hjdb_The_Warning_(Remix)/track.npy,hjdb,5,1.0,1.0,1.0,1.0,1.0,1.0
hjdb/hjdb_Total_Xstacy_(Remix)/track.npy,hjdb,5,1.0,1.0,1.0,1.0,1.0,1.0
hjdb/hjdb_Wait_4_The_Bass/track.npy,hjdb,5,1.0,1.0,1.0,1.0,1.0,1.0
hjdb/hjdb_Wind_It_Up_(Rewound)/track.npy,hjdb,5,0.33663366336633666,0.3333333333333333,0.6274509803921569,0.25,0.25,0.5833333333333334
jaah/jaah_000-tito_puente-airegin/track.npy,jaah,5,0.5233853006681515,0.5256124721603563,0.5256124721603563,0.34441087613293053,0.0228310502283105,0.757847533632287
jaah/jaah_008-sonny_rollins-blue_7/track.npy,jaah,5,0.9953426480372588,0.9920212765957447,0.9920212765957447,0.9111969111969112,0.8229426433915212,0.8229426433915212
jaah/jaah_020-charlie_parker-crazeology_take_4/track.npy,jaah,5,0.991891891891892,0.9206989247311828,0.9206989247311828,0.9234693877551021,0.7330097087378641,0.7330097087378641
jaah/jaah_031-duke_ellington_his_orchestra-east_st_louis_toodleoo/track.npy,jaah,5,0.950561797752809,0.8546637744034707,0.8546637744034707,0.9912280701754386,0.9826086956521739,0.9826086956521739
jaah/jaah_033-the_boswell_sisters-everybody_loves_my_baby/track.npy,jaah,5,0.8934506353861192,0.6142857142857143,0.6142857142857143,0.8112449799196787,0.5571428571428572,0.5571428571428572
jaah/jaah_037-jimmie_noones_apex_club_orchestra-four_or_five_times/track.npy,jaah,5,0.9936143039591314,0.9897959183673469,0.9897959183673469,0.8137254901960785,0.7075471698113207,0.7075471698113207
jaah/jaah_052-don_byas_slam_stewart-i_got_rhythm/track.npy,jaah,5,0.9902642559109875,0.715079916608756,0.715079916608756,0.4094881398252185,0.16063348416289594,0.2398190045248869
jaah/jaah_063-bessie_smith-lost_your_head_blues/track.npy,jaah,5,0.996,0.9920318725099602,0.9920318725099602,0.9919999999999999,0.9841269841269841,0.9841269841269841
jaah/jaah_083-frankie_trumbauer_and_his_orchestra-riverboat_shuffle/track.npy,jaah,5,0.9992217898832686,0.9968895800933126,0.9968895800933126,1.0,1.0,1.0
jaah/jaah_086-dizzy_gillespie_his_all_stars-shaw_nuff/track.npy,jaah,5,0.9183135704874834,0.608641975308642,0.608641975308642,0.5878962536023054,0.30198019801980197,0.30198019801980197
jaah/jaah_096-eddie_condons_hot_shots-thats_a_serious_thing/track.npy,jaah,5,1.0,1.0,1.0,0.8666666666666666,0.5294117647058824,0.5294117647058824
jaah/jaah_102-lucky_thompson_trio-tricroism/track.npy,jaah,5,0.8877551020408163,0.8002832861189801,0.8002832861189801,0.5631067961165048,0.3008474576271186,0.3333333333333333
jaah/jaah_110-sarah_vaughan-wrap_your_troubles_in_dreams/track.npy,jaah,5,0.976510067114094,0.979933110367893,0.979933110367893,0.9733333333333334,1.0,1.0
jaah/jaah_111-fletcher_henderson_and_his_orchestra-wrappin_it_up/track.npy,jaah,5,0.99812734082397,0.99812734082397,0.99812734082397,1.0,1.0,1.0
rwc/rwc_classical_CD1_03/track.npy,rwc_classical,5,0.7051467051467051,0.2909967845659164,0.4023952095808383,0.584126984126984,0.1157556270096463,0.3560371517027864
rwc/rwc_classical_CD2_04/track.npy,rwc_classical,5,0.8674227610481032,0.6807692307692308,0.6807692307692308,0.8508557457212714,0.7820823244552058,0.7820823244552058
rwc/rwc_classical_CD4_01/track.npy,rwc_classical,5,0.857142857142857,0.5690413368513633,0.5690413368513633,0.6192592592592593,0.38618925831202044,0.38618925831202044
rwc/rwc_classical_CD4_03/track.npy,rwc_classical,5,0.7454545454545454,0.3042168674698795,0.5097588978185993,0.8155737704918032,0.5274725274725275,0.5274725274725275
rwc/rwc_classical_CD5_01/track.npy,rwc_classical,5,0.8760975609756098,0.6695238095238095,0.6695238095238095,0.5351629502572899,0.022222222222222223,0.5259259259259259
rwc/rwc_classical_CD5_08/track.npy,rwc_classical,5,0.7032348804500703,0.2054176072234763,0.4649859943977591,0.4721753794266442,0.02650602409638554,0.04096385542168675
rwc/rwc_classical_CD6_11/track.npy,rwc_classical,5,0.7028753993610224,0.2657894736842105,0.5040650406504065,0.8387096774193549,0.8526315789473684,0.8526315789473684
rwc/rwc_jazz_CD1_04/track.npy,rwc_jazz,5,0.42313117066290545,0.0019342359767891683,0.3288201160541586,0.36298932384341637,0.02702702702702703,0.4816753926701571
rwc/rwc_jazz_CD1_07/track.npy,rwc_jazz,5,0.6911196911196911,0.7376425855513308,0.7376425855513308,0.48837209302325585,0.19811320754716982,0.5343511450381679
rwc/rwc_jazz_CD2_07/track.npy,rwc_jazz,5,0.884472049689441,0.9245742092457421,0.9245742092457421,0.751054852320675,0.41007194244604317,0.41007194244604317
rwc/rwc_jazz_CD3_01/track.npy,rwc_jazz,5,0.9697885196374623,0.9698795180722891,0.9698795180722891,0.9728096676737159,0.9759036144578314,0.9759036144578314
rwc/rwc_jazz_CD3_09/track.npy,rwc_jazz,5,0.810958904109589,0.41497659906396256,0.41497659906396256,0.8850325379609546,0.8290598290598291,0.8290598290598291
rwc/rwc_jazz_CD4_08/track.npy,rwc_jazz,5,0.9939603106125972,0.9914089347079038,0.9914089347079038,0.9896907216494845,0.9931506849315068,0.9931506849315068
rwc/rwc_jazz_CD4_11/track.npy,rwc_jazz,5,0.9989847715736041,0.9979716024340771,0.9979716024340771,1.0,1.0,1.0
rwc/rwc_popular_CD1_07/track.npy,rwc_popular,5,0.9774305555555556,0.9558573853989814,0.9558573853989814,0.9791666666666666,0.9591836734693877,0.9591836734693877
rwc/rwc_popular_CD1_11/track.npy,rwc_popular,5,0.9948320413436693,0.9897172236503856,0.9897172236503856,1.0,1.0,1.0
rwc/rwc_popular_CD2_04/track.npy,rwc_popular,5,0.9960629921259843,0.9921568627450981,0.9921568627450981,0.996078431372549,0.9921875,0.9921875
rwc/rwc_popular_CD2_09/track.npy,rwc_popular,5,0.9576470588235293,0.9461358313817331,0.9461358313817331,0.957345971563981,0.9905660377358491,0.9905660377358491
rwc/rwc_popular_CD2_12/track.npy,rwc_popular,5,0.977116704805492,0.9703196347031964,0.9703196347031964,0.9724770642201835,0.9724770642201835,0.9724770642201835
rwc/rwc_popular_CD3_07/track.npy,rwc_popular,5,0.982089552238806,0.9734513274336283,0.9734513274336283,0.9371428571428572,0.8222222222222222,0.8222222222222222
rwc/rwc_popular_CD4_03/track.npy,rwc_popular,5,0.9958779884583677,0.9917763157894737,0.9917763157894737,0.993421052631579,0.993421052631579,0.993421052631579
rwc/rwc_popular_CD4_08/track.npy,rwc_popular,5,0.99867197875166,0.9973474801061007,0.9973474801061007,1.0,1.0,1.0
rwc/rwc_popular_CD5_04/track.npy,rwc_popular,5,0.9793103448275863,0.9862700228832952,0.9862700228832952,0.9417040358744394,0.8869565217391304,0.8869565217391304
rwc/rwc_popular_CD6_04/track.npy,rwc_popular,5,0.994331983805668,0.9887278582930756,0.9887278582930756,0.9935483870967742,0.9871794871794872,0.9871794871794872
rwc/rwc_popular_CD7_04/track.npy,rwc_popular,5,1.0,1.0,1.0,1.0,1.0,1.0
rwc/rwc_popular_CD7_05/track.npy,rwc_popular,5,0.6370530877573132,0.04311774461028192,0.796875,0.5726141078838175,0.059602649006622516,0.5666666666666667
rwc/rwc_royalty-free_CD1_05/track.npy,rwc_royalty-free,5,0.9808429118773946,0.9731800766283525,0.9731800766283525,0.9846153846153847,0.9692307692307692,0.9692307692307692
rwc/rwc_royalty-free_CD1_11/track.npy,rwc_royalty-free,5,1.0,1.0,1.0,1.0,1.0,1.0
simac/simac_A_vida_me_fez_assim_05-Ja_era_(Palavra)/track.npy,simac,5,0.983050847457627,0.9666666666666667,0.9666666666666667,nan,nan,nan
simac/simac_A_vida_me_fez_assim_11-Quantas_lagrimas/track.npy,simac,5,1.0,1.0,1.0,nan,nan,nan
simac/simac_A_vida_me_fez_assim_13-Ana_agua_do_rio_A_vida_me_fez_assim/track.npy,simac,5,1.0,1.0,1.0,nan,nan,nan
simac/simac_Albedo_0.39_04-Main_Sequence/track.npy,simac,5,0.6545454545454545,0.4642857142857143,0.4642857142857143,nan,nan,nan
simac/simac_Alfagamabetizado_04-Cumplicidade_de_Armario/track.npy,simac,5,1.0,1.0,1.0,nan,nan,nan
simac/simac_Amber_01-Foil/track.npy,simac,5,0.3684210526315789,0.0,0.45901639344262296,nan,nan,nan
simac/simac_As_Time_Goes_By_06-therell_be_some_changes_made/track.npy,simac,5,0.8076923076923077,0.8076923076923077,0.8076923076923077,nan,nan,nan
simac/simac_As_time_goes_by_disk_2_11-Mountain_greenery/track.npy,simac,5,0.875,0.90625,0.90625,nan,nan,nan
simac/simac_As_time_goes_by_disk_3_07-Lover/track.npy,simac,5,0.9818181818181818,0.9642857142857143,0.9642857142857143,nan,nan,nan
simac/simac_As_time_goes_by_disk_3_09-All_mine/track.npy,simac,5,0.9583333333333334,1.0,1.0,nan,nan,nan
simac/simac_As_time_goes_by_disk_3_12-My_heart_stood_still/track.npy,simac,5,0.9803921568627451,0.9615384615384616,0.9615384615384616,nan,nan,nan
simac/simac_BACH_WTC_04-Prelude_and_Fugue_No._2_in_C_minor_BWV_871_-_2._Fuga/track.npy,simac,5,0.7599999999999999,0.4,0.4,nan,nan,nan
simac/simac_Bach_The_Well-Tempered_Clavier_II_(Disc_1)_11-Prelude_and_Fugue_No._6_in_D_minor_BWV_875_-_1._Praeludium/track.npy,simac,5,1.0,1.0,1.0,nan,nan,nan
simac/simac_Bach_The_Well-Tempered_Clavier_II_(Disc_2)_05-Prelude_and_Fugue_No._15_G_major_BWV_884_-_1._Praeludium/track.npy,simac,5,0.5161290322580646,0.0,0.7804878048780488,nan,nan,nan
simac/simac_Bach_The_Well-Tempered_Clavier_II_(Disc_2)_19-Prelude_and_Fugue_No._22_B-flat_minor_BWV_891_-_1._Praeludium/track.npy,simac,5,0.9811320754716981,0.9629629629629629,0.9629629629629629,nan,nan,nan
simac/simac_Bach_The_Well-Tempered_Clavier_II_(Disc_2)_21-Prelude_and_Fugue_No._23_B_major_BWV_892_-_1._Praeludium/track.npy,simac,5,1.0,1.0,1.0,nan,nan,nan
simac/simac_Beethoven_-_The_String_Quartets_#1_05-G_major_op._18_no._2_-_Allegro/track.npy,simac,5,0.9583333333333334,0.9583333333333334,0.9583333333333334,nan,nan,nan
simac/simac_Beethoven_-_The_String_Quartets_#1_07-G_major_op._18_no._2_-_Scherzo._Allegro/track.npy,simac,5,0.9610389610389611,0.9487179487179487,0.9487179487179487,nan,nan,nan
simac/simac_Bela_Bartok_05-The_Miraculous_Mandarin_5.1_Maestoso_5.2_Allegro/track.npy,simac,5,0.0606060606060606,0.0,0.6111111111111112,nan,nan,nan
simac/simac_Bernstein_conducts_Stravinsky_01-Introduction_Part_1-_The_adoration_of_the_earth_/track.npy,simac,5,0.42857142857142855,0.26666666666666666,0.26666666666666666,nan,nan,nan
simac/simac_Bernstein_conducts_Stravinsky_06-Procession_of_the_wise_elder/track.npy,simac,5,0.64,0.0,0.9090909090909091,nan,nan,nan
simac/simac_Bernstein_conducts_Stravinsky_11-Glorfication_of_the_chosen_victim/track.npy,simac,5,0.37974683544303794,0.0,0.0,nan,nan,nan
simac/simac_Bernstein_conducts_Stravinsky_21-Danse_of_the_nursemaids/track.npy,simac,5,0.6222222222222223,0.0,0.9666666666666667,nan,nan,nan
simac/simac_Cafe_Zimmermann_02-3e_Concert_Brandebourgeois_en_sol_majeur_BWV_1048_-_Allegro/track.npy,simac,5,0.45098039215686275,0.0,0.0,nan,nan,nan
simac/simac_Cafe_Zimmermann_08-Suite_en_ut_majeur_BWV_1066_-_OuvertureGavottes_I_&_II/track.npy,simac,5,0.9824561403508771,0.9655172413793104,0.9655172413793104,nan,nan,nan
simac/simac_Clandestino_-_esperando_la_ultima_ola_01-Clandestino/track.npy,simac,5,0.65625,0.0,0.9302325581395349,nan,nan,nan
simac/simac_Concert_16-4._Menuet/track.npy,simac,5,1.0,1.0,1.0,nan,nan,nan
simac/simac_DGG_419_047-2_03-Praludium_u._Fuge_f-moll_BWV_534_-_I_Praludium/track.npy,simac,5,0.9615384615384616,1.0,1.0,nan,nan,nan
simac/simac_Ella_&_Louis_08-Flying_Home/track.npy,simac,5,0.6585365853658536,0.0,0.9090909090909091,nan,nan,nan
simac/simac_Ella_&_Louis_16-If_You_Ever_Change_Your_Mind/track.npy,simac,5,0.8888888888888888,0.9629629629629629,0.9629629629629629,nan,nan,nan
simac/simac_Fado_11-AudioTrack_11/track.npy,simac,5,0.6046511627906977,0.6363636363636364,0.6363636363636364,nan,nan,nan
simac/simac_Family_Tree_-_Greatest_Hits_As_Chosen_By_Bjork_04-Isobel/track.npy,simac,5,1.0,1.0,1.0,nan,nan,nan
simac/simac_Family_Tree_-_Greatest_Hits_As_Chosen_By_Bjork_06-Unravel/track.npy,simac,5,0.6486486486486487,0.0,0.76,nan,nan,nan
simac/simac_Fight_To_Win_03-Traitors_of_Africa/track.npy,simac,5,0.8615384615384615,0.8484848484848485,0.8484848484848485,nan,nan,nan
simac/simac_Gold_-_Greatest_Hits_01-Dancing_Queen/track.npy,simac,5,1.0,1.0,1.0,nan,nan,nan
simac/simac_Gold_-_Greatest_Hits_05-Lay_All_Your_Love_On_Me/track.npy,simac,5,1.0,1.0,1.0,nan,nan,nan
simac/simac_Gold_-_Greatest_Hits_08-The_Winner_Takes_It_All/track.npy,simac,5,0.8709677419354839,0.9354838709677419,0.9354838709677419,nan,nan,nan
simac/simac_Niandra_LaDes_and_Usually_Just_a_T-Shirt_01-As_Can_Be/track.npy,simac,5,1.0,1.0,1.0,nan,nan,nan
simac/simac_Papakonstantinou_02-AudioTrack_02/track.npy,simac,5,0.6222222222222223,0.0,0.9666666666666667,nan,nan,nan
simac/simac_Papakonstantinou_10-AudioTrack_10/track.npy,simac,5,0.9523809523809523,1.0,1.0,nan,nan,nan
simac/simac_Papakonstantinou_21-AudioTrack_21/track.npy,simac,5,0.6799999999999999,0.0,1.0,nan,nan,nan
simac/simac_Primer_Aliento_03-El_retorno_de_Godzilla/track.npy,simac,5,1.0,1.0,1.0,nan,nan,nan
simac/simac_Primer_Aliento_07-Telepatia/track.npy,simac,5,1.0,1.0,1.0,nan,nan,nan
simac/simac_R.A.F.I_07-Operation_Eagle_Lie/track.npy,simac,5,0.39999999999999997,0.0,0.46153846153846156,nan,nan,nan
simac/simac_Santana_01-Jingo/track.npy,simac,5,0.9836065573770492,0.967741935483871,0.967741935483871,nan,nan,nan
simac/simac_So_Cartola_11-O_Que_e_Feito_de_Voce_/track.npy,simac,5,0.0,0.0,0.9545454545454546,nan,nan,nan
simac/simac_So_Cartola_19-Injuria_O_Sol_Nascera/track.npy,simac,5,0.0,0.0,0.92,nan,nan,nan
simac/simac_Songs_Alejandro_(Alex_Benson)_-_Golondrina/track.npy,simac,5,0.6666666666666666,0.022727272727272728,0.9318181818181818,nan,nan,nan
simac/simac_Songs_Caracas_Latin_Brothers_-_Los_hombres_tambien_lo_mueven/track.npy,simac,5,1.0,1.0,1.0,nan,nan,nan
simac/simac_Tales_Of_Mystery_And_Imagination_03-The_Tell-tale_Heart/track.npy,simac,5,0.6222222222222222,0.0,0.8709677419354839,nan,nan,nan
simac/simac_Tanto_Tempo_06-Alguem/track.npy,simac,5,0.653061224489796,0.0,0.9393939393939394,nan,nan,nan
simac/simac_Tanto_Tempo_07-So_Nice_Summer_Samba_/track.npy,simac,5,0.6666666666666666,0.0,0.9642857142857143,nan,nan,nan
simac/simac_The_Art_of_Spanish_Guitar_01-Tarrega_Recuerdos_de_la_Alhambra/track.npy,simac,5,0.5074626865671641,0.0,0.6521739130434783,nan,nan,nan
simac/simac_The_Art_of_Spanish_Guitar_05-Sojo_Cancion/track.npy,simac,5,0.8823529411764706,1.0,1.0,nan,nan,nan
simac/simac_The_Crackdown_02-In_the_Shadows/track.npy,simac,5,0.9777777777777777,0.9565217391304348,0.9565217391304348,nan,nan,nan
simac/simac_Tomatito_Tomatito-04.Armonias_del_Romane/track.npy,simac,5,0.6428571428571429,0.6785714285714286,0.6785714285714286,nan,nan,nan
simac/simac_VOL.3_Musiques_pour_guitare_et_violoncelle_06-E._Granados_Intermezzo_(de_Goyescas_)/track.npy,simac,5,0.6521739130434782,0.0,0.967741935483871,nan,nan,nan
simac/simac_Xatzidakis_02-AudioTrack_02/track.npy,simac,5,1.0,1.0,1.0,nan,nan,nan
simac/simac_Xatzidakis_13-AudioTrack_13/track.npy,simac,5,0.5499999999999999,0.2,0.6896551724137931,nan,nan,nan
simac/simac_aire_01-Aire/track.npy,simac,5,0.4788732394366197,0.0,0.0,nan,nan,nan
simac/simac_greek_12_evzwnakia/track.npy,simac,5,0.6842105263157895,0.0,1.0,nan,nan,nan
simac/simac_greek_Mpellou_-_Nyxtwse_xwris_feggari/track.npy,simac,5,0.5833333333333334,0.0,0.84375,nan,nan,nan
simac/simac_greek_Paisa_sti_vrysi_-_Velvento/track.npy,simac,5,1.0,1.0,1.0,nan,nan,nan
simac/simac_more_greek_Gkoles_-_Kori_paraxaidemeni/track.npy,simac,5,0.923076923076923,0.8571428571428571,0.8571428571428571,nan,nan,nan
simac/simac_more_greek_Ksylouris_-_Erwtiko_tragoudi_(Palikarou_palikarou)/track.npy,simac,5,1.0,1.0,1.0,nan,nan,nan
simac/simac_more_greek_Makedonas_-_Ena_deilino/track.npy,simac,5,1.0,1.0,1.0,nan,nan,nan
simac/simac_more_greek_Marinella_-_Agapi_pou_gines_dikopo_maxairi/track.npy,simac,5,0.6666666666666666,1.0,1.0,nan,nan,nan
simac/simac_more_greek_Mpellou_-_Kapoio_vrady_t_oneiro_mou/track.npy,simac,5,0.7499999999999999,0.47368421052631576,0.47368421052631576,nan,nan,nan
simac/simac_more_greek_Mpellou_-_To_teleftaio_gramma_sou/track.npy,simac,5,0.6538461538461539,0.0,0.9428571428571428,nan,nan,nan
simac/simac_more_greek_Mpellou_-_Xwrisame_ena_deilino/track.npy,simac,5,0.6551724137931034,0.0,0.9487179487179487,nan,nan,nan
simac/simac_more_greek_Mpi8ikwtsis_-_Gwnia_gwnia/track.npy,simac,5,0.6521739130434783,0.0,0.9354838709677419,nan,nan,nan
simac/simac_more_greek_Mpi8ikwtsis_-_H_kyra/track.npy,simac,5,0.5581395348837208,0.0,0.896551724137931,nan,nan,nan
simac/simac_more_greek_Mpi8ikwtsis_-_Matia_vourkwmena/track.npy,simac,5,0.5957446808510638,0.0,0.9032258064516129,nan,nan,nan
simac/simac_selected_ambient_works_8592_delphium/track.npy,simac,5,0.8333333333333334,0.8064516129032258,0.8064516129032258,nan,nan,nan
smc/smc_004/track.npy,smc,5,0.59375,0.5454545454545454,0.5454545454545454,nan,nan,nan
smc/smc_007/track.npy,smc,5,0.6,0.8,0.8,nan,nan,nan
smc/smc_013/track.npy,smc,5,0.9464285714285714,1.0,1.0,nan,nan,nan
smc/smc_021/track.npy,smc,5,0.4672897196261682,0.6111111111111112,0.6111111111111112,nan,nan,nan
smc/smc_032/track.npy,smc,5,0.6190476190476191,0.5,0.5,nan,nan,nan
smc/smc_034/track.npy,smc,5,0.9459459459459459,1.0,1.0,nan,nan,nan
smc/smc_037/track.npy,smc,5,0.6666666666666667,0.2647058823529412,0.43478260869565216,nan,nan,nan
smc/smc_041/track.npy,smc,5,0.963855421686747,0.9285714285714286,0.9285714285714286,nan,nan,nan
smc/smc_043/track.npy,smc,5,0.8113207547169812,0.7321428571428571,0.7321428571428571,nan,nan,nan
smc/smc_063/track.npy,smc,5,0.693069306930693,0.7647058823529411,0.7647058823529411,nan,nan,nan
smc/smc_066/track.npy,smc,5,0.6296296296296297,0.8518518518518519,0.8518518518518519,nan,nan,nan
smc/smc_076/track.npy,smc,5,0.46938775510204084,0.11764705882352941,0.11764705882352941,nan,nan,nan
smc/smc_100/track.npy,smc,5,0.44680851063829785,0.17543859649122806,0.3013698630136986,nan,nan,nan
smc/smc_109/track.npy,smc,5,0.38983050847457623,0.05,0.125,nan,nan,nan
smc/smc_117/track.npy,smc,5,0.684931506849315,0.7894736842105263,0.7894736842105263,nan,nan,nan
smc/smc_173/track.npy,smc,5,0.611111111111111,0.0,0.9791666666666666,nan,nan,nan
smc/smc_176/track.npy,smc,5,0.3428571428571429,0.08888888888888889,0.08888888888888889,nan,nan,nan
smc/smc_181/track.npy,smc,5,0.3283582089552239,0.0,0.0,nan,nan,nan
smc/smc_194/track.npy,smc,5,0.24489795918367346,0.0,0.11764705882352941,nan,nan,nan
smc/smc_204/track.npy,smc,5,0.3063063063063063,0.14035087719298245,0.14035087719298245,nan,nan,nan
smc/smc_216/track.npy,smc,5,0.7714285714285715,0.8333333333333334,0.8333333333333334,nan,nan,nan
smc/smc_217/track.npy,smc,5,0.7741935483870968,1.0,1.0,nan,nan,nan
smc/smc_266/track.npy,smc,5,0.5423728813559322,0.45161290322580644,0.45161290322580644,nan,nan,nan
smc/smc_269/track.npy,smc,5,0.819672131147541,0.8387096774193549,0.8387096774193549,nan,nan,nan
smc/smc_275/track.npy,smc,5,0.4946236559139785,0.0,0.0,nan,nan,nan
smc/smc_277/track.npy,smc,5,0.5636363636363637,0.0,0.46835443037974683,nan,nan,nan
smc/smc_282/track.npy,smc,5,0.9818181818181818,0.9636363636363636,0.9636363636363636,nan,nan,nan
tapcorrect/043_youtube_CWEqbuJ6DlQ/track.npy,tapcorrect,5,0.7299703264094956,0.36032863849765256,0.36032863849765256,0.6368159203980099,0.03076923076923077,0.8226950354609929
tapcorrect/048_youtube_B_e7QbWc5mI/track.npy,tapcorrect,5,0.9498141263940519,0.8998144712430427,0.8998144712430427,0.8848484848484849,0.7738095238095238,0.7738095238095238
tapcorrect/050_youtube_vx2u5uUu3DE/track.npy,tapcorrect,5,0.9801762114537445,0.958963282937365,0.958963282937365,0.9824561403508771,0.9568965517241379,0.9568965517241379
tapcorrect/052_youtube_LjffPO71TJs/track.npy,tapcorrect,5,0.9361245303274288,0.8803418803418803,0.8803418803418803,0.9141630901287554,0.8723404255319149,0.8723404255319149
tapcorrect/059_youtube_-tJYN-eG1zk/track.npy,tapcorrect,5,1.0,1.0,1.0,0.8200000000000001,0.3728813559322034,0.4567901234567901
tapcorrect/060_youtube_FY9v147BZuE/track.npy,tapcorrect,5,0.8295081967213115,0.42016806722689076,0.42016806722689076,0.8133333333333334,0.41379310344827586,0.41379310344827586
tapcorrect/063_youtube_uFEK4fpYOS4/track.npy,tapcorrect,5,0.993091537132988,0.9896729776247849,0.9896729776247849,0.993103448275862,0.9863013698630136,0.9863013698630136
tapcorrect/070_youtube_m-M1AtrxztU/track.npy,tapcorrect,5,0.9958419958419958,0.997920997920998,0.997920997920998,0.9211618257261411,0.9090909090909091,0.9090909090909091
tapcorrect/071_youtube_WBQ03PXMpqY/track.npy,tapcorrect,5,0.875,0.5565862708719852,0.5565862708719852,0.9888475836431226,0.9629629629629629,0.9629629629629629
tapcorrect/082_youtube_M84S81FL5FY/track.npy,tapcorrect,5,1.0,1.0,1.0,0.9214659685863874,0.7087378640776699,0.7087378640776699
tapcorrect/092_youtube_oh2LWWORoiM/track.npy,tapcorrect,5,0.9862258953168045,0.9862637362637363,0.9862637362637363,0.978021978021978,0.967032967032967,0.967032967032967
tapcorrect/100_youtube_QinABEXzutY/track.npy,tapcorrect,5,0.9041835357624831,0.8903743315508021,0.8903743315508021,0.7434554973821991,0.6428571428571429,0.6428571428571429
asap/Bach_Fugue_bwv_857_Bult-ItoS02M/track.npy,asap,6,0.9819819819819819,0.972972972972973,0.972972972972973,0.593939393939394,0.0,0.8648648648648649
asap/Bach_Fugue_bwv_857_Lisiecki04M/track.npy,asap,6,0.9313304721030042,0.7695473251028807,0.7695473251028807,0.5889570552147239,0.009345794392523364,0.8378378378378378
asap/Bach_Fugue_bwv_857_ToA01M/track.npy,asap,6,0.9910714285714286,0.9822222222222222,0.9822222222222222,0.6385542168674699,0.0,0.9009009009009009
asap/Bach_Fugue_bwv_857_WangA01M/track.npy,asap,6,0.9866666666666667,0.9647577092511013,0.9647577092511013,0.5748502994011976,0.0,0.8558558558558559
asap/Bach_Fugue_bwv_857_YuP01M/track.npy,asap,6,0.9888641425389755,0.9734513274336283,0.9734513274336283,0.5748502994011976,0.0,0.8558558558558559
asap/Bach_Fugue_bwv_875_Ahfat01M/track.npy,asap,6,0.7142857142857144,0.3087248322147651,0.4195121951219512,0.38775510204081626,0.0,0.2777777777777778
asap/Bach_Fugue_bwv_875_CaoJ01M/track.npy,asap,6,0.970873786407767,0.9230769230769231,0.9230769230769231,0.6493506493506493,0.0,0.9423076923076923
asap/Bach_Fugue_bwv_876_SirajA01M/track.npy,asap,6,0.7982062780269059,0.3233082706766917,0.5,0.7636363636363637,0.2537313432835821,0.5581395348837209
asap/Bach_Fugue_bwv_876_Song01M/track.npy,asap,6,0.9923664122137404,0.9770992366412213,0.9770992366412213,0.9180327868852458,0.7121212121212122,0.7121212121212122
asap/Bach_Fugue_bwv_883_GuoE01M/track.npy,asap,6,0.9735849056603774,0.8970588235294118,0.8970588235294118,0.6192893401015228,0.0,0.8814814814814815
asap/Bach_Fugue_bwv_883_Herbert02/track.npy,asap,6,0.007366482504604052,0.28308823529411764,0.28308823529411764,0.0,0.0,0.16296296296296298
asap/Bach_Fugue_bwv_883_KaiRuiR03/track.npy,asap,6,0.014732965009208104,0.029411764705882353,0.6826568265682657,0.0,0.0,0.16296296296296298
asap/Bach_Fugue_bwv_883_Khmara04/track.npy,asap,6,0.0038461538461538464,0.0,0.22426470588235295,0.0,0.0,0.059322033898305086
asap/Bach_Fugue_bwv_883_LuM01M/track.npy,asap,6,0.992619926199262,1.0,1.0,0.5,0.0,0.7037037037037037
asap/Bach_Fugue_bwv_889_Giesbrecht01M/track.npy,asap,6,0.8030888030888031,0.3419354838709677,0.4830917874396135,0.6666666666666666,0.0,0.9807692307692307
asap/Bach_Fugue_bwv_889_LiuY01M/track.npy,asap,6,0.7761194029850745,0.27439024390243905,0.5458937198067633,0.6578947368421052,0.0,0.9411764705882353
asap/Bach_Fugue_bwv_889_MunA01M/track.npy,asap,6,0.8433734939759037,0.4583333333333333,0.4583333333333333,0.5306122448979591,0.0,0.4583333333333333
asap/Bach_Fugue_bwv_889_Wang01M/track.npy,asap,6,0.8353413654618473,0.4791666666666667,0.4791666666666667,0.6582278481012659,0.0,0.9622641509433962
asap/Bach_Fugue_bwv_889_YangY02M/track.npy,asap,6,0.6666666666666666,0.0,0.9857142857142858,0.46428571428571425,0.0,0.18604651162790697
asap/Bach_Fugue_bwv_889_ZhangW02M/track.npy,asap,6,0.7545787545787546,0.22485207100591717,0.6183574879227053,0.5591397849462366,0.0,0.5223880597014925
asap/Bach_Prelude_bwv_856_LuoJ01M/track.npy,asap,6,0.4925373134328358,0.0,0.0049504950495049506,0.5925925925925926,0.0,0.7105263157894737
asap/Bach_Prelude_bwv_857_Bult-ItoS02M/track.npy,asap,6,0.9937888198757764,0.9876543209876543,0.9876543209876543,0.6557377049180327,0.0,0.975609756097561
asap/Bach_Prelude_bwv_857_Lan01M/track.npy,asap,6,0.9937888198757764,0.9876543209876543,0.9876543209876543,0.6557377049180327,0.0,0.9512195121951219
asap/Bach_Prelude_bwv_857_Lisiecki04M/track.npy,asap,6,0.9818181818181818,0.9518072289156626,0.9518072289156626,0.6557377049180327,0.0,0.9512195121951219
asap/Bach_Prelude_bwv_857_ToA01M/track.npy,asap,6,0.9753086419753086,0.9634146341463414,0.9634146341463414,0.6557377049180327,0.0,0.975609756097561
asap/Bach_Prelude_bwv_857_WangA01M/track.npy,asap,6,0.9938650306748467,0.9878048780487805,0.9878048780487805,0.6557377049180327,0.0,0.975609756097561
asap/Bach_Prelude_bwv_857_YuP01M/track.npy,asap,6,1.0,1.0,1.0,0.6774193548387097,0.0,1.0
asap/Beethoven_Piano_Sonatas_16-1_BuiJL02M/track.npy,asap,6,0.940794809407948,0.8322884012539185,0.8322884012539185,0.9032258064516129,0.6959247648902821,0.6959247648902821
asap/Beethoven_Piano_Sonatas_16-1_Khmara05M/track.npy,asap,6,0.90671031096563,0.7836990595611285,0.7836990595611285,0.79182156133829,0.45454545454545453,0.45454545454545453
asap/Beethoven_Piano_Sonatas_16-1_LeeSH02M/track.npy,asap,6,0.8785197103781174,0.8028169014084507,0.8028169014084507,0.8455008488964346,0.6802507836990596,0.6802507836990596
asap/Beethoven_Piano_Sonatas_16-1_LuoJ03M/track.npy,asap,6,0.9465020576131687,0.8141732283464567,0.8141732283464567,0.7430830039525691,0.2744479495268139,0.2744479495268139
asap/Beethoven_Piano_Sonatas_16-1_Woo05M/track.npy,asap,6,0.8908794788273616,0.7758620689655172,0.7758620689655172,0.7695167286245352,0.4012539184952978,0.4012539184952978
asap/Beethoven_Piano_Sonatas_24-1_Lisiecki05M/track.npy,asap,6,0.9430496019595835,0.9038929440389294,0.9038929440389294,0.9339622641509433,0.8264840182648402,0.8264840182648402
asap/Beethoven_Piano_Sonatas_24-1_no_repeat_Lou02M/track.npy,asap,6,0.9571603427172583,0.9121951219512195,0.9121951219512195,0.8521739130434781,0.5555555555555556,0.5555555555555556
asap/Beethoven_Piano_Sonatas_24-2_Lisiecki05M/track.npy,asap,6,0.7654676258992805,0.6657223796033994,0.6657223796033994,0.5,0.13559322033898305,0.2727272727272727
asap/Beethoven_Piano_Sonatas_27-1_GiacomelliN04M/track.npy,asap,6,0.7085714285714285,0.39557399723374825,0.39557399723374825,0.55,0.27800829875518673,0.27800829875518673
asap/Beethoven_Piano_Sonatas_27-1_Ko05M/track.npy,asap,6,0.7583401139137511,0.43706777316735823,0.43706777316735823,0.5363636363636364,0.2821576763485477,0.2821576763485477
asap/Beethoven_Piano_Sonatas_27-1_MiyashitaM02M/track.npy,asap,6,0.8976157082748948,0.8298755186721992,0.8298755186721992,0.6540880503144655,0.5145228215767634,0.5145228215767634
asap/Beethoven_Piano_Sonatas_5-1_Colafelice02M/track.npy,asap,6,0.602291325695581,0.1125748502994012,0.1125748502994012,0.5767441860465116,0.1003584229390681,0.36423841059602646
asap/Beethoven_Piano_Sonatas_5-1_SunD02M/track.npy,asap,6,0.6359300476947536,0.15384615384615385,0.15384615384615385,0.6607142857142857,0.2014388489208633,0.27647058823529413
asap/Beethoven_Piano_Sonatas_8-1_Na06M/track.npy,asap,6,0.8926470588235295,0.7390691114245416,0.7390691114245416,0.7414104882459314,0.43506493506493504,0.43506493506493504
asap/Chopin_Etudes_op_10_2_Hebert03M/track.npy,asap,6,0.888888888888889,0.6,0.6,0.967741935483871,0.875,0.875
asap/Chopin_Etudes_op_10_2_JeonH02M/track.npy,asap,6,0.8517350157728707,0.4835164835164835,0.4835164835164835,0.7964601769911505,0.3582089552238806,0.4065934065934066
asap/Chopin_Etudes_op_25_11_Richardson_2015_03M/track.npy,asap,6,0.9593709043250328,0.917098445595855,0.917098445595855,0.9319371727748692,0.9166666666666666,0.9166666666666666
asap/Chopin_Scherzos_31_ChenW04M/track.npy,asap,6,0.4817150063051703,0.016817593790426907,0.03620689655172414,0.51067615658363,0.04139715394566624,0.32558139534883723
asap/Chopin_Scherzos_31_HuNY08M/track.npy,asap,6,0.4860050890585242,0.00560586459680897,0.03103448275862069,0.5520282186948854,0.02457956015523933,0.3798449612403101
asap/Chopin_Scherzos_31_Jussow11M/track.npy,asap,6,0.4790996784565916,0.01123110151187905,0.023336214347450302,0.511070110701107,0.02072538860103627,0.2772020725388601
asap/Chopin_Scherzos_31_LeeN04M/track.npy,asap,6,0.485214626391097,0.014248704663212436,0.037996545768566495,0.5122171945701358,0.010362694300518135,0.33678756476683935
asap/Chopin_Scherzos_31_LinTami06M/track.npy,asap,6,0.460838479038024,0.004314063848144953,0.0181190681622088,0.5032618825722274,0.0038809831824062097,0.3798449612403101
asap/Chopin_Scherzos_31_LuoJ12M/track.npy,asap,6,0.46742301458670993,0.0064710957722174285,0.01639344262295082,0.5540661304736373,0.00646830530401035,0.4754521963824289
asap/Chopin_Scherzos_31_SunD04M/track.npy,asap,6,0.47585089141004855,0.010367170626349892,0.029386343993085567,0.5088868101028999,0.0,0.2927461139896373
asap/Chopin_Scherzos_31_TongB04M/track.npy,asap,6,0.4400656814449918,0.0012942191544434857,0.01639344262295082,0.5063985374771481,0.00129366106080207,0.37467700258397935
asap/Chopin_Scherzos_31_TuanS05M/track.npy,asap,6,0.4672051696284329,0.0025884383088869713,0.014667817083692839,0.5381818181818182,0.016817593790426907,0.3643410852713178
asap/Chopin_Scherzos_31_ZhangW04M/track.npy,asap,6,0.46789286866731206,0.006902502157031924,0.022433132010353754,0.5514184397163121,0.0038809831824062097,0.4005167958656331
asap/Chopin_Sonata_2_4th_KaszoS16M/track.npy,asap,6,0.5243619489559165,0.0,0.564625850340136,0.43661971830985913,0.4794520547945205,0.4794520547945205
asap/Haydn_Keyboard_Sonatas_50-1_no_repeat_GalantM02M/track.npy,asap,6,0.9882352941176471,0.9766277128547579,0.9766277128547579,0.6607142857142857,0.0,0.97
asap/Haydn_Keyboard_Sonatas_50-1_no_repeat_HamSY02M/track.npy,asap,6,0.9029126213592232,0.7798449612403101,0.7798449612403101,0.6330275229357798,0.04861111111111111,0.8372881355932204
asap/Haydn_Keyboard_Sonatas_50-1_no_repeat_Huang05M/track.npy,asap,6,0.9352396972245584,0.9115191986644408,0.9115191986644408,0.6150234741784038,0.025089605734767026,0.825938566552901
asap/Haydn_Keyboard_Sonatas_50-1_no_repeat_JeonH03M/track.npy,asap,6,0.9134377576257213,0.842443729903537,0.842443729903537,0.6129753914988815,0.0033444816053511705,0.8963210702341137
asap/Haydn_Keyboard_Sonatas_50-1_no_repeat_KARYAG06M/track.npy,asap,6,0.9757727652464496,0.9310344827586207,0.9310344827586207,0.6805555555555556,0.0456140350877193,0.8839590443686007
asap/Haydn_Keyboard_Sonatas_50-1_no_repeat_Shi07M/track.npy,asap,6,0.9144254278728606,0.8018867924528302,0.8018867924528302,0.6160919540229884,0.006968641114982578,0.8711864406779661
asap/Haydn_Keyboard_Sonatas_50-1_no_repeat_YoungS02M/track.npy,asap,6,0.8858520900321544,0.7473200612557427,0.7473200612557427,0.6146788990825688,0.013888888888888888,0.8847457627118644
asap/Liszt_Gran_Etudes_de_Paganini_6_Theme_and_Variations_WangA07M/track.npy,asap,6,0.8122941822173436,0.6166666666666667,0.6166666666666667,0.7912621359223301,0.6930232558139535,0.6930232558139535
asap/Schubert_Piano_Sonatas_894-2_Yeletskiy08M/track.npy,asap,6,0.7936786654960492,0.5893155258764607,0.5893155258764607,0.6026666666666667,0.305,0.305
asap/Schubert_Piano_Sonatas_894-2_no_repeat_CHEN11M/track.npy,asap,6,0.8205625606207567,0.6722846441947565,0.6722846441947565,0.7556818181818181,0.6179775280898876,0.6179775280898876
asap/Schubert_Piano_Sonatas_894-2_no_repeat_Lee10M/track.npy,asap,6,0.8983543078412393,0.7659176029962547,0.7659176029962547,0.6954022988505747,0.5168539325842697,0.5168539325842697
asap/Schubert_Piano_Sonatas_894-2_no_repeat_SINKEV12M/track.npy,asap,6,0.8257059396299903,0.6910112359550562,0.6910112359550562,0.7846607669616519,0.6460674157303371,0.6460674157303371
asap/Scriabin_Etudes_op_8_11_Shi08M/track.npy,asap,6,0.7314285714285714,0.36787564766839376,0.36787564766839376,0.30769230769230765,0.03333333333333333,0.10476190476190476
ballroom/ballroom_Albums-AnaBelen_Veneo-01/track.npy,ballroom,6,1.0,1.0,1.0,1.0,1.0,1.0
ballroom/ballroom_Albums-Ballroom_Classics4-01/track.npy,ballroom,6,0.6944444444444444,0.9722222222222222,0.9722222222222222,0.9166666666666666,1.0,1.0
ballroom/ballroom_Albums-Ballroom_Classics4-11/track.npy,ballroom,6,0.993103448275862,0.9863013698630136,0.9863013698630136,1.0,1.0,1.0
ballroom/ballroom_Albums-Ballroom_Classics4-19/track.npy,ballroom,6,1.0,1.0,1.0,1.0,1.0,1.0
ballroom/ballroom_Albums-Ballroom_Magic-08/track.npy,ballroom,6,1.0,1.0,1.0,1.0,1.0,1.0
ballroom/ballroom_Albums-Ballroom_Magic-10/track.npy,ballroom,6,1.0,1.0,1.0,1.0,1.0,1.0
ballroom/ballroom_Albums-Cafe_Paradiso-12/track.npy,ballroom,6,1.0,1.0,1.0,1.0,1.0,1.0
ballroom/ballroom_Albums-Chrisanne3-05/track.npy,ballroom,6,0.6666666666666666,0.6428571428571429,0.6428571428571429,0.6923076923076923,1.0,1.0
ballroom/ballroom_Albums-Chrisanne3-15/track.npy,ballroom,6,0.9333333333333332,0.8372093023255814,0.8372093023255814,0.9,0.9047619047619048,0.9047619047619048
ballroom/ballroom_Albums-Fire-14/track.npy,ballroom,6,1.0,1.0,1.0,1.0,1.0,1.0
ballroom/ballroom_Albums-Fire-15/track.npy,ballroom,6,1.0,1.0,1.0,1.0,1.0,1.0
ballroom/ballroom_Albums-GloriaEstefan_MiTierra-01/track.npy,ballroom,6,1.0,1.0,1.0,1.0,1.0,1.0
ballroom/ballroom_Albums-Latin_Jam-02/track.npy,ballroom,6,1.0,1.0,1.0,1.0,1.0,1.0
ballroom/ballroom_Albums-Latin_Jam4-11/track.npy,ballroom,6,1.0,1.0,1.0,1.0,1.0,1.0
ballroom/ballroom_Albums-Latin_Jam5-02/track.npy,ballroom,6,1.0,1.0,1.0,1.0,1.0,1.0
ballroom/ballroom_Albums-Latin_Jam5-03/track.npy,ballroom,6,0.9767441860465116,1.0,1.0,1.0,1.0,1.0
ballroom/ballroom_Albums-Latin_Jam5-04/track.npy,ballroom,6,1.0,1.0,1.0,1.0,1.0,1.0
ballroom/ballroom_Albums-Latin_Jam5-10/track.npy,ballroom,6,0.9879518072289156,0.9761904761904762,0.9761904761904762,1.0,1.0,1.0
ballroom/ballroom_Albums-Latino_Latino-01/track.npy,ballroom,6,0.9904761904761905,0.9811320754716981,0.9811320754716981,1.0,1.0,1.0
ballroom/ballroom_Albums-Macumba-08/track.npy,ballroom,6,1.0,1.0,1.0,1.0,1.0,1.0
ballroom/ballroom_Albums-Macumba-09/track.npy,ballroom,6,1.0,1.0,1.0,1.0,1.0,1.0
ballroom/ballroom_Albums-Macumba-15/track.npy,ballroom,6,1.0,1.0,1.0,1.0,1.0,1.0
ballroom/ballroom_Albums-Pais_Tropical-05/track.npy,ballroom,6,1.0,1.0,1.0,1.0,1.0,1.0
ballroom/ballroom_Albums-Pais_Tropical-09/track.npy,ballroom,6,1.0,1.0,1.0,1.0,1.0,1.0
ballroom/ballroom_Albums-Secret_Garden-01/track.npy,ballroom,6,0.8615384615384615,0.9393939393939394,0.9393939393939394,0.9090909090909091,1.0,1.0
ballroom/ballroom_Albums-StrictlyDancing_Tango-02/track.npy,ballroom,6,1.0,1.0,1.0,1.0,1.0,1.0
ballroom/ballroom_Albums-StrictlyDancing_Tango-13/track.npy,ballroom,6,1.0,1.0,1.0,1.0,1.0,1.0
ballroom/ballroom_Media-103314/track.npy,ballroom,6,1.0,1.0,1.0,1.0,1.0,1.0
ballroom/ballroom_Media-103413/track.npy,ballroom,6,0.9902912621359222,0.9807692307692307,0.9807692307692307,1.0,1.0,1.0
ballroom/ballroom_Media-103503/track.npy,ballroom,6,1.0,1.0,1.0,1.0,1.0,1.0
ballroom/ballroom_Media-103510/track.npy,ballroom,6,1.0,1.0,1.0,1.0,1.0,1.0
ballroom/ballroom_Media-103607/track.npy,ballroom,6,0.9885057471264368,0.9772727272727273,0.9772727272727273,1.0,1.0,1.0
ballroom/ballroom_Media-103612/track.npy,ballroom,6,1.0,1.0,1.0,0.8372093023255813,0.48,0.48
ballroom/ballroom_Media-103616/track.npy,ballroom,6,0.9565217391304348,0.9166666666666666,0.9166666666666666,0.9411764705882353,0.8888888888888888,0.8888888888888888
ballroom/ballroom_Media-103617/track.npy,ballroom,6,1.0,1.0,1.0,1.0,1.0,1.0
ballroom/ballroom_Media-103619/track.npy,ballroom,6,0.9908256880733944,0.9818181818181818,0.9818181818181818,0.8235294117647058,0.4,0.4444444444444444
ballroom/ballroom_Media-103702/track.npy,ballroom,6,1.0,1.0,1.0,1.0,1.0,1.0
ballroom/ballroom_Media-103708/track.npy,ballroom,6,1.0,1.0,1.0,1.0,1.0,1.0
ballroom/ballroom_Media-103803/track.npy,ballroom,6,0.9902912621359222,0.9807692307692307,0.9807692307692307,1.0,1.0,1.0
ballroom/ballroom_Media-103812/track.npy,ballroom,6,1.0,1.0,1.0,1.0,1.0,1.0
ballroom/ballroom_Media-103813/track.npy,ballroom,6,1.0,1.0,1.0,1.0,1.0,1.0
ballroom/ballroom_Media-104003/track.npy,ballroom,6,1.0,1.0,1.0,1.0,1.0,1.0
ballroom/ballroom_Media-104005/track.npy,ballroom,6,0.9876543209876543,0.975609756097561,0.975609756097561,0.9523809523809523,0.9090909090909091,0.9090909090909091
ballroom/ballroom_Media-104006/track.npy,ballroom,6,1.0,1.0,1.0,1.0,1.0,1.0
ballroom/ballroom_Media-104009/track.npy,ballroom,6,0.9791666666666666,0.9791666666666666,0.9791666666666666,1.0,1.0,1.0
ballroom/ballroom_Media-104106/track.npy,ballroom,6,1.0,1.0,1.0,1.0,1.0,1.0
ballroom/ballroom_Media-104201/track.npy,ballroom,6,0.9863013698630138,0.972972972972973,0.972972972972973,1.0,1.0,1.0
ballroom/ballroom_Media-104202/track.npy,ballroom,6,0.9863013698630138,0.972972972972973,0.972972972972973,1.0,1.0,1.0
ballroom/ballroom_Media-104212/track.npy,ballroom,6,0.9933774834437086,0.9868421052631579,0.9868421052631579,0.9803921568627451,0.9615384615384616,0.9615384615384616
ballroom/ballroom_Media-104219/track.npy,ballroom,6,0.9941520467836257,0.9767441860465116,0.9767441860465116,0.9767441860465117,0.9545454545454546,0.9545454545454546
ballroom/ballroom_Media-104305/track.npy,ballroom,6,1.0,1.0,1.0,1.0,1.0,1.0
ballroom/ballroom_Media-104314/track.npy,ballroom,6,0.9942857142857142,0.9886363636363636,0.9886363636363636,0.9767441860465117,0.9545454545454546,0.9545454545454546
ballroom/ballroom_Media-104315/track.npy,ballroom,6,0.9942857142857142,0.9886363636363636,0.9886363636363636,0.4186046511627907,0.4090909090909091,0.5
ballroom/ballroom_Media-104407/track.npy,ballroom,6,0.9934640522875817,0.987012987012987,0.987012987012987,1.0,1.0,1.0
ballroom/ballroom_Media-104501/track.npy,ballroom,6,1.0,1.0,1.0,1.0,1.0,1.0
ballroom/ballroom_Media-104505/track.npy,ballroom,6,0.9906542056074767,0.9814814814814815,0.9814814814814815,0.962962962962963,0.9285714285714286,0.9285714285714286
ballroom/ballroom_Media-104515/track.npy,ballroom,6,0.9942196531791908,0.9885057471264368,0.9885057471264368,0.9767441860465117,0.9545454545454546,0.9545454545454546
ballroom/ballroom_Media-104603/track.npy,ballroom,6,0.9863013698630138,0.972972972972973,0.972972972972973,1.0,1.0,1.0
ballroom/ballroom_Media-104605/track.npy,ballroom,6,0.9908256880733944,0.9818181818181818,0.9818181818181818,1.0,1.0,1.0
ballroom/ballroom_Media-104702/track.npy,ballroom,6,1.0,1.0,1.0,1.0,1.0,1.0
ballroom/ballroom_Media-104809/track.npy,ballroom,6,1.0,1.0,1.0,1.0,1.0,1.0
ballroom/ballroom_Media-104902/track.npy,ballroom,6,1.0,1.0,1.0,1.0,1.0,1.0
ballroom/ballroom_Media-105008/track.npy,ballroom,6,0.9904761904761905,0.9811320754716981,0.9811320754716981,1.0,1.0,1.0
ballroom/ballroom_Media-105009/track.npy,ballroom,6,1.0,1.0,1.0,1.0,1.0,1.0
ballroom/ballroom_Media-105016/track.npy,ballroom,6,1.0,1.0,1.0,1.0,1.0,1.0
ballroom/ballroom_Media-105017/track.npy,ballroom,6,1.0,1.0,1.0,1.0,1.0,1.0
ballroom/ballroom_Media-105020/track.npy,ballroom,6,0.9710982658959537,0.9425287356321839,0.9425287356321839,1.0,1.0,1.0
ballroom/ballroom_Media-105102/track.npy,ballroom,6,0.9428571428571428,0.9714285714285714,0.9714285714285714,1.0,1.0,1.0
ballroom/ballroom_Media-105109/track.npy,ballroom,6,1.0,1.0,1.0,1.0,1.0,1.0
ballroom/ballroom_Media-105212/track.npy,ballroom,6,1.0,1.0,1.0,1.0,1.0,1.0
ballroom/ballroom_Media-105214/track.npy,ballroom,6,0.9253731343283583,0.9117647058823529,0.9117647058823529,1.0,1.0,1.0
ballroom/ballroom_Media-105302/track.npy,ballroom,6,0.3235294117647059,0.34285714285714286,0.34285714285714286,0.36363636363636365,0.7272727272727273,0.7272727272727273
ballroom/ballroom_Media-105403/track.npy,ballroom,6,1.0,1.0,1.0,1.0,1.0,1.0
ballroom/ballroom_Media-105405/track.npy,ballroom,6,1.0,1.0,1.0,1.0,1.0,1.0
ballroom/ballroom_Media-105409/track.npy,ballroom,6,1.0,1.0,1.0,1.0,1.0,1.0
ballroom/ballroom_Media-105417/track.npy,ballroom,6,0.9894736842105264,0.9791666666666666,0.9791666666666666,0.9565217391304348,0.9166666666666666,0.9166666666666666
ballroom/ballroom_Media-105420/track.npy,ballroom,6,0.9904761904761905,0.9811320754716981,0.9811320754716981,0.962962962962963,0.9285714285714286,0.9285714285714286
ballroom/ballroom_Media-105803/track.npy,ballroom,6,0.9722222222222222,1.0,1.0,1.0,1.0,1.0
ballroom/ballroom_Media-105804/track.npy,ballroom,6,1.0,1.0,1.0,1.0,1.0,1.0
ballroom/ballroom_Media-105809/track.npy,ballroom,6,1.0,1.0,1.0,1.0,1.0,1.0
ballroom/ballroom_Media-105812/track.npy,ballroom,6,0.9793103448275863,0.9041095890410958,0.9041095890410958,0.9795918367346939,0.96,0.96
ballroom/ballroom_Media-105907/track.npy,ballroom,6,1.0,0.9864864864864865,0.9864864864864865,1.0,1.0,1.0
ballroom/ballroom_Media-106001/track.npy,ballroom,6,0.9767441860465117,0.9545454545454546,0.9545454545454546,0.43478260869565216,0.4166666666666667,0.4166666666666667
ballroom/ballroom_Media-106016/track.npy,ballroom,6,1.0,1.0,1.0,1.0,1.0,1.0
ballroom/ballroom_Media-106108/track.npy,ballroom,6,0.9767441860465117,0.9545454545454546,0.9545454545454546,1.0,1.0,1.0
beatles/beatles_01_Please_Please_Me_06_Ask_Me_Why/track.npy,beatles,6,0.9966555183946488,0.9966555183946488,0.9966555183946488,1.0,1.0,1.0
beatles/beatles_01_Please_Please_Me_12_A_Taste_Of_Honey/track.npy,beatles,6,0.9033942558746737,0.9015544041450777,0.9015544041450777,0.8595041322314049,0.8524590163934426,0.8524590163934426
beatles/beatles_02_With_the_Beatles_01_It_Wont_Be_Long/track.npy,beatles,6,0.958955223880597,0.9448529411764706,0.9448529411764706,0.9701492537313432,0.9558823529411765,0.9558823529411765
beatles/beatles_02_With_the_Beatles_02_All_Ive_Got_To_Do/track.npy,beatles,6,1.0,1.0,1.0,1.0,1.0,1.0
beatles/beatles_03_A_Hard_Days_Night_13_Ill_Be_Back/track.npy,beatles,6,0.996389891696751,0.9928057553956835,0.9928057553956835,0.9517241379310345,0.8783783783783784,0.8783783783783784
beatles/beatles_04_Beatles_for_Sale_04_Rock_and_Roll_Music/track.npy,beatles,6,0.9987484355444306,0.995,0.995,1.0,1.0,1.0
beatles/beatles_04_Beatles_for_Sale_09_Words_of_Love/track.npy,beatles,6,0.94,0.9762845849802372,0.9762845849802372,0.976,0.9841269841269841,0.9841269841269841
beatles/beatles_05_Help_01_Help/track.npy,beatles,6,0.9926650366748166,0.9854368932038835,0.9854368932038835,0.6666666666666666,0.0,0.9805825242718447
beatles/beatles_05_Help_14_Dizzy_Miss_Lizzy/track.npy,beatles,6,0.9933065595716197,0.9919786096256684,0.9919786096256684,0.9346733668341708,0.7904761904761904,0.7904761904761904
beatles/beatles_06_Rubber_Soul_03_You_Wont_See_Me/track.npy,beatles,6,0.9945945945945946,0.989247311827957,0.989247311827957,0.9945945945945946,0.989247311827957,0.989247311827957
beatles/beatles_06_Rubber_Soul_04_Nowhere_Man/track.npy,beatles,6,0.9821717990275527,0.9805825242718447,0.9805825242718447,0.987012987012987,1.0,1.0
beatles/beatles_07_Revolver_09_And_Your_Bird_Can_Sing/track.npy,beatles,6,0.9898167006109979,0.9798387096774194,0.9798387096774194,0.991869918699187,0.9838709677419355,0.9838709677419355
beatles/beatles_08_Sgt_Peppers_Lonely_Hearts_Club_Band_05_Fixing_A_Hole/track.npy,beatles,6,0.9927797833935018,0.985663082437276,0.985663082437276,0.9857142857142858,0.9857142857142858,0.9857142857142858
beatles/beatles_08_Sgt_Peppers_Lonely_Hearts_Club_Band_11_Good_Morning_Good_Morning/track.npy,beatles,6,0.9864864864864865,0.9733333333333334,0.9733333333333334,0.6705202312138728,0.40217391304347827,0.40217391304347827
beatles/beatles_09_Magical_Mystery_Tour_04_Blue_Jay_Way/track.npy,beatles,6,0.9186746987951808,0.9080118694362018,0.9080118694362018,0.7444444444444444,0.59375,0.59375
beatles/beatles_10_CD1_The_Beatles_05_Wild_Honey_Pie/track.npy,beatles,6,0.9857142857142858,0.971830985915493,0.971830985915493,0.7083333333333333,0.21428571428571427,0.5128205128205128
beatles/beatles_10_CD1_The_Beatles_10_Im_So_Tired/track.npy,beatles,6,0.996309963099631,0.9926470588235294,0.9926470588235294,0.7999999999999999,0.40816326530612246,0.40816326530612246
beatles/beatles_10_CD1_The_Beatles_13_Rocky_Raccoon/track.npy,beatles,6,0.9333333333333333,0.7532051282051282,0.7532051282051282,0.8589743589743591,0.5340909090909091,0.5340909090909091
beatles/beatles_10_CD2_The_Beatles_06_Helter_Skelter/track.npy,beatles,6,0.9523809523809524,0.9408450704225352,0.9408450704225352,0.8877005347593584,0.7058823529411765,0.7058823529411765
beatles/beatles_11_Abbey_Road_10_Sun_King/track.npy,beatles,6,0.9858356940509915,0.9943502824858758,0.9943502824858758,1.0,1.0,1.0
beatles/beatles_11_Abbey_Road_13_She_Came_In_Through_The_Bathroom_Window/track.npy,beatles,6,0.9898305084745762,0.9798657718120806,0.9798657718120806,0.935064935064935,0.8,0.8
beatles/beatles_12_Let_It_Be_02_Dig_a_Pony/track.npy,beatles,6,0.9669030732860521,0.955607476635514,0.955607476635514,0.9424460431654677,0.9014084507042254,0.9014084507042254
beatles/beatles_12_Let_It_Be_09_One_After_909/track.npy,beatles,6,0.6638772663877266,0.0,0.9895397489539749,0.6555555555555556,0.0,0.9833333333333333
candombe/csic.1995_ansina2_02/track.npy,candombe,6,1.0,1.0,1.0,1.0,1.0,1.0
candombe/proyecto.1992_gimenez_06/track.npy,candombe,6,0.998805256869773,0.9976133651551312,0.9976133651551312,1.0,1.0,1.0
candombe/zavala.muniz.2014_42/track.npy,candombe,6,1.0,1.0,1.0,1.0,1.0,1.0
candombe/zavala.muniz.2014_46/track.npy,candombe,6,1.0,1.0,1.0,1.0,1.0,1.0
filosax/filosax_11/track.npy,filosax,6,0.9421364985163204,0.9201183431952663,0.9201183431952663,0.9495548961424332,0.9763313609467456,0.9763313609467456
filosax/filosax_19/track.npy,filosax,6,0.999631947000368,0.9955849889624724,0.9955849889624724,1.0,1.0,1.0
filosax/filosax_23/track.npy,filosax,6,0.9995410738871042,0.998165137614679,0.998165137614679,1.0,1.0,1.0
filosax/filosax_24/track.npy,filosax,6,0.9974204643164231,0.9948453608247423,0.9948453608247423,0.9982788296041308,0.9965635738831615,0.9965635738831615
filosax/filosax_42/track.npy,filosax,6,1.0,1.0,1.0,0.9856733524355301,0.943502824858757,0.943502824858757
filosax/filosax_48/track.npy,filosax,6,0.9975942261427426,0.9959903769045709,0.9959903769045709,1.0,1.0,1.0
groove_midi/drummer10_session1_1_jazz-swing_124_beat_4-4/track.npy,groove_midi,6,0.9815384615384615,0.9756838905775076,0.9756838905775076,0.9302325581395349,0.7777777777777778,0.7777777777777778
groove_midi/drummer1_eval_session_10_soul-groove10_102_beat_4-4/track.npy,groove_midi,6,1.0,1.0,1.0,1.0,1.0,1.0
groove_midi/drummer1_eval_session_6_hiphop-groove6_87_beat_4-4/track.npy,groove_midi,6,0.9911504424778761,0.9824561403508771,0.9824561403508771,0.9655172413793104,0.9333333333333333,0.9333333333333333
groove_midi/drummer1_session1_3_funk_80_beat_4-4/track.npy,groove_midi,6,0.8788732394366197,0.5909090909090909,0.5909090909090909,0.7865168539325842,0.58,0.58
groove_midi/drummer1_session1_51_rock-shuffle_125_beat_4-4/track.npy,groove_midi,6,1.0,1.0,1.0,1.0,1.0,1.0
groove_midi/drummer1_session1_75_jazz_125_beat_4-4/track.npy,groove_midi,6,0.8018018018018018,0.6440677966101694,0.6440677966101694,0.41509433962264153,0.3333333333333333,0.3333333333333333
groove_midi/drummer1_session1_82_neworleans-funk_84_beat_4-4/track.npy,groove_midi,6,0.9973614775725593,0.9947368421052631,0.9947368421052631,1.0,1.0,1.0
groove_midi/drummer1_session2_111_rock-prog_110_beat_5-4/track.npy,groove_midi,6,0.5806451612903225,0.36462093862815886,0.36462093862815886,0.3898305084745763,0.029411764705882353,0.3838383838383838
groove_midi/drummer1_session2_112_afrocuban-bembe_122_beat_4-4/track.npy,groove_midi,6,0.8986568986568987,0.8902439024390244,0.8902439024390244,0.7766990291262136,0.8543689320388349,0.8543689320388349
groove_midi/drummer1_session2_3_latin-chacarera_118_beat_4-4/track.npy,groove_midi,6,0.6538461538461539,0.4702702702702703,0.4702702702702703,0.3307086614173228,0.024691358024691357,0.5494505494505495
groove_midi/drummer1_session2_5_jazz_200_beat_3-4/track.npy,groove_midi,6,0.862686567164179,0.5317460317460317,0.5317460317460317,0.47179487179487184,0.0,0.5072463768115942
groove_midi/drummer1_session3_1_rock-prog_125_beat_4-4/track.npy,groove_midi,6,0.9991673605328892,0.9983361064891847,0.9983361064891847,1.0,1.0,1.0
groove_midi/drummer3_session1_13_rock_120_beat_4-4/track.npy,groove_midi,6,1.0,1.0,1.0,1.0,1.0,1.0
groove_midi/drummer3_session2_10_rock_100_beat_4-4/track.npy,groove_midi,6,1.0,1.0,1.0,1.0,1.0,1.0
groove_midi/drummer5_eval_session_5_funk-groove5_84_beat_4-4/track.npy,groove_midi,6,0.9911504424778761,0.9824561403508771,0.9824561403508771,1.0,1.0,1.0
groove_midi/drummer5_session1_12_latin-brazilian-sambareggae_96_beat_4-4/track.npy,groove_midi,6,0.9986244841815681,0.9972527472527473,0.9972527472527473,1.0,1.0,1.0
groove_midi/drummer5_session1_15_funk_100_beat_4-4/track.npy,groove_midi,6,1.0,1.0,1.0,1.0,1.0,1.0
groove_midi/drummer5_session2_13_rock_140_beat_4-4/track.npy,groove_midi,6,1.0,1.0,1.0,1.0,1.0,1.0
groove_midi/drummer5_session2_18_latin-brazilian-samba_93_beat_4-4/track.npy,groove_midi,6,0.9934640522875817,0.987012987012987,0.987012987012987,0.9743589743589743,0.95,0.95
groove_midi/drummer5_session2_19_latin-brazilian-ijexa_108_beat_4-4/track.npy,groove_midi,6,0.006309148264984227,0.0,0.9874213836477987,0.0,1.0,1.0
groove_midi/drummer6_session3_6_rock_88_beat_4-4/track.npy,groove_midi,6,0.9813664596273292,0.9958677685950413,0.9958677685950413,1.0,1.0,1.0
groove_midi/drummer7_eval_session_9_soul-groove9_105_beat_4-4/track.npy,groove_midi,6,1.0,1.0,1.0,1.0,1.0,1.0
groove_midi/drummer7_session1_13_funk_102_beat_4-4/track.npy,groove_midi,6,0.9967845659163987,0.9935897435897436,0.9935897435897436,0.0,0.0,0.9487179487179487
groove_midi/drummer7_session1_15_jazz_112_beat_4-4/track.npy,groove_midi,6,0.9773462783171522,0.9870967741935484,0.9870967741935484,0.9610389610389611,0.9743589743589743,0.9743589743589743
groove_midi/drummer7_session1_22_hiphop_100_beat_4-4/track.npy,groove_midi,6,1.0,1.0,1.0,1.0,1.0,1.0
groove_midi/drummer7_session1_8_rock_93_beat_4-4/track.npy,groove_midi,6,0.9742574257425743,0.9920948616600791,0.9920948616600791,0.9921259842519685,0.984375,0.984375
groove_midi/drummer7_session1_9_rock_93_beat_4-4/track.npy,groove_midi,6,0.9966101694915254,0.9864864864864865,0.9864864864864865,0.0,0.0,0.972972972972973
groove_midi/drummer7_session2_37_rock_112_beat_4-4/track.npy,groove_midi,6,0.995967741935484,0.9919678714859438,0.9919678714859438,0.9323308270676691,0.7464788732394366,0.7464788732394366
groove_midi/drummer7_session2_64_rock_145_beat_4-4/track.npy,groove_midi,6,0.994475138121547,0.989010989010989,0.989010989010989,1.0,1.0,1.0
groove_midi/drummer7_session2_97_pop_142_beat_4-4/track.npy,groove_midi,6,0.9925925925925926,0.9852941176470589,0.9852941176470589,1.0,1.0,1.0
groove_midi/drummer7_session3_11_pop-soft_83_beat_4-4/track.npy,groove_midi,6,0.9865229110512129,0.9946236559139785,0.9946236559139785,0.5504587155963303,0.23809523809523808,0.3516483516483517
groove_midi/drummer7_session3_120_rock_93_beat_4-4/track.npy,groove_midi,6,1.0,1.0,1.0,1.0,1.0,1.0
groove_midi/drummer7_session3_132_soul_105_beat_4-4/track.npy,groove_midi,6,0.9918256130790191,0.9945652173913043,0.9945652173913043,0.989010989010989,0.9782608695652174,0.9782608695652174
groove_midi/drummer7_session3_133_soul_105_beat_4-4/track.npy,groove_midi,6,0.9949748743718593,0.99,0.99,0.9795918367346939,0.96,0.96
groove_midi/drummer7_session3_22_pop-soft_83_beat_4-4/track.npy,groove_midi,6,0.991869918699187,0.9838709677419355,0.9838709677419355,0.6666666666666666,0.6,0.6
groove_midi/drummer8_eval_session_5_funk-groove5_84_beat_4-4/track.npy,groove_midi,6,0.9913043478260869,0.9827586206896551,0.9827586206896551,0.9655172413793104,0.9333333333333333,0.9333333333333333
groove_midi/drummer8_session1_10_neworleans-funk_82_beat_4-4/track.npy,groove_midi,6,1.0,1.0,1.0,1.0,1.0,1.0
groove_midi/drummer8_session1_15_hiphop_94_beat_4-4/track.npy,groove_midi,6,0.9982174688057042,0.99644128113879,0.99644128113879,0.9929078014184397,0.9859154929577465,0.9859154929577465
groove_midi/drummer8_session1_23_hiphop_70_beat_4-4/track.npy,groove_midi,6,1.0,1.0,1.0,1.0,1.0,1.0
groove_midi/drummer8_session1_24_funk-latin_100_beat_4-4/track.npy,groove_midi,6,0.9984,0.9968051118210862,0.9968051118210862,1.0,1.0,1.0
groove_midi/drummer9_session1_14_rock_120_beat_4-4/track.npy,groove_midi,6,0.995575221238938,0.995575221238938,0.995575221238938,0.9911504424778761,0.9824561403508771,0.9824561403508771
groove_midi/drummer9_session1_23_rock_120_beat_4-4/track.npy,groove_midi,6,0.9910714285714286,0.9823008849557522,0.9823008849557522,1.0,1.0,1.0
guitarset/00_Funk2-108-Eb_comp_mix/track.npy,guitarset,6,0.8727272727272727,0.8363636363636363,0.8363636363636363,0.888888888888889,0.9285714285714286,0.9285714285714286
guitarset/00_Jazz1-200-B_comp_mix/track.npy,guitarset,6,0.6666666666666666,0.06451612903225806,0.8235294117647058,0.6,0.0,1.0
guitarset/00_Jazz3-150-C_comp_mix/track.npy,guitarset,6,0.9702970297029702,0.9215686274509803,0.9215686274509803,0.9600000000000001,0.9230769230769231,0.9230769230769231
guitarset/00_Rock2-85-F_comp_mix/track.npy,guitarset,6,0.9911504424778761,0.9824561403508771,0.9824561403508771,0.9655172413793104,0.9333333333333333,0.9333333333333333
guitarset/01_Rock1-130-A_comp_mix/track.npy,guitarset,6,0.961038961038961,0.875,0.875,0.9473684210526316,0.9,0.9
guitarset/01_Rock2-142-D_comp_mix/track.npy,guitarset,6,1.0,1.0,1.0,1.0,1.0,1.0
guitarset/01_SS1-100-C#_comp_mix/track.npy,guitarset,6,0.9873417721518987,0.975,0.975,0.9473684210526316,0.9,0.9
guitarset/01_SS2-88-F_comp_mix/track.npy,guitarset,6,0.3971631205673759,0.0,0.0,0.0,0.0,0.0
guitarset/01_SS3-84-Bb_comp_mix/track.npy,guitarset,6,0.9739130434782608,0.9827586206896551,0.9827586206896551,0.9655172413793104,0.9333333333333333,0.9333333333333333
guitarset/01_SS3-98-C_comp_mix/track.npy,guitarset,6,1.0,1.0,1.0,1.0,1.0,1.0
guitarset/02_BN2-166-Ab_comp_mix/track.npy,guitarset,6,0.631578947368421,0.0,0.9615384615384616,0.631578947368421,0.0,0.8571428571428571
guitarset/02_Jazz1-130-D_comp_mix/track.npy,guitarset,6,1.0,1.0,1.0,1.0,1.0,1.0
guitarset/02_SS3-84-Bb_comp_mix/track.npy,guitarset,6,0.9649122807017544,0.9824561403508771,0.9824561403508771,0.9655172413793104,0.9333333333333333,0.9333333333333333
guitarset/03_Jazz3-150-C_comp_mix/track.npy,guitarset,6,0.9902912621359222,0.9807692307692307,0.9807692307692307,0.9600000000000001,0.9230769230769231,0.9230769230769231
guitarset/04_Funk3-98-A_comp_mix/track.npy,guitarset,6,0.9909909909909909,0.9821428571428571,0.9821428571428571,0.962962962962963,0.9285714285714286,0.9285714285714286
guitarset/04_Jazz2-110-Bb_comp_mix/track.npy,guitarset,6,0.9908256880733944,0.9818181818181818,0.9818181818181818,0.962962962962963,0.9285714285714286,0.9285714285714286
guitarset/05_BN1-129-Eb_comp_mix/track.npy,guitarset,6,0.9866666666666666,0.9736842105263158,0.9736842105263158,0.9473684210526316,0.9,0.9
guitarset/05_BN3-119-G_comp_mix/track.npy,guitarset,6,0.9908256880733944,0.9818181818181818,0.9818181818181818,0.962962962962963,0.9285714285714286,0.9285714285714286
guitarset/05_Funk3-112-C#_comp_mix/track.npy,guitarset,6,0.9908256880733944,0.9818181818181818,0.9818181818181818,0.962962962962963,0.9285714285714286,0.9285714285714286
guitarset/05_Jazz2-187-F#_comp_mix/track.npy,guitarset,6,0.6575342465753424,0.0,0.96,0.631578947368421,0.0,0.8571428571428571
guitarset/05_SS1-100-C#_comp_mix/track.npy,guitarset,6,0.2647058823529412,0.0,0.06896551724137931,0.9473684210526316,0.9,0.9
guitarset/05_SS2-88-F_comp_mix/track.npy,guitarset,6,0.9911504424778761,0.9824561403508771,0.9824561403508771,0.9655172413793104,0.9333333333333333,0.9333333333333333
hainsworth/hainsworth_006/track.npy,hainsworth,6,0.6486486486486486,0.0,0.8536585365853658,0.9032258064516129,0.9032258064516129,0.9032258064516129
hainsworth/hainsworth_024/track.npy,hainsworth,6,0.6309523809523809,0.036036036036036036,0.8053097345132744,0.6046511627906976,0.0,0.896551724137931
hainsworth/hainsworth_039/track.npy,hainsworth,6,1.0,1.0,1.0,1.0,1.0,1.0
hainsworth/hainsworth_047/track.npy,hainsworth,6,1.0,1.0,1.0,1.0,1.0,1.0
hainsworth/hainsworth_058/track.npy,hainsworth,6,1.0,1.0,1.0,0.8421052631578947,0.5714285714285714,0.5714285714285714
hainsworth/hainsworth_069/track.npy,hainsworth,6,1.0,1.0,1.0,1.0,1.0,1.0
hainsworth/hainsworth_079/track.npy,hainsworth,6,1.0,1.0,1.0,1.0,1.0,1.0
hainsworth/hainsworth_099/track.npy,hainsworth,6,1.0,1.0,1.0,1.0,1.0,1.0
hainsworth/hainsworth_108/track.npy,hainsworth,6,1.0,1.0,1.0,1.0,1.0,1.0
hainsworth/hainsworth_110/track.npy,hainsworth,6,1.0,1.0,1.0,1.0,1.0,1.0
hainsworth/hainsworth_124/track.npy,hainsworth,6,0.8673469387755102,0.9090909090909091,0.9090909090909091,0.7058823529411765,0.5833333333333334,0.5833333333333334
hainsworth/hainsworth_130/track.npy,hainsworth,6,0.8235294117647058,0.8301886792452831,0.8301886792452831,0.8,0.8076923076923077,0.8076923076923077
hainsworth/hainsworth_144/track.npy,hainsworth,6,0.0,0.0,0.8354430379746836,0.0,0.95,0.95
hainsworth/hainsworth_151/track.npy,hainsworth,6,1.0,1.0,1.0,1.0,1.0,1.0
hainsworth/hainsworth_153/track.npy,hainsworth,6,1.0,1.0,1.0,1.0,1.0,1.0
hainsworth/hainsworth_156/track.npy,hainsworth,6,1.0,1.0,1.0,1.0,1.0,1.0
hainsworth/hainsworth_159/track.npy,hainsworth,6,1.0,1.0,1.0,1.0,1.0,1.0
hainsworth/hainsworth_163/track.npy,hainsworth,6,1.0,1.0,1.0,1.0,1.0,1.0
hainsworth/hainsworth_177/track.npy,hainsworth,6,1.0,1.0,1.0,1.0,1.0,1.0
hainsworth/hainsworth_178/track.npy,hainsworth,6,1.0,1.0,1.0,1.0,1.0,1.0
hainsworth/hainsworth_184/track.npy,hainsworth,6,1.0,1.0,1.0,1.0,1.0,1.0
hainsworth/hainsworth_197/track.npy,hainsworth,6,0.6666666666666666,0.0,1.0,1.0,1.0,1.0
hainsworth/hainsworth_210/track.npy,hainsworth,6,0.9960474308300395,0.984251968503937,0.984251968503937,0.7472527472527472,0.5510204081632653,0.5510204081632653
hainsworth/hainsworth_212/track.npy,hainsworth,6,1.0,1.0,1.0,1.0,1.0,1.0
hainsworth/hainsworth_227/track.npy,hainsworth,6,0.9704641350210971,0.8852459016393442,0.8852459016393442,0.9655172413793104,0.9,0.9
hainsworth/hainsworth_231/track.npy,hainsworth,6,1.0,1.0,1.0,1.0,1.0,1.0
hainsworth/hainsworth_243/track.npy,hainsworth,6,0.9203539823008848,0.7049180327868853,0.7049180327868853,0.3835616438356165,0.023255813953488372,0.3559322033898305
harmonix/0006_aint2proud2beg/track.npy,harmonix,6,0.9983305509181971,0.9966666666666667,0.9966666666666667,0.9932885906040269,0.9866666666666667,0.9866666666666667
harmonix/0018_bassdownlow/track.npy,harmonix,6,0.9961977186311787,1.0,1.0,1.0,1.0,1.0
harmonix/0037_breakyourheart/track.npy,harmonix,6,1.0,1.0,1.0,1.0,1.0,1.0
harmonix/0042_callme/track.npy,harmonix,6,1.0,1.0,1.0,1.0,1.0,1.0
harmonix/0045_cantgetyououtofmyhead/track.npy,harmonix,6,1.0,1.0,1.0,1.0,1.0,1.0
harmonix/0050_clubcanthandleme/track.npy,harmonix,6,1.0,1.0,1.0,1.0,1.0,1.0
harmonix/0058_criticalacclaim/track.npy,harmonix,6,0.988830975428146,0.9762258543833581,0.9762258543833581,0.9047619047619048,0.7745664739884393,0.7745664739884393
harmonix/0075_dontcha/track.npy,harmonix,6,0.9981024667931689,0.9962121212121212,0.9962121212121212,1.0,1.0,1.0
harmonix/0078_donttouchme/track.npy,harmonix,6,0.9974489795918366,0.9949109414758269,0.9949109414758269,0.9949238578680203,0.98989898989899,0.98989898989899
harmonix/0101_galang/track.npy,harmonix,6,1.0,1.0,1.0,0.611111111111111,0.11235955056179775,0.6146788990825688
harmonix/0112_giveitup/track.npy,harmonix,6,1.0,1.0,1.0,1.0,1.0,1.0
harmonix/0115_gonnamakeyousweat/track.npy,harmonix,6,1.0,1.0,1.0,1.0,1.0,1.0
harmonix/0131_iamthebest/track.npy,harmonix,6,1.0,1.0,1.0,1.0,1.0,1.0
harmonix/0149_johnnyguitar/track.npy,harmonix,6,0.9935649935649936,0.9872122762148338,0.9872122762148338,0.9789473684210526,0.9479166666666666,0.9479166666666666
harmonix/0156_lastnight/track.npy,harmonix,6,1.0,1.0,1.0,0.34108527131782945,0.3230769230769231,0.6461538461538462
harmonix/0160_likeag6/track.npy,harmonix,6,1.0,1.0,1.0,1.0,1.0,1.0
harmonix/0179_moveslikejagger/track.npy,harmonix,6,1.0,1.0,1.0,1.0,1.0,1.0
harmonix/0183_mynameisjonas/track.npy,harmonix,6,0.8561816652649286,0.8489932885906041,0.8489932885906041,0.8415841584158416,0.912621359223301,0.912621359223301
harmonix/0199_numberofthebeast2/track.npy,harmonix,6,0.92018779342723,0.7925591882750845,0.7925591882750845,0.6945054945054945,0.5396825396825397,0.5396825396825397
harmonix/0242_satisfaction/track.npy,harmonix,6,0.9980952380952381,0.9961977186311787,0.9961977186311787,0.567741935483871,0.2222222222222222,0.3643410852713178
harmonix/0248_screamingfor/track.npy,harmonix,6,0.9428868120456906,0.841025641025641,0.841025641025641,0.9205020920502093,0.9053497942386831,0.9053497942386831
harmonix/0264_stereolove/track.npy,harmonix,6,0.9941176470588236,0.9941176470588236,0.9941176470588236,1.0,1.0,1.0
harmonix/0271_teachmehowtodougie/track.npy,harmonix,6,1.0,1.0,1.0,1.0,1.0,1.0
harmonix/0278_thatsthahomie/track.npy,harmonix,6,0.706090026478376,0.1265474552957359,0.7533908754623921,0.6853146853146853,0.09782608695652174,0.7536945812807881
harmonix/0280_thedayitriedtolive/track.npy,harmonix,6,0.8693467336683417,0.5927601809954751,0.5927601809954751,0.6287878787878788,0.35664335664335667,0.35664335664335667
harmonix/0281_theedgeofglory/track.npy,harmonix,6,0.9986357435197818,0.997275204359673,0.997275204359673,1.0,1.0,1.0
harmonix/0288_thewayiare/track.npy,harmonix,6,0.9892008639308855,0.9786324786324786,0.9786324786324786,0.9914529914529915,0.9830508474576272,0.9830508474576272
harmonix/0290_thisishowwedoit/track.npy,harmonix,6,1.0,1.0,1.0,1.0,1.0,1.0
harmonix/0307_whatdoesntkillyou/track.npy,harmonix,6,1.0,1.0,1.0,1.0,1.0,1.0
harmonix/0318_windup/track.npy,harmonix,6,1.0,1.0,1.0,0.9299363057324842,0.9113924050632911,0.9113924050632911
harmonix/0333_allday/track.npy,harmonix,6,0.9921568627450981,0.9921875,0.9921875,1.0,1.0,1.0
harmonix/0339_aslongasyouloveme/track.npy,harmonix,6,0.9863013698630135,0.9883268482490273,0.9883268482490273,0.9763779527559054,0.96875,0.96875
harmonix/0368_dontwakemeup/track.npy,harmonix,6,0.998769987699877,0.9975429975429976,0.9975429975429976,1.0,1.0,1.0
harmonix/0398_goodtime/track.npy,harmonix,6,0.9987669543773119,0.9975369458128078,0.9975369458128078,1.0,1.0,1.0
harmonix/0409_idontlikeyou/track.npy,harmonix,6,0.9980952380952381,0.9961977186311787,0.9961977186311787,1.0,1.0,1.0
harmonix/0424_justadream/track.npy,harmonix,6,0.9898403483309144,0.9884057971014493,0.9884057971014493,0.9942196531791908,0.9885057471264368,0.9885057471264368
harmonix/0427_justthewayyouare/track.npy,harmonix,6,0.9947089947089947,0.9894736842105263,0.9894736842105263,0.9947089947089947,0.9894736842105263,0.9894736842105263
harmonix/0429_kissinu/track.npy,harmonix,6,0.9899280575539569,0.98005698005698,0.98005698005698,0.9942196531791908,0.9885057471264368,0.9885057471264368
harmonix/0435_lookatmenow/track.npy,harmonix,6,0.9616858237547893,0.9693486590038314,0.9693486590038314,0.9618320610687022,0.9696969696969697,0.9696969696969697
harmonix/0437_lovelikewoe/track.npy,harmonix,6,1.0,1.0,1.0,1.0,1.0,1.0
harmonix/0442_lullaby/track.npy,harmonix,6,1.0,1.0,1.0,0.9456521739130436,0.7938144329896907,0.7938144329896907
harmonix/0443_magic/track.npy,harmonix,6,0.9990262901655307,0.9961089494163424,0.9961089494163424,0.9961089494163424,0.9844961240310077,0.9844961240310077
harmonix/0448_mine/track.npy,harmonix,6,0.997716894977169,0.9954441913439636,0.9954441913439636,1.0,1.0,1.0
harmonix/0457_nothing/track.npy,harmonix,6,0.9955686853766618,0.9911764705882353,0.9911764705882353,0.9824561403508771,0.9534883720930233,0.9534883720930233
harmonix/0461_obsession/track.npy,harmonix,6,1.0,1.0,1.0,1.0,1.0,1.0
harmonix/0469_ordinaryworld/track.npy,harmonix,6,0.6610169491525423,0.0,0.975,0.6610169491525423,0.0,0.975
harmonix/0492_sm/track.npy,harmonix,6,0.9990089197224975,0.998019801980198,0.998019801980198,0.9960474308300395,0.9921259842519685,0.9921259842519685
harmonix/0511_theonlyexception/track.npy,harmonix,6,0.9888220120378333,0.9862778730703259,0.9862778730703259,0.8240343347639486,0.42962962962962964,0.42962962962962964
harmonix/0522_turnupthemusic/track.npy,harmonix,6,0.9056203605514317,0.8942917547568711,0.8942917547568711,0.9067796610169492,1.0,1.0
harmonix/0523_ucanttouchthis/track.npy,harmonix,6,0.9945054945054945,0.9890710382513661,0.9890710382513661,0.9963369963369962,0.9927007299270073,0.9927007299270073
harmonix/0540_youandme/track.npy,harmonix,6,0.9966887417218543,0.9933993399339934,0.9933993399339934,1.0,1.0,1.0
harmonix/0547_1901boflexdpassionpitremix/track.npy,harmonix,6,0.9741282339707535,0.9730337078651685,0.9730337078651685,0.8861788617886178,0.6567164179104478,0.6567164179104478
harmonix/0549_515/track.npy,harmonix,6,0.9934426229508198,0.9901960784313726,0.9901960784313726,0.9868421052631579,1.0,1.0
harmonix/0553_alivefeatthegoodnatured/track.npy,harmonix,6,1.0,1.0,1.0,1.0,1.0,1.0
harmonix/0556_allaroundtheworld/track.npy,harmonix,6,0.9970267591674926,0.9940711462450593,0.9940711462450593,1.0,1.0,1.0
harmonix/0560_almostlovenow/track.npy,harmonix,6,0.9982964224872232,0.9965986394557823,0.9965986394557823,1.0,1.0,1.0
harmonix/0572_awake/track.npy,harmonix,6,0.9860724233983287,0.9889196675900277,0.9889196675900277,0.994475138121547,0.989010989010989,0.989010989010989
harmonix/0576_barbrastreisand/track.npy,harmonix,6,0.9807692307692307,0.9761904761904762,0.9761904761904762,0.9840255591054313,0.9810126582278481,0.9810126582278481
harmonix/0593_blameitradioedit/track.npy,harmonix,6,0.9932705248990579,0.9866310160427807,0.9866310160427807,0.9946524064171123,0.9893617021276596,0.9893617021276596
harmonix/0599_boyfriend/track.npy,harmonix,6,1.0,1.0,1.0,0.0,0.0,0.0
harmonix/0609_carryon/track.npy,harmonix,6,0.8986693961105425,0.812,0.812,0.9401709401709402,0.8760330578512396,0.8760330578512396
harmonix/0613_celebrationbennybenassi/track.npy,harmonix,6,0.8867069486404834,0.8793363499245852,0.8793363499245852,0.6451612903225806,0.6685714285714286,0.6685714285714286
harmonix/0620_closertands/track.npy,harmonix,6,0.9945593035908596,0.9891774891774892,0.9891774891774892,0.8521739130434782,0.8034188034188035,0.8034188034188035
harmonix/0631_curiosity/track.npy,harmonix,6,0.9929577464788732,0.986013986013986,0.986013986013986,0.9953051643192489,0.9906542056074766,0.9906542056074766
harmonix/0632_cyclone/track.npy,harmonix,6,0.996415770609319,0.9928571428571429,0.9928571428571429,1.0,1.0,1.0
harmonix/0635_daynnite/track.npy,harmonix,6,0.8550185873605947,0.5379537953795379,0.5379537953795379,0.7096774193548386,0.25,0.5042735042735043
harmonix/0652_drovemewild/track.npy,harmonix,6,1.0,1.0,1.0,1.0,1.0,1.0
harmonix/0669_fastforwardffwd/track.npy,harmonix,6,1.0,1.0,1.0,1.0,1.0,1.0
harmonix/0674_feelsocloseextendedmix/track.npy,harmonix,6,0.9991173874669019,0.9982363315696648,0.9982363315696648,1.0,1.0,1.0
harmonix/0682_forever/track.npy,harmonix,6,0.9887850467289719,0.977818853974122,0.977818853974122,0.9888475836431226,0.9779411764705882,0.9779411764705882
harmonix/0691_givesyouhell/track.npy,harmonix,6,0.9970326409495549,0.9940828402366864,0.9940828402366864,0.9940828402366864,0.9882352941176471,0.9882352941176471
harmonix/0697_goodlife/track.npy,harmonix,6,0.9908466819221967,0.9750566893424036,0.9750566893424036,0.9909090909090909,0.9819819819819819,0.9819819819819819
harmonix/0705_haditall/track.npy,harmonix,6,0.965675057208238,0.8672566371681416,0.8672566371681416,0.9090909090909091,0.8070175438596491,0.8070175438596491
harmonix/0708_haloradioedit/track.npy,harmonix,6,0.9896551724137931,1.0,1.0,0.9863013698630136,1.0,1.0
harmonix/0711_heartheartheartbreak/track.npy,harmonix,6,1.0,1.0,1.0,1.0,1.0,1.0
harmonix/0713_heartofgoldnow/track.npy,harmonix,6,0.9988649262202043,0.9977324263038548,0.9977324263038548,0.8281938325991189,0.7350427350427351,0.7350427350427351
harmonix/0714_hell/track.npy,harmonix,6,0.9990749306197965,0.9981515711645101,0.9981515711645101,0.996309963099631,0.9926470588235294,0.9926470588235294
harmonix/0721_holdup/track.npy,harmonix,6,0.9928469241773963,0.9857954545454546,0.9857954545454546,1.0,1.0,1.0
harmonix/0739_ikissedagirl/track.npy,harmonix,6,0.9973333333333333,0.9946808510638298,0.9946808510638298,1.0,1.0,1.0
harmonix/0742_iknowyouwantme/track.npy,harmonix,6,1.0,1.0,1.0,1.0,1.0,1.0
harmonix/0744_immabe/track.npy,harmonix,6,0.9834394904458599,0.9974554707379135,0.9974554707379135,0.964467005076142,0.98989898989899,0.98989898989899
harmonix/0751_inlovewithagirl/track.npy,harmonix,6,0.9944547134935305,0.9742647058823529,0.9742647058823529,0.9925925925925926,0.9558823529411765,0.9558823529411765
harmonix/0760_iwannarock/track.npy,harmonix,6,1.0,1.0,1.0,1.0,1.0,1.0
harmonix/0761_iwant/track.npy,harmonix,6,0.9957446808510638,0.9915254237288136,0.9915254237288136,1.0,1.0,1.0
harmonix/0768_keepsgettinbetter/track.npy,harmonix,6,0.9946524064171123,0.9893617021276596,0.9893617021276596,0.9946524064171123,0.9893617021276596,0.9893617021276596
harmonix/0784_lightweight/track.npy,harmonix,6,0.8580603725112396,0.5450121654501217,0.5450121654501217,0.5833333333333334,0.425531914893617,0.425531914893617
harmonix/0797_loveisgone/track.npy,harmonix,6,1.0,1.0,1.0,1.0,1.0,1.0
harmonix/0799_lovesexmagic/track.npy,harmonix,6,0.998689384010485,0.9973821989528796,0.9973821989528796,0.9947643979057591,0.9895833333333334,0.9895833333333334
harmonix/0806_mad/track.npy,harmonix,6,0.7257383966244726,0.14823008849557523,0.7427466150870407,0.6881720430107527,0.06611570247933884,0.875968992248062
harmonix/0812_miserybimbo/track.npy,harmonix,6,0.9994036970781157,0.99880810488677,0.99880810488677,0.9976133651551313,0.9952380952380953,0.9952380952380953
harmonix/0814_mistake/track.npy,harmonix,6,0.6650246305418719,0.0,0.9926470588235294,0.6699507389162561,0.0,1.0
harmonix/0817_morethanthis/track.npy,harmonix,6,0.9191919191919192,0.7009345794392523,0.7009345794392523,0.87248322147651,0.6172839506172839,0.6172839506172839
harmonix/0820_mychickbad/track.npy,harmonix,6,0.9983136593591906,0.9966329966329966,0.9966329966329966,1.0,1.0,1.0
harmonix/0841_obsessedcahill/track.npy,harmonix,6,0.9958847736625513,0.9918032786885246,0.9918032786885246,0.0687830687830688,0.0,0.8571428571428571
harmonix/0844_ondirecting/track.npy,harmonix,6,0.9986648865153538,0.9973333333333333,0.9973333333333333,0.9841269841269841,0.9479166666666666,0.9479166666666666
harmonix/0846_onelove/track.npy,harmonix,6,0.9791666666666666,0.9591836734693877,0.9591836734693877,0.979253112033195,0.959349593495935,0.959349593495935
harmonix/0848_onething/track.npy,harmonix,6,0.9987421383647799,0.9974874371859297,0.9974874371859297,1.0,1.0,1.0
harmonix/0853_outonthetown/track.npy,harmonix,6,0.9990128331688055,0.9980276134122288,0.9980276134122288,0.9960474308300395,0.9921259842519685,0.9921259842519685
harmonix/0865_pocketfulofsunshine/track.npy,harmonix,6,1.0,0.9968354430379747,0.9968354430379747,1.0,1.0,1.0
harmonix/0872_readyfortheweekend/track.npy,harmonix,6,1.0,1.0,1.0,1.0,1.0,1.0
harmonix/0874_realize/track.npy,harmonix,6,0.9716684155299056,0.9081632653061225,0.9081632653061225,0.9411764705882353,0.8861788617886179,0.8861788617886179
harmonix/0892_saveyoutonight/track.npy,harmonix,6,0.9952038369304557,0.9904534606205251,0.9904534606205251,0.9952153110047847,0.9904761904761905,0.9904761904761905
harmonix/0893_say/track.npy,harmonix,6,0.8317757009345793,0.7735294117647059,0.7735294117647059,0.8,0.6063829787234043,0.6063829787234043
harmonix/0900_sexychickakon/track.npy,harmonix,6,1.0,1.0,1.0,1.0,1.0,1.0
harmonix/0916_sowhat/track.npy,harmonix,6,0.9988571428571429,0.997716894977169,0.997716894977169,0.995433789954338,0.990909090909091,0.990909090909091
harmonix/0922_suffocate/track.npy,harmonix,6,0.9652694610778443,0.9014084507042254,0.9014084507042254,0.9711538461538463,0.9150943396226415,0.9150943396226415
harmonix/0938_thebusiness/track.npy,harmonix,6,0.6494565217391305,0.0,0.9105691056910569,0.6195652173913043,0.0,0.9672131147540983
harmonix/0948_thislove/track.npy,harmonix,6,0.9838709677419354,0.9682539682539683,0.9682539682539683,0.9871794871794872,0.9746835443037974,0.9746835443037974
harmonix/0952_tiktok/track.npy,harmonix,6,0.9948051948051948,0.9896640826873385,0.9896640826873385,0.9948186528497409,0.9896907216494846,0.9896907216494846
harmonix/0968_walltowall/track.npy,harmonix,6,0.9910979228486646,0.9823529411764705,0.9823529411764705,0.9940828402366864,0.9882352941176471,0.9882352941176471
harmonix/0972_whatchasay/track.npy,harmonix,6,0.6965986394557823,0.07306889352818371,0.8551859099804305,0.6956521739130436,0.06666666666666667,0.8818897637795275
harmonix/0973_whateverittakes/track.npy,harmonix,6,0.997946611909651,0.9959016393442623,0.9959016393442623,1.0,1.0,1.0
harmonix/0978_whenigrowup/track.npy,harmonix,6,0.9988623435722412,0.9977272727272727,0.9977272727272727,0.4818181818181818,0.4636363636363636,0.4636363636363636
harmonix/0986_winner/track.npy,harmonix,6,0.9060308555399719,0.8910614525139665,0.8910614525139665,0.9213483146067416,1.0,1.0
hjdb/hjdb_Come_Back_2_Me/track.npy,hjdb,6,1.0,1.0,1.0,1.0,1.0,1.0
hjdb/hjdb_Dance_Factor/track.npy,hjdb,6,1.0,1.0,1.0,1.0,1.0,1.0
hjdb/hjdb_Drowning_In_Her/track.npy,hjdb,6,0.88,0.808695652173913,0.808695652173913,0.8571428571428571,0.8214285714285714,0.8214285714285714
hjdb/hjdb_Ecstatic_House/track.npy,hjdb,6,0.8198757763975155,0.8024691358024691,0.8024691358024691,0.3404255319148936,0.0,0.4444444444444444
hjdb/hjdb_Essence_Ep/track.npy,hjdb,6,1.0,1.0,1.0,1.0,1.0,1.0
hjdb/hjdb_Exodus_(When_The_Lion_Awakes)/track.npy,hjdb,6,1.0,1.0,1.0,1.0,1.0,1.0
hjdb/hjdb_Fearless_Wonder_(Remix)/track.npy,hjdb,6,1.0,1.0,1.0,1.0,1.0,1.0
hjdb/hjdb_Final_Conflict/track.npy,hjdb,6,1.0,1.0,1.0,1.0,1.0,1.0
hjdb/hjdb_Future_Funk/track.npy,hjdb,6,0.9964664310954063,0.9929577464788732,0.9929577464788732,1.0,1.0,1.0
hjdb/hjdb_How_Should_I_Start/track.npy,hjdb,6,1.0,1.0,1.0,1.0,1.0,1.0
hjdb/hjdb_Johnny_94_(Origin_Unkown_Remix)/track.npy,hjdb,6,1.0,1.0,1.0,1.0,1.0,1.0
hjdb/hjdb_Mr._Logic/track.npy,hjdb,6,1.0,1.0,1.0,1.0,1.0,1.0
hjdb/hjdb_Never_Try_The_Hippodrome_(Remix)/track.npy,hjdb,6,1.0,1.0,1.0,1.0,1.0,1.0
hjdb/hjdb_Oh_So_Nice/track.npy,hjdb,6,1.0,1.0,1.0,1.0,1.0,1.0
hjdb/hjdb_Slow_Jam/track.npy,hjdb,6,1.0,1.0,1.0,1.0,1.0,1.0
hjdb/hjdb_Street_Knowledge/track.npy,hjdb,6,1.0,1.0,1.0,1.0,1.0,1.0
hjdb/hjdb_Summer_Breeze/track.npy,hjdb,6,1.0,1.0,1.0,1.0,1.0,1.0
hjdb/hjdb_Sweet_Vibrations/track.npy,hjdb,6,1.0,1.0,1.0,1.0,1.0,1.0
hjdb/hjdb_T-N-T/track.npy,hjdb,6,1.0,1.0,1.0,1.0,1.0,1.0
hjdb/hjdb_Tales_From_The_Darkside_2/track.npy,hjdb,6,1.0,1.0,1.0,1.0,1.0,1.0
hjdb/hjdb_Tales_From_The_Darkside/track.npy,hjdb,6,1.0,1.0,1.0,1.0,1.0,1.0
hjdb/hjdb_The_Criminal/track.npy,hjdb,6,0.9936305732484078,0.9873417721518988,0.9873417721518988,1.0,1.0,1.0
hjdb/hjdb_The_Grand_National_(DJ_SS_and_EQ_Remix)/track.npy,hjdb,6,1.0,1.0,1.0,1.0,1.0,1.0
hjdb/hjdb_The_Way_(VIP_Mix)/track.npy,hjdb,6,1.0,1.0,1.0,1.0,1.0,1.0
hjdb/hjdb_Unfriendly/track.npy,hjdb,6,0.8910891089108911,0.8627450980392157,0.8627450980392157,0.8333333333333334,0.75,0.75
hjdb/hjdb_United_(Grooverider_Remix)/track.npy,hjdb,6,1.0,1.0,1.0,1.0,1.0,1.0
hjdb/hjdb_United/track.npy,hjdb,6,1.0,1.0,1.0,1.0,1.0,1.0
hjdb/hjdb_Until_The_Night_Is_Morning/track.npy,hjdb,6,1.0,1.0,1.0,1.0,1.0,1.0
hjdb/hjdb_What_Kind_of_World/track.npy,hjdb,6,1.0,1.0,1.0,1.0,1.0,1.0
jaah/jaah_001-sarah_vaughan-all_alone/track.npy,jaah,6,0.9772329246935202,0.9655172413793104,0.9655172413793104,0.5813953488372093,0.2,0.4125874125874126
jaah/jaah_009-sidney_bechets_blue_note_jazzmen-blue_horizon/track.npy,jaah,6,0.9838420107719928,0.9857142857142858,0.9857142857142858,0.6538461538461539,0.0,0.9856115107913669
jaah/jaah_021-the_clifford_brownmax_roach_quintet-daahoud/track.npy,jaah,6,0.7825059101654848,0.5176093916755603,0.5176093916755603,0.830188679245283,0.9090909090909091,0.9090909090909091
jaah/jaah_034-thelonious_monk-evidence/track.npy,jaah,6,0.8413793103448276,0.5580808080808081,0.5580808080808081,0.8811881188118812,0.8543689320388349,0.8543689320388349
jaah/jaah_038-bix_beiderbecke_paul_whiteman_and_his_orchestra-from_monday_on/track.npy,jaah,6,0.9515859766277128,0.8852459016393442,0.8852459016393442,0.94314381270903,0.9276315789473685,0.9276315789473685
jaah/jaah_040-stan_getz_joao_gilberto_antonio_carlos_jobim-the_girl_from_ipanema/track.npy,jaah,6,0.814495254529767,0.37554585152838427,0.4533898305084746,0.9761904761904763,0.9069767441860465,0.9069767441860465
jaah/jaah_045-billie_holiday-hes_funny_that_way/track.npy,jaah,6,1.0,1.0,1.0,1.0,1.0,1.0
jaah/jaah_053-louis_armstrong_his_orchestra-i_gotta_right_to_sing_the_blues/track.npy,jaah,6,0.9985315712187959,0.9970674486803519,0.9970674486803519,1.0,1.0,1.0
jaah/jaah_059-duke_ellington_and_his_famous_orchestra-koko/track.npy,jaah,6,0.9888751545117429,0.9728395061728395,0.9728395061728395,0.8867924528301886,0.7747747747747747,0.7747747747747747
jaah/jaah_064-dizzy_gillespie_and_his_orchestra-manteca/track.npy,jaah,6,0.9121093750000001,0.872093023255814,0.872093023255814,0.7908745247148288,0.8283582089552238,0.8283582089552238
jaah/jaah_076-charlie_parker-oh_lady_be_good_feat_jazz_at_the_philharmonic/track.npy,jaah,6,0.9988304093567251,0.9976635514018691,0.9976635514018691,0.9107981220657277,0.897196261682243,0.897196261682243
jaah/jaah_084-gene_krupa_and_his_orchestra-rockin_chair/track.npy,jaah,6,0.8565310492505354,0.796875,0.796875,0.8376068376068376,0.8125,0.8125
jaah/jaah_089-sonny_rollins-st_thomas/track.npy,jaah,6,0.9647887323943662,0.8497587870434183,0.8497587870434183,0.9514563106796118,0.9558011049723757,0.9558011049723757
jaah/jaah_103-the_gerry_mulligan_quartet_chet_baker-walkin_shoes/track.npy,jaah,6,0.976857490864799,0.9547619047619048,0.9547619047619048,0.8137254901960785,0.7884615384615384,0.7884615384615384
rwc/rwc_classical_CD2_02/track.npy,rwc_classical,6,0.6285714285714286,0.0008695652173913044,0.8278260869565217,0.6511627906976744,0.05555555555555555,0.3888888888888889
rwc/rwc_classical_CD3_04/track.npy,rwc_classical,6,0.8687782805429863,0.8508771929824561,0.8508771929824561,0.66,0.45045045045045046,0.45045045045045046
rwc/rwc_classical_CD4_05/track.npy,rwc_classical,6,0.9863013698630138,0.9594594594594594,0.9594594594594594,0.9714285714285714,0.9444444444444444,0.9444444444444444
rwc/rwc_classical_CD4_06/track.npy,rwc_classical,6,0.845360824742268,0.5373831775700935,0.5373831775700935,0.3956043956043956,0.1588785046728972,0.205607476635514
rwc/rwc_classical_CD5_12/track.npy,rwc_classical,6,0.9737609329446064,0.9597701149425287,0.9597701149425287,0.9913043478260869,0.9827586206896551,0.9827586206896551
rwc/rwc_classical_CD6_04/track.npy,rwc_classical,6,0.9186405767250257,0.9044715447154471,0.9044715447154471,0.8636363636363636,0.8770491803278688,0.8770491803278688
rwc/rwc_classical_CD6_14/track.npy,rwc_classical,6,0.8816793893129771,0.7725631768953068,0.7725631768953068,0.8,0.7471264367816092,0.7471264367816092
rwc/rwc_jazz_CD1_01/track.npy,rwc_jazz,6,0.47582205029013536,0.3857677902621723,0.3857677902621723,0.3790322580645161,0.536,0.536
rwc/rwc_jazz_CD1_05/track.npy,rwc_jazz,6,0.5441941074523396,0.3950617283950617,0.3950617283950617,0.4972972972972972,0.39814814814814814,0.39814814814814814
rwc/rwc_jazz_CD2_05/track.npy,rwc_jazz,6,0.8579234972677596,0.8119891008174387,0.8119891008174387,0.8547008547008548,0.819672131147541,0.819672131147541
rwc/rwc_jazz_CD3_06/track.npy,rwc_jazz,6,0.6304044630404463,0.0,0.8510204081632653,0.6627565982404693,0.0,0.9911894273127754
rwc/rwc_jazz_CD4_03/track.npy,rwc_jazz,6,0.8463356973995272,0.5188284518828452,0.5188284518828452,0.9617486338797815,0.9891304347826086,0.9891304347826086
rwc/rwc_jazz_CD4_07/track.npy,rwc_jazz,6,0.970404984423676,0.9658385093167702,0.9658385093167702,0.975,0.9629629629629629,0.9629629629629629
rwc/rwc_jazz_CD4_14/track.npy,rwc_jazz,6,0.9705426356589147,0.9454545454545454,0.9454545454545454,0.778523489932886,0.6835443037974683,0.6835443037974683
rwc/rwc_popular_CD1_05/track.npy,rwc_popular,6,0.9927611168562565,0.9896907216494846,0.9896907216494846,0.9917355371900827,1.0,1.0
rwc/rwc_popular_CD1_06/track.npy,rwc_popular,6,1.0,1.0,1.0,1.0,1.0,1.0
rwc/rwc_popular_CD1_12/track.npy,rwc_popular,6,0.9947368421052631,0.9868766404199475,0.9868766404199475,0.9894736842105263,0.9894736842105263,0.9894736842105263
rwc/rwc_popular_CD1_14/track.npy,rwc_popular,6,0.992412746585736,0.9819277108433735,0.9819277108433735,0.9878048780487805,0.9759036144578314,0.9759036144578314
rwc/rwc_popular_CD2_03/track.npy,rwc_popular,6,0.9983498349834983,0.9967051070840197,0.9967051070840197,0.9901639344262295,0.961038961038961,0.961038961038961
rwc/rwc_popular_CD2_11/track.npy,rwc_popular,6,0.995260663507109,0.9921259842519685,0.9921259842519685,0.9968253968253968,0.9936708860759493,0.9936708860759493
rwc/rwc_popular_CD3_02/track.npy,rwc_popular,6,0.8797814207650274,0.5816993464052288,0.5816993464052288,0.5865724381625442,0.3076923076923077,0.3076923076923077
rwc/rwc_popular_CD3_06/track.npy,rwc_popular,6,0.4307974335472044,0.24955752212389382,0.2920353982300885,0.05818181818181818,0.027777777777777776,0.25
rwc/rwc_popular_CD3_08/track.npy,rwc_popular,6,1.0,1.0,1.0,1.0,1.0,1.0
rwc/rwc_popular_CD3_09/track.npy,rwc_popular,6,0.953061224489796,0.826171875,0.826171875,0.9508196721311475,0.8125,0.8125
rwc/rwc_popular_CD4_02/track.npy,rwc_popular,6,0.6804511278195489,0.034236804564907276,0.931129476584022,0.7402135231316727,0.21142857142857144,0.33962264150943394
rwc/rwc_popular_CD6_02/track.npy,rwc_popular,6,0.9748953974895397,0.9958246346555324,0.9958246346555324,0.9707112970711297,0.9916666666666667,0.9916666666666667
rwc/rwc_royalty-free_CD1_02/track.npy,rwc_royalty-free,6,0.9569377990430622,0.9285714285714286,0.9285714285714286,0.9174311926605504,0.7719298245614035,0.7719298245614035
rwc/rwc_royalty-free_CD1_03/track.npy,rwc_royalty-free,6,0.9704433497536946,0.9519230769230769,0.9519230769230769,0.9803921568627451,0.9615384615384616,0.9615384615384616
simac/simac_A_vida_me_fez_assim_12-Lavoura/track.npy,simac,6,0.6666666666666666,0.0,0.975,nan,nan,nan
simac/simac_A_vida_me_fez_assim_15-Portela/track.npy,simac,6,0.7058823529411764,0.1590909090909091,0.2765957446808511,nan,nan,nan
simac/simac_Alfagamabetizado_08-O_Bode/track.npy,simac,6,0.9433962264150944,0.9629629629629629,0.9629629629629629,nan,nan,nan
simac/simac_Alfagamabetizado_09-Comunidade-Lobos/track.npy,simac,6,1.0,1.0,1.0,nan,nan,nan
simac/simac_Alfagamabetizado_12-Seo_Ze/track.npy,simac,6,0.9841269841269841,0.96875,0.96875,nan,nan,nan
simac/simac_Amber_03-Silverside/track.npy,simac,6,1.0,1.0,1.0,nan,nan,nan
simac/simac_As_Time_Goes_By_01-as_time_goes_by/track.npy,simac,6,1.0,1.0,1.0,nan,nan,nan
simac/simac_As_Time_Goes_By_04-theres_a_small_hotel/track.npy,simac,6,0.9795918367346939,0.96,0.96,nan,nan,nan
simac/simac_Bach_The_Well-Tempered_Clavier_II_(Disc_1)_08-Prelude_and_Fugue_No._4_in_C-sharp_minor_BWV_873_-_2._Fuga/track.npy,simac,6,0.6551724137931034,0.0,0.9487179487179487,nan,nan,nan
simac/simac_Bach_The_Well-Tempered_Clavier_II_(Disc_1)_09-Prelude_and_Fugue_No._5_in_D_major_BWV_874_-_1._Praeludium/track.npy,simac,6,1.0,1.0,1.0,nan,nan,nan
simac/simac_Bach_The_Well-Tempered_Clavier_II_(Disc_1)_24-Prelude_and_Fugue_No._12_in_F_minor_BWV_881_-_2._Fuga/track.npy,simac,6,0.9836065573770492,0.967741935483871,0.967741935483871,nan,nan,nan
simac/simac_Bach_The_Well-Tempered_Clavier_II_(Disc_2)_03-Prelude_and_Fugue_No._14_F-sharp_minor_BWV_883_-_1._Praeludium/track.npy,simac,6,1.0,1.0,1.0,nan,nan,nan
simac/simac_Bach_The_Well-Tempered_Clavier_II_(Disc_2)_12-Prelude_and_Fugue_No._18_G-sharp_minor_BWV_887_-_2._Fuga/track.npy,simac,6,0.9411764705882353,1.0,1.0,nan,nan,nan
simac/simac_Bach_The_Well-Tempered_Clavier_II_(Disc_2)_14-Prelude_and_Fugue_No._19_A_major_BWV_888_-_2._Fuga/track.npy,simac,6,1.0,1.0,1.0,nan,nan,nan
simac/simac_Beethoven_The_String_Quartets_-_CD_3_02-II_Allegretto_vivace_e_sempre_scherzando/track.npy,simac,6,0.9069767441860465,0.8604651162790697,0.8604651162790697,nan,nan,nan
simac/simac_Beethoven_The_String_Quartets_-_CD_3_04-IV_Theme_russe-_Allegro/track.npy,simac,6,0.9032258064516129,0.8709677419354839,0.8709677419354839,nan,nan,nan
simac/simac_Bela_Bartok_03-The_Miraculous_Mandarin_3_2nd_Decoy_Game/track.npy,simac,6,0.16216216216216214,0.1,0.5263157894736842,nan,nan,nan
simac/simac_Bernstein_conducts_Stravinsky_17-Scene_2-_Petrushka_s_room/track.npy,simac,6,0.8000000000000002,0.9,0.9,nan,nan,nan
simac/simac_Bernstein_conducts_Stravinsky_20-Scene_4-_The_Shrovetie_fair_toward_evening_/track.npy,simac,6,0.5454545454545454,0.4090909090909091,0.4090909090909091,nan,nan,nan
simac/simac_Bernstein_conducts_Stravinsky_23-The_jovial_merchant_with_two_gypsy_girls/track.npy,simac,6,0.6153846153846154,0.75,0.75,nan,nan,nan
simac/simac_Billie_Holiday_CD1_01-Summertime/track.npy,simac,6,0.96,1.0,1.0,nan,nan,nan
simac/simac_Classic_Pergolesi_-_Stabat_Mater_02/track.npy,simac,6,0.33333333333333326,0.0,0.0,nan,nan,nan
simac/simac_Concert_01-Concerto_en_La_Majeur_pour_deux_Violons_A_Scordatura_et_basse_continue._Affetuoso/track.npy,simac,6,0.8000000000000002,1.0,1.0,nan,nan,nan
simac/simac_Concert_11-3._Dolce/track.npy,simac,6,0.9130434782608695,0.9565217391304348,0.9565217391304348,nan,nan,nan
simac/simac_Ella_&_Louis_07-Taking_A_Chance_On_Love/track.npy,simac,6,0.9142857142857143,0.9444444444444444,0.9444444444444444,nan,nan,nan
simac/simac_Ella_&_Louis_13-Holiday_In_Harlem/track.npy,simac,6,0.6031746031746031,0.0,0.9047619047619048,nan,nan,nan
simac/simac_Ella_&_Louis_17-Three_Little_Words/track.npy,simac,6,0.65625,0.0,0.9302325581395349,nan,nan,nan
simac/simac_Eres_luz_01-Eres_luz_(Rumba)/track.npy,simac,6,0.9811320754716981,0.9629629629629629,0.9629629629629629,nan,nan,nan
simac/simac_Eventail_07_Romanza_Del_Pescador/track.npy,simac,6,0.8571428571428571,0.7333333333333333,0.7333333333333333,nan,nan,nan
simac/simac_Eventail_09-Asturias/track.npy,simac,6,0.5783132530120482,0.0,0.6607142857142857,nan,nan,nan
simac/simac_Fado_10-AudioTrack_10/track.npy,simac,6,1.0,1.0,1.0,nan,nan,nan
simac/simac_Fight_To_Win_02-Walk_on_the_right_side/track.npy,simac,6,0.4594594594594595,0.0,0.3333333333333333,nan,nan,nan
simac/simac_Gold_-_Greatest_Hits_09-Money_Money_Money/track.npy,simac,6,0.9836065573770492,0.967741935483871,0.967741935483871,nan,nan,nan
simac/simac_Kocani_Orkester_03._Romski_Cocek/track.npy,simac,6,0.9253731343283582,0.7222222222222222,0.7222222222222222,nan,nan,nan
simac/simac_Ludwid_van_Beethoven_02-II._Adagio_ma_non_troppo_e_molto_cantabile_-_Andante_con_moto_-_Adagio_molto_espressivo/track.npy,simac,6,1.0,1.0,1.0,nan,nan,nan
simac/simac_Niandra_LaDes_and_Usually_Just_a_T-Shirt_14-Usually_Just_a_T-Shirt_Untitled_2/track.npy,simac,6,1.0,1.0,1.0,nan,nan,nan
simac/simac_Niandra_LaDes_and_Usually_Just_a_T-Shirt_16-Usually_Just_a_T-Shirt_Untitled_4/track.npy,simac,6,0.6521739130434783,0.0,0.9375,nan,nan,nan
simac/simac_Papakonstantinou_07-AudioTrack_07/track.npy,simac,6,0.6567164179104478,0.0,0.9555555555555556,nan,nan,nan
simac/simac_Papakonstantinou_13-AudioTrack_13/track.npy,simac,6,0.5405405405405406,0.0,0.92,nan,nan,nan
simac/simac_Papakonstantinou_16-AudioTrack_16/track.npy,simac,6,0.6060606060606061,0.0,0.8181818181818182,nan,nan,nan
simac/simac_Primer_Aliento_01-Sintonia_del_refugio_atomico/track.npy,simac,6,1.0,1.0,1.0,nan,nan,nan
simac/simac_Primer_Aliento_17-Selector_de_frecuencias/track.npy,simac,6,0.6551724137931034,0.0,0.9487179487179487,nan,nan,nan
simac/simac_R.A.F.I_01-Assassin/track.npy,simac,6,0.14285714285714288,0.0,0.1282051282051282,nan,nan,nan
simac/simac_R.A.F.I_02-Change/track.npy,simac,6,1.0,1.0,1.0,nan,nan,nan
simac/simac_R.A.F.I_04-Buzzing/track.npy,simac,6,0.06349206349206349,0.0,0.07142857142857142,nan,nan,nan
simac/simac_R.A.F.I_09-Naxalite/track.npy,simac,6,0.6666666666666666,0.0,0.9761904761904762,nan,nan,nan
simac/simac_Santana_02-El_Corazon_Manada/track.npy,simac,6,1.0,1.0,1.0,nan,nan,nan
simac/simac_So_Cartola_05-Fiz_por_Voce_o_que_Pude/track.npy,simac,6,1.0,1.0,1.0,nan,nan,nan
simac/simac_So_Cartola_06-O_Inverno_do_Meu_Tempo/track.npy,simac,6,0.9666666666666667,0.9666666666666667,0.9666666666666667,nan,nan,nan
simac/simac_So_Cartola_07-Tive_Sim/track.npy,simac,6,0.0,0.0,0.5806451612903226,nan,nan,nan
simac/simac_Songs_Adalberto_(Adalberto_Alvarez_y_su_son)_-_Pura_imagen/track.npy,simac,6,0.1724137931034483,0.13513513513513514,0.13513513513513514,nan,nan,nan
simac/simac_Songs_Caledonia_Blues_Band_-_Burning_Heart/track.npy,simac,6,1.0,1.0,1.0,nan,nan,nan
simac/simac_Tales_Of_Mystery_And_Imagination_01-A_Dream_Within_A_Dream/track.npy,simac,6,1.0,1.0,1.0,nan,nan,nan
simac/simac_Tales_Of_Mystery_And_Imagination_09-The_Fall_Of_The_House_Of_Usher_IV_Pavane/track.npy,simac,6,0.39215686274509803,0.0,0.10256410256410256,nan,nan,nan
simac/simac_Tanto_Tempo_02-August_Day_Song/track.npy,simac,6,0.92,0.96,0.96,nan,nan,nan
simac/simac_The_Art_of_Spanish_Guitar_04-Sojo_Guaso/track.npy,simac,6,0.3333333333333333,0.0,0.12195121951219512,nan,nan,nan
simac/simac_The_Crackdown_10-Diskono/track.npy,simac,6,0.972972972972973,0.9473684210526315,0.9473684210526315,nan,nan,nan
simac/simac_Xatzidakis_05-AudioTrack_05/track.npy,simac,6,0.9411764705882353,0.9411764705882353,0.9411764705882353,nan,nan,nan
simac/simac_Xatzidakis_08-AudioTrack_08/track.npy,simac,6,1.0,1.0,1.0,nan,nan,nan
simac/simac_Xatzidakis_12-AudioTrack_12/track.npy,simac,6,0.6666666666666666,0.0,0.9615384615384616,nan,nan,nan
simac/simac_Xatzidakis_16-AudioTrack_16/track.npy,simac,6,0.96,0.96,0.96,nan,nan,nan
simac/simac_Xatzidakis_19-AudioTrack_19/track.npy,simac,6,0.6511627906976745,0.0,0.9310344827586207,nan,nan,nan
simac/simac_aire_04-La_Vida_Sale/track.npy,simac,6,1.0,1.0,1.0,nan,nan,nan
simac/simac_blues_roots_wednesday_night_prayer_meeting/track.npy,simac,6,0.653061224489796,0.0,0.7230769230769231,nan,nan,nan
simac/simac_greek_Gkoles_-_S_ena_apokrimno_akrogiali/track.npy,simac,6,0.9473684210526315,1.0,1.0,nan,nan,nan
simac/simac_more_greek_04_H_Stamoula/track.npy,simac,6,0.9818181818181818,0.9642857142857143,0.9642857142857143,nan,nan,nan
simac/simac_more_greek_Giannakopoulou_-_O_kipos_empaine_sti_8alassa/track.npy,simac,6,0.6486486486486487,0.0,0.92,nan,nan,nan
simac/simac_more_greek_Gkoles_-_Filenaditsa_mou/track.npy,simac,6,1.0,1.0,1.0,nan,nan,nan
simac/simac_more_greek_Ksylouris_-_Htane_mia_fora/track.npy,simac,6,0.9032258064516129,0.9375,0.9375,nan,nan,nan
simac/simac_more_greek_Ksylouris_-_Pote_8a_kanei_ksasteria/track.npy,simac,6,1.0,1.0,1.0,nan,nan,nan
simac/simac_more_greek_Mosxoliou_-_Ta_deilina/track.npy,simac,6,0.5641025641025641,0.0,0.9230769230769231,nan,nan,nan
simac/simac_more_greek_Mpellou_-_Peftoun_tis_vroxis_oi_stales/track.npy,simac,6,0.6666666666666666,0.0,0.9705882352941176,nan,nan,nan
simac/simac_more_greek_Vamvakaris_-_Fragkosyriani/track.npy,simac,6,0.9743589743589743,0.95,0.95,nan,nan,nan
simac/simac_selected_ambient_works_8592_green_calx/track.npy,simac,6,0.0,0.0,0.9655172413793104,nan,nan,nan
smc/smc_028/track.npy,smc,6,0.4042553191489362,0.0,0.71875,nan,nan,nan
smc/smc_061/track.npy,smc,6,0.523076923076923,0.07142857142857142,0.8222222222222222,nan,nan,nan
smc/smc_071/track.npy,smc,6,0.9782608695652174,1.0,1.0,nan,nan,nan
smc/smc_093/track.npy,smc,6,0.802919708029197,0.6052631578947368,0.6052631578947368,nan,nan,nan
smc/smc_101/track.npy,smc,6,0.5476190476190477,0.05084745762711865,0.10344827586206896,nan,nan,nan
smc/smc_116/track.npy,smc,6,0.26744186046511625,0.007518796992481203,0.007518796992481203,nan,nan,nan
smc/smc_120/track.npy,smc,6,0.9719626168224299,0.9814814814814815,0.9814814814814815,nan,nan,nan
smc/smc_133/track.npy,smc,6,0.7894736842105263,0.9736842105263158,0.9736842105263158,nan,nan,nan
smc/smc_152/track.npy,smc,6,0.5,0.0,0.0,nan,nan,nan
smc/smc_154/track.npy,smc,6,0.40625,0.15625,0.15625,nan,nan,nan
smc/smc_158/track.npy,smc,6,0.21818181818181817,0.03125,0.08888888888888889,nan,nan,nan
smc/smc_161/track.npy,smc,6,0.6857142857142857,0.9714285714285714,0.9714285714285714,nan,nan,nan
smc/smc_170/track.npy,smc,6,0.8372093023255814,1.0,1.0,nan,nan,nan
smc/smc_184/track.npy,smc,6,0.8307692307692308,0.8823529411764706,0.8823529411764706,nan,nan,nan
smc/smc_187/track.npy,smc,6,0.339622641509434,0.3235294117647059,0.3235294117647059,nan,nan,nan
smc/smc_215/track.npy,smc,6,0.8787878787878788,0.9090909090909091,0.9090909090909091,nan,nan,nan
smc/smc_221/track.npy,smc,6,0.5172413793103449,0.6333333333333333,0.6333333333333333,nan,nan,nan
smc/smc_224/track.npy,smc,6,0.3544303797468354,0.5476190476190477,0.5476190476190477,nan,nan,nan
smc/smc_226/track.npy,smc,6,0.5,0.75,0.75,nan,nan,nan
smc/smc_235/track.npy,smc,6,0.6027397260273972,0.7027027027027027,0.7027027027027027,nan,nan,nan
smc/smc_239/track.npy,smc,6,0.3888888888888889,0.1590909090909091,0.3090909090909091,nan,nan,nan
smc/smc_249/track.npy,smc,6,0.8799999999999999,0.8717948717948718,0.8717948717948718,nan,nan,nan
smc/smc_265/track.npy,smc,6,0.8129032258064516,0.6666666666666666,0.6666666666666666,nan,nan,nan
smc/smc_278/track.npy,smc,6,1.0,1.0,1.0,nan,nan,nan
smc/smc_280/track.npy,smc,6,1.0,1.0,1.0,nan,nan,nan
smc/smc_284/track.npy,smc,6,1.0,1.0,1.0,nan,nan,nan
smc/smc_287/track.npy,smc,6,1.0,0.9833333333333333,0.9833333333333333,nan,nan,nan
tapcorrect/002_youtube_CvMfvuJsYmE/track.npy,tapcorrect,6,0.9422875131164743,0.7852882703777336,0.7852882703777336,0.14173228346456693,0.125,0.125
tapcorrect/003_youtube_tXjqKzX28LI/track.npy,tapcorrect,6,0.9763975155279503,0.9124087591240876,0.9124087591240876,0.9951219512195122,0.9902912621359223,0.9902912621359223
tapcorrect/022_youtube_Z4z0LjchwOo/track.npy,tapcorrect,6,0.8788501026694046,0.8206627680311891,0.8206627680311891,0.5901639344262296,0.5546875,0.5546875
tapcorrect/031_youtube_Y8R9ZPT2T-I/track.npy,tapcorrect,6,0.9887640449438202,0.9888268156424581,0.9888268156424581,0.9944134078212291,0.9888888888888889,0.9888888888888889
tapcorrect/034_youtube_F6Dw6ZFmM4c/track.npy,tapcorrect,6,0.6946107784431138,0.0718232044198895,0.8456260720411664,0.5943775100401606,0.26490066225165565,0.26490066225165565
tapcorrect/039_youtube_ph9NQ8ASmX4/track.npy,tapcorrect,6,0.8988764044943821,0.6537467700258398,0.6537467700258398,0.7422680412371134,0.5535714285714286,0.5535714285714286
tapcorrect/054_youtube_UgL4N4Hf1dk/track.npy,tapcorrect,6,0.9977272727272727,0.9954648526077098,0.9954648526077098,0.9954751131221719,0.990990990990991,0.990990990990991
tapcorrect/061_youtube_KlujizeNNQM/track.npy,tapcorrect,6,0.995850622406639,0.9917355371900827,0.9917355371900827,1.0,1.0,1.0
tapcorrect/065_youtube_u9Dg-g7t2l4/track.npy,tapcorrect,6,0.9349470499243571,0.9191616766467066,0.9191616766467066,0.6774193548387097,0.47,0.47
tapcorrect/077_youtube_g6FU3s6mbGI/track.npy,tapcorrect,6,0.6720368239355581,0.08145580589254767,0.7770154373927959,0.6457399103139013,0.05333333333333334,0.7466666666666667
tapcorrect/087_youtube_ej93qIAlhXs/track.npy,tapcorrect,6,0.9992156862745099,0.9984326018808778,0.9984326018808778,1.0,1.0,1.0
tapcorrect/097_youtube_Nco69szMp0Y/track.npy,tapcorrect,6,0.9839999999999999,0.9734748010610079,0.9734748010610079,0.8761904761904762,0.5948275862068966,0.5948275862068966
asap/Bach_Fugue_bwv_864_SunD01M/track.npy,asap,7,0.6917293233082705,0.3346938775510204,0.3346938775510204,0.39999999999999997,0.0,0.038834951456310676
asap/Bach_Fugue_bwv_891_Duepree06M/track.npy,asap,7,0.7375886524822695,0.7380952380952381,0.7380952380952381,0.3377777777777778,0.09448818897637795,0.09448818897637795
asap/Bach_Prelude_bwv_848_Denisova06M/track.npy,asap,7,0.5038560411311054,0.006896551724137931,0.013793103448275862,0.6164383561643836,0.010309278350515464,0.8775510204081632
asap/Bach_Prelude_bwv_848_Lee01M/track.npy,asap,7,0.5139949109414759,0.00684931506849315,0.03424657534246575,0.6174496644295303,0.01020408163265306,0.6862745098039216
asap/Bach_Prelude_bwv_848_LeeSH01M/track.npy,asap,7,0.9301533219761499,0.6564625850340136,0.6564625850340136,0.8095238095238094,0.40816326530612246,0.40816326530612246
asap/Bach_Prelude_bwv_848_Lin04M/track.npy,asap,7,0.5051020408163266,0.003424657534246575,0.00684931506849315,0.5945945945945946,0.01020408163265306,0.94
asap/Bach_Prelude_bwv_848_Lou01M/track.npy,asap,7,0.5038560411311054,0.003436426116838488,0.013793103448275862,0.6164383561643836,0.010309278350515464,0.9591836734693877
asap/Bach_Prelude_bwv_848_MiyashitaM01M/track.npy,asap,7,0.513853904282116,0.0136986301369863,0.02054794520547945,0.6258503401360545,0.0,0.9183673469387755
asap/Bach_Prelude_bwv_848_Mizumoto03M/track.npy,asap,7,0.5012787723785167,0.003424657534246575,0.00684931506849315,0.6486486486486486,0.01020408163265306,0.98
asap/Bach_Prelude_bwv_848_SunY01M/track.npy,asap,7,0.4961240310077519,0.0034602076124567475,0.05555555555555555,0.6620689655172414,0.010309278350515464,0.9583333333333334
asap/Bach_Prelude_bwv_848_Zhou01M/track.npy,asap,7,0.48831168831168825,0.0034482758620689655,0.006896551724137931,0.6527777777777778,0.010309278350515464,0.9166666666666666
asap/Bach_Prelude_bwv_860_Ko04M/track.npy,asap,7,0.8251121076233184,0.366412213740458,0.43478260869565216,0.5396825396825397,0.0,0.43478260869565216
asap/Bach_Prelude_bwv_860_Nikiforov05M/track.npy,asap,7,0.8071748878923768,0.366412213740458,0.44565217391304346,0.5161290322580645,0.0,0.4666666666666667
asap/Bach_Prelude_bwv_860_Tetzloff04M/track.npy,asap,7,0.824561403508772,0.3533834586466165,0.4105263157894737,0.49230769230769234,0.0,0.3958333333333333
asap/Bach_Prelude_bwv_860_TuanS01M/track.npy,asap,7,0.6842105263157895,0.1865671641791045,0.291044776119403,0.41935483870967744,0.0,0.4666666666666667
asap/Bach_Prelude_bwv_860_YoungS01M/track.npy,asap,7,0.6699999999999999,0.007633587786259542,0.8405797101449275,0.64,0.0,0.9393939393939394
asap/Bach_Prelude_bwv_860_ZhangH04M/track.npy,asap,7,0.8214285714285715,0.3560606060606061,0.43478260869565216,0.6530612244897959,0.0,0.9696969696969697
asap/Bach_Prelude_bwv_883_GuoE01M/track.npy,asap,7,0.7305389221556886,0.18571428571428572,0.6639676113360324,0.42276422764227645,0.0,0.037037037037037035
asap/Bach_Prelude_bwv_883_LuM01M/track.npy,asap,7,0.7586206896551724,0.2653061224489796,0.5591836734693878,0.39999999999999997,0.0,0.03125
asap/Bach_Prelude_bwv_885_Guo01M/track.npy,asap,7,0.6584362139917695,0.0,0.9938271604938271,0.396039603960396,0.0,0.0
asap/Bach_Prelude_bwv_885_Huang04M/track.npy,asap,7,0.6639344262295083,0.0,0.9754601226993865,0.38383838383838387,0.0,0.0
asap/Bach_Prelude_bwv_885_JeonH01M/track.npy,asap,7,0.6693877551020408,0.0,0.9877300613496932,0.39215686274509803,0.0,0.0
asap/Bach_Prelude_bwv_885_SINKEV06/track.npy,asap,7,0.07377049180327867,0.0,0.8466257668711656,0.0,0.0,0.0
asap/Beethoven_Piano_Sonatas_23-1_Duepree05M/track.npy,asap,7,0.8220918866080157,0.7064485081809432,0.7064485081809432,0.7636363636363636,0.593103448275862,0.593103448275862
asap/Beethoven_Piano_Sonatas_23-1_Guo03M/track.npy,asap,7,0.8621190130624092,0.7863330125120308,0.7863330125120308,0.7904599659284498,0.5137614678899083,0.5137614678899083
asap/Beethoven_Piano_Sonatas_23-1_LiuC02M/track.npy,asap,7,0.8276543209876543,0.7013487475915221,0.7013487475915221,0.7001733102253034,0.4384858044164038,0.4384858044164038
asap/Beethoven_Piano_Sonatas_23-1_Mizumoto06M/track.npy,asap,7,0.8454011741682974,0.7516843118383061,0.7516843118383061,0.7760141093474426,0.5504885993485342,0.5504885993485342
asap/Beethoven_Piano_Sonatas_23-1_Teo02M/track.npy,asap,7,0.8796561604584526,0.7831439393939394,0.7831439393939394,0.82842287694974,0.6182965299684543,0.6182965299684543
asap/Beethoven_Piano_Sonatas_23-1_Yi02M/track.npy,asap,7,0.8560311284046691,0.7680461982675649,0.7680461982675649,0.7849462365591398,0.5503355704697986,0.5503355704697986
asap/Beethoven_Piano_Sonatas_26-2_HONG05M/track.npy,asap,7,0.582089552238806,0.005376344086021506,0.6989247311827957,0.5112781954887218,0.043478260869565216,0.29347826086956524
asap/Beethoven_Piano_Sonatas_27-2_GiacomelliN05M/track.npy,asap,7,0.9065502183406114,0.8469565217391304,0.8469565217391304,0.763915547024952,0.6027874564459931,0.6027874564459931
asap/Beethoven_Piano_Sonatas_7-4_Larionova04M/track.npy,asap,7,0.7784810126582278,0.6149312377210217,0.6149312377210217,0.5228758169934641,0.03571428571428571,0.6210045662100456
asap/Beethoven_Piano_Sonatas_7-4_LeeS05M/track.npy,asap,7,0.778969957081545,0.6138211382113821,0.6138211382113821,0.5555555555555556,0.1326530612244898,0.4840182648401826
asap/Beethoven_Piano_Sonatas_8-3_Na06M/track.npy,asap,7,0.9206349206349207,0.8325242718446602,0.8325242718446602,0.8270676691729323,0.7427184466019418,0.7427184466019418
asap/Chopin_Berceuse_op_57_LeungM07M/track.npy,asap,7,0.6649484536082474,0.2896825396825397,0.2896825396825397,0.6293706293706294,0.3333333333333333,0.3333333333333333
asap/Chopin_Berceuse_op_57_MiyashitaM06M/track.npy,asap,7,0.6308068459657702,0.21691176470588236,0.21691176470588236,0.6797385620915033,0.35714285714285715,0.35714285714285715
asap/Chopin_Berceuse_op_57_Tario07M/track.npy,asap,7,0.7584097859327217,0.45263157894736844,0.45263157894736844,0.6805555555555556,0.4533333333333333,0.4533333333333333
asap/Chopin_Berceuse_op_57_Teo11M/track.npy,asap,7,0.4863813229571985,0.005305039787798408,0.03978779840848806,0.6631578947368422,0.09090909090909091,0.7737226277372263
asap/Chopin_Berceuse_op_57_ZhangE09M/track.npy,asap,7,0.6615776081424937,0.25,0.25,0.658682634730539,0.24489795918367346,0.31386861313868614
asap/Chopin_Etudes_op_10_12_Bult-ItoS04M/track.npy,asap,7,0.6820276497695853,0.38837920489296635,0.38837920489296635,0.5298013245033113,0.2962962962962963,0.2962962962962963
asap/Chopin_Etudes_op_10_12_HuNY03M/track.npy,asap,7,0.7798561151079137,0.5161290322580645,0.5161290322580645,0.5876288659793815,0.23893805309734514,0.23893805309734514
asap/Chopin_Etudes_op_10_12_LuoJ08M/track.npy,asap,7,0.7861885790172644,0.42790697674418604,0.42790697674418604,0.5507246376811594,0.1746031746031746,0.3105590062111801
asap/Chopin_Etudes_op_10_12_WuuE06M/track.npy,asap,7,0.9007874015748032,0.7554179566563467,0.7554179566563467,0.7336683417085426,0.288135593220339,0.4409937888198758
asap/Chopin_Etudes_op_10_12_ZhangYunling02M/track.npy,asap,7,0.9102167182662538,0.7962962962962963,0.7962962962962963,0.6133333333333334,0.08333333333333333,0.6645962732919255
asap/Chopin_Etudes_op_25_1_LeeN03M/track.npy,asap,7,0.5041095890410959,0.0,0.34990791896869244,0.3518518518518519,0.0,0.08875739644970414
asap/Chopin_Etudes_op_25_1_TongB02M/track.npy,asap,7,0.5620094191522763,0.09111111111111111,0.27555555555555555,0.36257309941520466,0.016129032258064516,0.08870967741935484
asap/Chopin_Etudes_op_25_1_TuanS04M/track.npy,asap,7,0.6057529610829103,0.10643564356435643,0.37376237623762376,0.3725490196078431,0.0,0.10828025477707007
asap/Chopin_Etudes_op_25_1_Wong03M/track.npy,asap,7,0.5481927710843373,0.006289308176100629,0.4549266247379455,0.3474178403755868,0.006024096385542169,0.060240963855421686
asap/Debussy_Images_Book_1_1_Reflets_dans_lEau_Kleisen11M/track.npy,asap,7,0.6147540983606556,0.3678474114441417,0.3678474114441417,0.5057471264367817,0.16568047337278108,0.2896174863387978
asap/Debussy_Images_Book_1_1_Reflets_dans_lEau_ParkJH13M/track.npy,asap,7,0.6,0.33967391304347827,0.33967391304347827,0.4285714285714285,0.1440677966101695,0.24043715846994534
asap/Haydn_Keyboard_Sonatas_46-1_WongWY02M/track.npy,asap,7,0.8007850834151129,0.4602076124567474,0.4602076124567474,0.5835866261398176,0.0045662100456621,0.8310502283105022
asap/Haydn_Keyboard_Sonatas_46-1_YuP03M/track.npy,asap,7,0.8903954802259888,0.8626126126126126,0.8626126126126126,0.5981308411214954,0.009478672985781991,0.8310502283105022
asap/Liszt_Transcendental_Etudes_3_Huang14M/track.npy,asap,7,0.6840731070496083,0.59375,0.59375,0.24338624338624337,0.23157894736842105,0.5212765957446809
asap/Liszt_Transcendental_Etudes_5_Huang16M/track.npy,asap,7,0.570673712021136,0.012048192771084338,0.7156673114119922,0.5345911949685533,0.21808510638297873,0.3552123552123552
asap/Liszt_Transcendental_Etudes_5_LiuY06M/track.npy,asap,7,0.5934640522875817,0.009861932938856016,0.7281553398058253,0.6019417475728156,0.25,0.3657587548638132
asap/Liszt_Transcendental_Etudes_5_Min03M/track.npy,asap,7,0.59568345323741,0.08904109589041095,0.5750487329434698,0.6914498141263941,0.5571428571428572,0.5571428571428572
asap/Liszt_Transcendental_Etudes_5_Park03M/track.npy,asap,7,0.5650459921156374,0.03180914512922465,0.654368932038835,0.440251572327044,0.2275132275132275,0.2275132275132275
asap/Liszt_Transcendental_Etudes_5_Wang06M/track.npy,asap,7,0.5950196592398428,0.02178217821782178,0.7572815533980582,0.6334519572953736,0.46710526315789475,0.46710526315789475
asap/Liszt_Transcendental_Etudes_5_WangY02M/track.npy,asap,7,0.5483443708609271,0.01609657947686117,0.6038834951456311,0.4149659863945578,0.22424242424242424,0.22424242424242424
asap/Schubert_Impromptu_op142_1_Kleisen10M/track.npy,asap,7,0.8639825897714909,0.6385786802030456,0.6385786802030456,0.7771836007130125,0.4840764331210191,0.4840764331210191
asap/Schubert_Impromptu_op142_1_Lisiecki10M/track.npy,asap,7,0.8554382744378155,0.757548032936871,0.757548032936871,0.6701388888888888,0.4337748344370861,0.4337748344370861
asap/Schubert_Impromptu_op142_1_Ozaki07M/track.npy,asap,7,0.892357373519914,0.7068965517241379,0.7068965517241379,0.8134328358208954,0.5570934256055363,0.5570934256055363
ballroom/ballroom_Albums-AnaBelen_Veneo-13/track.npy,ballroom,7,1.0,1.0,1.0,1.0,1.0,1.0
ballroom/ballroom_Albums-Ballroom_Classics4-02/track.npy,ballroom,7,0.9444444444444444,1.0,1.0,1.0,1.0,1.0
ballroom/ballroom_Albums-Ballroom_Classics4-18/track.npy,ballroom,7,1.0,1.0,1.0,1.0,1.0,1.0
ballroom/ballroom_Albums-Ballroom_Magic-09/track.npy,ballroom,7,0.9931972789115647,0.9864864864864865,0.9864864864864865,1.0,1.0,1.0
ballroom/ballroom_Albums-Ballroom_Magic-15/track.npy,ballroom,7,1.0,1.0,1.0,1.0,1.0,1.0
ballroom/ballroom_Albums-Cafe_Paradiso-03/track.npy,ballroom,7,1.0,1.0,1.0,1.0,1.0,1.0
ballroom/ballroom_Albums-Chrisanne1-03/track.npy,ballroom,7,0.9705882352941176,1.0,1.0,1.0,1.0,1.0
ballroom/ballroom_Albums-Chrisanne1-07/track.npy,ballroom,7,1.0,1.0,1.0,1.0,1.0,1.0
ballroom/ballroom_Albums-Chrisanne1-08/track.npy,ballroom,7,0.9659863945578231,0.9324324324324325,0.9324324324324325,0.96,1.0,1.0
ballroom/ballroom_Albums-Chrisanne1-12/track.npy,ballroom,7,0.963855421686747,0.963855421686747,0.963855421686747,0.9523809523809523,1.0,1.0
ballroom/ballroom_Albums-Chrisanne3-03/track.npy,ballroom,7,1.0,1.0,1.0,0.6956521739130435,0.5,0.5
ballroom/ballroom_Albums-Chrisanne3-13/track.npy,ballroom,7,1.0,1.0,1.0,1.0,1.0,1.0
ballroom/ballroom_Albums-Fire-12/track.npy,ballroom,7,1.0,1.0,1.0,1.0,1.0,1.0
ballroom/ballroom_Albums-I_Like_It2-02/track.npy,ballroom,7,0.9803921568627451,0.9615384615384616,0.9615384615384616,0.9600000000000001,0.9230769230769231,0.9230769230769231
ballroom/ballroom_Albums-I_Like_It2-09/track.npy,ballroom,7,1.0,1.0,1.0,1.0,1.0,1.0
ballroom/ballroom_Albums-Latin_Jam2-02/track.npy,ballroom,7,1.0,1.0,1.0,1.0,1.0,1.0
ballroom/ballroom_Albums-Latin_Jam3-02/track.npy,ballroom,7,0.9807692307692307,0.9807692307692307,0.9807692307692307,0.6153846153846154,0.5384615384615384,0.5384615384615384
ballroom/ballroom_Albums-Latin_Jam3-09/track.npy,ballroom,7,1.0,1.0,1.0,1.0,1.0,1.0
ballroom/ballroom_Albums-Latin_Jam4-02/track.npy,ballroom,7,1.0,1.0,1.0,1.0,1.0,1.0
ballroom/ballroom_Albums-Latino_Latino-04/track.npy,ballroom,7,0.020833333333333332,0.0,0.9375,0.0,1.0,1.0
ballroom/ballroom_Albums-Macumba-06/track.npy,ballroom,7,1.0,1.0,1.0,1.0,1.0,1.0
ballroom/ballroom_Albums-Macumba-14/track.npy,ballroom,7,0.993006993006993,0.9861111111111112,0.9861111111111112,0.8,0.3333333333333333,0.5142857142857142
ballroom/ballroom_Albums-Mambo_Kings-12/track.npy,ballroom,7,1.0,1.0,1.0,1.0,1.0,1.0
ballroom/ballroom_Albums-Pais_Tropical-03/track.npy,ballroom,7,1.0,1.0,1.0,0.6451612903225806,0.0,0.9047619047619048
ballroom/ballroom_Albums-Pais_Tropical-13/track.npy,ballroom,7,1.0,1.0,1.0,1.0,1.0,1.0
ballroom/ballroom_Albums-Secret_Garden-06/track.npy,ballroom,7,0.9333333333333332,0.9210526315789473,0.9210526315789473,0.9166666666666666,0.75,0.75
ballroom/ballroom_Albums-Step_By_Step-02/track.npy,ballroom,7,0.9589041095890412,0.972972972972973,0.972972972972973,1.0,1.0,1.0
ballroom/ballroom_Albums-Step_By_Step-08/track.npy,ballroom,7,1.0,1.0,1.0,1.0,1.0,1.0
ballroom/ballroom_Albums-StrictlyDancing_Tango-06/track.npy,ballroom,7,0.98989898989899,0.98,0.98,0.9600000000000001,0.9230769230769231,0.9230769230769231
ballroom/ballroom_Albums-StrictlyDancing_Tango-11/track.npy,ballroom,7,1.0,1.0,1.0,1.0,1.0,1.0
ballroom/ballroom_Media-103302/track.npy,ballroom,7,1.0,1.0,1.0,1.0,1.0,1.0
ballroom/ballroom_Media-103304/track.npy,ballroom,7,1.0,1.0,1.0,1.0,1.0,1.0
ballroom/ballroom_Media-103305/track.npy,ballroom,7,1.0,1.0,1.0,1.0,1.0,1.0
ballroom/ballroom_Media-103307/track.npy,ballroom,7,0.9864864864864865,0.972972972972973,0.972972972972973,1.0,1.0,1.0
ballroom/ballroom_Media-103312/track.npy,ballroom,7,1.0,1.0,1.0,1.0,1.0,1.0
ballroom/ballroom_Media-103313/track.npy,ballroom,7,0.9941520467836257,0.9883720930232558,0.9883720930232558,0.5333333333333333,0.375,0.375
ballroom/ballroom_Media-103405/track.npy,ballroom,7,1.0,1.0,1.0,1.0,1.0,1.0
ballroom/ballroom_Media-103407/track.npy,ballroom,7,1.0,1.0,1.0,1.0,1.0,1.0
ballroom/ballroom_Media-103411/track.npy,ballroom,7,0.99009900990099,0.9803921568627451,0.9803921568627451,1.0,1.0,1.0
ballroom/ballroom_Media-103502/track.npy,ballroom,7,0.9879518072289156,0.9761904761904762,0.9761904761904762,0.9523809523809523,0.9090909090909091,0.9090909090909091
ballroom/ballroom_Media-103507/track.npy,ballroom,7,0.9803921568627451,0.9615384615384616,0.9615384615384616,0.9600000000000001,0.9230769230769231,0.9230769230769231
ballroom/ballroom_Media-103508/track.npy,ballroom,7,0.9902912621359222,0.9807692307692307,0.9807692307692307,1.0,1.0,1.0
ballroom/ballroom_Media-103701/track.npy,ballroom,7,1.0,1.0,1.0,1.0,1.0,1.0
ballroom/ballroom_Media-103704/track.npy,ballroom,7,1.0,1.0,1.0,1.0,1.0,1.0
ballroom/ballroom_Media-103705/track.npy,ballroom,7,1.0,1.0,1.0,1.0,1.0,1.0
ballroom/ballroom_Media-103706/track.npy,ballroom,7,1.0,1.0,1.0,1.0,1.0,1.0
ballroom/ballroom_Media-103710/track.npy,ballroom,7,0.9873417721518987,0.975,0.975,1.0,1.0,1.0
ballroom/ballroom_Media-103814/track.npy,ballroom,7,1.0,1.0,1.0,1.0,1.0,1.0
ballroom/ballroom_Media-103817/track.npy,ballroom,7,0.9841269841269841,0.96875,0.96875,1.0,1.0,1.0
ballroom/ballroom_Media-103917/track.npy,ballroom,7,1.0,1.0,1.0,1.0,1.0,1.0
ballroom/ballroom_Media-104017/track.npy,ballroom,7,1.0,1.0,1.0,1.0,1.0,1.0
ballroom/ballroom_Media-104112/track.npy,ballroom,7,1.0,1.0,1.0,1.0,1.0,1.0
ballroom/ballroom_Media-104114/track.npy,ballroom,7,0.9879518072289156,0.9761904761904762,0.9761904761904762,1.0,1.0,1.0
ballroom/ballroom_Media-104118/track.npy,ballroom,7,0.9861111111111112,0.9726027397260274,0.9726027397260274,1.0,1.0,1.0
ballroom/ballroom_Media-104303/track.npy,ballroom,7,0.9722222222222222,1.0,1.0,0.9166666666666666,1.0,1.0
ballroom/ballroom_Media-104401/track.npy,ballroom,7,1.0,1.0,1.0,1.0,1.0,1.0
ballroom/ballroom_Media-104404/track.npy,ballroom,7,0.9549549549549549,0.9642857142857143,0.9642857142857143,1.0,1.0,1.0
ballroom/ballroom_Media-104416/track.npy,ballroom,7,0.9942857142857142,0.9886363636363636,0.9886363636363636,1.0,1.0,1.0
ballroom/ballroom_Media-104418/track.npy,ballroom,7,0.9942196531791908,0.9885057471264368,0.9885057471264368,1.0,1.0,1.0
ballroom/ballroom_Media-104701/track.npy,ballroom,7,0.9859154929577464,0.9722222222222222,0.9722222222222222,0.9565217391304348,0.9166666666666666,0.9166666666666666
ballroom/ballroom_Media-104709/track.npy,ballroom,7,0.9906542056074767,0.9814814814814815,0.9814814814814815,0.962962962962963,0.9285714285714286,0.9285714285714286
ballroom/ballroom_Media-104710/track.npy,ballroom,7,0.0,0.0,0.9649122807017544,0.0,1.0,1.0
ballroom/ballroom_Media-104712/track.npy,ballroom,7,0.9066666666666667,0.8026315789473685,0.8026315789473685,1.0,1.0,1.0
ballroom/ballroom_Media-104716/track.npy,ballroom,7,0.988095238095238,0.9764705882352941,0.9764705882352941,0.975609756097561,0.9523809523809523,0.9523809523809523
ballroom/ballroom_Media-104805/track.npy,ballroom,7,1.0,1.0,1.0,1.0,1.0,1.0
ballroom/ballroom_Media-104909/track.npy,ballroom,7,0.9932885906040269,0.9866666666666667,0.9866666666666667,1.0,1.0,1.0
ballroom/ballroom_Media-105007/track.npy,ballroom,7,0.8219178082191781,0.972972972972973,0.972972972972973,0.8333333333333334,1.0,1.0
ballroom/ballroom_Media-105107/track.npy,ballroom,7,1.0,1.0,1.0,1.0,1.0,1.0
ballroom/ballroom_Media-105108/track.npy,ballroom,7,0.9906542056074767,0.9814814814814815,0.9814814814814815,1.0,1.0,1.0
ballroom/ballroom_Media-105112/track.npy,ballroom,7,0.9932885906040269,0.9733333333333334,0.9733333333333334,1.0,1.0,1.0
ballroom/ballroom_Media-105320/track.npy,ballroom,7,0.9885057471264368,0.9772727272727273,0.9772727272727273,0.9767441860465117,0.9545454545454546,0.9545454545454546
ballroom/ballroom_Media-105501/track.npy,ballroom,7,1.0,1.0,1.0,1.0,1.0,1.0
ballroom/ballroom_Media-105605/track.npy,ballroom,7,0.9902912621359222,0.9807692307692307,0.9807692307692307,1.0,1.0,1.0
ballroom/ballroom_Media-105608/track.npy,ballroom,7,1.0,1.0,1.0,1.0,1.0,1.0
ballroom/ballroom_Media-105612/track.npy,ballroom,7,0.9885057471264368,0.9772727272727273,0.9772727272727273,1.0,1.0,1.0
ballroom/ballroom_Media-105613/track.npy,ballroom,7,0.9885057471264368,0.9772727272727273,0.9772727272727273,0.9523809523809523,0.9090909090909091,0.9090909090909091
ballroom/ballroom_Media-105702/track.npy,ballroom,7,1.0,1.0,1.0,1.0,1.0,1.0
ballroom/ballroom_Media-105705/track.npy,ballroom,7,0.9814814814814815,0.9636363636363636,0.9636363636363636,1.0,1.0,1.0
ballroom/ballroom_Media-105810/track.npy,ballroom,7,0.993103448275862,0.9863013698630136,0.9863013698630136,0.9795918367346939,0.96,0.96
ballroom/ballroom_Media-106003/track.npy,ballroom,7,0.9885057471264368,0.9772727272727273,0.9772727272727273,0.6875000000000001,0.0,1.0
ballroom/ballroom_Media-106006/track.npy,ballroom,7,0.9904761904761905,0.9811320754716981,0.9811320754716981,0.962962962962963,0.9285714285714286,0.9285714285714286
ballroom/ballroom_Media-106010/track.npy,ballroom,7,0.9743589743589743,0.95,0.95,1.0,1.0,1.0
ballroom/ballroom_Media-106102/track.npy,ballroom,7,0.9811320754716981,0.9629629629629629,0.9629629629629629,0.962962962962963,0.9285714285714286,0.9285714285714286
ballroom/ballroom_Media-106106/track.npy,ballroom,7,1.0,1.0,1.0,0.9523809523809523,0.9090909090909091,0.9090909090909091
ballroom/ballroom_Media-106111/track.npy,ballroom,7,0.9767441860465117,0.9545454545454546,0.9545454545454546,0.9523809523809523,0.9090909090909091,0.9090909090909091
beatles/beatles_01_Please_Please_Me_05_Boys/track.npy,beatles,7,0.9954198473282443,0.9908814589665653,0.9908814589665653,0.937142857142857,0.7741935483870968,0.7741935483870968
beatles/beatles_01_Please_Please_Me_09_P_S_I_Love_You/track.npy,beatles,7,0.9941972920696325,0.9961389961389961,0.9961389961389961,1.0,1.0,1.0
beatles/beatles_02_With_the_Beatles_06_Till_There_Was_You/track.npy,beatles,7,0.9920948616600791,1.0,1.0,1.0,1.0,1.0
beatles/beatles_02_With_the_Beatles_14_Money/track.npy,beatles,7,0.995581737849779,0.9941176470588236,0.9941176470588236,0.9497206703910615,0.7978723404255319,0.7978723404255319
beatles/beatles_03_A_Hard_Days_Night_07_Cant_Buy_Me_Love/track.npy,beatles,7,0.9522388059701492,0.8228571428571428,0.8228571428571428,0.9411764705882352,0.8409090909090909,0.8409090909090909
beatles/beatles_04_Beatles_for_Sale_02_Im_a_Loser/track.npy,beatles,7,0.6955074875207986,0.09020618556701031,0.8,0.65,0.0,0.9532710280373832
beatles/beatles_04_Beatles_for_Sale_10_Honey_Dont/track.npy,beatles,7,0.994535519125683,0.9891304347826086,0.9891304347826086,0.9912280701754386,0.9826086956521739,0.9826086956521739
beatles/beatles_05_Help_08_Act_Naturally/track.npy,beatles,7,0.9977011494252873,0.9954128440366973,0.9954128440366973,1.0,1.0,1.0
beatles/beatles_05_Help_09_Its_Only_Love/track.npy,beatles,7,1.0,1.0,1.0,1.0,1.0,1.0
beatles/beatles_06_Rubber_Soul_08_What_Goes_On/track.npy,beatles,7,0.9023090586145648,0.6440129449838188,0.6440129449838188,0.984251968503937,0.952755905511811,0.952755905511811
beatles/beatles_06_Rubber_Soul_14_Run_For_Your_Life/track.npy,beatles,7,0.6655231560891938,0.0,0.9948586118251928,0.6712328767123288,0.0,1.0
beatles/beatles_07_Revolver_02_Eleanor_Rigby/track.npy,beatles,7,0.996309963099631,0.9926470588235294,0.9926470588235294,0.9510489510489509,0.8,0.8
beatles/beatles_08_Sgt_Peppers_Lonely_Hearts_Club_Band_03_Lucy_In_The_Sky_With_Diamonds/track.npy,beatles,7,0.8416779431664412,0.7139175257731959,0.7139175257731959,0.8861788617886178,0.7054263565891473,0.7054263565891473
beatles/beatles_08_Sgt_Peppers_Lonely_Hearts_Club_Band_04_Getting_Better/track.npy,beatles,7,1.0,1.0,1.0,0.9938650306748467,0.9878048780487805,0.9878048780487805
beatles/beatles_09_Magical_Mystery_Tour_01_Magical_Mystery_Tour/track.npy,beatles,7,0.8704061895551257,0.6439393939393939,0.6439393939393939,0.8794326241134751,0.6153846153846154,0.6153846153846154
beatles/beatles_10_CD1_The_Beatles_01_Back_in_the_USSR/track.npy,beatles,7,0.9971590909090908,0.9943342776203966,0.9943342776203966,0.9775280898876404,0.9662921348314607,0.9662921348314607
beatles/beatles_10_CD1_The_Beatles_02_Dear_Prudence/track.npy,beatles,7,0.9425287356321839,0.790625,0.790625,0.7058823529411765,0.12213740458015267,0.7448275862068966
beatles/beatles_10_CD2_The_Beatles_08_Revolution_1/track.npy,beatles,7,0.9817295980511571,0.9781553398058253,0.9781553398058253,0.7578125,0.3466666666666667,0.4075829383886256
beatles/beatles_10_CD2_The_Beatles_10_Savoy_Truffle/track.npy,beatles,7,0.9897209985315712,0.9912023460410557,0.9912023460410557,0.9882352941176471,1.0,1.0
beatles/beatles_11_Abbey_Road_02_Something/track.npy,beatles,7,0.9894179894179894,1.0,1.0,0.9791666666666666,1.0,1.0
beatles/beatles_11_Abbey_Road_03_Maxwells_Silver_Hammer/track.npy,beatles,7,0.9249692496924969,0.7208237986270023,0.7208237986270023,0.9261083743842364,0.7339449541284404,0.7339449541284404
beatles/beatles_12_Let_It_Be_01_Two_of_Us/track.npy,beatles,7,0.9865229110512128,0.9785522788203753,0.9785522788203753,0.6551724137931034,0.0855614973262032,0.4368932038834951
beatles/beatles_12_Let_It_Be_05_Dig_It/track.npy,beatles,7,0.9107981220657276,0.8362068965517241,0.8362068965517241,0.9166666666666666,0.8461538461538461,0.8461538461538461
candombe/csic.1995_ansina2_04/track.npy,candombe,7,0.9994029850746269,0.9976133651551312,0.9976133651551312,0.9976133651551313,0.9904761904761905,0.9904761904761905
candombe/proyecto.1992_gimenez_02/track.npy,candombe,7,0.9307086614173228,0.9669291338582677,0.9669291338582677,0.9245283018867925,1.0,1.0
candombe/zavala.muniz.2014_48/track.npy,candombe,7,1.0,1.0,1.0,1.0,1.0,1.0
candombe/zavala.muniz.2014_53/track.npy,candombe,7,0.9964994165694282,0.9953379953379954,0.9953379953379954,1.0,1.0,1.0
filosax/filosax_08/track.npy,filosax,7,0.9994931576279777,0.9969604863221885,0.9969604863221885,0.9534883720930233,0.8296296296296296,0.8296296296296296
filosax/filosax_15/track.npy,filosax,7,0.9983347210657786,0.9908485856905158,0.9908485856905158,0.9966666666666667,1.0,1.0
filosax/filosax_21/track.npy,filosax,7,0.9964157706093189,0.994269340974212,0.994269340974212,0.991404011461318,0.9942857142857143,0.9942857142857143
filosax/filosax_29/track.npy,filosax,7,1.0,1.0,1.0,1.0,1.0,1.0
filosax/filosax_39/track.npy,filosax,7,0.99687255668491,0.9874902267396404,0.9874902267396404,0.996875,1.0,1.0
filosax/filosax_43/track.npy,filosax,7,0.9918345127925965,0.988056460369164,0.988056460369164,0.991304347826087,0.9913419913419913,0.9913419913419913
groove_midi/drummer1_eval_session_5_funk-groove5_84_beat_4-4/track.npy,groove_midi,7,0.9911504424778761,0.9824561403508771,0.9824561403508771,1.0,1.0,1.0
groove_midi/drummer1_session1_102_funk_95_beat_4-4/track.npy,groove_midi,7,0.6992805755395683,0.6896551724137931,0.6896551724137931,0.6896551724137931,0.8620689655172413,0.8620689655172413
groove_midi/drummer1_session1_126_funk-fast_125_beat_4-4/track.npy,groove_midi,7,1.0,1.0,1.0,1.0,1.0,1.0
groove_midi/drummer1_session1_81_dance-breakbeat_170_beat_4-4/track.npy,groove_midi,7,0.9965397923875432,0.9862068965517241,0.9862068965517241,1.0,1.0,1.0
groove_midi/drummer1_session2_10_country_114_beat_4-4/track.npy,groove_midi,7,0.6666666666666666,0.0,0.9947275922671354,0.6666666666666666,0.0,0.9929577464788732
groove_midi/drummer1_session2_142_gospel_120_beat_4-4/track.npy,groove_midi,7,0.9888475836431226,0.9777777777777777,0.9777777777777777,1.0,1.0,1.0
groove_midi/drummer1_session2_1_latin-chacarera_157_beat_3-4/track.npy,groove_midi,7,0.3993610223642173,0.0,0.0,0.0,0.0,0.43548387096774194
groove_midi/drummer1_session3_10_rock-folk_90_beat_4-4/track.npy,groove_midi,7,0.9168591224018475,0.7124463519313304,0.7124463519313304,0.8584070796460176,0.5714285714285714,0.5714285714285714
groove_midi/drummer1_session3_8_rock_135_beat_4-4/track.npy,groove_midi,7,0.9911504424778761,0.9824561403508771,0.9824561403508771,0.9655172413793104,0.9333333333333333,0.9333333333333333
groove_midi/drummer1_session3_9_rock_135_beat_4-4/track.npy,groove_midi,7,0.9976958525345622,0.9954022988505747,0.9954022988505747,0.9775784753363228,0.9122807017543859,0.9122807017543859
groove_midi/drummer3_session1_3_rock_105_beat_4-4/track.npy,groove_midi,7,0.963855421686747,0.9302325581395349,0.9302325581395349,1.0,1.0,1.0
groove_midi/drummer3_session1_7_rock_105_beat_4-4/track.npy,groove_midi,7,1.0,1.0,1.0,1.0,1.0,1.0
groove_midi/drummer3_session2_16_rock_100_beat_4-4/track.npy,groove_midi,7,1.0,1.0,1.0,1.0,1.0,1.0
groove_midi/drummer4_session1_4_latin-brazilian_92_beat_4-4/track.npy,groove_midi,7,0.6588235294117647,0.0,0.8070175438596491,0.6363636363636364,0.0,0.8666666666666667
groove_midi/drummer5_eval_session_7_pop-groove7_138_beat_4-4/track.npy,groove_midi,7,1.0,1.0,1.0,1.0,1.0,1.0
groove_midi/drummer5_session1_11_latin-brazilian-sambareggae_96_beat_4-4/track.npy,groove_midi,7,0.9981024667931689,0.9962121212121212,0.9962121212121212,1.0,1.0,1.0
groove_midi/drummer5_session1_6_latin-brazilian-maracatu_96_beat_4-4/track.npy,groove_midi,7,0.8457446808510638,0.5058548009367682,0.5058548009367682,0.669902912621359,0.43548387096774194,0.43548387096774194
groove_midi/drummer5_session1_8_latin-venezuelan-merengue_162_beat_5-8/track.npy,groove_midi,7,0.6646341463414634,0.07894736842105263,0.5707762557077626,0.2344139650872818,0.0,0.008595988538681949
groove_midi/drummer5_session2_17_latin-brazilian-samba_110_beat_4-4/track.npy,groove_midi,7,0.9915254237288136,0.9957627118644068,0.9957627118644068,0.7966101694915254,0.7966101694915254,0.7966101694915254
groove_midi/drummer5_session2_22_latin-brazilian-frevo_133_beat_4-4/track.npy,groove_midi,7,0.9290322580645162,0.8942307692307693,0.8942307692307693,0.9342105263157895,0.935064935064935,0.935064935064935
groove_midi/drummer5_session2_2_latin-brazilian_101_beat_4-4/track.npy,groove_midi,7,0.9949748743718593,0.99,0.99,0.9795918367346939,0.96,0.96
groove_midi/drummer5_session2_7_neworleans-secondline_124_beat_4-4/track.npy,groove_midi,7,0.9945652173913043,0.9891891891891892,0.9891891891891892,1.0,1.0,1.0
groove_midi/drummer6_session3_3_rock_100_beat_4-4/track.npy,groove_midi,7,0.9774436090225564,0.996996996996997,0.996996996996997,0.9101123595505617,0.7473684210526316,0.7473684210526316
groove_midi/drummer6_session3_4_rock_127_beat_4-4/track.npy,groove_midi,7,0.9852507374631269,0.9736070381231672,0.9736070381231672,0.5431034482758621,0.006756756756756757,0.7425149700598802
groove_midi/drummer6_session3_5_rock_180_beat_4-4/track.npy,groove_midi,7,0.971985383678441,0.8931116389548693,0.8931116389548693,0.0,0.0,1.0
groove_midi/drummer6_session3_7_rock_88_beat_4-4/track.npy,groove_midi,7,0.9740634005763689,0.9942528735632183,0.9942528735632183,0.88,0.5714285714285714,0.5714285714285714
groove_midi/drummer7_session1_39_hiphop_100_beat_4-4/track.npy,groove_midi,7,0.967741935483871,1.0,1.0,0.0,0.0,0.0
groove_midi/drummer7_session2_36_rock_75_fill_4-4/track.npy,groove_midi,7,1.0,1.0,1.0,1.0,1.0,1.0
groove_midi/drummer7_session2_63_soul-motown_148_beat_4-4/track.npy,groove_midi,7,0.3047619047619048,0.3018867924528302,0.6226415094339622,0.3076923076923077,1.0,1.0
groove_midi/drummer7_session2_6_rock_120_beat_4-4/track.npy,groove_midi,7,0.9875,0.9753086419753086,0.9753086419753086,1.0,1.0,1.0
groove_midi/drummer7_session3_106_hiphop_70_beat_4-4/track.npy,groove_midi,7,1.0,1.0,1.0,1.0,1.0,1.0
groove_midi/drummer7_session3_119_rock_95_beat_4-4/track.npy,groove_midi,7,0.9795918367346939,0.96,0.96,0.923076923076923,0.8571428571428571,0.8571428571428571
groove_midi/drummer7_session3_23_pop-soft_83_beat_4-4/track.npy,groove_midi,7,0.983050847457627,0.9666666666666667,0.9666666666666667,0.9333333333333333,0.875,0.875
groove_midi/drummer7_session3_39_rock-indie_63_beat_4-4/track.npy,groove_midi,7,0.983388704318937,0.9933774834437086,0.9933774834437086,0.9866666666666666,0.9736842105263158,0.9736842105263158
groove_midi/drummer7_session3_49_funk_112_beat_4-4/track.npy,groove_midi,7,0.9906542056074767,0.9814814814814815,0.9814814814814815,1.0,1.0,1.0
groove_midi/drummer8_session1_11_neworleans-funk_82_beat_4-4/track.npy,groove_midi,7,0.9110512129380054,0.6732673267326733,0.6732673267326733,0.9130434782608696,0.68,0.68
groove_midi/drummer8_session1_25_funk-latin_100_beat_4-4/track.npy,groove_midi,7,0.9975062344139651,0.9950248756218906,0.9950248756218906,1.0,1.0,1.0
groove_midi/drummer8_session1_3_hiphop_90_beat_4-4/track.npy,groove_midi,7,1.0,1.0,1.0,1.0,1.0,1.0
groove_midi/drummer9_session1_19_rock_120_beat_4-4/track.npy,groove_midi,7,0.9923664122137404,0.9848484848484849,0.9848484848484849,1.0,1.0,1.0
groove_midi/drummer9_session1_26_rock_90_beat_4-4/track.npy,groove_midi,7,1.0,1.0,1.0,1.0,1.0,1.0
groove_midi/drummer9_session1_5_rock_100_beat_4-4/track.npy,groove_midi,7,0.9955156950672646,0.9910714285714286,0.9910714285714286,0.9818181818181818,0.9642857142857143,0.9642857142857143
groove_midi/drummer9_session1_7_rock_100_beat_4-4/track.npy,groove_midi,7,0.9841269841269841,0.96875,0.96875,0.0,0.0,0.75
guitarset/00_BN1-147-Gb_comp_mix/track.npy,guitarset,7,0.6666666666666666,0.02857142857142857,0.8947368421052632,0.9333333333333333,0.875,0.875
guitarset/00_Jazz2-110-Bb_comp_mix/track.npy,guitarset,7,0.9908256880733944,0.9818181818181818,0.9818181818181818,0.962962962962963,0.9285714285714286,0.9285714285714286
guitarset/00_Rock2-142-D_comp_mix/track.npy,guitarset,7,0.9904761904761905,0.9811320754716981,0.9811320754716981,0.962962962962963,0.9285714285714286,0.9285714285714286
guitarset/01_Funk1-97-C_comp_mix/track.npy,guitarset,7,0.9873417721518987,0.975,0.975,0.9473684210526316,0.9,0.9
guitarset/01_Rock3-117-Bb_comp_mix/track.npy,guitarset,7,0.9908256880733944,0.9818181818181818,0.9818181818181818,0.962962962962963,0.9285714285714286,0.9285714285714286
guitarset/02_Funk3-98-A_comp_mix/track.npy,guitarset,7,1.0,1.0,1.0,1.0,1.0,1.0
guitarset/02_Jazz2-110-Bb_comp_mix/track.npy,guitarset,7,0.9908256880733944,0.9818181818181818,0.9818181818181818,0.962962962962963,0.9285714285714286,0.9285714285714286
guitarset/02_SS2-88-F_comp_mix/track.npy,guitarset,7,0.9734513274336283,0.9824561403508771,0.9824561403508771,0.9655172413793104,0.9333333333333333,0.9333333333333333
guitarset/03_BN2-131-B_comp_mix/track.npy,guitarset,7,0.9906542056074767,0.9814814814814815,0.9814814814814815,0.962962962962963,0.9285714285714286,0.9285714285714286
guitarset/03_Funk2-119-G_comp_mix/track.npy,guitarset,7,0.9908256880733944,0.9818181818181818,0.9818181818181818,0.962962962962963,0.9285714285714286,0.9285714285714286
guitarset/03_Jazz1-130-D_comp_mix/track.npy,guitarset,7,0.9599999999999999,0.9473684210526315,0.9473684210526315,1.0,1.0,1.0
guitarset/03_Jazz1-200-B_comp_mix/track.npy,guitarset,7,0.8771929824561403,0.4838709677419355,0.4838709677419355,0.2,0.0,0.15384615384615385
guitarset/03_Jazz3-137-Eb_comp_mix/track.npy,guitarset,7,0.7676767676767676,0.6153846153846154,0.6153846153846154,0.4761904761904762,0.23076923076923078,0.625
guitarset/03_SS2-107-Ab_comp_mix/track.npy,guitarset,7,0.9909909909909909,0.9821428571428571,0.9821428571428571,0.962962962962963,0.9285714285714286,0.9285714285714286
guitarset/04_BN1-147-Gb_comp_mix/track.npy,guitarset,7,0.9859154929577464,0.9722222222222222,0.9722222222222222,0.9411764705882353,0.8888888888888888,0.8888888888888888
guitarset/04_Funk2-119-G_comp_mix/track.npy,guitarset,7,0.9908256880733944,0.9818181818181818,0.9818181818181818,0.962962962962963,0.9285714285714286,0.9285714285714286
guitarset/04_Funk3-112-C#_comp_mix/track.npy,guitarset,7,1.0,1.0,1.0,1.0,1.0,1.0
guitarset/04_SS3-98-C_comp_mix/track.npy,guitarset,7,1.0,1.0,1.0,1.0,1.0,1.0
guitarset/05_BN1-147-Gb_comp_mix/track.npy,guitarset,7,0.6415094339622641,0.0,0.9444444444444444,0.6153846153846154,0.0,0.8
guitarset/05_Funk1-97-C_comp_mix/track.npy,guitarset,7,0.8717948717948718,0.8461538461538461,0.8461538461538461,0.7777777777777778,1.0,1.0
guitarset/05_Rock2-142-D_comp_mix/track.npy,guitarset,7,0.9904761904761905,0.9811320754716981,0.9811320754716981,0.962962962962963,0.9285714285714286,0.9285714285714286
guitarset/05_SS3-98-C_comp_mix/track.npy,guitarset,7,0.9909909909909909,0.9821428571428571,0.9821428571428571,0.962962962962963,0.9285714285714286,0.9285714285714286
hainsworth/hainsworth_003/track.npy,hainsworth,7,0.8170212765957446,0.7966101694915254,0.7966101694915254,0.4819277108433735,0.03773584905660377,0.03773584905660377
hainsworth/hainsworth_009/track.npy,hainsworth,7,1.0,1.0,1.0,1.0,1.0,1.0
hainsworth/hainsworth_012/track.npy,hainsworth,7,0.8641975308641975,0.8395061728395061,0.8395061728395061,0.14285714285714282,0.09090909090909091,0.09090909090909091
hainsworth/hainsworth_017/track.npy,hainsworth,7,1.0,1.0,1.0,1.0,1.0,1.0
hainsworth/hainsworth_023/track.npy,hainsworth,7,1.0,1.0,1.0,1.0,1.0,1.0
hainsworth/hainsworth_055/track.npy,hainsworth,7,0.9631449631449631,0.8625592417061612,0.8625592417061612,0.9074074074074073,0.6964285714285714,0.6964285714285714
hainsworth/hainsworth_057/track.npy,hainsworth,7,0.9221556886227545,0.8705882352941177,0.8705882352941177,0.6896551724137931,0.13157894736842105,0.6666666666666666
hainsworth/hainsworth_059/track.npy,hainsworth,7,0.7704280155642024,0.25949367088607594,0.5786802030456852,0.8493150684931509,0.6,0.6
hainsworth/hainsworth_082/track.npy,hainsworth,7,1.0,1.0,1.0,1.0,1.0,1.0
hainsworth/hainsworth_083/track.npy,hainsworth,7,1.0,1.0,1.0,1.0,1.0,1.0
hainsworth/hainsworth_085/track.npy,hainsworth,7,1.0,1.0,1.0,1.0,1.0,1.0
hainsworth/hainsworth_093/track.npy,hainsworth,7,1.0,1.0,1.0,0.5853658536585366,0.22916666666666666,0.3880597014925373
hainsworth/hainsworth_111/track.npy,hainsworth,7,0.65,0.0,0.9572192513368984,0.6571428571428571,0.0,0.9574468085106383
hainsworth/hainsworth_129/track.npy,hainsworth,7,0.8079470198675497,0.7283950617283951,0.7283950617283951,0.5306122448979592,0.0,0.7714285714285715
hainsworth/hainsworth_132/track.npy,hainsworth,7,0.9534883720930233,0.9318181818181818,0.9318181818181818,0.43478260869565216,0.02857142857142857,0.11428571428571428
hainsworth/hainsworth_135/track.npy,hainsworth,7,0.8333333333333334,0.9242424242424242,0.9242424242424242,0.875,1.0,1.0
hainsworth/hainsworth_145/track.npy,hainsworth,7,0.5511811023622047,0.0,0.7582417582417582,0.3870967741935484,0.0,0.4782608695652174
hainsworth/hainsworth_149/track.npy,hainsworth,7,0.9947089947089947,0.9894736842105263,0.9894736842105263,1.0,1.0,1.0
hainsworth/hainsworth_155/track.npy,hainsworth,7,1.0,1.0,1.0,0.37209302325581395,0.3181818181818182,0.6190476190476191
hainsworth/hainsworth_166/track.npy,hainsworth,7,0.9696969696969697,0.8627450980392157,0.8627450980392157,0.9166666666666666,0.8333333333333334,0.8333333333333334
hainsworth/hainsworth_171/track.npy,hainsworth,7,1.0,1.0,1.0,1.0,1.0,1.0
hainsworth/hainsworth_190/track.npy,hainsworth,7,0.669603524229075,0.0,0.9801324503311258,0.6666666666666666,0.0,0.9868421052631579
hainsworth/hainsworth_198/track.npy,hainsworth,7,1.0,1.0,1.0,1.0,1.0,1.0
hainsworth/hainsworth_201/track.npy,hainsworth,7,0.993006993006993,0.9861111111111112,0.9861111111111112,1.0,1.0,1.0
hainsworth/hainsworth_211/track.npy,hainsworth,7,1.0,1.0,1.0,1.0,1.0,1.0
hainsworth/hainsworth_214/track.npy,hainsworth,7,1.0,1.0,1.0,1.0,1.0,1.0
hainsworth/hainsworth_220/track.npy,hainsworth,7,0.8333333333333333,0.9069767441860465,0.9069767441860465,0.5365853658536585,0.5238095238095238,0.5238095238095238
harmonix/0003_6foot7foot/track.npy,harmonix,7,1.0,1.0,1.0,1.0,1.0,1.0
harmonix/0017_badromance/track.npy,harmonix,7,0.9983079526226735,0.9966216216216216,0.9966216216216216,1.0,1.0,1.0
harmonix/0026_blackandyellow/track.npy,harmonix,7,0.9912126537785589,0.9825783972125436,0.9825783972125436,0.993006993006993,0.9861111111111112,0.9861111111111112
harmonix/0027_blackened/track.npy,harmonix,7,0.7318702290076337,0.6663542642924086,0.6663542642924086,0.542483660130719,0.3002680965147453,0.3002680965147453
harmonix/0044_cameraeye/track.npy,harmonix,7,0.8995901639344263,0.7675606641123882,0.7675606641123882,0.7982954545454546,0.6611570247933884,0.6611570247933884
harmonix/0065_deadandbloated/track.npy,harmonix,7,0.6962457337883959,0.06806282722513089,0.8723404255319149,0.586046511627907,0.08783783783783784,0.40540540540540543
harmonix/0071_dirtypool/track.npy,harmonix,7,0.9901408450704224,0.9804741980474198,0.9804741980474198,0.8591885441527446,0.5230125523012552,0.5230125523012552
harmonix/0085_electricboogie/track.npy,harmonix,7,1.0,1.0,1.0,1.0,1.0,1.0
harmonix/0095_firework/track.npy,harmonix,7,0.9724770642201835,1.0,1.0,0.975609756097561,1.0,1.0
harmonix/0104_getbusy/track.npy,harmonix,7,0.9980582524271845,0.9961240310077519,0.9961240310077519,0.9922480620155039,0.9846153846153847,0.9846153846153847
harmonix/0108_getup/track.npy,harmonix,7,0.827018121911038,0.60790273556231,0.60790273556231,0.8417508417508418,0.7468354430379747,0.7468354430379747
harmonix/0116_goodies/track.npy,harmonix,7,0.998639455782313,0.9972826086956522,0.9972826086956522,1.0,1.0,1.0
harmonix/0119_gunpowderandlead/track.npy,harmonix,7,0.9589552238805971,0.9628252788104089,0.9628252788104089,0.9323308270676692,0.9253731343283582,0.9253731343283582
harmonix/0124_hello/track.npy,harmonix,7,0.9956076134699853,0.9912536443148688,0.9912536443148688,0.9941520467836257,0.9883720930232558,0.9883720930232558
harmonix/0125_hellogoodmorning/track.npy,harmonix,7,1.0,1.0,1.0,1.0,1.0,1.0
harmonix/0140_impacto/track.npy,harmonix,7,0.9978858350951374,0.9957805907172996,0.9957805907172996,0.9915966386554621,0.9833333333333333,0.9833333333333333
harmonix/0151_kingofdancehall/track.npy,harmonix,7,0.9204545454545455,0.8977272727272727,0.8977272727272727,0.9318181818181818,1.0,1.0
harmonix/0184_myprerogative/track.npy,harmonix,7,1.0,1.0,1.0,1.0,1.0,1.0
harmonix/0185_nasty/track.npy,harmonix,7,1.0,1.0,1.0,1.0,1.0,1.0
harmonix/0194_nomoretears/track.npy,harmonix,7,0.9544827586206897,0.912043301759134,0.912043301759134,0.8404255319148937,0.7575757575757576,0.7575757575757576
harmonix/0226_rendezvu/track.npy,harmonix,7,0.9336283185840708,0.8755186721991701,0.8755186721991701,0.9380530973451328,0.8833333333333333,0.8833333333333333
harmonix/0229_ridingonthewind/track.npy,harmonix,7,0.8729281767955801,0.860036832412523,0.860036832412523,0.8413284132841329,0.9705882352941176,0.9705882352941176
harmonix/0233_rocknrollnightmare/track.npy,harmonix,7,0.9969104016477858,0.9917864476386037,0.9917864476386037,0.8677685950413223,0.7903225806451613,0.7903225806451613
harmonix/0243_saucyjack/track.npy,harmonix,7,0.9823529411764705,0.9647058823529412,0.9647058823529412,0.780952380952381,0.43103448275862066,0.43103448275862066
harmonix/0247_scream/track.npy,harmonix,7,1.0,1.0,1.0,1.0,1.0,1.0
harmonix/0259_spiceupyourlife/track.npy,harmonix,7,0.980797636632201,0.9623188405797102,0.9623188405797102,0.9822485207100593,0.9651162790697675,0.9651162790697675
harmonix/0262_stash/track.npy,harmonix,7,0.9193899782135077,0.746922024623803,0.746922024623803,0.7277227722772277,0.34285714285714286,0.3659305993690852
harmonix/0289_thisisexile/track.npy,harmonix,7,0.6272991287512101,0.43100511073253833,0.43100511073253833,0.4620689655172414,0.11363636363636363,0.4801762114537445
harmonix/0291_thrasher/track.npy,harmonix,7,0.8183118741058655,0.5421530479896238,0.5421530479896238,0.6441717791411042,0.6547619047619048,0.6547619047619048
harmonix/0299_turnthebeataround/track.npy,harmonix,7,0.9988465974625144,0.9976958525345622,0.9976958525345622,0.9953917050691244,0.9908256880733946,0.9908256880733946
harmonix/0301_unclejohnsband/track.npy,harmonix,7,0.960591133004926,0.9033816425120773,0.9033816425120773,0.8451612903225806,0.7625,0.7625
harmonix/0320_wolflikeme/track.npy,harmonix,7,0.6817325800376648,0.06269113149847094,0.6711656441717792,0.6590038314176245,0.050314465408805034,0.6551724137931034
harmonix/0321_wonderwall/track.npy,harmonix,7,0.9928469241773962,0.9885714285714285,0.9885714285714285,0.9608938547486033,0.9120879120879121,0.9120879120879121
harmonix/0324_yeah3x/track.npy,harmonix,7,1.0,1.0,1.0,1.0,1.0,1.0
harmonix/0327_youmakemefeel/track.npy,harmonix,7,0.9966703662597114,0.9933481152993349,0.9933481152993349,1.0,1.0,1.0
harmonix/0346_birthdaydress/track.npy,harmonix,7,0.9958275382475661,0.9944444444444445,0.9944444444444445,1.0,1.0,1.0
harmonix/0359_cominghome/track.npy,harmonix,7,0.9912280701754387,0.9738372093023255,0.9738372093023255,0.9942196531791908,0.9885057471264368,0.9885057471264368
harmonix/0364_deuces/track.npy,harmonix,7,0.9954614220877459,0.9909638554216867,0.9909638554216867,0.993939393939394,0.9879518072289156,0.9879518072289156
harmonix/0366_domino/track.npy,harmonix,7,0.9202975557917109,0.9110169491525424,0.9110169491525424,0.7932489451476793,0.8487394957983193,0.8487394957983193
harmonix/0381_everythingyouwant/track.npy,harmonix,7,0.9683377308707124,0.9386189258312021,0.9386189258312021,0.9528795811518325,0.898989898989899,0.898989898989899
harmonix/0388_gangnamstyle/track.npy,harmonix,7,0.9934924078091106,0.9870689655172413,0.9870689655172413,0.9956709956709957,0.9913793103448276,0.9913793103448276
harmonix/0390_getyourselfbackhome/track.npy,harmonix,7,0.9934924078091106,0.9870689655172413,0.9870689655172413,0.9956709956709957,0.9913793103448276,0.9913793103448276
harmonix/0394_godgavemetoyou/track.npy,harmonix,7,0.9964028776978417,0.9928057553956835,0.9928057553956835,0.9928057553956835,0.9857142857142858,0.9857142857142858
harmonix/0396_goodfeeling/track.npy,harmonix,7,0.975609756097561,0.9689320388349515,0.9689320388349515,0.9727626459143969,0.9922480620155039,0.9922480620155039
harmonix/0417_imtoosexy/track.npy,harmonix,7,1.0,1.0,1.0,1.0,1.0,1.0
harmonix/0423_iwannago/track.npy,harmonix,7,0.9988674971687429,0.997737556561086,0.997737556561086,1.0,1.0,1.0
harmonix/0430_lastfridaynight/track.npy,harmonix,7,0.9956896551724138,0.9914163090128756,0.9914163090128756,0.9957081545064378,0.9914529914529915,0.9914529914529915
harmonix/0436_loveactually/track.npy,harmonix,7,0.991285403050109,0.9827213822894169,0.9827213822894169,0.9913043478260869,0.9827586206896551,0.9827586206896551
harmonix/0438_loverlover/track.npy,harmonix,7,1.0,1.0,1.0,0.6961325966850829,0.6129032258064516,0.6129032258064516
harmonix/0440_loveyoulikealovesong/track.npy,harmonix,7,0.994269340974212,0.9886039886039886,0.9886039886039886,0.9942857142857142,0.9886363636363636,0.9886363636363636
harmonix/0452_myfirstkiss/track.npy,harmonix,7,0.9187935034802784,0.9211136890951276,0.9211136890951276,0.9166666666666666,1.0,1.0
harmonix/0464_oneofus/track.npy,harmonix,7,0.9958275382475661,0.9916897506925207,0.9916897506925207,1.0,1.0,1.0
harmonix/0478_prayforyou/track.npy,harmonix,7,0.990353697749196,0.9935897435897436,0.9935897435897436,0.8085106382978723,0.4,0.42857142857142855
harmonix/0486_rundatback/track.npy,harmonix,7,0.9956140350877193,0.9912663755458515,0.9912663755458515,0.9956331877729258,0.991304347826087,0.991304347826087
harmonix/0505_takeitoff/track.npy,harmonix,7,1.0,1.0,1.0,1.0,1.0,1.0
harmonix/0506_takemehometonight/track.npy,harmonix,7,0.9679633867276888,0.9140271493212669,0.9140271493212669,0.9541284403669725,0.8828828828828829,0.8828828828828829
harmonix/0509_thelazysong/track.npy,harmonix,7,0.9981167608286252,0.9962406015037594,0.9962406015037594,1.0,1.0,1.0
harmonix/0510_theonethatgotaway/track.npy,harmonix,7,0.9958592132505175,0.993801652892562,0.993801652892562,1.0,1.0,1.0
harmonix/0512_theshowgoeson/track.npy,harmonix,7,0.6510480887792848,0.0,0.9598540145985401,0.6568627450980392,0.0,0.9855072463768116
harmonix/0517_tilltheworldends/track.npy,harmonix,7,0.9930209371884346,0.9861386138613861,0.9861386138613861,0.9960159362549801,0.9920634920634921,0.9920634920634921
harmonix/0525_venus/track.npy,harmonix,7,1.0,1.0,1.0,1.0,1.0,1.0
harmonix/0526_waitingoutsidethelines/track.npy,harmonix,7,0.9363295880149812,0.7667844522968198,0.7667844522968198,0.9253731343283582,0.7464788732394366,0.7464788732394366
harmonix/0527_wantuback/track.npy,harmonix,7,0.93993993993994,0.9315476190476191,0.9315476190476191,0.5517241379310345,0.03355704697986577,0.7212121212121212
harmonix/0535_withoutyou/track.npy,harmonix,7,0.9929411764705882,0.985981308411215,0.985981308411215,0.9953051643192489,0.9906542056074766,0.9906542056074766
harmonix/0542_yougetwhatyougive/track.npy,harmonix,7,0.9990393852065321,0.9980806142034548,0.9980806142034548,1.0,1.0,1.0
harmonix/0543_yougonnafly/track.npy,harmonix,7,1.0,1.0,1.0,0.5714285714285713,0.5405405405405406,0.5405405405405406
harmonix/0555_allaroundme/track.npy,harmonix,7,0.6666666666666666,0.0,1.0,0.6705882352941176,0.0,1.0
harmonix/0559_alltherightmoves/track.npy,harmonix,7,0.6658739595719382,0.0,0.99644128113879,0.6729857819905213,0.02142857142857143,0.9577464788732394
harmonix/0561_alorsondanse/track.npy,harmonix,7,1.0,1.0,1.0,1.0,1.0,1.0
harmonix/0611_catchingfeelings/track.npy,harmonix,7,0.9879879879879879,0.9762611275964391,0.9762611275964391,0.988095238095238,0.9764705882352941,0.9764705882352941
harmonix/0617_citylights/track.npy,harmonix,7,0.9984591679506933,0.9969230769230769,0.9969230769230769,0.9523809523809523,0.8390804597701149,0.8390804597701149
harmonix/0618_clocks/track.npy,harmonix,7,0.732895970009372,0.6709323583180987,0.6709323583180987,0.648854961832061,0.8712121212121212,0.8712121212121212
harmonix/0619_closer/track.npy,harmonix,7,0.9925452609158679,0.9829787234042553,0.9829787234042553,0.982905982905983,0.9661016949152542,0.9661016949152542
harmonix/0621_clubcanthandleme/track.npy,harmonix,7,0.9926238145416227,0.9853556485355649,0.9853556485355649,0.9957805907172996,0.9915966386554622,0.9915966386554622
harmonix/0622_clumsy/track.npy,harmonix,7,0.998324958123953,0.9966555183946488,0.9966555183946488,0.6607142857142857,0.0,0.98
harmonix/0623_comeongethigher/track.npy,harmonix,7,1.0,1.0,1.0,1.0,1.0,1.0
harmonix/0661_everythingaboutyou/track.npy,harmonix,7,0.9944506104328523,0.9889624724061811,0.9889624724061811,0.9955555555555555,0.9911504424778761,0.9911504424778761
harmonix/0677_fireburning/track.npy,harmonix,7,0.9715489989462591,0.9727463312368972,0.9727463312368972,0.9279999999999999,0.803030303030303,0.803030303030303
harmonix/0712_heartless/track.npy,harmonix,7,0.7209011264080101,0.176,0.6700167504187605,0.676923076923077,0.15833333333333333,0.5906040268456376
harmonix/0729_hurricane/track.npy,harmonix,7,0.9973404255319148,0.9946949602122016,0.9946949602122016,0.9947089947089947,0.9894736842105263,0.9894736842105263
harmonix/0731_icouldntbeyourfriend/track.npy,harmonix,7,0.9777382012466607,0.95929203539823,0.95929203539823,0.9822064056939502,0.971830985915493,0.971830985915493
harmonix/0749_indestructible2/track.npy,harmonix,7,0.998719590268886,0.9974424552429667,0.9974424552429667,0.9948717948717948,0.9897959183673469,0.9897959183673469
harmonix/0755_intothenight/track.npy,harmonix,7,0.9621993127147767,0.8763796909492274,0.8763796909492274,0.9823008849557523,0.956140350877193,0.956140350877193
harmonix/0769_killa/track.npy,harmonix,7,0.9868891537544696,0.971764705882353,0.971764705882353,0.9904761904761905,0.9811320754716981,0.9811320754716981
harmonix/0770_kingofmycastle/track.npy,harmonix,7,0.992108229988726,0.9843400447427293,0.9843400447427293,0.9954751131221719,0.990990990990991,0.990990990990991
harmonix/0771_kisskissmainversion/track.npy,harmonix,7,0.7117726657645468,0.19298245614035087,0.6230088495575221,0.6701570680628272,0.10833333333333334,0.6950354609929078
harmonix/0772_kissmebackcrytonight/track.npy,harmonix,7,0.999140154772141,0.9982817869415808,0.9982817869415808,1.0,1.0,1.0
harmonix/0790_locapeople/track.npy,harmonix,7,1.0,1.0,1.0,0.8468468468468469,0.75,0.75
harmonix/0796_loveinthisclub/track.npy,harmonix,7,0.9993256911665543,0.9986522911051213,0.9986522911051213,1.0,1.0,1.0
harmonix/0798_lovelikethis/track.npy,harmonix,7,1.0,1.0,1.0,1.0,1.0,1.0
harmonix/0801_lovesong/track.npy,harmonix,7,0.9990069513406157,0.998015873015873,0.998015873015873,1.0,1.0,1.0
harmonix/0823_mylifewouldsuckwithoutyou/track.npy,harmonix,7,0.9389002036659878,0.8084677419354839,0.8084677419354839,0.9674796747967479,0.967741935483871,0.967741935483871
harmonix/0824_mylifewouldsuckwithoutyous/track.npy,harmonix,7,0.9924160346695559,0.9849462365591398,0.9849462365591398,0.9956709956709957,0.9913793103448276,0.9913793103448276
harmonix/0839_nowyouseeit/track.npy,harmonix,7,1.0,1.0,1.0,0.9321266968325792,0.7457627118644068,0.7457627118644068
harmonix/0845_onefoot/track.npy,harmonix,7,0.758282208588957,0.2549800796812749,0.5718849840255591,0.8648648648648649,0.552,0.552
harmonix/0847_onestepatatime/track.npy,harmonix,7,1.0,1.0,1.0,1.0,1.0,1.0
harmonix/0851_openurmind/track.npy,harmonix,7,0.8619999999999999,0.848,0.848,0.832,1.0,1.0
harmonix/0852_oursong/track.npy,harmonix,7,0.9982174688057042,0.99644128113879,0.99644128113879,0.912751677852349,0.7125,0.7125
harmonix/0858_peoplearepeople/track.npy,harmonix,7,0.9954128440366972,0.988558352402746,0.988558352402746,1.0,1.0,1.0
harmonix/0867_pokerfacedos/track.npy,harmonix,7,0.9989023051591658,0.9978070175438597,0.9978070175438597,1.0,1.0,1.0
harmonix/0882_rightroundbenny/track.npy,harmonix,7,0.9715639810426541,0.96,0.96,0.976303317535545,0.9905660377358491,0.9905660377358491
harmonix/0894_sayheyiloveyou/track.npy,harmonix,7,1.0,1.0,1.0,1.0,1.0,1.0
harmonix/0898_sexyback/track.npy,harmonix,7,0.9922992299229924,0.9847161572052402,0.9847161572052402,0.8114754098360656,0.6259541984732825,0.6259541984732825
harmonix/0901_sexydj/track.npy,harmonix,7,1.0,1.0,1.0,1.0,1.0,1.0
harmonix/0911_someday/track.npy,harmonix,7,0.9957264957264957,0.9914529914529915,0.9914529914529915,1.0,1.0,1.0
harmonix/0920_stopandstare/track.npy,harmonix,7,1.0,1.0,1.0,1.0,1.0,1.0
harmonix/0930_takeyourtime/track.npy,harmonix,7,0.9317803660565724,0.7791798107255521,0.7791798107255521,0.9395973154362417,0.7948717948717948,0.7948717948717948
harmonix/0937_thatsnotmyname/track.npy,harmonix,7,0.890371782650143,0.6708407871198568,0.6708407871198568,0.8215767634854771,0.7338709677419355,0.7338709677419355
harmonix/0941_theocean/track.npy,harmonix,7,0.9991796554552912,0.9983606557377049,0.9983606557377049,1.0,1.0,1.0
harmonix/0954_timeaftertimevan/track.npy,harmonix,7,0.9954545454545455,0.9819004524886877,0.9819004524886877,0.9954751131221719,0.990990990990991,0.990990990990991
harmonix/0977_wheelsnow/track.npy,harmonix,7,0.9979381443298969,1.0,1.0,1.0,1.0,1.0
harmonix/0992_wrongthinwhiteduke/track.npy,harmonix,7,0.9522342064714946,0.9206586826347305,0.9206586826347305,0.6748466257668712,0.6547619047619048,0.6547619047619048
harmonix/0998_youregonnamissthis/track.npy,harmonix,7,1.0,1.0,1.0,1.0,1.0,1.0
hjdb/hjdb_4_Am/track.npy,hjdb,7,1.0,1.0,1.0,1.0,1.0,1.0
hjdb/hjdb_Beyond_Control/track.npy,hjdb,7,1.0,1.0,1.0,1.0,1.0,1.0
hjdb/hjdb_Bish_Bosh/track.npy,hjdb,7,1.0,1.0,1.0,1.0,1.0,1.0
hjdb/hjdb_Crystalize/track.npy,hjdb,7,1.0,1.0,1.0,1.0,1.0,1.0
hjdb/hjdb_DJ_Business/track.npy,hjdb,7,1.0,1.0,1.0,1.0,1.0,1.0
hjdb/hjdb_Dam_Tuff/track.npy,hjdb,7,1.0,1.0,1.0,1.0,1.0,1.0
hjdb/hjdb_Dark_Stranger_(Origin_Unknown_Remix)/track.npy,hjdb,7,1.0,1.0,1.0,1.0,1.0,1.0
hjdb/hjdb_Darkman/track.npy,hjdb,7,1.0,1.0,1.0,1.0,1.0,1.0
hjdb/hjdb_Dont_Come_No_Ruffer_(Ruff_Mix)/track.npy,hjdb,7,1.0,0.9879518072289156,0.9879518072289156,1.0,1.0,1.0
hjdb/hjdb_Dream_Sequence/track.npy,hjdb,7,1.0,1.0,1.0,1.0,1.0,1.0
hjdb/hjdb_Finest_Illusion_(Legal_Mix)/track.npy,hjdb,7,1.0,1.0,1.0,1.0,1.0,1.0
hjdb/hjdb_Get_High_(New_Jack_London)/track.npy,hjdb,7,1.0,1.0,1.0,1.0,1.0,1.0
hjdb/hjdb_Happiness/track.npy,hjdb,7,1.0,1.0,1.0,1.0,1.0,1.0
hjdb/hjdb_Hardcore_Will_Never_Die/track.npy,hjdb,7,1.0,1.0,1.0,1.0,1.0,1.0
hjdb/hjdb_Horizons/track.npy,hjdb,7,1.0,1.0,1.0,1.0,1.0,1.0
hjdb/hjdb_In_Complete_Darkness_(Slipmatt_remix)/track.npy,hjdb,7,1.0,1.0,1.0,1.0,1.0,1.0
hjdb/hjdb_Inna_Year_4000/track.npy,hjdb,7,1.0,1.0,1.0,1.0,1.0,1.0
hjdb/hjdb_Let_Me_Be_Your_Fantasy/track.npy,hjdb,7,1.0,1.0,1.0,1.0,1.0,1.0
hjdb/hjdb_NHS_(Midday_Mix)/track.npy,hjdb,7,1.0,1.0,1.0,1.0,1.0,1.0
hjdb/hjdb_No_Worries/track.npy,hjdb,7,1.0,1.0,1.0,1.0,1.0,1.0
hjdb/hjdb_Peakin_Thru_The_Window/track.npy,hjdb,7,1.0,1.0,1.0,1.0,1.0,1.0
hjdb/hjdb_Phizical_(Moody_Mix)/track.npy,hjdb,7,0.825136612021858,0.4,0.4304635761589404,0.9622641509433962,0.9074074074074074,0.9074074074074074
hjdb/hjdb_R-type/track.npy,hjdb,7,0.9887640449438201,0.9776119402985075,0.9776119402985075,1.0,1.0,1.0
hjdb/hjdb_Return_Of_The_Donut_Pt2/track.npy,hjdb,7,1.0,1.0,1.0,1.0,1.0,1.0
hjdb/hjdb_Scottie/track.npy,hjdb,7,0.8834355828220859,0.8536585365853658,0.8536585365853658,0.9047619047619048,1.0,1.0
hjdb/hjdb_Spiritual_Aura/track.npy,hjdb,7,1.0,1.0,1.0,1.0,1.0,1.0
hjdb/hjdb_The_Slammer/track.npy,hjdb,7,1.0,1.0,1.0,1.0,1.0,1.0
hjdb/hjdb_Too_Much_(Ray_Keith_Rmx)/track.npy,hjdb,7,0.9919999999999999,0.9841269841269841,0.9841269841269841,1.0,1.0,1.0
hjdb/hjdb_You_Got_Me_Burnin_(A.A.S_Mix)/track.npy,hjdb,7,0.9911504424778761,0.9824561403508771,0.9824561403508771,1.0,1.0,1.0
jaah/jaah_002-thelonious_monk-bags_groove/track.npy,jaah,7,0.998819362455726,0.9976415094339622,0.9976415094339622,0.9259259259259259,0.8727272727272727,0.8727272727272727
jaah/jaah_011-charlie_parker-blues_for_alice/track.npy,jaah,7,0.9921962095875141,0.9844097995545658,0.9844097995545658,0.9910714285714286,1.0,1.0
jaah/jaah_022-jelly_roll_mortons_red_hot_peppers-dead_man_blues/track.npy,jaah,7,0.9930843706777317,0.988950276243094,0.988950276243094,0.994475138121547,0.989010989010989,0.989010989010989
jaah/jaah_035-jimmie_lunceford_and_his_orchestra-for_dancers_only/track.npy,jaah,7,0.9961389961389961,0.9923076923076923,0.9923076923076923,0.7053140096618357,0.5135135135135135,0.5135135135135135
jaah/jaah_039-john_coltrane-giant_steps/track.npy,jaah,7,0.9608513873052071,0.8176382660687593,0.8176382660687593,0.8493975903614457,0.7940298507462686,0.7940298507462686
jaah/jaah_046-benny_goodman_and_his_orchestra-honeysuckle_rose/track.npy,jaah,7,1.0,1.0,1.0,0.8787878787878787,0.7660818713450293,0.7660818713450293
jaah/jaah_054-duke_ellington_his_orchestra-in_a_mellotone/track.npy,jaah,7,0.9987639060568604,0.9975308641975309,0.9975308641975309,1.0,1.0,1.0
jaah/jaah_068-billie_holiday_teddy_wilson_and_his_orchestra-mean_to_me/track.npy,jaah,7,1.0,1.0,1.0,1.0,1.0,1.0
jaah/jaah_077-art_blakey_the_jazz_messengers-one_by_one/track.npy,jaah,7,0.9975429975429976,0.9950920245398773,0.9950920245398773,0.892018779342723,0.7702702702702703,0.7702702702702703
jaah/jaah_085-the_george_shearing_quintet-september_in_the_rain/track.npy,jaah,7,0.8481439820022498,0.6254980079681275,0.6254980079681275,0.33000000000000007,0.2524271844660194,0.2524271844660194
jaah/jaah_088-bessie_smith_louis_armstrong-st_louis_blues/track.npy,jaah,7,0.6487804878048781,0.8446601941747572,0.8446601941747572,0.5760000000000001,0.3783783783783784,0.44554455445544555
jaah/jaah_090-louis_armstrong_ella_fitzgerald-stompin_at_the_savoy/track.npy,jaah,7,0.9946808510638299,0.9788135593220338,0.9788135593220338,0.9893390191897654,0.9703389830508474,0.9703389830508474
jaah/jaah_097-count_basie_octet-the_golden_bullet/track.npy,jaah,7,0.9919354838709677,0.984,0.984,0.9919354838709677,0.984,0.984
jaah/jaah_104-herbie_hancock-watermelon_man/track.npy,jaah,7,0.6957726957726958,0.1267605633802817,0.7019230769230769,0.7610208816705337,0.5238095238095238,0.5238095238095238
rwc/rwc_classical_CD1_06/track.npy,rwc_classical,7,0.6216450216450216,0.3550834597875569,0.3550834597875569,0.4285714285714286,0.03543307086614173,0.4448818897637795
rwc/rwc_classical_CD3_01/track.npy,rwc_classical,7,0.8543263964950711,0.587426326129666,0.587426326129666,0.8379052369077306,0.8514851485148515,0.8514851485148515
rwc/rwc_classical_CD4_08/track.npy,rwc_classical,7,0.6404199475065617,0.23353293413173654,0.23353293413173654,0.5208333333333333,0.10179640718562874,0.2231404958677686
rwc/rwc_classical_CD4_10/track.npy,rwc_classical,7,0.9972299168975068,0.9834254143646409,0.9834254143646409,0.9917355371900827,0.9836065573770492,0.9836065573770492
rwc/rwc_classical_CD5_04/track.npy,rwc_classical,7,0.853658536585366,0.7661290322580645,0.7661290322580645,0.4742268041237114,0.030303030303030304,0.2727272727272727
rwc/rwc_classical_CD5_05/track.npy,rwc_classical,7,0.542016806722689,0.0641399416909621,0.0641399416909621,0.34285714285714286,0.0,0.018691588785046728
rwc/rwc_classical_CD6_08/track.npy,rwc_classical,7,0.7335640138408304,0.47619047619047616,0.47619047619047616,0.5145631067961165,0.09836065573770492,0.5209580838323353
rwc/rwc_jazz_CD1_08/track.npy,rwc_jazz,7,0.7137096774193548,0.3664383561643836,0.3664383561643836,0.6057692307692308,0.5283018867924528,0.5283018867924528
rwc/rwc_jazz_CD1_11/track.npy,rwc_jazz,7,0.9640102827763496,0.9845758354755784,0.9845758354755784,0.958974358974359,1.0,1.0
rwc/rwc_jazz_CD1_12/track.npy,rwc_jazz,7,0.8224582701062216,0.7937853107344632,0.7937853107344632,0.6881720430107526,0.5102040816326531,0.5102040816326531
rwc/rwc_jazz_CD3_02/track.npy,rwc_jazz,7,0.965197215777262,0.9907407407407407,0.9907407407407407,0.9811320754716981,1.0,1.0
rwc/rwc_jazz_CD3_05/track.npy,rwc_jazz,7,0.927536231884058,0.9798270893371758,0.9798270893371758,0.9082969432314411,0.991304347826087,0.991304347826087
rwc/rwc_jazz_CD4_12/track.npy,rwc_jazz,7,0.9288990825688074,0.9541284403669725,0.9541284403669725,0.9147982062780269,0.9035087719298246,0.9035087719298246
rwc/rwc_popular_CD1_01/track.npy,rwc_popular,7,0.9988826815642458,0.9977678571428571,0.9977678571428571,1.0,1.0,1.0
rwc/rwc_popular_CD1_15/track.npy,rwc_popular,7,0.9970238095238095,0.9940652818991098,0.9940652818991098,1.0,1.0,1.0
rwc/rwc_popular_CD2_02/track.npy,rwc_popular,7,0.8268359020852221,0.413953488372093,0.413953488372093,0.7766323024054983,0.2824858757062147,0.5374449339207048
rwc/rwc_popular_CD2_07/track.npy,rwc_popular,7,0.9976133651551313,0.9952380952380953,0.9952380952380953,1.0,1.0,1.0
rwc/rwc_popular_CD2_08/track.npy,rwc_popular,7,1.0,1.0,1.0,1.0,1.0,1.0
rwc/rwc_popular_CD2_14/track.npy,rwc_popular,7,0.9984917043740573,0.9969879518072289,0.9969879518072289,0.993939393939394,0.9879518072289156,0.9879518072289156
rwc/rwc_popular_CD3_10/track.npy,rwc_popular,7,0.9989888776541962,0.997979797979798,0.997979797979798,1.0,1.0,1.0
rwc/rwc_popular_CD4_10/track.npy,rwc_popular,7,0.9988023952095809,0.9976076555023924,0.9976076555023924,1.0,1.0,1.0
rwc/rwc_popular_CD4_12/track.npy,rwc_popular,7,0.7396648044692736,0.17375886524822695,0.7039274924471299,0.9530685920577616,0.8865248226950354,0.8865248226950354
rwc/rwc_popular_CD4_14/track.npy,rwc_popular,7,0.8884758364312267,0.6135593220338983,0.6135593220338983,0.8976377952755905,0.7313432835820896,0.7313432835820896
rwc/rwc_popular_CD5_05/track.npy,rwc_popular,7,0.7387198321091291,0.18855218855218855,0.6708507670850767,0.7272727272727273,0.15789473684210525,0.7094972067039106
rwc/rwc_popular_CD5_15/track.npy,rwc_popular,7,0.9736842105263158,0.9203084832904884,0.9203084832904884,0.9948717948717948,0.9897959183673469,0.9897959183673469
rwc/rwc_popular_CD7_01/track.npy,rwc_popular,7,0.9988700564971752,0.9977426636568849,0.9977426636568849,1.0,1.0,1.0
rwc/rwc_royalty-free_CD1_06/track.npy,rwc_royalty-free,7,0.9906103286384975,0.9813953488372092,0.9813953488372092,0.7241379310344828,0.532258064516129,0.532258064516129
rwc/rwc_royalty-free_CD1_14/track.npy,rwc_royalty-free,7,0.664092664092664,0.0,0.9942196531791907,0.847682119205298,0.4827586206896552,0.4827586206896552
simac/simac_Albedo_0.39_06-Alpha/track.npy,simac,7,1.0,1.0,1.0,nan,nan,nan
simac/simac_Alfagamabetizado_07-Bog_La_Bag/track.npy,simac,7,1.0,1.0,1.0,nan,nan,nan
simac/simac_Amber_02-Montreal/track.npy,simac,7,1.0,1.0,1.0,nan,nan,nan
simac/simac_Amber_10-Nil/track.npy,simac,7,0.5660377358490566,0.2857142857142857,0.2857142857142857,nan,nan,nan
simac/simac_As_time_goes_by_disk_3_05-This_cant_be_love/track.npy,simac,7,0.65625,0.0,0.9302325581395349,nan,nan,nan
simac/simac_Bach_The_Well-Tempered_Clavier_II_(Disc_1)_12-Prelude_and_Fugue_No._6_in_D_minor_BWV_875_-_2._Fuga/track.npy,simac,7,1.0,1.0,1.0,nan,nan,nan
simac/simac_Bach_The_Well-Tempered_Clavier_II_(Disc_1)_17-Prelude_and_Fugue_No._9_in_E_major_BWV_878_-_1._Praeludium/track.npy,simac,7,0.9818181818181818,0.9642857142857143,0.9642857142857143,nan,nan,nan
simac/simac_Bach_The_Well-Tempered_Clavier_II_(Disc_1)_19-Prelude_and_Fugue_No._10_in_E_minor_BWV_879_-_1._Praeludium/track.npy,simac,7,0.43636363636363634,0.0,0.0,nan,nan,nan
simac/simac_Bach_The_Well-Tempered_Clavier_II_(Disc_1)_20-Prelude_and_Fugue_No._10_in_E_minor_BWV_879_-_2._Fuga/track.npy,simac,7,0.7058823529411764,0.09090909090909091,0.8571428571428571,nan,nan,nan
simac/simac_Bach_The_Well-Tempered_Clavier_II_(Disc_1)_21-Prelude_and_Fugue_No._11_in_F_major_BWV_880_-_1._Praeludium/track.npy,simac,7,1.0,1.0,1.0,nan,nan,nan
simac/simac_Bach_The_Well-Tempered_Clavier_II_(Disc_2)_07-Prelude_and_Fugue_No._16_G_minor_BWV_885_-_1._Praeludium/track.npy,simac,7,1.0,1.0,1.0,nan,nan,nan
simac/simac_Bela_Bartok_06-The_Miraculous_Mandarin_6.1_Sempre_vivo_6.2_Adagio/track.npy,simac,7,0.0,0.0,0.0,nan,nan,nan
simac/simac_Bela_Bartok_09-Music_for_Strings_Percussion_and_Celesta_I_Andante_tranquillo/track.npy,simac,7,0.52,0.7692307692307693,0.7692307692307693,nan,nan,nan
simac/simac_Bernstein_conducts_Stravinsky_12-Summoning_of_the_ancestors/track.npy,simac,7,0.8000000000000002,0.85,0.85,nan,nan,nan
simac/simac_Bernstein_conducts_Stravinsky_14-Sacrifical_dance-_the_chosen_victim/track.npy,simac,7,0.96875,1.0,1.0,nan,nan,nan
simac/simac_Billie_Holiday_CD1_02-Carelessly/track.npy,simac,7,1.0,1.0,1.0,nan,nan,nan
simac/simac_Billie_Holiday_CD1_06-Who_loves_you/track.npy,simac,7,0.6451612903225806,0.0,0.9285714285714286,nan,nan,nan
simac/simac_Cafe_Zimmermann_03-Concerto_pour_deux_violons_&_cordes_en_r_mineur_BWV_1043_-_Vivace/track.npy,simac,7,0.9811320754716981,0.9629629629629629,0.9629629629629629,nan,nan,nan
simac/simac_Cafe_Zimmermann_14-Concerto_pour_hautbois_&_violon_en_ut_mineur_BWV_1060_-_Adagio/track.npy,simac,7,1.0,1.0,1.0,nan,nan,nan
simac/simac_Classic_Borodin_-_String_quartet_2_D_01/track.npy,simac,7,0.7027027027027027,0.8421052631578947,0.8421052631578947,nan,nan,nan
simac/simac_Classic_Track_01/track.npy,simac,7,0.7222222222222223,0.5,0.5,nan,nan,nan
simac/simac_Concert_04-4._Bourre/track.npy,simac,7,0.9846153846153847,0.9696969696969697,0.9696969696969697,nan,nan,nan
simac/simac_Concert_18-2._Allegro/track.npy,simac,7,0.9836065573770492,0.967741935483871,0.967741935483871,nan,nan,nan
simac/simac_DGG_419_047-2_09-Toccata_Adagio_u._Fuge_C-dur_BWV_564_-_III_Fuge/track.npy,simac,7,1.0,1.0,1.0,nan,nan,nan
simac/simac_Ella_&_Louis_02-We_Cant_Go_On_This_Way/track.npy,simac,7,1.0,1.0,1.0,nan,nan,nan
simac/simac_Ella_&_Louis_03-A_Tisket-A_Tasket/track.npy,simac,7,0.65625,0.0,0.9302325581395349,nan,nan,nan
simac/simac_Ella_&_Louis_04-Sing_Song_Swing/track.npy,simac,7,0.6666666666666666,0.0,0.9736842105263158,nan,nan,nan
simac/simac_Ella_&_Louis_14-Coochi_Coochi_Coo/track.npy,simac,7,1.0,1.0,1.0,nan,nan,nan
simac/simac_Eres_luz_04-Como_tu_ninguna_(Rumba)/track.npy,simac,7,0.96,0.96,0.96,nan,nan,nan
simac/simac_Fado_09-AudioTrack_09/track.npy,simac,7,0.6,0.0,0.8888888888888888,nan,nan,nan
simac/simac_Family_Tree_-_Greatest_Hits_As_Chosen_By_Bjork_09-Scatterheart/track.npy,simac,7,0.96,1.0,1.0,nan,nan,nan
simac/simac_Gold_-_Greatest_Hits_06-Super_Trouper/track.npy,simac,7,1.0,1.0,1.0,nan,nan,nan
simac/simac_Gold_-_Greatest_Hits_07-I_Have_A_Dream/track.npy,simac,7,0.9803921568627451,0.9615384615384616,0.9615384615384616,nan,nan,nan
simac/simac_Gold_-_Greatest_Hits_14-Gimme_Gimme_Gimme_(A_Man_After_Midnight)/track.npy,simac,7,1.0,1.0,1.0,nan,nan,nan
simac/simac_Gold_-_Greatest_Hits_16-One_Of_Us/track.npy,simac,7,0.6557377049180327,0.0,1.0,nan,nan,nan
simac/simac_Kocani_Orkester_Kocani_Orkestar_-_Burkan_Cocek/track.npy,simac,7,0.6285714285714286,0.0,0.8936170212765957,nan,nan,nan
simac/simac_Niandra_LaDes_and_Usually_Just_a_T-Shirt_06-Running_Away_Into_You/track.npy,simac,7,0.5652173913043478,0.0,0.9354838709677419,nan,nan,nan
simac/simac_Niandra_LaDes_and_Usually_Just_a_T-Shirt_19-Usually_Just_a_T-Shirt_Untitled_7/track.npy,simac,7,0.6551724137931034,0.0,1.0,nan,nan,nan
simac/simac_Papakonstantinou_15-AudioTrack_15/track.npy,simac,7,0.9090909090909091,1.0,1.0,nan,nan,nan
simac/simac_Primer_Aliento_05-Programa_en_espiral/track.npy,simac,7,0.8761904761904762,0.4406779661016949,0.4406779661016949,nan,nan,nan
simac/simac_Primer_Aliento_06-La_persecucion/track.npy,simac,7,0.6779661016949152,0.2777777777777778,0.4222222222222222,nan,nan,nan
simac/simac_Primer_Aliento_08-El_ultimo_asalto_a_la_Bastilla/track.npy,simac,7,0.6666666666666666,0.0,0.9772727272727273,nan,nan,nan
simac/simac_Samba_na_Madrugada_04-Sofreguidao/track.npy,simac,7,1.0,1.0,1.0,nan,nan,nan
simac/simac_Samba_na_Madrugada_06-Minha_Cofissao/track.npy,simac,7,0.9230769230769231,0.9,0.9,nan,nan,nan
simac/simac_Samba_na_Madrugada_09-Depois_de_Tanto_Amor/track.npy,simac,7,0.26666666666666666,0.0,0.0,nan,nan,nan
simac/simac_Samba_na_Madrugada_10-Samba_Original/track.npy,simac,7,1.0,1.0,1.0,nan,nan,nan
simac/simac_So_Cartola_03-Sala_de_Recepcao/track.npy,simac,7,0.9206349206349206,0.96875,0.96875,nan,nan,nan
simac/simac_Songs_Afrocuba_-_A_Luisa/track.npy,simac,7,0.18181818181818182,0.21428571428571427,0.21428571428571427,nan,nan,nan
simac/simac_Songs_Alejandro_(Alex_Benson)_-_Tengo_una_penita/track.npy,simac,7,0.96875,1.0,1.0,nan,nan,nan
simac/simac_Songs_Alfredo_-_La_rumba_de_Alfredo/track.npy,simac,7,0.9818181818181818,0.9642857142857143,0.9642857142857143,nan,nan,nan
simac/simac_Songs_Caracas_Latin_Brothers_-_El_espectaculo/track.npy,simac,7,0.9818181818181818,0.9642857142857143,0.9642857142857143,nan,nan,nan
simac/simac_Tanto_Tempo_08-Lonely/track.npy,simac,7,0.9545454545454546,1.0,1.0,nan,nan,nan
simac/simac_The_Crackdown_09-Crackdown/track.npy,simac,7,1.0,1.0,1.0,nan,nan,nan
simac/simac_Tomatito_Tomatito-02.La_voz_del_tiempo/track.npy,simac,7,0.0,0.16,0.16,nan,nan,nan
simac/simac_VOL.3_Musiques_pour_guitare_et_violoncelle_04-4._Hommage_ade_Falla_(Allegro)/track.npy,simac,7,0.983050847457627,0.9666666666666667,0.9666666666666667,nan,nan,nan
simac/simac_VOL.3_Musiques_pour_guitare_et_violoncelle_12-Cancion/track.npy,simac,7,0.5000000000000001,0.02702702702702703,0.02702702702702703,nan,nan,nan
simac/simac_Xatzidakis_22-AudioTrack_22/track.npy,simac,7,0.6153846153846155,0.0,0.9615384615384616,nan,nan,nan
simac/simac_greek_Gkoles_-_Mou_fages_ta_daxtylidia/track.npy,simac,7,0.9545454545454546,0.9545454545454546,0.9545454545454546,nan,nan,nan
simac/simac_greek_Perdika(xwris_logia)/track.npy,simac,7,0.5454545454545455,0.0,0.9545454545454546,nan,nan,nan
simac/simac_more_greek_07_Psevdoixos/track.npy,simac,7,0.6666666666666666,0.0,0.9444444444444444,nan,nan,nan
simac/simac_more_greek_Dionysiou_-_Na_eixa_to_kouragio/track.npy,simac,7,0.30434782608695654,0.43478260869565216,0.43478260869565216,nan,nan,nan
simac/simac_more_greek_Gkoles_-_Mortissa_ki_alanis/track.npy,simac,7,0.9795918367346939,0.96,0.96,nan,nan,nan
simac/simac_more_greek_Gkoles_-_Peristeriwtissa/track.npy,simac,7,0.7727272727272727,0.25925925925925924,0.5757575757575758,nan,nan,nan
simac/simac_more_greek_Marinella_-_Pes_pws_m_antamwses/track.npy,simac,7,0.6666666666666666,0.0,0.9642857142857143,nan,nan,nan
simac/simac_more_greek_Marinella_-_Stalia_stalia/track.npy,simac,7,0.6666666666666666,0.0,0.9642857142857143,nan,nan,nan
simac/simac_more_greek_Mpellou_-_Anastenazw_kai_ponw/track.npy,simac,7,0.6666666666666666,0.0,0.9666666666666667,nan,nan,nan
simac/simac_more_greek_Mpellou_-_Apopse_kaneis_mpam/track.npy,simac,7,0.6666666666666666,0.0,0.96875,nan,nan,nan
simac/simac_more_greek_Mpellou_-_Kardia_paraponiara/track.npy,simac,7,0.6666666666666666,0.0,0.96875,nan,nan,nan
simac/simac_more_greek_Mpellou_-_Prin_to_xarama_monaxos/track.npy,simac,7,0.9375,1.0,1.0,nan,nan,nan
simac/simac_more_greek_Mpi8ikwtsis_-_Drapetswna/track.npy,simac,7,0.5882352941176471,0.0,0.9411764705882353,nan,nan,nan
simac/simac_more_greek_Mpi8ikwtsis_-_Eimai_aitos_xwris_ftera/track.npy,simac,7,0.6799999999999999,0.0,1.0,nan,nan,nan
simac/simac_more_greek_Mpi8ikwtsis_-_Sta_xeria_sou_megalwsan/track.npy,simac,7,0.6521739130434783,0.0,0.9354838709677419,nan,nan,nan
simac/simac_selected_ambient_works_8592_hedphelym/track.npy,simac,7,0.6451612903225806,0.8064516129032258,0.8064516129032258,nan,nan,nan
simac/simac_selected_ambient_works_8592_heliosphan/track.npy,simac,7,0.9538461538461539,0.9393939393939394,0.9393939393939394,nan,nan,nan
smc/smc_008/track.npy,smc,7,0.5185185185185185,0.12658227848101267,0.12658227848101267,nan,nan,nan
smc/smc_010/track.npy,smc,7,0.8888888888888888,0.9777777777777777,0.9777777777777777,nan,nan,nan
smc/smc_014/track.npy,smc,7,0.8275862068965518,0.7777777777777778,0.7777777777777778,nan,nan,nan
smc/smc_015/track.npy,smc,7,0.4516129032258065,0.0,0.5853658536585366,nan,nan,nan
smc/smc_023/track.npy,smc,7,0.6451612903225806,0.0,0.9024390243902439,nan,nan,nan
smc/smc_024/track.npy,smc,7,0.6890756302521007,0.17333333333333334,0.4318181818181818,nan,nan,nan
smc/smc_036/track.npy,smc,7,0.813953488372093,0.44,0.44,nan,nan,nan
smc/smc_046/track.npy,smc,7,0.6052631578947368,0.8157894736842105,0.8157894736842105,nan,nan,nan
smc/smc_064/track.npy,smc,7,0.0,0.10638297872340426,0.12244897959183673,nan,nan,nan
smc/smc_079/track.npy,smc,7,0.6971428571428571,0.1574074074074074,0.5373134328358209,nan,nan,nan
smc/smc_080/track.npy,smc,7,0.3636363636363636,0.0,0.23404255319148937,nan,nan,nan
smc/smc_092/track.npy,smc,7,0.7272727272727273,0.24324324324324326,0.5957446808510638,nan,nan,nan
smc/smc_119/track.npy,smc,7,0.375,0.4375,0.4375,nan,nan,nan
smc/smc_146/track.npy,smc,7,0.696969696969697,0.9090909090909091,0.9090909090909091,nan,nan,nan
smc/smc_148/track.npy,smc,7,0.14035087719298245,0.0,0.11904761904761904,nan,nan,nan
smc/smc_151/track.npy,smc,7,0.7384615384615384,0.38961038961038963,0.38961038961038963,nan,nan,nan
smc/smc_153/track.npy,smc,7,0.31578947368421056,0.1864406779661017,0.5084745762711864,nan,nan,nan
smc/smc_159/track.npy,smc,7,0.4444444444444444,0.0,1.0,nan,nan,nan
smc/smc_182/track.npy,smc,7,0.8048780487804877,1.0,1.0,nan,nan,nan
smc/smc_192/track.npy,smc,7,0.28571428571428575,0.4444444444444444,0.4444444444444444,nan,nan,nan
smc/smc_193/track.npy,smc,7,0.8809523809523809,0.8837209302325582,0.8837209302325582,nan,nan,nan
smc/smc_195/track.npy,smc,7,0.34567901234567905,0.0,0.3695652173913043,nan,nan,nan
smc/smc_205/track.npy,smc,7,0.8837209302325582,0.8863636363636364,0.8863636363636364,nan,nan,nan
smc/smc_211/track.npy,smc,7,0.5494505494505494,0.6530612244897959,0.6530612244897959,nan,nan,nan
smc/smc_236/track.npy,smc,7,0.7384615384615385,0.7941176470588235,0.7941176470588235,nan,nan,nan
smc/smc_257/track.npy,smc,7,0.576271186440678,0.14705882352941177,0.36,nan,nan,nan
smc/smc_272/track.npy,smc,7,0.6408839779005524,0.0,0.5245901639344263,nan,nan,nan
smc/smc_285/track.npy,smc,7,0.2898550724637681,0.17142857142857143,0.5942028985507246,nan,nan,nan
tapcorrect/015_youtube_ltRgb4SJ1uk/track.npy,tapcorrect,7,0.9992831541218639,0.997134670487106,0.997134670487106,1.0,1.0,1.0
tapcorrect/021_youtube_lzdGpNGH9BI/track.npy,tapcorrect,7,0.983050847457627,0.9662921348314607,0.9662921348314607,0.9774436090225564,0.9552238805970149,0.9552238805970149
tapcorrect/025_youtube_8jsFGdeWNPo/track.npy,tapcorrect,7,0.9027777777777778,0.8712871287128713,0.8712871287128713,0.6372549019607843,0.06666666666666667,0.8686131386861314
tapcorrect/053_youtube_yuxchcK5Gek/track.npy,tapcorrect,7,1.0,1.0,1.0,1.0,1.0,1.0
tapcorrect/062_youtube_Yi3GJEEMX4s/track.npy,tapcorrect,7,0.9967170059093893,0.994750656167979,0.994750656167979,0.9921259842519685,0.9842931937172775,0.9842931937172775
tapcorrect/073_youtube_qZuH-5St80A/track.npy,tapcorrect,7,0.9956331877729258,0.991304347826087,0.991304347826087,0.8347107438016529,0.6929133858267716,0.6929133858267716
tapcorrect/076_youtube_pjcOzqxu4JQ/track.npy,tapcorrect,7,0.9414141414141415,0.7854406130268199,0.7854406130268199,0.9180327868852458,0.7692307692307693,0.7692307692307693
tapcorrect/084_youtube_zH9sXggRlxc/track.npy,tapcorrect,7,1.0,1.0,1.0,1.0,1.0,1.0
tapcorrect/088_youtube_D1ACUFvxAGQ/track.npy,tapcorrect,7,0.9156626506024096,0.937799043062201,0.937799043062201,0.9320388349514563,0.9056603773584906,0.9056603773584906
tapcorrect/089_youtube_Ghg70fI6HLI/track.npy,tapcorrect,7,0.998109640831758,0.9962264150943396,0.9962264150943396,0.9924812030075187,0.9850746268656716,0.9850746268656716
tapcorrect/094_youtube_FrGARptU-kQ/track.npy,tapcorrect,7,0.9850438370293967,0.9835051546391752,0.9835051546391752,0.7429643527204504,0.5368421052631579,0.5368421052631579
tapcorrect/101_youtube_O64IDCVI3eM/track.npy,tapcorrect,7,0.9682242990654205,0.9591078066914498,0.9591078066914498,0.955223880597015,0.9705882352941176,0.9705882352941176
