panel,method,piece,dataset,beat_fmeasure,beat_cemgil,beat_cemgil_max,beat_cemgil_bt_legacy,beat_cmlc,beat_cmlt,beat_amlc,beat_amlt,downbeat_fmeasure,downbeat_cemgil,downbeat_cemgil_max,downbeat_cemgil_bt_legacy,downbeat_cmlc,downbeat_cmlt,downbeat_amlc,downbeat_amlt,beat_diag_count,beat_diag_ibi_lt_140ms,beat_diag_ibi_lt_200ms,beat_diag_log_ibi_jump_p95,downbeat_diag_count,downbeat_diag_ibi_lt_140ms,downbeat_diag_ibi_lt_200ms,downbeat_diag_log_ibi_jump_p95,downbeats_off_beat,source_path
mscnn_gtzan,width_only,gtzan/gtzan_blues_00000/track.npy,gtzan,0.9811320754716981,0.7436868897283994,0.7436868897283994,0.7436868897283994,0.9811320754716981,0.9811320754716981,0.9811320754716981,0.9811320754716981,0.6341463414634146,0.4813346900172776,0.7057492829723505,0.593541986494814,0.0,0.0,1.0,1.0,63.0,0.0,0.0,0.04255961441880263,32.0,0.0,0.0,0.021053409197835646,0.0,/media/mengh/SharedData/zhanh/auto_structbeat/caches/pilot/mscnn_final_last_gtzan/gtzan__gtzan_blues_00000__track.npy.npz
mscnn_gtzan,width_only,gtzan/gtzan_blues_00001/track.npy,gtzan,1.0,0.9142328439899737,0.9142328439899737,0.9142328439899737,1.0,1.0,1.0,1.0,0.5217391304347825,0.46564899508830865,0.5735191064488623,0.5195840507685855,0.0625,0.0625,0.125,0.25,34.0,0.0,0.0,0.04490653774849754,18.0,0.0,0.0,1.1577866380004667,0.0,/media/mengh/SharedData/zhanh/auto_structbeat/caches/pilot/mscnn_final_last_gtzan/gtzan__gtzan_blues_00001__track.npy.npz
mscnn_gtzan,width_only,gtzan/gtzan_blues_00002/track.npy,gtzan,0.9923664122137404,0.8717433522636846,0.8717433522636846,0.8717433522636846,0.9848484848484849,0.9848484848484849,0.9848484848484849,0.9848484848484849,0.9696969696969697,0.8229020872584605,0.8229020872584605,0.8229020872584605,0.9411764705882353,0.9411764705882353,0.9411764705882353,0.9411764705882353,79.0,0.0,0.0,0.1053605156578163,20.0,0.0,0.0,0.026317308317373007,0.0,/media/mengh/SharedData/zhanh/auto_structbeat/caches/pilot/mscnn_final_last_gtzan/gtzan__gtzan_blues_00002__track.npy.npz
mscnn_gtzan,width_only,gtzan/gtzan_blues_00003/track.npy,gtzan,0.7761194029850745,0.7001407248066157,0.7001407248066157,0.7001407248066157,0.17073170731707318,0.34146341463414637,0.17073170731707318,0.34146341463414637,0.4166666666666667,0.362932642556341,0.5702612916447397,0.4665969671005403,0.0,0.0,0.3888888888888889,0.3888888888888889,55.0,0.037037037037037035,0.07407407407407407,1.1273126587978526,22.0,0.047619047619047616,0.047619047619047616,1.784372458009752,0.0,/media/mengh/SharedData/zhanh/auto_structbeat/caches/pilot/mscnn_final_last_gtzan/gtzan__gtzan_blues_00003__track.npy.npz
mscnn_gtzan,width_only,gtzan/gtzan_blues_00004/track.npy,gtzan,0.9642857142857143,0.8540677994606802,0.8540677994606802,0.8540677994606802,1.0,1.0,1.0,1.0,0.9285714285714286,0.8490588071046148,0.8490588071046148,0.8490588071046148,1.0,1.0,1.0,1.0,67.0,0.0,0.0,0.044451762570840825,17.0,0.0,0.0,0.03300968358768734,0.0,/media/mengh/SharedData/zhanh/auto_structbeat/caches/pilot/mscnn_final_last_gtzan/gtzan__gtzan_blues_00004__track.npy.npz
mscnn_gtzan,width_only,gtzan/gtzan_blues_00005/track.npy,gtzan,0.8771929824561403,0.7691756363589408,0.7691756363589408,0.7691756363589408,0.9655172413793104,0.9655172413793104,0.9655172413793104,0.9655172413793104,0.19047619047619047,0.18762072899915275,0.3195593170700326,0.25359002303459266,0.0,0.0,0.07142857142857142,0.07142857142857142,34.0,0.0,0.0,0.033399841910147304,16.0,0.0,0.0,1.0384257592484858,0.0,/media/mengh/SharedData/zhanh/auto_structbeat/caches/pilot/mscnn_final_last_gtzan/gtzan__gtzan_blues_00005__track.npy.npz
mscnn_gtzan,width_only,gtzan/gtzan_blues_00006/track.npy,gtzan,0.5538461538461539,0.4518843244773236,0.4518843244773236,0.4518843244773236,0.17647058823529413,0.47058823529411764,0.17647058823529413,0.47058823529411764,0.0,2.4760092422250283e-08,0.05896803601006346,0.02948403038507794,0.0,0.0,0.0,0.0,39.0,0.0,0.0,0.7651359461764073,12.0,0.0,0.0,0.47658564906535994,0.0,/media/mengh/SharedData/zhanh/auto_structbeat/caches/pilot/mscnn_final_last_gtzan/gtzan__gtzan_blues_00006__track.npy.npz
mscnn_gtzan,width_only,gtzan/gtzan_blues_00007/track.npy,gtzan,0.9743589743589743,0.851908507127227,0.851908507127227,0.851908507127227,0.717948717948718,0.9487179487179487,0.717948717948718,0.9487179487179487,0.5185185185185185,0.4421992027995954,0.44945136581704975,0.4458252843083226,0.058823529411764705,0.058823529411764705,0.10526315789473684,0.21052631578947367,47.0,0.0,0.0,0.14674878408634323,21.0,0.0,0.0,1.3669973934012278,0.0,/media/mengh/SharedData/zhanh/auto_structbeat/caches/pilot/mscnn_final_last_gtzan/gtzan__gtzan_blues_00007__track.npy.npz
mscnn_gtzan,width_only,gtzan/gtzan_blues_00008/track.npy,gtzan,0.971830985915493,0.9058908244643985,0.9058908244643985,0.9058908244643985,0.971830985915493,0.971830985915493,0.971830985915493,0.971830985915493,0.6153846153846153,0.5754127958479519,0.6621581747537758,0.6187854853008639,0.36363636363636365,0.36363636363636365,0.36363636363636365,0.36363636363636365,85.0,0.0,0.0,0.11122563511022421,29.0,0.0,0.0,0.6988805524618931,0.0,/media/mengh/SharedData/zhanh/auto_structbeat/caches/pilot/mscnn_final_last_gtzan/gtzan__gtzan_blues_00008__track.npy.npz
mscnn_gtzan,width_only,gtzan/gtzan_blues_00009/track.npy,gtzan,0.8358208955223881,0.6692486795637898,0.6692486795637898,0.6692486795637898,0.9705882352941176,0.9705882352941176,0.9705882352941176,0.9705882352941176,0.2608695652173913,0.23510185471015316,0.41220224882163436,0.32365205176589373,0.07142857142857142,0.07142857142857142,0.17647058823529413,0.17647058823529413,41.0,0.0,0.0,0.10851478968723198,19.0,0.0,0.0,1.2050583896573654,0.0,/media/mengh/SharedData/zhanh/auto_structbeat/caches/pilot/mscnn_final_last_gtzan/gtzan__gtzan_blues_00009__track.npy.npz
mscnn_gtzan,width_only,gtzan/gtzan_blues_00010/track.npy,gtzan,0.6732673267326732,0.6308619914215782,0.9441970759156425,0.7875295336686103,0.0,0.0,1.0,1.0,0.0,1.8571277480849113e-16,2.278696733729866e-16,2.0679122409073888e-16,0.0,0.0,0.0,0.0,80.0,0.0,0.0,0.05406722127028396,21.0,0.0,0.0,0.669145758186003,0.0,/media/mengh/SharedData/zhanh/auto_structbeat/caches/pilot/mscnn_final_last_gtzan/gtzan__gtzan_blues_00010__track.npy.npz
mscnn_gtzan,width_only,gtzan/gtzan_blues_00011/track.npy,gtzan,0.8979591836734694,0.8085616833910085,0.8085616833910085,0.8085616833910085,0.84,0.84,0.84,0.84,0.42857142857142855,0.3835986473776667,0.6416481063861554,0.5126233768819111,0.125,0.125,0.17391304347826086,0.3125,29.0,0.0,0.0,0.0500112773124687,19.0,0.0,0.0,1.11934125150495,0.0,/media/mengh/SharedData/zhanh/auto_structbeat/caches/pilot/mscnn_final_last_gtzan/gtzan__gtzan_blues_00011__track.npy.npz
mscnn_gtzan,width_only,gtzan/gtzan_blues_00012/track.npy,gtzan,0.8717948717948718,0.7682424625357918,0.7682424625357918,0.7682424625357918,0.8205128205128205,0.9743589743589743,0.8205128205128205,0.9743589743589743,0.6206896551724138,0.4787020011487625,0.7212798652945723,0.5999909332216674,0.0,0.0,1.0,1.0,47.0,0.0,0.0,0.06252035698133715,23.0,0.0,0.0,0.03174869831458102,0.0,/media/mengh/SharedData/zhanh/auto_structbeat/caches/pilot/mscnn_final_last_gtzan/gtzan__gtzan_blues_00012__track.npy.npz
mscnn_gtzan,width_only,gtzan/gtzan_blues_00013/track.npy,gtzan,0.6119402985074627,0.5238266221953335,0.7746567746997642,0.6492416984475489,0.0,0.0,0.6292134831460674,0.797752808988764,0.0,2.2655316539474842e-08,1.1201253297108336e-06,5.713903231251542e-07,0.0,0.0,0.0,0.0,100.0,0.0,0.0,0.2231435513142186,30.0,0.0,0.0,0.36424104562843057,0.0,/media/mengh/SharedData/zhanh/auto_structbeat/caches/pilot/mscnn_final_last_gtzan/gtzan__gtzan_blues_00013__track.npy.npz
mscnn_gtzan,width_only,gtzan/gtzan_blues_00014/track.npy,gtzan,0.9428571428571428,0.8124577268217132,0.8124577268217132,0.8124577268217132,1.0,1.0,1.0,1.0,0.56,0.43153320304322124,0.5655680794169916,0.4985506412301064,0.0,0.0,0.8823529411764706,0.8823529411764706,42.0,0.0,0.0,0.09085206831408801,21.0,0.0,0.0,0.07830439206362362,0.0,/media/mengh/SharedData/zhanh/auto_structbeat/caches/pilot/mscnn_final_last_gtzan/gtzan__gtzan_blues_00014__track.npy.npz
mscnn_gtzan,width_only,gtzan/gtzan_blues_00015/track.npy,gtzan,0.926829268292683,0.805817867368743,0.805817867368743,0.805817867368743,0.6829268292682927,0.9512195121951219,0.6829268292682927,0.9512195121951219,0.380952380952381,0.3541186240255594,0.3656349690506844,0.3598767965381219,0.2727272727272727,0.2727272727272727,0.2727272727272727,0.2727272727272727,49.0,0.0,0.0,0.0660455184903453,12.0,0.0,0.0,0.0754030141803013,0.0,/media/mengh/SharedData/zhanh/auto_structbeat/caches/pilot/mscnn_final_last_gtzan/gtzan__gtzan_blues_00015__track.npy.npz
mscnn_gtzan,width_only,gtzan/gtzan_blues_00016/track.npy,gtzan,0.6837606837606837,0.5558975789666076,0.74346525402627,0.6496814164964388,0.09333333333333334,0.09333333333333334,0.3855421686746988,0.7349397590361446,0.5185185185185185,0.4004543019372567,0.572022228228573,0.4862382650829148,0.0,0.0,0.6842105263157895,0.6842105263157895,92.0,0.0,0.0,0.13353139262452926,22.0,0.0,0.0,0.2100620549753452,0.0,/media/mengh/SharedData/zhanh/auto_structbeat/caches/pilot/mscnn_final_last_gtzan/gtzan__gtzan_blues_00016__track.npy.npz
mscnn_gtzan,width_only,gtzan/gtzan_blues_00017/track.npy,gtzan,0.9859154929577465,0.8015607063718425,0.8015607063718425,0.8015607063718425,0.7887323943661971,0.9577464788732394,0.7887323943661971,0.9577464788732394,0.0,8.549548930558413e-16,1.7121884214304977e-12,8.565216881617767e-13,0.0,0.0,0.0,0.0,80.0,0.0,0.0,0.1112256351102221,20.0,0.0,0.0,0.1514966537644824,0.0,/media/mengh/SharedData/zhanh/auto_structbeat/caches/pilot/mscnn_final_last_gtzan/gtzan__gtzan_blues_00017__track.npy.npz
mscnn_gtzan,width_only,gtzan/gtzan_blues_00018/track.npy,gtzan,0.7894736842105262,0.6268842594555769,0.6268842594555769,0.6268842594555769,0.40476190476190477,0.6904761904761905,0.40476190476190477,0.6904761904761905,0.35714285714285715,0.2899483070979903,0.43899825846729396,0.3644732827826421,0.05263157894736842,0.05263157894736842,0.3157894736842105,0.42105263157894735,49.0,0.0,0.020833333333333332,0.6855518381646454,24.0,0.0,0.0,1.1151093637522884,0.0,/media/mengh/SharedData/zhanh/auto_structbeat/caches/pilot/mscnn_final_last_gtzan/gtzan__gtzan_blues_00018__track.npy.npz
mscnn_gtzan,width_only,gtzan/gtzan_blues_00019/track.npy,gtzan,0.4782608695652174,0.41853420246145956,0.7420420148950156,0.5802881086782377,0.0,0.0,0.49504950495049505,0.5841584158415841,0.13953488372093023,0.08175201592905652,0.10454198044346283,0.09314699818625968,0.0,0.0,0.0,0.0,108.0,0.0,0.009345794392523364,0.1670540846631774,35.0,0.0,0.0,0.32654757183323535,0.0,/media/mengh/SharedData/zhanh/auto_structbeat/caches/pilot/mscnn_final_last_gtzan/gtzan__gtzan_blues_00019__track.npy.npz
mscnn_gtzan,width_only,gtzan/gtzan_blues_00020/track.npy,gtzan,0.5696969696969697,0.4777453288045783,0.6959907250675232,0.5868680269360508,0.009259259259259259,0.018518518518518517,0.1592920353982301,0.584070796460177,0.0625,0.057670622836588234,0.07729836244883476,0.0674844926427115,0.0,0.0,0.02,0.02,128.0,0.0,0.16535433070866143,0.4538689989613473,59.0,0.0,0.017241379310344827,1.339158115380242,0.0,/media/mengh/SharedData/zhanh/auto_structbeat/caches/pilot/mscnn_final_last_gtzan/gtzan__gtzan_blues_00020__track.npy.npz
mscnn_gtzan,width_only,gtzan/gtzan_blues_00021/track.npy,gtzan,0.9523809523809523,0.5890030173703593,0.5890030173703593,0.5890030173703593,1.0,1.0,1.0,1.0,0.4848484848484849,0.29957871110377443,0.29957871110377443,0.29957871110377443,0.09090909090909091,0.18181818181818182,0.09090909090909091,0.18181818181818182,50.0,0.0,0.0,0.06818734754105227,25.0,0.0,0.0,1.3533300645030368,0.0,/media/mengh/SharedData/zhanh/auto_structbeat/caches/pilot/mscnn_final_last_gtzan/gtzan__gtzan_blues_00021__track.npy.npz
mscnn_gtzan,width_only,gtzan/gtzan_blues_00022/track.npy,gtzan,0.8604651162790697,0.6299649758784983,0.6299649758784983,0.6299649758784983,0.8222222222222222,0.8222222222222222,0.8222222222222222,0.8222222222222222,0.27027027027027023,0.21920096260173233,0.35246831420917935,0.28583463840545587,0.0,0.0,0.11538461538461539,0.15384615384615385,64.0,0.0,0.047619047619047616,0.2508068097077064,35.0,0.0,0.0,1.1325138403437944,0.0,/media/mengh/SharedData/zhanh/auto_structbeat/caches/pilot/mscnn_final_last_gtzan/gtzan__gtzan_blues_00022__track.npy.npz
mscnn_gtzan,width_only,gtzan/gtzan_blues_00023/track.npy,gtzan,0.4912280701754387,0.3760656184315456,0.47385419423149255,0.4249599063315191,0.0684931506849315,0.1095890410958904,0.09876543209876543,0.3950617283950617,0.20512820512820515,0.14916491033100637,0.24659887316587334,0.19788189174843984,0.0,0.0,0.034482758620689655,0.06896551724137931,83.0,0.04878048780487805,0.04878048780487805,0.8266785731844775,31.0,0.1,0.1,2.237452270853814,0.0,/media/mengh/SharedData/zhanh/auto_structbeat/caches/pilot/mscnn_final_last_gtzan/gtzan__gtzan_blues_00023__track.npy.npz
mscnn_gtzan,width_only,gtzan/gtzan_blues_00024/track.npy,gtzan,0.6557377049180328,0.4997660011748726,0.6394122637577986,0.5695891324663356,0.08860759493670886,0.08860759493670886,0.4117647058823529,0.6235294117647059,0.9,0.6596729976901112,0.6596729976901112,0.6596729976901112,0.8571428571428571,0.8571428571428571,0.8571428571428571,0.8571428571428571,88.0,0.0,0.0,0.12457385060223392,22.0,0.0,0.0,0.6859470042304024,0.0,/media/mengh/SharedData/zhanh/auto_structbeat/caches/pilot/mscnn_final_last_gtzan/gtzan__gtzan_blues_00024__track.npy.npz
mscnn_gtzan,width_only,gtzan/gtzan_blues_00025/track.npy,gtzan,0.5294117647058822,0.3818580998251251,0.3915109896818292,0.38668454475347713,0.1774193548387097,0.3225806451612903,0.1774193548387097,0.3225806451612903,0.1111111111111111,0.09259471348802367,0.11892317719734742,0.10575894534268554,0.0,0.0,0.038461538461538464,0.07692307692307693,70.0,0.057971014492753624,0.10144927536231885,1.1090421425851777,27.0,0.038461538461538464,0.07692307692307693,2.501402079550185,0.0,/media/mengh/SharedData/zhanh/auto_structbeat/caches/pilot/mscnn_final_last_gtzan/gtzan__gtzan_blues_00025__track.npy.npz
mscnn_gtzan,width_only,gtzan/gtzan_blues_00026/track.npy,gtzan,0.8955223880597014,0.7530025868706671,0.7530025868706671,0.7530025868706671,0.7352941176470589,0.9117647058823529,0.7352941176470589,0.9117647058823529,0.3478260869565218,0.2972734730798198,0.2972734730798198,0.2972734730798198,0.0,0.0,0.0,0.0,41.0,0.0,0.0,0.08026224672988265,18.0,0.0,0.0,1.6220208120513901,0.0,/media/mengh/SharedData/zhanh/auto_structbeat/caches/pilot/mscnn_final_last_gtzan/gtzan__gtzan_blues_00026__track.npy.npz
mscnn_gtzan,width_only,gtzan/gtzan_blues_00027/track.npy,gtzan,0.6582278481012659,0.45737449010381664,0.45737449010381664,0.45737449010381664,0.675,0.825,0.675,0.825,0.15384615384615385,0.05387063660414396,0.25760251345817253,0.15573657503115823,0.1875,0.1875,0.1875,0.1875,48.0,0.0,0.0,0.1446617182935414,18.0,0.0,0.0,0.8664339756999317,0.0,/media/mengh/SharedData/zhanh/auto_structbeat/caches/pilot/mscnn_final_last_gtzan/gtzan__gtzan_blues_00027__track.npy.npz
mscnn_gtzan,width_only,gtzan/gtzan_blues_00028/track.npy,gtzan,0.6935483870967741,0.5938034370564224,0.8567735269443549,0.7252884820003886,0.07407407407407407,0.07407407407407407,0.6235294117647059,0.8588235294117647,0.975609756097561,0.8638241251107527,0.8638241251107527,0.8638241251107527,0.8571428571428571,0.8571428571428571,0.8571428571428571,0.8571428571428571,90.0,0.0,0.0,0.06899287148696231,22.0,0.0,0.0,0.06884883451666715,0.0,/media/mengh/SharedData/zhanh/auto_structbeat/caches/pilot/mscnn_final_last_gtzan/gtzan__gtzan_blues_00028__track.npy.npz
mscnn_gtzan,width_only,gtzan/gtzan_blues_00029/track.npy,gtzan,0.3404255319148936,0.2537479491713512,0.3364652079861311,0.2951065785787411,0.09615384615384616,0.23076923076923078,0.11764705882352941,0.23076923076923078,0.25,0.22856042450704683,0.22856042450704683,0.22856042450704683,0.2631578947368421,0.3157894736842105,0.2631578947368421,0.3157894736842105,51.0,0.0,0.0,0.5742338687480396,25.0,0.0,0.0,1.194940540496608,0.0,/media/mengh/SharedData/zhanh/auto_structbeat/caches/pilot/mscnn_final_last_gtzan/gtzan__gtzan_blues_00029__track.npy.npz
mscnn_gtzan,width_only,gtzan/gtzan_blues_00030/track.npy,gtzan,0.0,2.3760494349016268e-05,0.4074036021160469,0.20371368130519796,0.0,0.0,0.43478260869565216,0.8695652173913043,0.0,1.645402584229519e-05,1.961749783067423e-05,1.803576183648471e-05,1.0,1.0,1.0,1.0,55.0,0.0,0.0,0.07696104113612941,14.0,0.0,0.0,0.04922808627964352,0.0,/media/mengh/SharedData/zhanh/auto_structbeat/caches/pilot/mscnn_final_last_gtzan/gtzan__gtzan_blues_00030__track.npy.npz
mscnn_gtzan,width_only,gtzan/gtzan_blues_00031/track.npy,gtzan,0.45360824742268036,0.4086261035777246,0.4086261035777246,0.4086261035777246,0.2653061224489796,0.46938775510204084,0.3125,0.46938775510204084,0.0,2.1051364850005596e-21,1.1756246785735544e-12,5.878123403393454e-13,0.0,0.0,0.25,0.25,58.0,0.0,0.0,0.3995002986232903,14.0,0.0,0.0,0.05661889399950759,0.0,/media/mengh/SharedData/zhanh/auto_structbeat/caches/pilot/mscnn_final_last_gtzan/gtzan__gtzan_blues_00031__track.npy.npz
mscnn_gtzan,width_only,gtzan/gtzan_blues_00032/track.npy,gtzan,0.2619047619047619,0.2203442509238349,0.22327044424916231,0.22180734758649862,0.0,0.0,0.15625,0.21875,0.0,0.009566216718516386,0.086282599947889,0.047924408333202696,0.0,0.0,0.18181818181818182,0.18181818181818182,39.0,0.0,0.0,0.29626581614316655,13.0,0.0,0.0,1.261993999915235,0.0,/media/mengh/SharedData/zhanh/auto_structbeat/caches/pilot/mscnn_final_last_gtzan/gtzan__gtzan_blues_00032__track.npy.npz
mscnn_gtzan,width_only,gtzan/gtzan_blues_00033/track.npy,gtzan,0.653061224489796,0.45861732307226344,0.6809772372891132,0.5697972801806883,0.0,0.0,0.6060606060606061,0.9696969696969697,0.9375,0.6442423929404462,0.6442423929404462,0.6442423929404462,1.0,1.0,1.0,1.0,39.0,0.0,0.0,0.052928431042395356,19.0,0.0,0.0,0.06538275926285142,0.0,/media/mengh/SharedData/zhanh/auto_structbeat/caches/pilot/mscnn_final_last_gtzan/gtzan__gtzan_blues_00033__track.npy.npz
mscnn_gtzan,width_only,gtzan/gtzan_blues_00034/track.npy,gtzan,0.7792207792207793,0.6442871847830031,0.6442871847830031,0.6442871847830031,0.5384615384615384,0.7948717948717948,0.5384615384615384,0.7948717948717948,0.16666666666666666,0.15657237696529483,0.5103091400770486,0.3334407585211717,0.0,0.0,0.2857142857142857,0.2857142857142857,46.0,0.0,0.0,0.3715354380617335,16.0,0.0,0.0,0.5559968530271792,0.0,/media/mengh/SharedData/zhanh/auto_structbeat/caches/pilot/mscnn_final_last_gtzan/gtzan__gtzan_blues_00034__track.npy.npz
mscnn_gtzan,width_only,gtzan/gtzan_blues_00035/track.npy,gtzan,0.49056603773584906,0.4109273090449261,0.4580859351390372,0.43450662209198165,0.03636363636363636,0.09090909090909091,0.11764705882352941,0.17647058823529413,0.4210526315789474,0.3664553344316538,0.41934818539572655,0.39290175991369014,0.125,0.16666666666666666,0.125,0.18518518518518517,58.0,0.03508771929824561,0.10526315789473684,1.0986122886681036,29.0,0.0,0.03571428571428571,2.00236112832561,0.0,/media/mengh/SharedData/zhanh/auto_structbeat/caches/pilot/mscnn_final_last_gtzan/gtzan__gtzan_blues_00035__track.npy.npz
mscnn_gtzan,width_only,gtzan/gtzan_blues_00036/track.npy,gtzan,0.0,0.000463296178198791,0.5646663986847789,0.2825648474314888,0.0,0.0,0.5625,0.7916666666666666,0.0,0.0005583489662255059,0.0006640025451812526,0.0006111757557033793,1.0,1.0,1.0,1.0,58.0,0.0,0.0,0.07773145777048163,15.0,0.0,0.0,0.0696538475409255,0.0,/media/mengh/SharedData/zhanh/auto_structbeat/caches/pilot/mscnn_final_last_gtzan/gtzan__gtzan_blues_00036__track.npy.npz
mscnn_gtzan,width_only,gtzan/gtzan_blues_00037/track.npy,gtzan,0.9206349206349206,0.7465772261555371,0.7465772261555371,0.7465772261555371,0.59375,0.9375,0.59375,0.9375,0.0,6.733613038837e-312,0.7284662148592747,0.3642331074296373,0.0,0.0,0.875,0.875,38.0,0.0,0.0,0.08505289539439799,10.0,0.0,0.0,0.04618572838052169,0.0,/media/mengh/SharedData/zhanh/auto_structbeat/caches/pilot/mscnn_final_last_gtzan/gtzan__gtzan_blues_00037__track.npy.npz
mscnn_gtzan,width_only,gtzan/gtzan_blues_00038/track.npy,gtzan,0.2954545454545454,0.28478643410174326,0.28478643410174326,0.28478643410174326,0.0,0.0,0.0,0.0,0.0,3.1706148712597937e-07,0.09136503796561471,0.045682677513550915,0.0,0.0,0.0,0.0,63.0,0.0,0.0,0.0870113769896318,15.0,0.0,0.0,0.0932388912673145,0.0,/media/mengh/SharedData/zhanh/auto_structbeat/caches/pilot/mscnn_final_last_gtzan/gtzan__gtzan_blues_00038__track.npy.npz
mscnn_gtzan,width_only,gtzan/gtzan_blues_00039/track.npy,gtzan,0.7901234567901234,0.6864216048326478,0.6864216048326478,0.6864216048326478,0.5,0.5,0.5,0.5,0.6666666666666666,0.5769107846357526,0.5769107846357526,0.5769107846357526,0.5,0.5,0.5,0.5,43.0,0.0,0.0,0.11778303565638104,15.0,0.0,0.0,0.6189225904425213,0.0,/media/mengh/SharedData/zhanh/auto_structbeat/caches/pilot/mscnn_final_last_gtzan/gtzan__gtzan_blues_00039__track.npy.npz
mscnn_gtzan,width_only,gtzan/gtzan_blues_00040/track.npy,gtzan,0.9859154929577464,0.9307934033032144,0.9307934033032144,0.9307934033032144,0.9722222222222222,0.9722222222222222,0.9722222222222222,0.9722222222222222,1.0,0.941094020559542,0.941094020559542,0.941094020559542,1.0,1.0,1.0,1.0,87.0,0.0,0.0,0.05715841383995235,21.0,0.0,0.0,0.014388737452099842,0.0,/media/mengh/SharedData/zhanh/auto_structbeat/caches/pilot/mscnn_final_last_gtzan/gtzan__gtzan_blues_00040__track.npy.npz
mscnn_gtzan,width_only,gtzan/gtzan_blues_00041/track.npy,gtzan,1.0,0.8659775148410425,0.8659775148410425,0.8659775148410425,1.0,1.0,1.0,1.0,0.6666666666666666,0.585079306349718,0.8606266979524304,0.7228530021510742,0.0,0.0,0.9615384615384616,0.9615384615384616,63.0,0.0,0.0,0.044451762570828834,31.0,0.0,0.0,0.04348511193973405,0.0,/media/mengh/SharedData/zhanh/auto_structbeat/caches/pilot/mscnn_final_last_gtzan/gtzan__gtzan_blues_00041__track.npy.npz
mscnn_gtzan,width_only,gtzan/gtzan_blues_00042/track.npy,gtzan,0.4600000000000001,0.39340927630996797,0.39340927630996797,0.39340927630996797,0.0,0.0,0.0,0.0,0.631578947368421,0.5065453968789515,0.7320887215522526,0.6193170592156021,0.0,0.0,0.8461538461538461,0.8461538461538461,90.0,0.0,0.0,0.11778303565638604,15.0,0.0,0.0,0.03409395674789149,0.0,/media/mengh/SharedData/zhanh/auto_structbeat/caches/pilot/mscnn_final_last_gtzan/gtzan__gtzan_blues_00042__track.npy.npz
mscnn_gtzan,width_only,gtzan/gtzan_blues_00043/track.npy,gtzan,0.9906542056074767,0.956299864402859,0.956299864402859,0.956299864402859,0.9814814814814815,0.9814814814814815,0.9814814814814815,0.9814814814814815,0.65,0.63912147028846,0.9384495377136672,0.7887855040010636,0.0,0.0,0.9259259259259259,0.9259259259259259,65.0,0.0,0.0,0.04445176257083372,33.0,0.0,0.0,0.02197890671877307,0.0,/media/mengh/SharedData/zhanh/auto_structbeat/caches/pilot/mscnn_final_last_gtzan/gtzan__gtzan_blues_00043__track.npy.npz
mscnn_gtzan,width_only,gtzan/gtzan_blues_00044/track.npy,gtzan,0.776978417266187,0.6366059648402953,0.699166312677063,0.6678861387586792,0.21428571428571427,0.2857142857142857,0.21428571428571427,0.5272727272727272,0.09302325581395349,0.08138847058751376,0.08138847058751376,0.08138847058751376,0.0,0.0,0.13636363636363635,0.13636363636363635,65.0,0.0,0.0,0.6931471805599454,28.0,0.0,0.0,1.3778189732009676,0.0,/media/mengh/SharedData/zhanh/auto_structbeat/caches/pilot/mscnn_final_last_gtzan/gtzan__gtzan_blues_00044__track.npy.npz
mscnn_gtzan,width_only,gtzan/gtzan_blues_00045/track.npy,gtzan,0.8043478260869564,0.6831206245941313,0.8124056615323189,0.747763143063225,0.02727272727272727,0.14545454545454545,0.1891891891891892,0.5,0.8307692307692307,0.7858249191173101,0.7858249191173101,0.7858249191173101,0.1891891891891892,0.4864864864864865,0.1891891891891892,0.4864864864864865,91.0,0.0,0.2,0.5705448584676154,40.0,0.0,0.0,0.6931471805599458,0.0,/media/mengh/SharedData/zhanh/auto_structbeat/caches/pilot/mscnn_final_last_gtzan/gtzan__gtzan_blues_00045__track.npy.npz
mscnn_gtzan,width_only,gtzan/gtzan_blues_00046/track.npy,gtzan,1.0,0.9188008978406517,0.9188008978406517,0.9188008978406517,1.0,1.0,1.0,1.0,1.0,0.8991098718931388,0.8991098718931388,0.8991098718931388,1.0,1.0,1.0,1.0,61.0,0.0,0.0,0.08004270767353472,15.0,0.0,0.0,0.024306538246999874,0.0,/media/mengh/SharedData/zhanh/auto_structbeat/caches/pilot/mscnn_final_last_gtzan/gtzan__gtzan_blues_00046__track.npy.npz
mscnn_gtzan,width_only,gtzan/gtzan_blues_00047/track.npy,gtzan,1.0,0.8505089913786665,0.8505089913786665,0.8505089913786665,0.9523809523809523,0.9841269841269841,0.9523809523809523,0.9841269841269841,0.975609756097561,0.8324346705212743,0.8324346705212743,0.8324346705212743,0.9523809523809523,0.9523809523809523,0.9523809523809523,0.9523809523809523,76.0,0.0,0.0,0.05129329438755548,25.0,0.0,0.0,0.034486176071170105,0.0,/media/mengh/SharedData/zhanh/auto_structbeat/caches/pilot/mscnn_final_last_gtzan/gtzan__gtzan_blues_00047__track.npy.npz
mscnn_gtzan,width_only,gtzan/gtzan_blues_00048/track.npy,gtzan,1.0,0.8366168755622376,0.8366168755622376,0.8366168755622376,1.0,1.0,1.0,1.0,1.0,0.8593397244340509,0.8593397244340509,0.8593397244340509,1.0,1.0,1.0,1.0,61.0,0.0,0.0,0.040821994520261584,15.0,0.0,0.0,0.023822761637580157,0.0,/media/mengh/SharedData/zhanh/auto_structbeat/caches/pilot/mscnn_final_last_gtzan/gtzan__gtzan_blues_00048__track.npy.npz
mscnn_gtzan,width_only,gtzan/gtzan_blues_00049/track.npy,gtzan,0.6764705882352942,0.5680444640411005,0.7065040525559767,0.6372742582985387,0.09523809523809523,0.23809523809523808,0.43137254901960786,0.6274509803921569,0.7777777777777778,0.6106275713124655,0.7813933656493289,0.6960104684808972,0.18181818181818182,0.2727272727272727,0.6153846153846154,0.6153846153846154,52.0,0.0,0.0,0.693147180559947,15.0,0.0,0.0,1.0670030068760226,0.0,/media/mengh/SharedData/zhanh/auto_structbeat/caches/pilot/mscnn_final_last_gtzan/gtzan__gtzan_blues_00049__track.npy.npz
mscnn_gtzan,width_only,gtzan/gtzan_blues_00050/track.npy,gtzan,1.0,0.901690528505793,0.901690528505793,0.901690528505793,1.0,1.0,1.0,1.0,0.6818181818181819,0.6115641088491975,0.9068297995711174,0.7591969542101575,0.0,0.0,1.0,1.0,68.0,0.0,0.0,0.04652001563489491,34.0,0.0,0.0,0.04546237407675731,0.0,/media/mengh/SharedData/zhanh/auto_structbeat/caches/pilot/mscnn_final_last_gtzan/gtzan__gtzan_blues_00050__track.npy.npz
mscnn_gtzan,width_only,gtzan/gtzan_blues_00051/track.npy,gtzan,0.9878048780487805,0.9433226831377058,0.9433226831377058,0.9433226831377058,0.9518072289156626,0.9518072289156626,0.9518072289156626,0.9518072289156626,0.8636363636363635,0.8178714517482675,0.8178714517482675,0.8178714517482675,0.625,0.625,0.625,0.625,99.0,0.0,0.0,0.1335313926245194,32.0,0.0,0.0,0.06453852113757125,0.0,/media/mengh/SharedData/zhanh/auto_structbeat/caches/pilot/mscnn_final_last_gtzan/gtzan__gtzan_blues_00051__track.npy.npz
mscnn_gtzan,width_only,gtzan/gtzan_blues_00052/track.npy,gtzan,0.5121951219512195,0.45564863774969816,0.45564863774969816,0.45564863774969816,0.0,0.0,0.0,0.0,0.3846153846153846,0.3438664082727356,0.5282809019278429,0.4360736551002893,0.0,0.0,0.0,0.0,73.0,0.0,0.0,0.15415067982725472,25.0,0.0,0.0,0.04730130292005721,0.0,/media/mengh/SharedData/zhanh/auto_structbeat/caches/pilot/mscnn_final_last_gtzan/gtzan__gtzan_blues_00052__track.npy.npz
mscnn_gtzan,width_only,gtzan/gtzan_blues_00053/track.npy,gtzan,1.0,0.8803397731256372,0.8803397731256372,0.8803397731256372,1.0,1.0,1.0,1.0,1.0,0.8634622332052361,0.8634622332052361,0.8634622332052361,1.0,1.0,1.0,1.0,51.0,0.0,0.0,0.06669137449866834,12.0,0.0,0.0,0.021606519345212422,0.0,/media/mengh/SharedData/zhanh/auto_structbeat/caches/pilot/mscnn_final_last_gtzan/gtzan__gtzan_blues_00053__track.npy.npz
mscnn_gtzan,width_only,gtzan/gtzan_blues_00054/track.npy,gtzan,1.0,0.9416769589518875,0.9416769589518875,0.9416769589518875,0.9868421052631579,0.9868421052631579,0.9868421052631579,0.9868421052631579,1.0,0.945443125632111,0.945443125632111,0.945443125632111,1.0,1.0,1.0,1.0,91.0,0.0,0.0,0.060624621816442306,22.0,0.0,0.0,0.0303053494953311,0.0,/media/mengh/SharedData/zhanh/auto_structbeat/caches/pilot/mscnn_final_last_gtzan/gtzan__gtzan_blues_00054__track.npy.npz
mscnn_gtzan,width_only,gtzan/gtzan_blues_00055/track.npy,gtzan,0.9636363636363636,0.7985435639530553,0.7985435639530553,0.7985435639530553,0.6181818181818182,0.9636363636363636,0.6181818181818182,0.9636363636363636,0.6,0.520008768053424,0.7593897910287329,0.6396992795410785,0.0,0.0,0.9259259259259259,0.9259259259259259,67.0,0.0,0.0,0.08701137698963579,33.0,0.0,0.0,0.04765508990216143,0.0,/media/mengh/SharedData/zhanh/auto_structbeat/caches/pilot/mscnn_final_last_gtzan/gtzan__gtzan_blues_00055__track.npy.npz
mscnn_gtzan,width_only,gtzan/gtzan_blues_00056/track.npy,gtzan,0.4943820224719101,0.4616533910962661,0.4616533910962661,0.4616533910962661,0.0,0.0,0.0,0.0,0.625,0.6046693596601289,0.8316579570177705,0.7181636583389497,0.0,0.0,0.8181818181818182,0.8181818181818182,79.0,0.0,0.0,0.105360515657833,13.0,0.0,0.0,0.04445176257083405,0.0,/media/mengh/SharedData/zhanh/auto_structbeat/caches/pilot/mscnn_final_last_gtzan/gtzan__gtzan_blues_00056__track.npy.npz
mscnn_gtzan,width_only,gtzan/gtzan_blues_00057/track.npy,gtzan,1.0,0.9677320371557746,0.9677320371557746,0.9677320371557746,1.0,1.0,1.0,1.0,1.0,0.9656775977153963,0.9656775977153963,0.9656775977153963,1.0,1.0,1.0,1.0,93.0,0.0,0.0,0.12516314295400344,23.0,0.0,0.0,0.03125254350410098,0.0,/media/mengh/SharedData/zhanh/auto_structbeat/caches/pilot/mscnn_final_last_gtzan/gtzan__gtzan_blues_00057__track.npy.npz
mscnn_gtzan,width_only,gtzan/gtzan_blues_00058/track.npy,gtzan,1.0,0.9344765342122149,0.9344765342122149,0.9344765342122149,1.0,1.0,1.0,1.0,1.0,0.9178601782584379,0.9178601782584379,0.9178601782584379,1.0,1.0,1.0,1.0,53.0,0.0,0.0,0.052680257828912225,13.0,0.0,0.0,0.026433257068155414,0.0,/media/mengh/SharedData/zhanh/auto_structbeat/caches/pilot/mscnn_final_last_gtzan/gtzan__gtzan_blues_00058__track.npy.npz
mscnn_gtzan,width_only,gtzan/gtzan_blues_00059/track.npy,gtzan,1.0,0.9410316360221914,0.9410316360221914,0.9410316360221914,1.0,1.0,1.0,1.0,1.0,0.9370988313721393,0.9370988313721393,0.9370988313721393,1.0,1.0,1.0,1.0,54.0,0.0,0.0,0.07145896398214968,14.0,0.0,0.0,0.018018505502678465,0.0,/media/mengh/SharedData/zhanh/auto_structbeat/caches/pilot/mscnn_final_last_gtzan/gtzan__gtzan_blues_00059__track.npy.npz
mscnn_gtzan,width_only,gtzan/gtzan_blues_00060/track.npy,gtzan,0.9919999999999999,0.8447327228706282,0.8447327228706282,0.8447327228706282,0.9841269841269841,0.9841269841269841,0.9841269841269841,0.9841269841269841,1.0,0.8540464436980227,0.8540464436980227,0.8540464436980227,1.0,1.0,1.0,1.0,75.0,0.0,0.0,0.05129329438755037,18.0,0.0,0.0,0.02830620468752329,0.0,/media/mengh/SharedData/zhanh/auto_structbeat/caches/pilot/mscnn_final_last_gtzan/gtzan__gtzan_blues_00060__track.npy.npz
mscnn_gtzan,width_only,gtzan/gtzan_blues_00061/track.npy,gtzan,1.0,0.9540181255359432,0.9540181255359432,0.9540181255359432,1.0,1.0,1.0,1.0,0.7368421052631579,0.7114143744202164,0.9120461678988643,0.8117302711595403,0.16666666666666666,0.16666666666666666,0.7407407407407407,0.7407407407407407,66.0,0.0,0.0,0.044451762570836544,27.0,0.0,0.0,0.04348511193974177,0.0,/media/mengh/SharedData/zhanh/auto_structbeat/caches/pilot/mscnn_final_last_gtzan/gtzan__gtzan_blues_00061__track.npy.npz
mscnn_gtzan,width_only,gtzan/gtzan_blues_00062/track.npy,gtzan,1.0,0.919283223618481,0.919283223618481,0.919283223618481,1.0,1.0,1.0,1.0,0.6285714285714286,0.5759993809840953,0.8713595436345873,0.7236794623093413,0.0,0.0,0.9565217391304348,0.9565217391304348,57.0,0.0,0.0,0.03774032798285287,28.0,0.0,0.0,0.019048194970694717,0.0,/media/mengh/SharedData/zhanh/auto_structbeat/caches/pilot/mscnn_final_last_gtzan/gtzan__gtzan_blues_00062__track.npy.npz
mscnn_gtzan,width_only,gtzan/gtzan_blues_00063/track.npy,gtzan,1.0,0.903391940299193,0.903391940299193,0.903391940299193,1.0,1.0,1.0,1.0,0.6428571428571429,0.5905575233132188,0.8476832555415093,0.719120389427364,0.0,0.0,0.8947368421052632,0.8947368421052632,46.0,0.0,0.0,0.03077165866675383,23.0,0.0,0.0,0.030305349495328315,0.0,/media/mengh/SharedData/zhanh/auto_structbeat/caches/pilot/mscnn_final_last_gtzan/gtzan__gtzan_blues_00063__track.npy.npz
mscnn_gtzan,width_only,gtzan/gtzan_blues_00064/track.npy,gtzan,1.0,0.9734803195081412,0.9734803195081412,0.9734803195081412,1.0,1.0,1.0,1.0,1.0,0.9774991073671833,0.9774991073671833,0.9774991073671833,1.0,1.0,1.0,1.0,78.0,0.0,0.0,0.05129329438755226,20.0,0.0,0.0,0.013072081567352853,0.0,/media/mengh/SharedData/zhanh/auto_structbeat/caches/pilot/mscnn_final_last_gtzan/gtzan__gtzan_blues_00064__track.npy.npz
mscnn_gtzan,width_only,gtzan/gtzan_blues_00065/track.npy,gtzan,1.0,0.8934575452956783,0.8934575452956783,0.8934575452956783,1.0,1.0,1.0,1.0,0.6857142857142856,0.5963324194135645,0.8648554688461907,0.7305939441298777,0.0,0.0,1.0,1.0,54.0,0.0,0.0,0.03636764417088045,27.0,0.0,0.0,0.03571808260207972,0.0,/media/mengh/SharedData/zhanh/auto_structbeat/caches/pilot/mscnn_final_last_gtzan/gtzan__gtzan_blues_00065__track.npy.npz
mscnn_gtzan,width_only,gtzan/gtzan_blues_00066/track.npy,gtzan,1.0,0.9094801989422084,0.9094801989422084,0.9094801989422084,1.0,1.0,1.0,1.0,1.0,0.9321173660010507,0.9321173660010507,0.9321173660010507,1.0,1.0,1.0,1.0,82.0,0.0,0.0,0.056925141962280705,21.0,0.0,0.0,0.01379332213233797,0.0,/media/mengh/SharedData/zhanh/auto_structbeat/caches/pilot/mscnn_final_last_gtzan/gtzan__gtzan_blues_00066__track.npy.npz
mscnn_gtzan,width_only,gtzan/gtzan_blues_00067/track.npy,gtzan,1.0,0.9434265372679211,0.9434265372679211,0.9434265372679211,1.0,1.0,1.0,1.0,0.8947368421052632,0.8414053697371717,0.8414053697371717,0.8414053697371717,0.5714285714285714,0.5714285714285714,0.5714285714285714,0.5714285714285714,81.0,0.0,0.0,0.05406722127028396,28.0,0.0,0.0,0.02666824708216152,0.0,/media/mengh/SharedData/zhanh/auto_structbeat/caches/pilot/mscnn_final_last_gtzan/gtzan__gtzan_blues_00067__track.npy.npz
mscnn_gtzan,width_only,gtzan/gtzan_blues_00068/track.npy,gtzan,1.0,0.8031638437921897,0.8031638437921897,0.8031638437921897,1.0,1.0,1.0,1.0,1.0,0.8328420687151192,0.8328420687151192,0.8328420687151192,1.0,1.0,1.0,1.0,81.0,0.0,0.0,0.05406722127028396,20.0,0.0,0.0,0.01360565205577835,0.0,/media/mengh/SharedData/zhanh/auto_structbeat/caches/pilot/mscnn_final_last_gtzan/gtzan__gtzan_blues_00068__track.npy.npz
mscnn_gtzan,width_only,gtzan/gtzan_blues_00069/track.npy,gtzan,1.0,0.9122847997395408,0.9122847997395408,0.9122847997395408,1.0,1.0,1.0,1.0,0.6399999999999999,0.6080185506272605,0.8691240826757404,0.7385713166515004,0.0,0.0,0.8823529411764706,0.8823529411764706,40.0,0.0,0.0,0.052643733485423554,20.0,0.0,0.0,0.0266682470821607,0.0,/media/mengh/SharedData/zhanh/auto_structbeat/caches/pilot/mscnn_final_last_gtzan/gtzan__gtzan_blues_00069__track.npy.npz
mscnn_gtzan,width_only,gtzan/gtzan_blues_00070/track.npy,gtzan,1.0,0.8857866124809531,0.8857866124809531,0.8857866124809531,1.0,1.0,1.0,1.0,1.0,0.8653802060400625,0.8653802060400625,0.8653802060400625,1.0,1.0,1.0,1.0,74.0,0.0,0.0,0.04879016416943971,18.0,0.0,0.0,0.024692612590370977,0.0,/media/mengh/SharedData/zhanh/auto_structbeat/caches/pilot/mscnn_final_last_gtzan/gtzan__gtzan_blues_00070__track.npy.npz
mscnn_gtzan,width_only,gtzan/gtzan_blues_00071/track.npy,gtzan,0.9838709677419355,0.6620018126885507,0.6620018126885507,0.6620018126885507,0.6451612903225806,0.9838709677419355,0.6451612903225806,0.9838709677419355,0.3636363636363636,0.2509697866729672,0.4365836527579152,0.3437767197154412,0.11764705882352941,0.17647058823529413,0.23529411764705882,0.47058823529411764,74.0,0.0,0.0,0.1397619423751513,20.0,0.0,0.0,0.8142486881824018,0.0,/media/mengh/SharedData/zhanh/auto_structbeat/caches/pilot/mscnn_final_last_gtzan/gtzan__gtzan_blues_00071__track.npy.npz
mscnn_gtzan,width_only,gtzan/gtzan_blues_00072/track.npy,gtzan,1.0,0.9391219140741199,0.9391219140741199,0.9391219140741199,1.0,1.0,1.0,1.0,1.0,0.9373292115208377,0.9373292115208377,0.9373292115208377,1.0,1.0,1.0,1.0,35.0,0.0,0.0,0.045885430700011796,8.0,0.0,0.0,0.017143694497423756,0.0,/media/mengh/SharedData/zhanh/auto_structbeat/caches/pilot/mscnn_final_last_gtzan/gtzan__gtzan_blues_00072__track.npy.npz
mscnn_gtzan,width_only,gtzan/gtzan_blues_00073/track.npy,gtzan,0.975609756097561,0.7802798534260459,0.7802798534260459,0.7802798534260459,1.0,1.0,1.0,1.0,0.6451612903225806,0.4858121068729258,0.7375176106899923,0.611664858781459,0.0,0.0,0.9047619047619048,0.9047619047619048,48.0,0.0,0.0,0.4670011857435032,22.0,0.0,0.0,0.10224741667434525,0.0,/media/mengh/SharedData/zhanh/auto_structbeat/caches/pilot/mscnn_final_last_gtzan/gtzan__gtzan_blues_00073__track.npy.npz
mscnn_gtzan,width_only,gtzan/gtzan_blues_00074/track.npy,gtzan,0.9787234042553191,0.9137735866101563,0.9137735866101563,0.9137735866101563,0.9787234042553191,0.9787234042553191,0.9787234042553191,0.9787234042553191,1.0,0.977796383536283,0.977796383536283,0.977796383536283,1.0,1.0,1.0,1.0,56.0,0.0,0.0,0.07410797215372153,14.0,0.0,0.0,0.0310216713968034,0.0,/media/mengh/SharedData/zhanh/auto_structbeat/caches/pilot/mscnn_final_last_gtzan/gtzan__gtzan_blues_00074__track.npy.npz
mscnn_gtzan,width_only,gtzan/gtzan_blues_00075/track.npy,gtzan,1.0,0.932692792957938,0.932692792957938,0.932692792957938,1.0,1.0,1.0,1.0,1.0,0.9439015262611504,0.9439015262611504,0.9439015262611504,1.0,1.0,1.0,1.0,59.0,0.0,0.0,0.07696104113612678,15.0,0.0,0.0,0.019608471388376247,0.0,/media/mengh/SharedData/zhanh/auto_structbeat/caches/pilot/mscnn_final_last_gtzan/gtzan__gtzan_blues_00075__track.npy.npz
mscnn_gtzan,width_only,gtzan/gtzan_blues_00076/track.npy,gtzan,1.0,0.9541319850438694,0.9541319850438694,0.9541319850438694,1.0,1.0,1.0,1.0,1.0,0.9371589472785259,0.9371589472785259,0.9371589472785259,1.0,1.0,1.0,1.0,58.0,0.0,0.0,0.07696104113612678,19.0,0.0,0.0,0.03871451218068957,0.0,/media/mengh/SharedData/zhanh/auto_structbeat/caches/pilot/mscnn_final_last_gtzan/gtzan__gtzan_blues_00076__track.npy.npz
mscnn_gtzan,width_only,gtzan/gtzan_blues_00077/track.npy,gtzan,0.9838709677419355,0.9159081177186899,0.9159081177186899,0.9159081177186899,0.9838709677419355,0.9838709677419355,0.9838709677419355,0.9838709677419355,1.0,0.9337194544056966,0.9337194544056966,0.9337194544056966,1.0,1.0,1.0,1.0,74.0,0.0,0.0,0.04879016416943971,18.0,0.0,0.0,0.012270092591814594,0.0,/media/mengh/SharedData/zhanh/auto_structbeat/caches/pilot/mscnn_final_last_gtzan/gtzan__gtzan_blues_00077__track.npy.npz
mscnn_gtzan,width_only,gtzan/gtzan_blues_00078/track.npy,gtzan,1.0,0.9437111245430984,0.9437111245430984,0.9437111245430984,1.0,1.0,1.0,1.0,0.0,1.374760376179597e-31,0.9204913589842686,0.4602456794921343,0.0,0.0,0.96,0.96,120.0,0.0,0.0,0.15415067982725883,30.0,0.0,0.0,0.040536163552959664,0.0,/media/mengh/SharedData/zhanh/auto_structbeat/caches/pilot/mscnn_final_last_gtzan/gtzan__gtzan_blues_00078__track.npy.npz
mscnn_gtzan,width_only,gtzan/gtzan_blues_00079/track.npy,gtzan,0.9924812030075187,0.9081766855805893,0.9081766855805893,0.9081766855805893,0.9850746268656716,0.9850746268656716,0.9850746268656716,0.9850746268656716,0.9696969696969697,0.902242972689447,0.902242972689447,0.902242972689447,0.9411764705882353,0.9411764705882353,0.9411764705882353,0.9411764705882353,80.0,0.0,0.0,0.105360515657833,20.0,0.0,0.0,0.02885747850272297,0.0,/media/mengh/SharedData/zhanh/auto_structbeat/caches/pilot/mscnn_final_last_gtzan/gtzan__gtzan_blues_00079__track.npy.npz
mscnn_gtzan,width_only,gtzan/gtzan_blues_00080/track.npy,gtzan,1.0,0.9603725780732848,0.9603725780732848,0.9603725780732848,1.0,1.0,1.0,1.0,1.0,0.9787823703370516,0.9787823703370516,0.9787823703370516,1.0,1.0,1.0,1.0,58.0,0.0,0.0,0.048655795148997205,14.0,0.0,0.0,0.014189708344721323,0.0,/media/mengh/SharedData/zhanh/auto_structbeat/caches/pilot/mscnn_final_last_gtzan/gtzan__gtzan_blues_00080__track.npy.npz
mscnn_gtzan,width_only,gtzan/gtzan_blues_00081/track.npy,gtzan,0.7577639751552795,0.6842065506810875,0.6842065506810875,0.6842065506810875,0.13953488372093023,0.46511627906976744,0.13953488372093023,0.46511627906976744,0.6153846153846153,0.5497171703569925,0.5497171703569925,0.5497171703569925,0.22727272727272727,0.45454545454545453,0.22727272727272727,0.45454545454545453,86.0,0.03529411764705882,0.12941176470588237,1.2308884438420462,19.0,0.0,0.0,0.6781508635826877,0.0,/media/mengh/SharedData/zhanh/auto_structbeat/caches/pilot/mscnn_final_last_gtzan/gtzan__gtzan_blues_00081__track.npy.npz
mscnn_gtzan,width_only,gtzan/gtzan_blues_00082/track.npy,gtzan,0.9811320754716981,0.9226136070102702,0.9226136070102702,0.9226136070102702,0.9811320754716981,0.9811320754716981,0.9811320754716981,0.9811320754716981,0.9285714285714286,0.8706535890960166,0.8706535890960166,0.8706535890960166,1.0,1.0,1.0,1.0,63.0,0.0,0.0,0.08338160893905111,16.0,0.0,0.0,0.028569328863280244,0.0,/media/mengh/SharedData/zhanh/auto_structbeat/caches/pilot/mscnn_final_last_gtzan/gtzan__gtzan_blues_00082__track.npy.npz
mscnn_gtzan,width_only,gtzan/gtzan_blues_00083/track.npy,gtzan,0.9523809523809523,0.9259755918120746,0.9259755918120746,0.9259755918120746,0.8181818181818182,0.8181818181818182,0.8181818181818182,0.8181818181818182,0.962962962962963,0.931340966680528,0.931340966680528,0.931340966680528,0.8571428571428571,0.8571428571428571,0.8571428571428571,0.8571428571428571,61.0,0.0,0.0,0.044451762570840825,15.0,0.0,0.0,0.2905927542948044,0.0,/media/mengh/SharedData/zhanh/auto_structbeat/caches/pilot/mscnn_final_last_gtzan/gtzan__gtzan_blues_00083__track.npy.npz
mscnn_gtzan,width_only,gtzan/gtzan_blues_00084/track.npy,gtzan,1.0,0.9040319300336187,0.9040319300336187,0.9040319300336187,1.0,1.0,1.0,1.0,1.0,0.893111453277795,0.893111453277795,0.893111453277795,1.0,1.0,1.0,1.0,56.0,0.0,0.0,0.05046900344265511,14.0,0.0,0.0,0.01834913866819654,0.0,/media/mengh/SharedData/zhanh/auto_structbeat/caches/pilot/mscnn_final_last_gtzan/gtzan__gtzan_blues_00084__track.npy.npz
mscnn_gtzan,width_only,gtzan/gtzan_blues_00085/track.npy,gtzan,0.8118811881188119,0.7504573335426695,0.7715652591022555,0.7610112963224624,0.2,0.36666666666666664,0.21951219512195122,0.4634146341463415,0.6956521739130436,0.6154840855164592,0.6154840855164592,0.6154840855164592,0.2,0.2,0.25,0.25,51.0,0.0,0.0,0.7224212790616041,10.0,0.0,0.0,0.6119794418160902,0.0,/media/mengh/SharedData/zhanh/auto_structbeat/caches/pilot/mscnn_final_last_gtzan/gtzan__gtzan_blues_00085__track.npy.npz
mscnn_gtzan,width_only,gtzan/gtzan_blues_00086/track.npy,gtzan,0.9902912621359222,0.9243267528084493,0.9243267528084493,0.9243267528084493,0.9807692307692307,0.9807692307692307,0.9807692307692307,0.9807692307692307,0.896551724137931,0.8219515467401476,0.8219515467401476,0.8219515467401476,0.625,0.625,0.625,0.625,62.0,0.0,0.0,0.04255961441879885,19.0,0.0,0.0,0.1594613643045095,0.0,/media/mengh/SharedData/zhanh/auto_structbeat/caches/pilot/mscnn_final_last_gtzan/gtzan__gtzan_blues_00086__track.npy.npz
mscnn_gtzan,width_only,gtzan/gtzan_blues_00087/track.npy,gtzan,1.0,0.9513053107019297,0.9513053107019297,0.9513053107019297,1.0,1.0,1.0,1.0,0.9714285714285714,0.9175648660341497,0.9175648660341497,0.9175648660341497,0.9444444444444444,0.9444444444444444,0.9444444444444444,0.9444444444444444,88.0,0.0,0.0,0.1177830356563902,21.0,0.0,0.0,0.09241065195093716,0.0,/media/mengh/SharedData/zhanh/auto_structbeat/caches/pilot/mscnn_final_last_gtzan/gtzan__gtzan_blues_00087__track.npy.npz
mscnn_gtzan,width_only,gtzan/gtzan_blues_00088/track.npy,gtzan,0.0,0.001378751247840077,0.806568701585808,0.403973726416824,0.0,0.0,0.9859154929577465,0.9859154929577465,0.0,8.949507454797955e-06,9.15434759296014e-06,9.051927523879047e-06,1.0,1.0,1.0,1.0,86.0,0.0,0.0,0.11122563511022389,22.0,0.0,0.0,0.03288433248416052,0.0,/media/mengh/SharedData/zhanh/auto_structbeat/caches/pilot/mscnn_final_last_gtzan/gtzan__gtzan_blues_00088__track.npy.npz
mscnn_gtzan,width_only,gtzan/gtzan_blues_00089/track.npy,gtzan,0.9777777777777777,0.8642992312122244,0.8642992312122244,0.8642992312122244,1.0,1.0,1.0,1.0,0.4242424242424242,0.37785358547894377,0.5540487646646989,0.4659511750718213,0.0,0.0,0.09090909090909091,0.36363636363636365,54.0,0.0,0.0,0.07539185319580677,27.0,0.0,0.0,1.0963001241878911,0.0,/media/mengh/SharedData/zhanh/auto_structbeat/caches/pilot/mscnn_final_last_gtzan/gtzan__gtzan_blues_00089__track.npy.npz
mscnn_gtzan,width_only,gtzan/gtzan_blues_00090/track.npy,gtzan,0.7446808510638298,0.6473204616845283,0.7936439906404975,0.7204822261625129,0.1694915254237288,0.1694915254237288,0.7142857142857143,0.7142857142857143,1.0,0.8404280368400701,0.8404280368400701,0.8404280368400701,1.0,1.0,1.0,1.0,41.0,0.0,0.0,0.08005031420080107,18.0,0.0,0.0,0.04514047412369146,0.0,/media/mengh/SharedData/zhanh/auto_structbeat/caches/pilot/mscnn_final_last_gtzan/gtzan__gtzan_blues_00090__track.npy.npz
mscnn_gtzan,width_only,gtzan/gtzan_blues_00091/track.npy,gtzan,0.8952380952380953,0.8187172905146931,0.8187172905146931,0.8187172905146931,0.49056603773584906,0.7169811320754716,0.49056603773584906,0.7169811320754716,0.33333333333333337,0.3035626556922756,0.5686350803758379,0.43609886803405673,0.0,0.0,0.48,0.48,64.0,0.031746031746031744,0.047619047619047616,1.5646543402005253,26.0,0.0,0.0,0.6691284835637469,0.0,/media/mengh/SharedData/zhanh/auto_structbeat/caches/pilot/mscnn_final_last_gtzan/gtzan__gtzan_blues_00091__track.npy.npz
mscnn_gtzan,width_only,gtzan/gtzan_blues_00092/track.npy,gtzan,0.40963855421686746,0.3638552694335477,0.4229315543682107,0.3933934119008792,0.0,0.0,0.0,0.0,0.42857142857142855,0.3894379900292392,0.45364734279336916,0.42154266641130417,0.0,0.0,0.0,0.0,40.0,0.0,0.0,0.07827371640028749,13.0,0.0,0.0,0.048547748028128446,0.0,/media/mengh/SharedData/zhanh/auto_structbeat/caches/pilot/mscnn_final_last_gtzan/gtzan__gtzan_blues_00092__track.npy.npz
mscnn_gtzan,width_only,gtzan/gtzan_blues_00093/track.npy,gtzan,0.4193548387096775,0.3486482339057476,0.3740093086863645,0.36132877129605606,0.02702702702702703,0.08108108108108109,0.08,0.08108108108108109,0.39999999999999997,0.3047054116403601,0.4062738821871468,0.3554896469137534,0.0,0.0,0.0,0.0,31.0,0.0,0.0,1.0335328239096884,14.0,0.0,0.0,1.7170590609328755,0.0,/media/mengh/SharedData/zhanh/auto_structbeat/caches/pilot/mscnn_final_last_gtzan/gtzan__gtzan_blues_00093__track.npy.npz
mscnn_gtzan,width_only,gtzan/gtzan_blues_00094/track.npy,gtzan,0.9767441860465116,0.8406120962048842,0.8406120962048842,0.8406120962048842,1.0,1.0,1.0,1.0,0.9090909090909091,0.8001330129502956,0.8001330129502956,0.8001330129502956,1.0,1.0,1.0,1.0,52.0,0.0,0.0,0.06795719784222155,13.0,0.0,0.0,0.02554070376716827,0.0,/media/mengh/SharedData/zhanh/auto_structbeat/caches/pilot/mscnn_final_last_gtzan/gtzan__gtzan_blues_00094__track.npy.npz
mscnn_gtzan,width_only,gtzan/gtzan_blues_00095/track.npy,gtzan,0.5081967213114754,0.43644964598113106,0.5177256857014426,0.4770876658412868,0.16923076923076924,0.24615384615384617,0.16923076923076924,0.26153846153846155,0.30303030303030304,0.25738641447066996,0.25738641447066996,0.25738641447066996,0.21052631578947367,0.47368421052631576,0.21052631578947367,0.47368421052631576,75.0,0.05405405405405406,0.17567567567567569,1.144732373888376,24.0,0.0,0.0,0.9787651700630606,0.0,/media/mengh/SharedData/zhanh/auto_structbeat/caches/pilot/mscnn_final_last_gtzan/gtzan__gtzan_blues_00095__track.npy.npz
mscnn_gtzan,width_only,gtzan/gtzan_blues_00096/track.npy,gtzan,0.5245901639344263,0.4626983095857187,0.5876086299747272,0.5251534697802229,0.08333333333333333,0.1111111111111111,0.22448979591836735,0.40816326530612246,0.4210526315789474,0.3550907472411364,0.39063379174081375,0.37286226949097506,0.0,0.0,0.15384615384615385,0.15384615384615385,42.0,0.0,0.0,0.5854849295182941,15.0,0.0,0.0,1.6133746872988761,0.0,/media/mengh/SharedData/zhanh/auto_structbeat/caches/pilot/mscnn_final_last_gtzan/gtzan__gtzan_blues_00096__track.npy.npz
mscnn_gtzan,width_only,gtzan/gtzan_blues_00097/track.npy,gtzan,0.8508287292817679,0.7595061989994789,0.7595061989994789,0.7595061989994789,0.18181818181818182,0.43434343434343436,0.18181818181818182,0.43434343434343436,0.4074074074074074,0.36347620699013566,0.36347620699013566,0.36347620699013566,0.10344827586206896,0.13793103448275862,0.10344827586206896,0.13793103448275862,100.0,0.020202020202020204,0.1111111111111111,0.7108146359083981,39.0,0.0,0.0,1.1313449122726613,0.0,/media/mengh/SharedData/zhanh/auto_structbeat/caches/pilot/mscnn_final_last_gtzan/gtzan__gtzan_blues_00097__track.npy.npz
mscnn_gtzan,width_only,gtzan/gtzan_blues_00098/track.npy,gtzan,1.0,0.9704196110454644,0.9704196110454644,0.9704196110454644,1.0,1.0,1.0,1.0,1.0,0.977692761851756,0.977692761851756,0.977692761851756,1.0,1.0,1.0,1.0,63.0,0.0,0.0,0.04255961441879885,16.0,0.0,0.0,0.024796760388695435,0.0,/media/mengh/SharedData/zhanh/auto_structbeat/caches/pilot/mscnn_final_last_gtzan/gtzan__gtzan_blues_00098__track.npy.npz
mscnn_gtzan,width_only,gtzan/gtzan_blues_00099/track.npy,gtzan,1.0,0.8672464213930977,0.8672464213930977,0.8672464213930977,1.0,1.0,1.0,1.0,1.0,0.8951040192000398,0.8951040192000398,0.8951040192000398,1.0,1.0,1.0,1.0,46.0,0.0,0.0,0.06252035698133299,15.0,0.0,0.0,0.040990380125771095,0.0,/media/mengh/SharedData/zhanh/auto_structbeat/caches/pilot/mscnn_final_last_gtzan/gtzan__gtzan_blues_00099__track.npy.npz
mscnn_gtzan,width_only,gtzan/gtzan_classical_00000/track.npy,gtzan,1.0,0.8986782815025615,0.8986782815025615,0.8986782815025615,1.0,1.0,1.0,1.0,0.6666666666666666,0.6112907158806775,0.9110929943758768,0.7611918551282771,0.0,0.0,0.95,0.95,47.0,0.0,0.0,0.06453852113757479,24.0,0.0,0.0,0.06103383027341719,0.0,/media/mengh/SharedData/zhanh/auto_structbeat/caches/pilot/mscnn_final_last_gtzan/gtzan__gtzan_classical_00000__track.npy.npz
mscnn_gtzan,width_only,gtzan/gtzan_classical_00001/track.npy,gtzan,0.7804878048780487,0.5806301800397803,0.5806301800397803,0.5806301800397803,0.48936170212765956,0.5106382978723404,0.48936170212765956,0.5106382978723404,0.375,0.2932401608255618,0.2932401608255618,0.2932401608255618,0.0625,0.0625,0.125,0.1875,45.0,0.0,0.0,0.4035645676976974,18.0,0.0,0.0,1.6756844696283022,0.0,/media/mengh/SharedData/zhanh/auto_structbeat/caches/pilot/mscnn_final_last_gtzan/gtzan__gtzan_classical_00001__track.npy.npz
mscnn_gtzan,width_only,gtzan/gtzan_classical_00002/track.npy,gtzan,0.7121212121212123,0.5505495607597466,0.6224209529285148,0.5864852568441308,0.024096385542168676,0.12048192771084337,0.40816326530612246,0.6326530612244898,0.2857142857142857,0.23409063629727736,0.3467148754008068,0.29040275584904207,0.0,0.0,0.07142857142857142,0.07142857142857142,58.0,0.0,0.0,0.9026039124836448,17.0,0.0,0.0,0.39559265111622655,0.0,/media/mengh/SharedData/zhanh/auto_structbeat/caches/pilot/mscnn_final_last_gtzan/gtzan__gtzan_classical_00002__track.npy.npz
mscnn_gtzan,width_only,gtzan/gtzan_classical_00003/track.npy,gtzan,0.7547169811320754,0.6333693061636759,0.6333693061636759,0.6333693061636759,0.7037037037037037,0.9259259259259259,0.7037037037037037,0.9259259259259259,0.8571428571428571,0.7577199144067878,0.7577199144067878,0.7577199144067878,1.0,1.0,1.0,1.0,32.0,0.0,0.0,0.19592477937907996,8.0,0.0,0.0,0.08956817810215928,0.0,/media/mengh/SharedData/zhanh/auto_structbeat/caches/pilot/mscnn_final_last_gtzan/gtzan__gtzan_classical_00003__track.npy.npz
mscnn_gtzan,width_only,gtzan/gtzan_classical_00004/track.npy,gtzan,0.627450980392157,0.49190804818913736,0.7378620722832119,0.6148850602361746,0.0,0.0,1.0,1.0,0.9411764705882353,0.7269331610693074,0.7269331610693074,0.7269331610693074,1.0,1.0,1.0,1.0,41.0,0.0,0.0,0.1062654992098203,21.0,0.0,0.0,0.029855050662375718,0.0,/media/mengh/SharedData/zhanh/auto_structbeat/caches/pilot/mscnn_final_last_gtzan/gtzan__gtzan_classical_00004__track.npy.npz
mscnn_gtzan,width_only,gtzan/gtzan_classical_00005/track.npy,gtzan,0.896551724137931,0.6915138779269173,0.6915138779269173,0.6915138779269173,0.5,0.896551724137931,0.5,0.896551724137931,0.8648648648648649,0.6397707960197995,0.6397707960197995,0.6397707960197995,0.9473684210526315,0.9473684210526315,0.9473684210526315,0.9473684210526315,70.0,0.0,0.0,0.09531017980433143,22.0,0.0,0.0,0.07272539349331734,0.0,/media/mengh/SharedData/zhanh/auto_structbeat/caches/pilot/mscnn_final_last_gtzan/gtzan__gtzan_classical_00005__track.npy.npz
mscnn_gtzan,width_only,gtzan/gtzan_classical_00006/track.npy,gtzan,0.6666666666666667,0.5194192894695877,0.5194192894695877,0.5194192894695877,0.375,0.7,0.375,0.7,0.23529411764705882,0.21080859481774547,0.3089618990333179,0.25988524692553167,0.08333333333333333,0.08333333333333333,0.08333333333333333,0.08333333333333333,46.0,0.0,0.0,0.08961215868968973,29.0,0.0,0.0,1.2097643050536337,0.0,/media/mengh/SharedData/zhanh/auto_structbeat/caches/pilot/mscnn_final_last_gtzan/gtzan__gtzan_classical_00006__track.npy.npz
mscnn_gtzan,width_only,gtzan/gtzan_classical_00007/track.npy,gtzan,0.6236559139784946,0.4361798306091599,0.4361798306091599,0.4361798306091599,0.3333333333333333,0.5833333333333334,0.3333333333333333,0.5833333333333334,0.31111111111111117,0.2043235949696804,0.26794911161290413,0.23613635329129226,0.043478260869565216,0.13043478260869565,0.08695652173913043,0.13043478260869565,54.0,0.0,0.0,0.27700212523037937,28.0,0.0,0.0,1.1600758921359489,0.0,/media/mengh/SharedData/zhanh/auto_structbeat/caches/pilot/mscnn_final_last_gtzan/gtzan__gtzan_classical_00007__track.npy.npz
mscnn_gtzan,width_only,gtzan/gtzan_classical_00008/track.npy,gtzan,0.8080808080808081,0.6108187561060275,0.6108187561060275,0.6108187561060275,0.16071428571428573,0.48214285714285715,0.18604651162790697,0.48214285714285715,0.7741935483870968,0.5606637018332259,0.5606637018332259,0.5606637018332259,0.35294117647058826,0.47058823529411764,0.35294117647058826,0.47058823529411764,58.0,0.03508771929824561,0.07017543859649122,1.4157401200339863,23.0,0.0,0.045454545454545456,1.6314168191528753,0.0,/media/mengh/SharedData/zhanh/auto_structbeat/caches/pilot/mscnn_final_last_gtzan/gtzan__gtzan_classical_00008__track.npy.npz
mscnn_gtzan,width_only,gtzan/gtzan_classical_00009/track.npy,gtzan,0.1702127659574468,0.12542761494964932,0.12542761494964932,0.12542761494964932,0.28,0.56,0.28,0.56,0.0,0.020914179576487925,0.026142724470608752,0.02352845202354834,0.2222222222222222,0.2222222222222222,0.2222222222222222,0.2222222222222222,26.0,0.0,0.0,0.14618671324421123,13.0,0.0,0.0,0.9467297235655752,0.0,/media/mengh/SharedData/zhanh/auto_structbeat/caches/pilot/mscnn_final_last_gtzan/gtzan__gtzan_classical_00009__track.npy.npz
mscnn_gtzan,width_only,gtzan/gtzan_classical_00010/track.npy,gtzan,0.41304347826086957,0.30929096561868463,0.41056681224529556,0.3599288889319901,0.3125,0.3125,0.4791666666666667,0.4791666666666667,0.15384615384615383,0.09540691349305228,0.16671883199503756,0.13106287274404493,0.0,0.0,0.07142857142857142,0.10714285714285714,56.0,0.0,0.0,0.14310084364066955,34.0,0.0,0.0,1.0806186443972785,0.0,/media/mengh/SharedData/zhanh/auto_structbeat/caches/pilot/mscnn_final_last_gtzan/gtzan__gtzan_classical_00010__track.npy.npz
mscnn_gtzan,width_only,gtzan/gtzan_classical_00011/track.npy,gtzan,0.8135593220338982,0.611852039575061,0.611852039575061,0.611852039575061,0.71875,0.8125,0.71875,0.8125,0.25,0.13514682447354084,0.2664371754012085,0.20079199993737468,0.0,0.0,0.0,0.0,33.0,0.0,0.0,0.1621423257146627,10.0,0.0,0.0,0.06287531769818153,0.0,/media/mengh/SharedData/zhanh/auto_structbeat/caches/pilot/mscnn_final_last_gtzan/gtzan__gtzan_classical_00011__track.npy.npz
mscnn_gtzan,width_only,gtzan/gtzan_classical_00012/track.npy,gtzan,0.509090909090909,0.3599358915735135,0.3599358915735135,0.3599358915735135,0.07894736842105263,0.15789473684210525,0.10526315789473684,0.15789473684210525,0.0,1.6490351282049864e-57,0.233294136413796,0.116647068206898,0.0,0.0,0.2,0.4,24.0,0.0,0.0,1.3331718951652562,8.0,0.0,0.0,1.029788105467347,0.0,/media/mengh/SharedData/zhanh/auto_structbeat/caches/pilot/mscnn_final_last_gtzan/gtzan__gtzan_classical_00012__track.npy.npz
mscnn_gtzan,width_only,gtzan/gtzan_classical_00013/track.npy,gtzan,0.8461538461538461,0.7328967261534013,0.7328967261534013,0.7328967261534013,0.5,0.8653846153846154,0.5,0.8653846153846154,0.4444444444444444,0.36706448868444375,0.36706448868444375,0.36706448868444375,0.05555555555555555,0.16666666666666666,0.05555555555555555,0.16666666666666666,63.0,0.0,0.0,0.08338160893905311,23.0,0.0,0.0,1.6010696627635832,0.0,/media/mengh/SharedData/zhanh/auto_structbeat/caches/pilot/mscnn_final_last_gtzan/gtzan__gtzan_classical_00013__track.npy.npz
mscnn_gtzan,width_only,gtzan/gtzan_classical_00014/track.npy,gtzan,0.74,0.5388156495849472,0.5611322070824464,0.5499739283336968,0.21311475409836064,0.3114754098360656,0.358974358974359,0.46153846153846156,0.7142857142857142,0.5532621711688898,0.5532621711688898,0.5532621711688898,0.3333333333333333,0.4,0.3333333333333333,0.4,63.0,0.04838709677419355,0.1935483870967742,0.9162907318741549,18.0,0.0,0.0,0.8954960636623907,0.0,/media/mengh/SharedData/zhanh/auto_structbeat/caches/pilot/mscnn_final_last_gtzan/gtzan__gtzan_classical_00014__track.npy.npz
mscnn_gtzan,width_only,gtzan/gtzan_classical_00015/track.npy,gtzan,0.49180327868852464,0.36563915986366025,0.36563915986366025,0.36563915986366025,0.15151515151515152,0.36363636363636365,0.15151515151515152,0.36363636363636365,0.5,0.4083826174925441,0.41228768344578764,0.4103351504691659,0.36363636363636365,0.36363636363636365,0.36363636363636365,0.36363636363636365,29.0,0.10714285714285714,0.21428571428571427,1.8768017802077828,12.0,0.0,0.0,1.2186776336316432,0.0,/media/mengh/SharedData/zhanh/auto_structbeat/caches/pilot/mscnn_final_last_gtzan/gtzan__gtzan_classical_00015__track.npy.npz
mscnn_gtzan,width_only,gtzan/gtzan_classical_00016/track.npy,gtzan,0.9047619047619048,0.6791069389014168,0.6791069389014168,0.6791069389014168,0.9761904761904762,0.9761904761904762,0.9761904761904762,0.9761904761904762,0.36363636363636365,0.2533798625336145,0.3215975178311261,0.28748869018237033,0.0,0.0,0.0,0.0,50.0,0.0,0.0,0.08338463915969695,23.0,0.0,0.0,0.03333642026759401,0.0,/media/mengh/SharedData/zhanh/auto_structbeat/caches/pilot/mscnn_final_last_gtzan/gtzan__gtzan_classical_00016__track.npy.npz
mscnn_gtzan,width_only,gtzan/gtzan_classical_00017/track.npy,gtzan,0.6486486486486486,0.4636587299323834,0.4636587299323834,0.4636587299323834,0.14666666666666667,0.29333333333333333,0.14666666666666667,0.29333333333333333,0.4761904761904762,0.3595852040651873,0.37657732639233277,0.36808126522876006,0.16666666666666666,0.3333333333333333,0.17142857142857143,0.3333333333333333,85.0,0.09523809523809523,0.23809523809523808,1.314856552833622,29.0,0.0,0.0,0.6838126166892848,0.0,/media/mengh/SharedData/zhanh/auto_structbeat/caches/pilot/mscnn_final_last_gtzan/gtzan__gtzan_classical_00017__track.npy.npz
mscnn_gtzan,width_only,gtzan/gtzan_classical_00018/track.npy,gtzan,0.32,0.25259959544391275,0.3714699932998717,0.3120347943718922,0.0,0.0,1.0,1.0,0.5,0.42548452401992365,0.42548452401992365,0.42548452401992365,1.0,1.0,1.0,1.0,18.0,0.0,0.0,0.07228305452296754,9.0,0.0,0.0,0.0643201184421134,0.0,/media/mengh/SharedData/zhanh/auto_structbeat/caches/pilot/mscnn_final_last_gtzan/gtzan__gtzan_classical_00018__track.npy.npz
mscnn_gtzan,width_only,gtzan/gtzan_classical_00019/track.npy,gtzan,0.6268656716417911,0.39149488950288114,0.39149488950288114,0.39149488950288114,0.225,0.275,0.225,0.275,0.07407407407407408,0.07033660794041316,0.08623398338093832,0.07828529566067574,0.058823529411764705,0.058823529411764705,0.10526315789473684,0.10526315789473684,29.0,0.0,0.0,0.8394964032466022,19.0,0.0,0.0,1.1388602950524045,0.0,/media/mengh/SharedData/zhanh/auto_structbeat/caches/pilot/mscnn_final_last_gtzan/gtzan__gtzan_classical_00019__track.npy.npz
mscnn_gtzan,width_only,gtzan/gtzan_classical_00020/track.npy,gtzan,0.75,0.5946122022701126,0.5946122022701126,0.5946122022701126,0.4576271186440678,0.6101694915254238,0.4576271186440678,0.6101694915254238,0.6486486486486486,0.48617844637663354,0.48617844637663354,0.48617844637663354,0.8,0.8,0.8,0.8,64.0,0.0,0.0,0.17334325177890209,20.0,0.0,0.0,0.13276991540956434,0.0,/media/mengh/SharedData/zhanh/auto_structbeat/caches/pilot/mscnn_final_last_gtzan/gtzan__gtzan_classical_00020__track.npy.npz
mscnn_gtzan,width_only,gtzan/gtzan_classical_00021/track.npy,gtzan,0.4370860927152318,0.3773668921604635,0.5965969626401431,0.48698192740030327,0.0,0.0,0.30357142857142855,0.375,0.6808510638297872,0.5935954097136669,0.5935954097136669,0.5935954097136669,0.39285714285714285,0.39285714285714285,0.42105263157894735,0.42105263157894735,51.0,0.0,0.0,0.16529771102643956,25.0,0.0,0.0,0.1077019433918601,0.0,/media/mengh/SharedData/zhanh/auto_structbeat/caches/pilot/mscnn_final_last_gtzan/gtzan__gtzan_classical_00021__track.npy.npz
mscnn_gtzan,width_only,gtzan/gtzan_classical_00022/track.npy,gtzan,0.6306306306306306,0.47000831863126996,0.502058190130536,0.48603325438090295,0.17142857142857143,0.22857142857142856,0.17142857142857143,0.2962962962962963,0.3870967741935483,0.2824802112857282,0.3840909268692759,0.33328556907750206,0.047619047619047616,0.047619047619047616,0.3333333333333333,0.5714285714285714,80.0,0.0759493670886076,0.13924050632911392,1.1786549963416608,25.0,0.0,0.0,0.7274780944483764,0.0,/media/mengh/SharedData/zhanh/auto_structbeat/caches/pilot/mscnn_final_last_gtzan/gtzan__gtzan_classical_00022__track.npy.npz
mscnn_gtzan,width_only,gtzan/gtzan_classical_00023/track.npy,gtzan,0.38235294117647056,0.2851552973226881,0.2851552973226881,0.2851552973226881,0.1282051282051282,0.28205128205128205,0.1282051282051282,0.28205128205128205,0.33333333333333337,0.27011204548650947,0.27011204548650947,0.27011204548650947,0.11764705882352941,0.17647058823529413,0.11764705882352941,0.17647058823529413,36.0,0.0,0.0,0.5078623620066868,21.0,0.0,0.0,1.1320214085358504,0.0,/media/mengh/SharedData/zhanh/auto_structbeat/caches/pilot/mscnn_final_last_gtzan/gtzan__gtzan_classical_00023__track.npy.npz
mscnn_gtzan,width_only,gtzan/gtzan_classical_00024/track.npy,gtzan,0.967741935483871,0.8508748673462077,0.8508748673462077,0.8508748673462077,0.9375,0.9375,0.9375,0.9375,0.9523809523809523,0.8490290867334394,0.8490290867334394,0.8490290867334394,0.9090909090909091,0.9090909090909091,0.9090909090909091,0.9090909090909091,73.0,0.0,0.0,0.10272198710740665,25.0,0.0,0.0,0.03448617607117013,0.0,/media/mengh/SharedData/zhanh/auto_structbeat/caches/pilot/mscnn_final_last_gtzan/gtzan__gtzan_classical_00024__track.npy.npz
mscnn_gtzan,width_only,gtzan/gtzan_classical_00025/track.npy,gtzan,0.8235294117647058,0.6364085387178924,0.6364085387178924,0.6364085387178924,0.4,0.6545454545454545,0.4,0.6545454545454545,0.6486486486486486,0.5079777388389826,0.6285791347627954,0.568278436800889,0.17391304347826086,0.21739130434782608,0.5925925925925926,0.6666666666666666,58.0,0.0,0.0,0.6931471805599453,29.0,0.0,0.0,0.7041253407218182,0.0,/media/mengh/SharedData/zhanh/auto_structbeat/caches/pilot/mscnn_final_last_gtzan/gtzan__gtzan_classical_00025__track.npy.npz
mscnn_gtzan,width_only,gtzan/gtzan_classical_00026/track.npy,gtzan,0.5208333333333334,0.33952960621505063,0.4707656452522138,0.4051476257336322,0.015873015873015872,0.015873015873015872,0.6363636363636364,0.8484848484848485,0.7741935483870969,0.5358618777312444,0.5358618777312444,0.5358618777312444,0.8125,0.8125,0.8125,0.8125,46.0,0.0,0.0,0.21357410029805834,22.0,0.0,0.0,0.8495499632402804,0.0,/media/mengh/SharedData/zhanh/auto_structbeat/caches/pilot/mscnn_final_last_gtzan/gtzan__gtzan_classical_00026__track.npy.npz
mscnn_gtzan,width_only,gtzan/gtzan_classical_00027/track.npy,gtzan,0.0,6.679437719738169e-10,0.4955237339996904,0.24776186733381708,0.0,0.0,0.36666666666666664,0.6666666666666666,0.0,2.4942612800737296e-18,3.659682897861699e-10,1.829841461402156e-10,0.0,0.0,0.06666666666666667,0.06666666666666667,28.0,0.0,0.0,0.2081104688243759,14.0,0.0,0.0,0.17241047846403856,0.0,/media/mengh/SharedData/zhanh/auto_structbeat/caches/pilot/mscnn_final_last_gtzan/gtzan__gtzan_classical_00027__track.npy.npz
mscnn_gtzan,width_only,gtzan/gtzan_classical_00028/track.npy,gtzan,0.6744186046511628,0.552199443965118,0.5955996965350305,0.5738995702500742,0.2692307692307692,0.2692307692307692,0.2692307692307692,0.40298507462686567,0.45161290322580644,0.36295958918650967,0.49567384525405855,0.4293167172202841,0.0,0.0,0.6190476190476191,0.6190476190476191,65.0,0.0,0.0,0.16251892949777602,24.0,0.0,0.0,0.10724553035359691,0.0,/media/mengh/SharedData/zhanh/auto_structbeat/caches/pilot/mscnn_final_last_gtzan/gtzan__gtzan_classical_00028__track.npy.npz
mscnn_gtzan,width_only,gtzan/gtzan_classical_00029/track.npy,gtzan,0.7000000000000002,0.5462738261368723,0.5462738261368723,0.5462738261368723,0.35294117647058826,0.35294117647058826,0.35294117647058826,0.35294117647058826,0.20689655172413796,0.19456684771961624,0.2867289600852803,0.24064790390244828,0.0,0.0,0.047619047619047616,0.047619047619047616,76.0,0.16,0.28,1.2502030749999686,27.0,0.0,0.038461538461538464,1.3742041496565236,0.0,/media/mengh/SharedData/zhanh/auto_structbeat/caches/pilot/mscnn_final_last_gtzan/gtzan__gtzan_classical_00029__track.npy.npz
mscnn_gtzan,width_only,gtzan/gtzan_classical_00030/track.npy,gtzan,0.5227272727272727,0.40549509427444586,0.40549509427444586,0.40549509427444586,0.38,0.56,0.38,0.56,0.2777777777777778,0.2313117422812359,0.3176263034162405,0.2744690228487382,0.0,0.0,0.16666666666666666,0.25,48.0,0.0,0.0,0.07927229103918398,33.0,0.0,0.0,1.0685056967506588,0.0,/media/mengh/SharedData/zhanh/auto_structbeat/caches/pilot/mscnn_final_last_gtzan/gtzan__gtzan_classical_00030__track.npy.npz
mscnn_gtzan,width_only,gtzan/gtzan_classical_00031/track.npy,gtzan,0.7835051546391751,0.63371426951901,0.63371426951901,0.63371426951901,0.6470588235294118,0.6666666666666666,0.6470588235294118,0.6666666666666666,0.11428571428571427,0.09372302097910032,0.09372302097910032,0.09372302097910032,0.0,0.0,0.0,0.0,64.0,0.0,0.0,0.23352418932529634,29.0,0.0,0.0,0.20970307884728712,0.0,/media/mengh/SharedData/zhanh/auto_structbeat/caches/pilot/mscnn_final_last_gtzan/gtzan__gtzan_classical_00031__track.npy.npz
mscnn_gtzan,width_only,gtzan/gtzan_classical_00032/track.npy,gtzan,0.0,0.0010492536675080664,0.004989743272584758,0.003019498470046412,0.08333333333333333,0.08333333333333333,0.08695652173913043,0.13043478260869565,0.0,5.032256562857056e-05,6.177128353392685e-05,5.6046924581248705e-05,0.125,0.125,0.125,0.125,11.0,0.0,0.0,0.29106378588329906,8.0,0.0,0.0,0.9812878908006951,0.0,/media/mengh/SharedData/zhanh/auto_structbeat/caches/pilot/mscnn_final_last_gtzan/gtzan__gtzan_classical_00032__track.npy.npz
mscnn_gtzan,width_only,gtzan/gtzan_classical_00033/track.npy,gtzan,0.30303030303030304,0.218545631796368,0.218545631796368,0.218545631796368,0.022727272727272728,0.022727272727272728,0.045454545454545456,0.04597701149425287,0.08695652173913043,0.04232696148063338,0.09122171813240737,0.06677433980652037,0.0,0.0,0.0,0.0,24.0,0.17391304347826086,0.17391304347826086,2.2052616289788256,14.0,0.15384615384615385,0.15384615384615385,2.7536588235193604,0.0,/media/mengh/SharedData/zhanh/auto_structbeat/caches/pilot/mscnn_final_last_gtzan/gtzan__gtzan_classical_00033__track.npy.npz
mscnn_gtzan,width_only,gtzan/gtzan_classical_00034/track.npy,gtzan,0.14035087719298248,0.1331619551567351,0.169467980664892,0.15131496791081356,0.1,0.1,0.16666666666666666,0.23333333333333334,0.08,0.07703147734744359,0.08753576971298252,0.08228362353021305,0.0,0.0,0.05555555555555555,0.05555555555555555,35.0,0.0,0.0,0.5287056953331544,21.0,0.0,0.0,0.9522808743453762,0.0,/media/mengh/SharedData/zhanh/auto_structbeat/caches/pilot/mscnn_final_last_gtzan/gtzan__gtzan_classical_00034__track.npy.npz
mscnn_gtzan,width_only,gtzan/gtzan_classical_00035/track.npy,gtzan,0.6721311475409837,0.5762910078841262,0.5762910078841262,0.5762910078841262,0.30158730158730157,0.49206349206349204,0.30158730158730157,0.49206349206349204,0.5925925925925926,0.46794089789145527,0.470867625980702,0.46940426193607865,0.15151515151515152,0.24242424242424243,0.15151515151515152,0.24242424242424243,70.0,0.014492753623188406,0.057971014492753624,0.7616315157375368,36.0,0.02857142857142857,0.05714285714285714,1.402595192088985,0.0,/media/mengh/SharedData/zhanh/auto_structbeat/caches/pilot/mscnn_final_last_gtzan/gtzan__gtzan_classical_00035__track.npy.npz
mscnn_gtzan,width_only,gtzan/gtzan_classical_00036/track.npy,gtzan,0.37209302325581395,0.31640947172839795,0.35213922882795096,0.3342743502781744,0.045454545454545456,0.09090909090909091,0.12195121951219512,0.1951219512195122,0.19047619047619047,0.12341242224285251,0.1364032035315738,0.12990781288721315,0.0,0.0,0.0,0.0,25.0,0.0,0.0,1.7287952844277816,18.0,0.0,0.0,1.7889798183511911,0.0,/media/mengh/SharedData/zhanh/auto_structbeat/caches/pilot/mscnn_final_last_gtzan/gtzan__gtzan_classical_00036__track.npy.npz
mscnn_gtzan,width_only,gtzan/gtzan_classical_00037/track.npy,gtzan,0.3218390804597701,0.28458255330367344,0.28458255330367344,0.28458255330367344,0.05555555555555555,0.05555555555555555,0.09090909090909091,0.15151515151515152,0.24242424242424246,0.24217283296133682,0.24217283296133682,0.24217283296133682,0.05,0.05,0.08,0.08,40.0,0.02564102564102564,0.05128205128205128,1.5531373867367908,22.0,0.0,0.0,1.0543453302932653,0.0,/media/mengh/SharedData/zhanh/auto_structbeat/caches/pilot/mscnn_final_last_gtzan/gtzan__gtzan_classical_00037__track.npy.npz
mscnn_gtzan,width_only,gtzan/gtzan_classical_00038/track.npy,gtzan,0.3508771929824561,0.24592812972658668,0.24592812972658668,0.24592812972658668,0.16129032258064516,0.16129032258064516,0.16129032258064516,0.16129032258064516,0.2105263157894737,0.20707611721670133,0.20707611721670133,0.20707611721670133,0.0,0.0,0.2,0.2,32.0,0.0,0.0,1.04784398975314,14.0,0.0,0.0,1.1974188398627208,0.0,/media/mengh/SharedData/zhanh/auto_structbeat/caches/pilot/mscnn_final_last_gtzan/gtzan__gtzan_classical_00038__track.npy.npz
mscnn_gtzan,width_only,gtzan/gtzan_classical_00039/track.npy,gtzan,0.16666666666666666,0.14652659998196332,0.17032171774766544,0.15842415886481437,0.0,0.0,0.07142857142857142,0.07142857142857142,0.0,1.0993904921433185e-97,0.19873837108292086,0.09936918554146043,0.0,0.0,0.25,0.25,16.0,0.06666666666666667,0.06666666666666667,1.6916636043564925,9.0,0.0,0.0,1.0760007755840177,0.0,/media/mengh/SharedData/zhanh/auto_structbeat/caches/pilot/mscnn_final_last_gtzan/gtzan__gtzan_classical_00039__track.npy.npz
mscnn_gtzan,width_only,gtzan/gtzan_classical_00040/track.npy,gtzan,0.2033898305084746,0.18746935474352158,0.18746935474352158,0.18746935474352158,0.07692307692307693,0.07692307692307693,0.1,0.1,0.0,4.0474837122918916e-05,0.022943094659315554,0.011491784748219236,0.1111111111111111,0.1111111111111111,0.3333333333333333,0.3333333333333333,22.0,0.0,0.0,1.8106954316641424,7.0,0.0,0.0,0.9327580586189633,0.0,/media/mengh/SharedData/zhanh/auto_structbeat/caches/pilot/mscnn_final_last_gtzan/gtzan__gtzan_classical_00040__track.npy.npz
mscnn_gtzan,width_only,gtzan/gtzan_classical_00041/track.npy,gtzan,0.17391304347826086,0.14266591121467237,0.18754735035573836,0.16510663078520538,0.0,0.0,0.08695652173913043,0.08695652173913043,0.11764705882352941,0.10250141624283259,0.12446600543767575,0.11348371084025416,0.08333333333333333,0.08333333333333333,0.08333333333333333,0.08333333333333333,26.0,0.04,0.12,1.1608772443560695,14.0,0.0,0.0,1.2492190166955524,0.0,/media/mengh/SharedData/zhanh/auto_structbeat/caches/pilot/mscnn_final_last_gtzan/gtzan__gtzan_classical_00041__track.npy.npz
mscnn_gtzan,width_only,gtzan/gtzan_classical_00042/track.npy,gtzan,0.7021276595744681,0.5088687303932031,0.5248938581525459,0.5168812942728744,0.1509433962264151,0.41509433962264153,0.1509433962264151,0.41509433962264153,0.7741935483870968,0.6136732807524309,0.6136732807524309,0.6136732807524309,0.35294117647058826,0.5882352941176471,0.35294117647058826,0.5882352941176471,73.0,0.05555555555555555,0.05555555555555555,1.0986122886681096,24.0,0.043478260869565216,0.043478260869565216,2.0731959389060215,0.0,/media/mengh/SharedData/zhanh/auto_structbeat/caches/pilot/mscnn_final_last_gtzan/gtzan__gtzan_classical_00042__track.npy.npz
mscnn_gtzan,width_only,gtzan/gtzan_classical_00043/track.npy,gtzan,0.5063291139240506,0.4385435198441933,0.4385435198441933,0.4385435198441933,0.0784313725490196,0.0784313725490196,0.35714285714285715,0.5,0.5833333333333334,0.47284062835933577,0.47284062835933577,0.47284062835933577,0.23076923076923078,0.38461538461538464,0.23076923076923078,0.38461538461538464,33.0,0.0,0.0,0.5023402344169515,16.0,0.0,0.0,1.0786815599846749,0.0,/media/mengh/SharedData/zhanh/auto_structbeat/caches/pilot/mscnn_final_last_gtzan/gtzan__gtzan_classical_00043__track.npy.npz
mscnn_gtzan,width_only,gtzan/gtzan_classical_00044/track.npy,gtzan,0.23529411764705885,0.21744375915133643,0.26744412533445616,0.24244394224289628,0.0,0.0,0.11764705882352941,0.11764705882352941,0.35294117647058826,0.3372572559983229,0.3594055018655072,0.348331378931915,0.1111111111111111,0.1111111111111111,0.25,0.25,22.0,0.0,0.0,1.5005804844342827,11.0,0.0,0.0,1.0087180089270946,0.0,/media/mengh/SharedData/zhanh/auto_structbeat/caches/pilot/mscnn_final_last_gtzan/gtzan__gtzan_classical_00044__track.npy.npz
mscnn_gtzan,width_only,gtzan/gtzan_classical_00045/track.npy,gtzan,0.8607594936708861,0.6999153593654499,0.6999153593654499,0.6999153593654499,0.975,0.975,0.975,0.975,0.3636363636363636,0.2827268604274122,0.41087430270900616,0.34680058156820914,0.0,0.0,0.42105263157894735,0.42105263157894735,47.0,0.0,0.0,0.06413488830632322,13.0,0.0,0.0,0.6921862471649984,0.0,/media/mengh/SharedData/zhanh/auto_structbeat/caches/pilot/mscnn_final_last_gtzan/gtzan__gtzan_classical_00045__track.npy.npz
mscnn_gtzan,width_only,gtzan/gtzan_classical_00046/track.npy,gtzan,0.2571428571428572,0.1518206608501178,0.188948217198602,0.1703844390243599,0.0,0.0,0.23076923076923078,0.23076923076923078,0.22222222222222224,0.08645924194500869,0.1117474196773102,0.09910333081115943,0.07142857142857142,0.14285714285714285,0.07692307692307693,0.15384615384615385,26.0,0.0,0.0,1.1502192498076793,16.0,0.0,0.0,0.9243047473282362,0.0,/media/mengh/SharedData/zhanh/auto_structbeat/caches/pilot/mscnn_final_last_gtzan/gtzan__gtzan_classical_00046__track.npy.npz
mscnn_gtzan,width_only,gtzan/gtzan_classical_00047/track.npy,gtzan,0.0,0.0009208121558609752,0.07301667476060424,0.0369687434582326,0.0,0.0,0.2222222222222222,0.3333333333333333,0.0,2.202044799114662e-08,3.5232716785834596e-08,2.862658238849061e-08,0.0,0.0,0.5,0.5,10.0,0.0,0.0,1.2157691491054634,5.0,0.0,0.0,0.31139228344678305,0.0,/media/mengh/SharedData/zhanh/auto_structbeat/caches/pilot/mscnn_final_last_gtzan/gtzan__gtzan_classical_00047__track.npy.npz
mscnn_gtzan,width_only,gtzan/gtzan_classical_00048/track.npy,gtzan,0.38554216867469876,0.3131276870981068,0.39333053106647825,0.35322910908229255,0.0851063829787234,0.14893617021276595,0.2112676056338028,0.23943661971830985,0.20689655172413793,0.11608701144030097,0.20766858514690748,0.1618777982936042,0.0,0.0,0.1,0.1,55.0,0.0,0.0,0.2621463038005055,24.0,0.0,0.0,1.0978489150615705,0.0,/media/mengh/SharedData/zhanh/auto_structbeat/caches/pilot/mscnn_final_last_gtzan/gtzan__gtzan_classical_00048__track.npy.npz
mscnn_gtzan,width_only,gtzan/gtzan_classical_00049/track.npy,gtzan,0.4727272727272728,0.29994293672895694,0.29994293672895694,0.29994293672895694,0.22580645161290322,0.3225806451612903,0.22580645161290322,0.3225806451612903,0.2105263157894737,0.1016425417719755,0.16258250960248669,0.13211252568723109,0.0,0.0,0.3333333333333333,0.3333333333333333,35.0,0.029411764705882353,0.029411764705882353,1.7978249719053554,16.0,0.0,0.0,0.6875394948156912,0.0,/media/mengh/SharedData/zhanh/auto_structbeat/caches/pilot/mscnn_final_last_gtzan/gtzan__gtzan_classical_00049__track.npy.npz
mscnn_gtzan,width_only,gtzan/gtzan_classical_00050/track.npy,gtzan,0.39999999999999997,0.31257751238791387,0.36286105812037805,0.33771928525414596,0.2692307692307692,0.2692307692307692,0.2692307692307692,0.2692307692307692,0.16666666666666666,0.07393477678529074,0.11090216517793612,0.09241847098161343,0.0,0.0,0.0,0.0,10.0,0.0,0.0,1.5030863129796825,5.0,0.0,0.0,2.2258579653396655,0.0,/media/mengh/SharedData/zhanh/auto_structbeat/caches/pilot/mscnn_final_last_gtzan/gtzan__gtzan_classical_00050__track.npy.npz
mscnn_gtzan,width_only,gtzan/gtzan_classical_00051/track.npy,gtzan,0.6913580246913581,0.58979403666808,0.58979403666808,0.58979403666808,0.3695652173913043,0.45652173913043476,0.3695652173913043,0.45652173913043476,0.42857142857142855,0.36895705365964293,0.5999259068362365,0.4844414802479397,0.0,0.0,0.5238095238095238,0.5238095238095238,40.0,0.05128205128205128,0.05128205128205128,2.067564685203511,20.0,0.0,0.0,1.3008879714581212,0.0,/media/mengh/SharedData/zhanh/auto_structbeat/caches/pilot/mscnn_final_last_gtzan/gtzan__gtzan_classical_00051__track.npy.npz
mscnn_gtzan,width_only,gtzan/gtzan_classical_00052/track.npy,gtzan,1.0,0.8526007965893563,0.8526007965893563,0.8526007965893563,1.0,1.0,1.0,1.0,0.36363636363636365,0.30843608458206645,0.4285893418336009,0.3685127132078337,0.03125,0.03125,0.13043478260869565,0.13043478260869565,79.0,0.0,0.0,0.054067221270275564,32.0,0.0,0.0,1.1081777471596406,0.0,/media/mengh/SharedData/zhanh/auto_structbeat/caches/pilot/mscnn_final_last_gtzan/gtzan__gtzan_classical_00052__track.npy.npz
mscnn_gtzan,width_only,gtzan/gtzan_classical_00053/track.npy,gtzan,0.9349112426035503,0.6919101501587103,0.6919101501587103,0.6919101501587103,0.18888888888888888,0.7555555555555555,0.18888888888888888,0.7555555555555555,0.9285714285714286,0.6917777491120887,0.6917777491120887,0.6917777491120887,0.8666666666666667,0.8666666666666667,0.8666666666666667,0.8666666666666667,89.0,0.0,0.0,0.22314355131421104,29.0,0.0,0.0,0.17935353984303565,0.0,/media/mengh/SharedData/zhanh/auto_structbeat/caches/pilot/mscnn_final_last_gtzan/gtzan__gtzan_classical_00053__track.npy.npz
mscnn_gtzan,width_only,gtzan/gtzan_classical_00054/track.npy,gtzan,0.8333333333333334,0.633490760264309,0.633490760264309,0.633490760264309,0.8378378378378378,0.8378378378378378,0.8378378378378378,0.8378378378378378,0.823529411764706,0.543430086551468,0.543430086551468,0.543430086551468,0.8888888888888888,0.8888888888888888,0.8888888888888888,0.8888888888888888,38.0,0.02702702702702703,0.02702702702702703,1.1544070262891357,9.0,0.0,0.0,0.9355861130277972,0.0,/media/mengh/SharedData/zhanh/auto_structbeat/caches/pilot/mscnn_final_last_gtzan/gtzan__gtzan_classical_00054__track.npy.npz
mscnn_gtzan,width_only,gtzan/gtzan_classical_00055/track.npy,gtzan,0.5714285714285714,0.3219870878267139,0.3622690085931468,0.34212804820993037,0.09090909090909091,0.18181818181818182,0.23076923076923078,0.38461538461538464,0.6666666666666665,0.33888483622635074,0.34024483118560195,0.33956483370597634,0.09090909090909091,0.18181818181818182,0.2857142857142857,0.42857142857142855,15.0,0.0,0.0,0.654618966574815,8.0,0.0,0.0,0.7406206356024811,0.0,/media/mengh/SharedData/zhanh/auto_structbeat/caches/pilot/mscnn_final_last_gtzan/gtzan__gtzan_classical_00055__track.npy.npz
mscnn_gtzan,width_only,gtzan/gtzan_classical_00056/track.npy,gtzan,0.5142857142857143,0.2932174737894643,0.34144394008089207,0.3173307069351782,0.1956521739130435,0.1956521739130435,0.4583333333333333,0.4583333333333333,0.5217391304347826,0.3987447142770581,0.3987447142770581,0.3987447142770581,0.21428571428571427,0.2857142857142857,0.21428571428571427,0.2857142857142857,24.0,0.0,0.0,0.12452888497763763,9.0,0.0,0.0,1.3896461228567623,0.0,/media/mengh/SharedData/zhanh/auto_structbeat/caches/pilot/mscnn_final_last_gtzan/gtzan__gtzan_classical_00056__track.npy.npz
mscnn_gtzan,width_only,gtzan/gtzan_classical_00057/track.npy,gtzan,0.30303030303030304,0.2595969972538523,0.26185131319162974,0.26072415522274106,0.03636363636363636,0.10909090909090909,0.03636363636363636,0.10909090909090909,0.0975609756097561,0.08669132001263535,0.14779070093339777,0.11724101047301656,0.0,0.0,0.03333333333333333,0.03333333333333333,59.0,0.06896551724137931,0.29310344827586204,1.3011925632063706,34.0,0.0,0.12121212121212122,2.1872495340575138,0.0,/media/mengh/SharedData/zhanh/auto_structbeat/caches/pilot/mscnn_final_last_gtzan/gtzan__gtzan_classical_00057__track.npy.npz
mscnn_gtzan,width_only,gtzan/gtzan_classical_00058/track.npy,gtzan,0.8727272727272727,0.6592426356205839,0.6592426356205839,0.6592426356205839,0.9642857142857143,0.9642857142857143,0.9642857142857143,0.9642857142857143,0.8888888888888888,0.6909876118870106,0.6909876118870106,0.6909876118870106,1.0,1.0,1.0,1.0,33.0,0.0,0.0,0.14712480309943377,11.0,0.0,0.0,0.09387573951515847,0.0,/media/mengh/SharedData/zhanh/auto_structbeat/caches/pilot/mscnn_final_last_gtzan/gtzan__gtzan_classical_00058__track.npy.npz
mscnn_gtzan,width_only,gtzan/gtzan_classical_00059/track.npy,gtzan,0.8392857142857143,0.7613371751033553,0.7613371751033553,0.7613371751033553,0.1746031746031746,0.5396825396825397,0.1746031746031746,0.5396825396825397,0.37499999999999994,0.34959627541913857,0.4670068265083009,0.40830155096371973,0.05263157894736842,0.05263157894736842,0.24,0.28,78.0,0.025974025974025976,0.05194805194805195,0.7826249702291992,27.0,0.0,0.0,0.3903319948286683,0.0,/media/mengh/SharedData/zhanh/auto_structbeat/caches/pilot/mscnn_final_last_gtzan/gtzan__gtzan_classical_00059__track.npy.npz
mscnn_gtzan,width_only,gtzan/gtzan_classical_00060/track.npy,gtzan,0.831858407079646,0.752642229629912,0.752642229629912,0.752642229629912,0.31746031746031744,0.5714285714285714,0.31746031746031744,0.5714285714285714,0.5625000000000001,0.5101843209248113,0.5853235491112774,0.5477539350180443,0.2,0.2,0.43478260869565216,0.43478260869565216,74.0,0.0,0.0410958904109589,0.5923472924958435,26.0,0.0,0.0,0.5431982058268232,0.0,/media/mengh/SharedData/zhanh/auto_structbeat/caches/pilot/mscnn_final_last_gtzan/gtzan__gtzan_classical_00060__track.npy.npz
mscnn_gtzan,width_only,gtzan/gtzan_classical_00061/track.npy,gtzan,0.6666666666666666,0.6012613237373393,0.901891985606009,0.7515766546716742,0.0,0.0,1.0,1.0,1.0,0.8979793598667689,0.8979793598667689,0.8979793598667689,1.0,1.0,1.0,1.0,38.0,0.0,0.0,0.050010420574661374,19.0,0.0,0.0,0.025975486403260594,0.0,/media/mengh/SharedData/zhanh/auto_structbeat/caches/pilot/mscnn_final_last_gtzan/gtzan__gtzan_classical_00061__track.npy.npz
mscnn_gtzan,width_only,gtzan/gtzan_classical_00062/track.npy,gtzan,0.4337349397590362,0.3457883019681991,0.4353596932781109,0.39057399762315503,0.0,0.0,0.2597402597402597,0.2727272727272727,0.6666666666666665,0.5019348618711291,0.5019348618711291,0.5019348618711291,0.6,0.6,0.6,0.6,57.0,0.0,0.0,0.34631698036953845,18.0,0.0,0.0,0.44339419533197877,0.0,/media/mengh/SharedData/zhanh/auto_structbeat/caches/pilot/mscnn_final_last_gtzan/gtzan__gtzan_classical_00062__track.npy.npz
mscnn_gtzan,width_only,gtzan/gtzan_classical_00063/track.npy,gtzan,0.7692307692307693,0.6879070811628598,0.6879070811628598,0.6879070811628598,0.23076923076923078,0.41025641025641024,0.23076923076923078,0.41025641025641024,0.45454545454545453,0.41836058432329326,0.5585867562449996,0.48847367028414646,0.08333333333333333,0.08333333333333333,0.2631578947368421,0.42105263157894735,31.0,0.03333333333333333,0.03333333333333333,1.8296348069967177,14.0,0.0,0.0,1.0176225035607345,0.0,/media/mengh/SharedData/zhanh/auto_structbeat/caches/pilot/mscnn_final_last_gtzan/gtzan__gtzan_classical_00063__track.npy.npz
mscnn_gtzan,width_only,gtzan/gtzan_classical_00064/track.npy,gtzan,0.631578947368421,0.5214087181698728,0.5214087181698728,0.5214087181698728,0.16216216216216217,0.2702702702702703,0.16216216216216217,0.2702702702702703,0.5714285714285714,0.47785623060553656,0.6689987228477512,0.5734274767266438,0.07692307692307693,0.07692307692307693,0.375,0.75,23.0,0.0,0.0,1.003302108863785,10.0,0.0,0.0,0.879777608898947,0.0,/media/mengh/SharedData/zhanh/auto_structbeat/caches/pilot/mscnn_final_last_gtzan/gtzan__gtzan_classical_00064__track.npy.npz
mscnn_gtzan,width_only,gtzan/gtzan_classical_00065/track.npy,gtzan,0.6,0.5311587324245061,0.5311587324245061,0.5311587324245061,0.09090909090909091,0.21818181818181817,0.09090909090909091,0.21818181818181817,0.3888888888888889,0.32867079544383443,0.32867079544383443,0.32867079544383443,0.0,0.0,0.04,0.04,64.0,0.07936507936507936,0.19047619047619047,0.8472978603872039,30.0,0.0,0.0,1.3926062661015026,0.0,/media/mengh/SharedData/zhanh/auto_structbeat/caches/pilot/mscnn_final_last_gtzan/gtzan__gtzan_classical_00065__track.npy.npz
mscnn_gtzan,width_only,gtzan/gtzan_classical_00066/track.npy,gtzan,0.8172043010752689,0.7333862221054772,0.7348410458564517,0.7341136339809644,0.42592592592592593,0.42592592592592593,0.42592592592592593,0.42592592592592593,0.75,0.6424289004631808,0.6505997632379223,0.6465143318505515,0.2222222222222222,0.2777777777777778,0.4074074074074074,0.4074074074074074,43.0,0.0,0.0,0.32378707709389754,20.0,0.0,0.0,0.6639209445377018,0.0,/media/mengh/SharedData/zhanh/auto_structbeat/caches/pilot/mscnn_final_last_gtzan/gtzan__gtzan_classical_00066__track.npy.npz
mscnn_gtzan,width_only,gtzan/gtzan_classical_00067/track.npy,gtzan,0.7999999999999998,0.6871194371137291,0.6871194371137291,0.6871194371137291,0.35555555555555557,0.5777777777777777,0.35555555555555557,0.5777777777777777,0.6086956521739131,0.584851496111482,0.6101469935300775,0.5974992448207798,0.0,0.0,0.38095238095238093,0.38095238095238093,47.0,0.021739130434782608,0.021739130434782608,1.4837383452145805,14.0,0.0,0.0,1.0996256487203266,0.0,/media/mengh/SharedData/zhanh/auto_structbeat/caches/pilot/mscnn_final_last_gtzan/gtzan__gtzan_classical_00067__track.npy.npz
mscnn_gtzan,width_only,gtzan/gtzan_classical_00068/track.npy,gtzan,0.6538461538461539,0.5717374707213961,0.8617492312321368,0.7167433509767664,0.0,0.0,0.9714285714285714,0.9714285714285714,0.7222222222222222,0.6130909080558564,0.6130909080558564,0.6130909080558564,0.15789473684210525,0.3684210526315789,0.15789473684210525,0.3684210526315789,44.0,0.0,0.0,0.12446626756181758,25.0,0.0,0.0,1.053949585903086,0.0,/media/mengh/SharedData/zhanh/auto_structbeat/caches/pilot/mscnn_final_last_gtzan/gtzan__gtzan_classical_00068__track.npy.npz
mscnn_gtzan,width_only,gtzan/gtzan_classical_00069/track.npy,gtzan,0.75,0.46597088253760954,0.46597088253760954,0.46597088253760954,1.0,1.0,1.0,1.0,0.4761904761904762,0.26797043396286124,0.3102768675711803,0.28912365076702073,0.0,0.0,0.9285714285714286,0.9285714285714286,33.0,0.0,0.0,0.1311821322337437,17.0,0.0,0.0,0.1206175898657234,0.0,/media/mengh/SharedData/zhanh/auto_structbeat/caches/pilot/mscnn_final_last_gtzan/gtzan__gtzan_classical_00069__track.npy.npz
mscnn_gtzan,width_only,gtzan/gtzan_classical_00070/track.npy,gtzan,0.7226890756302522,0.5901373780928448,0.5901373780928448,0.5901373780928448,0.07575757575757576,0.4090909090909091,0.07575757575757576,0.4090909090909091,0.7222222222222223,0.6389254211331896,0.6389254211331896,0.6389254211331896,0.5,0.5,0.5,0.5,59.0,0.10344827586206896,0.10344827586206896,1.795468363852962,16.0,0.0,0.0,1.37198406411132,0.0,/media/mengh/SharedData/zhanh/auto_structbeat/caches/pilot/mscnn_final_last_gtzan/gtzan__gtzan_classical_00070__track.npy.npz
mscnn_gtzan,width_only,gtzan/gtzan_classical_00071/track.npy,gtzan,0.6666666666666667,0.5516052247955986,0.6737101265111034,0.612657675653351,0.07920792079207921,0.18811881188118812,0.07920792079207921,0.3391304347826087,0.5172413793103448,0.42744151742607095,0.42744151742607095,0.42744151742607095,0.10526315789473684,0.18421052631578946,0.10526315789473684,0.18421052631578946,114.0,0.11504424778761062,0.4247787610619469,0.8109302162163483,42.0,0.0,0.0975609756097561,1.8310742401806046,0.0,/media/mengh/SharedData/zhanh/auto_structbeat/caches/pilot/mscnn_final_last_gtzan/gtzan__gtzan_classical_00071__track.npy.npz
mscnn_gtzan,width_only,gtzan/gtzan_classical_00072/track.npy,gtzan,0.7640449438202247,0.6533709782351148,0.6533709782351148,0.6533709782351148,0.3541666666666667,0.6458333333333334,0.3541666666666667,0.6458333333333334,0.5517241379310345,0.516911936579422,0.516911936579422,0.516911936579422,0.23529411764705882,0.29411764705882354,0.23529411764705882,0.29411764705882354,52.0,0.0,0.0,0.1968586936537935,20.0,0.0,0.0,1.4718760898900318,0.0,/media/mengh/SharedData/zhanh/auto_structbeat/caches/pilot/mscnn_final_last_gtzan/gtzan__gtzan_classical_00072__track.npy.npz
mscnn_gtzan,width_only,gtzan/gtzan_classical_00073/track.npy,gtzan,0.9615384615384615,0.8500845803117195,0.8500845803117195,0.8500845803117195,0.9259259259259259,0.9259259259259259,0.9259259259259259,0.9259259259259259,0.9714285714285714,0.821022503893594,0.821022503893594,0.821022503893594,0.9444444444444444,0.9444444444444444,0.9444444444444444,0.9444444444444444,61.0,0.0,0.0,0.0870113769896322,21.0,0.0,0.0,0.0450576540476672,0.0,/media/mengh/SharedData/zhanh/auto_structbeat/caches/pilot/mscnn_final_last_gtzan/gtzan__gtzan_classical_00073__track.npy.npz
mscnn_gtzan,width_only,gtzan/gtzan_classical_00074/track.npy,gtzan,0.9850746268656716,0.8716113295806351,0.8716113295806351,0.8716113295806351,0.7611940298507462,0.9850746268656716,0.7611940298507462,0.9850746268656716,0.5909090909090909,0.5277413402363067,0.7690147574453707,0.6483780488408387,0.0,0.0,0.7575757575757576,0.7575757575757576,81.0,0.0,0.0,0.12225662504052236,34.0,0.0,0.0,0.082074313833075,0.0,/media/mengh/SharedData/zhanh/auto_structbeat/caches/pilot/mscnn_final_last_gtzan/gtzan__gtzan_classical_00074__track.npy.npz
mscnn_gtzan,width_only,gtzan/gtzan_classical_00075/track.npy,gtzan,0.46376811594202894,0.3517183186378274,0.527577477956741,0.43964789829728423,0.0,0.0,1.0,1.0,0.5217391304347826,0.32382866087913104,0.32382866087913104,0.32382866087913104,0.25,0.4166666666666667,0.25,0.4166666666666667,27.0,0.0,0.0,0.1936394440652349,13.0,0.0,0.0,0.9376524037263967,0.0,/media/mengh/SharedData/zhanh/auto_structbeat/caches/pilot/mscnn_final_last_gtzan/gtzan__gtzan_classical_00075__track.npy.npz
mscnn_gtzan,width_only,gtzan/gtzan_classical_00076/track.npy,gtzan,0.8805970149253732,0.7219522111739193,0.7219522111739193,0.7219522111739193,0.18055555555555555,0.6527777777777778,0.18055555555555555,0.6527777777777778,0.7346938775510204,0.598187926320376,0.742687647047308,0.670437786683842,0.1935483870967742,0.1935483870967742,0.6857142857142857,0.6857142857142857,69.0,0.0,0.0,0.23638877806422554,34.0,0.0,0.0,0.057158413839949684,0.0,/media/mengh/SharedData/zhanh/auto_structbeat/caches/pilot/mscnn_final_last_gtzan/gtzan__gtzan_classical_00076__track.npy.npz
mscnn_gtzan,width_only,gtzan/gtzan_classical_00077/track.npy,gtzan,0.6216216216216216,0.42546722148654775,0.42546722148654775,0.42546722148654775,0.15384615384615385,0.28205128205128205,0.15384615384615385,0.28205128205128205,0.2105263157894737,0.15244286189755143,0.2489331839266789,0.20068802291211518,0.0,0.0,0.2222222222222222,0.3333333333333333,40.0,0.0,0.0,1.0620591225475342,11.0,0.0,0.0,0.7473531015183605,0.0,/media/mengh/SharedData/zhanh/auto_structbeat/caches/pilot/mscnn_final_last_gtzan/gtzan__gtzan_classical_00077__track.npy.npz
mscnn_gtzan,width_only,gtzan/gtzan_classical_00078/track.npy,gtzan,0.5641025641025641,0.4928434280473462,0.7392651420710193,0.6160542850591828,0.0,0.0,0.8571428571428571,0.8571428571428571,0.923076923076923,0.8454590943813619,0.8454590943813619,0.8454590943813619,0.8571428571428571,0.8571428571428571,0.8571428571428571,0.8571428571428571,15.0,0.0,0.0,0.15587037070678467,8.0,0.0,0.0,0.032145278085901396,0.0,/media/mengh/SharedData/zhanh/auto_structbeat/caches/pilot/mscnn_final_last_gtzan/gtzan__gtzan_classical_00078__track.npy.npz
mscnn_gtzan,width_only,gtzan/gtzan_classical_00079/track.npy,gtzan,0.7529411764705882,0.6837916809784108,0.6837916809784108,0.6837916809784108,0.18181818181818182,0.4318181818181818,0.18181818181818182,0.4318181818181818,0.6060606060606061,0.5454575299181011,0.7330014368123787,0.6392294833652399,0.045454545454545456,0.09090909090909091,0.36363636363636365,0.5909090909090909,52.0,0.0,0.0,0.7061535975675104,27.0,0.0,0.0,0.7111019003819682,0.0,/media/mengh/SharedData/zhanh/auto_structbeat/caches/pilot/mscnn_final_last_gtzan/gtzan__gtzan_classical_00079__track.npy.npz
mscnn_gtzan,width_only,gtzan/gtzan_classical_00080/track.npy,gtzan,0.1904761904761905,0.17886878874131112,0.31302038029729445,0.2459445845193028,0.0,0.0,0.2222222222222222,0.2222222222222222,0.25,0.24620103505452615,0.39392165608724183,0.320061345570884,0.0,0.0,0.0,0.0,4.0,0.0,0.0,2.418186117543115,2.0,0.0,0.0,0.0,0.0,/media/mengh/SharedData/zhanh/auto_structbeat/caches/pilot/mscnn_final_last_gtzan/gtzan__gtzan_classical_00080__track.npy.npz
mscnn_gtzan,width_only,gtzan/gtzan_classical_00081/track.npy,gtzan,0.9217391304347826,0.7473877754459265,0.7473877754459265,0.7473877754459265,0.45,0.8,0.45,0.8,0.4117647058823529,0.3452379601027199,0.3452379601027199,0.3452379601027199,0.045454545454545456,0.09090909090909091,0.045454545454545456,0.09090909090909091,66.0,0.0,0.0,0.5408725324074583,29.0,0.0,0.0,1.3307183111556249,0.0,/media/mengh/SharedData/zhanh/auto_structbeat/caches/pilot/mscnn_final_last_gtzan/gtzan__gtzan_classical_00081__track.npy.npz
mscnn_gtzan,width_only,gtzan/gtzan_classical_00082/track.npy,gtzan,0.7951807228915664,0.6698955086869185,0.6698955086869185,0.6698955086869185,0.6304347826086957,0.6304347826086957,0.6304347826086957,0.6304347826086957,0.0,4.413094489934009e-34,0.09646355780811043,0.048231778904055216,0.0,0.0,0.16666666666666666,0.16666666666666666,46.0,0.0,0.0,0.27369583047703794,23.0,0.0,0.0,0.20875481386210848,0.0,/media/mengh/SharedData/zhanh/auto_structbeat/caches/pilot/mscnn_final_last_gtzan/gtzan__gtzan_classical_00082__track.npy.npz
mscnn_gtzan,width_only,gtzan/gtzan_classical_00083/track.npy,gtzan,0.5818181818181817,0.49825581080484177,0.49825581080484177,0.49825581080484177,0.23529411764705882,0.38235294117647056,0.23529411764705882,0.38235294117647056,0.18181818181818185,0.10367394874616322,0.20781901155137264,0.15574648014876794,0.0,0.0,0.17647058823529413,0.17647058823529413,25.0,0.0,0.0,0.9983318588152098,15.0,0.0,0.0,1.332471278198327,0.0,/media/mengh/SharedData/zhanh/auto_structbeat/caches/pilot/mscnn_final_last_gtzan/gtzan__gtzan_classical_00083__track.npy.npz
mscnn_gtzan,width_only,gtzan/gtzan_classical_00084/track.npy,gtzan,0.5679012345679012,0.44552215499999026,0.44552215499999026,0.44552215499999026,0.37777777777777777,0.4,0.37777777777777777,0.4,0.25806451612903225,0.2124832022228284,0.22648732851993442,0.2194852653713814,0.05,0.05,0.19047619047619047,0.19047619047619047,41.0,0.0,0.0,0.6580558607486763,23.0,0.0,0.0,0.745332933730519,0.0,/media/mengh/SharedData/zhanh/auto_structbeat/caches/pilot/mscnn_final_last_gtzan/gtzan__gtzan_classical_00084__track.npy.npz
mscnn_gtzan,width_only,gtzan/gtzan_classical_00085/track.npy,gtzan,1.0,0.8231212332902015,0.8231212332902015,0.8231212332902015,1.0,1.0,1.0,1.0,0.12121212121212123,0.11580830774361033,0.12992251071414748,0.1228654092288789,0.0,0.0,0.13636363636363635,0.13636363636363635,54.0,0.0,0.0,0.07410797215372403,27.0,0.0,0.0,0.326782378459598,0.0,/media/mengh/SharedData/zhanh/auto_structbeat/caches/pilot/mscnn_final_last_gtzan/gtzan__gtzan_classical_00085__track.npy.npz
mscnn_gtzan,width_only,gtzan/gtzan_classical_00086/track.npy,gtzan,0.8571428571428571,0.7310100606712547,0.7310100606712547,0.7310100606712547,0.4642857142857143,0.5,0.4642857142857143,0.5,0.21052631578947364,0.16291677747566338,0.237526507541398,0.2002216425085307,0.0,0.0,0.0,0.0,65.0,0.0,0.0,0.1421438985390558,33.0,0.0,0.0,0.3726664668652618,0.0,/media/mengh/SharedData/zhanh/auto_structbeat/caches/pilot/mscnn_final_last_gtzan/gtzan__gtzan_classical_00086__track.npy.npz
mscnn_gtzan,width_only,gtzan/gtzan_classical_00087/track.npy,gtzan,0.8000000000000002,0.6460168381941951,0.6460168381941951,0.6460168381941951,0.56,0.92,0.56,0.92,0.37037037037037035,0.30153348277477104,0.30153348277477104,0.30153348277477104,0.0,0.0,0.0,0.0,30.0,0.0,0.0,0.21092300406538092,23.0,0.0,0.0,0.7514160886839207,0.0,/media/mengh/SharedData/zhanh/auto_structbeat/caches/pilot/mscnn_final_last_gtzan/gtzan__gtzan_classical_00087__track.npy.npz
mscnn_gtzan,width_only,gtzan/gtzan_classical_00088/track.npy,gtzan,1.0,0.8578369336422728,0.8578369336422728,0.8578369336422728,1.0,1.0,1.0,1.0,0.6451612903225806,0.5759003168420789,0.7772761758835377,0.6765882463628083,0.0,0.0,0.9047619047619048,0.9047619047619048,52.0,0.0,0.0,0.06899287148694377,24.0,0.0,0.0,0.05051453379827597,0.0,/media/mengh/SharedData/zhanh/auto_structbeat/caches/pilot/mscnn_final_last_gtzan/gtzan__gtzan_classical_00088__track.npy.npz
mscnn_gtzan,width_only,gtzan/gtzan_classical_00089/track.npy,gtzan,0.8450704225352113,0.7361920119773986,0.7361920119773986,0.7361920119773986,0.7317073170731707,0.7317073170731707,0.7317073170731707,0.7317073170731707,0.64,0.5491279200801253,0.7325459097028272,0.6408369148914763,0.0,0.0,0.7894736842105263,0.7894736842105263,38.0,0.0,0.0,0.06302489802039153,19.0,0.0,0.0,0.032899142311910615,0.0,/media/mengh/SharedData/zhanh/auto_structbeat/caches/pilot/mscnn_final_last_gtzan/gtzan__gtzan_classical_00089__track.npy.npz
mscnn_gtzan,width_only,gtzan/gtzan_classical_00090/track.npy,gtzan,0.611111111111111,0.5560618288497522,0.5560618288497522,0.5560618288497522,0.23809523809523808,0.3333333333333333,0.23809523809523808,0.3333333333333333,0.0,2.81466807277907e-32,3.6807196823174245e-32,3.247693877548247e-32,0.0,0.0,0.2,0.2,18.0,0.058823529411764705,0.058823529411764705,2.3817133425452828,12.0,0.09090909090909091,0.09090909090909091,2.825719527629703,0.0,/media/mengh/SharedData/zhanh/auto_structbeat/caches/pilot/mscnn_final_last_gtzan/gtzan__gtzan_classical_00090__track.npy.npz
mscnn_gtzan,width_only,gtzan/gtzan_classical_00091/track.npy,gtzan,0.972972972972973,0.8383704582607298,0.8383704582607298,0.8383704582607298,0.8648648648648649,0.972972972972973,0.8648648648648649,0.972972972972973,0.6896551724137931,0.5812045143072526,0.6994197507912174,0.640312132549235,0.0,0.0,1.0,1.0,44.0,0.0,0.0,0.23452730510476608,22.0,0.0,0.0,0.14693617558435842,0.0,/media/mengh/SharedData/zhanh/auto_structbeat/caches/pilot/mscnn_final_last_gtzan/gtzan__gtzan_classical_00091__track.npy.npz
mscnn_gtzan,width_only,gtzan/gtzan_classical_00092/track.npy,gtzan,0.45161290322580644,0.3334125578071438,0.4568540571090223,0.39513330745808306,0.034482758620689655,0.05172413793103448,0.45714285714285713,0.6857142857142857,0.22222222222222224,0.19198152229003979,0.27137922993089364,0.2316803761104667,0.0,0.0,0.16666666666666666,0.16666666666666666,41.0,0.0,0.0,0.48777283091353096,13.0,0.0,0.0,0.8090479875886076,0.0,/media/mengh/SharedData/zhanh/auto_structbeat/caches/pilot/mscnn_final_last_gtzan/gtzan__gtzan_classical_00092__track.npy.npz
mscnn_gtzan,width_only,gtzan/gtzan_classical_00093/track.npy,gtzan,0.8785046728971961,0.7869470492079037,0.7869470492079037,0.7869470492079037,0.5,0.6551724137931034,0.5,0.6551724137931034,0.6875000000000001,0.6245452862615117,0.69355747935003,0.6590513828057709,0.2222222222222222,0.2222222222222222,0.4444444444444444,0.4444444444444444,60.0,0.0,0.0,0.1893659059283219,20.0,0.0,0.0,0.6149664659178802,0.0,/media/mengh/SharedData/zhanh/auto_structbeat/caches/pilot/mscnn_final_last_gtzan/gtzan__gtzan_classical_00093__track.npy.npz
mscnn_gtzan,width_only,gtzan/gtzan_classical_00094/track.npy,gtzan,0.71875,0.5088875507692292,0.5088875507692292,0.5088875507692292,0.29411764705882354,0.5882352941176471,0.29411764705882354,0.5882352941176471,0.5,0.37450221900985337,0.37450221900985337,0.37450221900985337,0.6363636363636364,0.6363636363636364,0.6363636363636364,0.6363636363636364,34.0,0.0,0.0,0.466455679872814,10.0,0.0,0.0,0.36179201495322816,0.0,/media/mengh/SharedData/zhanh/auto_structbeat/caches/pilot/mscnn_final_last_gtzan/gtzan__gtzan_classical_00094__track.npy.npz
mscnn_gtzan,width_only,gtzan/gtzan_classical_00095/track.npy,gtzan,0.2857142857142857,0.1999083528600335,0.24480647626066607,0.2223574145603498,0.06060606060606061,0.09090909090909091,0.17647058823529413,0.35294117647058826,0.18181818181818182,0.15858771419436482,0.2489320108753573,0.20375986253486106,0.25,0.25,0.25,0.25,20.0,0.0,0.0,1.6162699387774646,4.0,0.0,0.0,1.4569392332520574,0.0,/media/mengh/SharedData/zhanh/auto_structbeat/caches/pilot/mscnn_final_last_gtzan/gtzan__gtzan_classical_00095__track.npy.npz
mscnn_gtzan,width_only,gtzan/gtzan_classical_00096/track.npy,gtzan,0.8113207547169812,0.634825622776928,0.634825622776928,0.634825622776928,0.25,0.6964285714285714,0.25,0.6964285714285714,0.5945945945945946,0.46806958685010863,0.46806958685010863,0.46806958685010863,0.3157894736842105,0.3684210526315789,0.3157894736842105,0.3684210526315789,65.0,0.03125,0.0625,1.0161977637858879,24.0,0.0,0.0,1.338944966285929,0.0,/media/mengh/SharedData/zhanh/auto_structbeat/caches/pilot/mscnn_final_last_gtzan/gtzan__gtzan_classical_00096__track.npy.npz
mscnn_gtzan,width_only,gtzan/gtzan_classical_00097/track.npy,gtzan,0.4186046511627907,0.3149221444158375,0.5229701109605246,0.41894612768818107,0.4186046511627907,0.4186046511627907,0.5348837209302325,0.5348837209302325,0.2222222222222222,0.1614606056944437,0.27108213858695296,0.21627137214069833,0.03125,0.03125,0.11627906976744186,0.2558139534883721,51.0,0.0,0.0,0.26186666399675407,35.0,0.0,0.0,1.0870514662670296,0.0,/media/mengh/SharedData/zhanh/auto_structbeat/caches/pilot/mscnn_final_last_gtzan/gtzan__gtzan_classical_00097__track.npy.npz
mscnn_gtzan,width_only,gtzan/gtzan_classical_00098/track.npy,gtzan,0.9876543209876543,0.8759024527171054,0.8759024527171054,0.8759024527171054,0.975609756097561,0.975609756097561,0.975609756097561,0.975609756097561,0.6451612903225806,0.5730886360470968,0.8556528502441226,0.7143707431456097,0.0,0.0,0.9047619047619048,0.9047619047619048,49.0,0.0,0.0,0.06453852113757563,25.0,0.0,0.0,0.06062462181643484,0.0,/media/mengh/SharedData/zhanh/auto_structbeat/caches/pilot/mscnn_final_last_gtzan/gtzan__gtzan_classical_00098__track.npy.npz
mscnn_gtzan,width_only,gtzan/gtzan_classical_00099/track.npy,gtzan,0.5490196078431373,0.5227924314522986,0.8079519395171887,0.6653721854847436,0.0,0.0,0.47058823529411764,0.7058823529411765,0.6666666666666667,0.630726422628068,0.630726422628068,0.630726422628068,0.0,0.0,0.4666666666666667,0.7333333333333333,20.0,0.0,0.0,1.0921410835415106,17.0,0.0,0.0,1.2754233797433758,0.0,/media/mengh/SharedData/zhanh/auto_structbeat/caches/pilot/mscnn_final_last_gtzan/gtzan__gtzan_classical_00099__track.npy.npz
mscnn_gtzan,width_only,gtzan/gtzan_country_00000/track.npy,gtzan,0.9577464788732395,0.9128120384320618,0.9128120384320618,0.9128120384320618,0.9722222222222222,0.9722222222222222,0.9722222222222222,0.9722222222222222,1.0,0.908972093206544,0.908972093206544,0.908972093206544,1.0,1.0,1.0,1.0,42.0,0.0,0.0,0.05556985115481223,11.0,0.0,0.0,0.01408473988173875,0.0,/media/mengh/SharedData/zhanh/auto_structbeat/caches/pilot/mscnn_final_last_gtzan/gtzan__gtzan_country_00000__track.npy.npz
mscnn_gtzan,width_only,gtzan/gtzan_country_00001/track.npy,gtzan,1.0,0.9707067313485794,0.9707067313485794,0.9707067313485794,1.0,1.0,1.0,1.0,1.0,0.9798116018433117,0.9798116018433117,0.9798116018433117,1.0,1.0,1.0,1.0,65.0,0.0,0.0,0.04255961441880225,16.0,0.0,0.0,0.021506205220964088,0.0,/media/mengh/SharedData/zhanh/auto_structbeat/caches/pilot/mscnn_final_last_gtzan/gtzan__gtzan_country_00001__track.npy.npz
mscnn_gtzan,width_only,gtzan/gtzan_country_00002/track.npy,gtzan,0.9384615384615386,0.8770455948765248,0.8770455948765248,0.8770455948765248,0.37681159420289856,0.782608695652174,0.37681159420289856,0.782608695652174,0.9090909090909091,0.8403346745166971,0.8403346745166971,0.8403346745166971,0.47058823529411764,0.8235294117647058,0.47058823529411764,0.8235294117647058,75.0,0.0,0.0,0.6931471805599476,19.0,0.0,0.0,0.39730990628674745,0.0,/media/mengh/SharedData/zhanh/auto_structbeat/caches/pilot/mscnn_final_last_gtzan/gtzan__gtzan_country_00002__track.npy.npz
mscnn_gtzan,width_only,gtzan/gtzan_country_00003/track.npy,gtzan,0.9850746268656716,0.9520613015719669,0.9520613015719669,0.9520613015719669,0.9705882352941176,0.9705882352941176,0.9705882352941176,0.9705882352941176,1.0,0.9638574892583439,0.9638574892583439,0.9638574892583439,1.0,1.0,1.0,1.0,40.0,0.0,0.0,0.0528572566531489,10.0,0.0,0.0,0.006688988150797659,0.0,/media/mengh/SharedData/zhanh/auto_structbeat/caches/pilot/mscnn_final_last_gtzan/gtzan__gtzan_country_00003__track.npy.npz
mscnn_gtzan,width_only,gtzan/gtzan_country_00004/track.npy,gtzan,0.8032786885245902,0.7530473052109458,0.7530473052109458,0.7530473052109458,0.1095890410958904,0.547945205479452,0.1095890410958904,0.547945205479452,0.5945945945945945,0.538240467365924,0.538240467365924,0.538240467365924,0.08333333333333333,0.375,0.08333333333333333,0.375,88.0,0.3333333333333333,0.3333333333333333,1.871802176901584,26.0,0.36,0.36,3.208825489014698,0.0,/media/mengh/SharedData/zhanh/auto_structbeat/caches/pilot/mscnn_final_last_gtzan/gtzan__gtzan_country_00004__track.npy.npz
mscnn_gtzan,width_only,gtzan/gtzan_country_00005/track.npy,gtzan,1.0,0.9886609251318593,0.9886609251318593,0.9886609251318593,1.0,1.0,1.0,1.0,1.0,0.9856469219781054,0.9856469219781054,0.9856469219781054,1.0,1.0,1.0,1.0,66.0,0.0,0.0,0.04255961441879619,16.0,0.0,0.0,0.021739986636405768,0.0,/media/mengh/SharedData/zhanh/auto_structbeat/caches/pilot/mscnn_final_last_gtzan/gtzan__gtzan_country_00005__track.npy.npz
mscnn_gtzan,width_only,gtzan/gtzan_country_00006/track.npy,gtzan,0.9574468085106385,0.909090237391523,0.909090237391523,0.909090237391523,1.0,1.0,1.0,1.0,1.0,0.9311759940154505,0.9311759940154505,0.9311759940154505,1.0,1.0,1.0,1.0,57.0,0.0,0.0,0.09136480606838851,14.0,0.0,0.0,0.018519047767237763,0.0,/media/mengh/SharedData/zhanh/auto_structbeat/caches/pilot/mscnn_final_last_gtzan/gtzan__gtzan_country_00006__track.npy.npz
mscnn_gtzan,width_only,gtzan/gtzan_country_00007/track.npy,gtzan,0.634920634920635,0.5991759854674313,0.892414181824767,0.7457950836460991,0.0,0.0,0.9761904761904762,0.9761904761904762,0.5882352941176471,0.5924633066829593,0.8119679436816334,0.7022156251822964,0.0,0.0,1.0,1.0,51.0,0.0,0.0,0.03390155167568665,13.0,0.0,0.0,0.021133683149031468,0.0,/media/mengh/SharedData/zhanh/auto_structbeat/caches/pilot/mscnn_final_last_gtzan/gtzan__gtzan_country_00007__track.npy.npz
mscnn_gtzan,width_only,gtzan/gtzan_country_00008/track.npy,gtzan,0.7368421052631579,0.6640099272279286,0.6640099272279286,0.6640099272279286,0.2708333333333333,0.3541666666666667,0.2708333333333333,0.3541666666666667,0.375,0.28082164211438965,0.44367920936195354,0.36225042573817157,0.0,0.0,0.3076923076923077,0.3076923076923077,53.0,0.17307692307692307,0.17307692307692307,1.7704796620186571,10.0,0.0,0.0,0.861526464407791,0.0,/media/mengh/SharedData/zhanh/auto_structbeat/caches/pilot/mscnn_final_last_gtzan/gtzan__gtzan_country_00008__track.npy.npz
mscnn_gtzan,width_only,gtzan/gtzan_country_00009/track.npy,gtzan,1.0,0.9684886616229692,0.9684886616229692,0.9684886616229692,1.0,1.0,1.0,1.0,1.0,0.9817861134253493,0.9817861134253493,0.9817861134253493,1.0,1.0,1.0,1.0,49.0,0.0,0.0,0.06453852113757061,12.0,0.0,0.0,0.11839512041590886,0.0,/media/mengh/SharedData/zhanh/auto_structbeat/caches/pilot/mscnn_final_last_gtzan/gtzan__gtzan_country_00009__track.npy.npz
mscnn_gtzan,width_only,gtzan/gtzan_country_00010/track.npy,gtzan,0.9846153846153847,0.9342748455492557,0.9342748455492557,0.9342748455492557,0.9696969696969697,0.9696969696969697,0.9696969696969697,0.9696969696969697,0.6666666666666666,0.6258370175531522,0.9324643063931,0.7791506619731261,0.0,0.0,0.9375,0.9375,40.0,0.0,0.0,0.05285725665315058,20.0,0.0,0.0,0.026668247082161922,0.0,/media/mengh/SharedData/zhanh/auto_structbeat/caches/pilot/mscnn_final_last_gtzan/gtzan__gtzan_country_00010__track.npy.npz
mscnn_gtzan,width_only,gtzan/gtzan_country_00011/track.npy,gtzan,0.9787234042553191,0.9155069799087173,0.9155069799087173,0.9155069799087173,0.9583333333333334,0.9583333333333334,0.9583333333333334,0.9583333333333334,1.0,0.9225045476055133,0.9225045476055133,0.9225045476055133,1.0,1.0,1.0,1.0,57.0,0.0,0.0,0.07696104113612678,14.0,0.0,0.0,0.03293548903985998,0.0,/media/mengh/SharedData/zhanh/auto_structbeat/caches/pilot/mscnn_final_last_gtzan/gtzan__gtzan_country_00011__track.npy.npz
mscnn_gtzan,width_only,gtzan/gtzan_country_00012/track.npy,gtzan,0.7906976744186046,0.6726893996075339,0.6726893996075339,0.6726893996075339,0.0821917808219178,0.3287671232876712,0.25,0.35714285714285715,0.8484848484848485,0.7376706006969466,0.7376706006969466,0.7376706006969466,0.3888888888888889,0.5555555555555556,0.3888888888888889,0.5555555555555556,66.0,0.046153846153846156,0.046153846153846156,1.2527629684953931,19.0,0.0,0.0,0.6829333490414379,0.0,/media/mengh/SharedData/zhanh/auto_structbeat/caches/pilot/mscnn_final_last_gtzan/gtzan__gtzan_country_00012__track.npy.npz
mscnn_gtzan,width_only,gtzan/gtzan_country_00013/track.npy,gtzan,1.0,0.9623597294361509,0.9623597294361509,0.9623597294361509,1.0,1.0,1.0,1.0,1.0,0.9595667114442845,0.9595667114442845,0.9595667114442845,1.0,1.0,1.0,1.0,64.0,0.0,0.0,0.04255961441880263,16.0,0.0,0.0,0.024796760388695435,0.0,/media/mengh/SharedData/zhanh/auto_structbeat/caches/pilot/mscnn_final_last_gtzan/gtzan__gtzan_country_00013__track.npy.npz
mscnn_gtzan,width_only,gtzan/gtzan_country_00014/track.npy,gtzan,0.9824561403508771,0.8575332465295482,0.8575332465295482,0.8575332465295482,0.7368421052631579,0.9824561403508771,0.7368421052631579,0.9824561403508771,1.0,0.8523058589542857,0.8523058589542857,0.8523058589542857,1.0,1.0,1.0,1.0,69.0,0.0,0.0,0.1466034741918756,17.0,0.0,0.0,0.057356760954612104,0.0,/media/mengh/SharedData/zhanh/auto_structbeat/caches/pilot/mscnn_final_last_gtzan/gtzan__gtzan_country_00014__track.npy.npz
mscnn_gtzan,width_only,gtzan/gtzan_country_00015/track.npy,gtzan,0.9193548387096774,0.7956776822834594,0.7956776822834594,0.7956776822834594,0.7741935483870968,0.9193548387096774,0.7741935483870968,0.9193548387096774,0.9375,0.8374252928700698,0.8374252928700698,0.8374252928700698,1.0,1.0,1.0,1.0,74.0,0.0,0.0,0.12084115768062836,19.0,0.0,0.0,0.047980990257319674,0.0,/media/mengh/SharedData/zhanh/auto_structbeat/caches/pilot/mscnn_final_last_gtzan/gtzan__gtzan_country_00015__track.npy.npz
mscnn_gtzan,width_only,gtzan/gtzan_country_00016/track.npy,gtzan,0.6716417910447761,0.6357724633466196,0.9465945562793443,0.791183509812982,0.0,0.0,1.0,1.0,0.4814814814814815,0.43770967086340823,0.7667473875263134,0.6022285291948608,0.03225806451612903,0.03225806451612903,0.2,0.4666666666666667,54.0,0.0,0.0,0.07145896398214416,35.0,0.0,0.0,1.0893919544283495,0.0,/media/mengh/SharedData/zhanh/auto_structbeat/caches/pilot/mscnn_final_last_gtzan/gtzan__gtzan_country_00016__track.npy.npz
mscnn_gtzan,width_only,gtzan/gtzan_country_00017/track.npy,gtzan,0.8904109589041096,0.806215690818542,0.806215690818542,0.806215690818542,0.1232876712328767,0.5342465753424658,0.1232876712328767,0.5342465753424658,0.918918918918919,0.8949991736148177,0.8949991736148177,0.8949991736148177,0.5789473684210527,0.7894736842105263,0.5789473684210527,0.7894736842105263,82.0,0.1111111111111111,0.1111111111111111,1.389325592210732,20.0,0.0,0.0,0.6942460865737566,0.0,/media/mengh/SharedData/zhanh/auto_structbeat/caches/pilot/mscnn_final_last_gtzan/gtzan__gtzan_country_00017__track.npy.npz
mscnn_gtzan,width_only,gtzan/gtzan_country_00018/track.npy,gtzan,0.835820895522388,0.7639620029260052,0.7639620029260052,0.7639620029260052,0.25,0.4444444444444444,0.25,0.4444444444444444,0.7333333333333334,0.6951456176431173,0.6951456176431173,0.6951456176431173,0.3157894736842105,0.3684210526315789,0.3157894736842105,0.3684210526315789,69.0,0.07352941176470588,0.07352941176470588,1.2258793208884602,12.0,0.0,0.0,0.9188035975592066,0.0,/media/mengh/SharedData/zhanh/auto_structbeat/caches/pilot/mscnn_final_last_gtzan/gtzan__gtzan_country_00018__track.npy.npz
mscnn_gtzan,width_only,gtzan/gtzan_country_00019/track.npy,gtzan,1.0,0.9352431355677591,0.9352431355677591,0.9352431355677591,1.0,1.0,1.0,1.0,1.0,0.9667187311436783,0.9667187311436783,0.9667187311436783,1.0,1.0,1.0,1.0,43.0,0.0,0.0,0.08455738802806378,10.0,0.0,0.0,0.028573372444056146,0.0,/media/mengh/SharedData/zhanh/auto_structbeat/caches/pilot/mscnn_final_last_gtzan/gtzan__gtzan_country_00019__track.npy.npz
mscnn_gtzan,width_only,gtzan/gtzan_country_00020/track.npy,gtzan,1.0,0.9289708062631316,0.9289708062631316,0.9289708062631316,1.0,1.0,1.0,1.0,1.0,0.9449247739796957,0.9449247739796957,0.9449247739796957,1.0,1.0,1.0,1.0,52.0,0.0,0.0,0.06899287148695178,13.0,0.0,0.0,0.021423464730856934,0.0,/media/mengh/SharedData/zhanh/auto_structbeat/caches/pilot/mscnn_final_last_gtzan/gtzan__gtzan_country_00020__track.npy.npz
mscnn_gtzan,width_only,gtzan/gtzan_country_00021/track.npy,gtzan,0.8395061728395061,0.7305527841135516,0.7305527841135516,0.7305527841135516,0.6363636363636364,0.6363636363636364,0.6363636363636364,0.6363636363636364,0.7000000000000001,0.5523864712286427,0.5523864712286427,0.5523864712286427,0.6363636363636364,0.6363636363636364,0.6363636363636364,0.6363636363636364,46.0,0.0,0.0,0.07145896398214478,11.0,0.0,0.0,0.3553137580159894,0.0,/media/mengh/SharedData/zhanh/auto_structbeat/caches/pilot/mscnn_final_last_gtzan/gtzan__gtzan_country_00021__track.npy.npz
mscnn_gtzan,width_only,gtzan/gtzan_country_00022/track.npy,gtzan,0.7692307692307693,0.6364330770388272,0.6364330770388272,0.6364330770388272,0.15384615384615385,0.358974358974359,0.15384615384615385,0.358974358974359,0.5333333333333333,0.4261501363669598,0.6505296379271281,0.538339887147044,0.125,0.25,0.375,0.375,45.0,0.0,0.0,0.720841673360023,9.0,0.0,0.0,0.7105103407519457,0.0,/media/mengh/SharedData/zhanh/auto_structbeat/caches/pilot/mscnn_final_last_gtzan/gtzan__gtzan_country_00022__track.npy.npz
mscnn_gtzan,width_only,gtzan/gtzan_country_00023/track.npy,gtzan,1.0,0.8205890803843489,0.8205890803843489,0.8205890803843489,1.0,1.0,1.0,1.0,1.0,0.7426607261840226,0.7426607261840226,0.7426607261840226,1.0,1.0,1.0,1.0,41.0,0.0,0.0,0.05556985115481089,10.0,0.0,0.0,0.022851312194956667,0.0,/media/mengh/SharedData/zhanh/auto_structbeat/caches/pilot/mscnn_final_last_gtzan/gtzan__gtzan_country_00023__track.npy.npz
mscnn_gtzan,width_only,gtzan/gtzan_country_00024/track.npy,gtzan,0.7727272727272727,0.7232636725916153,0.7965040601236739,0.7598838663576446,0.22641509433962265,0.2830188679245283,0.34285714285714286,0.5428571428571428,0.8666666666666666,0.7978942030492977,0.7978942030492977,0.7978942030492977,0.5294117647058824,0.5294117647058824,0.5294117647058824,0.5294117647058824,40.0,0.0,0.0,0.7146533857809084,19.0,0.0,0.0,0.6677482219082814,0.0,/media/mengh/SharedData/zhanh/auto_structbeat/caches/pilot/mscnn_final_last_gtzan/gtzan__gtzan_country_00024__track.npy.npz
mscnn_gtzan,width_only,gtzan/gtzan_country_00025/track.npy,gtzan,0.9333333333333333,0.8490695830003432,0.8490695830003432,0.8490695830003432,0.8333333333333334,0.9666666666666667,0.8333333333333334,0.9666666666666667,1.0,0.8927353897672726,0.8927353897672726,0.8927353897672726,1.0,1.0,1.0,1.0,36.0,0.0,0.0,0.0476280489892552,9.0,0.0,0.0,0.05312292871164929,0.0,/media/mengh/SharedData/zhanh/auto_structbeat/caches/pilot/mscnn_final_last_gtzan/gtzan__gtzan_country_00025__track.npy.npz
mscnn_gtzan,width_only,gtzan/gtzan_country_00026/track.npy,gtzan,0.9411764705882353,0.8092710390299439,0.8092710390299439,0.8092710390299439,0.5777777777777777,0.7777777777777778,0.5777777777777777,0.7777777777777778,0.8333333333333334,0.6995929412371815,0.6995929412371815,0.6995929412371815,0.5833333333333334,0.5833333333333334,0.5833333333333334,0.5833333333333334,49.0,0.0,0.0,0.5242790893574338,16.0,0.0,0.0,0.2599358737993859,0.0,/media/mengh/SharedData/zhanh/auto_structbeat/caches/pilot/mscnn_final_last_gtzan/gtzan__gtzan_country_00026__track.npy.npz
mscnn_gtzan,width_only,gtzan/gtzan_country_00027/track.npy,gtzan,1.0,0.890799223344705,0.890799223344705,0.890799223344705,1.0,1.0,1.0,1.0,0.4615384615384615,0.3943987084776666,0.7713962850774974,0.582897496777582,0.0,0.0,0.631578947368421,0.631578947368421,47.0,0.0,0.0,0.06252035698133204,20.0,0.0,0.0,0.14118846239325283,0.0,/media/mengh/SharedData/zhanh/auto_structbeat/caches/pilot/mscnn_final_last_gtzan/gtzan__gtzan_country_00027__track.npy.npz
mscnn_gtzan,width_only,gtzan/gtzan_country_00028/track.npy,gtzan,0.9444444444444444,0.8847795059446757,0.8847795059446757,0.8847795059446757,0.3157894736842105,0.7894736842105263,0.3157894736842105,0.7894736842105263,0.625,0.5924413829906243,0.6835149801124095,0.6379781815515169,0.2,0.2,0.6666666666666666,0.6666666666666666,41.0,0.0,0.0,0.679813603353319,7.0,0.0,0.0,0.5922694961343158,0.0,/media/mengh/SharedData/zhanh/auto_structbeat/caches/pilot/mscnn_final_last_gtzan/gtzan__gtzan_country_00028__track.npy.npz
mscnn_gtzan,width_only,gtzan/gtzan_country_00029/track.npy,gtzan,0.8421052631578947,0.6325775374337125,0.6325775374337125,0.6325775374337125,0.9736842105263158,0.9736842105263158,0.9736842105263158,0.9736842105263158,0.6206896551724138,0.48271344640342956,0.6809769484066743,0.5818451974050519,0.0,0.0,1.0,1.0,46.0,0.0,0.0,0.060624621816434146,23.0,0.0,0.0,0.029852963149680556,0.0,/media/mengh/SharedData/zhanh/auto_structbeat/caches/pilot/mscnn_final_last_gtzan/gtzan__gtzan_country_00029__track.npy.npz
mscnn_gtzan,width_only,gtzan/gtzan_country_00030/track.npy,gtzan,1.0,0.8983117118708746,0.8983117118708746,0.8983117118708746,1.0,1.0,1.0,1.0,1.0,0.8964012995141754,0.8964012995141754,0.8964012995141754,1.0,1.0,1.0,1.0,39.0,0.0,0.0,0.05292843104239345,10.0,0.0,0.0,0.028431067919597413,0.0,/media/mengh/SharedData/zhanh/auto_structbeat/caches/pilot/mscnn_final_last_gtzan/gtzan__gtzan_country_00030__track.npy.npz
mscnn_gtzan,width_only,gtzan/gtzan_country_00031/track.npy,gtzan,0.85,0.8123179375220035,0.8123179375220035,0.8123179375220035,0.45652173913043476,0.45652173913043476,0.45652173913043476,0.45652173913043476,0.5263157894736842,0.5106505557858225,0.5254441595911064,0.5180473576884644,0.36363636363636365,0.36363636363636365,0.36363636363636365,0.36363636363636365,43.0,0.0,0.0,0.07410797215372189,10.0,0.0,0.0,0.41559452124387714,0.0,/media/mengh/SharedData/zhanh/auto_structbeat/caches/pilot/mscnn_final_last_gtzan/gtzan__gtzan_country_00031__track.npy.npz
mscnn_gtzan,width_only,gtzan/gtzan_country_00032/track.npy,gtzan,1.0,0.9008631413742526,0.9008631413742526,0.9008631413742526,1.0,1.0,1.0,1.0,1.0,0.9087349027348405,0.9087349027348405,0.9087349027348405,1.0,1.0,1.0,1.0,49.0,0.0,0.0,0.0645385211375688,17.0,0.0,0.0,0.03219240291199667,0.0,/media/mengh/SharedData/zhanh/auto_structbeat/caches/pilot/mscnn_final_last_gtzan/gtzan__gtzan_country_00032__track.npy.npz
mscnn_gtzan,width_only,gtzan/gtzan_country_00033/track.npy,gtzan,1.0,0.963833558634153,0.963833558634153,0.963833558634153,1.0,1.0,1.0,1.0,0.6896551724137931,0.6514890158239423,0.9500288342736949,0.8007589250488185,0.0,0.0,1.0,1.0,46.0,0.0,0.0,0.05614667734398431,23.0,0.0,0.0,0.030305349495328315,0.0,/media/mengh/SharedData/zhanh/auto_structbeat/caches/pilot/mscnn_final_last_gtzan/gtzan__gtzan_country_00033__track.npy.npz
mscnn_gtzan,width_only,gtzan/gtzan_country_00034/track.npy,gtzan,0.4444444444444444,0.18544374053861576,0.3678285842298813,0.27663616238424854,0.0,0.0,0.22807017543859648,0.8596491228070176,0.4285714285714286,0.17032524632320112,0.2554878694848017,0.2129065579040014,0.0,0.0,1.0,1.0,69.0,0.0,0.0,0.048790164169431806,17.0,0.0,0.0,0.04542197619405355,0.0,/media/mengh/SharedData/zhanh/auto_structbeat/caches/pilot/mscnn_final_last_gtzan/gtzan__gtzan_country_00034__track.npy.npz
mscnn_gtzan,width_only,gtzan/gtzan_country_00035/track.npy,gtzan,0.8023952095808383,0.3063142179411683,0.3063142179411683,0.3063142179411683,0.047619047619047616,0.14285714285714285,0.047619047619047616,0.14285714285714285,0.8571428571428571,0.30495567049298644,0.30495567049298644,0.30495567049298644,1.0,1.0,1.0,1.0,99.0,0.0,0.0,0.08190057571447344,25.0,0.0,0.0,0.016529301951212987,0.0,/media/mengh/SharedData/zhanh/auto_structbeat/caches/pilot/mscnn_final_last_gtzan/gtzan__gtzan_country_00035__track.npy.npz
mscnn_gtzan,width_only,gtzan/gtzan_country_00036/track.npy,gtzan,0.9069767441860465,0.7983100664351899,0.7983100664351899,0.7983100664351899,0.44680851063829785,0.6595744680851063,0.44680851063829785,0.6595744680851063,0.9090909090909091,0.8185229045686679,0.8185229045686679,0.8185229045686679,0.5,0.6666666666666666,0.5,0.6666666666666666,49.0,0.0,0.0,0.11208986730440043,12.0,0.0,0.0,0.6936035555775493,0.0,/media/mengh/SharedData/zhanh/auto_structbeat/caches/pilot/mscnn_final_last_gtzan/gtzan__gtzan_country_00036__track.npy.npz
mscnn_gtzan,width_only,gtzan/gtzan_country_00037/track.npy,gtzan,1.0,0.8678324882290643,0.8678324882290643,0.8678324882290643,1.0,1.0,1.0,1.0,1.0,0.8666426584075156,0.8666426584075156,0.8666426584075156,1.0,1.0,1.0,1.0,49.0,0.0,0.0,0.06453852113757264,16.0,0.0,0.0,0.025483337827267638,0.0,/media/mengh/SharedData/zhanh/auto_structbeat/caches/pilot/mscnn_final_last_gtzan/gtzan__gtzan_country_00037__track.npy.npz
mscnn_gtzan,width_only,gtzan/gtzan_country_00038/track.npy,gtzan,0.9922480620155039,0.9395293673120042,0.9395293673120042,0.9395293673120042,0.9846153846153847,0.9846153846153847,0.9846153846153847,0.9846153846153847,1.0,0.9447888187176707,0.9447888187176707,0.9447888187176707,1.0,1.0,1.0,1.0,78.0,0.0,0.0,0.051293294387558364,20.0,0.0,0.0,0.025692388981827092,0.0,/media/mengh/SharedData/zhanh/auto_structbeat/caches/pilot/mscnn_final_last_gtzan/gtzan__gtzan_country_00038__track.npy.npz
mscnn_gtzan,width_only,gtzan/gtzan_country_00039/track.npy,gtzan,0.6771653543307087,0.5935439302209672,0.5935439302209672,0.5935439302209672,0.2727272727272727,0.2727272727272727,0.2727272727272727,0.2727272727272727,0.6857142857142857,0.6113074607949557,0.6113074607949557,0.6113074607949557,0.6842105263157895,0.6842105263157895,0.6842105263157895,0.6842105263157895,63.0,0.0,0.0,0.430782916092453,18.0,0.0,0.0,0.6931471805599443,0.0,/media/mengh/SharedData/zhanh/auto_structbeat/caches/pilot/mscnn_final_last_gtzan/gtzan__gtzan_country_00039__track.npy.npz
mscnn_gtzan,width_only,gtzan/gtzan_country_00040/track.npy,gtzan,1.0,0.8197332349422015,0.8197332349422015,0.8197332349422015,1.0,1.0,1.0,1.0,0.42857142857142855,0.4119906999020349,0.4929482851466451,0.45246949252434,0.35714285714285715,0.35714285714285715,0.5,0.5,70.0,0.0,0.0,0.07363395250255765,17.0,0.0,0.0,0.41318715420207597,0.0,/media/mengh/SharedData/zhanh/auto_structbeat/caches/pilot/mscnn_final_last_gtzan/gtzan__gtzan_country_00040__track.npy.npz
mscnn_gtzan,width_only,gtzan/gtzan_country_00041/track.npy,gtzan,0.9818181818181818,0.9119400937596626,0.9119400937596626,0.9119400937596626,0.9818181818181818,0.9818181818181818,0.9818181818181818,0.9818181818181818,0.7222222222222223,0.6550191004019474,0.8366194073730887,0.7458192538875181,0.18181818181818182,0.18181818181818182,0.6666666666666666,0.6666666666666666,66.0,0.0,0.0,0.044451762570840825,24.0,0.0,0.0,0.04348511193974167,0.0,/media/mengh/SharedData/zhanh/auto_structbeat/caches/pilot/mscnn_final_last_gtzan/gtzan__gtzan_country_00041__track.npy.npz
mscnn_gtzan,width_only,gtzan/gtzan_country_00042/track.npy,gtzan,0.900523560209424,0.6745891492977177,0.6745891492977177,0.6745891492977177,0.09523809523809523,0.45714285714285713,0.09523809523809523,0.45714285714285713,0.9047619047619048,0.6057494744749674,0.6057494744749674,0.6057494744749674,0.6190476190476191,0.8095238095238095,0.6190476190476191,0.8095238095238095,127.0,0.19047619047619047,0.2777777777777778,1.2527629684953463,25.0,0.0,0.0,0.38351604606537537,0.0,/media/mengh/SharedData/zhanh/auto_structbeat/caches/pilot/mscnn_final_last_gtzan/gtzan__gtzan_country_00042__track.npy.npz
mscnn_gtzan,width_only,gtzan/gtzan_country_00043/track.npy,gtzan,1.0,0.9399919363724649,0.9399919363724649,0.9399919363724649,1.0,1.0,1.0,1.0,0.962962962962963,0.8918526578281714,0.8918526578281714,0.8918526578281714,0.9285714285714286,0.9285714285714286,0.9285714285714286,0.9285714285714286,69.0,0.0,0.0,0.04652001563490016,16.0,0.0,0.0,0.022989518224699496,0.0,/media/mengh/SharedData/zhanh/auto_structbeat/caches/pilot/mscnn_final_last_gtzan/gtzan__gtzan_country_00043__track.npy.npz
mscnn_gtzan,width_only,gtzan/gtzan_country_00044/track.npy,gtzan,0.9846153846153847,0.923420428948221,0.923420428948221,0.923420428948221,0.9696969696969697,0.9696969696969697,0.9696969696969697,0.9696969696969697,1.0,0.9556709910349914,0.9556709910349914,0.9556709910349914,1.0,1.0,1.0,1.0,39.0,0.0,0.0,0.052643733485421784,10.0,0.0,0.0,0.017392627241287026,0.0,/media/mengh/SharedData/zhanh/auto_structbeat/caches/pilot/mscnn_final_last_gtzan/gtzan__gtzan_country_00044__track.npy.npz
mscnn_gtzan,width_only,gtzan/gtzan_country_00045/track.npy,gtzan,0.9696969696969697,0.9488187066309351,0.9488187066309351,0.9488187066309351,0.9696969696969697,0.9696969696969697,0.9696969696969697,0.9696969696969697,0.9411764705882353,0.9308284203217444,0.9308284203217444,0.9308284203217444,0.8888888888888888,0.8888888888888888,0.8888888888888888,0.8888888888888888,40.0,0.0,0.0,0.05264373348542556,9.0,0.0,0.0,0.006514681021193569,0.0,/media/mengh/SharedData/zhanh/auto_structbeat/caches/pilot/mscnn_final_last_gtzan/gtzan__gtzan_country_00045__track.npy.npz
mscnn_gtzan,width_only,gtzan/gtzan_country_00046/track.npy,gtzan,0.9767441860465116,0.9431893981131921,0.9431893981131921,0.9431893981131921,0.9384615384615385,0.9384615384615385,0.9384615384615385,0.9384615384615385,0.6521739130434783,0.6204775948327999,0.8959864090721213,0.7582320019524607,0.0,0.0,0.8787878787878788,0.8787878787878788,71.0,0.0,0.0,0.10536051565783122,30.0,0.0,0.0,0.05264373348541921,0.0,/media/mengh/SharedData/zhanh/auto_structbeat/caches/pilot/mscnn_final_last_gtzan/gtzan__gtzan_country_00046__track.npy.npz
mscnn_gtzan,width_only,gtzan/gtzan_country_00047/track.npy,gtzan,0.9666666666666666,0.9014028096452205,0.9014028096452205,0.9014028096452205,0.4838709677419355,0.8548387096774194,0.4838709677419355,0.8548387096774194,0.9285714285714286,0.8839801760621073,0.8839801760621073,0.8839801760621073,0.4666666666666667,0.8,0.4666666666666667,0.8,70.0,0.0,0.0,0.6760706231006407,15.0,0.0,0.0,0.6956394004601995,0.0,/media/mengh/SharedData/zhanh/auto_structbeat/caches/pilot/mscnn_final_last_gtzan/gtzan__gtzan_country_00047__track.npy.npz
mscnn_gtzan,width_only,gtzan/gtzan_country_00048/track.npy,gtzan,0.9696969696969697,0.6883111012458003,0.6883111012458003,0.6883111012458003,0.98,0.98,0.98,0.98,1.0,0.737820781931778,0.737820781931778,0.737820781931778,1.0,1.0,1.0,1.0,60.0,0.0,0.0,0.08004270767353472,15.0,0.0,0.0,0.02749450675227953,0.0,/media/mengh/SharedData/zhanh/auto_structbeat/caches/pilot/mscnn_final_last_gtzan/gtzan__gtzan_country_00048__track.npy.npz
mscnn_gtzan,width_only,gtzan/gtzan_country_00049/track.npy,gtzan,0.838095238095238,0.7904417490922687,0.7904417490922687,0.7904417490922687,0.21052631578947367,0.8245614035087719,0.21052631578947367,0.8245614035087719,0.48000000000000004,0.4932792469423498,0.4932792469423498,0.4932792469423498,0.6153846153846154,0.6153846153846154,0.6153846153846154,0.6153846153846154,69.0,0.17647058823529413,0.17647058823529413,1.8718021769016118,14.0,0.0,0.0,0.5949659370426832,0.0,/media/mengh/SharedData/zhanh/auto_structbeat/caches/pilot/mscnn_final_last_gtzan/gtzan__gtzan_country_00049__track.npy.npz
mscnn_gtzan,width_only,gtzan/gtzan_country_00050/track.npy,gtzan,1.0,0.9807662080933612,0.9807662080933612,0.9807662080933612,1.0,1.0,1.0,1.0,1.0,0.9776683776545304,0.9776683776545304,0.9776683776545304,1.0,1.0,1.0,1.0,60.0,0.0,0.0,0.039220713153287345,15.0,0.0,0.0,0.013832428784279292,0.0,/media/mengh/SharedData/zhanh/auto_structbeat/caches/pilot/mscnn_final_last_gtzan/gtzan__gtzan_country_00050__track.npy.npz
mscnn_gtzan,width_only,gtzan/gtzan_country_00051/track.npy,gtzan,1.0,0.958048902418087,0.958048902418087,0.958048902418087,1.0,1.0,1.0,1.0,1.0,0.9693965941207965,0.9693965941207965,0.9693965941207965,1.0,1.0,1.0,1.0,33.0,0.0,0.0,0.06744128079553238,9.0,0.0,0.0,0.05396183028206014,0.0,/media/mengh/SharedData/zhanh/auto_structbeat/caches/pilot/mscnn_final_last_gtzan/gtzan__gtzan_country_00051__track.npy.npz
mscnn_gtzan,width_only,gtzan/gtzan_country_00052/track.npy,gtzan,1.0,0.730986255201523,0.730986255201523,0.730986255201523,1.0,1.0,1.0,1.0,1.0,0.9091610617802722,0.9091610617802722,0.9091610617802722,1.0,1.0,1.0,1.0,36.0,0.0,0.0,0.047628048989254844,12.0,0.0,0.0,0.023905520853553908,0.0,/media/mengh/SharedData/zhanh/auto_structbeat/caches/pilot/mscnn_final_last_gtzan/gtzan__gtzan_country_00052__track.npy.npz
mscnn_gtzan,width_only,gtzan/gtzan_country_00053/track.npy,gtzan,1.0,0.9782244148667223,0.9782244148667223,0.9782244148667223,1.0,1.0,1.0,1.0,1.0,0.9820788840624691,0.9820788840624691,0.9820788840624691,1.0,1.0,1.0,1.0,90.0,0.0,0.0,0.060624621816438795,22.0,0.0,0.0,0.015037877364540592,0.0,/media/mengh/SharedData/zhanh/auto_structbeat/caches/pilot/mscnn_final_last_gtzan/gtzan__gtzan_country_00053__track.npy.npz
mscnn_gtzan,width_only,gtzan/gtzan_country_00054/track.npy,gtzan,1.0,0.964332030351154,0.964332030351154,0.964332030351154,1.0,1.0,1.0,1.0,0.6666666666666666,0.6258595131047783,0.9248087396739831,0.7753341263893807,0.0,0.0,0.9375,0.9375,38.0,0.0,0.0,0.0323049383993326,19.0,0.0,0.0,0.01525478221880199,0.0,/media/mengh/SharedData/zhanh/auto_structbeat/caches/pilot/mscnn_final_last_gtzan/gtzan__gtzan_country_00054__track.npy.npz
mscnn_gtzan,width_only,gtzan/gtzan_country_00055/track.npy,gtzan,1.0,0.9777611728611324,0.9777611728611324,0.9777611728611324,1.0,1.0,1.0,1.0,1.0,0.9798847136776591,0.9798847136776591,0.9798847136776591,1.0,1.0,1.0,1.0,66.0,0.0,0.0,0.044451762570840825,17.0,0.0,0.0,0.021978906718778668,0.0,/media/mengh/SharedData/zhanh/auto_structbeat/caches/pilot/mscnn_final_last_gtzan/gtzan__gtzan_country_00055__track.npy.npz
mscnn_gtzan,width_only,gtzan/gtzan_country_00056/track.npy,gtzan,0.9855072463768115,0.8612927866133744,0.8612927866133744,0.8612927866133744,0.9714285714285714,0.9714285714285714,0.9714285714285714,0.9714285714285714,1.0,0.8671483220846009,0.8671483220846009,0.8671483220846009,1.0,1.0,1.0,1.0,41.0,0.0,0.0,0.054067221270276154,14.0,0.0,0.0,0.018257387896443666,0.0,/media/mengh/SharedData/zhanh/auto_structbeat/caches/pilot/mscnn_final_last_gtzan/gtzan__gtzan_country_00056__track.npy.npz
mscnn_gtzan,width_only,gtzan/gtzan_country_00057/track.npy,gtzan,1.0,0.9110106251580495,0.9110106251580495,0.9110106251580495,1.0,1.0,1.0,1.0,0.6666666666666666,0.6077968358570432,0.8731697713190966,0.7404833035880699,0.0,0.0,0.9285714285714286,0.9285714285714286,34.0,0.0,0.0,0.044906537748498516,17.0,0.0,0.0,0.03390155167567945,0.0,/media/mengh/SharedData/zhanh/auto_structbeat/caches/pilot/mscnn_final_last_gtzan/gtzan__gtzan_country_00057__track.npy.npz
mscnn_gtzan,width_only,gtzan/gtzan_country_00058/track.npy,gtzan,0.9894736842105264,0.9144191129244756,0.9144191129244756,0.9144191129244756,0.9791666666666666,0.9791666666666666,0.9791666666666666,0.9791666666666666,1.0,0.9632346373747978,0.9632346373747978,0.9632346373747978,1.0,1.0,1.0,1.0,57.0,0.0,0.0,0.03774032798285287,14.0,0.0,0.0,0.013704127111970991,0.0,/media/mengh/SharedData/zhanh/auto_structbeat/caches/pilot/mscnn_final_last_gtzan/gtzan__gtzan_country_00058__track.npy.npz
mscnn_gtzan,width_only,gtzan/gtzan_country_00059/track.npy,gtzan,1.0,0.977264700400975,0.977264700400975,0.977264700400975,1.0,1.0,1.0,1.0,1.0,0.9960402567347403,0.9960402567347403,0.9960402567347403,1.0,1.0,1.0,1.0,34.0,0.0,0.0,0.022989518224699735,8.0,0.0,0.0,0.005698021114638185,0.0,/media/mengh/SharedData/zhanh/auto_structbeat/caches/pilot/mscnn_final_last_gtzan/gtzan__gtzan_country_00059__track.npy.npz
mscnn_gtzan,width_only,gtzan/gtzan_country_00060/track.npy,gtzan,0.983050847457627,0.9374935956554467,0.9374935956554467,0.9374935956554467,0.9666666666666667,0.9666666666666667,0.9666666666666667,0.9666666666666667,1.0,0.953117245579756,0.953117245579756,0.953117245579756,1.0,1.0,1.0,1.0,36.0,0.0,0.0,0.046520015634893976,12.0,0.0,0.0,0.020075482695909943,0.0,/media/mengh/SharedData/zhanh/auto_structbeat/caches/pilot/mscnn_final_last_gtzan/gtzan__gtzan_country_00060__track.npy.npz
mscnn_gtzan,width_only,gtzan/gtzan_country_00061/track.npy,gtzan,0.8387096774193548,0.784401594545442,0.784401594545442,0.784401594545442,0.25,0.4166666666666667,0.27450980392156865,0.4166666666666667,0.7368421052631579,0.6713929084698295,0.8845321580052804,0.7779625332375549,0.08333333333333333,0.08333333333333333,0.6153846153846154,0.8461538461538461,46.0,0.022222222222222223,0.022222222222222223,0.8271456525075425,15.0,0.0,0.0,0.6972081291455529,0.0,/media/mengh/SharedData/zhanh/auto_structbeat/caches/pilot/mscnn_final_last_gtzan/gtzan__gtzan_country_00061__track.npy.npz
mscnn_gtzan,width_only,gtzan/gtzan_country_00062/track.npy,gtzan,1.0,0.9714364347716373,0.9714364347716373,0.9714364347716373,1.0,1.0,1.0,1.0,0.6666666666666666,0.6549094513764907,0.9644339046108442,0.8096716779936675,0.0,0.0,0.9722222222222222,0.9722222222222222,88.0,0.0,0.0,0.1177830356563847,44.0,0.0,0.0,0.0588405000229346,0.0,/media/mengh/SharedData/zhanh/auto_structbeat/caches/pilot/mscnn_final_last_gtzan/gtzan__gtzan_country_00062__track.npy.npz
mscnn_gtzan,width_only,gtzan/gtzan_country_00063/track.npy,gtzan,0.9859154929577464,0.9629635222315361,0.9629635222315361,0.9629635222315361,0.9722222222222222,0.9722222222222222,0.9722222222222222,0.9722222222222222,0.9411764705882353,0.9322017064301297,0.9322017064301297,0.9322017064301297,0.8888888888888888,0.8888888888888888,0.8888888888888888,0.8888888888888888,42.0,0.0,0.0,0.05556985115481211,10.0,0.0,0.0,0.007017572658646554,0.0,/media/mengh/SharedData/zhanh/auto_structbeat/caches/pilot/mscnn_final_last_gtzan/gtzan__gtzan_country_00063__track.npy.npz
mscnn_gtzan,width_only,gtzan/gtzan_country_00064/track.npy,gtzan,0.9818181818181818,0.9517924287872799,0.9517924287872799,0.9517924287872799,0.9642857142857143,0.9642857142857143,0.9642857142857143,0.9642857142857143,1.0,0.9490693477658702,0.9490693477658702,0.9490693477658702,1.0,1.0,1.0,1.0,34.0,0.0,0.0,0.05412955492026682,8.0,0.0,0.0,0.011034657533837755,0.0,/media/mengh/SharedData/zhanh/auto_structbeat/caches/pilot/mscnn_final_last_gtzan/gtzan__gtzan_country_00064__track.npy.npz
mscnn_gtzan,width_only,gtzan/gtzan_country_00065/track.npy,gtzan,0.7407407407407407,0.6844162293136663,0.7927952798457081,0.7386057545796871,0.16,0.26,0.45161290322580644,0.5806451612903226,0.9285714285714286,0.8409760824576761,0.8409760824576761,0.8409760824576761,0.4,0.7333333333333333,0.4,0.7333333333333333,36.0,0.0,0.0,0.7208374153238115,18.0,0.0,0.0,0.6881003883761312,0.0,/media/mengh/SharedData/zhanh/auto_structbeat/caches/pilot/mscnn_final_last_gtzan/gtzan__gtzan_country_00065__track.npy.npz
mscnn_gtzan,width_only,gtzan/gtzan_country_00066/track.npy,gtzan,0.7092198581560284,0.6519431317555768,0.8926987979004921,0.7723209648280345,0.07692307692307693,0.07692307692307693,0.82,0.82,1.0,0.9215203563286631,0.9215203563286631,0.9215203563286631,1.0,1.0,1.0,1.0,69.0,0.0,0.0,0.07410797215372367,27.0,0.0,0.0,0.018623534143361625,0.0,/media/mengh/SharedData/zhanh/auto_structbeat/caches/pilot/mscnn_final_last_gtzan/gtzan__gtzan_country_00066__track.npy.npz
mscnn_gtzan,width_only,gtzan/gtzan_country_00067/track.npy,gtzan,0.9259259259259259,0.6932611725300538,0.6932611725300538,0.6932611725300538,1.0,1.0,1.0,1.0,0.3333333333333333,0.1356708484554313,0.32318585513034537,0.22942835179288834,0.0,0.0,0.0,0.0,31.0,0.0,0.0,0.06187540371808867,6.0,0.0,0.0,0.026095819893653033,0.0,/media/mengh/SharedData/zhanh/auto_structbeat/caches/pilot/mscnn_final_last_gtzan/gtzan__gtzan_country_00067__track.npy.npz
mscnn_gtzan,width_only,gtzan/gtzan_country_00068/track.npy,gtzan,1.0,0.863450429838761,0.863450429838761,0.863450429838761,1.0,1.0,1.0,1.0,1.0,0.9017007043160592,0.9017007043160592,0.9017007043160592,1.0,1.0,1.0,1.0,42.0,0.0,0.0,0.05715841383994759,10.0,0.0,0.0,0.02790585126504015,0.0,/media/mengh/SharedData/zhanh/auto_structbeat/caches/pilot/mscnn_final_last_gtzan/gtzan__gtzan_country_00068__track.npy.npz
mscnn_gtzan,width_only,gtzan/gtzan_country_00069/track.npy,gtzan,0.9574468085106385,0.8432252256019547,0.8432252256019547,0.8432252256019547,0.8936170212765957,0.9574468085106383,0.8936170212765957,0.9574468085106383,0.9375,0.8868303480644484,0.8868303480644484,0.8868303480644484,1.0,1.0,1.0,1.0,52.0,0.0,0.0,0.07865595773170408,18.0,0.0,0.0,0.2547773724669371,0.0,/media/mengh/SharedData/zhanh/auto_structbeat/caches/pilot/mscnn_final_last_gtzan/gtzan__gtzan_country_00069__track.npy.npz
mscnn_gtzan,width_only,gtzan/gtzan_country_00070/track.npy,gtzan,0.6666666666666666,0.6191900210233746,0.9287850306475174,0.773987525835446,0.0,0.0,1.0,1.0,0.6470588235294118,0.6093881604522667,0.9417817025171396,0.7755849314847032,0.0,0.0,1.0,1.0,56.0,0.0,0.0,0.03774032798284185,14.0,0.0,0.0,0.03516456532061203,0.0,/media/mengh/SharedData/zhanh/auto_structbeat/caches/pilot/mscnn_final_last_gtzan/gtzan__gtzan_country_00070__track.npy.npz
mscnn_gtzan,width_only,gtzan/gtzan_country_00071/track.npy,gtzan,1.0,0.8848408842103459,0.8848408842103459,0.8848408842103459,1.0,1.0,1.0,1.0,1.0,0.8715126568862549,0.8715126568862549,0.8715126568862549,1.0,1.0,1.0,1.0,37.0,0.0,0.0,0.05584931339248961,9.0,0.0,0.0,0.022205484093511613,0.0,/media/mengh/SharedData/zhanh/auto_structbeat/caches/pilot/mscnn_final_last_gtzan/gtzan__gtzan_country_00071__track.npy.npz
mscnn_gtzan,width_only,gtzan/gtzan_country_00072/track.npy,gtzan,1.0,0.948017033177345,0.948017033177345,0.948017033177345,1.0,1.0,1.0,1.0,1.0,0.9154550193217954,0.9154550193217954,0.9154550193217954,1.0,1.0,1.0,1.0,75.0,0.0,0.0,0.05129329438755024,19.0,0.0,0.0,0.025001302205418963,0.0,/media/mengh/SharedData/zhanh/auto_structbeat/caches/pilot/mscnn_final_last_gtzan/gtzan__gtzan_country_00072__track.npy.npz
mscnn_gtzan,width_only,gtzan/gtzan_country_00073/track.npy,gtzan,0.6736842105263158,0.6394786821932459,0.9492261688805993,0.7943524255369225,0.0,0.0,1.0,1.0,1.0,0.9467584533576635,0.9467584533576635,0.9467584533576635,1.0,1.0,1.0,1.0,38.0,0.0,0.0,0.02531780798429213,19.0,0.0,0.0,0.025317807984290674,0.0,/media/mengh/SharedData/zhanh/auto_structbeat/caches/pilot/mscnn_final_last_gtzan/gtzan__gtzan_country_00073__track.npy.npz
mscnn_gtzan,width_only,gtzan/gtzan_country_00074/track.npy,gtzan,1.0,0.830246862960503,0.830246862960503,0.830246862960503,1.0,1.0,1.0,1.0,1.0,0.8773996547980236,0.8773996547980236,0.8773996547980236,1.0,1.0,1.0,1.0,32.0,0.0,0.0,0.08894748601649462,8.0,0.0,0.0,0.03246888299843387,0.0,/media/mengh/SharedData/zhanh/auto_structbeat/caches/pilot/mscnn_final_last_gtzan/gtzan__gtzan_country_00074__track.npy.npz
mscnn_gtzan,width_only,gtzan/gtzan_country_00075/track.npy,gtzan,1.0,0.9574763828145656,0.9574763828145656,0.9574763828145656,1.0,1.0,1.0,1.0,1.0,0.9723652675418666,0.9723652675418666,0.9723652675418666,1.0,1.0,1.0,1.0,48.0,0.0,0.0,0.05508772344174845,12.0,0.0,0.0,0.020511875236931595,0.0,/media/mengh/SharedData/zhanh/auto_structbeat/caches/pilot/mscnn_final_last_gtzan/gtzan__gtzan_country_00075__track.npy.npz
mscnn_gtzan,width_only,gtzan/gtzan_country_00076/track.npy,gtzan,0.888888888888889,0.7539187572392014,0.7539187572392014,0.7539187572392014,0.4,0.6,0.4,0.6,1.0,0.853280443576899,0.853280443576899,0.853280443576899,1.0,1.0,1.0,1.0,54.0,0.0,0.0,0.4247780092938723,18.0,0.0,0.0,0.056034808469427544,0.0,/media/mengh/SharedData/zhanh/auto_structbeat/caches/pilot/mscnn_final_last_gtzan/gtzan__gtzan_country_00076__track.npy.npz
mscnn_gtzan,width_only,gtzan/gtzan_country_00077/track.npy,gtzan,0.8484848484848484,0.7861117149931464,0.7861117149931464,0.7861117149931464,0.47368421052631576,0.47368421052631576,0.47368421052631576,0.47368421052631576,1.0,0.8997405820042917,0.8997405820042917,0.8997405820042917,1.0,1.0,1.0,1.0,72.0,0.0,0.0,0.1901029546163615,23.0,0.0,0.0,0.030771658666752993,0.0,/media/mengh/SharedData/zhanh/auto_structbeat/caches/pilot/mscnn_final_last_gtzan/gtzan__gtzan_country_00077__track.npy.npz
mscnn_gtzan,width_only,gtzan/gtzan_country_00078/track.npy,gtzan,0.8771929824561403,0.637913224364475,0.637913224364475,0.637913224364475,0.8275862068965517,0.8275862068965517,0.8275862068965517,0.8275862068965517,0.6,0.3797379814800925,0.6296330036816411,0.5046854925808668,0.0,0.0,0.9230769230769231,0.9230769230769231,35.0,0.0,0.0,0.12132316791266637,17.0,0.0,0.0,0.1756107024689726,0.0,/media/mengh/SharedData/zhanh/auto_structbeat/caches/pilot/mscnn_final_last_gtzan/gtzan__gtzan_country_00078__track.npy.npz
mscnn_gtzan,width_only,gtzan/gtzan_country_00079/track.npy,gtzan,1.0,0.8899352515976564,0.8899352515976564,0.8899352515976564,1.0,1.0,1.0,1.0,1.0,0.8775270837354728,0.8775270837354728,0.8775270837354728,1.0,1.0,1.0,1.0,42.0,0.0,0.0,0.05690326350892233,14.0,0.0,0.0,0.02670109135467261,0.0,/media/mengh/SharedData/zhanh/auto_structbeat/caches/pilot/mscnn_final_last_gtzan/gtzan__gtzan_country_00079__track.npy.npz
mscnn_gtzan,width_only,gtzan/gtzan_country_00080/track.npy,gtzan,0.6666666666666666,0.6486747873180881,0.9730121809759759,0.810843484147032,0.0,0.0,1.0,1.0,0.6875000000000001,0.6719496805383394,0.9773813535103119,0.8246655170243256,0.0,0.0,1.0,1.0,49.0,0.0,0.0,0.032789822822996084,13.0,0.0,0.0,0.012211915755470704,0.0,/media/mengh/SharedData/zhanh/auto_structbeat/caches/pilot/mscnn_final_last_gtzan/gtzan__gtzan_country_00080__track.npy.npz
mscnn_gtzan,width_only,gtzan/gtzan_country_00081/track.npy,gtzan,0.9932885906040269,0.937641396072475,0.937641396072475,0.937641396072475,0.7466666666666667,0.9733333333333334,0.7466666666666667,0.9733333333333334,1.0,0.9651776822519044,0.9651776822519044,0.9651776822519044,1.0,1.0,1.0,1.0,89.0,0.0,0.0,0.1823215567939509,22.0,0.0,0.0,0.029852963149680556,0.0,/media/mengh/SharedData/zhanh/auto_structbeat/caches/pilot/mscnn_final_last_gtzan/gtzan__gtzan_country_00081__track.npy.npz
mscnn_gtzan,width_only,gtzan/gtzan_country_00082/track.npy,gtzan,0.7320261437908496,0.696787508193752,0.8905199979622055,0.7936537530779788,0.12371134020618557,0.15463917525773196,0.7321428571428571,0.7321428571428571,0.9565217391304348,0.9135719237555567,0.9135719237555567,0.9135719237555567,0.875,0.875,0.875,0.875,70.0,0.0,0.0,0.24116205681688258,26.0,0.0,0.0,0.368165525640664,0.0,/media/mengh/SharedData/zhanh/auto_structbeat/caches/pilot/mscnn_final_last_gtzan/gtzan__gtzan_country_00082__track.npy.npz
mscnn_gtzan,width_only,gtzan/gtzan_country_00083/track.npy,gtzan,1.0,0.962150548189023,0.962150548189023,0.962150548189023,1.0,1.0,1.0,1.0,1.0,0.9634933118085607,0.9634933118085607,0.9634933118085607,1.0,1.0,1.0,1.0,37.0,0.0,0.0,0.04879016416943238,10.0,0.0,0.0,0.010054593637715832,0.0,/media/mengh/SharedData/zhanh/auto_structbeat/caches/pilot/mscnn_final_last_gtzan/gtzan__gtzan_country_00083__track.npy.npz
mscnn_gtzan,width_only,gtzan/gtzan_country_00084/track.npy,gtzan,0.8,0.7639456974949915,0.8120390104904734,0.7879923539927325,0.16666666666666666,0.3333333333333333,0.5,0.5,0.8,0.77440390860133,0.8238175937654008,0.7991107511833654,0.16666666666666666,0.3333333333333333,0.5,0.5,63.0,0.0,0.0,0.25131442828090367,16.0,0.0,0.0,0.683794501216079,0.0,/media/mengh/SharedData/zhanh/auto_structbeat/caches/pilot/mscnn_final_last_gtzan/gtzan__gtzan_country_00084__track.npy.npz
mscnn_gtzan,width_only,gtzan/gtzan_country_00085/track.npy,gtzan,1.0,0.9661649810876689,0.9661649810876689,0.9661649810876689,1.0,1.0,1.0,1.0,0.6956521739130436,0.6731343182435142,0.9750559314166379,0.8240951248300761,0.0,0.0,1.0,1.0,36.0,0.0,0.0,0.04879016416943133,18.0,0.0,0.0,0.01829448048657946,0.0,/media/mengh/SharedData/zhanh/auto_structbeat/caches/pilot/mscnn_final_last_gtzan/gtzan__gtzan_country_00085__track.npy.npz
mscnn_gtzan,width_only,gtzan/gtzan_country_00086/track.npy,gtzan,0.8214285714285714,0.7416733513035692,0.776179409413672,0.7589263803586206,0.20408163265306123,0.35714285714285715,0.20408163265306123,0.4142857142857143,0.8372093023255813,0.7933252228970723,0.7933252228970723,0.7933252228970723,0.52,0.52,0.52,0.52,83.0,0.0,0.012195121951219513,0.7339691750801994,21.0,0.0,0.0,0.6677988695751607,0.0,/media/mengh/SharedData/zhanh/auto_structbeat/caches/pilot/mscnn_final_last_gtzan/gtzan__gtzan_country_00086__track.npy.npz
mscnn_gtzan,width_only,gtzan/gtzan_country_00087/track.npy,gtzan,1.0,0.9350801298877396,0.9350801298877396,0.9350801298877396,1.0,1.0,1.0,1.0,1.0,0.943965521218707,0.943965521218707,0.943965521218707,1.0,1.0,1.0,1.0,36.0,0.0,0.0,0.04879016416943241,9.0,0.0,0.0,0.012048338516174595,0.0,/media/mengh/SharedData/zhanh/auto_structbeat/caches/pilot/mscnn_final_last_gtzan/gtzan__gtzan_country_00087__track.npy.npz
mscnn_gtzan,width_only,gtzan/gtzan_country_00088/track.npy,gtzan,1.0,0.9613289496383648,0.9613289496383648,0.9613289496383648,1.0,1.0,1.0,1.0,1.0,0.9749485416073902,0.9749485416073902,0.9749485416073902,1.0,1.0,1.0,1.0,53.0,0.0,0.0,0.05204209564911583,13.0,0.0,0.0,0.013177469666532937,0.0,/media/mengh/SharedData/zhanh/auto_structbeat/caches/pilot/mscnn_final_last_gtzan/gtzan__gtzan_country_00088__track.npy.npz
mscnn_gtzan,width_only,gtzan/gtzan_country_00089/track.npy,gtzan,1.0,0.9271670975570337,0.9271670975570337,0.9271670975570337,1.0,1.0,1.0,1.0,1.0,0.9783590732410212,0.9783590732410212,0.9783590732410212,1.0,1.0,1.0,1.0,37.0,0.0,0.0,0.02469261259037095,10.0,0.0,0.0,0.01219527309381907,0.0,/media/mengh/SharedData/zhanh/auto_structbeat/caches/pilot/mscnn_final_last_gtzan/gtzan__gtzan_country_00089__track.npy.npz
mscnn_gtzan,width_only,gtzan/gtzan_country_00090/track.npy,gtzan,0.9245283018867925,0.9079298363928874,0.9079298363928874,0.9079298363928874,0.42105263157894735,0.7192982456140351,0.42105263157894735,0.7192982456140351,0.9285714285714286,0.912206275105623,0.912206275105623,0.912206275105623,0.4,0.7333333333333333,0.4,0.7333333333333333,60.0,0.0,0.0,0.05318778002051541,15.0,0.0,0.0,0.6976670026615182,0.0,/media/mengh/SharedData/zhanh/auto_structbeat/caches/pilot/mscnn_final_last_gtzan/gtzan__gtzan_country_00090__track.npy.npz
mscnn_gtzan,width_only,gtzan/gtzan_country_00091/track.npy,gtzan,0.5,0.4753434892442997,0.4753434892442997,0.4753434892442997,0.0,0.0,0.0,0.0,0.4,0.36800703182984945,0.5481949010356955,0.4581009664327724,0.0,0.0,0.0,0.0,58.0,0.0,0.0,0.07696104113613,20.0,0.0,0.0,0.025642430613338374,0.0,/media/mengh/SharedData/zhanh/auto_structbeat/caches/pilot/mscnn_final_last_gtzan/gtzan__gtzan_country_00091__track.npy.npz
mscnn_gtzan,width_only,gtzan/gtzan_country_00092/track.npy,gtzan,0.32335329341317365,0.24343765357831956,0.7222624015908307,0.4828500275845751,0.020202020202020204,0.04040404040404041,0.18181818181818182,0.36363636363636365,0.19607843137254904,0.1436366779587594,0.1436366779587594,0.1436366779587594,0.058823529411764705,0.17647058823529413,0.058823529411764705,0.17647058823529413,113.0,0.125,0.375,0.7602021450318475,39.0,0.07894736842105263,0.13157894736842105,2.0726202850097075,0.0,/media/mengh/SharedData/zhanh/auto_structbeat/caches/pilot/mscnn_final_last_gtzan/gtzan__gtzan_country_00092__track.npy.npz
mscnn_gtzan,width_only,gtzan/gtzan_country_00093/track.npy,gtzan,0.9714285714285714,0.8136043859927578,0.8136043859927578,0.8136043859927578,1.0,1.0,1.0,1.0,0.9565217391304348,0.7524853602491856,0.7524853602491856,0.7524853602491856,0.9166666666666666,0.9166666666666666,0.9166666666666666,0.9166666666666666,43.0,0.0,0.0,0.05884050002293345,14.0,0.0,0.0,0.038099846232270876,0.0,/media/mengh/SharedData/zhanh/auto_structbeat/caches/pilot/mscnn_final_last_gtzan/gtzan__gtzan_country_00093__track.npy.npz
mscnn_gtzan,width_only,gtzan/gtzan_country_00094/track.npy,gtzan,1.0,0.972491322687349,0.972491322687349,0.972491322687349,1.0,1.0,1.0,1.0,1.0,0.9825846934522776,0.9825846934522776,0.9825846934522776,1.0,1.0,1.0,1.0,57.0,0.0,0.0,0.05054281154813425,14.0,0.0,0.0,0.009478743954544556,0.0,/media/mengh/SharedData/zhanh/auto_structbeat/caches/pilot/mscnn_final_last_gtzan/gtzan__gtzan_country_00094__track.npy.npz
mscnn_gtzan,width_only,gtzan/gtzan_country_00095/track.npy,gtzan,1.0,0.962341601665002,0.962341601665002,0.962341601665002,1.0,1.0,1.0,1.0,1.0,0.956330314731666,0.956330314731666,0.956330314731666,1.0,1.0,1.0,1.0,45.0,0.0,0.0,0.06062462181643358,11.0,0.0,0.0,0.015037877364540209,0.0,/media/mengh/SharedData/zhanh/auto_structbeat/caches/pilot/mscnn_final_last_gtzan/gtzan__gtzan_country_00095__track.npy.npz
mscnn_gtzan,width_only,gtzan/gtzan_country_00096/track.npy,gtzan,1.0,0.9754775960013936,0.9754775960013936,0.9754775960013936,1.0,1.0,1.0,1.0,1.0,0.9797001222841386,0.9797001222841386,0.9797001222841386,1.0,1.0,1.0,1.0,58.0,0.0,0.0,0.048655795148993014,14.0,0.0,0.0,0.013968163869004445,0.0,/media/mengh/SharedData/zhanh/auto_structbeat/caches/pilot/mscnn_final_last_gtzan/gtzan__gtzan_country_00096__track.npy.npz
mscnn_gtzan,width_only,gtzan/gtzan_country_00097/track.npy,gtzan,0.5079365079365079,0.4909347224569686,0.4909347224569686,0.4909347224569686,0.0,0.0,0.0,0.0,0.4,0.3850115201577858,0.5862433778923453,0.4856274490250655,0.0,0.0,0.0,0.0,57.0,0.0,0.0,0.07696104113612892,19.0,0.0,0.0,0.025317807984290452,0.0,/media/mengh/SharedData/zhanh/auto_structbeat/caches/pilot/mscnn_final_last_gtzan/gtzan__gtzan_country_00097__track.npy.npz
mscnn_gtzan,width_only,gtzan/gtzan_country_00098/track.npy,gtzan,0.9795918367346939,0.9491601871570022,0.9491601871570022,0.9491601871570022,0.64,0.92,0.64,0.92,1.0,0.9869845932002103,0.9869845932002103,0.9869845932002103,1.0,1.0,1.0,1.0,56.0,0.0,0.0,0.6539264674066638,14.0,0.0,0.0,0.01438386425252302,0.0,/media/mengh/SharedData/zhanh/auto_structbeat/caches/pilot/mscnn_final_last_gtzan/gtzan__gtzan_country_00098__track.npy.npz
mscnn_gtzan,width_only,gtzan/gtzan_country_00099/track.npy,gtzan,0.991869918699187,0.965965711116384,0.965965711116384,0.965965711116384,0.9838709677419355,0.9838709677419355,0.9838709677419355,0.9838709677419355,1.0,0.9781597481713222,0.9781597481713222,0.9781597481713222,1.0,1.0,1.0,1.0,74.0,0.0,0.0,0.04879016416943971,18.0,0.0,0.0,0.012270092591814302,0.0,/media/mengh/SharedData/zhanh/auto_structbeat/caches/pilot/mscnn_final_last_gtzan/gtzan__gtzan_country_00099__track.npy.npz
mscnn_gtzan,width_only,gtzan/gtzan_disco_00000/track.npy,gtzan,1.0,0.9421272950318951,0.9421272950318951,0.9421272950318951,1.0,1.0,1.0,1.0,1.0,0.9436563705928029,0.9436563705928029,0.9436563705928029,1.0,1.0,1.0,1.0,58.0,0.0,0.0,0.07696104113612678,15.0,0.0,0.0,0.013416424535320668,0.0,/media/mengh/SharedData/zhanh/auto_structbeat/caches/pilot/mscnn_final_last_gtzan/gtzan__gtzan_disco_00000__track.npy.npz
mscnn_gtzan,width_only,gtzan/gtzan_disco_00001/track.npy,gtzan,0.588957055214724,0.5642020294857318,0.7927876727768373,0.6784948511312845,0.0,0.0,0.10294117647058823,0.5441176470588235,0.38888888888888895,0.3964703131946836,0.5947054697920254,0.4955878914933545,0.0,0.0,0.5833333333333334,0.8333333333333334,84.0,0.30120481927710846,0.30120481927710846,1.8718021769015905,14.0,0.0,0.0,0.37442222619488297,0.0,/media/mengh/SharedData/zhanh/auto_structbeat/caches/pilot/mscnn_final_last_gtzan/gtzan__gtzan_disco_00001__track.npy.npz
mscnn_gtzan,width_only,gtzan/gtzan_disco_00002/track.npy,gtzan,0.5925925925925926,0.5433761891106964,0.7654500283933146,0.6544131087520055,0.0,0.0,0.1791044776119403,0.7164179104477612,0.7027027027027027,0.47812346987930326,0.6573917289467168,0.5677575994130101,0.125,0.125,0.7692307692307693,0.7692307692307693,78.0,0.2727272727272727,0.2727272727272727,1.8718021769015898,16.0,0.0,0.0,0.27175518285471434,0.0,/media/mengh/SharedData/zhanh/auto_structbeat/caches/pilot/mscnn_final_last_gtzan/gtzan__gtzan_disco_00002__track.npy.npz
mscnn_gtzan,width_only,gtzan/gtzan_disco_00003/track.npy,gtzan,1.0,0.9544755132974873,0.9544755132974873,0.9544755132974873,1.0,1.0,1.0,1.0,1.0,0.9731110026296569,0.9731110026296569,0.9731110026296569,1.0,1.0,1.0,1.0,64.0,0.0,0.0,0.04255961441879885,16.0,0.0,0.0,0.014247064284089957,0.0,/media/mengh/SharedData/zhanh/auto_structbeat/caches/pilot/mscnn_final_last_gtzan/gtzan__gtzan_disco_00003__track.npy.npz
mscnn_gtzan,width_only,gtzan/gtzan_disco_00004/track.npy,gtzan,0.796875,0.7537499669139678,0.7537499669139678,0.7537499669139678,0.07792207792207792,0.5974025974025974,0.07792207792207792,0.5974025974025974,0.9230769230769231,0.7011891859428265,0.7011891859428265,0.7011891859428265,1.0,1.0,1.0,1.0,89.0,0.3181818181818182,0.3181818181818182,1.8325814637483022,15.0,0.0,0.0,0.07424556112649563,0.0,/media/mengh/SharedData/zhanh/auto_structbeat/caches/pilot/mscnn_final_last_gtzan/gtzan__gtzan_disco_00004__track.npy.npz
mscnn_gtzan,width_only,gtzan/gtzan_disco_00005/track.npy,gtzan,0.9662921348314608,0.786957611174519,0.786957611174519,0.786957611174519,0.9777777777777777,0.9777777777777777,0.9777777777777777,0.9777777777777777,1.0,0.7779447176809436,0.7779447176809436,0.7779447176809436,1.0,1.0,1.0,1.0,54.0,0.0,0.0,0.10536051565782857,13.0,0.0,0.0,0.04044525132427468,0.0,/media/mengh/SharedData/zhanh/auto_structbeat/caches/pilot/mscnn_final_last_gtzan/gtzan__gtzan_disco_00005__track.npy.npz
mscnn_gtzan,width_only,gtzan/gtzan_disco_00006/track.npy,gtzan,1.0,0.8237382718131431,0.8237382718131431,0.8237382718131431,1.0,1.0,1.0,1.0,0.7407407407407408,0.594741615964041,0.594741615964041,0.594741615964041,0.6428571428571429,0.6428571428571429,0.6428571428571429,0.6428571428571429,62.0,0.0,0.0,0.04082199452025792,16.0,0.0,0.0,0.6828906803927582,0.0,/media/mengh/SharedData/zhanh/auto_structbeat/caches/pilot/mscnn_final_last_gtzan/gtzan__gtzan_disco_00006__track.npy.npz
mscnn_gtzan,width_only,gtzan/gtzan_disco_00007/track.npy,gtzan,0.9719626168224299,0.6964283805746236,0.6964283805746236,0.6964283805746236,0.9814814814814815,0.9814814814814815,0.9814814814814815,0.9814814814814815,1.0,0.6734010417364608,0.6734010417364608,0.6734010417364608,1.0,1.0,1.0,1.0,64.0,0.0,0.0,0.13890396136100683,16.0,0.0,0.0,0.04390186723309433,0.0,/media/mengh/SharedData/zhanh/auto_structbeat/caches/pilot/mscnn_final_last_gtzan/gtzan__gtzan_disco_00007__track.npy.npz
mscnn_gtzan,width_only,gtzan/gtzan_disco_00008/track.npy,gtzan,1.0,0.8590070877999934,0.8590070877999934,0.8590070877999934,1.0,1.0,1.0,1.0,0.8,0.6945961649298427,0.7367328223600995,0.7156644936449711,0.3888888888888889,0.3888888888888889,0.43478260869565216,0.43478260869565216,61.0,0.0,0.0,0.04082199452025622,21.0,0.0,0.0,0.08445123389328948,0.0,/media/mengh/SharedData/zhanh/auto_structbeat/caches/pilot/mscnn_final_last_gtzan/gtzan__gtzan_disco_00008__track.npy.npz
mscnn_gtzan,width_only,gtzan/gtzan_disco_00009/track.npy,gtzan,1.0,0.958547821094051,0.958547821094051,0.958547821094051,1.0,1.0,1.0,1.0,1.0,0.9539955361250575,0.9539955361250575,0.9539955361250575,1.0,1.0,1.0,1.0,65.0,0.0,0.0,0.04255961441880263,16.0,0.0,0.0,0.021506205220965375,0.0,/media/mengh/SharedData/zhanh/auto_structbeat/caches/pilot/mscnn_final_last_gtzan/gtzan__gtzan_disco_00009__track.npy.npz
mscnn_gtzan,width_only,gtzan/gtzan_disco_00010/track.npy,gtzan,1.0,0.9686587476956,0.9686587476956,0.9686587476956,1.0,1.0,1.0,1.0,1.0,0.9888240924257569,0.9888240924257569,0.9888240924257569,1.0,1.0,1.0,1.0,54.0,0.0,0.0,0.07145896398214968,14.0,0.0,0.0,0.00888894741724744,0.0,/media/mengh/SharedData/zhanh/auto_structbeat/caches/pilot/mscnn_final_last_gtzan/gtzan__gtzan_disco_00010__track.npy.npz
mscnn_gtzan,width_only,gtzan/gtzan_disco_00011/track.npy,gtzan,1.0,0.9507596091304547,0.9507596091304547,0.9507596091304547,1.0,1.0,1.0,1.0,1.0,0.9543326907358145,0.9543326907358145,0.9543326907358145,1.0,1.0,1.0,1.0,47.0,0.0,0.0,0.03174869831458238,12.0,0.0,0.0,0.015748356968139844,0.0,/media/mengh/SharedData/zhanh/auto_structbeat/caches/pilot/mscnn_final_last_gtzan/gtzan__gtzan_disco_00011__track.npy.npz
mscnn_gtzan,width_only,gtzan/gtzan_disco_00012/track.npy,gtzan,0.8598130841121495,0.8126151624189184,0.8126151624189184,0.8126151624189184,0.31666666666666665,0.7333333333333333,0.31666666666666665,0.7333333333333333,0.6086956521739131,0.6051621884603545,0.6051621884603545,0.6051621884603545,0.6666666666666666,0.6666666666666666,0.6666666666666666,0.6666666666666666,73.0,0.2222222222222222,0.2222222222222222,1.890672340893027,14.0,0.0,0.0,0.6088226511996065,0.0,/media/mengh/SharedData/zhanh/auto_structbeat/caches/pilot/mscnn_final_last_gtzan/gtzan__gtzan_disco_00012__track.npy.npz
mscnn_gtzan,width_only,gtzan/gtzan_disco_00013/track.npy,gtzan,0.9863013698630138,0.866145786084235,0.866145786084235,0.866145786084235,0.972972972972973,0.972972972972973,0.972972972972973,0.972972972972973,1.0,0.8992153117613353,0.8992153117613353,0.8992153117613353,1.0,1.0,1.0,1.0,44.0,0.0,0.0,0.05884050002293223,11.0,0.0,0.0,0.01929982647214392,0.0,/media/mengh/SharedData/zhanh/auto_structbeat/caches/pilot/mscnn_final_last_gtzan/gtzan__gtzan_disco_00013__track.npy.npz
mscnn_gtzan,width_only,gtzan/gtzan_disco_00014/track.npy,gtzan,1.0,0.9643452217131853,0.9643452217131853,0.9643452217131853,1.0,1.0,1.0,1.0,1.0,0.9151718214599337,0.9151718214599337,0.9151718214599337,1.0,1.0,1.0,1.0,52.0,0.0,0.0,0.053737173232896396,13.0,0.0,0.0,0.008658062743115202,0.0,/media/mengh/SharedData/zhanh/auto_structbeat/caches/pilot/mscnn_final_last_gtzan/gtzan__gtzan_disco_00014__track.npy.npz
mscnn_gtzan,width_only,gtzan/gtzan_disco_00015/track.npy,gtzan,0.7286821705426356,0.6031278755096282,0.6031278755096282,0.6031278755096282,0.10256410256410256,0.358974358974359,0.10256410256410256,0.358974358974359,0.7407407407407408,0.471343678419023,0.471343678419023,0.471343678419023,0.42857142857142855,0.7142857142857143,0.42857142857142855,0.7142857142857143,98.0,0.32989690721649484,0.3711340206185567,1.8325814637482867,18.0,0.0,0.0,0.7291446132828474,0.0,/media/mengh/SharedData/zhanh/auto_structbeat/caches/pilot/mscnn_final_last_gtzan/gtzan__gtzan_disco_00015__track.npy.npz
mscnn_gtzan,width_only,gtzan/gtzan_disco_00016/track.npy,gtzan,1.0,0.9546673299974094,0.9546673299974094,0.9546673299974094,1.0,1.0,1.0,1.0,0.8125000000000001,0.7743255382553006,0.8258445633332756,0.800085050794288,0.3684210526315789,0.3684210526315789,0.48,0.48,62.0,0.0,0.0,0.0408219945202581,21.0,0.0,0.0,0.10913167899090051,0.0,/media/mengh/SharedData/zhanh/auto_structbeat/caches/pilot/mscnn_final_last_gtzan/gtzan__gtzan_disco_00016__track.npy.npz
mscnn_gtzan,width_only,gtzan/gtzan_disco_00017/track.npy,gtzan,0.9009009009009009,0.8623121679253892,0.8623121679253892,0.8623121679253892,0.32786885245901637,0.7377049180327869,0.32786885245901637,0.7377049180327869,0.8,0.7018545639319745,0.7018545639319745,0.7018545639319745,0.46153846153846156,0.6153846153846154,0.46153846153846156,0.6153846153846154,76.0,0.18666666666666668,0.18666666666666668,1.791759469228077,14.0,0.0,0.0,0.444705273591697,0.0,/media/mengh/SharedData/zhanh/auto_structbeat/caches/pilot/mscnn_final_last_gtzan/gtzan__gtzan_disco_00017__track.npy.npz
mscnn_gtzan,width_only,gtzan/gtzan_disco_00018/track.npy,gtzan,1.0,0.9505015568622471,0.9505015568622471,0.9505015568622471,1.0,1.0,1.0,1.0,1.0,0.9564665819813225,0.9564665819813225,0.9564665819813225,1.0,1.0,1.0,1.0,63.0,0.0,0.0,0.04082199452025792,16.0,0.0,0.0,0.027987980421976977,0.0,/media/mengh/SharedData/zhanh/auto_structbeat/caches/pilot/mscnn_final_last_gtzan/gtzan__gtzan_disco_00018__track.npy.npz
mscnn_gtzan,width_only,gtzan/gtzan_disco_00019/track.npy,gtzan,1.0,0.9464335129984812,0.9464335129984812,0.9464335129984812,1.0,1.0,1.0,1.0,0.8666666666666666,0.8273542854255316,0.8273542854255316,0.8273542854255316,0.47058823529411764,0.47058823529411764,0.47058823529411764,0.47058823529411764,59.0,0.0,0.0,0.07696104113612678,22.0,0.0,0.0,0.053104540592244724,0.0,/media/mengh/SharedData/zhanh/auto_structbeat/caches/pilot/mscnn_final_last_gtzan/gtzan__gtzan_disco_00019__track.npy.npz
mscnn_gtzan,width_only,gtzan/gtzan_disco_00020/track.npy,gtzan,0.9705882352941176,0.9213588678298444,0.9213588678298444,0.9213588678298444,1.0,1.0,1.0,1.0,0.8888888888888888,0.8423191679473724,0.8423191679473724,0.8423191679473724,1.0,1.0,1.0,1.0,41.0,0.0,0.0,0.05406722127027458,11.0,0.0,0.0,0.020095310350838114,0.0,/media/mengh/SharedData/zhanh/auto_structbeat/caches/pilot/mscnn_final_last_gtzan/gtzan__gtzan_disco_00020__track.npy.npz
mscnn_gtzan,width_only,gtzan/gtzan_disco_00021/track.npy,gtzan,0.989010989010989,0.8864061582918958,0.8864061582918958,0.8864061582918958,0.9782608695652174,0.9782608695652174,0.9782608695652174,0.9782608695652174,1.0,0.8546152698547882,0.8546152698547882,0.8546152698547882,1.0,1.0,1.0,1.0,55.0,0.0,0.0,0.03691671769566702,14.0,0.0,0.0,0.018349138668196097,0.0,/media/mengh/SharedData/zhanh/auto_structbeat/caches/pilot/mscnn_final_last_gtzan/gtzan__gtzan_disco_00021__track.npy.npz
mscnn_gtzan,width_only,gtzan/gtzan_disco_00022/track.npy,gtzan,1.0,0.9546426984103117,0.9546426984103117,0.9546426984103117,1.0,1.0,1.0,1.0,1.0,0.9576451502350128,0.9576451502350128,0.9576451502350128,1.0,1.0,1.0,1.0,60.0,0.0,0.0,0.04082199452025426,15.0,0.0,0.0,0.020000666706669112,0.0,/media/mengh/SharedData/zhanh/auto_structbeat/caches/pilot/mscnn_final_last_gtzan/gtzan__gtzan_disco_00022__track.npy.npz
mscnn_gtzan,width_only,gtzan/gtzan_disco_00023/track.npy,gtzan,0.8181818181818181,0.7575218308796701,0.7575218308796701,0.7575218308796701,0.14516129032258066,0.7741935483870968,0.14516129032258066,0.7741935483870968,0.6428571428571429,0.5688849780628866,0.5688849780628866,0.5688849780628866,0.375,0.375,0.375,0.375,75.0,0.24324324324324326,0.24324324324324326,1.8718021769016118,21.0,0.2,0.2,3.3085294573245774,0.0,/media/mengh/SharedData/zhanh/auto_structbeat/caches/pilot/mscnn_final_last_gtzan/gtzan__gtzan_disco_00023__track.npy.npz
mscnn_gtzan,width_only,gtzan/gtzan_disco_00024/track.npy,gtzan,1.0,0.9799150735863121,0.9799150735863121,0.9799150735863121,1.0,1.0,1.0,1.0,1.0,0.976859840519712,0.976859840519712,0.976859840519712,1.0,1.0,1.0,1.0,64.0,0.0,0.0,0.04255961441880263,16.0,0.0,0.0,0.02127739844728438,0.0,/media/mengh/SharedData/zhanh/auto_structbeat/caches/pilot/mscnn_final_last_gtzan/gtzan__gtzan_disco_00024__track.npy.npz
mscnn_gtzan,width_only,gtzan/gtzan_disco_00025/track.npy,gtzan,1.0,0.9876523404122477,0.9876523404122477,0.9876523404122477,1.0,1.0,1.0,1.0,0.0,6.030786377045134e-32,9.908575196603085e-32,7.96968078682411e-32,0.0,0.0,0.0,0.0,62.0,0.0,0.0,0.040821994520255186,16.0,0.0,0.0,0.01036278703554816,0.0,/media/mengh/SharedData/zhanh/auto_structbeat/caches/pilot/mscnn_final_last_gtzan/gtzan__gtzan_disco_00025__track.npy.npz
mscnn_gtzan,width_only,gtzan/gtzan_disco_00026/track.npy,gtzan,0.8928571428571428,0.8679481800488675,0.8679481800488675,0.8679481800488675,0.16129032258064516,0.8064516129032258,0.16129032258064516,0.8064516129032258,0.7272727272727272,0.7084157430791606,0.7084157430791606,0.7084157430791606,0.25,0.5,0.25,0.5,73.0,0.18055555555555555,0.18055555555555555,1.8325814637483118,12.0,0.0,0.0,0.41745698993687785,0.0,/media/mengh/SharedData/zhanh/auto_structbeat/caches/pilot/mscnn_final_last_gtzan/gtzan__gtzan_disco_00026__track.npy.npz
mscnn_gtzan,width_only,gtzan/gtzan_disco_00027/track.npy,gtzan,0.9565217391304348,0.9069424329008818,0.9069424329008818,0.9069424329008818,1.0,1.0,1.0,1.0,1.0,0.9278931266457163,0.9278931266457163,0.9278931266457163,1.0,1.0,1.0,1.0,56.0,0.0,0.0,0.07510654629756378,14.0,0.0,0.0,0.04035626648405629,0.0,/media/mengh/SharedData/zhanh/auto_structbeat/caches/pilot/mscnn_final_last_gtzan/gtzan__gtzan_disco_00027__track.npy.npz
mscnn_gtzan,width_only,gtzan/gtzan_disco_00028/track.npy,gtzan,1.0,0.9726648119869977,0.9726648119869977,0.9726648119869977,1.0,1.0,1.0,1.0,1.0,0.9876835654248577,0.9876835654248577,0.9876835654248577,1.0,1.0,1.0,1.0,61.0,0.0,0.0,0.04082199452025622,15.0,0.0,0.0,0.010152371464019594,0.0,/media/mengh/SharedData/zhanh/auto_structbeat/caches/pilot/mscnn_final_last_gtzan/gtzan__gtzan_disco_00028__track.npy.npz
mscnn_gtzan,width_only,gtzan/gtzan_disco_00029/track.npy,gtzan,1.0,0.9329005422151918,0.9329005422151918,0.9329005422151918,1.0,1.0,1.0,1.0,1.0,0.9175187779540515,0.9175187779540515,0.9175187779540515,1.0,1.0,1.0,1.0,53.0,0.0,0.0,0.03509131981127256,14.0,0.0,0.0,0.012629808203156711,0.0,/media/mengh/SharedData/zhanh/auto_structbeat/caches/pilot/mscnn_final_last_gtzan/gtzan__gtzan_disco_00029__track.npy.npz
mscnn_gtzan,width_only,gtzan/gtzan_disco_00030/track.npy,gtzan,0.8421052631578947,0.6900907606247206,0.6900907606247206,0.6900907606247206,0.18421052631578946,0.6842105263157895,0.18421052631578946,0.6842105263157895,0.6666666666666666,0.4860788447028649,0.4860788447028649,0.4860788447028649,0.10714285714285714,0.35714285714285715,0.14285714285714285,0.35714285714285715,88.0,0.22988505747126436,0.22988505747126436,1.481604540924202,31.0,0.3,0.3,2.844909383819421,0.0,/media/mengh/SharedData/zhanh/auto_structbeat/caches/pilot/mscnn_final_last_gtzan/gtzan__gtzan_disco_00030__track.npy.npz
mscnn_gtzan,width_only,gtzan/gtzan_disco_00031/track.npy,gtzan,1.0,0.9313554989789511,0.9313554989789511,0.9313554989789511,1.0,1.0,1.0,1.0,0.0,4.6821670128127726e-123,0.8559230891870735,0.42796154459353675,0.0,0.0,0.9166666666666666,0.9166666666666666,62.0,0.0,0.0,0.042559614418796854,14.0,0.0,0.0,0.035852536268773216,0.0,/media/mengh/SharedData/zhanh/auto_structbeat/caches/pilot/mscnn_final_last_gtzan/gtzan__gtzan_disco_00031__track.npy.npz
mscnn_gtzan,width_only,gtzan/gtzan_disco_00032/track.npy,gtzan,0.989247311827957,0.9212242563047933,0.9212242563047933,0.9212242563047933,0.9787234042553191,0.9787234042553191,0.9787234042553191,0.9787234042553191,1.0,0.9160929976557913,0.9160929976557913,0.9160929976557913,1.0,1.0,1.0,1.0,55.0,0.0,0.0,0.07410797215371838,14.0,0.0,0.0,0.018349138668196197,0.0,/media/mengh/SharedData/zhanh/auto_structbeat/caches/pilot/mscnn_final_last_gtzan/gtzan__gtzan_disco_00032__track.npy.npz
mscnn_gtzan,width_only,gtzan/gtzan_disco_00033/track.npy,gtzan,0.24299065420560748,0.23629117052647466,0.6950463598512256,0.46566876518885014,0.24074074074074073,0.24074074074074073,0.7037037037037037,0.7037037037037037,0.23076923076923078,0.2238865915744736,0.2238865915744736,0.2238865915744736,1.0,1.0,1.0,1.0,64.0,0.0,0.0,0.0870113769896318,16.0,0.0,0.0,0.02506121908376075,0.0,/media/mengh/SharedData/zhanh/auto_structbeat/caches/pilot/mscnn_final_last_gtzan/gtzan__gtzan_disco_00033__track.npy.npz
mscnn_gtzan,width_only,gtzan/gtzan_disco_00034/track.npy,gtzan,0.9818181818181818,0.9529621017407571,0.9529621017407571,0.9529621017407571,0.9818181818181818,0.9818181818181818,0.9818181818181818,0.9818181818181818,0.8799999999999999,0.8516384867977601,0.8516384867977601,0.8516384867977601,0.8461538461538461,0.8461538461538461,0.8461538461538461,0.8461538461538461,66.0,0.0,0.0,0.08701137698963,15.0,0.0,0.0,0.17523003522510816,0.0,/media/mengh/SharedData/zhanh/auto_structbeat/caches/pilot/mscnn_final_last_gtzan/gtzan__gtzan_disco_00034__track.npy.npz
mscnn_gtzan,width_only,gtzan/gtzan_disco_00035/track.npy,gtzan,0.9803921568627451,0.9060185451722458,0.9060185451722458,0.9060185451722458,0.9803921568627451,0.9803921568627451,0.9803921568627451,0.9803921568627451,1.0,0.8949306855508741,0.8949306855508741,0.8949306855508741,1.0,1.0,1.0,1.0,61.0,0.0,0.0,0.08004270767353472,15.0,0.0,0.0,0.010152371464019594,0.0,/media/mengh/SharedData/zhanh/auto_structbeat/caches/pilot/mscnn_final_last_gtzan/gtzan__gtzan_disco_00035__track.npy.npz
mscnn_gtzan,width_only,gtzan/gtzan_disco_00036/track.npy,gtzan,0.6666666666666666,0.38532421529738303,0.38532421529738303,0.38532421529738303,0.009009009009009009,0.02702702702702703,0.009009009009009009,0.02702702702702703,0.6818181818181819,0.3997462812817958,0.3997462812817958,0.3997462812817958,0.06896551724137931,0.5172413793103449,0.06896551724137931,0.5172413793103449,127.0,0.46825396825396826,0.46825396825396826,1.2237754316221365,33.0,0.46875,0.46875,2.8272961152327243,0.0,/media/mengh/SharedData/zhanh/auto_structbeat/caches/pilot/mscnn_final_last_gtzan/gtzan__gtzan_disco_00036__track.npy.npz
mscnn_gtzan,width_only,gtzan/gtzan_disco_00037/track.npy,gtzan,0.9818181818181818,0.8455394721776228,0.8455394721776228,0.8455394721776228,1.0,1.0,1.0,1.0,0.9285714285714286,0.8226570311584867,0.8226570311584867,0.8226570311584867,1.0,1.0,1.0,1.0,66.0,0.0,0.0,0.11726368032693074,16.0,0.0,0.0,0.043050842569608005,0.0,/media/mengh/SharedData/zhanh/auto_structbeat/caches/pilot/mscnn_final_last_gtzan/gtzan__gtzan_disco_00037__track.npy.npz
mscnn_gtzan,width_only,gtzan/gtzan_disco_00038/track.npy,gtzan,1.0,0.9598255348024238,0.9598255348024238,0.9598255348024238,1.0,1.0,1.0,1.0,0.38461538461538464,0.36832621449089437,0.6582868407618406,0.5133065276263675,0.38461538461538464,0.38461538461538464,0.5384615384615384,0.5384615384615384,62.0,0.0,0.0,0.040908875515188445,16.0,0.0,0.0,0.7070997426540069,0.0,/media/mengh/SharedData/zhanh/auto_structbeat/caches/pilot/mscnn_final_last_gtzan/gtzan__gtzan_disco_00038__track.npy.npz
mscnn_gtzan,width_only,gtzan/gtzan_disco_00039/track.npy,gtzan,0.9787234042553191,0.9353619618909664,0.9353619618909664,0.9353619618909664,0.9787234042553191,0.9787234042553191,0.9787234042553191,0.9787234042553191,1.0,0.9308475219163704,0.9308475219163704,0.9308475219163704,1.0,1.0,1.0,1.0,56.0,0.0,0.0,0.05046900344265427,14.0,0.0,0.0,0.022628665370709664,0.0,/media/mengh/SharedData/zhanh/auto_structbeat/caches/pilot/mscnn_final_last_gtzan/gtzan__gtzan_disco_00039__track.npy.npz
mscnn_gtzan,width_only,gtzan/gtzan_disco_00040/track.npy,gtzan,1.0,0.9549769377515271,0.9549769377515271,0.9549769377515271,1.0,1.0,1.0,1.0,1.0,0.9781792988388001,0.9781792988388001,0.9781792988388001,1.0,1.0,1.0,1.0,69.0,0.0,0.0,0.04652001563490016,18.0,0.0,0.0,0.01156082240107495,0.0,/media/mengh/SharedData/zhanh/auto_structbeat/caches/pilot/mscnn_final_last_gtzan/gtzan__gtzan_disco_00040__track.npy.npz
mscnn_gtzan,width_only,gtzan/gtzan_disco_00041/track.npy,gtzan,0.6470588235294118,0.6283343738897955,0.6283343738897955,0.6283343738897955,0.06521739130434782,0.1956521739130435,0.06521739130434782,0.1956521739130435,0.42857142857142855,0.4256434526048309,0.6698643037435688,0.5477538781741998,0.0,0.0,0.36363636363636365,0.5454545454545454,54.0,0.11320754716981132,0.11320754716981132,2.386341851932871,9.0,0.0,0.0,0.7023780835573131,0.0,/media/mengh/SharedData/zhanh/auto_structbeat/caches/pilot/mscnn_final_last_gtzan/gtzan__gtzan_disco_00041__track.npy.npz
mscnn_gtzan,width_only,gtzan/gtzan_disco_00042/track.npy,gtzan,0.9885057471264368,0.8998820836616159,0.8998820836616159,0.8998820836616159,0.9772727272727273,0.9772727272727273,0.9772727272727273,0.9772727272727273,1.0,0.9059630148195932,0.9059630148195932,0.9059630148195932,1.0,1.0,1.0,1.0,52.0,0.0,0.0,0.053737173232896396,13.0,0.0,0.0,0.0349387179483433,0.0,/media/mengh/SharedData/zhanh/auto_structbeat/caches/pilot/mscnn_final_last_gtzan/gtzan__gtzan_disco_00042__track.npy.npz
mscnn_gtzan,width_only,gtzan/gtzan_disco_00043/track.npy,gtzan,1.0,0.9598181331580876,0.9598181331580876,0.9598181331580876,1.0,1.0,1.0,1.0,1.0,0.9717629290847748,0.9717629290847748,0.9717629290847748,1.0,1.0,1.0,1.0,64.0,0.0,0.0,0.04255961441880263,16.0,0.0,0.0,0.010695289116747775,0.0,/media/mengh/SharedData/zhanh/auto_structbeat/caches/pilot/mscnn_final_last_gtzan/gtzan__gtzan_disco_00043__track.npy.npz
mscnn_gtzan,width_only,gtzan/gtzan_disco_00044/track.npy,gtzan,1.0,0.9829919913581747,0.9829919913581747,0.9829919913581747,1.0,1.0,1.0,1.0,1.0,0.9745915711963993,0.9745915711963993,0.9745915711963993,1.0,1.0,1.0,1.0,61.0,0.0,0.0,0.04082199452025792,15.0,0.0,0.0,0.020408871631205926,0.0,/media/mengh/SharedData/zhanh/auto_structbeat/caches/pilot/mscnn_final_last_gtzan/gtzan__gtzan_disco_00044__track.npy.npz
mscnn_gtzan,width_only,gtzan/gtzan_disco_00045/track.npy,gtzan,0.7727272727272727,0.7426870857835438,0.7426870857835438,0.7426870857835438,0.04938271604938271,0.38271604938271603,0.04938271604938271,0.38271604938271603,0.7692307692307693,0.6309805994502012,0.6309805994502012,0.6309805994502012,1.0,1.0,1.0,1.0,97.0,0.3645833333333333,0.3645833333333333,1.8325814637482933,15.0,0.0,0.0,0.08646194226520837,0.0,/media/mengh/SharedData/zhanh/auto_structbeat/caches/pilot/mscnn_final_last_gtzan/gtzan__gtzan_disco_00045__track.npy.npz
mscnn_gtzan,width_only,gtzan/gtzan_disco_00046/track.npy,gtzan,1.0,0.9568737809141394,0.9568737809141394,0.9568737809141394,1.0,1.0,1.0,1.0,1.0,0.9430182361344288,0.9430182361344288,0.9430182361344288,1.0,1.0,1.0,1.0,61.0,0.0,0.0,0.040821994520261584,15.0,0.0,0.0,0.01403046819477086,0.0,/media/mengh/SharedData/zhanh/auto_structbeat/caches/pilot/mscnn_final_last_gtzan/gtzan__gtzan_disco_00046__track.npy.npz
mscnn_gtzan,width_only,gtzan/gtzan_disco_00047/track.npy,gtzan,0.12765957446808512,0.097790890823917,0.1574259149404706,0.1276084028821938,0.038461538461538464,0.038461538461538464,0.12195121951219512,0.23076923076923078,0.0,0.0021708745990793236,0.0023993877147718843,0.0022851311569256037,0.0,0.0,0.0,0.0,32.0,0.0,0.0,0.5007745997312826,19.0,0.0,0.0,1.133199222181539,0.0,/media/mengh/SharedData/zhanh/auto_structbeat/caches/pilot/mscnn_final_last_gtzan/gtzan__gtzan_disco_00047__track.npy.npz
mscnn_gtzan,width_only,gtzan/gtzan_disco_00048/track.npy,gtzan,0.9879518072289156,0.9280290907401415,0.9280290907401415,0.9280290907401415,0.7619047619047619,0.9523809523809523,0.7619047619047619,0.9523809523809523,1.0,0.937157798160887,0.937157798160887,0.937157798160887,1.0,1.0,1.0,1.0,50.0,0.0,0.0,0.03390155167568665,13.0,0.0,0.0,0.008438868645864794,0.0,/media/mengh/SharedData/zhanh/auto_structbeat/caches/pilot/mscnn_final_last_gtzan/gtzan__gtzan_disco_00048__track.npy.npz
mscnn_gtzan,width_only,gtzan/gtzan_disco_00049/track.npy,gtzan,1.0,0.9730093920695243,0.9730093920695243,0.9730093920695243,1.0,1.0,1.0,1.0,1.0,0.967348687130214,0.967348687130214,0.967348687130214,1.0,1.0,1.0,1.0,60.0,0.0,0.0,0.0467051014932474,15.0,0.0,0.0,0.009950330853168187,0.0,/media/mengh/SharedData/zhanh/auto_structbeat/caches/pilot/mscnn_final_last_gtzan/gtzan__gtzan_disco_00049__track.npy.npz
mscnn_gtzan,width_only,gtzan/gtzan_disco_00050/track.npy,gtzan,1.0,0.9535536081117141,0.9535536081117141,0.9535536081117141,1.0,1.0,1.0,1.0,1.0,0.9499072511138705,0.9499072511138705,0.9499072511138705,1.0,1.0,1.0,1.0,54.0,0.0,0.0,0.03636764417088045,14.0,0.0,0.0,0.022329813880407362,0.0,/media/mengh/SharedData/zhanh/auto_structbeat/caches/pilot/mscnn_final_last_gtzan/gtzan__gtzan_disco_00050__track.npy.npz
mscnn_gtzan,width_only,gtzan/gtzan_disco_00051/track.npy,gtzan,0.9777777777777777,0.9161537174264138,0.9161537174264138,0.9161537174264138,0.9565217391304348,0.9565217391304348,0.9565217391304348,0.9565217391304348,0.9565217391304348,0.9166630255124023,0.9166630255124023,0.9166630255124023,0.9166666666666666,0.9166666666666666,0.9166666666666666,0.9166666666666666,55.0,0.0,0.0,0.03636764417088045,14.0,0.0,0.0,0.022329813880405697,0.0,/media/mengh/SharedData/zhanh/auto_structbeat/caches/pilot/mscnn_final_last_gtzan/gtzan__gtzan_disco_00051__track.npy.npz
mscnn_gtzan,width_only,gtzan/gtzan_disco_00052/track.npy,gtzan,1.0,0.8801759406178552,0.8801759406178552,0.8801759406178552,1.0,1.0,1.0,1.0,1.0,0.905596450837331,0.905596450837331,0.905596450837331,1.0,1.0,1.0,1.0,63.0,0.0,0.0,0.04255961441880263,16.0,0.0,0.0,0.02091084970608837,0.0,/media/mengh/SharedData/zhanh/auto_structbeat/caches/pilot/mscnn_final_last_gtzan/gtzan__gtzan_disco_00052__track.npy.npz
mscnn_gtzan,width_only,gtzan/gtzan_disco_00053/track.npy,gtzan,0.9913043478260869,0.808389760639447,0.808389760639447,0.808389760639447,0.9827586206896551,0.9827586206896551,0.9827586206896551,0.9827586206896551,1.0,0.8136074192100639,0.8136074192100639,0.8136074192100639,1.0,1.0,1.0,1.0,70.0,0.0,0.0,0.09097177820572992,17.0,0.0,0.0,0.018592895230601945,0.0,/media/mengh/SharedData/zhanh/auto_structbeat/caches/pilot/mscnn_final_last_gtzan/gtzan__gtzan_disco_00053__track.npy.npz
mscnn_gtzan,width_only,gtzan/gtzan_disco_00054/track.npy,gtzan,1.0,0.9586301253367319,0.9586301253367319,0.9586301253367319,1.0,1.0,1.0,1.0,0.6470588235294118,0.6220232712793008,0.9211542671565079,0.7715887692179044,0.0,0.0,0.9130434782608695,0.9130434782608695,57.0,0.0,0.0,0.05054281154813475,28.0,0.0,0.0,0.019048194970694238,0.0,/media/mengh/SharedData/zhanh/auto_structbeat/caches/pilot/mscnn_final_last_gtzan/gtzan__gtzan_disco_00054__track.npy.npz
mscnn_gtzan,width_only,gtzan/gtzan_disco_00055/track.npy,gtzan,1.0,0.9370963212709031,0.9370963212709031,0.9370963212709031,1.0,1.0,1.0,1.0,1.0,0.9163387107146703,0.9163387107146703,0.9163387107146703,1.0,1.0,1.0,1.0,65.0,0.0,0.0,0.08275541554774235,16.0,0.0,0.0,0.02548333782726773,0.0,/media/mengh/SharedData/zhanh/auto_structbeat/caches/pilot/mscnn_final_last_gtzan/gtzan__gtzan_disco_00055__track.npy.npz
mscnn_gtzan,width_only,gtzan/gtzan_disco_00056/track.npy,gtzan,1.0,0.9593517568184593,0.9593517568184593,0.9593517568184593,1.0,1.0,1.0,1.0,0.6666666666666666,0.6488874403848504,0.9462704002648515,0.7975789203248509,0.0,0.0,0.9444444444444444,0.9444444444444444,44.0,0.0,0.0,0.02985296314969066,22.0,0.0,0.0,0.029413885206292713,0.0,/media/mengh/SharedData/zhanh/auto_structbeat/caches/pilot/mscnn_final_last_gtzan/gtzan__gtzan_disco_00056__track.npy.npz
mscnn_gtzan,width_only,gtzan/gtzan_disco_00057/track.npy,gtzan,1.0,0.9788675126928793,0.9788675126928793,0.9788675126928793,1.0,1.0,1.0,1.0,1.0,0.982622091535034,0.982622091535034,0.982622091535034,1.0,1.0,1.0,1.0,59.0,0.0,0.0,0.039220713153283904,15.0,0.0,0.0,0.009852296443012642,0.0,/media/mengh/SharedData/zhanh/auto_structbeat/caches/pilot/mscnn_final_last_gtzan/gtzan__gtzan_disco_00057__track.npy.npz
mscnn_gtzan,width_only,gtzan/gtzan_disco_00058/track.npy,gtzan,1.0,0.9729085817596287,0.9729085817596287,0.9729085817596287,1.0,1.0,1.0,1.0,1.0,0.9675699800144841,0.9675699800144841,0.9675699800144841,1.0,1.0,1.0,1.0,66.0,0.0,0.0,0.044451762570840825,17.0,0.0,0.0,0.014244021388165617,0.0,/media/mengh/SharedData/zhanh/auto_structbeat/caches/pilot/mscnn_final_last_gtzan/gtzan__gtzan_disco_00058__track.npy.npz
mscnn_gtzan,width_only,gtzan/gtzan_disco_00059/track.npy,gtzan,1.0,0.9539392912544288,0.9539392912544288,0.9539392912544288,1.0,1.0,1.0,1.0,1.0,0.9319027195828643,0.9319027195828643,0.9319027195828643,1.0,1.0,1.0,1.0,63.0,0.0,0.0,0.04255961441879497,15.0,0.0,0.0,0.01047129986729567,0.0,/media/mengh/SharedData/zhanh/auto_structbeat/caches/pilot/mscnn_final_last_gtzan/gtzan__gtzan_disco_00059__track.npy.npz
mscnn_gtzan,width_only,gtzan/gtzan_disco_00060/track.npy,gtzan,1.0,0.9391033458366637,0.9391033458366637,0.9391033458366637,1.0,1.0,1.0,1.0,1.0,0.926010493705294,0.926010493705294,0.926010493705294,1.0,1.0,1.0,1.0,64.0,0.0,0.0,0.04445176257083388,16.0,0.0,0.0,0.0322097509720791,0.0,/media/mengh/SharedData/zhanh/auto_structbeat/caches/pilot/mscnn_final_last_gtzan/gtzan__gtzan_disco_00060__track.npy.npz
mscnn_gtzan,width_only,gtzan/gtzan_disco_00061/track.npy,gtzan,1.0,0.9802164006188014,0.9802164006188014,0.9802164006188014,1.0,1.0,1.0,1.0,1.0,0.9815729848896411,0.9815729848896411,0.9815729848896411,1.0,1.0,1.0,1.0,63.0,0.0,0.0,0.042559614418796854,16.0,0.0,0.0,0.010471299867295846,0.0,/media/mengh/SharedData/zhanh/auto_structbeat/caches/pilot/mscnn_final_last_gtzan/gtzan__gtzan_disco_00061__track.npy.npz
mscnn_gtzan,width_only,gtzan/gtzan_disco_00062/track.npy,gtzan,0.989010989010989,0.9540805449832812,0.9540805449832812,0.9540805449832812,0.9782608695652174,0.9782608695652174,0.9782608695652174,0.9782608695652174,1.0,0.9539533715425192,0.9539533715425192,0.9539533715425192,1.0,1.0,1.0,1.0,55.0,0.0,0.0,0.03636764417088045,14.0,0.0,0.0,0.0181823190831909,0.0,/media/mengh/SharedData/zhanh/auto_structbeat/caches/pilot/mscnn_final_last_gtzan/gtzan__gtzan_disco_00062__track.npy.npz
mscnn_gtzan,width_only,gtzan/gtzan_disco_00063/track.npy,gtzan,1.0,0.9785363103122202,0.9785363103122202,0.9785363103122202,1.0,1.0,1.0,1.0,1.0,0.9807460118041154,0.9807460118041154,0.9807460118041154,1.0,1.0,1.0,1.0,65.0,0.0,0.0,0.08701137698962769,16.0,0.0,0.0,0.021739986636405417,0.0,/media/mengh/SharedData/zhanh/auto_structbeat/caches/pilot/mscnn_final_last_gtzan/gtzan__gtzan_disco_00063__track.npy.npz
mscnn_gtzan,width_only,gtzan/gtzan_disco_00064/track.npy,gtzan,1.0,0.9807390386682694,0.9807390386682694,0.9807390386682694,1.0,1.0,1.0,1.0,1.0,0.973636134183896,0.973636134183896,0.973636134183896,1.0,1.0,1.0,1.0,61.0,0.0,0.0,0.04082199452025792,15.0,0.0,0.0,0.020408871631207127,0.0,/media/mengh/SharedData/zhanh/auto_structbeat/caches/pilot/mscnn_final_last_gtzan/gtzan__gtzan_disco_00064__track.npy.npz
mscnn_gtzan,width_only,gtzan/gtzan_disco_00065/track.npy,gtzan,1.0,0.9394098537136077,0.9394098537136077,0.9394098537136077,1.0,1.0,1.0,1.0,1.0,0.951066583344929,0.951066583344929,0.951066583344929,1.0,1.0,1.0,1.0,66.0,0.0,0.0,0.044451762570840825,16.0,0.0,0.0,0.021978906718775483,0.0,/media/mengh/SharedData/zhanh/auto_structbeat/caches/pilot/mscnn_final_last_gtzan/gtzan__gtzan_disco_00065__track.npy.npz
mscnn_gtzan,width_only,gtzan/gtzan_disco_00066/track.npy,gtzan,1.0,0.9733944335532129,0.9733944335532129,0.9733944335532129,1.0,1.0,1.0,1.0,0.8750000000000001,0.8487547023415648,0.8487547023415648,0.8487547023415648,0.5,0.5,0.5,0.5,67.0,0.0,0.0,0.044451762570840825,23.0,0.0,0.0,0.04445176257083375,0.0,/media/mengh/SharedData/zhanh/auto_structbeat/caches/pilot/mscnn_final_last_gtzan/gtzan__gtzan_disco_00066__track.npy.npz
mscnn_gtzan,width_only,gtzan/gtzan_disco_00067/track.npy,gtzan,1.0,0.9496146794661139,0.9496146794661139,0.9496146794661139,1.0,1.0,1.0,1.0,1.0,0.9680352656967678,0.9680352656967678,0.9680352656967678,1.0,1.0,1.0,1.0,50.0,0.0,0.0,0.03390155167568665,12.0,0.0,0.0,0.004602537318784669,0.0,/media/mengh/SharedData/zhanh/auto_structbeat/caches/pilot/mscnn_final_last_gtzan/gtzan__gtzan_disco_00067__track.npy.npz
mscnn_gtzan,width_only,gtzan/gtzan_disco_00068/track.npy,gtzan,1.0,0.8961149046228325,0.8961149046228325,0.8961149046228325,1.0,1.0,1.0,1.0,1.0,0.8661757677401231,0.8661757677401231,0.8661757677401231,1.0,1.0,1.0,1.0,54.0,0.0,0.0,0.07145896398214477,13.0,0.0,0.0,0.013374706309659534,0.0,/media/mengh/SharedData/zhanh/auto_structbeat/caches/pilot/mscnn_final_last_gtzan/gtzan__gtzan_disco_00068__track.npy.npz
mscnn_gtzan,width_only,gtzan/gtzan_disco_00069/track.npy,gtzan,1.0,0.9451335758110653,0.9451335758110653,0.9451335758110653,1.0,1.0,1.0,1.0,1.0,0.9306420095487821,0.9306420095487821,0.9306420095487821,1.0,1.0,1.0,1.0,54.0,0.0,0.0,0.05215873808594726,13.0,0.0,0.0,0.01797864421992057,0.0,/media/mengh/SharedData/zhanh/auto_structbeat/caches/pilot/mscnn_final_last_gtzan/gtzan__gtzan_disco_00069__track.npy.npz
mscnn_gtzan,width_only,gtzan/gtzan_disco_00070/track.npy,gtzan,1.0,0.9208870849748366,0.9208870849748366,0.9208870849748366,1.0,1.0,1.0,1.0,1.0,0.9073441466009221,0.9073441466009221,0.9073441466009221,1.0,1.0,1.0,1.0,55.0,0.0,0.0,0.036367644170878524,14.0,0.0,0.0,0.02242156465215947,0.0,/media/mengh/SharedData/zhanh/auto_structbeat/caches/pilot/mscnn_final_last_gtzan/gtzan__gtzan_disco_00070__track.npy.npz
mscnn_gtzan,width_only,gtzan/gtzan_disco_00071/track.npy,gtzan,1.0,0.978032170361608,0.978032170361608,0.978032170361608,1.0,1.0,1.0,1.0,1.0,0.9846815813340485,0.9846815813340485,0.9846815813340485,1.0,1.0,1.0,1.0,57.0,0.0,0.0,0.048650621234113976,14.0,0.0,0.0,0.013784996911812397,0.0,/media/mengh/SharedData/zhanh/auto_structbeat/caches/pilot/mscnn_final_last_gtzan/gtzan__gtzan_disco_00071__track.npy.npz
mscnn_gtzan,width_only,gtzan/gtzan_disco_00072/track.npy,gtzan,0.9824561403508771,0.8319098747360076,0.8319098747360076,0.8319098747360076,1.0,1.0,1.0,1.0,0.8148148148148148,0.7592187953756091,0.7592187953756091,0.7592187953756091,0.7857142857142857,0.7857142857142857,0.7857142857142857,0.7857142857142857,69.0,0.0,0.0,0.08978365784089704,16.0,0.0,0.0,0.21415461213861792,0.0,/media/mengh/SharedData/zhanh/auto_structbeat/caches/pilot/mscnn_final_last_gtzan/gtzan__gtzan_disco_00072__track.npy.npz
mscnn_gtzan,width_only,gtzan/gtzan_disco_00073/track.npy,gtzan,1.0,0.9694969678544941,0.9694969678544941,0.9694969678544941,1.0,1.0,1.0,1.0,1.0,0.9679463564859087,0.9679463564859087,0.9679463564859087,1.0,1.0,1.0,1.0,57.0,0.0,0.0,0.03774032798285287,14.0,0.0,0.0,0.009478743954545288,0.0,/media/mengh/SharedData/zhanh/auto_structbeat/caches/pilot/mscnn_final_last_gtzan/gtzan__gtzan_disco_00073__track.npy.npz
mscnn_gtzan,width_only,gtzan/gtzan_disco_00074/track.npy,gtzan,1.0,0.9642985340262902,0.9642985340262902,0.9642985340262902,1.0,1.0,1.0,1.0,1.0,0.9506879063611623,0.9506879063611623,0.9506879063611623,1.0,1.0,1.0,1.0,56.0,0.0,0.0,0.07410797215371821,14.0,0.0,0.0,0.018692133012152425,0.0,/media/mengh/SharedData/zhanh/auto_structbeat/caches/pilot/mscnn_final_last_gtzan/gtzan__gtzan_disco_00074__track.npy.npz
mscnn_gtzan,width_only,gtzan/gtzan_disco_00075/track.npy,gtzan,1.0,0.9749796135029121,0.9749796135029121,0.9749796135029121,1.0,1.0,1.0,1.0,1.0,0.9769142586930114,0.9769142586930114,0.9769142586930114,1.0,1.0,1.0,1.0,67.0,0.0,0.0,0.044451762570840825,17.0,0.0,0.0,0.025501857944367223,0.0,/media/mengh/SharedData/zhanh/auto_structbeat/caches/pilot/mscnn_final_last_gtzan/gtzan__gtzan_disco_00075__track.npy.npz
mscnn_gtzan,width_only,gtzan/gtzan_disco_00076/track.npy,gtzan,0.9807692307692307,0.9567361502342867,0.9567361502342867,0.9567361502342867,0.7358490566037735,0.9245283018867925,0.7358490566037735,0.9245283018867925,0.5625,0.5503087177043681,0.6201366340514861,0.5852226758779271,0.3157894736842105,0.3157894736842105,0.3157894736842105,0.3157894736842105,61.0,0.0,0.0,0.08338160893904961,23.0,0.0,0.0,1.0986122886681087,0.0,/media/mengh/SharedData/zhanh/auto_structbeat/caches/pilot/mscnn_final_last_gtzan/gtzan__gtzan_disco_00076__track.npy.npz
mscnn_gtzan,width_only,gtzan/gtzan_disco_00077/track.npy,gtzan,0.9896907216494846,0.9653195295866436,0.9653195295866436,0.9653195295866436,0.9795918367346939,0.9795918367346939,0.9795918367346939,0.9795918367346939,0.9600000000000001,0.9286670299976507,0.9286670299976507,0.9286670299976507,0.9230769230769231,0.9230769230769231,0.9230769230769231,0.9230769230769231,59.0,0.0,0.0,0.039220713153283904,15.0,0.0,0.0,0.01960847138837656,0.0,/media/mengh/SharedData/zhanh/auto_structbeat/caches/pilot/mscnn_final_last_gtzan/gtzan__gtzan_disco_00077__track.npy.npz
mscnn_gtzan,width_only,gtzan/gtzan_disco_00078/track.npy,gtzan,0.9904761904761905,0.9518129846380692,0.9518129846380692,0.9518129846380692,0.9811320754716981,0.9811320754716981,0.9811320754716981,0.9811320754716981,1.0,0.9388195525014236,0.9388195525014236,0.9388195525014236,1.0,1.0,1.0,1.0,58.0,0.0,0.0,0.0470758662682108,14.0,0.0,0.0,0.33969297326978004,0.0,/media/mengh/SharedData/zhanh/auto_structbeat/caches/pilot/mscnn_final_last_gtzan/gtzan__gtzan_disco_00078__track.npy.npz
mscnn_gtzan,width_only,gtzan/gtzan_disco_00079/track.npy,gtzan,1.0,0.9810020525741783,0.9810020525741783,0.9810020525741783,1.0,1.0,1.0,1.0,1.0,0.9844112815413237,0.9844112815413237,0.9844112815413237,1.0,1.0,1.0,1.0,61.0,0.0,0.0,0.04082199452025603,16.0,0.0,0.0,0.010050335853501392,0.0,/media/mengh/SharedData/zhanh/auto_structbeat/caches/pilot/mscnn_final_last_gtzan/gtzan__gtzan_disco_00079__track.npy.npz
mscnn_gtzan,width_only,gtzan/gtzan_disco_00080/track.npy,gtzan,1.0,0.9514054348183985,0.9514054348183985,0.9514054348183985,1.0,1.0,1.0,1.0,1.0,0.9525052912867711,0.9525052912867711,0.9525052912867711,1.0,1.0,1.0,1.0,50.0,0.0,0.0,0.0666913744986746,13.0,0.0,0.0,0.020612086450025158,0.0,/media/mengh/SharedData/zhanh/auto_structbeat/caches/pilot/mscnn_final_last_gtzan/gtzan__gtzan_disco_00080__track.npy.npz
mscnn_gtzan,width_only,gtzan/gtzan_disco_00081/track.npy,gtzan,0.923076923076923,0.846066953562818,0.846066953562818,0.846066953562818,0.8888888888888888,0.8888888888888888,0.8888888888888888,0.8888888888888888,0.888888888888889,0.7951924163759522,0.7951924163759522,0.7951924163759522,0.9285714285714286,0.9285714285714286,0.9285714285714286,0.9285714285714286,61.0,0.0,0.0,0.09413483259438478,16.0,0.0,0.0,0.06278259290387868,0.0,/media/mengh/SharedData/zhanh/auto_structbeat/caches/pilot/mscnn_final_last_gtzan/gtzan__gtzan_disco_00081__track.npy.npz
mscnn_gtzan,width_only,gtzan/gtzan_disco_00082/track.npy,gtzan,1.0,0.8772096102446756,0.8772096102446756,0.8772096102446756,1.0,1.0,1.0,1.0,1.0,0.8616632206532512,0.8616632206532512,0.8616632206532512,1.0,1.0,1.0,1.0,62.0,0.0,0.0,0.0408219945202581,15.0,0.0,0.0,0.010256500167190707,0.0,/media/mengh/SharedData/zhanh/auto_structbeat/caches/pilot/mscnn_final_last_gtzan/gtzan__gtzan_disco_00082__track.npy.npz
mscnn_gtzan,width_only,gtzan/gtzan_disco_00083/track.npy,gtzan,1.0,0.9803313136089966,0.9803313136089966,0.9803313136089966,1.0,1.0,1.0,1.0,0.6857142857142856,0.6658669943615205,0.9770708508809938,0.8214689226212571,0.0,0.0,1.0,1.0,58.0,0.0,0.0,0.03922071315328737,28.0,0.0,0.0,0.019418085857104195,0.0,/media/mengh/SharedData/zhanh/auto_structbeat/caches/pilot/mscnn_final_last_gtzan/gtzan__gtzan_disco_00083__track.npy.npz
mscnn_gtzan,width_only,gtzan/gtzan_disco_00084/track.npy,gtzan,0.9894736842105264,0.9543054913566146,0.9543054913566146,0.9543054913566146,0.9791666666666666,0.9791666666666666,0.9791666666666666,0.9791666666666666,0.9565217391304348,0.9214381453629316,0.9214381453629316,0.9214381453629316,0.9166666666666666,0.9166666666666666,0.9166666666666666,0.9166666666666666,58.0,0.0,0.0,0.037740327982850375,15.0,0.0,0.0,0.013416424535321068,0.0,/media/mengh/SharedData/zhanh/auto_structbeat/caches/pilot/mscnn_final_last_gtzan/gtzan__gtzan_disco_00084__track.npy.npz
mscnn_gtzan,width_only,gtzan/gtzan_disco_00085/track.npy,gtzan,1.0,0.9791712771726159,0.9791712771726159,0.9791712771726159,1.0,1.0,1.0,1.0,1.0,0.9675020328672382,0.9675020328672382,0.9675020328672382,1.0,1.0,1.0,1.0,62.0,0.0,0.0,0.04082199452025613,16.0,0.0,0.0,0.003589775058517427,0.0,/media/mengh/SharedData/zhanh/auto_structbeat/caches/pilot/mscnn_final_last_gtzan/gtzan__gtzan_disco_00085__track.npy.npz
mscnn_gtzan,width_only,gtzan/gtzan_disco_00086/track.npy,gtzan,1.0,0.9453904258841092,0.9453904258841092,0.9453904258841092,1.0,1.0,1.0,1.0,1.0,0.9653365425987966,0.9653365425987966,0.9653365425987966,1.0,1.0,1.0,1.0,63.0,0.0,0.0,0.04255961441879885,16.0,0.0,0.0,0.014098275329738232,0.0,/media/mengh/SharedData/zhanh/auto_structbeat/caches/pilot/mscnn_final_last_gtzan/gtzan__gtzan_disco_00086__track.npy.npz
mscnn_gtzan,width_only,gtzan/gtzan_disco_00087/track.npy,gtzan,1.0,0.9473351039081367,0.9473351039081367,0.9473351039081367,1.0,1.0,1.0,1.0,1.0,0.9710766936315927,0.9710766936315927,0.9710766936315927,1.0,1.0,1.0,1.0,53.0,0.0,0.0,0.03636764417087246,13.0,0.0,0.0,0.022145437234081355,0.0,/media/mengh/SharedData/zhanh/auto_structbeat/caches/pilot/mscnn_final_last_gtzan/gtzan__gtzan_disco_00087__track.npy.npz
mscnn_gtzan,width_only,gtzan/gtzan_disco_00088/track.npy,gtzan,1.0,0.9551614980738256,0.9551614980738256,0.9551614980738256,1.0,1.0,1.0,1.0,1.0,0.9486675903490855,0.9486675903490855,0.9486675903490855,1.0,1.0,1.0,1.0,62.0,0.0,0.0,0.04082199452025613,15.0,0.0,0.0,0.01036278703554816,0.0,/media/mengh/SharedData/zhanh/auto_structbeat/caches/pilot/mscnn_final_last_gtzan/gtzan__gtzan_disco_00088__track.npy.npz
mscnn_gtzan,width_only,gtzan/gtzan_disco_00089/track.npy,gtzan,0.9908256880733944,0.90946254566856,0.90946254566856,0.90946254566856,0.9818181818181818,0.9818181818181818,0.9818181818181818,0.9818181818181818,0.962962962962963,0.832770081624466,0.832770081624466,0.832770081624466,0.9285714285714286,0.9285714285714286,0.9285714285714286,0.9285714285714286,65.0,0.0,0.0,0.08701137698962791,17.0,0.0,0.0,0.03599840955801446,0.0,/media/mengh/SharedData/zhanh/auto_structbeat/caches/pilot/mscnn_final_last_gtzan/gtzan__gtzan_disco_00089__track.npy.npz
mscnn_gtzan,width_only,gtzan/gtzan_disco_00090/track.npy,gtzan,1.0,0.9786950585031543,0.9786950585031543,0.9786950585031543,1.0,1.0,1.0,1.0,0.7647058823529412,0.737177093430002,0.8464764182099691,0.7918267558199856,0.23809523809523808,0.23809523809523808,0.6,0.6,64.0,0.0,0.0,0.04255961441880263,26.0,0.0,0.0,0.02150620522096696,0.0,/media/mengh/SharedData/zhanh/auto_structbeat/caches/pilot/mscnn_final_last_gtzan/gtzan__gtzan_disco_00090__track.npy.npz
mscnn_gtzan,width_only,gtzan/gtzan_disco_00091/track.npy,gtzan,1.0,0.958042339494938,0.958042339494938,0.958042339494938,1.0,1.0,1.0,1.0,1.0,0.947724241145689,0.947724241145689,0.947724241145689,1.0,1.0,1.0,1.0,50.0,0.0,0.0,0.0666913744986708,12.0,0.0,0.0,0.01666705248521218,0.0,/media/mengh/SharedData/zhanh/auto_structbeat/caches/pilot/mscnn_final_last_gtzan/gtzan__gtzan_disco_00091__track.npy.npz
mscnn_gtzan,width_only,gtzan/gtzan_disco_00092/track.npy,gtzan,1.0,0.9079105176945594,0.9079105176945594,0.9079105176945594,1.0,1.0,1.0,1.0,1.0,0.9099817677686904,0.9099817677686904,0.9099817677686904,1.0,1.0,1.0,1.0,58.0,0.0,0.0,0.04794252790339329,14.0,0.0,0.0,0.019315387696034476,0.0,/media/mengh/SharedData/zhanh/auto_structbeat/caches/pilot/mscnn_final_last_gtzan/gtzan__gtzan_disco_00092__track.npy.npz
mscnn_gtzan,width_only,gtzan/gtzan_disco_00093/track.npy,gtzan,1.0,0.977212731267725,0.977212731267725,0.977212731267725,1.0,1.0,1.0,1.0,1.0,0.9708765001943658,0.9708765001943658,0.9708765001943658,1.0,1.0,1.0,1.0,55.0,0.0,0.0,0.07410797215372485,13.0,0.0,0.0,0.013825765665254952,0.0,/media/mengh/SharedData/zhanh/auto_structbeat/caches/pilot/mscnn_final_last_gtzan/gtzan__gtzan_disco_00093__track.npy.npz
mscnn_gtzan,width_only,gtzan/gtzan_disco_00094/track.npy,gtzan,1.0,0.9662751961565907,0.9662751961565907,0.9662751961565907,1.0,1.0,1.0,1.0,0.7142857142857143,0.6919195067685293,0.9254390496365995,0.8086792782025645,0.1111111111111111,0.1111111111111111,0.8275862068965517,0.8275862068965517,70.0,0.0,0.0,0.0754136613059309,30.0,0.0,0.0,0.0229895182247003,0.0,/media/mengh/SharedData/zhanh/auto_structbeat/caches/pilot/mscnn_final_last_gtzan/gtzan__gtzan_disco_00094__track.npy.npz
mscnn_gtzan,width_only,gtzan/gtzan_disco_00095/track.npy,gtzan,1.0,0.9201643713686487,0.9201643713686487,0.9201643713686487,1.0,1.0,1.0,1.0,1.0,0.9064774011214597,0.9064774011214597,0.9064774011214597,1.0,1.0,1.0,1.0,60.0,0.0,0.0,0.08004270767353637,15.0,0.0,0.0,0.020202707317518786,0.0,/media/mengh/SharedData/zhanh/auto_structbeat/caches/pilot/mscnn_final_last_gtzan/gtzan__gtzan_disco_00095__track.npy.npz
mscnn_gtzan,width_only,gtzan/gtzan_disco_00096/track.npy,gtzan,1.0,0.9147235154081049,0.9147235154081049,0.9147235154081049,1.0,1.0,1.0,1.0,1.0,0.905329199546271,0.905329199546271,0.905329199546271,1.0,1.0,1.0,1.0,51.0,0.0,0.0,0.03390155167568665,13.0,0.0,0.0,0.008510689667909133,0.0,/media/mengh/SharedData/zhanh/auto_structbeat/caches/pilot/mscnn_final_last_gtzan/gtzan__gtzan_disco_00096__track.npy.npz
mscnn_gtzan,width_only,gtzan/gtzan_disco_00097/track.npy,gtzan,1.0,0.9669299816646156,0.9669299816646156,0.9669299816646156,1.0,1.0,1.0,1.0,1.0,0.9637375770048342,0.9637375770048342,0.9637375770048342,1.0,1.0,1.0,1.0,65.0,0.0,0.0,0.038303652976916173,16.0,0.0,0.0,0.010810916104216023,0.0,/media/mengh/SharedData/zhanh/auto_structbeat/caches/pilot/mscnn_final_last_gtzan/gtzan__gtzan_disco_00097__track.npy.npz
mscnn_gtzan,width_only,gtzan/gtzan_disco_00098/track.npy,gtzan,0.9387755102040817,0.7488967392417835,0.7488967392417835,0.7488967392417835,0.45098039215686275,0.803921568627451,0.45098039215686275,0.803921568627451,0.9600000000000001,0.7825706585032086,0.7825706585032086,0.7825706585032086,0.5384615384615384,0.8461538461538461,0.5384615384615384,0.8461538461538461,57.0,0.0,0.0,0.6585109722005116,14.0,0.0,0.0,0.6931471805599444,0.0,/media/mengh/SharedData/zhanh/auto_structbeat/caches/pilot/mscnn_final_last_gtzan/gtzan__gtzan_disco_00098__track.npy.npz
mscnn_gtzan,width_only,gtzan/gtzan_disco_00099/track.npy,gtzan,0.9387755102040817,0.7384867430207316,0.7384867430207316,0.7384867430207316,0.45098039215686275,0.803921568627451,0.45098039215686275,0.803921568627451,0.9600000000000001,0.7688947406394452,0.7688947406394452,0.7688947406394452,0.5384615384615384,0.8461538461538461,0.5384615384615384,0.8461538461538461,57.0,0.0,0.0,0.6585109722005116,14.0,0.0,0.0,0.6931471805599444,0.0,/media/mengh/SharedData/zhanh/auto_structbeat/caches/pilot/mscnn_final_last_gtzan/gtzan__gtzan_disco_00099__track.npy.npz
mscnn_gtzan,width_only,gtzan/gtzan_hiphop_00000/track.npy,gtzan,1.0,0.9581546615195724,0.9581546615195724,0.9581546615195724,1.0,1.0,1.0,1.0,1.0,0.9743762208851449,0.9743762208851449,0.9743762208851449,1.0,1.0,1.0,1.0,60.0,0.0,0.0,0.04082199452025426,15.0,0.0,0.0,0.009950330853168632,0.0,/media/mengh/SharedData/zhanh/auto_structbeat/caches/pilot/mscnn_final_last_gtzan/gtzan__gtzan_hiphop_00000__track.npy.npz
mscnn_gtzan,width_only,gtzan/gtzan_hiphop_00001/track.npy,gtzan,0.9870129870129869,0.9083951029450544,0.9083951029450544,0.9083951029450544,0.9743589743589743,0.9743589743589743,0.9743589743589743,0.9743589743589743,1.0,0.9027248208390597,0.9027248208390597,0.9027248208390597,1.0,1.0,1.0,1.0,45.0,0.0,0.0,0.06062462181643606,11.0,0.0,0.0,0.012156232110588713,0.0,/media/mengh/SharedData/zhanh/auto_structbeat/caches/pilot/mscnn_final_last_gtzan/gtzan__gtzan_hiphop_00001__track.npy.npz
mscnn_gtzan,width_only,gtzan/gtzan_hiphop_00002/track.npy,gtzan,1.0,0.9244537441819671,0.9244537441819671,0.9244537441819671,1.0,1.0,1.0,1.0,1.0,0.8789891014475515,0.8789891014475515,0.8789891014475515,1.0,1.0,1.0,1.0,50.0,0.0,0.0,0.06669137449867374,12.0,0.0,0.0,0.016529301951211717,0.0,/media/mengh/SharedData/zhanh/auto_structbeat/caches/pilot/mscnn_final_last_gtzan/gtzan__gtzan_hiphop_00002__track.npy.npz
mscnn_gtzan,width_only,gtzan/gtzan_hiphop_00003/track.npy,gtzan,0.9873417721518987,0.967998819303839,0.967998819303839,0.967998819303839,0.975,0.975,0.975,0.975,0.0,4.972774231293998e-224,0.9424205072291137,0.4712102536145569,0.0,0.0,0.9,0.9,46.0,0.0,0.0,0.03077165866675553,12.0,0.0,0.0,1.4432899320127035e-15,0.0,/media/mengh/SharedData/zhanh/auto_structbeat/caches/pilot/mscnn_final_last_gtzan/gtzan__gtzan_hiphop_00003__track.npy.npz
mscnn_gtzan,width_only,gtzan/gtzan_hiphop_00004/track.npy,gtzan,1.0,0.9884668490669097,0.9884668490669097,0.9884668490669097,1.0,1.0,1.0,1.0,0.6666666666666666,0.6540368757971664,0.9601710737703008,0.8071039747837336,0.0,0.0,0.95,0.95,48.0,0.0,0.0,0.056601346558924945,24.0,0.0,0.0,0.01624751189551011,0.0,/media/mengh/SharedData/zhanh/auto_structbeat/caches/pilot/mscnn_final_last_gtzan/gtzan__gtzan_hiphop_00004__track.npy.npz
mscnn_gtzan,width_only,gtzan/gtzan_hiphop_00005/track.npy,gtzan,0.9747899159663865,0.8781966836673685,0.8781966836673685,0.8781966836673685,0.9666666666666667,0.9666666666666667,0.9666666666666667,0.9666666666666667,0.9333333333333333,0.894254490231991,0.894254490231991,0.894254490231991,1.0,1.0,1.0,1.0,70.0,0.0,0.0,0.09531017980433143,18.0,0.0,0.0,0.0355066884569096,0.0,/media/mengh/SharedData/zhanh/auto_structbeat/caches/pilot/mscnn_final_last_gtzan/gtzan__gtzan_hiphop_00005__track.npy.npz
mscnn_gtzan,width_only,gtzan/gtzan_hiphop_00006/track.npy,gtzan,0.9879518072289156,0.9604778585279016,0.9604778585279016,0.9604778585279016,0.9761904761904762,0.9761904761904762,0.9761904761904762,0.9761904761904762,0.6428571428571429,0.6231632190234507,0.8926224407523996,0.7578928298879252,0.0,0.0,0.8947368421052632,0.8947368421052632,50.0,0.0,0.0,0.06669137449867063,22.0,0.0,0.0,0.03333642026758974,0.0,/media/mengh/SharedData/zhanh/auto_structbeat/caches/pilot/mscnn_final_last_gtzan/gtzan__gtzan_hiphop_00006__track.npy.npz
mscnn_gtzan,width_only,gtzan/gtzan_hiphop_00007/track.npy,gtzan,0.8545454545454546,0.818816080839274,0.818816080839274,0.818816080839274,0.2833333333333333,0.7833333333333333,0.2833333333333333,0.7833333333333333,0.7199999999999999,0.7145572197113527,0.7145572197113527,0.7145572197113527,0.6153846153846154,0.7692307692307693,0.6153846153846154,0.7692307692307693,71.0,0.15714285714285714,0.15714285714285714,1.8325814637483,14.0,0.0,0.0,0.40073953451225647,0.0,/media/mengh/SharedData/zhanh/auto_structbeat/caches/pilot/mscnn_final_last_gtzan/gtzan__gtzan_hiphop_00007__track.npy.npz
mscnn_gtzan,width_only,gtzan/gtzan_hiphop_00008/track.npy,gtzan,0.9722222222222222,0.8592045196313856,0.8592045196313856,0.8592045196313856,1.0,1.0,1.0,1.0,0.6250000000000001,0.5399044780295378,0.5399044780295378,0.5399044780295378,0.5555555555555556,0.5555555555555556,0.5555555555555556,0.5555555555555556,43.0,0.0,0.0,0.0555698511548145,9.0,0.0,0.0,0.41502802386091686,0.0,/media/mengh/SharedData/zhanh/auto_structbeat/caches/pilot/mscnn_final_last_gtzan/gtzan__gtzan_hiphop_00008__track.npy.npz
mscnn_gtzan,width_only,gtzan/gtzan_hiphop_00009/track.npy,gtzan,0.9655172413793104,0.8784598421422838,0.8784598421422838,0.8784598421422838,0.9545454545454546,0.9545454545454546,0.9545454545454546,0.9545454545454546,0.9523809523809523,0.838581907861222,0.838581907861222,0.838581907861222,0.9090909090909091,0.9090909090909091,0.9090909090909091,0.9090909090909091,52.0,0.0,0.0,0.06795719784222497,13.0,0.0,0.0,0.01724180643450568,0.0,/media/mengh/SharedData/zhanh/auto_structbeat/caches/pilot/mscnn_final_last_gtzan/gtzan__gtzan_hiphop_00009__track.npy.npz
mscnn_gtzan,width_only,gtzan/gtzan_hiphop_00010/track.npy,gtzan,0.9876543209876543,0.9290238035791603,0.9290238035791603,0.9290238035791603,0.975609756097561,0.975609756097561,0.975609756097561,0.975609756097561,1.0,0.9460659930078392,0.9460659930078392,0.9460659930078392,1.0,1.0,1.0,1.0,48.0,0.0,0.0,0.06453852113757189,12.0,0.0,0.0,0.016000341346440905,0.0,/media/mengh/SharedData/zhanh/auto_structbeat/caches/pilot/mscnn_final_last_gtzan/gtzan__gtzan_hiphop_00010__track.npy.npz
mscnn_gtzan,width_only,gtzan/gtzan_hiphop_00011/track.npy,gtzan,1.0,0.9481279898517031,0.9481279898517031,0.9481279898517031,1.0,1.0,1.0,1.0,1.0,0.9375485929444516,0.9375485929444516,0.9375485929444516,1.0,1.0,1.0,1.0,50.0,0.0,0.0,0.06669137449867313,12.0,0.0,0.0,0.01666705248521253,0.0,/media/mengh/SharedData/zhanh/auto_structbeat/caches/pilot/mscnn_final_last_gtzan/gtzan__gtzan_hiphop_00011__track.npy.npz
mscnn_gtzan,width_only,gtzan/gtzan_hiphop_00012/track.npy,gtzan,0.9879518072289156,0.9105012197930895,0.9105012197930895,0.9105012197930895,0.9761904761904762,0.9761904761904762,0.9761904761904762,0.9761904761904762,1.0,0.9274444605819104,0.9274444605819104,0.9274444605819104,1.0,1.0,1.0,1.0,49.0,0.0,0.0,0.06453852113757264,12.0,0.0,0.0,0.016393809775676636,0.0,/media/mengh/SharedData/zhanh/auto_structbeat/caches/pilot/mscnn_final_last_gtzan/gtzan__gtzan_hiphop_00012__track.npy.npz
mscnn_gtzan,width_only,gtzan/gtzan_hiphop_00013/track.npy,gtzan,1.0,0.9621145584823092,0.9621145584823092,0.9621145584823092,1.0,1.0,1.0,1.0,1.0,0.9635418844488093,0.9635418844488093,0.9635418844488093,1.0,1.0,1.0,1.0,51.0,0.0,0.0,0.03390155167568665,13.0,0.0,0.0,0.012730123990841391,0.0,/media/mengh/SharedData/zhanh/auto_structbeat/caches/pilot/mscnn_final_last_gtzan/gtzan__gtzan_hiphop_00013__track.npy.npz
mscnn_gtzan,width_only,gtzan/gtzan_hiphop_00014/track.npy,gtzan,1.0,0.9394373001375126,0.9394373001375126,0.9394373001375126,1.0,1.0,1.0,1.0,1.0,0.9676880154635391,0.9676880154635391,0.9676880154635391,1.0,1.0,1.0,1.0,67.0,0.0,0.0,0.16325952083309256,17.0,0.0,0.0,0.022223136784709985,0.0,/media/mengh/SharedData/zhanh/auto_structbeat/caches/pilot/mscnn_final_last_gtzan/gtzan__gtzan_hiphop_00014__track.npy.npz
mscnn_gtzan,width_only,gtzan/gtzan_hiphop_00015/track.npy,gtzan,1.0,0.9136140005034322,0.9136140005034322,0.9136140005034322,1.0,1.0,1.0,1.0,1.0,0.937751274729008,0.937751274729008,0.937751274729008,1.0,1.0,1.0,1.0,50.0,0.0,0.0,0.06669137449866863,12.0,0.0,0.0,0.008230499136516444,0.0,/media/mengh/SharedData/zhanh/auto_structbeat/caches/pilot/mscnn_final_last_gtzan/gtzan__gtzan_hiphop_00015__track.npy.npz
mscnn_gtzan,width_only,gtzan/gtzan_hiphop_00016/track.npy,gtzan,1.0,0.9504712777923852,0.9504712777923852,0.9504712777923852,1.0,1.0,1.0,1.0,1.0,0.9424372890033526,0.9424372890033526,0.9424372890033526,1.0,1.0,1.0,1.0,51.0,0.0,0.0,0.03390155167568665,13.0,0.0,0.0,0.008438868645865516,0.0,/media/mengh/SharedData/zhanh/auto_structbeat/caches/pilot/mscnn_final_last_gtzan/gtzan__gtzan_hiphop_00016__track.npy.npz
mscnn_gtzan,width_only,gtzan/gtzan_hiphop_00017/track.npy,gtzan,0.9876543209876543,0.959140615333448,0.959140615333448,0.959140615333448,0.975609756097561,0.975609756097561,0.975609756097561,0.975609756097561,1.0,0.9767279467297625,0.9767279467297625,0.9767279467297625,1.0,1.0,1.0,1.0,49.0,0.0,0.0,0.05501391164319759,12.0,0.0,0.0,0.0162605208717805,0.0,/media/mengh/SharedData/zhanh/auto_structbeat/caches/pilot/mscnn_final_last_gtzan/gtzan__gtzan_hiphop_00017__track.npy.npz
mscnn_gtzan,width_only,gtzan/gtzan_hiphop_00018/track.npy,gtzan,0.5132743362831859,0.3698952138003425,0.3712771274706832,0.37058617063551286,0.07246376811594203,0.21739130434782608,0.07246376811594203,0.21739130434782608,0.3333333333333333,0.255204842419392,0.2773027468863451,0.2662537946528686,0.12,0.2,0.12,0.2,79.0,0.08974358974358974,0.15384615384615385,1.1752757341689577,30.0,0.034482758620689655,0.13793103448275862,2.17203385246744,0.0,/media/mengh/SharedData/zhanh/auto_structbeat/caches/pilot/mscnn_final_last_gtzan/gtzan__gtzan_hiphop_00018__track.npy.npz
mscnn_gtzan,width_only,gtzan/gtzan_hiphop_00019/track.npy,gtzan,1.0,0.951207221359439,0.951207221359439,0.951207221359439,1.0,1.0,1.0,1.0,1.0,0.9460072503283441,0.9460072503283441,0.9460072503283441,1.0,1.0,1.0,1.0,51.0,0.0,0.0,0.05357544536947342,13.0,0.0,0.0,0.016807118316381264,0.0,/media/mengh/SharedData/zhanh/auto_structbeat/caches/pilot/mscnn_final_last_gtzan/gtzan__gtzan_hiphop_00019__track.npy.npz
mscnn_gtzan,width_only,gtzan/gtzan_hiphop_00020/track.npy,gtzan,0.9896907216494846,0.9351667089460076,0.9351667089460076,0.9351667089460076,0.9795918367346939,0.9795918367346939,0.9795918367346939,0.9795918367346939,0.9600000000000001,0.9223583326270054,0.9223583326270054,0.9223583326270054,0.9230769230769231,0.9230769230769231,0.9230769230769231,0.9230769230769231,58.0,0.0,0.0,0.048655795148994624,14.0,0.0,0.0,0.019315387696032506,0.0,/media/mengh/SharedData/zhanh/auto_structbeat/caches/pilot/mscnn_final_last_gtzan/gtzan__gtzan_hiphop_00020__track.npy.npz
mscnn_gtzan,width_only,gtzan/gtzan_hiphop_00021/track.npy,gtzan,1.0,0.9649325093865632,0.9649325093865632,0.9649325093865632,1.0,1.0,1.0,1.0,1.0,0.9850290358517746,0.9850290358517746,0.9850290358517746,1.0,1.0,1.0,1.0,50.0,0.0,0.0,0.055214936510627234,12.0,0.0,0.0,0.008438868645864406,0.0,/media/mengh/SharedData/zhanh/auto_structbeat/caches/pilot/mscnn_final_last_gtzan/gtzan__gtzan_hiphop_00021__track.npy.npz
mscnn_gtzan,width_only,gtzan/gtzan_hiphop_00022/track.npy,gtzan,1.0,0.961776438631796,0.961776438631796,0.961776438631796,1.0,1.0,1.0,1.0,1.0,0.9653453534826123,0.9653453534826123,0.9653453534826123,1.0,1.0,1.0,1.0,51.0,0.0,0.0,0.06807227269164434,13.0,0.0,0.0,0.008438868645865183,0.0,/media/mengh/SharedData/zhanh/auto_structbeat/caches/pilot/mscnn_final_last_gtzan/gtzan__gtzan_hiphop_00022__track.npy.npz
mscnn_gtzan,width_only,gtzan/gtzan_hiphop_00023/track.npy,gtzan,0.9873417721518987,0.9298587987512582,0.9298587987512582,0.9298587987512582,0.975,0.975,0.975,0.975,1.0,0.9442218869394299,0.9442218869394299,0.9442218869394299,1.0,1.0,1.0,1.0,47.0,0.0,0.0,0.03174869831458469,12.0,0.0,0.0,0.015625317903079878,0.0,/media/mengh/SharedData/zhanh/auto_structbeat/caches/pilot/mscnn_final_last_gtzan/gtzan__gtzan_hiphop_00023__track.npy.npz
mscnn_gtzan,width_only,gtzan/gtzan_hiphop_00024/track.npy,gtzan,1.0,0.979243449747314,0.979243449747314,0.979243449747314,1.0,1.0,1.0,1.0,1.0,0.9790376191803426,0.9790376191803426,0.9790376191803426,1.0,1.0,1.0,1.0,51.0,0.0,0.0,0.03390155167568665,13.0,0.0,0.0,0.021241430159469332,0.0,/media/mengh/SharedData/zhanh/auto_structbeat/caches/pilot/mscnn_final_last_gtzan/gtzan__gtzan_hiphop_00024__track.npy.npz
mscnn_gtzan,width_only,gtzan/gtzan_hiphop_00025/track.npy,gtzan,1.0,0.9107419450627866,0.9107419450627866,0.9107419450627866,1.0,1.0,1.0,1.0,1.0,0.932107732664178,0.932107732664178,0.932107732664178,1.0,1.0,1.0,1.0,53.0,0.0,0.0,0.10536051565782634,13.0,0.0,0.0,0.00884978854970031,0.0,/media/mengh/SharedData/zhanh/auto_structbeat/caches/pilot/mscnn_final_last_gtzan/gtzan__gtzan_hiphop_00025__track.npy.npz
mscnn_gtzan,width_only,gtzan/gtzan_hiphop_00026/track.npy,gtzan,1.0,0.9431673917174387,0.9431673917174387,0.9431673917174387,1.0,1.0,1.0,1.0,1.0,0.9065079138548231,0.9065079138548231,0.9065079138548231,1.0,1.0,1.0,1.0,52.0,0.0,0.0,0.05373717323289365,13.0,0.0,0.0,0.012730123990841391,0.0,/media/mengh/SharedData/zhanh/auto_structbeat/caches/pilot/mscnn_final_last_gtzan/gtzan__gtzan_hiphop_00026__track.npy.npz
mscnn_gtzan,width_only,gtzan/gtzan_hiphop_00027/track.npy,gtzan,1.0,0.9567532270190426,0.9567532270190426,0.9567532270190426,1.0,1.0,1.0,1.0,0.3157894736842105,0.2870456638321261,0.6275551838600208,0.4573004238460735,0.1,0.1,0.3333333333333333,0.4444444444444444,46.0,0.0,0.0,0.05614667734398174,11.0,0.0,0.0,0.6901053408058576,0.0,/media/mengh/SharedData/zhanh/auto_structbeat/caches/pilot/mscnn_final_last_gtzan/gtzan__gtzan_hiphop_00027__track.npy.npz
mscnn_gtzan,width_only,gtzan/gtzan_hiphop_00028/track.npy,gtzan,0.7894736842105263,0.5873397338851489,0.5873397338851489,0.5873397338851489,1.0,1.0,1.0,1.0,0.7777777777777778,0.5126713632205838,0.5126713632205838,0.5126713632205838,1.0,1.0,1.0,1.0,45.0,0.0,0.0,0.08961215868968755,11.0,0.0,0.0,0.0520563619560531,0.0,/media/mengh/SharedData/zhanh/auto_structbeat/caches/pilot/mscnn_final_last_gtzan/gtzan__gtzan_hiphop_00028__track.npy.npz
mscnn_gtzan,width_only,gtzan/gtzan_hiphop_00029/track.npy,gtzan,1.0,0.9736657629304327,0.9736657629304327,0.9736657629304327,1.0,1.0,1.0,1.0,1.0,0.9847464134587864,0.9847464134587864,0.9847464134587864,1.0,1.0,1.0,1.0,48.0,0.0,0.0,0.0625203569813354,12.0,0.0,0.0,0.004247125351652012,0.0,/media/mengh/SharedData/zhanh/auto_structbeat/caches/pilot/mscnn_final_last_gtzan/gtzan__gtzan_hiphop_00029__track.npy.npz
mscnn_gtzan,width_only,gtzan/gtzan_hiphop_00030/track.npy,gtzan,0.43478260869565216,0.40596727713340697,0.769721583688912,0.5878444304111594,0.009174311926605505,0.03669724770642202,0.1651376146788991,0.3119266055045872,0.03508771929824561,0.03462702840834393,0.10319250509430991,0.06890976675132693,0.10526315789473684,0.10526315789473684,0.10526315789473684,0.10526315789473684,130.0,0.08527131782945736,0.5658914728682171,0.9516440023621197,48.0,0.0425531914893617,0.23404255319148937,1.9992505443612276,0.0,/media/mengh/SharedData/zhanh/auto_structbeat/caches/pilot/mscnn_final_last_gtzan/gtzan__gtzan_hiphop_00030__track.npy.npz
mscnn_gtzan,width_only,gtzan/gtzan_hiphop_00031/track.npy,gtzan,1.0,0.975048135095073,0.975048135095073,0.975048135095073,1.0,1.0,1.0,1.0,1.0,0.9809869883117592,0.9809869883117592,0.9809869883117592,1.0,1.0,1.0,1.0,50.0,0.0,0.0,0.03390155167568665,12.0,0.0,0.0,0.008368249670517042,0.0,/media/mengh/SharedData/zhanh/auto_structbeat/caches/pilot/mscnn_final_last_gtzan/gtzan__gtzan_hiphop_00031__track.npy.npz
mscnn_gtzan,width_only,gtzan/gtzan_hiphop_00032/track.npy,gtzan,0.9879518072289156,0.7318072172949363,0.7318072172949363,0.7318072172949363,0.9761904761904762,0.9761904761904762,0.9761904761904762,0.9761904761904762,1.0,0.8161233340125847,0.8161233340125847,0.8161233340125847,1.0,1.0,1.0,1.0,51.0,0.0,0.0,0.06807227269164123,13.0,0.0,0.0,0.036944816854208196,0.0,/media/mengh/SharedData/zhanh/auto_structbeat/caches/pilot/mscnn_final_last_gtzan/gtzan__gtzan_hiphop_00032__track.npy.npz
mscnn_gtzan,width_only,gtzan/gtzan_hiphop_00033/track.npy,gtzan,1.0,0.9587558808278099,0.9587558808278099,0.9587558808278099,1.0,1.0,1.0,1.0,1.0,0.9339226648363873,0.9339226648363873,0.9339226648363873,1.0,1.0,1.0,1.0,49.0,0.0,0.0,0.11998023387998327,12.0,0.0,0.0,0.02061920278142226,0.0,/media/mengh/SharedData/zhanh/auto_structbeat/caches/pilot/mscnn_final_last_gtzan/gtzan__gtzan_hiphop_00033__track.npy.npz
mscnn_gtzan,width_only,gtzan/gtzan_hiphop_00034/track.npy,gtzan,0.9024390243902439,0.767874848429242,0.767874848429242,0.767874848429242,1.0,1.0,1.0,1.0,0.9,0.8224979476741014,0.8224979476741014,0.8224979476741014,1.0,1.0,1.0,1.0,50.0,0.0,0.0,0.06669137449867313,12.0,0.0,0.0,0.02977042236344994,0.0,/media/mengh/SharedData/zhanh/auto_structbeat/caches/pilot/mscnn_final_last_gtzan/gtzan__gtzan_hiphop_00034__track.npy.npz
mscnn_gtzan,width_only,gtzan/gtzan_hiphop_00035/track.npy,gtzan,1.0,0.9679552704784548,0.9679552704784548,0.9679552704784548,1.0,1.0,1.0,1.0,1.0,0.9620482822140001,0.9620482822140001,0.9620482822140001,1.0,1.0,1.0,1.0,43.0,0.0,0.0,0.0555698511548145,11.0,0.0,0.0,0.007017572658646554,0.0,/media/mengh/SharedData/zhanh/auto_structbeat/caches/pilot/mscnn_final_last_gtzan/gtzan__gtzan_hiphop_00035__track.npy.npz
mscnn_gtzan,width_only,gtzan/gtzan_hiphop_00036/track.npy,gtzan,0.8727272727272728,0.8136420757532996,0.8136420757532996,0.8136420757532996,0.2,0.7666666666666667,0.2,0.7666666666666667,0.9166666666666666,0.8686374632006407,0.8686374632006407,0.8686374632006407,0.8461538461538461,0.8461538461538461,0.8461538461538461,0.8461538461538461,62.0,0.18032786885245902,0.18032786885245902,1.8325814637483089,12.0,0.0,0.0,0.518050916704095,0.0,/media/mengh/SharedData/zhanh/auto_structbeat/caches/pilot/mscnn_final_last_gtzan/gtzan__gtzan_hiphop_00036__track.npy.npz
mscnn_gtzan,width_only,gtzan/gtzan_hiphop_00037/track.npy,gtzan,0.967741935483871,0.9382144586060025,0.9382144586060025,0.9382144586060025,0.9354838709677419,0.9354838709677419,0.9354838709677419,0.9354838709677419,1.0,0.9783447560139282,0.9783447560139282,0.9783447560139282,1.0,1.0,1.0,1.0,39.0,0.0,0.0,0.09593615840611043,10.0,0.0,0.0,0.20442143075427877,0.0,/media/mengh/SharedData/zhanh/auto_structbeat/caches/pilot/mscnn_final_last_gtzan/gtzan__gtzan_hiphop_00037__track.npy.npz
mscnn_gtzan,width_only,gtzan/gtzan_hiphop_00038/track.npy,gtzan,1.0,0.9824435166205371,0.9824435166205371,0.9824435166205371,1.0,1.0,1.0,1.0,1.0,0.9782936802415405,0.9782936802415405,0.9782936802415405,1.0,1.0,1.0,1.0,42.0,0.0,0.0,0.06062462181643358,11.0,0.0,0.0,0.0076045993852190685,0.0,/media/mengh/SharedData/zhanh/auto_structbeat/caches/pilot/mscnn_final_last_gtzan/gtzan__gtzan_hiphop_00038__track.npy.npz
mscnn_gtzan,width_only,gtzan/gtzan_hiphop_00039/track.npy,gtzan,1.0,0.9616321484273951,0.9616321484273951,0.9616321484273951,1.0,1.0,1.0,1.0,1.0,0.9602235779693675,0.9602235779693675,0.9602235779693675,1.0,1.0,1.0,1.0,49.0,0.0,0.0,0.031748698314585266,13.0,0.0,0.0,0.007905179507114446,0.0,/media/mengh/SharedData/zhanh/auto_structbeat/caches/pilot/mscnn_final_last_gtzan/gtzan__gtzan_hiphop_00039__track.npy.npz
mscnn_gtzan,width_only,gtzan/gtzan_hiphop_00040/track.npy,gtzan,1.0,0.9310887256716682,0.9310887256716682,0.9310887256716682,1.0,1.0,1.0,1.0,1.0,0.968630963574363,0.968630963574363,0.968630963574363,1.0,1.0,1.0,1.0,41.0,0.0,0.0,0.05645665329022032,10.0,0.0,0.0,0.01100794091793111,0.0,/media/mengh/SharedData/zhanh/auto_structbeat/caches/pilot/mscnn_final_last_gtzan/gtzan__gtzan_hiphop_00040__track.npy.npz
mscnn_gtzan,width_only,gtzan/gtzan_hiphop_00041/track.npy,gtzan,0.9873417721518987,0.9629877981911332,0.9629877981911332,0.9629877981911332,0.975,0.975,0.975,0.975,1.0,0.9715237296619943,0.9715237296619943,0.9715237296619943,1.0,1.0,1.0,1.0,48.0,0.0,0.0,0.19911155262484906,12.0,0.0,0.0,0.3313025009454198,0.0,/media/mengh/SharedData/zhanh/auto_structbeat/caches/pilot/mscnn_final_last_gtzan/gtzan__gtzan_hiphop_00041__track.npy.npz
mscnn_gtzan,width_only,gtzan/gtzan_hiphop_00042/track.npy,gtzan,1.0,0.7480202803287909,0.7480202803287909,0.7480202803287909,1.0,1.0,1.0,1.0,0.0,3.016344159540897e-219,0.7169400291509809,0.35847001457549044,0.0,0.0,0.9,0.9,47.0,0.0,0.0,0.06062462181643358,12.0,0.0,0.0,0.015151805020601872,0.0,/media/mengh/SharedData/zhanh/auto_structbeat/caches/pilot/mscnn_final_last_gtzan/gtzan__gtzan_hiphop_00042__track.npy.npz
mscnn_gtzan,width_only,gtzan/gtzan_hiphop_00043/track.npy,gtzan,1.0,0.9565301075039981,0.9565301075039981,0.9565301075039981,1.0,1.0,1.0,1.0,1.0,0.9742007420021608,0.9742007420021608,0.9742007420021608,1.0,1.0,1.0,1.0,45.0,0.0,0.0,0.4066106929201038,11.0,0.0,0.0,0.16571844189899393,0.0,/media/mengh/SharedData/zhanh/auto_structbeat/caches/pilot/mscnn_final_last_gtzan/gtzan__gtzan_hiphop_00043__track.npy.npz
mscnn_gtzan,width_only,gtzan/gtzan_hiphop_00044/track.npy,gtzan,0.7157894736842104,0.5970856029513171,0.5970856029513171,0.5970856029513171,0.5,0.56,0.5,0.56,0.08695652173913043,0.024177156561147262,0.03475466255664919,0.029465909558898225,0.0,0.0,0.0,0.0,46.0,0.0,0.022222222222222223,0.6840534872874878,10.0,0.0,0.0,0.31599355368440735,0.0,/media/mengh/SharedData/zhanh/auto_structbeat/caches/pilot/mscnn_final_last_gtzan/gtzan__gtzan_hiphop_00044__track.npy.npz
mscnn_gtzan,width_only,gtzan/gtzan_hiphop_00045/track.npy,gtzan,1.0,0.9616321484273951,0.9616321484273951,0.9616321484273951,1.0,1.0,1.0,1.0,1.0,0.9602235779693675,0.9602235779693675,0.9602235779693675,1.0,1.0,1.0,1.0,49.0,0.0,0.0,0.031748698314585266,13.0,0.0,0.0,0.007905179507114446,0.0,/media/mengh/SharedData/zhanh/auto_structbeat/caches/pilot/mscnn_final_last_gtzan/gtzan__gtzan_hiphop_00045__track.npy.npz
mscnn_gtzan,width_only,gtzan/gtzan_hiphop_00046/track.npy,gtzan,0.975609756097561,0.9538272554079871,0.9538272554079871,0.9538272554079871,0.975609756097561,0.975609756097561,0.975609756097561,0.975609756097561,0.9090909090909091,0.8944532424309876,0.8944532424309876,0.8944532424309876,1.0,1.0,1.0,1.0,49.0,0.0,0.0,0.03247748547046463,13.0,0.0,0.0,0.012080776813573668,0.0,/media/mengh/SharedData/zhanh/auto_structbeat/caches/pilot/mscnn_final_last_gtzan/gtzan__gtzan_hiphop_00046__track.npy.npz
mscnn_gtzan,width_only,gtzan/gtzan_hiphop_00047/track.npy,gtzan,0.8791208791208791,0.8644901643908502,0.8644901643908502,0.8644901643908502,0.6,0.6,0.6,0.6,0.8333333333333333,0.8168786618665557,0.8288977500873976,0.8228882059769766,0.42857142857142855,0.42857142857142855,0.42857142857142855,0.42857142857142855,58.0,0.0,0.0,0.1272552053716356,16.0,0.0,0.0,0.2531708517626399,0.0,/media/mengh/SharedData/zhanh/auto_structbeat/caches/pilot/mscnn_final_last_gtzan/gtzan__gtzan_hiphop_00047__track.npy.npz
mscnn_gtzan,width_only,gtzan/gtzan_hiphop_00048/track.npy,gtzan,1.0,0.9618018138168443,0.9618018138168443,0.9618018138168443,1.0,1.0,1.0,1.0,1.0,0.9775650254867614,0.9775650254867614,0.9775650254867614,1.0,1.0,1.0,1.0,49.0,0.0,0.0,0.06453852113757563,12.0,0.0,0.0,0.008032171697264296,0.0,/media/mengh/SharedData/zhanh/auto_structbeat/caches/pilot/mscnn_final_last_gtzan/gtzan__gtzan_hiphop_00048__track.npy.npz
mscnn_gtzan,width_only,gtzan/gtzan_hiphop_00049/track.npy,gtzan,0.9523809523809523,0.9240389415074145,0.9240389415074145,0.9240389415074145,0.7619047619047619,0.9285714285714286,0.7619047619047619,0.9285714285714286,0.9090909090909091,0.8784140596276715,0.8784140596276715,0.8784140596276715,1.0,1.0,1.0,1.0,51.0,0.0,0.0,0.03390155167568665,13.0,0.0,0.0,0.012730123990841224,0.0,/media/mengh/SharedData/zhanh/auto_structbeat/caches/pilot/mscnn_final_last_gtzan/gtzan__gtzan_hiphop_00049__track.npy.npz
mscnn_gtzan,width_only,gtzan/gtzan_hiphop_00050/track.npy,gtzan,0.9879518072289156,0.8802158420608632,0.8802158420608632,0.8802158420608632,0.9761904761904762,0.9761904761904762,0.9761904761904762,0.9761904761904762,1.0,0.940128055582265,0.940128055582265,0.940128055582265,1.0,1.0,1.0,1.0,49.0,0.0,0.0,0.06453852113757264,12.0,0.0,0.0,0.008163310639161554,0.0,/media/mengh/SharedData/zhanh/auto_structbeat/caches/pilot/mscnn_final_last_gtzan/gtzan__gtzan_hiphop_00050__track.npy.npz
mscnn_gtzan,width_only,gtzan/gtzan_hiphop_00051/track.npy,gtzan,1.0,0.8814507245111521,0.8814507245111521,0.8814507245111521,1.0,1.0,1.0,1.0,1.0,0.8763207404054881,0.8763207404054881,0.8763207404054881,1.0,1.0,1.0,1.0,53.0,0.0,0.0,0.06899287148695155,13.0,0.0,0.0,0.021873341022466353,0.0,/media/mengh/SharedData/zhanh/auto_structbeat/caches/pilot/mscnn_final_last_gtzan/gtzan__gtzan_hiphop_00051__track.npy.npz
mscnn_gtzan,width_only,gtzan/gtzan_hiphop_00052/track.npy,gtzan,1.0,0.9261100332230519,0.9261100332230519,0.9261100332230519,1.0,1.0,1.0,1.0,1.0,0.9596529071592059,0.9596529071592059,0.9596529071592059,1.0,1.0,1.0,1.0,53.0,0.0,0.0,0.10536051565782723,13.0,0.0,0.0,0.008733679968755959,0.0,/media/mengh/SharedData/zhanh/auto_structbeat/caches/pilot/mscnn_final_last_gtzan/gtzan__gtzan_hiphop_00052__track.npy.npz
mscnn_gtzan,width_only,gtzan/gtzan_hiphop_00053/track.npy,gtzan,1.0,0.979163747224845,0.979163747224845,0.979163747224845,1.0,1.0,1.0,1.0,1.0,0.9873291968973426,0.9873291968973426,0.9873291968973426,1.0,1.0,1.0,1.0,55.0,0.0,0.0,0.07145896398214668,13.0,0.0,0.0,0.013534170511298182,0.0,/media/mengh/SharedData/zhanh/auto_structbeat/caches/pilot/mscnn_final_last_gtzan/gtzan__gtzan_hiphop_00053__track.npy.npz
mscnn_gtzan,width_only,gtzan/gtzan_hiphop_00054/track.npy,gtzan,0.5148514851485148,0.48237544718493364,0.48237544718493364,0.48237544718493364,0.23636363636363636,0.8,0.23636363636363636,0.8,0.4166666666666667,0.24096279582864968,0.24096279582864968,0.24096279582864968,1.0,1.0,1.0,1.0,68.0,0.16417910447761194,0.16417910447761194,1.8718021769015993,14.0,0.0,0.0,0.040881124419262505,0.0,/media/mengh/SharedData/zhanh/auto_structbeat/caches/pilot/mscnn_final_last_gtzan/gtzan__gtzan_hiphop_00054__track.npy.npz
mscnn_gtzan,width_only,gtzan/gtzan_hiphop_00055/track.npy,gtzan,1.0,0.9726348821019215,0.9726348821019215,0.9726348821019215,1.0,1.0,1.0,1.0,1.0,0.9499958469113766,0.9499958469113766,0.9499958469113766,1.0,1.0,1.0,1.0,41.0,0.0,0.0,0.027398974188118708,10.0,0.0,0.0,0.006825965070401008,0.0,/media/mengh/SharedData/zhanh/auto_structbeat/caches/pilot/mscnn_final_last_gtzan/gtzan__gtzan_hiphop_00055__track.npy.npz
mscnn_gtzan,width_only,gtzan/gtzan_hiphop_00056/track.npy,gtzan,1.0,0.9756710548561429,0.9756710548561429,0.9756710548561429,1.0,1.0,1.0,1.0,0.9523809523809523,0.9500120456958838,0.9500120456958838,0.9500120456958838,0.9090909090909091,0.9090909090909091,0.9090909090909091,0.9090909090909091,50.0,0.0,0.0,0.03390155167568665,12.0,0.0,0.0,1.4432899320127035e-15,0.0,/media/mengh/SharedData/zhanh/auto_structbeat/caches/pilot/mscnn_final_last_gtzan/gtzan__gtzan_hiphop_00056__track.npy.npz
mscnn_gtzan,width_only,gtzan/gtzan_hiphop_00057/track.npy,gtzan,0.5161290322580645,0.4119565144239863,0.4119565144239863,0.4119565144239863,0.9787234042553191,0.9787234042553191,0.9787234042553191,0.9787234042553191,0.5833333333333334,0.47309502797425224,0.47309502797425224,0.47309502797425224,1.0,1.0,1.0,1.0,55.0,0.0,0.0,0.11778303565638104,14.0,0.0,0.0,0.05505977718302854,0.0,/media/mengh/SharedData/zhanh/auto_structbeat/caches/pilot/mscnn_final_last_gtzan/gtzan__gtzan_hiphop_00057__track.npy.npz
mscnn_gtzan,width_only,gtzan/gtzan_hiphop_00058/track.npy,gtzan,0.9736842105263158,0.9282666248913052,0.9282666248913052,0.9282666248913052,1.0,1.0,1.0,1.0,1.0,0.8877666731075551,0.8877666731075551,0.8877666731075551,1.0,1.0,1.0,1.0,46.0,0.0,0.0,0.06062462181643523,11.0,0.0,0.0,0.007547205635383203,0.0,/media/mengh/SharedData/zhanh/auto_structbeat/caches/pilot/mscnn_final_last_gtzan/gtzan__gtzan_hiphop_00058__track.npy.npz
mscnn_gtzan,width_only,gtzan/gtzan_hiphop_00059/track.npy,gtzan,1.0,0.8969445537084125,0.8969445537084125,0.8969445537084125,1.0,1.0,1.0,1.0,1.0,0.9196613797774885,0.9196613797774885,0.9196613797774885,1.0,1.0,1.0,1.0,46.0,0.0,0.0,0.030771658666755797,11.0,0.0,0.0,0.015384918839479367,0.0,/media/mengh/SharedData/zhanh/auto_structbeat/caches/pilot/mscnn_final_last_gtzan/gtzan__gtzan_hiphop_00059__track.npy.npz
mscnn_gtzan,width_only,gtzan/gtzan_hiphop_00060/track.npy,gtzan,1.0,0.9012588665512599,0.9012588665512599,0.9012588665512599,1.0,1.0,1.0,1.0,1.0,0.8813391335198055,0.8813391335198055,0.8813391335198055,1.0,1.0,1.0,1.0,46.0,0.0,0.0,0.03077165866675543,11.0,0.0,0.0,0.007547205635383136,0.0,/media/mengh/SharedData/zhanh/auto_structbeat/caches/pilot/mscnn_final_last_gtzan/gtzan__gtzan_hiphop_00060__track.npy.npz
mscnn_gtzan,width_only,gtzan/gtzan_hiphop_00061/track.npy,gtzan,1.0,0.9712511115843026,0.9712511115843026,0.9712511115843026,1.0,1.0,1.0,1.0,1.0,0.9658547738044275,0.9658547738044275,0.9658547738044275,1.0,1.0,1.0,1.0,46.0,0.0,0.0,0.03077165866675558,12.0,0.0,0.0,0.012029265793704016,0.0,/media/mengh/SharedData/zhanh/auto_structbeat/caches/pilot/mscnn_final_last_gtzan/gtzan__gtzan_hiphop_00061__track.npy.npz
mscnn_gtzan,width_only,gtzan/gtzan_hiphop_00062/track.npy,gtzan,1.0,0.952165855935709,0.952165855935709,0.952165855935709,1.0,1.0,1.0,1.0,0.0,1.072736193338275e-223,0.8110881864770794,0.4055440932385397,0.0,0.0,0.8,0.8,46.0,0.0,0.0,0.030771658666755797,12.0,0.0,0.0,0.015384918839479355,0.0,/media/mengh/SharedData/zhanh/auto_structbeat/caches/pilot/mscnn_final_last_gtzan/gtzan__gtzan_hiphop_00062__track.npy.npz
mscnn_gtzan,width_only,gtzan/gtzan_hiphop_00063/track.npy,gtzan,0.78,0.7440262877793091,0.8345615624521361,0.7892939251157226,0.16393442622950818,0.2786885245901639,0.5584415584415584,0.5584415584415584,0.5833333333333334,0.529412550515424,0.791552416989446,0.660482483752435,0.06666666666666667,0.06666666666666667,0.6470588235294118,0.6470588235294118,69.0,0.0,0.0,0.19060567714686125,17.0,0.0,0.0,0.6386589952758753,0.0,/media/mengh/SharedData/zhanh/auto_structbeat/caches/pilot/mscnn_final_last_gtzan/gtzan__gtzan_hiphop_00063__track.npy.npz
mscnn_gtzan,width_only,gtzan/gtzan_hiphop_00064/track.npy,gtzan,0.9859154929577464,0.9531239254053034,0.9531239254053034,0.9531239254053034,0.9722222222222222,0.9722222222222222,0.9722222222222222,0.9722222222222222,1.0,0.9405681842020156,0.9405681842020156,0.9405681842020156,1.0,1.0,1.0,1.0,44.0,0.0,0.0,0.057158413839947464,11.0,0.0,0.0,0.014388737452099055,0.0,/media/mengh/SharedData/zhanh/auto_structbeat/caches/pilot/mscnn_final_last_gtzan/gtzan__gtzan_hiphop_00064__track.npy.npz
mscnn_gtzan,width_only,gtzan/gtzan_hiphop_00065/track.npy,gtzan,1.0,0.9839120748869765,0.9839120748869765,0.9839120748869765,1.0,1.0,1.0,1.0,1.0,0.9887216850164451,0.9887216850164451,0.9887216850164451,1.0,1.0,1.0,1.0,49.0,0.0,0.0,0.031748698314585266,13.0,0.0,0.0,0.008032171697264112,0.0,/media/mengh/SharedData/zhanh/auto_structbeat/caches/pilot/mscnn_final_last_gtzan/gtzan__gtzan_hiphop_00065__track.npy.npz
mscnn_gtzan,width_only,gtzan/gtzan_hiphop_00066/track.npy,gtzan,0.9866666666666666,0.9620707264278263,0.9620707264278263,0.9620707264278263,0.9736842105263158,0.9736842105263158,0.9736842105263158,0.9736842105263158,1.0,0.9906144481230865,0.9906144481230865,0.9906144481230865,1.0,1.0,1.0,1.0,46.0,0.0,0.0,0.031602142367408395,11.0,0.0,0.0,0.007662872745570315,0.0,/media/mengh/SharedData/zhanh/auto_structbeat/caches/pilot/mscnn_final_last_gtzan/gtzan__gtzan_hiphop_00066__track.npy.npz
mscnn_gtzan,width_only,gtzan/gtzan_hiphop_00067/track.npy,gtzan,1.0,0.9770710282557796,0.9770710282557796,0.9770710282557796,1.0,1.0,1.0,1.0,1.0,0.9883306861863819,0.9883306861863819,0.9883306861863819,1.0,1.0,1.0,1.0,49.0,0.0,0.0,0.06453852113756797,12.0,0.0,0.0,0.00809721023261969,0.0,/media/mengh/SharedData/zhanh/auto_structbeat/caches/pilot/mscnn_final_last_gtzan/gtzan__gtzan_hiphop_00067__track.npy.npz
mscnn_gtzan,width_only,gtzan/gtzan_hiphop_00068/track.npy,gtzan,1.0,0.9561781541002159,0.9561781541002159,0.9561781541002159,1.0,1.0,1.0,1.0,1.0,0.9598732517631557,0.9598732517631557,0.9598732517631557,1.0,1.0,1.0,1.0,49.0,0.0,0.0,0.0645385211375743,13.0,0.0,0.0,0.012146346284522214,0.0,/media/mengh/SharedData/zhanh/auto_structbeat/caches/pilot/mscnn_final_last_gtzan/gtzan__gtzan_hiphop_00068__track.npy.npz
mscnn_gtzan,width_only,gtzan/gtzan_hiphop_00069/track.npy,gtzan,0.9767441860465116,0.8250793138906555,0.8250793138906555,0.8250793138906555,0.9767441860465116,0.9767441860465116,0.9767441860465116,0.9767441860465116,1.0,0.8475919240125347,0.8475919240125347,0.8475919240125347,1.0,1.0,1.0,1.0,51.0,0.0,0.0,0.054956343562446316,13.0,0.0,0.0,0.016949558313773982,0.0,/media/mengh/SharedData/zhanh/auto_structbeat/caches/pilot/mscnn_final_last_gtzan/gtzan__gtzan_hiphop_00069__track.npy.npz
mscnn_gtzan,width_only,gtzan/gtzan_hiphop_00070/track.npy,gtzan,0.8247422680412371,0.7867509032132758,0.7875699259009097,0.7871604145570927,0.40350877192982454,0.40350877192982454,0.4177215189873418,0.4177215189873418,0.8695652173913044,0.8300932959978653,0.8300932959978653,0.8300932959978653,0.46153846153846156,0.46153846153846156,0.46153846153846156,0.46153846153846156,66.0,0.0,0.0,0.5594711414297835,16.0,0.0,0.0,0.6855582187788012,0.0,/media/mengh/SharedData/zhanh/auto_structbeat/caches/pilot/mscnn_final_last_gtzan/gtzan__gtzan_hiphop_00070__track.npy.npz
mscnn_gtzan,width_only,gtzan/gtzan_hiphop_00071/track.npy,gtzan,0.9620253164556962,0.8988548115223247,0.8988548115223247,0.8988548115223247,0.975,0.975,0.975,0.975,0.0,1.5254583862006018e-209,0.9593959470817991,0.47969797354089955,0.0,0.0,1.0,1.0,48.0,0.0,0.0,0.06252035698133365,11.0,0.0,0.0,0.007968169649176793,0.0,/media/mengh/SharedData/zhanh/auto_structbeat/caches/pilot/mscnn_final_last_gtzan/gtzan__gtzan_hiphop_00071__track.npy.npz
mscnn_gtzan,width_only,gtzan/gtzan_hiphop_00072/track.npy,gtzan,1.0,0.929433073291275,0.929433073291275,0.929433073291275,1.0,1.0,1.0,1.0,1.0,0.9531073865998148,0.9531073865998148,0.9531073865998148,1.0,1.0,1.0,1.0,49.0,0.0,0.0,0.055013911643195496,12.0,0.0,0.0,0.008163310639161554,0.0,/media/mengh/SharedData/zhanh/auto_structbeat/caches/pilot/mscnn_final_last_gtzan/gtzan__gtzan_hiphop_00072__track.npy.npz
mscnn_gtzan,width_only,gtzan/gtzan_hiphop_00073/track.npy,gtzan,1.0,0.9794898889486393,0.9794898889486393,0.9794898889486393,1.0,1.0,1.0,1.0,1.0,0.9756834924839378,0.9756834924839378,0.9756834924839378,1.0,1.0,1.0,1.0,47.0,0.0,0.0,0.030771658666755797,12.0,0.0,0.0,0.007722046093911583,0.0,/media/mengh/SharedData/zhanh/auto_structbeat/caches/pilot/mscnn_final_last_gtzan/gtzan__gtzan_hiphop_00073__track.npy.npz
mscnn_gtzan,width_only,gtzan/gtzan_hiphop_00074/track.npy,gtzan,1.0,0.9072803525213329,0.9072803525213329,0.9072803525213329,1.0,1.0,1.0,1.0,1.0,0.8852474719821547,0.8852474719821547,0.8852474719821547,1.0,1.0,1.0,1.0,49.0,0.0,0.0,0.06669137449867354,12.0,0.0,0.0,0.02119382701029335,0.0,/media/mengh/SharedData/zhanh/auto_structbeat/caches/pilot/mscnn_final_last_gtzan/gtzan__gtzan_hiphop_00074__track.npy.npz
mscnn_gtzan,width_only,gtzan/gtzan_hiphop_00075/track.npy,gtzan,1.0,0.963136643288518,0.963136643288518,0.963136643288518,1.0,1.0,1.0,1.0,0.6363636363636364,0.6278007065744127,0.6773462063476245,0.6525734564610186,0.23076923076923078,0.3076923076923077,0.23076923076923078,0.3076923076923077,46.0,0.0,0.0,0.060624621816435936,15.0,0.0,0.0,0.7008100533055128,0.0,/media/mengh/SharedData/zhanh/auto_structbeat/caches/pilot/mscnn_final_last_gtzan/gtzan__gtzan_hiphop_00075__track.npy.npz
mscnn_gtzan,width_only,gtzan/gtzan_hiphop_00076/track.npy,gtzan,1.0,0.9603666417991013,0.9603666417991013,0.9603666417991013,1.0,1.0,1.0,1.0,1.0,0.9286279102731653,0.9286279102731653,0.9286279102731653,1.0,1.0,1.0,1.0,49.0,0.0,0.0,0.06453852113757173,12.0,0.0,0.0,0.01639380977567606,0.0,/media/mengh/SharedData/zhanh/auto_structbeat/caches/pilot/mscnn_final_last_gtzan/gtzan__gtzan_hiphop_00076__track.npy.npz
mscnn_gtzan,width_only,gtzan/gtzan_hiphop_00077/track.npy,gtzan,0.9795918367346939,0.8750694502430159,0.8750694502430159,0.8750694502430159,0.5102040816326531,0.9795918367346939,0.5102040816326531,0.9795918367346939,0.5161290322580646,0.4767724099271169,0.4767724099271169,0.4767724099271169,0.05555555555555555,0.1111111111111111,0.05555555555555555,0.1111111111111111,59.0,0.0,0.0,0.11874689294357076,20.0,0.0,0.0,1.344553171422734,0.0,/media/mengh/SharedData/zhanh/auto_structbeat/caches/pilot/mscnn_final_last_gtzan/gtzan__gtzan_hiphop_00077__track.npy.npz
mscnn_gtzan,width_only,gtzan/gtzan_hiphop_00078/track.npy,gtzan,1.0,0.9603666417991013,0.9603666417991013,0.9603666417991013,1.0,1.0,1.0,1.0,1.0,0.9286279102731653,0.9286279102731653,0.9286279102731653,1.0,1.0,1.0,1.0,49.0,0.0,0.0,0.06453852113757173,12.0,0.0,0.0,0.01639380977567606,0.0,/media/mengh/SharedData/zhanh/auto_structbeat/caches/pilot/mscnn_final_last_gtzan/gtzan__gtzan_hiphop_00078__track.npy.npz
mscnn_gtzan,width_only,gtzan/gtzan_hiphop_00079/track.npy,gtzan,1.0,0.9052356991494869,0.9052356991494869,0.9052356991494869,1.0,1.0,1.0,1.0,0.9523809523809523,0.8695010323627685,0.8695010323627685,0.8695010323627685,0.9090909090909091,0.9090909090909091,0.9090909090909091,0.9090909090909091,53.0,0.0,0.0,0.06899287148695454,13.0,0.0,0.0,0.017391742711869274,0.0,/media/mengh/SharedData/zhanh/auto_structbeat/caches/pilot/mscnn_final_last_gtzan/gtzan__gtzan_hiphop_00079__track.npy.npz
mscnn_gtzan,width_only,gtzan/gtzan_hiphop_00080/track.npy,gtzan,0.7999999999999999,0.6021612745016409,0.6021612745016409,0.6021612745016409,0.24,0.58,0.24,0.58,0.2857142857142857,0.2170188036467291,0.35297229020822707,0.2849955469274781,0.0,0.0,0.21052631578947367,0.2631578947368421,62.0,0.03278688524590164,0.04918032786885246,0.93166496686156,21.0,0.05,0.05,2.594733872886833,0.0,/media/mengh/SharedData/zhanh/auto_structbeat/caches/pilot/mscnn_final_last_gtzan/gtzan__gtzan_hiphop_00080__track.npy.npz
mscnn_gtzan,width_only,gtzan/gtzan_hiphop_00081/track.npy,gtzan,0.988235294117647,0.8633520694324323,0.8633520694324323,0.8633520694324323,0.9767441860465116,0.9767441860465116,0.9767441860465116,0.9767441860465116,1.0,0.9049075223543939,0.9049075223543939,0.9049075223543939,1.0,1.0,1.0,1.0,52.0,0.0,0.0,0.05320177757187797,13.0,0.0,0.0,0.012730123990841169,0.0,/media/mengh/SharedData/zhanh/auto_structbeat/caches/pilot/mscnn_final_last_gtzan/gtzan__gtzan_hiphop_00081__track.npy.npz
mscnn_gtzan,width_only,gtzan/gtzan_hiphop_00082/track.npy,gtzan,1.0,0.7801546328242743,0.7801546328242743,0.7801546328242743,1.0,1.0,1.0,1.0,1.0,0.8016756034048247,0.8016756034048247,0.8016756034048247,1.0,1.0,1.0,1.0,53.0,0.0,0.0,0.07145896398214663,13.0,0.0,0.0,0.017544309650908585,0.0,/media/mengh/SharedData/zhanh/auto_structbeat/caches/pilot/mscnn_final_last_gtzan/gtzan__gtzan_hiphop_00082__track.npy.npz
mscnn_gtzan,width_only,gtzan/gtzan_hiphop_00083/track.npy,gtzan,1.0,0.8994726252058868,0.8994726252058868,0.8994726252058868,1.0,1.0,1.0,1.0,1.0,0.8558599801285987,0.8558599801285987,0.8558599801285987,1.0,1.0,1.0,1.0,52.0,0.0,0.0,0.06899287148694999,13.0,0.0,0.0,0.00865806274311498,0.0,/media/mengh/SharedData/zhanh/auto_structbeat/caches/pilot/mscnn_final_last_gtzan/gtzan__gtzan_hiphop_00083__track.npy.npz
mscnn_gtzan,width_only,gtzan/gtzan_hiphop_00084/track.npy,gtzan,0.9574468085106385,0.7761293493854823,0.7761293493854823,0.7761293493854823,1.0,1.0,1.0,1.0,1.0,0.7606343990431458,0.7606343990431458,0.7606343990431458,1.0,1.0,1.0,1.0,56.0,0.0,0.0,0.24116205681688285,14.0,0.0,0.0,0.023273578128120663,0.0,/media/mengh/SharedData/zhanh/auto_structbeat/caches/pilot/mscnn_final_last_gtzan/gtzan__gtzan_hiphop_00084__track.npy.npz
mscnn_gtzan,width_only,gtzan/gtzan_hiphop_00085/track.npy,gtzan,1.0,0.8409179279418609,0.8409179279418609,0.8409179279418609,1.0,1.0,1.0,1.0,1.0,0.8707430320885784,0.8707430320885784,0.8707430320885784,1.0,1.0,1.0,1.0,55.0,0.0,0.0,0.07410797215372263,14.0,0.0,0.0,0.02262866537071031,0.0,/media/mengh/SharedData/zhanh/auto_structbeat/caches/pilot/mscnn_final_last_gtzan/gtzan__gtzan_hiphop_00085__track.npy.npz
mscnn_gtzan,width_only,gtzan/gtzan_hiphop_00086/track.npy,gtzan,1.0,0.9581120530256995,0.9581120530256995,0.9581120530256995,1.0,1.0,1.0,1.0,1.0,0.9660000160627643,0.9660000160627643,0.9660000160627643,1.0,1.0,1.0,1.0,49.0,0.0,0.0,0.032789822822996084,12.0,0.0,0.0,0.008230499136516745,0.0,/media/mengh/SharedData/zhanh/auto_structbeat/caches/pilot/mscnn_final_last_gtzan/gtzan__gtzan_hiphop_00086__track.npy.npz
mscnn_gtzan,width_only,gtzan/gtzan_hiphop_00087/track.npy,gtzan,1.0,0.958547263024452,0.958547263024452,0.958547263024452,1.0,1.0,1.0,1.0,1.0,0.9605158748335857,0.9605158748335857,0.9605158748335857,1.0,1.0,1.0,1.0,51.0,0.0,0.0,0.03390155167568665,13.0,0.0,0.0,0.008438868645865183,0.0,/media/mengh/SharedData/zhanh/auto_structbeat/caches/pilot/mscnn_final_last_gtzan/gtzan__gtzan_hiphop_00087__track.npy.npz
mscnn_gtzan,width_only,gtzan/gtzan_hiphop_00088/track.npy,gtzan,1.0,0.971296324709705,0.971296324709705,0.971296324709705,1.0,1.0,1.0,1.0,1.0,0.9681740747377524,0.9681740747377524,0.9681740747377524,1.0,1.0,1.0,1.0,58.0,0.0,0.0,0.07696104113612678,14.0,0.0,0.0,0.009661910911737608,0.0,/media/mengh/SharedData/zhanh/auto_structbeat/caches/pilot/mscnn_final_last_gtzan/gtzan__gtzan_hiphop_00088__track.npy.npz
mscnn_gtzan,width_only,gtzan/gtzan_hiphop_00089/track.npy,gtzan,0.9904761904761905,0.9667041352311384,0.9667041352311384,0.9667041352311384,0.9811320754716981,0.9811320754716981,0.9811320754716981,0.9811320754716981,1.0,0.9763046375124426,0.9763046375124426,0.9763046375124426,1.0,1.0,1.0,1.0,64.0,0.0,0.0,0.08134050921303672,16.0,0.0,0.0,0.014247064284090928,0.0,/media/mengh/SharedData/zhanh/auto_structbeat/caches/pilot/mscnn_final_last_gtzan/gtzan__gtzan_hiphop_00089__track.npy.npz
mscnn_gtzan,width_only,gtzan/gtzan_hiphop_00090/track.npy,gtzan,1.0,0.9630966750018065,0.9630966750018065,0.9630966750018065,1.0,1.0,1.0,1.0,1.0,0.9739350185387341,0.9739350185387341,0.9739350185387341,1.0,1.0,1.0,1.0,58.0,0.0,0.0,0.07696104113612917,15.0,0.0,0.0,0.019231361927887613,0.0,/media/mengh/SharedData/zhanh/auto_structbeat/caches/pilot/mscnn_final_last_gtzan/gtzan__gtzan_hiphop_00090__track.npy.npz
mscnn_gtzan,width_only,gtzan/gtzan_hiphop_00091/track.npy,gtzan,1.0,0.8915847839675356,0.8915847839675356,0.8915847839675356,1.0,1.0,1.0,1.0,1.0,0.8514273775788066,0.8514273775788066,0.8514273775788066,1.0,1.0,1.0,1.0,51.0,0.0,0.0,0.033901551675685405,13.0,0.0,0.0,0.016949558313772872,0.0,/media/mengh/SharedData/zhanh/auto_structbeat/caches/pilot/mscnn_final_last_gtzan/gtzan__gtzan_hiphop_00091__track.npy.npz
mscnn_gtzan,width_only,gtzan/gtzan_hiphop_00092/track.npy,gtzan,1.0,0.9411059082396409,0.9411059082396409,0.9411059082396409,1.0,1.0,1.0,1.0,1.0,0.9618372225678291,0.9618372225678291,0.9618372225678291,1.0,1.0,1.0,1.0,57.0,0.0,0.0,0.03774032798285287,14.0,0.0,0.0,0.009478743954544556,0.0,/media/mengh/SharedData/zhanh/auto_structbeat/caches/pilot/mscnn_final_last_gtzan/gtzan__gtzan_hiphop_00092__track.npy.npz
mscnn_gtzan,width_only,gtzan/gtzan_hiphop_00093/track.npy,gtzan,1.0,0.9850309639959137,0.9850309639959137,0.9850309639959137,1.0,1.0,1.0,1.0,1.0,0.9719180285377909,0.9719180285377909,0.9719180285377909,1.0,1.0,1.0,1.0,59.0,0.0,0.0,0.039220713153287345,15.0,0.0,0.0,0.013754766421158434,0.0,/media/mengh/SharedData/zhanh/auto_structbeat/caches/pilot/mscnn_final_last_gtzan/gtzan__gtzan_hiphop_00093__track.npy.npz
mscnn_gtzan,width_only,gtzan/gtzan_hiphop_00094/track.npy,gtzan,1.0,0.9257149185513719,0.9257149185513719,0.9257149185513719,1.0,1.0,1.0,1.0,0.6666666666666666,0.6089872359973197,0.8752127705833792,0.7421000032903495,0.0,0.0,0.9375,0.9375,37.0,0.0,0.0,0.050010420574660236,19.0,0.0,0.0,0.027455320723781776,0.0,/media/mengh/SharedData/zhanh/auto_structbeat/caches/pilot/mscnn_final_last_gtzan/gtzan__gtzan_hiphop_00094__track.npy.npz
mscnn_gtzan,width_only,gtzan/gtzan_hiphop_00095/track.npy,gtzan,1.0,0.9421016263098463,0.9421016263098463,0.9421016263098463,1.0,1.0,1.0,1.0,1.0,0.9282814213641274,0.9282814213641274,0.9282814213641274,1.0,1.0,1.0,1.0,56.0,0.0,0.0,0.07410797215372468,14.0,0.0,0.0,0.013449887459529047,0.0,/media/mengh/SharedData/zhanh/auto_structbeat/caches/pilot/mscnn_final_last_gtzan/gtzan__gtzan_hiphop_00095__track.npy.npz
mscnn_gtzan,width_only,gtzan/gtzan_hiphop_00096/track.npy,gtzan,0.5544554455445545,0.4818478417318978,0.6515497275835401,0.566698784657719,0.17857142857142858,0.3392857142857143,0.17857142857142858,0.3392857142857143,0.5217391304347826,0.4525683950662462,0.4525683950662462,0.4525683950662462,0.3333333333333333,0.5,0.3333333333333333,0.5,66.0,0.0,0.015384615384615385,0.6931471805599565,14.0,0.0,0.0,0.3306716761982134,0.0,/media/mengh/SharedData/zhanh/auto_structbeat/caches/pilot/mscnn_final_last_gtzan/gtzan__gtzan_hiphop_00096__track.npy.npz
mscnn_gtzan,width_only,gtzan/gtzan_hiphop_00097/track.npy,gtzan,1.0,0.8515497397953959,0.8515497397953959,0.8515497397953959,1.0,1.0,1.0,1.0,1.0,0.8455650723555201,0.8455650723555201,0.8455650723555201,1.0,1.0,1.0,1.0,56.0,0.0,0.0,0.07696104113612678,14.0,0.0,0.0,0.013704127111971314,0.0,/media/mengh/SharedData/zhanh/auto_structbeat/caches/pilot/mscnn_final_last_gtzan/gtzan__gtzan_hiphop_00097__track.npy.npz
mscnn_gtzan,width_only,gtzan/gtzan_hiphop_00098/track.npy,gtzan,1.0,0.9069809334650729,0.9069809334650729,0.9069809334650729,1.0,1.0,1.0,1.0,1.0,0.9421369722625865,0.9421369722625865,0.9421369722625865,1.0,1.0,1.0,1.0,54.0,0.0,0.0,0.035091319811275556,14.0,0.0,0.0,0.01285373077421566,0.0,/media/mengh/SharedData/zhanh/auto_structbeat/caches/pilot/mscnn_final_last_gtzan/gtzan__gtzan_hiphop_00098__track.npy.npz
mscnn_gtzan,width_only,gtzan/gtzan_hiphop_00099/track.npy,gtzan,0.989010989010989,0.8597772331645732,0.8597772331645732,0.8597772331645732,0.9782608695652174,0.9782608695652174,0.9782608695652174,0.9782608695652174,0.0,2.2360208706355134e-160,0.8635461717108225,0.43177308585541124,0.0,0.0,0.8333333333333334,0.8333333333333334,55.0,0.0,0.0,0.07410797215372163,14.0,0.0,0.0,0.01308573701216104,0.0,/media/mengh/SharedData/zhanh/auto_structbeat/caches/pilot/mscnn_final_last_gtzan/gtzan__gtzan_hiphop_00099__track.npy.npz
mscnn_gtzan,width_only,gtzan/gtzan_jazz_00000/track.npy,gtzan,0.5967741935483871,0.4605921367261112,0.49842454824007904,0.47950834248309515,0.19718309859154928,0.30985915492957744,0.19718309859154928,0.30985915492957744,0.17777777777777778,0.1424429110650497,0.15754009765343815,0.1499915043592439,0.0625,0.0625,0.0625,0.09375,83.0,0.0,0.024390243902439025,0.3364722366212205,40.0,0.0,0.0,1.1417645995358707,0.0,/media/mengh/SharedData/zhanh/auto_structbeat/caches/pilot/mscnn_final_last_gtzan/gtzan__gtzan_jazz_00000__track.npy.npz
mscnn_gtzan,width_only,gtzan/gtzan_jazz_00001/track.npy,gtzan,0.345679012345679,0.2091159637475116,0.31675300724264427,0.2629344854950779,0.019230769230769232,0.019230769230769232,0.14035087719298245,0.38596491228070173,0.10256410256410256,0.05082807724706876,0.10670668713638606,0.07876738219172741,0.0,0.0,0.0,0.0,63.0,0.0,0.0,0.30538164955118613,36.0,0.0,0.0,0.953204496608435,0.0,/media/mengh/SharedData/zhanh/auto_structbeat/caches/pilot/mscnn_final_last_gtzan/gtzan__gtzan_jazz_00001__track.npy.npz
mscnn_gtzan,width_only,gtzan/gtzan_jazz_00002/track.npy,gtzan,0.48484848484848486,0.4300380181808693,0.4947895317740752,0.46241377497747227,0.0975609756097561,0.0975609756097561,0.48,0.48,0.5,0.40059619179824946,0.40059619179824946,0.40059619179824946,0.7,0.7,0.7,0.7,36.0,0.0,0.0,0.43781241421424333,16.0,0.0,0.0,0.5909433727744119,0.0,/media/mengh/SharedData/zhanh/auto_structbeat/caches/pilot/mscnn_final_last_gtzan/gtzan__gtzan_jazz_00002__track.npy.npz
mscnn_gtzan,width_only,gtzan/gtzan_jazz_00004/track.npy,gtzan,0.7017543859649122,0.5347683942923228,0.5347683942923228,0.5347683942923228,0.3225806451612903,0.5161290322580645,0.3225806451612903,0.5161290322580645,0.5263157894736842,0.39247907511669955,0.4227065566909648,0.4075928159038322,0.18181818181818182,0.2727272727272727,0.18181818181818182,0.2727272727272727,38.0,0.0,0.0,0.7775246163281444,13.0,0.0,0.0,1.000767676786081,0.0,/media/mengh/SharedData/zhanh/auto_structbeat/caches/pilot/mscnn_final_last_gtzan/gtzan__gtzan_jazz_00004__track.npy.npz
mscnn_gtzan,width_only,gtzan/gtzan_jazz_00005/track.npy,gtzan,0.6349206349206349,0.5839336356480549,0.8179311046880257,0.7009323701680403,0.07317073170731707,0.07317073170731707,0.6206896551724138,0.7816091954022989,0.4,0.3836923675821113,0.3836923675821113,0.3836923675821113,0.0,0.0,0.0,0.0,102.0,0.0,0.0,0.15479585006906027,41.0,0.0,0.0,0.05958791370979263,0.0,/media/mengh/SharedData/zhanh/auto_structbeat/caches/pilot/mscnn_final_last_gtzan/gtzan__gtzan_jazz_00005__track.npy.npz
mscnn_gtzan,width_only,gtzan/gtzan_jazz_00006/track.npy,gtzan,0.9523809523809523,0.8703794502168128,0.8703794502168128,0.8703794502168128,0.4909090909090909,0.8181818181818182,0.4909090909090909,0.8181818181818182,0.0,3.270386549835343e-105,0.8589549655446658,0.4294774827723329,0.0,0.0,0.5384615384615384,0.8461538461538461,62.0,0.0,0.0,0.04862084301779305,16.0,0.0,0.0,0.6898754422480107,0.0,/media/mengh/SharedData/zhanh/auto_structbeat/caches/pilot/mscnn_final_last_gtzan/gtzan__gtzan_jazz_00006__track.npy.npz
mscnn_gtzan,width_only,gtzan/gtzan_jazz_00007/track.npy,gtzan,0.9411764705882353,0.7600333725783519,0.7600333725783519,0.7600333725783519,0.9615384615384616,0.9615384615384616,0.9615384615384616,0.9615384615384616,0.631578947368421,0.46024399482096995,0.8207345549886473,0.6404892749048087,0.0,0.0,0.9230769230769231,0.9230769230769231,30.0,0.0,0.0,0.04108911977516448,14.0,0.0,0.0,0.02061928720273585,0.0,/media/mengh/SharedData/zhanh/auto_structbeat/caches/pilot/mscnn_final_last_gtzan/gtzan__gtzan_jazz_00007__track.npy.npz
mscnn_gtzan,width_only,gtzan/gtzan_jazz_00008/track.npy,gtzan,1.0,0.9089620817829307,0.9089620817829307,0.9089620817829307,1.0,1.0,1.0,1.0,1.0,0.9115163205789573,0.9115163205789573,0.9115163205789573,1.0,1.0,1.0,1.0,55.0,0.0,0.0,0.07251856725077432,14.0,0.0,0.0,0.040737268342669934,0.0,/media/mengh/SharedData/zhanh/auto_structbeat/caches/pilot/mscnn_final_last_gtzan/gtzan__gtzan_jazz_00008__track.npy.npz
mscnn_gtzan,width_only,gtzan/gtzan_jazz_00011/track.npy,gtzan,1.0,0.9099439846916356,0.9099439846916356,0.9099439846916356,0.4523809523809524,0.9642857142857143,0.4523809523809524,0.9642857142857143,1.0,0.9315181139496532,0.9315181139496532,0.9315181139496532,1.0,1.0,1.0,1.0,102.0,0.0,0.0,0.19415601444095953,25.0,0.0,0.0,0.06506532241149425,0.0,/media/mengh/SharedData/zhanh/auto_structbeat/caches/pilot/mscnn_final_last_gtzan/gtzan__gtzan_jazz_00011__track.npy.npz
mscnn_gtzan,width_only,gtzan/gtzan_jazz_00012/track.npy,gtzan,1.0,0.8545891327982418,0.8545891327982418,0.8545891327982418,1.0,1.0,1.0,1.0,1.0,0.8502430937447055,0.8502430937447055,0.8502430937447055,1.0,1.0,1.0,1.0,57.0,0.0,0.0,0.07696104113612678,14.0,0.0,0.0,0.02730089666611131,0.0,/media/mengh/SharedData/zhanh/auto_structbeat/caches/pilot/mscnn_final_last_gtzan/gtzan__gtzan_jazz_00012__track.npy.npz
mscnn_gtzan,width_only,gtzan/gtzan_jazz_00013/track.npy,gtzan,0.625,0.4658611061361249,0.7746849382967838,0.6202730222164543,0.0,0.0,0.04580152671755725,0.37404580152671757,0.06557377049180328,0.05841239660613374,0.21950203656239992,0.13895721658426682,0.04878048780487805,0.04878048780487805,0.04878048780487805,0.04878048780487805,156.0,0.07741935483870968,0.5741935483870968,0.6931471805599452,47.0,0.0,0.0,0.6380647845879547,0.0,/media/mengh/SharedData/zhanh/auto_structbeat/caches/pilot/mscnn_final_last_gtzan/gtzan__gtzan_jazz_00013__track.npy.npz
mscnn_gtzan,width_only,gtzan/gtzan_jazz_00015/track.npy,gtzan,0.5517241379310345,0.4673580702444835,0.6511194792734653,0.5592387747589744,0.0,0.0,0.13402061855670103,0.6597938144329897,0.2926829268292683,0.2465741558942313,0.3063497088382874,0.2764619323662593,0.0,0.0,0.04,0.04,118.0,0.0,0.008547008547008548,0.24116205681689196,30.0,0.0,0.0,0.08244832900836661,0.0,/media/mengh/SharedData/zhanh/auto_structbeat/caches/pilot/mscnn_final_last_gtzan/gtzan__gtzan_jazz_00015__track.npy.npz
mscnn_gtzan,width_only,gtzan/gtzan_jazz_00016/track.npy,gtzan,0.8070175438596492,0.6225357715694932,0.6225357715694932,0.6225357715694932,0.896551724137931,0.9310344827586207,0.896551724137931,0.9310344827586207,0.5714285714285714,0.5036085931942564,0.6669602509025904,0.5852844220484235,0.0,0.0,0.8666666666666667,0.8666666666666667,33.0,0.0,0.0,0.6210970085730684,15.0,0.0,0.0,0.059763171560773085,0.0,/media/mengh/SharedData/zhanh/auto_structbeat/caches/pilot/mscnn_final_last_gtzan/gtzan__gtzan_jazz_00016__track.npy.npz
mscnn_gtzan,width_only,gtzan/gtzan_jazz_00017/track.npy,gtzan,0.9550561797752809,0.7842419863734696,0.7842419863734696,0.7842419863734696,0.42696629213483145,0.8651685393258427,0.42696629213483145,0.8651685393258427,0.7727272727272727,0.6089520902339033,0.6089520902339033,0.6089520902339033,0.4090909090909091,0.7272727272727273,0.4090909090909091,0.7272727272727273,106.0,0.0,0.0380952380952381,0.28388440125413034,25.0,0.0,0.0,0.301669883255532,0.0,/media/mengh/SharedData/zhanh/auto_structbeat/caches/pilot/mscnn_final_last_gtzan/gtzan__gtzan_jazz_00017__track.npy.npz
mscnn_gtzan,width_only,gtzan/gtzan_jazz_00019/track.npy,gtzan,0.34782608695652173,0.22121396524543196,0.2685030386074403,0.24485850192643613,0.02631578947368421,0.02631578947368421,0.03225806451612903,0.03225806451612903,0.7500000000000001,0.44451524712919627,0.44451524712919627,0.44451524712919627,0.6153846153846154,0.6153846153846154,0.6153846153846154,0.6153846153846154,46.0,0.0,0.0,0.36464238303280455,13.0,0.0,0.0,0.5342207055173729,0.0,/media/mengh/SharedData/zhanh/auto_structbeat/caches/pilot/mscnn_final_last_gtzan/gtzan__gtzan_jazz_00019__track.npy.npz
mscnn_gtzan,width_only,gtzan/gtzan_jazz_00021/track.npy,gtzan,0.5306122448979592,0.4373202151752385,0.47624407884157416,0.45678214700840636,0.13541666666666666,0.17708333333333334,0.13541666666666666,0.17708333333333334,0.2222222222222222,0.20178125124534046,0.2708848272693217,0.2363330392573311,0.024390243902439025,0.024390243902439025,0.12195121951219512,0.17073170731707318,108.0,0.2803738317757009,0.411214953271028,1.2754554391791686,45.0,0.09090909090909091,0.1590909090909091,1.9471477326436517,0.0,/media/mengh/SharedData/zhanh/auto_structbeat/caches/pilot/mscnn_final_last_gtzan/gtzan__gtzan_jazz_00021__track.npy.npz
mscnn_gtzan,width_only,gtzan/gtzan_jazz_00022/track.npy,gtzan,0.6075949367088607,0.45570854520197407,0.6923262059905382,0.5740173755962561,0.0,0.0,0.6538461538461539,0.8846153846153846,0.29629629629629634,0.24343397852300278,0.4737645360780772,0.35859925730054,0.14285714285714285,0.14285714285714285,0.35714285714285715,0.5,45.0,0.0,0.022727272727272728,0.30623943093424505,20.0,0.0,0.0,1.5772778151935123,0.0,/media/mengh/SharedData/zhanh/auto_structbeat/caches/pilot/mscnn_final_last_gtzan/gtzan__gtzan_jazz_00022__track.npy.npz
mscnn_gtzan,width_only,gtzan/gtzan_jazz_00023/track.npy,gtzan,0.738095238095238,0.5964110346914726,0.5964110346914726,0.5964110346914726,0.3125,0.4583333333333333,0.3125,0.4583333333333333,0.64,0.4526070288616594,0.550738469086681,0.5016727489741701,0.125,0.1875,0.23529411764705882,0.35294117647058826,58.0,0.05263157894736842,0.07017543859649122,1.7999569249337901,20.0,0.0,0.0,2.0541078576843033,0.0,/media/mengh/SharedData/zhanh/auto_structbeat/caches/pilot/mscnn_final_last_gtzan/gtzan__gtzan_jazz_00023__track.npy.npz
mscnn_gtzan,width_only,gtzan/gtzan_jazz_00024/track.npy,gtzan,0.7835051546391751,0.5895217489990078,0.5895217489990078,0.5895217489990078,0.19230769230769232,0.6923076923076923,0.19230769230769232,0.6923076923076923,0.5625,0.39143442787616656,0.47815473272847214,0.4347945803023193,0.19047619047619047,0.19047619047619047,0.2857142857142857,0.42857142857142855,72.0,0.11267605633802817,0.19718309859154928,1.234908363357875,31.0,0.03333333333333333,0.03333333333333333,1.2682314090823854,0.0,/media/mengh/SharedData/zhanh/auto_structbeat/caches/pilot/mscnn_final_last_gtzan/gtzan__gtzan_jazz_00024__track.npy.npz
mscnn_gtzan,width_only,gtzan/gtzan_jazz_00025/track.npy,gtzan,1.0,0.9076516368030936,0.9076516368030936,0.9076516368030936,1.0,1.0,1.0,1.0,0.4615384615384615,0.4096748536695439,0.531995439238579,0.47083514645406144,0.1,0.13333333333333333,0.1,0.20930232558139536,102.0,0.0,0.0,0.13353139262452585,38.0,0.0,0.0,1.4256592892709912,0.0,/media/mengh/SharedData/zhanh/auto_structbeat/caches/pilot/mscnn_final_last_gtzan/gtzan__gtzan_jazz_00025__track.npy.npz
mscnn_gtzan,width_only,gtzan/gtzan_jazz_00026/track.npy,gtzan,0.26666666666666666,0.19475054568025335,0.19484902828899614,0.19479978698462475,0.0,0.0,0.1,0.15,0.20000000000000004,0.1272537714035642,0.1272537714035642,0.1272537714035642,0.2,0.2,0.2,0.2,21.0,0.05,0.05,1.7577826142759638,11.0,0.0,0.0,0.971273511217973,0.0,/media/mengh/SharedData/zhanh/auto_structbeat/caches/pilot/mscnn_final_last_gtzan/gtzan__gtzan_jazz_00026__track.npy.npz
mscnn_gtzan,width_only,gtzan/gtzan_jazz_00027/track.npy,gtzan,0.6417112299465241,0.5934986535037353,0.798378654674318,0.6959386540890267,0.0,0.0,0.07086614173228346,0.44881889763779526,0.12765957446808512,0.12332263382645359,0.15800057799458309,0.14066160591051835,0.0,0.0,0.125,0.125,147.0,0.0684931506849315,0.547945205479452,0.6720750774283643,37.0,0.0,0.0,0.4823575308796203,0.0,/media/mengh/SharedData/zhanh/auto_structbeat/caches/pilot/mscnn_final_last_gtzan/gtzan__gtzan_jazz_00027__track.npy.npz
mscnn_gtzan,width_only,gtzan/gtzan_jazz_00028/track.npy,gtzan,0.9940119760479043,0.8805829922334379,0.8805829922334379,0.8805829922334379,0.8809523809523809,0.9761904761904762,0.8809523809523809,0.9761904761904762,0.7924528301886793,0.7155072437181927,0.780194795640743,0.7478510196794679,0.34375,0.34375,0.4878048780487805,0.4878048780487805,101.0,0.0,0.0,0.14310084364067382,36.0,0.0,0.0,0.08046930947500035,0.0,/media/mengh/SharedData/zhanh/auto_structbeat/caches/pilot/mscnn_final_last_gtzan/gtzan__gtzan_jazz_00028__track.npy.npz
mscnn_gtzan,width_only,gtzan/gtzan_jazz_00029/track.npy,gtzan,0.5604395604395604,0.4226477276039663,0.503971603646831,0.46330966562539866,0.11827956989247312,0.20430107526881722,0.11827956989247312,0.20430107526881722,0.15873015873015875,0.11871207225899089,0.14549424681496845,0.13210315953697965,0.05,0.05,0.05,0.05,111.0,0.12727272727272726,0.3,1.137335401350643,46.0,0.022222222222222223,0.1111111111111111,1.5294524154535034,0.0,/media/mengh/SharedData/zhanh/auto_structbeat/caches/pilot/mscnn_final_last_gtzan/gtzan__gtzan_jazz_00029__track.npy.npz
mscnn_gtzan,width_only,gtzan/gtzan_jazz_00030/track.npy,gtzan,0.25000000000000006,0.17036298189810412,0.2198364030264046,0.19509969246225434,0.06976744186046512,0.06976744186046512,0.09090909090909091,0.18181818181818182,0.0,9.07553708147113e-33,1.320075378577804e-32,1.1138145433624585e-32,0.0,0.0,0.16666666666666666,0.16666666666666666,18.0,0.058823529411764705,0.058823529411764705,2.2713425279134167,9.0,0.0,0.0,1.3672762960291982,0.0,/media/mengh/SharedData/zhanh/auto_structbeat/caches/pilot/mscnn_final_last_gtzan/gtzan__gtzan_jazz_00030__track.npy.npz
mscnn_gtzan,width_only,gtzan/gtzan_jazz_00031/track.npy,gtzan,0.8404669260700389,0.6790087712855601,0.6790087712855601,0.6790087712855601,0.04411764705882353,0.2867647058823529,0.049586776859504134,0.2867647058823529,0.4077669902912621,0.3097788019852468,0.4255573967938397,0.36766809938954326,0.028985507246376812,0.07246376811594203,0.057971014492753624,0.21739130434782608,136.0,0.14814814814814814,0.5851851851851851,0.8686623924401689,77.0,0.07894736842105263,0.2631578947368421,1.550371128823841,0.0,/media/mengh/SharedData/zhanh/auto_structbeat/caches/pilot/mscnn_final_last_gtzan/gtzan__gtzan_jazz_00031__track.npy.npz
mscnn_gtzan,width_only,gtzan/gtzan_jazz_00032/track.npy,gtzan,0.78,0.6695837710485106,0.6695837710485106,0.6695837710485106,0.48148148148148145,0.6851851851851852,0.48148148148148145,0.6851851851851852,0.4848484848484849,0.44015226308336974,0.6403631141902998,0.5402576886368348,0.05,0.05,0.48,0.6,57.0,0.0,0.0,0.4472749158432099,26.0,0.0,0.0,0.5325736739874922,0.0,/media/mengh/SharedData/zhanh/auto_structbeat/caches/pilot/mscnn_final_last_gtzan/gtzan__gtzan_jazz_00032__track.npy.npz
mscnn_gtzan,width_only,gtzan/gtzan_jazz_00033/track.npy,gtzan,1.0,0.9013117887249775,0.9013117887249775,0.9013117887249775,1.0,1.0,1.0,1.0,1.0,0.9206728998451735,0.9206728998451735,0.9206728998451735,1.0,1.0,1.0,1.0,48.0,0.0,0.0,0.031748698314585266,12.0,0.0,0.0,0.012316018378089363,0.0,/media/mengh/SharedData/zhanh/auto_structbeat/caches/pilot/mscnn_final_last_gtzan/gtzan__gtzan_jazz_00033__track.npy.npz
mscnn_gtzan,width_only,gtzan/gtzan_jazz_00034/track.npy,gtzan,0.9937888198757764,0.9527844497628586,0.9527844497628586,0.9527844497628586,0.9876543209876543,0.9876543209876543,0.9876543209876543,0.9876543209876543,1.0,0.9589860871979875,0.9589860871979875,0.9589860871979875,1.0,1.0,1.0,1.0,98.0,0.0,0.0,0.19415601444095704,25.0,0.0,0.0,0.01626052087178028,0.0,/media/mengh/SharedData/zhanh/auto_structbeat/caches/pilot/mscnn_final_last_gtzan/gtzan__gtzan_jazz_00034__track.npy.npz
mscnn_gtzan,width_only,gtzan/gtzan_jazz_00035/track.npy,gtzan,1.0,0.7459774474076822,0.7459774474076822,0.7459774474076822,1.0,1.0,1.0,1.0,0.2857142857142857,0.22258887161516921,0.30896455075223683,0.26577671118370305,0.0,0.0,0.13333333333333333,0.13333333333333333,35.0,0.0,0.0,0.04762804898925363,16.0,0.0,0.0,1.1016686524897126,0.0,/media/mengh/SharedData/zhanh/auto_structbeat/caches/pilot/mscnn_final_last_gtzan/gtzan__gtzan_jazz_00035__track.npy.npz
mscnn_gtzan,width_only,gtzan/gtzan_jazz_00036/track.npy,gtzan,0.3411764705882353,0.24111037207897346,0.30507893136607434,0.2730946517225239,0.0,0.0,0.00847457627118644,0.03389830508474576,0.0,0.0026417053761627575,0.003443001131625699,0.003042353253894228,0.0,0.0,0.23076923076923078,0.6538461538461539,144.0,0.16783216783216784,0.38461538461538464,0.9162907318741605,30.0,0.0,0.0,0.46873192047219053,0.0,/media/mengh/SharedData/zhanh/auto_structbeat/caches/pilot/mscnn_final_last_gtzan/gtzan__gtzan_jazz_00036__track.npy.npz
mscnn_gtzan,width_only,gtzan/gtzan_jazz_00037/track.npy,gtzan,1.0,0.9405164308290516,0.9405164308290516,0.9405164308290516,1.0,1.0,1.0,1.0,1.0,0.955428944338587,0.955428944338587,0.955428944338587,1.0,1.0,1.0,1.0,49.0,0.0,0.0,0.032789822822996084,12.0,0.0,0.0,0.020738195312029202,0.0,/media/mengh/SharedData/zhanh/auto_structbeat/caches/pilot/mscnn_final_last_gtzan/gtzan__gtzan_jazz_00037__track.npy.npz
mscnn_gtzan,width_only,gtzan/gtzan_jazz_00038/track.npy,gtzan,0.975609756097561,0.8313530174795632,0.8313530174795632,0.8313530174795632,0.967741935483871,0.967741935483871,0.967741935483871,0.967741935483871,1.0,0.8338699271240693,0.8338699271240693,0.8338699271240693,1.0,1.0,1.0,1.0,67.0,0.0,0.0,0.10008345855698919,17.0,0.0,0.0,0.3136190446004409,0.0,/media/mengh/SharedData/zhanh/auto_structbeat/caches/pilot/mscnn_final_last_gtzan/gtzan__gtzan_jazz_00038__track.npy.npz
mscnn_gtzan,width_only,gtzan/gtzan_jazz_00039/track.npy,gtzan,0.993939393939394,0.9671474583294696,0.9671474583294696,0.9671474583294696,0.9879518072289156,0.9879518072289156,0.9879518072289156,0.9879518072289156,0.975609756097561,0.9508610717512619,0.9508610717512619,0.9508610717512619,0.9523809523809523,0.9523809523809523,0.9523809523809523,0.9523809523809523,100.0,0.0,0.0,0.06453852113757642,25.0,0.0,0.0,0.0167793366798641,0.0,/media/mengh/SharedData/zhanh/auto_structbeat/caches/pilot/mscnn_final_last_gtzan/gtzan__gtzan_jazz_00039__track.npy.npz
mscnn_gtzan,width_only,gtzan/gtzan_jazz_00040/track.npy,gtzan,1.0,0.8092174170509794,0.8092174170509794,0.8092174170509794,1.0,1.0,1.0,1.0,1.0,0.8013191708515789,0.8013191708515789,0.8013191708515789,1.0,1.0,1.0,1.0,50.0,0.0,0.0,0.06669137449867218,12.0,0.0,0.0,0.016807118316381965,0.0,/media/mengh/SharedData/zhanh/auto_structbeat/caches/pilot/mscnn_final_last_gtzan/gtzan__gtzan_jazz_00040__track.npy.npz
mscnn_gtzan,width_only,gtzan/gtzan_jazz_00041/track.npy,gtzan,1.0,0.9435741463398426,0.9435741463398426,0.9435741463398426,1.0,1.0,1.0,1.0,0.0,2.1121196107740534e-13,3.99648736131232e-13,3.0543034860431865e-13,0.0,0.0,0.0,0.0,95.0,0.0,0.0,0.12516314295400344,23.0,0.0,0.0,0.01574835696814164,0.0,/media/mengh/SharedData/zhanh/auto_structbeat/caches/pilot/mscnn_final_last_gtzan/gtzan__gtzan_jazz_00041__track.npy.npz
mscnn_gtzan,width_only,gtzan/gtzan_jazz_00042/track.npy,gtzan,1.0,0.7927353599154762,0.7927353599154762,0.7927353599154762,1.0,1.0,1.0,1.0,0.6363636363636364,0.5931214195593262,0.8370600768226714,0.7150907481909987,0.0,0.0,0.8666666666666667,0.8666666666666667,37.0,0.0,0.0,0.05780306649563818,18.0,0.0,0.0,0.0398080208843955,0.0,/media/mengh/SharedData/zhanh/auto_structbeat/caches/pilot/mscnn_final_last_gtzan/gtzan__gtzan_jazz_00042__track.npy.npz
mscnn_gtzan,width_only,gtzan/gtzan_jazz_00043/track.npy,gtzan,0.9180327868852458,0.7757253297935,0.7757253297935,0.7757253297935,0.640625,0.8125,0.640625,0.8125,0.9333333333333333,0.8041470257625067,0.8041470257625067,0.8041470257625067,0.8125,0.8125,0.8125,0.8125,71.0,0.0,0.0,0.13698066194044875,17.0,0.0,0.0,0.3485381867752301,0.0,/media/mengh/SharedData/zhanh/auto_structbeat/caches/pilot/mscnn_final_last_gtzan/gtzan__gtzan_jazz_00043__track.npy.npz
mscnn_gtzan,width_only,gtzan/gtzan_jazz_00044/track.npy,gtzan,1.0,0.9166128109539149,0.9166128109539149,0.9166128109539149,1.0,1.0,1.0,1.0,1.0,0.9259354632789851,0.9259354632789851,0.9259354632789851,1.0,1.0,1.0,1.0,52.0,0.0,0.0,0.06899287148694719,13.0,0.0,0.0,0.02608892939864227,0.0,/media/mengh/SharedData/zhanh/auto_structbeat/caches/pilot/mscnn_final_last_gtzan/gtzan__gtzan_jazz_00044__track.npy.npz
mscnn_gtzan,width_only,gtzan/gtzan_jazz_00045/track.npy,gtzan,0.9180327868852459,0.8318109013716215,0.8318109013716215,0.8318109013716215,0.967741935483871,0.967741935483871,0.967741935483871,0.967741935483871,0.875,0.8339178545118896,0.8339178545118896,0.8339178545118896,1.0,1.0,1.0,1.0,37.0,0.0,0.0,0.058137697717403826,9.0,0.0,0.0,0.014792608913005347,0.0,/media/mengh/SharedData/zhanh/auto_structbeat/caches/pilot/mscnn_final_last_gtzan/gtzan__gtzan_jazz_00045__track.npy.npz
mscnn_gtzan,width_only,gtzan/gtzan_jazz_00046/track.npy,gtzan,1.0,0.9576337787910967,0.9576337787910967,0.9576337787910967,1.0,1.0,1.0,1.0,1.0,0.9555079750311882,0.9555079750311882,0.9555079750311882,1.0,1.0,1.0,1.0,108.0,0.0,0.0,0.14310084364067355,27.0,0.0,0.0,0.03623773185711623,0.0,/media/mengh/SharedData/zhanh/auto_structbeat/caches/pilot/mscnn_final_last_gtzan/gtzan__gtzan_jazz_00046__track.npy.npz
mscnn_gtzan,width_only,gtzan/gtzan_jazz_00047/track.npy,gtzan,0.9883720930232558,0.8939551018462307,0.8939551018462307,0.8939551018462307,0.8620689655172413,0.9310344827586207,0.8620689655172413,0.9310344827586207,0.9767441860465117,0.8888909743253463,0.8888909743253463,0.8888909743253463,0.9545454545454546,0.9545454545454546,0.9545454545454546,0.9545454545454546,93.0,0.0,0.0,0.21120733321096563,23.0,0.0,0.0,0.15048095093829572,0.0,/media/mengh/SharedData/zhanh/auto_structbeat/caches/pilot/mscnn_final_last_gtzan/gtzan__gtzan_jazz_00047__track.npy.npz
mscnn_gtzan,width_only,gtzan/gtzan_jazz_00048/track.npy,gtzan,1.0,0.8587717174439408,0.8587717174439408,0.8587717174439408,1.0,1.0,1.0,1.0,0.962962962962963,0.8516450869534258,0.8516450869534258,0.8516450869534258,0.9285714285714286,0.9285714285714286,0.9285714285714286,0.9285714285714286,65.0,0.0,0.0,0.044451762570840825,16.0,0.0,0.0,0.03710705165577768,0.0,/media/mengh/SharedData/zhanh/auto_structbeat/caches/pilot/mscnn_final_last_gtzan/gtzan__gtzan_jazz_00048__track.npy.npz
mscnn_gtzan,width_only,gtzan/gtzan_jazz_00049/track.npy,gtzan,0.52,0.43656497590984417,0.4872686450249145,0.4619168104673793,0.0625,0.125,0.34285714285714286,0.4857142857142857,0.35294117647058826,0.2954847137928329,0.4071678798878173,0.3513262968403251,0.0,0.0,0.16666666666666666,0.4166666666666667,38.0,0.0,0.0,0.6462018218503631,16.0,0.0,0.0,0.7747700263575651,0.0,/media/mengh/SharedData/zhanh/auto_structbeat/caches/pilot/mscnn_final_last_gtzan/gtzan__gtzan_jazz_00049__track.npy.npz
mscnn_gtzan,width_only,gtzan/gtzan_jazz_00050/track.npy,gtzan,1.0,0.9107666163898612,0.9107666163898612,0.9107666163898612,0.6666666666666666,0.9848484848484849,0.6666666666666666,0.9848484848484849,0.6086956521739131,0.5422406941129979,0.5422406941129979,0.5422406941129979,0.20833333333333334,0.2916666666666667,0.20833333333333334,0.2916666666666667,79.0,0.0,0.0,0.105360515657825,29.0,0.0,0.0,1.7326308744794667,0.0,/media/mengh/SharedData/zhanh/auto_structbeat/caches/pilot/mscnn_final_last_gtzan/gtzan__gtzan_jazz_00050__track.npy.npz
mscnn_gtzan,width_only,gtzan/gtzan_jazz_00051/track.npy,gtzan,1.0,0.9086214343584731,0.9086214343584731,0.9086214343584731,1.0,1.0,1.0,1.0,1.0,0.9206728998451735,0.9206728998451735,0.9206728998451735,1.0,1.0,1.0,1.0,48.0,0.0,0.0,0.031748698314585266,12.0,0.0,0.0,0.012316018378089363,0.0,/media/mengh/SharedData/zhanh/auto_structbeat/caches/pilot/mscnn_final_last_gtzan/gtzan__gtzan_jazz_00051__track.npy.npz
mscnn_gtzan,width_only,gtzan/gtzan_jazz_00052/track.npy,gtzan,0.8051948051948052,0.668844294833166,0.668844294833166,0.668844294833166,0.36363636363636365,0.45454545454545453,0.36363636363636365,0.45454545454545453,0.8421052631578948,0.6862286054443804,0.6863378173028932,0.6862832113736368,0.36363636363636365,0.36363636363636365,0.375,0.5,42.0,0.0,0.0,0.7108792357377798,10.0,0.0,0.0,0.6974108179105167,0.0,/media/mengh/SharedData/zhanh/auto_structbeat/caches/pilot/mscnn_final_last_gtzan/gtzan__gtzan_jazz_00052__track.npy.npz
mscnn_gtzan,width_only,gtzan/gtzan_jazz_00053/track.npy,gtzan,0.837696335078534,0.7913446125776222,0.7913446125776222,0.7913446125776222,0.13513513513513514,0.4594594594594595,0.13513513513513514,0.4594594594594595,0.6808510638297872,0.6399433319695438,0.6612703872268566,0.6506068595982002,0.14814814814814814,0.25925925925925924,0.23076923076923078,0.3333333333333333,131.0,0.25384615384615383,0.27692307692307694,1.0986122886681273,32.0,0.0,0.0,0.6015276507013873,0.0,/media/mengh/SharedData/zhanh/auto_structbeat/caches/pilot/mscnn_final_last_gtzan/gtzan__gtzan_jazz_00053__track.npy.npz
mscnn_gtzan,width_only,gtzan/gtzan_jazz_00054/track.npy,gtzan,0.5842696629213482,0.5307746557161586,0.5479814393199267,0.5393780475180426,0.24444444444444444,0.24444444444444444,0.24444444444444444,0.24444444444444444,0.6086956521739131,0.5695990316664225,0.6124169869368478,0.5910080093016351,0.25,0.25,0.3333333333333333,0.3333333333333333,55.0,0.0,0.0,0.48573338629302404,15.0,0.0,0.0,1.020739575373131,0.0,/media/mengh/SharedData/zhanh/auto_structbeat/caches/pilot/mscnn_final_last_gtzan/gtzan__gtzan_jazz_00054__track.npy.npz
mscnn_gtzan,width_only,gtzan/gtzan_jazz_00055/track.npy,gtzan,1.0,0.765578664421672,0.765578664421672,0.765578664421672,1.0,1.0,1.0,1.0,0.4210526315789474,0.24396879365766475,0.2868515734703848,0.2654101835640248,0.0,0.0,0.15384615384615385,0.23076923076923078,35.0,0.0,0.0,0.04762804898925363,15.0,0.0,0.0,1.103243585842681,0.0,/media/mengh/SharedData/zhanh/auto_structbeat/caches/pilot/mscnn_final_last_gtzan/gtzan__gtzan_jazz_00055__track.npy.npz
mscnn_gtzan,width_only,gtzan/gtzan_jazz_00056/track.npy,gtzan,0.576271186440678,0.49493804146080045,0.7313593860553311,0.6131487137580658,0.0,0.0,0.064,0.456,0.3783783783783784,0.3619987893075533,0.5331066723826231,0.4475527308450882,0.041666666666666664,0.041666666666666664,0.36,0.6,147.0,0.1780821917808219,0.4178082191780822,1.01160091167848,29.0,0.0,0.0,0.36836780269759695,0.0,/media/mengh/SharedData/zhanh/auto_structbeat/caches/pilot/mscnn_final_last_gtzan/gtzan__gtzan_jazz_00056__track.npy.npz
mscnn_gtzan,width_only,gtzan/gtzan_jazz_00057/track.npy,gtzan,0.9189189189189189,0.8074385620260528,0.8074385620260528,0.8074385620260528,0.5128205128205128,0.717948717948718,0.5128205128205128,0.717948717948718,0.6,0.5288902232977731,0.6286723642444872,0.5787812937711302,0.15,0.15,0.15,0.25,41.0,0.0,0.0,0.7091475219063866,23.0,0.0,0.0,0.7404000654104884,0.0,/media/mengh/SharedData/zhanh/auto_structbeat/caches/pilot/mscnn_final_last_gtzan/gtzan__gtzan_jazz_00057__track.npy.npz
mscnn_gtzan,width_only,gtzan/gtzan_jazz_00058/track.npy,gtzan,0.6624203821656051,0.6018427200806773,0.8768708069274853,0.7393567635040813,0.0,0.0,0.44761904761904764,0.8476190476190476,0.6666666666666666,0.592232094501327,0.8847550744239886,0.7384935844626578,0.0,0.0,0.9615384615384616,0.9615384615384616,126.0,0.0,0.064,0.26236426446750005,31.0,0.0,0.0,0.08515780834030749,0.0,/media/mengh/SharedData/zhanh/auto_structbeat/caches/pilot/mscnn_final_last_gtzan/gtzan__gtzan_jazz_00058__track.npy.npz
mscnn_gtzan,width_only,gtzan/gtzan_jazz_00059/track.npy,gtzan,0.7804878048780488,0.716073782417412,0.716073782417412,0.716073782417412,0.5333333333333333,0.5333333333333333,0.5333333333333333,0.5333333333333333,0.7142857142857143,0.6267766379995777,0.6267766379995777,0.6267766379995777,0.1875,0.5,0.1875,0.5,44.0,0.0,0.0,0.4830553894575839,20.0,0.0,0.0,1.0619749177544255,0.0,/media/mengh/SharedData/zhanh/auto_structbeat/caches/pilot/mscnn_final_last_gtzan/gtzan__gtzan_jazz_00059__track.npy.npz
mscnn_gtzan,width_only,gtzan/gtzan_jazz_00060/track.npy,gtzan,1.0,0.9364605684667121,0.9364605684667121,0.9364605684667121,1.0,1.0,1.0,1.0,1.0,0.955428944338587,0.955428944338587,0.955428944338587,1.0,1.0,1.0,1.0,49.0,0.0,0.0,0.032789822822996084,12.0,0.0,0.0,0.020738195312029202,0.0,/media/mengh/SharedData/zhanh/auto_structbeat/caches/pilot/mscnn_final_last_gtzan/gtzan__gtzan_jazz_00060__track.npy.npz
mscnn_gtzan,width_only,gtzan/gtzan_jazz_00061/track.npy,gtzan,0.9051094890510948,0.7893787874122803,0.7893787874122803,0.7893787874122803,0.33783783783783783,0.6351351351351351,0.33783783783783783,0.6351351351351351,0.43243243243243246,0.4197524768016423,0.6212336656663705,0.5204930712340063,0.0,0.0,0.46153846153846156,0.46153846153846156,76.0,0.0,0.0,0.23638877806423597,16.0,0.0,0.0,0.494564560753531,0.0,/media/mengh/SharedData/zhanh/auto_structbeat/caches/pilot/mscnn_final_last_gtzan/gtzan__gtzan_jazz_00061__track.npy.npz
mscnn_gtzan,width_only,gtzan/gtzan_jazz_00062/track.npy,gtzan,0.967741935483871,0.8444953483585793,0.8444953483585793,0.8444953483585793,0.967741935483871,0.9838709677419355,0.967741935483871,0.9838709677419355,1.0,0.858904808615152,0.858904808615152,0.858904808615152,1.0,1.0,1.0,1.0,74.0,0.0,0.0,0.14660347419187614,18.0,0.0,0.0,0.03986055834523791,0.0,/media/mengh/SharedData/zhanh/auto_structbeat/caches/pilot/mscnn_final_last_gtzan/gtzan__gtzan_jazz_00062__track.npy.npz
mscnn_gtzan,width_only,gtzan/gtzan_jazz_00063/track.npy,gtzan,0.9853658536585367,0.8708904703792957,0.8708904703792957,0.8708904703792957,0.4854368932038835,0.883495145631068,0.4854368932038835,0.883495145631068,0.9803921568627451,0.8589056967886836,0.8589056967886836,0.8589056967886836,0.9615384615384616,0.9615384615384616,0.9615384615384616,0.9615384615384616,123.0,0.0,0.01639344262295082,0.24116205681689018,31.0,0.0,0.0,0.12804257591476267,0.0,/media/mengh/SharedData/zhanh/auto_structbeat/caches/pilot/mscnn_final_last_gtzan/gtzan__gtzan_jazz_00063__track.npy.npz
mscnn_gtzan,width_only,gtzan/gtzan_jazz_00064/track.npy,gtzan,1.0,0.9393686158048158,0.9393686158048158,0.9393686158048158,1.0,1.0,1.0,1.0,1.0,0.9376101703698743,0.9376101703698743,0.9376101703698743,1.0,1.0,1.0,1.0,102.0,0.0,0.0,0.13353139262452585,25.0,0.0,0.0,0.034427713631622885,0.0,/media/mengh/SharedData/zhanh/auto_structbeat/caches/pilot/mscnn_final_last_gtzan/gtzan__gtzan_jazz_00064__track.npy.npz
mscnn_gtzan,width_only,gtzan/gtzan_jazz_00065/track.npy,gtzan,0.993939393939394,0.9643446495413331,0.9643446495413331,0.9643446495413331,0.9879518072289156,0.9879518072289156,0.9879518072289156,0.9879518072289156,0.975609756097561,0.9508610717512619,0.9508610717512619,0.9508610717512619,0.9523809523809523,0.9523809523809523,0.9523809523809523,0.9523809523809523,100.0,0.0,0.0,0.06453852113757642,25.0,0.0,0.0,0.0167793366798641,0.0,/media/mengh/SharedData/zhanh/auto_structbeat/caches/pilot/mscnn_final_last_gtzan/gtzan__gtzan_jazz_00065__track.npy.npz
mscnn_gtzan,width_only,gtzan/gtzan_jazz_00066/track.npy,gtzan,0.4153846153846154,0.34061452293415395,0.41282173271921196,0.37671812782668296,0.0,0.0,0.09090909090909091,0.18181818181818182,0.7999999999999999,0.7036344425721425,0.7036344425721425,0.7036344425721425,0.4444444444444444,0.7222222222222222,0.4444444444444444,0.7222222222222222,68.0,0.04477611940298507,0.07462686567164178,1.3526530295146832,19.0,0.0,0.0,0.7051944002360014,0.0,/media/mengh/SharedData/zhanh/auto_structbeat/caches/pilot/mscnn_final_last_gtzan/gtzan__gtzan_jazz_00066__track.npy.npz
mscnn_gtzan,width_only,gtzan/gtzan_jazz_00067/track.npy,gtzan,1.0,0.8118553769063704,0.8118553769063704,0.8118553769063704,1.0,1.0,1.0,1.0,1.0,0.8013191708515789,0.8013191708515789,0.8013191708515789,1.0,1.0,1.0,1.0,50.0,0.0,0.0,0.06669137449867218,12.0,0.0,0.0,0.016807118316381965,0.0,/media/mengh/SharedData/zhanh/auto_structbeat/caches/pilot/mscnn_final_last_gtzan/gtzan__gtzan_jazz_00067__track.npy.npz
mscnn_gtzan,width_only,gtzan/gtzan_jazz_00068/track.npy,gtzan,1.0,0.8368292337840081,0.8368292337840081,0.8368292337840081,1.0,1.0,1.0,1.0,0.6363636363636364,0.6003949846909195,0.8415005640610614,0.7209477743759904,0.0,0.0,0.8666666666666667,0.8666666666666667,37.0,0.0,0.0,0.06503233196935612,18.0,0.0,0.0,0.036813973122715726,0.0,/media/mengh/SharedData/zhanh/auto_structbeat/caches/pilot/mscnn_final_last_gtzan/gtzan__gtzan_jazz_00068__track.npy.npz
mscnn_gtzan,width_only,gtzan/gtzan_jazz_00069/track.npy,gtzan,0.96875,0.8382702464887348,0.8382702464887348,0.8382702464887348,0.875,0.953125,0.875,0.953125,1.0,0.8554986786493491,0.8554986786493491,0.8554986786493491,1.0,1.0,1.0,1.0,77.0,0.0,0.0,0.051293294387558364,19.0,0.0,0.0,0.028143183747151284,0.0,/media/mengh/SharedData/zhanh/auto_structbeat/caches/pilot/mscnn_final_last_gtzan/gtzan__gtzan_jazz_00069__track.npy.npz
mscnn_gtzan,width_only,gtzan/gtzan_jazz_00070/track.npy,gtzan,0.9647058823529412,0.8726838738713896,0.8726838738713896,0.8726838738713896,0.4772727272727273,0.8636363636363636,0.4772727272727273,0.8636363636363636,0.4705882352941177,0.4451200209698233,0.687912759680636,0.5665163903252297,0.0,0.0,0.8333333333333334,0.8333333333333334,49.0,0.0,0.0,0.6478853952459747,8.0,0.0,0.0,0.46403484219464153,0.0,/media/mengh/SharedData/zhanh/auto_structbeat/caches/pilot/mscnn_final_last_gtzan/gtzan__gtzan_jazz_00070__track.npy.npz
mscnn_gtzan,width_only,gtzan/gtzan_jazz_00071/track.npy,gtzan,0.9180327868852459,0.8318109013716215,0.8318109013716215,0.8318109013716215,0.967741935483871,0.967741935483871,0.967741935483871,0.967741935483871,0.875,0.8339178545118896,0.8339178545118896,0.8339178545118896,1.0,1.0,1.0,1.0,37.0,0.0,0.0,0.058137697717403826,9.0,0.0,0.0,0.014792608913005347,0.0,/media/mengh/SharedData/zhanh/auto_structbeat/caches/pilot/mscnn_final_last_gtzan/gtzan__gtzan_jazz_00071__track.npy.npz
mscnn_gtzan,width_only,gtzan/gtzan_jazz_00072/track.npy,gtzan,1.0,0.9623239853112041,0.9623239853112041,0.9623239853112041,1.0,1.0,1.0,1.0,1.0,0.9677800984261083,0.9677800984261083,0.9677800984261083,1.0,1.0,1.0,1.0,108.0,0.0,0.0,0.14310084364067355,27.0,0.0,0.0,0.035718082602079405,0.0,/media/mengh/SharedData/zhanh/auto_structbeat/caches/pilot/mscnn_final_last_gtzan/gtzan__gtzan_jazz_00072__track.npy.npz
mscnn_gtzan,width_only,gtzan/gtzan_jazz_00073/track.npy,gtzan,0.9270833333333334,0.8214856596882342,0.8214856596882342,0.8214856596882342,0.3333333333333333,0.875,0.3333333333333333,0.875,0.0,3.451110746257769e-27,0.8163348566241332,0.4081674283120666,0.0,0.0,1.0,1.0,115.0,0.0,0.008771929824561403,0.18948987132358808,28.0,0.0,0.0,0.07809397186515188,0.0,/media/mengh/SharedData/zhanh/auto_structbeat/caches/pilot/mscnn_final_last_gtzan/gtzan__gtzan_jazz_00073__track.npy.npz
mscnn_gtzan,width_only,gtzan/gtzan_jazz_00074/track.npy,gtzan,0.90625,0.7816414623119055,0.7816414623119055,0.7816414623119055,0.7647058823529411,0.7647058823529411,0.7647058823529411,0.7647058823529411,0.5454545454545454,0.48846363865079656,0.7651838533524814,0.626823746001639,0.0,0.0,0.8,0.8,37.0,0.0,0.0,0.05556985115481211,18.0,0.0,0.0,0.19695840000340856,0.0,/media/mengh/SharedData/zhanh/auto_structbeat/caches/pilot/mscnn_final_last_gtzan/gtzan__gtzan_jazz_00074__track.npy.npz
mscnn_gtzan,width_only,gtzan/gtzan_jazz_00075/track.npy,gtzan,1.0,0.7924835717812841,0.7924835717812841,0.7924835717812841,0.3793103448275862,0.9310344827586207,0.3793103448275862,0.9310344827586207,1.0,0.7616574415361417,0.7616574415361417,0.7616574415361417,1.0,1.0,1.0,1.0,105.0,0.0,0.0,0.14310084364068262,25.0,0.0,0.0,0.0667556410661317,0.0,/media/mengh/SharedData/zhanh/auto_structbeat/caches/pilot/mscnn_final_last_gtzan/gtzan__gtzan_jazz_00075__track.npy.npz
mscnn_gtzan,width_only,gtzan/gtzan_jazz_00076/track.npy,gtzan,0.7540983606557377,0.6012372093075667,0.6012372093075667,0.6012372093075667,0.19444444444444445,0.5277777777777778,0.19444444444444445,0.5277777777777778,0.4444444444444444,0.34654196299841217,0.4097238471493346,0.37813290507387337,0.0,0.0,0.16666666666666666,0.25,42.0,0.0,0.0,0.9031162840184909,15.0,0.0,0.0,0.8994618241524418,0.0,/media/mengh/SharedData/zhanh/auto_structbeat/caches/pilot/mscnn_final_last_gtzan/gtzan__gtzan_jazz_00076__track.npy.npz
mscnn_gtzan,width_only,gtzan/gtzan_jazz_00077/track.npy,gtzan,0.8372093023255814,0.6385999494287298,0.6385999494287298,0.6385999494287298,0.09473684210526316,0.45263157894736844,0.09473684210526316,0.45263157894736844,0.2608695652173913,0.22100022761421753,0.24682259724399844,0.23391141242910798,0.07407407407407407,0.07407407407407407,0.07407407407407407,0.07407407407407407,110.0,0.12844036697247707,0.1559633027522936,1.1786549963416733,34.0,0.030303030303030304,0.030303030303030304,1.4046641564342892,0.0,/media/mengh/SharedData/zhanh/auto_structbeat/caches/pilot/mscnn_final_last_gtzan/gtzan__gtzan_jazz_00077__track.npy.npz
mscnn_gtzan,width_only,gtzan/gtzan_jazz_00078/track.npy,gtzan,1.0,0.9015397021391787,0.9015397021391787,0.9015397021391787,1.0,1.0,1.0,1.0,1.0,0.8865165442167382,0.8865165442167382,0.8865165442167382,1.0,1.0,1.0,1.0,81.0,0.0,0.0,0.061978624021738274,21.0,0.0,0.0,0.026704289612737724,0.0,/media/mengh/SharedData/zhanh/auto_structbeat/caches/pilot/mscnn_final_last_gtzan/gtzan__gtzan_jazz_00078__track.npy.npz
mscnn_gtzan,width_only,gtzan/gtzan_jazz_00079/track.npy,gtzan,1.0,0.9294149952133839,0.9294149952133839,0.9294149952133839,1.0,1.0,1.0,1.0,1.0,0.9391124985174032,0.9391124985174032,0.9391124985174032,1.0,1.0,1.0,1.0,54.0,0.0,0.0,0.07410797215372045,14.0,0.0,0.0,0.009087027139428189,0.0,/media/mengh/SharedData/zhanh/auto_structbeat/caches/pilot/mscnn_final_last_gtzan/gtzan__gtzan_jazz_00079__track.npy.npz
mscnn_gtzan,width_only,gtzan/gtzan_jazz_00080/track.npy,gtzan,0.7352941176470588,0.7101536512323411,0.8482796513227522,0.7792166512775467,0.07228915662650602,0.1927710843373494,0.2641509433962264,0.6037735849056604,0.8085106382978723,0.778251746807064,0.778251746807064,0.778251746807064,0.2692307692307692,0.5769230769230769,0.2692307692307692,0.5769230769230769,63.0,0.0,0.0,0.6931471805599482,31.0,0.0,0.0,0.7270487322356263,0.0,/media/mengh/SharedData/zhanh/auto_structbeat/caches/pilot/mscnn_final_last_gtzan/gtzan__gtzan_jazz_00080__track.npy.npz
mscnn_gtzan,width_only,gtzan/gtzan_jazz_00081/track.npy,gtzan,0.9090909090909091,0.8782770083623102,0.8782770083623102,0.8782770083623102,0.4583333333333333,0.6666666666666666,0.4583333333333333,0.6666666666666666,0.9090909090909091,0.8740879545417765,0.8740879545417765,0.8740879545417765,0.4166666666666667,0.6666666666666666,0.4166666666666667,0.6666666666666666,49.0,0.0,0.0,0.07696104113612845,12.0,0.0,0.0,0.696313256122705,0.0,/media/mengh/SharedData/zhanh/auto_structbeat/caches/pilot/mscnn_final_last_gtzan/gtzan__gtzan_jazz_00081__track.npy.npz
mscnn_gtzan,width_only,gtzan/gtzan_jazz_00082/track.npy,gtzan,1.0,0.9270251228966839,0.9270251228966839,0.9270251228966839,1.0,1.0,1.0,1.0,0.8695652173913044,0.8073153902489428,0.8073153902489428,0.8073153902489428,0.5769230769230769,0.5769230769230769,0.5769230769230769,0.5769230769230769,99.0,0.0,0.0,0.13544528282775958,30.0,0.0,0.0,0.1184416509466457,0.0,/media/mengh/SharedData/zhanh/auto_structbeat/caches/pilot/mscnn_final_last_gtzan/gtzan__gtzan_jazz_00082__track.npy.npz
mscnn_gtzan,width_only,gtzan/gtzan_jazz_00083/track.npy,gtzan,0.84,0.692884717433317,0.692884717433317,0.692884717433317,0.34545454545454546,0.6363636363636364,0.34545454545454546,0.6363636363636364,0.5517241379310345,0.4593809380756646,0.4593809380756646,0.4593809380756646,0.3157894736842105,0.3157894736842105,0.3157894736842105,0.3157894736842105,64.0,0.0,0.0,0.15386414609179297,21.0,0.0,0.0,0.7891247649413358,0.0,/media/mengh/SharedData/zhanh/auto_structbeat/caches/pilot/mscnn_final_last_gtzan/gtzan__gtzan_jazz_00083__track.npy.npz
mscnn_gtzan,width_only,gtzan/gtzan_jazz_00084/track.npy,gtzan,1.0,0.9424360713662159,0.9424360713662159,0.9424360713662159,1.0,1.0,1.0,1.0,1.0,0.9477618900614265,0.9477618900614265,0.9477618900614265,1.0,1.0,1.0,1.0,62.0,0.0,0.0,0.08338160893904922,15.0,0.0,0.0,0.030771658666753642,0.0,/media/mengh/SharedData/zhanh/auto_structbeat/caches/pilot/mscnn_final_last_gtzan/gtzan__gtzan_jazz_00084__track.npy.npz
mscnn_gtzan,width_only,gtzan/gtzan_jazz_00085/track.npy,gtzan,0.9105691056910568,0.8182097968698466,0.8182097968698466,0.8182097968698466,0.7424242424242424,0.7424242424242424,0.7424242424242424,0.7424242424242424,0.7741935483870968,0.6894296338827433,0.6894296338827433,0.6894296338827433,0.7058823529411765,0.7058823529411765,0.7058823529411765,0.7058823529411765,69.0,0.0,0.0,0.1112256351102221,17.0,0.0,0.0,0.41174093847975657,0.0,/media/mengh/SharedData/zhanh/auto_structbeat/caches/pilot/mscnn_final_last_gtzan/gtzan__gtzan_jazz_00085__track.npy.npz
mscnn_gtzan,width_only,gtzan/gtzan_jazz_00086/track.npy,gtzan,0.6530612244897959,0.5235434521052161,0.5235434521052161,0.5235434521052161,0.14545454545454545,0.41818181818181815,0.14545454545454545,0.41818181818181815,0.36363636363636365,0.29302063231889536,0.40415151487669243,0.3485860735977939,0.047619047619047616,0.047619047619047616,0.21739130434782608,0.4782608695652174,70.0,0.057971014492753624,0.08695652173913043,1.477139623663747,24.0,0.0,0.043478260869565216,1.501637888567806,0.0,/media/mengh/SharedData/zhanh/auto_structbeat/caches/pilot/mscnn_final_last_gtzan/gtzan__gtzan_jazz_00086__track.npy.npz
mscnn_gtzan,width_only,gtzan/gtzan_jazz_00087/track.npy,gtzan,0.8076923076923076,0.7154134734007701,0.7154134734007701,0.7154134734007701,0.5636363636363636,0.6727272727272727,0.5636363636363636,0.6727272727272727,0.7692307692307692,0.6548754709420574,0.6548754709420574,0.6548754709420574,0.5714285714285714,0.6428571428571429,0.5714285714285714,0.6428571428571429,57.0,0.0,0.017857142857142856,0.7572586239352216,14.0,0.0,0.0,0.6967117473736609,0.0,/media/mengh/SharedData/zhanh/auto_structbeat/caches/pilot/mscnn_final_last_gtzan/gtzan__gtzan_jazz_00087__track.npy.npz
mscnn_gtzan,width_only,gtzan/gtzan_jazz_00088/track.npy,gtzan,1.0,0.9487683863483111,0.9487683863483111,0.9487683863483111,1.0,1.0,1.0,1.0,1.0,0.9580843949550877,0.9580843949550877,0.9580843949550877,1.0,1.0,1.0,1.0,64.0,0.0,0.0,0.08701137698963171,16.0,0.0,0.0,0.010810916104215362,0.0,/media/mengh/SharedData/zhanh/auto_structbeat/caches/pilot/mscnn_final_last_gtzan/gtzan__gtzan_jazz_00088__track.npy.npz
mscnn_gtzan,width_only,gtzan/gtzan_jazz_00089/track.npy,gtzan,0.9565217391304348,0.7095793014295432,0.7095793014295432,0.7095793014295432,1.0,1.0,1.0,1.0,0.6666666666666666,0.4842651731957868,0.7000339512039572,0.592149562199872,0.0,0.0,0.9166666666666666,0.9166666666666666,28.0,0.0,0.0,0.05505977718302868,14.0,0.0,0.0,0.03158505088615478,0.0,/media/mengh/SharedData/zhanh/auto_structbeat/caches/pilot/mscnn_final_last_gtzan/gtzan__gtzan_jazz_00089__track.npy.npz
mscnn_gtzan,width_only,gtzan/gtzan_jazz_00090/track.npy,gtzan,1.0,0.9331518973047385,0.9331518973047385,0.9331518973047385,1.0,1.0,1.0,1.0,1.0,0.915833511946681,0.915833511946681,0.915833511946681,1.0,1.0,1.0,1.0,68.0,0.0,0.0,0.09097177820572619,23.0,0.0,0.0,0.015267472130789439,0.0,/media/mengh/SharedData/zhanh/auto_structbeat/caches/pilot/mscnn_final_last_gtzan/gtzan__gtzan_jazz_00090__track.npy.npz
mscnn_gtzan,width_only,gtzan/gtzan_jazz_00091/track.npy,gtzan,0.9583333333333334,0.8050786272935837,0.8050786272935837,0.8050786272935837,1.0,1.0,1.0,1.0,0.8333333333333334,0.7231452320903643,0.7231452320903643,0.7231452320903643,1.0,1.0,1.0,1.0,29.0,0.0,0.0,0.10792313365619892,7.0,0.0,0.0,0.046914507156253026,0.0,/media/mengh/SharedData/zhanh/auto_structbeat/caches/pilot/mscnn_final_last_gtzan/gtzan__gtzan_jazz_00091__track.npy.npz
mscnn_gtzan,width_only,gtzan/gtzan_jazz_00092/track.npy,gtzan,0.8636363636363636,0.6623086918715484,0.6623086918715484,0.6623086918715484,1.0,1.0,1.0,1.0,0.6,0.5046371039030271,0.5046371039030271,0.5046371039030271,1.0,1.0,1.0,1.0,27.0,0.0,0.0,0.10350710375116676,6.0,0.0,0.0,0.04165287559142235,0.0,/media/mengh/SharedData/zhanh/auto_structbeat/caches/pilot/mscnn_final_last_gtzan/gtzan__gtzan_jazz_00092__track.npy.npz
mscnn_gtzan,width_only,gtzan/gtzan_jazz_00093/track.npy,gtzan,0.7368421052631579,0.6574275060366892,0.7786230829481691,0.7180252944924291,0.07246376811594203,0.18840579710144928,0.26666666666666666,0.5777777777777777,0.787878787878788,0.682428513776011,0.682428513776011,0.682428513776011,0.47058823529411764,0.47058823529411764,0.47058823529411764,0.47058823529411764,57.0,0.05357142857142857,0.05357142857142857,1.3110097728276497,19.0,0.0,0.0,1.1211845825259408,0.0,/media/mengh/SharedData/zhanh/auto_structbeat/caches/pilot/mscnn_final_last_gtzan/gtzan__gtzan_jazz_00093__track.npy.npz
mscnn_gtzan,width_only,gtzan/gtzan_jazz_00094/track.npy,gtzan,0.7654320987654321,0.6830363322338855,0.8097528737193567,0.7463946029766211,0.16,0.24,0.41935483870967744,0.6129032258064516,0.888888888888889,0.7661936339087291,0.7661936339087291,0.7661936339087291,0.5,0.7142857142857143,0.5,0.7142857142857143,38.0,0.0,0.0,0.7131539728327636,17.0,0.0,0.0,0.7125004389408343,0.0,/media/mengh/SharedData/zhanh/auto_structbeat/caches/pilot/mscnn_final_last_gtzan/gtzan__gtzan_jazz_00094__track.npy.npz
mscnn_gtzan,width_only,gtzan/gtzan_jazz_00095/track.npy,gtzan,0.609375,0.49088195203637036,0.5872956619090169,0.5390888069726937,0.0641025641025641,0.16666666666666666,0.12121212121212122,0.37373737373737376,0.4848484848484849,0.4181903624630768,0.5285360232929494,0.4733631928780131,0.2,0.2,0.52,0.52,89.0,0.0,0.011363636363636364,0.3285770441259978,23.0,0.0,0.0,0.4054651081081632,0.0,/media/mengh/SharedData/zhanh/auto_structbeat/caches/pilot/mscnn_final_last_gtzan/gtzan__gtzan_jazz_00095__track.npy.npz
mscnn_gtzan,width_only,gtzan/gtzan_jazz_00096/track.npy,gtzan,0.9,0.7446582817156232,0.7446582817156232,0.7446582817156232,0.6363636363636364,0.6363636363636364,0.6363636363636364,0.6363636363636364,0.88,0.6627524325419087,0.6627524325419087,0.6627524325419087,0.6428571428571429,0.6428571428571429,0.6428571428571429,0.6428571428571429,57.0,0.0,0.0,0.10373966253136649,14.0,0.0,0.0,0.3292420677217993,0.0,/media/mengh/SharedData/zhanh/auto_structbeat/caches/pilot/mscnn_final_last_gtzan/gtzan__gtzan_jazz_00096__track.npy.npz
mscnn_gtzan,width_only,gtzan/gtzan_jazz_00097/track.npy,gtzan,0.5853658536585366,0.5368080175029879,0.5368080175029879,0.5368080175029879,0.6818181818181818,0.7272727272727273,0.6818181818181818,0.7272727272727273,0.4000000000000001,0.3760907323048005,0.3760907323048005,0.3760907323048005,1.0,1.0,1.0,1.0,19.0,0.0,0.0,0.1838542477362679,5.0,0.0,0.0,0.06291304021792214,0.0,/media/mengh/SharedData/zhanh/auto_structbeat/caches/pilot/mscnn_final_last_gtzan/gtzan__gtzan_jazz_00097__track.npy.npz
mscnn_gtzan,width_only,gtzan/gtzan_jazz_00098/track.npy,gtzan,0.9852941176470589,0.8348925506437869,0.8348925506437869,0.8348925506437869,0.9558823529411765,0.9558823529411765,0.9558823529411765,0.9558823529411765,0.9411764705882353,0.822963582787008,0.822963582787008,0.822963582787008,1.0,1.0,1.0,1.0,81.0,0.0,0.0,0.10594702760307187,20.0,0.0,0.0,0.041781176457879945,0.0,/media/mengh/SharedData/zhanh/auto_structbeat/caches/pilot/mscnn_final_last_gtzan/gtzan__gtzan_jazz_00098__track.npy.npz
mscnn_gtzan,width_only,gtzan/gtzan_jazz_00099/track.npy,gtzan,0.7741935483870968,0.7064115879627143,0.7917037603795185,0.7490576741711163,0.2982456140350877,0.2982456140350877,0.5277777777777778,0.5277777777777778,0.47058823529411764,0.43346373801814203,0.46331731055366004,0.44839052428590104,0.2631578947368421,0.2631578947368421,0.2631578947368421,0.2631578947368421,48.0,0.0,0.0,0.0909717782057266,19.0,0.0,0.0,0.08404060513740573,0.0,/media/mengh/SharedData/zhanh/auto_structbeat/caches/pilot/mscnn_final_last_gtzan/gtzan__gtzan_jazz_00099__track.npy.npz
mscnn_gtzan,width_only,gtzan/gtzan_metal_00000/track.npy,gtzan,1.0,0.8923630133160583,0.8923630133160583,0.8923630133160583,1.0,1.0,1.0,1.0,1.0,0.864673733084669,0.864673733084669,0.864673733084669,1.0,1.0,1.0,1.0,47.0,0.0,0.0,0.06252035698133404,12.0,0.0,0.0,0.03149866705937123,0.0,/media/mengh/SharedData/zhanh/auto_structbeat/caches/pilot/mscnn_final_last_gtzan/gtzan__gtzan_metal_00000__track.npy.npz
mscnn_gtzan,width_only,gtzan/gtzan_metal_00001/track.npy,gtzan,0.832214765100671,0.7719758987852251,0.7719758987852251,0.7719758987852251,0.2619047619047619,0.5238095238095238,0.2619047619047619,0.5238095238095238,0.48979591836734687,0.455696964379237,0.5184772636868451,0.48708711403304106,0.09375,0.125,0.09375,0.18181818181818182,99.0,0.02040816326530612,0.2755102040816326,0.7524094991108763,39.0,0.02631578947368421,0.21052631578947367,2.3016921237615415,0.0,/media/mengh/SharedData/zhanh/auto_structbeat/caches/pilot/mscnn_final_last_gtzan/gtzan__gtzan_metal_00001__track.npy.npz
mscnn_gtzan,width_only,gtzan/gtzan_metal_00002/track.npy,gtzan,1.0,0.9088895238392641,0.9088895238392641,0.9088895238392641,1.0,1.0,1.0,1.0,1.0,0.9233872157956317,0.9233872157956317,0.9233872157956317,1.0,1.0,1.0,1.0,56.0,0.0,0.0,0.07410797215372678,14.0,0.0,0.0,0.028170876966696772,0.0,/media/mengh/SharedData/zhanh/auto_structbeat/caches/pilot/mscnn_final_last_gtzan/gtzan__gtzan_metal_00002__track.npy.npz
mscnn_gtzan,width_only,gtzan/gtzan_metal_00003/track.npy,gtzan,0.6708860759493671,0.5740080619873483,0.5740080619873483,0.5740080619873483,0.2875,0.4125,0.2875,0.4125,0.36842105263157887,0.29794198384849574,0.29794198384849574,0.29794198384849574,0.25,0.45,0.25,0.45,91.0,0.07777777777777778,0.13333333333333333,1.0986122886681011,21.0,0.0,0.0,0.6450513218139069,0.0,/media/mengh/SharedData/zhanh/auto_structbeat/caches/pilot/mscnn_final_last_gtzan/gtzan__gtzan_metal_00003__track.npy.npz
mscnn_gtzan,width_only,gtzan/gtzan_metal_00004/track.npy,gtzan,0.1217391304347826,0.07002214393732696,0.1644794458977844,0.11725079491755569,0.05172413793103448,0.1724137931034483,0.08620689655172414,0.3448275862068966,0.0,0.02627747081690938,0.02627747081690938,0.02627747081690938,0.9333333333333333,0.9333333333333333,0.9333333333333333,0.9333333333333333,69.0,0.0,0.0,0.14455101464686584,17.0,0.0,0.0,0.03851992855835753,0.0,/media/mengh/SharedData/zhanh/auto_structbeat/caches/pilot/mscnn_final_last_gtzan/gtzan__gtzan_metal_00004__track.npy.npz
mscnn_gtzan,width_only,gtzan/gtzan_metal_00005/track.npy,gtzan,0.9922480620155039,0.9347644110151144,0.9347644110151144,0.9347644110151144,0.9846153846153847,0.9846153846153847,0.9846153846153847,0.9846153846153847,1.0,0.9246536002724913,0.9246536002724913,0.9246536002724913,1.0,1.0,1.0,1.0,78.0,0.0,0.0,0.051293294387558364,20.0,0.0,0.0,0.02569238898182619,0.0,/media/mengh/SharedData/zhanh/auto_structbeat/caches/pilot/mscnn_final_last_gtzan/gtzan__gtzan_metal_00005__track.npy.npz
mscnn_gtzan,width_only,gtzan/gtzan_metal_00006/track.npy,gtzan,0.96,0.769940293465464,0.769940293465464,0.769940293465464,0.96,0.96,0.96,0.96,1.0,0.7669631670819638,0.7669631670819638,0.7669631670819638,1.0,1.0,1.0,1.0,60.0,0.0,0.0,0.08004270767354893,15.0,0.0,0.0,0.12221763272424913,0.0,/media/mengh/SharedData/zhanh/auto_structbeat/caches/pilot/mscnn_final_last_gtzan/gtzan__gtzan_metal_00006__track.npy.npz
mscnn_gtzan,width_only,gtzan/gtzan_metal_00007/track.npy,gtzan,0.9523809523809523,0.7966290926475124,0.7966290926475124,0.7966290926475124,0.42857142857142855,0.9523809523809523,0.42857142857142855,0.9523809523809523,0.37209302325581395,0.30512960715185455,0.42183847676523967,0.3634840419585471,0.07407407407407407,0.07407407407407407,0.41935483870967744,0.41935483870967744,76.0,0.0,0.0,0.10536051565783011,30.0,0.0,0.0,0.7408433428087008,0.0,/media/mengh/SharedData/zhanh/auto_structbeat/caches/pilot/mscnn_final_last_gtzan/gtzan__gtzan_metal_00007__track.npy.npz
mscnn_gtzan,width_only,gtzan/gtzan_metal_00008/track.npy,gtzan,0.9158878504672897,0.8205372376159985,0.8205372376159985,0.8205372376159985,0.1896551724137931,0.8448275862068966,0.1896551724137931,0.8448275862068966,0.7058823529411764,0.6352654692330785,0.6352654692330785,0.6352654692330785,0.13636363636363635,0.36363636363636365,0.17391304347826086,0.36363636363636365,70.0,0.15942028985507245,0.15942028985507245,1.8718021769015818,25.0,0.20833333333333334,0.20833333333333334,3.208825489014698,0.0,/media/mengh/SharedData/zhanh/auto_structbeat/caches/pilot/mscnn_final_last_gtzan/gtzan__gtzan_metal_00008__track.npy.npz
mscnn_gtzan,width_only,gtzan/gtzan_metal_00009/track.npy,gtzan,0.9574468085106383,0.855393431603024,0.855393431603024,0.855393431603024,0.6458333333333334,0.9166666666666666,0.6458333333333334,0.9166666666666666,0.6956521739130435,0.5881716804909867,0.5881716804909867,0.5881716804909867,0.6666666666666666,0.6666666666666666,0.6666666666666666,0.6666666666666666,55.0,0.0,0.0,0.16474880292637692,13.0,0.0,0.0,0.21180273089143525,0.0,/media/mengh/SharedData/zhanh/auto_structbeat/caches/pilot/mscnn_final_last_gtzan/gtzan__gtzan_metal_00009__track.npy.npz
mscnn_gtzan,width_only,gtzan/gtzan_metal_00010/track.npy,gtzan,0.5686274509803921,0.43742681223752494,0.5420296307557798,0.4897282214966524,0.05128205128205128,0.19658119658119658,0.05128205128205128,0.19658119658119658,0.16666666666666666,0.11553581176635884,0.21893593160861086,0.16723587168748485,0.08,0.12,0.08,0.12,138.0,0.18248175182481752,0.48175182481751827,1.019064152465922,31.0,0.0,0.0,0.4014041595225567,0.0,/media/mengh/SharedData/zhanh/auto_structbeat/caches/pilot/mscnn_final_last_gtzan/gtzan__gtzan_metal_00010__track.npy.npz
mscnn_gtzan,width_only,gtzan/gtzan_metal_00011/track.npy,gtzan,0.543046357615894,0.4362138159271475,0.4970460004646937,0.4666299081959206,0.1411764705882353,0.27058823529411763,0.1411764705882353,0.27058823529411763,0.18181818181818182,0.18650698210084257,0.28010494734667607,0.2333059647237593,0.03571428571428571,0.03571428571428571,0.1935483870967742,0.3548387096774194,100.0,0.020202020202020204,0.24242424242424243,0.7660876482945075,36.0,0.02857142857142857,0.05714285714285714,1.6348881817545564,0.0,/media/mengh/SharedData/zhanh/auto_structbeat/caches/pilot/mscnn_final_last_gtzan/gtzan__gtzan_metal_00011__track.npy.npz
mscnn_gtzan,width_only,gtzan/gtzan_metal_00012/track.npy,gtzan,1.0,0.9395552621885997,0.9395552621885997,0.9395552621885997,1.0,1.0,1.0,1.0,1.0,0.9421608106715297,0.9421608106715297,0.9421608106715297,1.0,1.0,1.0,1.0,84.0,0.0,0.0,0.1112256351102243,21.0,0.0,0.0,0.04196419909903193,0.0,/media/mengh/SharedData/zhanh/auto_structbeat/caches/pilot/mscnn_final_last_gtzan/gtzan__gtzan_metal_00012__track.npy.npz
mscnn_gtzan,width_only,gtzan/gtzan_metal_00013/track.npy,gtzan,0.7943262411347518,0.6646811922131481,0.6646811922131481,0.6646811922131481,0.27380952380952384,0.44047619047619047,0.27380952380952384,0.44047619047619047,0.6842105263157894,0.5659166213190522,0.5659166213190522,0.5659166213190522,0.20833333333333334,0.2916666666666667,0.20833333333333334,0.2916666666666667,108.0,0.11214953271028037,0.308411214953271,0.9162907318741533,33.0,0.0,0.0,1.0909785526027163,0.0,/media/mengh/SharedData/zhanh/auto_structbeat/caches/pilot/mscnn_final_last_gtzan/gtzan__gtzan_metal_00013__track.npy.npz
mscnn_gtzan,width_only,gtzan/gtzan_metal_00014/track.npy,gtzan,0.6526315789473685,0.5870335891080232,0.8749104428727672,0.7309720159903952,0.0,0.0,0.953125,0.953125,0.6666666666666666,0.6275033669325277,0.8758492304425959,0.7516762986875618,0.0,0.0,0.9375,0.9375,77.0,0.0,0.0,0.10536051565782911,19.0,0.0,0.0,0.05064373281875424,0.0,/media/mengh/SharedData/zhanh/auto_structbeat/caches/pilot/mscnn_final_last_gtzan/gtzan__gtzan_metal_00014__track.npy.npz
mscnn_gtzan,width_only,gtzan/gtzan_metal_00015/track.npy,gtzan,0.5897435897435898,0.48811372303211503,0.7113179141339908,0.5997158185830529,0.0,0.0,0.1559633027522936,0.5045871559633027,0.5128205128205129,0.4308219544766058,0.6230872077534237,0.5269545811150148,0.0,0.0,0.21428571428571427,0.42857142857142855,133.0,0.2196969696969697,0.36363636363636365,0.7884573603642894,34.0,0.0,0.0,1.225046808632881,0.0,/media/mengh/SharedData/zhanh/auto_structbeat/caches/pilot/mscnn_final_last_gtzan/gtzan__gtzan_metal_00015__track.npy.npz
mscnn_gtzan,width_only,gtzan/gtzan_metal_00016/track.npy,gtzan,0.8387096774193548,0.785172085652134,0.785172085652134,0.785172085652134,0.16666666666666666,0.4444444444444444,0.2077922077922078,0.4444444444444444,0.48,0.4538634489520453,0.7295026744044931,0.5916830616782692,0.0,0.0,0.42105263157894735,0.5789473684210527,61.0,0.0,0.0,0.6931471805599453,19.0,0.0,0.0,0.4670936031319366,0.0,/media/mengh/SharedData/zhanh/auto_structbeat/caches/pilot/mscnn_final_last_gtzan/gtzan__gtzan_metal_00016__track.npy.npz
mscnn_gtzan,width_only,gtzan/gtzan_metal_00017/track.npy,gtzan,0.2011173184357542,0.1641478752504574,0.6259141626214954,0.39503101893597636,0.08888888888888889,0.17777777777777778,0.6,0.6777777777777778,0.21739130434782608,0.17996249942090833,0.17996249942090833,0.17996249942090833,1.0,1.0,1.0,1.0,108.0,0.0,0.0,0.14310084364067355,27.0,0.0,0.0,0.03509131981126934,0.0,/media/mengh/SharedData/zhanh/auto_structbeat/caches/pilot/mscnn_final_last_gtzan/gtzan__gtzan_metal_00017__track.npy.npz
mscnn_gtzan,width_only,gtzan/gtzan_metal_00018/track.npy,gtzan,0.24285714285714285,0.1793491180851018,0.2753824735600347,0.22736579582256825,0.0,0.0,0.030612244897959183,0.10204081632653061,0.10344827586206896,0.09926457463106723,0.13342796158402953,0.11634626810754839,0.0,0.0,0.0,0.0,119.0,0.1016949152542373,0.3220338983050847,0.8472978603871908,58.0,0.0,0.017543859649122806,0.7019200105127658,0.0,/media/mengh/SharedData/zhanh/auto_structbeat/caches/pilot/mscnn_final_last_gtzan/gtzan__gtzan_metal_00018__track.npy.npz
mscnn_gtzan,width_only,gtzan/gtzan_metal_00019/track.npy,gtzan,0.06629834254143646,0.0714779246665828,0.728747558527978,0.4001127415972804,0.02197802197802198,0.02197802197802198,0.38461538461538464,0.8021978021978022,0.04444444444444444,0.0204977018639084,0.022596508072134917,0.02154710496802166,0.9130434782608695,0.9130434782608695,0.9130434782608695,0.9130434782608695,108.0,0.0,0.009345794392523364,0.26826398659467904,27.0,0.0,0.0,0.11424312023650288,0.0,/media/mengh/SharedData/zhanh/auto_structbeat/caches/pilot/mscnn_final_last_gtzan/gtzan__gtzan_metal_00019__track.npy.npz
mscnn_gtzan,width_only,gtzan/gtzan_metal_00020/track.npy,gtzan,0.6906474820143885,0.5915117521319762,0.5915117521319762,0.5915117521319762,0.2077922077922078,0.33766233766233766,0.2077922077922078,0.33766233766233766,0.4848484848484849,0.41382051088433036,0.41382051088433036,0.41382051088433036,0.2,0.3,0.2,0.3,87.0,0.09302325581395349,0.2441860465116279,0.84203439872373,17.0,0.0,0.0,0.7279502354918346,0.0,/media/mengh/SharedData/zhanh/auto_structbeat/caches/pilot/mscnn_final_last_gtzan/gtzan__gtzan_metal_00020__track.npy.npz
mscnn_gtzan,width_only,gtzan/gtzan_metal_00021/track.npy,gtzan,1.0,0.9431859594036734,0.9431859594036734,0.9431859594036734,1.0,1.0,1.0,1.0,1.0,0.9518409786540277,0.9518409786540277,0.9518409786540277,1.0,1.0,1.0,1.0,54.0,0.0,0.0,0.07145896398214542,13.0,0.0,0.0,0.018349138668196208,0.0,/media/mengh/SharedData/zhanh/auto_structbeat/caches/pilot/mscnn_final_last_gtzan/gtzan__gtzan_metal_00021__track.npy.npz
mscnn_gtzan,width_only,gtzan/gtzan_metal_00022/track.npy,gtzan,1.0,0.9315871681662151,0.9315871681662151,0.9315871681662151,1.0,1.0,1.0,1.0,1.0,0.9209946082051,0.9209946082051,0.9209946082051,1.0,1.0,1.0,1.0,69.0,0.0,0.0,0.04652001563490016,17.0,0.0,0.0,0.034289073478632325,0.0,/media/mengh/SharedData/zhanh/auto_structbeat/caches/pilot/mscnn_final_last_gtzan/gtzan__gtzan_metal_00022__track.npy.npz
mscnn_gtzan,width_only,gtzan/gtzan_metal_00023/track.npy,gtzan,0.9836065573770492,0.915387620757706,0.915387620757706,0.915387620757706,0.9836065573770492,0.9836065573770492,0.9836065573770492,0.9836065573770492,0.7142857142857143,0.6634290736440482,0.8755833580903242,0.7695062158671861,0.14814814814814814,0.14814814814814814,0.7586206896551724,0.7586206896551724,73.0,0.0,0.0,0.04879016416943971,30.0,0.0,0.0,0.06408498748606234,0.0,/media/mengh/SharedData/zhanh/auto_structbeat/caches/pilot/mscnn_final_last_gtzan/gtzan__gtzan_metal_00023__track.npy.npz
mscnn_gtzan,width_only,gtzan/gtzan_metal_00024/track.npy,gtzan,1.0,0.9256928215068929,0.9256928215068929,0.9256928215068929,1.0,1.0,1.0,1.0,1.0,0.8789528145297315,0.8789528145297315,0.8789528145297315,1.0,1.0,1.0,1.0,56.0,0.0,0.0,0.07410797215372356,14.0,0.0,0.0,0.022839627809369573,0.0,/media/mengh/SharedData/zhanh/auto_structbeat/caches/pilot/mscnn_final_last_gtzan/gtzan__gtzan_metal_00024__track.npy.npz
mscnn_gtzan,width_only,gtzan/gtzan_metal_00025/track.npy,gtzan,1.0,0.9659931142802385,0.9659931142802385,0.9659931142802385,1.0,1.0,1.0,1.0,1.0,0.9763235929077227,0.9763235929077227,0.9763235929077227,1.0,1.0,1.0,1.0,69.0,0.0,0.0,0.04652001563490016,17.0,0.0,0.0,0.011560822401075699,0.0,/media/mengh/SharedData/zhanh/auto_structbeat/caches/pilot/mscnn_final_last_gtzan/gtzan__gtzan_metal_00025__track.npy.npz
mscnn_gtzan,width_only,gtzan/gtzan_metal_00026/track.npy,gtzan,0.9803921568627452,0.8630475578051051,0.8630475578051051,0.8630475578051051,0.2912621359223301,0.8932038834951457,0.2912621359223301,0.8932038834951457,0.9387755102040816,0.8248999933565297,0.8248999933565297,0.8248999933565297,0.7692307692307693,0.7692307692307693,0.7692307692307693,0.7692307692307693,122.0,0.0,0.0743801652892562,0.3483066942682145,26.0,0.0,0.0,0.16288988626382658,0.0,/media/mengh/SharedData/zhanh/auto_structbeat/caches/pilot/mscnn_final_last_gtzan/gtzan__gtzan_metal_00026__track.npy.npz
mscnn_gtzan,width_only,gtzan/gtzan_metal_00027/track.npy,gtzan,0.8743718592964823,0.7147381064296322,0.7147381064296322,0.7147381064296322,0.1588785046728972,0.5607476635514018,0.1588785046728972,0.5607476635514018,0.5,0.47355932571484716,0.47355932571484716,0.47355932571484716,0.46153846153846156,0.46153846153846156,0.46153846153846156,0.46153846153846156,113.0,0.0,0.044642857142857144,0.33647223662121284,24.0,0.0,0.0,0.5028608991937917,0.0,/media/mengh/SharedData/zhanh/auto_structbeat/caches/pilot/mscnn_final_last_gtzan/gtzan__gtzan_metal_00027__track.npy.npz
mscnn_gtzan,width_only,gtzan/gtzan_metal_00028/track.npy,gtzan,0.5795454545454546,0.45095458217598544,0.6864636393187399,0.5687091107473626,0.01694915254237288,0.03389830508474576,0.0423728813559322,0.3728813559322034,0.1111111111111111,0.09724460931762748,0.10912340299224203,0.10318400615493475,0.18181818181818182,0.36363636363636365,0.18181818181818182,0.36363636363636365,142.0,0.14184397163120568,0.5177304964539007,0.827709537544601,34.0,0.06060606060606061,0.15151515151515152,1.6526310608491295,0.0,/media/mengh/SharedData/zhanh/auto_structbeat/caches/pilot/mscnn_final_last_gtzan/gtzan__gtzan_metal_00028__track.npy.npz
mscnn_gtzan,width_only,gtzan/gtzan_metal_00029/track.npy,gtzan,1.0,0.8674682093394664,0.8674682093394664,0.8674682093394664,1.0,1.0,1.0,1.0,1.0,0.849915549404725,0.849915549404725,0.849915549404725,1.0,1.0,1.0,1.0,61.0,0.0,0.0,0.04630792374427562,15.0,0.0,0.0,0.02443278758991801,0.0,/media/mengh/SharedData/zhanh/auto_structbeat/caches/pilot/mscnn_final_last_gtzan/gtzan__gtzan_metal_00029__track.npy.npz
mscnn_gtzan,width_only,gtzan/gtzan_metal_00030/track.npy,gtzan,1.0,0.9770567812834079,0.9770567812834079,0.9770567812834079,1.0,1.0,1.0,1.0,1.0,0.9784570608063683,0.9784570608063683,0.9784570608063683,1.0,1.0,1.0,1.0,66.0,0.0,0.0,0.044451762570840825,16.0,0.0,0.0,0.014875010872853891,0.0,/media/mengh/SharedData/zhanh/auto_structbeat/caches/pilot/mscnn_final_last_gtzan/gtzan__gtzan_metal_00030__track.npy.npz
mscnn_gtzan,width_only,gtzan/gtzan_metal_00031/track.npy,gtzan,1.0,0.9211271659517146,0.9211271659517146,0.9211271659517146,1.0,1.0,1.0,1.0,0.6511627906976745,0.5879678663214846,0.901141678533659,0.7445547724275718,0.0,0.0,0.9655172413793104,0.9655172413793104,69.0,0.0,0.0,0.07763624943447829,34.0,0.0,0.0,0.03387578061130886,0.0,/media/mengh/SharedData/zhanh/auto_structbeat/caches/pilot/mscnn_final_last_gtzan/gtzan__gtzan_metal_00031__track.npy.npz
mscnn_gtzan,width_only,gtzan/gtzan_metal_00032/track.npy,gtzan,0.9428571428571428,0.7473225701831651,0.7473225701831651,0.7473225701831651,0.8108108108108109,0.8108108108108109,0.8108108108108109,0.8108108108108109,0.9142857142857143,0.6836686520041473,0.6836686520041473,0.6836686520041473,0.8421052631578947,0.8421052631578947,0.8421052631578947,0.8421052631578947,80.0,0.0,0.0,0.11778303565638296,19.0,0.0,0.0,0.05927269643536156,0.0,/media/mengh/SharedData/zhanh/auto_structbeat/caches/pilot/mscnn_final_last_gtzan/gtzan__gtzan_metal_00032__track.npy.npz
mscnn_gtzan,width_only,gtzan/gtzan_metal_00033/track.npy,gtzan,0.7482014388489209,0.6937405246327035,0.7426723976712629,0.7182064611519832,0.12643678160919541,0.25287356321839083,0.12643678160919541,0.39805825242718446,0.40816326530612246,0.3604017875950928,0.5862692908704505,0.47333553923277166,0.0,0.0,0.16666666666666666,0.3055555555555556,100.0,0.06060606060606061,0.18181818181818182,0.9808292530117224,42.0,0.0,0.0,0.7213280162488771,0.0,/media/mengh/SharedData/zhanh/auto_structbeat/caches/pilot/mscnn_final_last_gtzan/gtzan__gtzan_metal_00033__track.npy.npz
mscnn_gtzan,width_only,gtzan/gtzan_metal_00034/track.npy,gtzan,0.549618320610687,0.4945170134565802,0.531372895922221,0.5129449546894006,0.4090909090909091,0.5454545454545454,0.4090909090909091,0.5454545454545454,0.0,1.0347016829392922e-20,0.3671859682890999,0.18359298414454994,0.0,0.0,0.8125,0.8125,80.0,0.0,0.0,0.20067069546215555,19.0,0.0,0.0,0.07099197945328674,0.0,/media/mengh/SharedData/zhanh/auto_structbeat/caches/pilot/mscnn_final_last_gtzan/gtzan__gtzan_metal_00034__track.npy.npz
mscnn_gtzan,width_only,gtzan/gtzan_metal_00035/track.npy,gtzan,0.98989898989899,0.9147628115324757,0.9147628115324757,0.9147628115324757,0.98,0.98,0.98,0.98,0.6666666666666666,0.6203273074023233,0.9025611304770179,0.7614442189396706,0.0,0.0,0.9583333333333334,0.9583333333333334,59.0,0.0,0.0,0.048666137150910185,29.0,0.0,0.0,0.05826890812397575,0.0,/media/mengh/SharedData/zhanh/auto_structbeat/caches/pilot/mscnn_final_last_gtzan/gtzan__gtzan_metal_00035__track.npy.npz
mscnn_gtzan,width_only,gtzan/gtzan_metal_00036/track.npy,gtzan,1.0,0.9160799122012365,0.9160799122012365,0.9160799122012365,1.0,1.0,1.0,1.0,0.9032258064516129,0.8454899263960834,0.8454899263960834,0.8454899263960834,0.6470588235294118,0.6470588235294118,0.6470588235294118,0.6470588235294118,71.0,0.0,0.0,0.04879016416943105,23.0,0.0,0.0,0.035932009226062545,0.0,/media/mengh/SharedData/zhanh/auto_structbeat/caches/pilot/mscnn_final_last_gtzan/gtzan__gtzan_metal_00036__track.npy.npz
mscnn_gtzan,width_only,gtzan/gtzan_metal_00037/track.npy,gtzan,0.9911504424778761,0.9352407806843228,0.9352407806843228,0.9352407806843228,0.9649122807017544,0.9649122807017544,0.9649122807017544,0.9649122807017544,1.0,0.9439943285960212,0.9439943285960212,0.9439943285960212,1.0,1.0,1.0,1.0,68.0,0.0,0.0,0.09097177820573135,17.0,0.0,0.0,0.026685470911353246,0.0,/media/mengh/SharedData/zhanh/auto_structbeat/caches/pilot/mscnn_final_last_gtzan/gtzan__gtzan_metal_00037__track.npy.npz
mscnn_gtzan,width_only,gtzan/gtzan_metal_00038/track.npy,gtzan,0.7901234567901233,0.7214815755362057,0.7214815755362057,0.7214815755362057,0.7619047619047619,0.7619047619047619,0.7619047619047619,0.7619047619047619,0.2608695652173913,0.19704934863388238,0.2613202076786259,0.22918477815625415,0.0,0.0,0.08333333333333333,0.08333333333333333,47.0,0.0,0.0,0.06453852113757448,15.0,0.0,0.0,0.03011067716605539,0.0,/media/mengh/SharedData/zhanh/auto_structbeat/caches/pilot/mscnn_final_last_gtzan/gtzan__gtzan_metal_00038__track.npy.npz
mscnn_gtzan,width_only,gtzan/gtzan_metal_00039/track.npy,gtzan,0.6666666666666666,0.6368230104316204,0.9401067998745141,0.7884649051530672,0.0,0.0,0.98,0.98,0.6666666666666666,0.641003801267445,0.9182046050652772,0.7796042031663611,0.0,0.0,0.9166666666666666,0.9166666666666666,60.0,0.0,0.0,0.08004270767353472,15.0,0.0,0.0,0.020000666706669112,0.0,/media/mengh/SharedData/zhanh/auto_structbeat/caches/pilot/mscnn_final_last_gtzan/gtzan__gtzan_metal_00039__track.npy.npz
mscnn_gtzan,width_only,gtzan/gtzan_metal_00040/track.npy,gtzan,0.6423357664233577,0.6023811114152731,0.905301236864434,0.7538411741398535,0.0,0.0,0.5604395604395604,0.9340659340659341,0.0,8.605127771651089e-11,9.248241345553624e-11,8.926684558602356e-11,0.0,0.0,0.0,0.0,109.0,0.0,0.0,0.15083572897128333,27.0,0.0,0.0,0.08563429066271527,0.0,/media/mengh/SharedData/zhanh/auto_structbeat/caches/pilot/mscnn_final_last_gtzan/gtzan__gtzan_metal_00040__track.npy.npz
mscnn_gtzan,width_only,gtzan/gtzan_metal_00041/track.npy,gtzan,1.0,0.9402364416309538,0.9402364416309538,0.9402364416309538,1.0,1.0,1.0,1.0,1.0,0.9516686379832922,0.9516686379832922,0.9516686379832922,1.0,1.0,1.0,1.0,59.0,0.0,0.0,0.04804980384342894,15.0,0.0,0.0,0.019608471388376736,0.0,/media/mengh/SharedData/zhanh/auto_structbeat/caches/pilot/mscnn_final_last_gtzan/gtzan__gtzan_metal_00041__track.npy.npz
mscnn_gtzan,width_only,gtzan/gtzan_metal_00042/track.npy,gtzan,1.0,0.9379733712838382,0.9379733712838382,0.9379733712838382,1.0,1.0,1.0,1.0,1.0,0.9290171882662885,0.9290171882662885,0.9290171882662885,1.0,1.0,1.0,1.0,65.0,0.0,0.0,0.044451762570840825,17.0,0.0,0.0,0.03243527575315343,0.0,/media/mengh/SharedData/zhanh/auto_structbeat/caches/pilot/mscnn_final_last_gtzan/gtzan__gtzan_metal_00042__track.npy.npz
mscnn_gtzan,width_only,gtzan/gtzan_metal_00043/track.npy,gtzan,0.9873417721518987,0.9577942067941614,0.9577942067941614,0.9577942067941614,0.975,0.975,0.975,0.975,1.0,0.9651184608590206,0.9651184608590206,0.9651184608590206,1.0,1.0,1.0,1.0,47.0,0.0,0.0,0.03174869831458238,12.0,0.0,0.0,0.015692989388862533,0.0,/media/mengh/SharedData/zhanh/auto_structbeat/caches/pilot/mscnn_final_last_gtzan/gtzan__gtzan_metal_00043__track.npy.npz
mscnn_gtzan,width_only,gtzan/gtzan_metal_00044/track.npy,gtzan,0.7422680412371135,0.7119565850197391,0.7119565850197391,0.7119565850197391,0.7346938775510204,0.7346938775510204,0.7346938775510204,0.7346938775510204,0.7199999999999999,0.6906426665671996,0.6906426665671996,0.6906426665671996,0.6923076923076923,0.8461538461538461,0.6923076923076923,0.8461538461538461,58.0,0.0,0.0,0.07773145777048357,14.0,0.0,0.0,0.6323514794006634,0.0,/media/mengh/SharedData/zhanh/auto_structbeat/caches/pilot/mscnn_final_last_gtzan/gtzan__gtzan_metal_00044__track.npy.npz
mscnn_gtzan,width_only,gtzan/gtzan_metal_00045/track.npy,gtzan,0.8064516129032258,0.7396422059490478,0.7396422059490478,0.7396422059490478,0.3888888888888889,0.3888888888888889,0.3888888888888889,0.4117647058823529,0.4705882352941177,0.4087951694206964,0.5783154660765745,0.4935553177486354,0.0,0.0,0.2727272727272727,0.45454545454545453,46.0,0.0,0.0,0.08004270767354732,13.0,0.0,0.0,0.4004342717934463,0.0,/media/mengh/SharedData/zhanh/auto_structbeat/caches/pilot/mscnn_final_last_gtzan/gtzan__gtzan_metal_00045__track.npy.npz
mscnn_gtzan,width_only,gtzan/gtzan_metal_00046/track.npy,gtzan,0.9025641025641026,0.7294319007875804,0.7294319007875804,0.7294319007875804,0.2727272727272727,0.7373737373737373,0.2727272727272727,0.7373737373737373,0.9387755102040817,0.7644206485680299,0.7644206485680299,0.7644206485680299,0.96,0.96,0.96,0.96,117.0,0.0,0.05172413793103448,0.3400225739153165,29.0,0.0,0.0,0.15335990808454253,0.0,/media/mengh/SharedData/zhanh/auto_structbeat/caches/pilot/mscnn_final_last_gtzan/gtzan__gtzan_metal_00046__track.npy.npz
mscnn_gtzan,width_only,gtzan/gtzan_metal_00047/track.npy,gtzan,0.7191011235955056,0.6466037000020303,0.6466037000020303,0.6466037000020303,0.5714285714285714,0.6043956043956044,0.5714285714285714,0.6043956043956044,0.23255813953488372,0.21306528505316322,0.21306528505316322,0.21306528505316322,0.2727272727272727,0.2727272727272727,0.2727272727272727,0.2727272727272727,108.0,0.0,0.0,0.34830669426821265,27.0,0.0,0.0,0.29503498158173336,0.0,/media/mengh/SharedData/zhanh/auto_structbeat/caches/pilot/mscnn_final_last_gtzan/gtzan__gtzan_metal_00047__track.npy.npz
mscnn_gtzan,width_only,gtzan/gtzan_metal_00048/track.npy,gtzan,0.7455621301775147,0.6380187818962127,0.6380187818962127,0.6380187818962127,0.5494505494505495,0.5604395604395604,0.5494505494505495,0.5604395604395604,0.4406779661016949,0.36379643973391634,0.36379643973391634,0.36379643973391634,0.16216216216216217,0.21621621621621623,0.16216216216216217,0.21621621621621623,93.0,0.0,0.0,0.2876820724517817,42.0,0.0,0.0,1.253939493365869,0.0,/media/mengh/SharedData/zhanh/auto_structbeat/caches/pilot/mscnn_final_last_gtzan/gtzan__gtzan_metal_00048__track.npy.npz
mscnn_gtzan,width_only,gtzan/gtzan_metal_00049/track.npy,gtzan,0.6250000000000001,0.4554200921031198,0.49308903296563095,0.47425456253437537,0.06382978723404255,0.2553191489361702,0.14893617021276595,0.2553191489361702,0.47058823529411764,0.31573988048653756,0.31573988048653756,0.31573988048653756,0.26666666666666666,0.43333333333333335,0.26666666666666666,0.43333333333333335,113.0,0.10714285714285714,0.1875,1.130881549236909,35.0,0.0,0.0,1.5366933353788992,0.0,/media/mengh/SharedData/zhanh/auto_structbeat/caches/pilot/mscnn_final_last_gtzan/gtzan__gtzan_metal_00049__track.npy.npz
mscnn_gtzan,width_only,gtzan/gtzan_metal_00050/track.npy,gtzan,0.8645833333333334,0.7434724494625465,0.7434724494625465,0.7434724494625465,0.3163265306122449,0.6122448979591837,0.3163265306122449,0.6122448979591837,0.7692307692307693,0.7143988835193901,0.7143988835193901,0.7143988835193901,0.27586206896551724,0.6206896551724138,0.27586206896551724,0.6206896551724138,119.0,0.1016949152542373,0.22033898305084745,1.0986122886681018,40.0,0.05128205128205128,0.10256410256410256,1.7945735347329497,0.0,/media/mengh/SharedData/zhanh/auto_structbeat/caches/pilot/mscnn_final_last_gtzan/gtzan__gtzan_metal_00050__track.npy.npz
mscnn_gtzan,width_only,gtzan/gtzan_metal_00051/track.npy,gtzan,0.9186046511627908,0.862365300870088,0.862365300870088,0.862365300870088,0.7582417582417582,0.7692307692307693,0.7582417582417582,0.7692307692307693,0.85,0.806699812228316,0.806699812228316,0.806699812228316,0.7727272727272727,0.7727272727272727,0.7727272727272727,0.7727272727272727,100.0,0.0,0.0,0.22314355131420527,23.0,0.0,0.0,0.07550755250814525,0.0,/media/mengh/SharedData/zhanh/auto_structbeat/caches/pilot/mscnn_final_last_gtzan/gtzan__gtzan_metal_00051__track.npy.npz
mscnn_gtzan,width_only,gtzan/gtzan_metal_00052/track.npy,gtzan,1.0,0.9188283846716324,0.9188283846716324,0.9188283846716324,1.0,1.0,1.0,1.0,1.0,0.9273231030481986,0.9273231030481986,0.9273231030481986,1.0,1.0,1.0,1.0,80.0,0.0,0.0,0.10536051565781648,20.0,0.0,0.0,0.04280877853275798,0.0,/media/mengh/SharedData/zhanh/auto_structbeat/caches/pilot/mscnn_final_last_gtzan/gtzan__gtzan_metal_00052__track.npy.npz
mscnn_gtzan,width_only,gtzan/gtzan_metal_00053/track.npy,gtzan,0.8369565217391305,0.6853215840525781,0.6853215840525781,0.6853215840525781,0.19230769230769232,0.4519230769230769,0.19230769230769232,0.4519230769230769,0.608695652173913,0.5502613357768137,0.5502613357768137,0.5502613357768137,0.4230769230769231,0.4230769230769231,0.4230769230769231,0.4230769230769231,101.0,0.0,0.02,0.3364722366212157,26.0,0.0,0.0,0.4195827676706629,0.0,/media/mengh/SharedData/zhanh/auto_structbeat/caches/pilot/mscnn_final_last_gtzan/gtzan__gtzan_metal_00053__track.npy.npz
mscnn_gtzan,width_only,gtzan/gtzan_metal_00054/track.npy,gtzan,0.7772020725388602,0.6475654338275616,0.6475654338275616,0.6475654338275616,0.125,0.40384615384615385,0.1348314606741573,0.40384615384615385,0.7931034482758621,0.699337509561322,0.699337509561322,0.699337509561322,0.625,0.6875,0.625,0.6875,105.0,0.10576923076923077,0.21153846153846154,1.0909161845544875,39.0,0.07894736842105263,0.10526315789473684,1.7747025624923387,0.0,/media/mengh/SharedData/zhanh/auto_structbeat/caches/pilot/mscnn_final_last_gtzan/gtzan__gtzan_metal_00054__track.npy.npz
mscnn_gtzan,width_only,gtzan/gtzan_metal_00055/track.npy,gtzan,1.0,0.9383245814995419,0.9383245814995419,0.9383245814995419,1.0,1.0,1.0,1.0,1.0,0.9334442184267476,0.9334442184267476,0.9334442184267476,1.0,1.0,1.0,1.0,85.0,0.0,0.0,0.1112256351102221,21.0,0.0,0.0,0.06025896352212891,0.0,/media/mengh/SharedData/zhanh/auto_structbeat/caches/pilot/mscnn_final_last_gtzan/gtzan__gtzan_metal_00055__track.npy.npz
mscnn_gtzan,width_only,gtzan/gtzan_metal_00056/track.npy,gtzan,0.9717514124293786,0.8938283491812001,0.8938283491812001,0.8938283491812001,0.5888888888888889,0.8888888888888888,0.5888888888888889,0.8888888888888888,0.8636363636363636,0.7975798334584312,0.7975798334584312,0.7975798334584312,0.5652173913043478,0.782608695652174,0.5652173913043478,0.782608695652174,103.0,0.029411764705882353,0.049019607843137254,0.7282385003712272,23.0,0.0,0.0,0.25951119548508184,0.0,/media/mengh/SharedData/zhanh/auto_structbeat/caches/pilot/mscnn_final_last_gtzan/gtzan__gtzan_metal_00056__track.npy.npz
mscnn_gtzan,width_only,gtzan/gtzan_metal_00057/track.npy,gtzan,1.0,0.9102876042743738,0.9102876042743738,0.9102876042743738,1.0,1.0,1.0,1.0,0.6666666666666666,0.5831939283861588,0.8804368206595927,0.7318153745228757,0.0,0.0,0.9615384615384616,0.9615384615384616,64.0,0.0,0.0,0.08701137698962769,32.0,0.0,0.0,0.04306863805531461,0.0,/media/mengh/SharedData/zhanh/auto_structbeat/caches/pilot/mscnn_final_last_gtzan/gtzan__gtzan_metal_00057__track.npy.npz
mscnn_gtzan,width_only,gtzan/gtzan_metal_00058/track.npy,gtzan,0.9285714285714286,0.8995592030231012,0.8995592030231012,0.8995592030231012,0.7333333333333333,0.7333333333333333,0.7333333333333333,0.7333333333333333,0.9285714285714286,0.9047909693128214,0.9047909693128214,0.9047909693128214,0.7333333333333333,0.7333333333333333,0.7333333333333333,0.7333333333333333,65.0,0.0,0.0,0.04879016416943971,17.0,0.0,0.0,0.23371393535388557,0.0,/media/mengh/SharedData/zhanh/auto_structbeat/caches/pilot/mscnn_final_last_gtzan/gtzan__gtzan_metal_00058__track.npy.npz
mscnn_gtzan,width_only,gtzan/gtzan_metal_00059/track.npy,gtzan,0.9010989010989011,0.825386181863285,0.825386181863285,0.825386181863285,0.58,0.68,0.58,0.68,0.5714285714285714,0.555738260294323,0.8810116927613778,0.7183749765278504,0.0,0.0,0.6842105263157895,0.8421052631578947,58.0,0.03508771929824561,0.05263157894736842,0.7615617483315134,20.0,0.0,0.0,0.7702677848098649,0.0,/media/mengh/SharedData/zhanh/auto_structbeat/caches/pilot/mscnn_final_last_gtzan/gtzan__gtzan_metal_00059__track.npy.npz
mscnn_gtzan,width_only,gtzan/gtzan_metal_00060/track.npy,gtzan,1.0,0.9197018923214271,0.9197018923214271,0.9197018923214271,1.0,1.0,1.0,1.0,1.0,0.9332663119780433,0.9332663119780433,0.9332663119780433,1.0,1.0,1.0,1.0,45.0,0.0,0.0,0.06062462181643358,12.0,0.0,0.0,0.014925650216675307,0.0,/media/mengh/SharedData/zhanh/auto_structbeat/caches/pilot/mscnn_final_last_gtzan/gtzan__gtzan_metal_00060__track.npy.npz
mscnn_gtzan,width_only,gtzan/gtzan_metal_00061/track.npy,gtzan,1.0,0.9505755685517875,0.9505755685517875,0.9505755685517875,0.6373626373626373,0.978021978021978,0.6373626373626373,0.978021978021978,1.0,0.9470347968261837,0.9470347968261837,0.9470347968261837,1.0,1.0,1.0,1.0,109.0,0.0,0.0,0.15083572897128333,27.0,0.0,0.0,0.08563429066271527,0.0,/media/mengh/SharedData/zhanh/auto_structbeat/caches/pilot/mscnn_final_last_gtzan/gtzan__gtzan_metal_00061__track.npy.npz
mscnn_gtzan,width_only,gtzan/gtzan_metal_00062/track.npy,gtzan,1.0,0.94530679191356,0.94530679191356,0.94530679191356,1.0,1.0,1.0,1.0,1.0,0.9516686379832922,0.9516686379832922,0.9516686379832922,1.0,1.0,1.0,1.0,59.0,0.0,0.0,0.04804980384342894,15.0,0.0,0.0,0.019608471388376736,0.0,/media/mengh/SharedData/zhanh/auto_structbeat/caches/pilot/mscnn_final_last_gtzan/gtzan__gtzan_metal_00062__track.npy.npz
mscnn_gtzan,width_only,gtzan/gtzan_metal_00063/track.npy,gtzan,1.0,0.9479665907303484,0.9479665907303484,0.9479665907303484,1.0,1.0,1.0,1.0,1.0,0.9290171882662885,0.9290171882662885,0.9290171882662885,1.0,1.0,1.0,1.0,65.0,0.0,0.0,0.044451762570840825,17.0,0.0,0.0,0.03243527575315343,0.0,/media/mengh/SharedData/zhanh/auto_structbeat/caches/pilot/mscnn_final_last_gtzan/gtzan__gtzan_metal_00063__track.npy.npz
mscnn_gtzan,width_only,gtzan/gtzan_metal_00064/track.npy,gtzan,1.0,0.9677319534242582,0.9677319534242582,0.9677319534242582,1.0,1.0,1.0,1.0,1.0,0.9651184608590206,0.9651184608590206,0.9651184608590206,1.0,1.0,1.0,1.0,47.0,0.0,0.0,0.03174869831458238,12.0,0.0,0.0,0.015692989388862533,0.0,/media/mengh/SharedData/zhanh/auto_structbeat/caches/pilot/mscnn_final_last_gtzan/gtzan__gtzan_metal_00064__track.npy.npz
mscnn_gtzan,width_only,gtzan/gtzan_metal_00065/track.npy,gtzan,0.7422680412371135,0.7124139072043348,0.7124139072043348,0.7124139072043348,0.7346938775510204,0.7346938775510204,0.7346938775510204,0.7346938775510204,0.7199999999999999,0.6906425992807399,0.6906425992807399,0.6906425992807399,0.6923076923076923,0.8461538461538461,0.6923076923076923,0.8461538461538461,58.0,0.0,0.0,0.07773145777048357,14.0,0.0,0.0,0.6323514794006634,0.0,/media/mengh/SharedData/zhanh/auto_structbeat/caches/pilot/mscnn_final_last_gtzan/gtzan__gtzan_metal_00065__track.npy.npz
mscnn_gtzan,width_only,gtzan/gtzan_metal_00066/track.npy,gtzan,0.819672131147541,0.7768655197320727,0.7768655197320727,0.7768655197320727,0.3888888888888889,0.3888888888888889,0.3888888888888889,0.42857142857142855,0.4705882352941177,0.4279392205550947,0.5905067936904113,0.509223007122753,0.0,0.0,0.2727272727272727,0.45454545454545453,46.0,0.0,0.0,0.08004270767354732,13.0,0.0,0.0,0.4004342717934463,0.0,/media/mengh/SharedData/zhanh/auto_structbeat/caches/pilot/mscnn_final_last_gtzan/gtzan__gtzan_metal_00066__track.npy.npz
mscnn_gtzan,width_only,gtzan/gtzan_metal_00067/track.npy,gtzan,0.9433962264150945,0.9287836563824607,0.9287836563824607,0.9287836563824607,0.6428571428571429,0.7857142857142857,0.6428571428571429,0.7857142857142857,0.6486486486486486,0.6350699806732109,0.8181243498658672,0.7265971652695391,0.17391304347826086,0.17391304347826086,0.6296296296296297,0.6296296296296297,61.0,0.0,0.0,0.6711682738411708,28.0,0.0,0.0,0.6230716892714059,0.0,/media/mengh/SharedData/zhanh/auto_structbeat/caches/pilot/mscnn_final_last_gtzan/gtzan__gtzan_metal_00067__track.npy.npz
mscnn_gtzan,width_only,gtzan/gtzan_metal_00068/track.npy,gtzan,1.0,0.9783220588210264,0.9783220588210264,0.9783220588210264,1.0,1.0,1.0,1.0,1.0,0.9869871959086304,0.9869871959086304,0.9869871959086304,1.0,1.0,1.0,1.0,83.0,0.0,0.0,0.05406722127028396,20.0,0.0,0.0,0.02708421765794782,0.0,/media/mengh/SharedData/zhanh/auto_structbeat/caches/pilot/mscnn_final_last_gtzan/gtzan__gtzan_metal_00068__track.npy.npz
mscnn_gtzan,width_only,gtzan/gtzan_metal_00069/track.npy,gtzan,1.0,0.9417677533897149,0.9417677533897149,0.9417677533897149,1.0,1.0,1.0,1.0,1.0,0.9365942618010851,0.9365942618010851,0.9365942618010851,1.0,1.0,1.0,1.0,82.0,0.0,0.0,0.057158413839947464,20.0,0.0,0.0,0.03151036353414688,0.0,/media/mengh/SharedData/zhanh/auto_structbeat/caches/pilot/mscnn_final_last_gtzan/gtzan__gtzan_metal_00069__track.npy.npz
mscnn_gtzan,width_only,gtzan/gtzan_metal_00070/track.npy,gtzan,1.0,0.9404311167992905,0.9404311167992905,0.9404311167992905,1.0,1.0,1.0,1.0,1.0,0.9280817610103047,0.9280817610103047,0.9280817610103047,1.0,1.0,1.0,1.0,58.0,0.0,0.0,0.03922071315328257,15.0,0.0,0.0,0.013546249738373515,0.0,/media/mengh/SharedData/zhanh/auto_structbeat/caches/pilot/mscnn_final_last_gtzan/gtzan__gtzan_metal_00070__track.npy.npz
mscnn_gtzan,width_only,gtzan/gtzan_metal_00071/track.npy,gtzan,1.0,0.948497480279421,0.948497480279421,0.948497480279421,1.0,1.0,1.0,1.0,0.9411764705882353,0.9026175427078156,0.9026175427078156,0.9026175427078156,0.8888888888888888,0.8888888888888888,0.8888888888888888,0.8888888888888888,42.0,0.0,0.0,0.028170876966698233,10.0,0.0,0.0,0.007067167223092197,0.0,/media/mengh/SharedData/zhanh/auto_structbeat/caches/pilot/mscnn_final_last_gtzan/gtzan__gtzan_metal_00071__track.npy.npz
mscnn_gtzan,width_only,gtzan/gtzan_metal_00072/track.npy,gtzan,1.0,0.9299638948081531,0.9299638948081531,0.9299638948081531,1.0,1.0,1.0,1.0,1.0,0.9440413577801324,0.9440413577801324,0.9440413577801324,1.0,1.0,1.0,1.0,60.0,0.0,0.0,0.04670510149324778,15.0,0.0,0.0,0.03230933017337086,0.0,/media/mengh/SharedData/zhanh/auto_structbeat/caches/pilot/mscnn_final_last_gtzan/gtzan__gtzan_metal_00072__track.npy.npz
mscnn_gtzan,width_only,gtzan/gtzan_metal_00073/track.npy,gtzan,0.7654320987654321,0.7169453430279931,0.793180834787449,0.755063088907721,0.12,0.28,0.3442622950819672,0.5573770491803278,0.44444444444444436,0.4206027245510579,0.7168049639111881,0.568703844231123,0.0,0.0,0.3684210526315789,0.42105263157894735,59.0,0.034482758620689655,0.034482758620689655,1.0528855575961416,22.0,0.047619047619047616,0.047619047619047616,1.46538709459639,0.0,/media/mengh/SharedData/zhanh/auto_structbeat/caches/pilot/mscnn_final_last_gtzan/gtzan__gtzan_metal_00073__track.npy.npz
mscnn_gtzan,width_only,gtzan/gtzan_metal_00074/track.npy,gtzan,0.8869565217391304,0.845720796755817,0.845720796755817,0.845720796755817,0.515625,0.6875,0.515625,0.6875,0.5454545454545455,0.5329321848678061,0.7334595168820995,0.6331958508749529,0.0,0.0,0.56,0.56,88.0,0.10344827586206896,0.2413793103448276,1.6460305355611733,24.0,0.0,0.0,0.4984635686213264,0.0,/media/mengh/SharedData/zhanh/auto_structbeat/caches/pilot/mscnn_final_last_gtzan/gtzan__gtzan_metal_00074__track.npy.npz
mscnn_gtzan,width_only,gtzan/gtzan_metal_00075/track.npy,gtzan,1.0,0.9574205723922782,0.9574205723922782,0.9574205723922782,1.0,1.0,1.0,1.0,1.0,0.9461159116787357,0.9461159116787357,0.9461159116787357,1.0,1.0,1.0,1.0,56.0,0.0,0.0,0.03774032798284954,14.0,0.0,0.0,0.009478743954543279,0.0,/media/mengh/SharedData/zhanh/auto_structbeat/caches/pilot/mscnn_final_last_gtzan/gtzan__gtzan_metal_00075__track.npy.npz
mscnn_gtzan,width_only,gtzan/gtzan_metal_00076/track.npy,gtzan,0.9914529914529915,0.867827674717656,0.867827674717656,0.867827674717656,0.9830508474576272,0.9830508474576272,0.9830508474576272,0.9830508474576272,0.888888888888889,0.7594467320774333,0.7594467320774333,0.7594467320774333,0.7857142857142857,0.7857142857142857,0.7857142857142857,0.7857142857142857,81.0,0.0,0.1375,0.40546510810816394,16.0,0.0,0.0,0.5115010462805571,0.0,/media/mengh/SharedData/zhanh/auto_structbeat/caches/pilot/mscnn_final_last_gtzan/gtzan__gtzan_metal_00076__track.npy.npz
mscnn_gtzan,width_only,gtzan/gtzan_metal_00077/track.npy,gtzan,0.6875,0.6217746161772019,0.6217746161772019,0.6217746161772019,0.09183673469387756,0.20408163265306123,0.09183673469387756,0.20408163265306123,0.7272727272727273,0.6776506161945383,0.7646611512161162,0.7211558837053272,0.10714285714285714,0.17857142857142858,0.3225806451612903,0.5161290322580645,117.0,0.10344827586206896,0.2413793103448276,1.0986122886680798,36.0,0.0,0.0,1.4077866024528265,0.0,/media/mengh/SharedData/zhanh/auto_structbeat/caches/pilot/mscnn_final_last_gtzan/gtzan__gtzan_metal_00077__track.npy.npz
mscnn_gtzan,width_only,gtzan/gtzan_metal_00078/track.npy,gtzan,0.8453608247422681,0.6818539798812153,0.6818539798812153,0.6818539798812153,0.18018018018018017,0.45045045045045046,0.18018018018018017,0.45045045045045046,0.7499999999999999,0.5976955412557304,0.6733050979636168,0.6355003196096736,0.17142857142857143,0.2857142857142857,0.1951219512195122,0.5365853658536586,129.0,0.21875,0.3125,1.1740037403808616,41.0,0.075,0.075,2.0044586935803883,0.0,/media/mengh/SharedData/zhanh/auto_structbeat/caches/pilot/mscnn_final_last_gtzan/gtzan__gtzan_metal_00078__track.npy.npz
mscnn_gtzan,width_only,gtzan/gtzan_metal_00079/track.npy,gtzan,0.9126213592233009,0.8536612540759942,0.8536612540759942,0.8536612540759942,0.6346153846153846,0.8846153846153846,0.6346153846153846,0.8846153846153846,0.7741935483870968,0.7393804780186426,0.7602035524348367,0.7497920152267397,0.3888888888888889,0.3888888888888889,0.44,0.44,61.0,0.0,0.0,0.36872531303993855,23.0,0.0,0.0,0.24869662573882545,0.0,/media/mengh/SharedData/zhanh/auto_structbeat/caches/pilot/mscnn_final_last_gtzan/gtzan__gtzan_metal_00079__track.npy.npz
mscnn_gtzan,width_only,gtzan/gtzan_metal_00080/track.npy,gtzan,0.8095238095238095,0.7861278488447748,0.8230913678409505,0.8046096083428627,0.28,0.36,0.47058823529411764,0.47058823529411764,0.8181818181818181,0.7838844598560836,0.7838844598560836,0.7838844598560836,0.3076923076923077,0.38461538461538464,0.4444444444444444,0.4444444444444444,41.0,0.0,0.0,0.027398974188118708,11.0,0.0,0.0,0.00682596507040083,0.0,/media/mengh/SharedData/zhanh/auto_structbeat/caches/pilot/mscnn_final_last_gtzan/gtzan__gtzan_metal_00080__track.npy.npz
mscnn_gtzan,width_only,gtzan/gtzan_metal_00081/track.npy,gtzan,1.0,0.9508779847525809,0.9508779847525809,0.9508779847525809,1.0,1.0,1.0,1.0,0.7317073170731707,0.6775669351552912,0.8586126631799977,0.7680897991676445,0.19230769230769232,0.19230769230769232,0.6896551724137931,0.6896551724137931,72.0,0.0,0.0,0.07093823981869761,29.0,0.0,0.0,0.27548247781900354,0.0,/media/mengh/SharedData/zhanh/auto_structbeat/caches/pilot/mscnn_final_last_gtzan/gtzan__gtzan_metal_00081__track.npy.npz
mscnn_gtzan,width_only,gtzan/gtzan_metal_00082/track.npy,gtzan,1.0,0.9656725052027346,0.9656725052027346,0.9656725052027346,1.0,1.0,1.0,1.0,1.0,0.9693065818393001,0.9693065818393001,0.9693065818393001,1.0,1.0,1.0,1.0,61.0,0.0,0.0,0.04082199452025622,16.0,0.0,0.0,0.01380983017959694,0.0,/media/mengh/SharedData/zhanh/auto_structbeat/caches/pilot/mscnn_final_last_gtzan/gtzan__gtzan_metal_00082__track.npy.npz
mscnn_gtzan,width_only,gtzan/gtzan_metal_00083/track.npy,gtzan,1.0,0.9658263058911567,0.9658263058911567,0.9658263058911567,1.0,1.0,1.0,1.0,0.6666666666666666,0.6273433492219764,0.9109288181237193,0.7691360836728478,0.0,0.0,0.9583333333333334,0.9583333333333334,59.0,0.0,0.0,0.03954096942668072,29.0,0.0,0.0,0.039220713153280476,0.0,/media/mengh/SharedData/zhanh/auto_structbeat/caches/pilot/mscnn_final_last_gtzan/gtzan__gtzan_metal_00083__track.npy.npz
mscnn_gtzan,width_only,gtzan/gtzan_metal_00084/track.npy,gtzan,0.9919999999999999,0.9584234310887814,0.9584234310887814,0.9584234310887814,0.9841269841269841,0.9841269841269841,0.9841269841269841,0.9841269841269841,0.967741935483871,0.9151934477994842,0.9151934477994842,0.9151934477994842,0.9375,0.9375,0.9375,0.9375,75.0,0.0,0.0,0.10008345855698275,19.0,0.0,0.0,0.014876538516921625,0.0,/media/mengh/SharedData/zhanh/auto_structbeat/caches/pilot/mscnn_final_last_gtzan/gtzan__gtzan_metal_00084__track.npy.npz
mscnn_gtzan,width_only,gtzan/gtzan_metal_00085/track.npy,gtzan,1.0,0.9269240205335308,0.9269240205335308,0.9269240205335308,1.0,1.0,1.0,1.0,1.0,0.9106753775749625,0.9106753775749625,0.9106753775749625,1.0,1.0,1.0,1.0,51.0,0.0,0.0,0.033901551675685405,12.0,0.0,0.0,0.03003886701455447,0.0,/media/mengh/SharedData/zhanh/auto_structbeat/caches/pilot/mscnn_final_last_gtzan/gtzan__gtzan_metal_00085__track.npy.npz
mscnn_gtzan,width_only,gtzan/gtzan_metal_00086/track.npy,gtzan,1.0,0.9635462787222648,0.9635462787222648,0.9635462787222648,1.0,1.0,1.0,1.0,1.0,0.9465094847447523,0.9465094847447523,0.9465094847447523,1.0,1.0,1.0,1.0,61.0,0.0,0.0,0.04082199452025792,15.0,0.0,0.0,0.020619287202735558,0.0,/media/mengh/SharedData/zhanh/auto_structbeat/caches/pilot/mscnn_final_last_gtzan/gtzan__gtzan_metal_00086__track.npy.npz
mscnn_gtzan,width_only,gtzan/gtzan_metal_00087/track.npy,gtzan,0.8148148148148148,0.7636956015404023,0.7952825961770708,0.7794890988587365,0.3875,0.3875,0.43636363636363634,0.43636363636363634,0.8235294117647058,0.7604579824498363,0.7678503067927555,0.7641541446212958,0.4,0.4,0.42857142857142855,0.42857142857142855,71.0,0.0,0.0,0.25131442828090544,18.0,0.0,0.0,0.19910636180023794,0.0,/media/mengh/SharedData/zhanh/auto_structbeat/caches/pilot/mscnn_final_last_gtzan/gtzan__gtzan_metal_00087__track.npy.npz
mscnn_gtzan,width_only,gtzan/gtzan_metal_00088/track.npy,gtzan,1.0,0.9518322631191737,0.9518322631191737,0.9518322631191737,1.0,1.0,1.0,1.0,1.0,0.9595235577741013,0.9595235577741013,0.9595235577741013,1.0,1.0,1.0,1.0,58.0,0.0,0.0,0.03922071315328257,15.0,0.0,0.0,0.01960847138837656,0.0,/media/mengh/SharedData/zhanh/auto_structbeat/caches/pilot/mscnn_final_last_gtzan/gtzan__gtzan_metal_00088__track.npy.npz
mscnn_gtzan,width_only,gtzan/gtzan_metal_00089/track.npy,gtzan,0.7032967032967034,0.6429516747756598,0.891470520942949,0.7672110978593044,0.06779661016949153,0.06779661016949153,0.873015873015873,0.873015873015873,0.6363636363636364,0.5861604051163996,0.9050956504241447,0.7456280277702722,0.0,0.0,0.9333333333333333,0.9333333333333333,72.0,0.0,0.0,0.10008345855698307,17.0,0.0,0.0,0.04194796881976546,0.0,/media/mengh/SharedData/zhanh/auto_structbeat/caches/pilot/mscnn_final_last_gtzan/gtzan__gtzan_metal_00089__track.npy.npz
mscnn_gtzan,width_only,gtzan/gtzan_metal_00090/track.npy,gtzan,0.935251798561151,0.8793230875196782,0.8793230875196782,0.8793230875196782,0.7567567567567568,0.7567567567567568,0.7567567567567568,0.7567567567567568,0.9444444444444444,0.8728463843463352,0.8728463843463352,0.8728463843463352,0.7368421052631579,0.7368421052631579,0.7368421052631579,0.7368421052631579,79.0,0.0,0.0,0.13069073988389862,20.0,0.0,0.0,0.7018179869547018,0.0,/media/mengh/SharedData/zhanh/auto_structbeat/caches/pilot/mscnn_final_last_gtzan/gtzan__gtzan_metal_00090__track.npy.npz
mscnn_gtzan,width_only,gtzan/gtzan_metal_00091/track.npy,gtzan,0.7851851851851852,0.6711671897301712,0.6711671897301712,0.6711671897301712,0.19230769230769232,0.4358974358974359,0.19230769230769232,0.4358974358974359,0.7878787878787878,0.7325483209400279,0.7325483209400279,0.7325483209400279,0.5789473684210527,0.5789473684210527,0.5789473684210527,0.5789473684210527,98.0,0.061855670103092786,0.24742268041237114,1.0211562148835294,26.0,0.0,0.16,2.1986130159100545,0.0,/media/mengh/SharedData/zhanh/auto_structbeat/caches/pilot/mscnn_final_last_gtzan/gtzan__gtzan_metal_00091__track.npy.npz
mscnn_gtzan,width_only,gtzan/gtzan_metal_00092/track.npy,gtzan,0.954954954954955,0.9025285133342884,0.9025285133342884,0.9025285133342884,0.49122807017543857,0.8771929824561403,0.49122807017543857,0.8771929824561403,0.0,1.0410757583135059e-17,0.3524150513094329,0.17620752565471645,0.0,0.0,0.35714285714285715,0.35714285714285715,64.0,0.0,0.0,0.38903990475956113,16.0,0.0,0.0,0.7013592001076014,0.0,/media/mengh/SharedData/zhanh/auto_structbeat/caches/pilot/mscnn_final_last_gtzan/gtzan__gtzan_metal_00092__track.npy.npz
mscnn_gtzan,width_only,gtzan/gtzan_metal_00093/track.npy,gtzan,0.9589041095890412,0.9115046653148128,0.9115046653148128,0.9115046653148128,0.7432432432432432,0.8918918918918919,0.7432432432432432,0.8918918918918919,0.9142857142857143,0.853545308079306,0.853545308079306,0.853545308079306,0.8888888888888888,0.8888888888888888,0.8888888888888888,0.8888888888888888,88.0,0.022988505747126436,0.022988505747126436,0.4701958913915574,20.0,0.0,0.0,0.08367171514125106,0.0,/media/mengh/SharedData/zhanh/auto_structbeat/caches/pilot/mscnn_final_last_gtzan/gtzan__gtzan_metal_00093__track.npy.npz
mscnn_gtzan,width_only,gtzan/gtzan_metal_00094/track.npy,gtzan,0.6363636363636364,0.5271216664350585,0.5427692340698133,0.5349454502524359,0.48484848484848486,0.6212121212121212,0.48484848484848486,0.6212121212121212,0.5806451612903225,0.46804949784347466,0.46804949784347466,0.46804949784347466,0.9375,0.9375,0.9375,0.9375,80.0,0.0,0.0,0.20067069546215555,19.0,0.0,0.0,0.07099197945328674,0.0,/media/mengh/SharedData/zhanh/auto_structbeat/caches/pilot/mscnn_final_last_gtzan/gtzan__gtzan_metal_00094__track.npy.npz
mscnn_gtzan,width_only,gtzan/gtzan_metal_00095/track.npy,gtzan,0.8985507246376812,0.7569010578490407,0.7569010578490407,0.7569010578490407,0.43243243243243246,0.7297297297297297,0.43243243243243246,0.7297297297297297,0.47058823529411764,0.43606424859901005,0.5598020680824322,0.4979331583407211,0.0,0.0,0.3333333333333333,0.3333333333333333,46.0,0.0,0.0,0.7114286728050747,12.0,0.0,0.0,0.7858165474294697,0.0,/media/mengh/SharedData/zhanh/auto_structbeat/caches/pilot/mscnn_final_last_gtzan/gtzan__gtzan_metal_00095__track.npy.npz
mscnn_gtzan,width_only,gtzan/gtzan_metal_00096/track.npy,gtzan,0.7804878048780488,0.7047456356487667,0.7047456356487667,0.7047456356487667,0.3111111111111111,0.5111111111111111,0.3111111111111111,0.5111111111111111,0.5555555555555556,0.5261070172497876,0.5261070172497876,0.5261070172497876,0.3,0.4,0.3,0.4,62.0,0.03278688524590164,0.06557377049180328,1.0035330030389749,11.0,0.0,0.0,0.4328640822962787,0.0,/media/mengh/SharedData/zhanh/auto_structbeat/caches/pilot/mscnn_final_last_gtzan/gtzan__gtzan_metal_00096__track.npy.npz
mscnn_gtzan,width_only,gtzan/gtzan_metal_00097/track.npy,gtzan,0.6666666666666666,0.6188471998172783,0.9163056617956531,0.7675764308064656,0.0,0.0,0.9852941176470589,0.9852941176470589,0.6923076923076924,0.6387044458013118,0.9337186948355993,0.7862115703184556,0.0,0.0,1.0,1.0,81.0,0.0,0.0,0.11122563511023142,20.0,0.0,0.0,0.04147327351021871,0.0,/media/mengh/SharedData/zhanh/auto_structbeat/caches/pilot/mscnn_final_last_gtzan/gtzan__gtzan_metal_00097__track.npy.npz
mscnn_gtzan,width_only,gtzan/gtzan_metal_00098/track.npy,gtzan,1.0,0.9507400767101153,0.9507400767101153,0.9507400767101153,1.0,1.0,1.0,1.0,1.0,0.9702837175940149,0.9702837175940149,0.9702837175940149,1.0,1.0,1.0,1.0,39.0,0.0,0.0,0.056231816905624385,10.0,0.0,0.0,0.02145929471069357,0.0,/media/mengh/SharedData/zhanh/auto_structbeat/caches/pilot/mscnn_final_last_gtzan/gtzan__gtzan_metal_00098__track.npy.npz
mscnn_gtzan,width_only,gtzan/gtzan_metal_00099/track.npy,gtzan,0.8108108108108109,0.7107664771326425,0.7643155005756754,0.737540988854159,0.20454545454545456,0.36363636363636365,0.20454545454545456,0.4745762711864407,0.7368421052631579,0.5970901525835476,0.6539823814870255,0.6255362670352865,0.2727272727272727,0.45454545454545453,0.3333333333333333,0.45454545454545453,50.0,0.0,0.0,0.7178397931503208,12.0,0.0,0.0,0.529909342087417,0.0,/media/mengh/SharedData/zhanh/auto_structbeat/caches/pilot/mscnn_final_last_gtzan/gtzan__gtzan_metal_00099__track.npy.npz
mscnn_gtzan,width_only,gtzan/gtzan_pop_00000/track.npy,gtzan,1.0,0.9806793667597944,0.9806793667597944,0.9806793667597944,1.0,1.0,1.0,1.0,1.0,0.9860856554837639,0.9860856554837639,0.9860856554837639,1.0,1.0,1.0,1.0,33.0,0.0,0.0,0.04445176257083337,8.0,0.0,0.0,0.0055401803756163215,0.0,/media/mengh/SharedData/zhanh/auto_structbeat/caches/pilot/mscnn_final_last_gtzan/gtzan__gtzan_pop_00000__track.npy.npz
mscnn_gtzan,width_only,gtzan/gtzan_pop_00001/track.npy,gtzan,0.9887640449438202,0.8694263034368247,0.8694263034368247,0.8694263034368247,0.9777777777777777,0.9777777777777777,0.9777777777777777,0.9777777777777777,0.9565217391304348,0.8771341805550855,0.8771341805550855,0.8771341805550855,0.9166666666666666,0.9166666666666666,0.9166666666666666,0.9166666666666666,54.0,0.0,0.0,0.1091992919649909,14.0,0.0,0.0,0.016846557512157585,0.0,/media/mengh/SharedData/zhanh/auto_structbeat/caches/pilot/mscnn_final_last_gtzan/gtzan__gtzan_pop_00001__track.npy.npz
mscnn_gtzan,width_only,gtzan/gtzan_pop_00002/track.npy,gtzan,0.9904761904761905,0.9552020995788968,0.9552020995788968,0.9552020995788968,0.9811320754716981,0.9811320754716981,0.9811320754716981,0.9811320754716981,1.0,0.955637616317569,0.955637616317569,0.955637616317569,1.0,1.0,1.0,1.0,64.0,0.0,0.0,0.042559614418802336,16.0,0.0,0.0,0.010471299867296424,0.0,/media/mengh/SharedData/zhanh/auto_structbeat/caches/pilot/mscnn_final_last_gtzan/gtzan__gtzan_pop_00002__track.npy.npz
mscnn_gtzan,width_only,gtzan/gtzan_pop_00003/track.npy,gtzan,0.9870129870129869,0.9506825816859404,0.9506825816859404,0.9506825816859404,0.9743589743589743,0.9743589743589743,0.9743589743589743,0.9743589743589743,0.9473684210526316,0.9146625141020154,0.9146625141020154,0.9146625141020154,0.9,0.9,0.9,0.9,46.0,0.0,0.0,0.030771658666755797,11.0,0.0,0.0,0.015384918839480299,0.0,/media/mengh/SharedData/zhanh/auto_structbeat/caches/pilot/mscnn_final_last_gtzan/gtzan__gtzan_pop_00003__track.npy.npz
mscnn_gtzan,width_only,gtzan/gtzan_pop_00004/track.npy,gtzan,1.0,0.9760720615969342,0.9760720615969342,0.9760720615969342,1.0,1.0,1.0,1.0,1.0,0.9794377609689118,0.9794377609689118,0.9794377609689118,1.0,1.0,1.0,1.0,40.0,0.0,0.0,0.05406722127027047,10.0,0.0,0.0,0.006688988150796993,0.0,/media/mengh/SharedData/zhanh/auto_structbeat/caches/pilot/mscnn_final_last_gtzan/gtzan__gtzan_pop_00004__track.npy.npz
mscnn_gtzan,width_only,gtzan/gtzan_pop_00005/track.npy,gtzan,1.0,0.9433780344408216,0.9433780344408216,0.9433780344408216,1.0,1.0,1.0,1.0,1.0,0.9179724318747576,0.9179724318747576,0.9179724318747576,1.0,1.0,1.0,1.0,44.0,0.0,0.0,0.0741079721537223,11.0,0.0,0.0,0.1550883384391292,0.0,/media/mengh/SharedData/zhanh/auto_structbeat/caches/pilot/mscnn_final_last_gtzan/gtzan__gtzan_pop_00005__track.npy.npz
mscnn_gtzan,width_only,gtzan/gtzan_pop_00006/track.npy,gtzan,0.9743589743589743,0.9225029010217654,0.9225029010217654,0.9225029010217654,0.9743589743589743,0.9743589743589743,0.9743589743589743,0.9743589743589743,0.9,0.8510793155021975,0.8510793155021975,0.8510793155021975,1.0,1.0,1.0,1.0,47.0,0.0,0.0,0.030771658666758017,12.0,0.0,0.0,0.020663819669518,0.0,/media/mengh/SharedData/zhanh/auto_structbeat/caches/pilot/mscnn_final_last_gtzan/gtzan__gtzan_pop_00006__track.npy.npz
mscnn_gtzan,width_only,gtzan/gtzan_pop_00007/track.npy,gtzan,0.870967741935484,0.8093164354364734,0.8093164354364734,0.8093164354364734,0.34285714285714286,0.5428571428571428,0.34285714285714286,0.5428571428571428,0.8571428571428571,0.7834265653105666,0.7834265653105666,0.7834265653105666,0.375,0.5,0.375,0.5,40.0,0.0,0.0,0.36046693407512004,10.0,0.0,0.0,0.6981785816394985,0.0,/media/mengh/SharedData/zhanh/auto_structbeat/caches/pilot/mscnn_final_last_gtzan/gtzan__gtzan_pop_00007__track.npy.npz
mscnn_gtzan,width_only,gtzan/gtzan_pop_00008/track.npy,gtzan,1.0,0.9764589181832,0.9764589181832,0.9764589181832,1.0,1.0,1.0,1.0,1.0,0.973058028472278,0.973058028472278,0.973058028472278,1.0,1.0,1.0,1.0,42.0,0.0,0.0,0.055569851154809724,10.0,0.0,0.0,0.007017572658647142,0.0,/media/mengh/SharedData/zhanh/auto_structbeat/caches/pilot/mscnn_final_last_gtzan/gtzan__gtzan_pop_00008__track.npy.npz
mscnn_gtzan,width_only,gtzan/gtzan_pop_00009/track.npy,gtzan,0.9885057471264368,0.9513834524372936,0.9513834524372936,0.9513834524372936,0.9772727272727273,0.9772727272727273,0.9772727272727273,0.9772727272727273,0.9523809523809523,0.9427747537146071,0.9427747537146071,0.9427747537146071,0.9090909090909091,0.9090909090909091,0.9090909090909091,0.9090909090909091,52.0,0.0,0.0,0.06899287148694555,13.0,0.0,0.0,0.017544309650909917,0.0,/media/mengh/SharedData/zhanh/auto_structbeat/caches/pilot/mscnn_final_last_gtzan/gtzan__gtzan_pop_00009__track.npy.npz
mscnn_gtzan,width_only,gtzan/gtzan_pop_00010/track.npy,gtzan,0.9777777777777777,0.8857629813252595,0.8857629813252595,0.8857629813252595,0.9777777777777777,0.9777777777777777,0.9777777777777777,0.9777777777777777,1.0,0.8649795890789278,0.8649795890789278,0.8649795890789278,1.0,1.0,1.0,1.0,54.0,0.0,0.0,0.07265101765935936,13.0,0.0,0.0,0.031312767761002724,0.0,/media/mengh/SharedData/zhanh/auto_structbeat/caches/pilot/mscnn_final_last_gtzan/gtzan__gtzan_pop_00010__track.npy.npz
mscnn_gtzan,width_only,gtzan/gtzan_pop_00011/track.npy,gtzan,0.17857142857142855,0.10704826625427435,0.1167860917041359,0.11191717897920513,0.0967741935483871,0.12903225806451613,0.0967741935483871,0.16129032258064516,0.14285714285714288,0.12280468051464548,0.1562968661095488,0.13955077331209714,0.0,0.0,0.125,0.125,38.0,0.0,0.0,0.10211599007779514,10.0,0.0,0.0,0.058033116031162325,0.0,/media/mengh/SharedData/zhanh/auto_structbeat/caches/pilot/mscnn_final_last_gtzan/gtzan__gtzan_pop_00011__track.npy.npz
mscnn_gtzan,width_only,gtzan/gtzan_pop_00012/track.npy,gtzan,0.9397590361445782,0.7907786992128687,0.7907786992128687,0.7907786992128687,0.9523809523809523,0.9523809523809523,0.9523809523809523,0.9523809523809523,0.962962962962963,0.8328172820060211,0.8328172820060211,0.8328172820060211,0.9285714285714286,0.9285714285714286,0.9285714285714286,0.9285714285714286,50.0,0.0,0.0,0.0666913744986708,17.0,0.0,0.0,0.02585543794936026,0.0,/media/mengh/SharedData/zhanh/auto_structbeat/caches/pilot/mscnn_final_last_gtzan/gtzan__gtzan_pop_00012__track.npy.npz
mscnn_gtzan,width_only,gtzan/gtzan_pop_00013/track.npy,gtzan,1.0,0.9756814822567131,0.9756814822567131,0.9756814822567131,1.0,1.0,1.0,1.0,1.0,0.9984847201768172,0.9984847201768172,0.9984847201768172,1.0,1.0,1.0,1.0,36.0,0.0,0.0,0.03233322567263051,9.0,0.0,0.0,1.043609643147647e-15,0.0,/media/mengh/SharedData/zhanh/auto_structbeat/caches/pilot/mscnn_final_last_gtzan/gtzan__gtzan_pop_00013__track.npy.npz
mscnn_gtzan,width_only,gtzan/gtzan_pop_00014/track.npy,gtzan,0.9896907216494846,0.9197435726999169,0.9197435726999169,0.9197435726999169,0.9795918367346939,0.9795918367346939,0.9795918367346939,0.9795918367346939,1.0,0.9188645003880765,0.9188645003880765,0.9188645003880765,1.0,1.0,1.0,1.0,58.0,0.0,0.0,0.039220713153280684,14.0,0.0,0.0,0.013968163869004988,0.0,/media/mengh/SharedData/zhanh/auto_structbeat/caches/pilot/mscnn_final_last_gtzan/gtzan__gtzan_pop_00014__track.npy.npz
mscnn_gtzan,width_only,gtzan/gtzan_pop_00015/track.npy,gtzan,1.0,0.9412269804662867,0.9412269804662867,0.9412269804662867,1.0,1.0,1.0,1.0,1.0,0.9295039268465742,0.9295039268465742,0.9295039268465742,1.0,1.0,1.0,1.0,52.0,0.0,0.0,0.06899287148695085,13.0,0.0,0.0,0.013024902727492738,0.0,/media/mengh/SharedData/zhanh/auto_structbeat/caches/pilot/mscnn_final_last_gtzan/gtzan__gtzan_pop_00015__track.npy.npz
mscnn_gtzan,width_only,gtzan/gtzan_pop_00016/track.npy,gtzan,0.8913043478260869,0.8113941817344809,0.8113941817344809,0.8113941817344809,0.8260869565217391,0.9130434782608695,0.8260869565217391,0.9130434782608695,0.8333333333333334,0.8267541711658694,0.8267541711658694,0.8267541711658694,1.0,1.0,1.0,1.0,55.0,0.0,0.0,0.08660898955536175,14.0,0.0,0.0,0.0510666006912436,0.0,/media/mengh/SharedData/zhanh/auto_structbeat/caches/pilot/mscnn_final_last_gtzan/gtzan__gtzan_pop_00016__track.npy.npz
mscnn_gtzan,width_only,gtzan/gtzan_pop_00017/track.npy,gtzan,0.9130434782608695,0.695593759747387,0.695593759747387,0.695593759747387,0.8043478260869565,0.9565217391304348,0.8043478260869565,0.9565217391304348,0.9166666666666666,0.7383902043026093,0.7383902043026093,0.7383902043026093,1.0,1.0,1.0,1.0,56.0,0.0,0.0,0.15593766620526758,14.0,0.0,0.0,0.048598891135881866,0.0,/media/mengh/SharedData/zhanh/auto_structbeat/caches/pilot/mscnn_final_last_gtzan/gtzan__gtzan_pop_00017__track.npy.npz
mscnn_gtzan,width_only,gtzan/gtzan_pop_00018/track.npy,gtzan,0.7846153846153847,0.6729064913464546,0.6729064913464546,0.6729064913464546,0.13924050632911392,0.379746835443038,0.13924050632911392,0.379746835443038,0.962962962962963,0.7489986621578028,0.7489986621578028,0.7489986621578028,0.5714285714285714,0.8571428571428571,0.5714285714285714,0.8571428571428571,91.0,0.3333333333333333,0.3333333333333333,1.8325814637483089,16.0,0.0,0.0,0.6529281681431893,0.0,/media/mengh/SharedData/zhanh/auto_structbeat/caches/pilot/mscnn_final_last_gtzan/gtzan__gtzan_pop_00018__track.npy.npz
mscnn_gtzan,width_only,gtzan/gtzan_pop_00019/track.npy,gtzan,1.0,0.9807371538257118,0.9807371538257118,0.9807371538257118,1.0,1.0,1.0,1.0,1.0,0.9800148652058723,0.9800148652058723,0.9800148652058723,1.0,1.0,1.0,1.0,47.0,0.0,0.0,0.030771658666754353,12.0,0.0,0.0,0.01550418653596467,0.0,/media/mengh/SharedData/zhanh/auto_structbeat/caches/pilot/mscnn_final_last_gtzan/gtzan__gtzan_pop_00019__track.npy.npz
mscnn_gtzan,width_only,gtzan/gtzan_pop_00020/track.npy,gtzan,1.0,0.9011693642433171,0.9011693642433171,0.9011693642433171,1.0,1.0,1.0,1.0,1.0,0.8487288177143526,0.8487288177143526,0.8487288177143526,1.0,1.0,1.0,1.0,54.0,0.0,0.0,0.11332868530700316,13.0,0.0,0.0,0.05406722127027641,0.0,/media/mengh/SharedData/zhanh/auto_structbeat/caches/pilot/mscnn_final_last_gtzan/gtzan__gtzan_pop_00020__track.npy.npz
mscnn_gtzan,width_only,gtzan/gtzan_pop_00021/track.npy,gtzan,0.988235294117647,0.9583062931929536,0.9583062931929536,0.9583062931929536,0.9767441860465116,0.9767441860465116,0.9767441860465116,0.9767441860465116,1.0,0.9639432468920369,0.9639432468920369,0.9639432468920369,1.0,1.0,1.0,1.0,50.0,0.0,0.0,0.03390155167568665,13.0,0.0,0.0,0.012730123990840836,0.0,/media/mengh/SharedData/zhanh/auto_structbeat/caches/pilot/mscnn_final_last_gtzan/gtzan__gtzan_pop_00021__track.npy.npz
mscnn_gtzan,width_only,gtzan/gtzan_pop_00022/track.npy,gtzan,1.0,0.7729499020917505,0.7729499020917505,0.7729499020917505,1.0,1.0,1.0,1.0,1.0,0.7726813768400951,0.7726813768400951,0.7726813768400951,1.0,1.0,1.0,1.0,52.0,0.0,0.0,0.035091319811275556,13.0,0.0,0.0,0.013024902727492405,0.0,/media/mengh/SharedData/zhanh/auto_structbeat/caches/pilot/mscnn_final_last_gtzan/gtzan__gtzan_pop_00022__track.npy.npz
mscnn_gtzan,width_only,gtzan/gtzan_pop_00023/track.npy,gtzan,1.0,0.9519731956636355,0.9519731956636355,0.9519731956636355,1.0,1.0,1.0,1.0,0.9523809523809523,0.9077915798734596,0.9077915798734596,0.9077915798734596,0.9090909090909091,0.9090909090909091,0.9090909090909091,0.9090909090909091,52.0,0.0,0.0,0.035091319811275556,12.0,0.0,0.0,0.008583743691391931,0.0,/media/mengh/SharedData/zhanh/auto_structbeat/caches/pilot/mscnn_final_last_gtzan/gtzan__gtzan_pop_00023__track.npy.npz
mscnn_gtzan,width_only,gtzan/gtzan_pop_00024/track.npy,gtzan,0.8750000000000001,0.8264075442444431,0.8264075442444431,0.8264075442444431,0.3492063492063492,0.6507936507936508,0.3492063492063492,0.6507936507936508,0.8695652173913043,0.8455486209825862,0.8455486209825862,0.8455486209825862,0.9166666666666666,0.9166666666666666,0.9166666666666666,0.9166666666666666,73.0,0.19444444444444445,0.19444444444444445,1.7882751345700083,14.0,0.0,0.0,0.0669064403635846,0.0,/media/mengh/SharedData/zhanh/auto_structbeat/caches/pilot/mscnn_final_last_gtzan/gtzan__gtzan_pop_00024__track.npy.npz
mscnn_gtzan,width_only,gtzan/gtzan_pop_00025/track.npy,gtzan,1.0,0.9681557588844769,0.9681557588844769,0.9681557588844769,1.0,1.0,1.0,1.0,1.0,0.9621984355035761,0.9621984355035761,0.9621984355035761,1.0,1.0,1.0,1.0,38.0,0.0,0.0,0.05001042057466223,9.0,0.0,0.0,4.440892098500626e-16,0.0,/media/mengh/SharedData/zhanh/auto_structbeat/caches/pilot/mscnn_final_last_gtzan/gtzan__gtzan_pop_00025__track.npy.npz
mscnn_gtzan,width_only,gtzan/gtzan_pop_00026/track.npy,gtzan,0.9841269841269841,0.9630100704770412,0.9630100704770412,0.9630100704770412,0.96875,0.96875,0.96875,0.96875,1.0,0.977018012789208,0.977018012789208,0.977018012789208,1.0,1.0,1.0,1.0,38.0,0.0,0.0,0.02531780798429213,9.0,0.0,0.0,0.2802468410253418,0.0,/media/mengh/SharedData/zhanh/auto_structbeat/caches/pilot/mscnn_final_last_gtzan/gtzan__gtzan_pop_00026__track.npy.npz
mscnn_gtzan,width_only,gtzan/gtzan_pop_00027/track.npy,gtzan,1.0,0.9783050405659663,0.9783050405659663,0.9783050405659663,1.0,1.0,1.0,1.0,1.0,0.9742642505887099,0.9742642505887099,0.9742642505887099,1.0,1.0,1.0,1.0,42.0,0.0,0.0,0.05556985115481211,10.0,0.0,0.0,0.0070175726586468425,0.0,/media/mengh/SharedData/zhanh/auto_structbeat/caches/pilot/mscnn_final_last_gtzan/gtzan__gtzan_pop_00027__track.npy.npz
mscnn_gtzan,width_only,gtzan/gtzan_pop_00028/track.npy,gtzan,0.9523809523809523,0.8766524933819382,0.8766524933819382,0.8766524933819382,1.0,1.0,1.0,1.0,0.8181818181818182,0.7669350422091508,0.7669350422091508,0.7669350422091508,1.0,1.0,1.0,1.0,51.0,0.0,0.0,0.18836203199545148,13.0,0.0,0.0,0.04596529226682239,0.0,/media/mengh/SharedData/zhanh/auto_structbeat/caches/pilot/mscnn_final_last_gtzan/gtzan__gtzan_pop_00028__track.npy.npz
mscnn_gtzan,width_only,gtzan/gtzan_pop_00029/track.npy,gtzan,1.0,0.9786595417451027,0.9786595417451027,0.9786595417451027,1.0,1.0,1.0,1.0,1.0,0.9986350737575962,0.9986350737575962,0.9986350737575962,1.0,1.0,1.0,1.0,40.0,0.0,0.0,0.026668247082165475,10.0,0.0,0.0,4.440892098500626e-16,0.0,/media/mengh/SharedData/zhanh/auto_structbeat/caches/pilot/mscnn_final_last_gtzan/gtzan__gtzan_pop_00029__track.npy.npz
mscnn_gtzan,width_only,gtzan/gtzan_pop_00030/track.npy,gtzan,1.0,0.9599703163723964,0.9599703163723964,0.9599703163723964,1.0,1.0,1.0,1.0,1.0,0.9678080582051167,0.9678080582051167,0.9678080582051167,1.0,1.0,1.0,1.0,48.0,0.0,0.0,0.03252954169588951,12.0,0.0,0.0,0.015873349156289795,0.0,/media/mengh/SharedData/zhanh/auto_structbeat/caches/pilot/mscnn_final_last_gtzan/gtzan__gtzan_pop_00030__track.npy.npz
mscnn_gtzan,width_only,gtzan/gtzan_pop_00031/track.npy,gtzan,1.0,0.7745090064100929,0.7745090064100929,0.7745090064100929,1.0,1.0,1.0,1.0,1.0,0.6961018988461831,0.6961018988461831,0.6961018988461831,1.0,1.0,1.0,1.0,48.0,0.0,0.0,0.054827442314645744,12.0,0.0,0.0,0.00790517950711378,0.0,/media/mengh/SharedData/zhanh/auto_structbeat/caches/pilot/mscnn_final_last_gtzan/gtzan__gtzan_pop_00031__track.npy.npz
mscnn_gtzan,width_only,gtzan/gtzan_pop_00032/track.npy,gtzan,1.0,0.9600000545043945,0.9600000545043945,0.9600000545043945,1.0,1.0,1.0,1.0,1.0,0.9737908730112487,0.9737908730112487,0.9737908730112487,1.0,1.0,1.0,1.0,48.0,0.0,0.0,0.031748698314585266,12.0,0.0,0.0,0.007905179507114446,0.0,/media/mengh/SharedData/zhanh/auto_structbeat/caches/pilot/mscnn_final_last_gtzan/gtzan__gtzan_pop_00032__track.npy.npz
mscnn_gtzan,width_only,gtzan/gtzan_pop_00033/track.npy,gtzan,0.5853658536585366,0.5424838559546746,0.5793579703891958,0.5609209131719353,0.6097560975609756,0.6097560975609756,0.6097560975609756,0.6097560975609756,0.5454545454545454,0.5228119579138621,0.5228119579138621,0.5228119579138621,1.0,1.0,1.0,1.0,50.0,0.0,0.0,0.06669137449867264,13.0,0.0,0.0,0.020817611541143866,0.0,/media/mengh/SharedData/zhanh/auto_structbeat/caches/pilot/mscnn_final_last_gtzan/gtzan__gtzan_pop_00033__track.npy.npz
mscnn_gtzan,width_only,gtzan/gtzan_pop_00034/track.npy,gtzan,0.9873417721518987,0.9592122838393282,0.9592122838393282,0.9592122838393282,0.975,0.975,0.975,0.975,1.0,0.9762117967711585,0.9762117967711585,0.9762117967711585,1.0,1.0,1.0,1.0,48.0,0.0,0.0,0.031748698314585266,12.0,0.0,0.0,0.012414665004313406,0.0,/media/mengh/SharedData/zhanh/auto_structbeat/caches/pilot/mscnn_final_last_gtzan/gtzan__gtzan_pop_00034__track.npy.npz
mscnn_gtzan,width_only,gtzan/gtzan_pop_00035/track.npy,gtzan,1.0,0.9688082252000871,0.9688082252000871,0.9688082252000871,1.0,1.0,1.0,1.0,1.0,0.9766699895476509,0.9766699895476509,0.9766699895476509,1.0,1.0,1.0,1.0,54.0,0.0,0.0,0.07145896398214477,13.0,0.0,0.0,0.018018505502678805,0.0,/media/mengh/SharedData/zhanh/auto_structbeat/caches/pilot/mscnn_final_last_gtzan/gtzan__gtzan_pop_00035__track.npy.npz
mscnn_gtzan,width_only,gtzan/gtzan_pop_00036/track.npy,gtzan,1.0,0.9736902123925385,0.9736902123925385,0.9736902123925385,1.0,1.0,1.0,1.0,1.0,0.981107532583249,0.981107532583249,0.981107532583249,1.0,1.0,1.0,1.0,49.0,0.0,0.0,0.032789822822996084,12.0,0.0,0.0,0.008163310639161902,0.0,/media/mengh/SharedData/zhanh/auto_structbeat/caches/pilot/mscnn_final_last_gtzan/gtzan__gtzan_pop_00036__track.npy.npz
mscnn_gtzan,width_only,gtzan/gtzan_pop_00037/track.npy,gtzan,1.0,0.9406827946846181,0.9406827946846181,0.9406827946846181,1.0,1.0,1.0,1.0,1.0,0.9289025443921101,0.9289025443921101,0.9289025443921101,1.0,1.0,1.0,1.0,52.0,0.0,0.0,0.06899287148695164,13.0,0.0,0.0,0.013062711340312227,0.0,/media/mengh/SharedData/zhanh/auto_structbeat/caches/pilot/mscnn_final_last_gtzan/gtzan__gtzan_pop_00037__track.npy.npz
mscnn_gtzan,width_only,gtzan/gtzan_pop_00038/track.npy,gtzan,1.0,0.9665072671406512,0.9665072671406512,0.9665072671406512,1.0,1.0,1.0,1.0,1.0,0.9834047806559385,0.9834047806559385,0.9834047806559385,1.0,1.0,1.0,1.0,47.0,0.0,0.0,0.030771658666758572,11.0,0.0,0.0,0.007782140442055052,0.0,/media/mengh/SharedData/zhanh/auto_structbeat/caches/pilot/mscnn_final_last_gtzan/gtzan__gtzan_pop_00038__track.npy.npz
mscnn_gtzan,width_only,gtzan/gtzan_pop_00039/track.npy,gtzan,1.0,0.9734896044816317,0.9734896044816317,0.9734896044816317,1.0,1.0,1.0,1.0,1.0,0.9891668654809076,0.9891668654809076,0.9891668654809076,1.0,1.0,1.0,1.0,41.0,0.0,0.0,0.0555698511548145,11.0,0.0,0.0,0.006920442844573715,0.0,/media/mengh/SharedData/zhanh/auto_structbeat/caches/pilot/mscnn_final_last_gtzan/gtzan__gtzan_pop_00039__track.npy.npz
mscnn_gtzan,width_only,gtzan/gtzan_pop_00040/track.npy,gtzan,0.9818181818181818,0.9268621016506844,0.9268621016506844,0.9268621016506844,0.9642857142857143,0.9642857142857143,0.9642857142857143,0.9642857142857143,0.923076923076923,0.8731311945497267,0.8731311945497267,0.8731311945497267,0.8571428571428571,0.8571428571428571,0.8571428571428571,0.8571428571428571,33.0,0.0,0.0,0.021978906718778682,9.0,0.0,0.0,0.018544430500013455,0.0,/media/mengh/SharedData/zhanh/auto_structbeat/caches/pilot/mscnn_final_last_gtzan/gtzan__gtzan_pop_00040__track.npy.npz
mscnn_gtzan,width_only,gtzan/gtzan_pop_00041/track.npy,gtzan,0.6567164179104478,0.5546298771973084,0.6508601723521391,0.6027450247747237,0.09090909090909091,0.13636363636363635,0.35555555555555557,0.5777777777777777,0.4444444444444444,0.4293940230593584,0.6535435669743392,0.5414687950168489,0.0,0.0,0.3333333333333333,0.5,53.0,0.0,0.038461538461538464,0.8379638268514796,14.0,0.0,0.0,0.6882144120694272,0.0,/media/mengh/SharedData/zhanh/auto_structbeat/caches/pilot/mscnn_final_last_gtzan/gtzan__gtzan_pop_00041__track.npy.npz
mscnn_gtzan,width_only,gtzan/gtzan_pop_00042/track.npy,gtzan,1.0,0.9828363036842009,0.9828363036842009,0.9828363036842009,1.0,1.0,1.0,1.0,1.0,0.9799333367497425,0.9799333367497425,0.9799333367497425,1.0,1.0,1.0,1.0,47.0,0.0,0.0,0.030771658666758017,12.0,0.0,0.0,0.007782140442054541,0.0,/media/mengh/SharedData/zhanh/auto_structbeat/caches/pilot/mscnn_final_last_gtzan/gtzan__gtzan_pop_00042__track.npy.npz
mscnn_gtzan,width_only,gtzan/gtzan_pop_00043/track.npy,gtzan,0.6666666666666666,0.5457168214261983,0.8111959146857259,0.6784563680559621,0.0,0.0,0.9821428571428571,0.9821428571428571,0.6341463414634146,0.5373415526893295,0.8159630985282411,0.6766523256087853,0.0,0.0,0.9285714285714286,0.9285714285714286,67.0,0.0,0.0,0.044451762570840825,17.0,0.0,0.0,0.011049836186585726,0.0,/media/mengh/SharedData/zhanh/auto_structbeat/caches/pilot/mscnn_final_last_gtzan/gtzan__gtzan_pop_00043__track.npy.npz
mscnn_gtzan,width_only,gtzan/gtzan_pop_00044/track.npy,gtzan,0.98989898989899,0.9706482404015228,0.9706482404015228,0.9706482404015228,0.98,0.98,0.98,0.98,1.0,0.9811293969696755,0.9811293969696755,0.9811293969696755,1.0,1.0,1.0,1.0,60.0,0.0,0.0,0.03922071315328442,15.0,0.0,0.0,0.01980262729618021,0.0,/media/mengh/SharedData/zhanh/auto_structbeat/caches/pilot/mscnn_final_last_gtzan/gtzan__gtzan_pop_00044__track.npy.npz
mscnn_gtzan,width_only,gtzan/gtzan_pop_00045/track.npy,gtzan,1.0,0.9788138324875408,0.9788138324875408,0.9788138324875408,1.0,1.0,1.0,1.0,1.0,0.9799970676688806,0.9799970676688806,0.9799970676688806,1.0,1.0,1.0,1.0,44.0,0.0,0.0,0.02985296314968082,11.0,0.0,0.0,0.014598799421152409,0.0,/media/mengh/SharedData/zhanh/auto_structbeat/caches/pilot/mscnn_final_last_gtzan/gtzan__gtzan_pop_00045__track.npy.npz
mscnn_gtzan,width_only,gtzan/gtzan_pop_00046/track.npy,gtzan,1.0,0.980310362875661,0.980310362875661,0.980310362875661,1.0,1.0,1.0,1.0,1.0,0.9828238885932019,0.9828238885932019,0.9828238885932019,1.0,1.0,1.0,1.0,44.0,0.0,0.0,0.05739112317927088,11.0,0.0,0.0,0.007326040092074049,0.0,/media/mengh/SharedData/zhanh/auto_structbeat/caches/pilot/mscnn_final_last_gtzan/gtzan__gtzan_pop_00046__track.npy.npz
mscnn_gtzan,width_only,gtzan/gtzan_pop_00047/track.npy,gtzan,0.9782608695652174,0.8889059067655495,0.8889059067655495,0.8889059067655495,0.9782608695652174,0.9782608695652174,0.9782608695652174,0.9782608695652174,1.0,0.9147699051920886,0.9147699051920886,0.9147699051920886,1.0,1.0,1.0,1.0,56.0,0.0,0.0,0.109199291964993,14.0,0.0,0.0,0.018349138668196298,0.0,/media/mengh/SharedData/zhanh/auto_structbeat/caches/pilot/mscnn_final_last_gtzan/gtzan__gtzan_pop_00047__track.npy.npz
mscnn_gtzan,width_only,gtzan/gtzan_pop_00048/track.npy,gtzan,0.9811320754716981,0.9630393133379663,0.9630393133379663,0.9630393133379663,0.9629629629629629,0.9629629629629629,0.9629629629629629,0.9629629629629629,0.962962962962963,0.9514828370648725,0.9514828370648725,0.9514828370648725,0.9285714285714286,0.9285714285714286,0.9285714285714286,0.9285714285714286,64.0,0.0,0.0,0.04255961441880263,16.0,0.0,0.0,0.010695289116748302,0.0,/media/mengh/SharedData/zhanh/auto_structbeat/caches/pilot/mscnn_final_last_gtzan/gtzan__gtzan_pop_00048__track.npy.npz
mscnn_gtzan,width_only,gtzan/gtzan_pop_00049/track.npy,gtzan,0.9259259259259259,0.90538622012806,0.90538622012806,0.90538622012806,0.3793103448275862,0.7241379310344828,0.3793103448275862,0.7241379310344828,0.8,0.7800487394773481,0.7848101876010618,0.782429463539205,0.2222222222222222,0.3333333333333333,0.2727272727272727,0.45454545454545453,36.0,0.02857142857142857,0.02857142857142857,1.3257660093130448,11.0,0.0,0.0,0.7029994770029572,0.0,/media/mengh/SharedData/zhanh/auto_structbeat/caches/pilot/mscnn_final_last_gtzan/gtzan__gtzan_pop_00049__track.npy.npz
mscnn_gtzan,width_only,gtzan/gtzan_pop_00050/track.npy,gtzan,1.0,0.9375070147168152,0.9375070147168152,0.9375070147168152,1.0,1.0,1.0,1.0,1.0,0.9267758227159334,0.9267758227159334,0.9267758227159334,1.0,1.0,1.0,1.0,35.0,0.0,0.0,0.04652001563489474,9.0,0.0,0.0,0.005854859709917304,0.0,/media/mengh/SharedData/zhanh/auto_structbeat/caches/pilot/mscnn_final_last_gtzan/gtzan__gtzan_pop_00050__track.npy.npz
mscnn_gtzan,width_only,gtzan/gtzan_pop_00051/track.npy,gtzan,0.8316831683168316,0.7119647146373437,0.7119647146373437,0.7119647146373437,0.24528301886792453,0.8679245283018868,0.24528301886792453,0.8679245283018868,0.6956521739130435,0.6002885387591668,0.6002885387591668,0.6002885387591668,0.9166666666666666,0.9166666666666666,0.9166666666666666,0.9166666666666666,66.0,0.15384615384615385,0.15384615384615385,1.8718021769015905,14.0,0.0,0.0,0.06575137756278028,0.0,/media/mengh/SharedData/zhanh/auto_structbeat/caches/pilot/mscnn_final_last_gtzan/gtzan__gtzan_pop_00051__track.npy.npz
mscnn_gtzan,width_only,gtzan/gtzan_pop_00052/track.npy,gtzan,0.9772727272727273,0.8855871151716659,0.8855871151716659,0.8855871151716659,0.9772727272727273,0.9772727272727273,0.9772727272727273,0.9772727272727273,1.0,0.8884690178604515,0.8884690178604515,0.8884690178604515,1.0,1.0,1.0,1.0,52.0,0.0,0.0,0.06899287148695198,13.0,0.0,0.0,0.01724180643450618,0.0,/media/mengh/SharedData/zhanh/auto_structbeat/caches/pilot/mscnn_final_last_gtzan/gtzan__gtzan_pop_00052__track.npy.npz
mscnn_gtzan,width_only,gtzan/gtzan_pop_00053/track.npy,gtzan,0.24242424242424243,0.1772922060060003,0.2411189970418132,0.20920560152390674,0.013888888888888888,0.027777777777777776,0.013888888888888888,0.027777777777777776,0.1818181818181818,0.12894996054694274,0.17456668657131238,0.15175832355912755,0.0,0.0,0.07407407407407407,0.14814814814814814,89.0,0.11363636363636363,0.23863636363636365,1.4326940743945689,33.0,0.03125,0.0625,1.953048193379255,0.0,/media/mengh/SharedData/zhanh/auto_structbeat/caches/pilot/mscnn_final_last_gtzan/gtzan__gtzan_pop_00053__track.npy.npz
mscnn_gtzan,width_only,gtzan/gtzan_pop_00054/track.npy,gtzan,1.0,0.9394894658519617,0.9394894658519617,0.9394894658519617,1.0,1.0,1.0,1.0,1.0,0.972966787827325,0.972966787827325,0.972966787827325,1.0,1.0,1.0,1.0,49.0,0.0,0.0,0.0645385211375739,12.0,0.0,0.0,0.01692714315610564,0.0,/media/mengh/SharedData/zhanh/auto_structbeat/caches/pilot/mscnn_final_last_gtzan/gtzan__gtzan_pop_00054__track.npy.npz
mscnn_gtzan,width_only,gtzan/gtzan_pop_00055/track.npy,gtzan,0.9885057471264368,0.9715838317608108,0.9715838317608108,0.9715838317608108,0.9772727272727273,0.9772727272727273,0.9772727272727273,0.9772727272727273,0.9523809523809523,0.9433200153889022,0.9433200153889022,0.9433200153889022,0.9090909090909091,0.9090909090909091,0.9090909090909091,0.9090909090909091,52.0,0.0,0.0,0.035091319811275556,13.0,0.0,0.0,0.008733679968754016,0.0,/media/mengh/SharedData/zhanh/auto_structbeat/caches/pilot/mscnn_final_last_gtzan/gtzan__gtzan_pop_00055__track.npy.npz
mscnn_gtzan,width_only,gtzan/gtzan_pop_00056/track.npy,gtzan,1.0,0.9626749973039306,0.9626749973039306,0.9626749973039306,1.0,1.0,1.0,1.0,1.0,0.9562431272425735,0.9562431272425735,0.9562431272425735,1.0,1.0,1.0,1.0,45.0,0.0,0.0,0.05884050002293223,12.0,0.0,0.0,0.01481508578514042,0.0,/media/mengh/SharedData/zhanh/auto_structbeat/caches/pilot/mscnn_final_last_gtzan/gtzan__gtzan_pop_00056__track.npy.npz
mscnn_gtzan,width_only,gtzan/gtzan_pop_00057/track.npy,gtzan,0.9655172413793104,0.9067057708962983,0.9067057708962983,0.9067057708962983,0.9545454545454546,0.9545454545454546,0.9545454545454546,0.9545454545454546,0.0,2.921276376815921e-178,0.9480050390751098,0.4740025195375549,0.0,0.0,1.0,1.0,52.0,0.0,0.0,0.06899287148695395,13.0,0.0,0.0,0.008583743691391255,0.0,/media/mengh/SharedData/zhanh/auto_structbeat/caches/pilot/mscnn_final_last_gtzan/gtzan__gtzan_pop_00057__track.npy.npz
mscnn_gtzan,width_only,gtzan/gtzan_pop_00058/track.npy,gtzan,0.9879518072289156,0.9104420898522029,0.9104420898522029,0.9104420898522029,0.9761904761904762,0.9761904761904762,0.9761904761904762,0.9761904761904762,1.0,0.9761294326228125,0.9761294326228125,0.9761294326228125,1.0,1.0,1.0,1.0,50.0,0.0,0.0,0.0666913744986732,12.0,0.0,0.0,0.008163310639161536,0.0,/media/mengh/SharedData/zhanh/auto_structbeat/caches/pilot/mscnn_final_last_gtzan/gtzan__gtzan_pop_00058__track.npy.npz
mscnn_gtzan,width_only,gtzan/gtzan_pop_00059/track.npy,gtzan,1.0,0.9659072083425112,0.9659072083425112,0.9659072083425112,1.0,1.0,1.0,1.0,1.0,0.9687112504538963,0.9687112504538963,0.9687112504538963,1.0,1.0,1.0,1.0,45.0,0.0,0.0,0.02985296314969116,12.0,0.0,0.0,0.00743497848751784,0.0,/media/mengh/SharedData/zhanh/auto_structbeat/caches/pilot/mscnn_final_last_gtzan/gtzan__gtzan_pop_00059__track.npy.npz
mscnn_gtzan,width_only,gtzan/gtzan_pop_00060/track.npy,gtzan,0.9512195121951219,0.866725112219147,0.866725112219147,0.866725112219147,0.9512195121951219,0.9512195121951219,0.9512195121951219,0.9512195121951219,1.0,0.9099571840097301,0.9099571840097301,0.9099571840097301,1.0,1.0,1.0,1.0,49.0,0.0,0.0,0.0645385211375739,12.0,0.0,0.0,0.01692714315610564,0.0,/media/mengh/SharedData/zhanh/auto_structbeat/caches/pilot/mscnn_final_last_gtzan/gtzan__gtzan_pop_00060__track.npy.npz
mscnn_gtzan,width_only,gtzan/gtzan_pop_00061/track.npy,gtzan,1.0,0.9791148365527572,0.9791148365527572,0.9791148365527572,1.0,1.0,1.0,1.0,1.0,0.9769665982421486,0.9769665982421486,0.9769665982421486,1.0,1.0,1.0,1.0,48.0,0.0,0.0,0.031748698314584545,12.0,0.0,0.0,0.01241466500431134,0.0,/media/mengh/SharedData/zhanh/auto_structbeat/caches/pilot/mscnn_final_last_gtzan/gtzan__gtzan_pop_00061__track.npy.npz
mscnn_gtzan,width_only,gtzan/gtzan_pop_00062/track.npy,gtzan,0.9850746268656716,0.7696682953544892,0.7696682953544892,0.7696682953544892,0.9705882352941176,0.9705882352941176,0.9705882352941176,0.9705882352941176,0.9411764705882353,0.7410040607978514,0.7410040607978514,0.7410040607978514,0.8888888888888888,0.8888888888888888,0.8888888888888888,0.8888888888888888,41.0,0.0,0.0,0.026668247082165475,11.0,0.0,0.0,0.00676142506376447,0.0,/media/mengh/SharedData/zhanh/auto_structbeat/caches/pilot/mscnn_final_last_gtzan/gtzan__gtzan_pop_00062__track.npy.npz
mscnn_gtzan,width_only,gtzan/gtzan_pop_00063/track.npy,gtzan,0.6753246753246753,0.6573881366373161,0.9665587616107144,0.8119734491240153,0.0,0.0,1.0,1.0,0.7000000000000001,0.692515830764582,0.984653386818841,0.8385846087917115,0.0,0.0,1.0,1.0,61.0,0.0,0.0,0.08539157616863635,15.0,0.0,0.0,0.014339137759505866,0.0,/media/mengh/SharedData/zhanh/auto_structbeat/caches/pilot/mscnn_final_last_gtzan/gtzan__gtzan_pop_00063__track.npy.npz
mscnn_gtzan,width_only,gtzan/gtzan_pop_00064/track.npy,gtzan,0.6481481481481481,0.5518921652812994,0.5518921652812994,0.5518921652812994,0.37037037037037035,0.6111111111111112,0.37037037037037035,0.6111111111111112,0.6153846153846153,0.49428273511150167,0.49428273511150167,0.49428273511150167,0.4,0.4,0.4,0.4,65.0,0.0,0.0,0.2732295875783282,14.0,0.0,0.0,0.371725200574206,0.0,/media/mengh/SharedData/zhanh/auto_structbeat/caches/pilot/mscnn_final_last_gtzan/gtzan__gtzan_pop_00064__track.npy.npz
mscnn_gtzan,width_only,gtzan/gtzan_pop_00065/track.npy,gtzan,0.8571428571428571,0.8270746421399349,0.8270746421399349,0.8270746421399349,0.3125,0.5625,0.3125,0.5625,0.625,0.6088211201640267,0.8371615025515405,0.7229913113577836,0.2,0.2,0.2727272727272727,0.5454545454545454,40.0,0.02564102564102564,0.02564102564102564,0.8917974449337138,12.0,0.0,0.0,0.7027166315760974,0.0,/media/mengh/SharedData/zhanh/auto_structbeat/caches/pilot/mscnn_final_last_gtzan/gtzan__gtzan_pop_00065__track.npy.npz
mscnn_gtzan,width_only,gtzan/gtzan_pop_00066/track.npy,gtzan,1.0,0.9752173766097092,0.9752173766097092,0.9752173766097092,1.0,1.0,1.0,1.0,1.0,0.9749491758390066,0.9749491758390066,0.9749491758390066,1.0,1.0,1.0,1.0,41.0,0.0,0.0,0.027398974188118708,11.0,0.0,0.0,0.010893777261627099,0.0,/media/mengh/SharedData/zhanh/auto_structbeat/caches/pilot/mscnn_final_last_gtzan/gtzan__gtzan_pop_00066__track.npy.npz
mscnn_gtzan,width_only,gtzan/gtzan_pop_00067/track.npy,gtzan,0.7166666666666667,0.6924747203669444,0.6924747203669444,0.6924747203669444,0.0821917808219178,0.6027397260273972,0.0821917808219178,0.6027397260273972,0.38888888888888895,0.3991344528374462,0.561101374590971,0.4801179137142086,0.041666666666666664,0.125,0.125,0.4166666666666667,86.0,0.3411764705882353,0.3411764705882353,1.8718021769016173,28.0,0.2962962962962963,0.2962962962962963,3.238678452164396,0.0,/media/mengh/SharedData/zhanh/auto_structbeat/caches/pilot/mscnn_final_last_gtzan/gtzan__gtzan_pop_00067__track.npy.npz
mscnn_gtzan,width_only,gtzan/gtzan_pop_00068/track.npy,gtzan,1.0,0.9605391070007123,0.9605391070007123,0.9605391070007123,1.0,1.0,1.0,1.0,1.0,0.9625217166260441,0.9625217166260441,0.9625217166260441,1.0,1.0,1.0,1.0,33.0,0.0,0.0,0.04255961441879597,8.0,0.0,0.0,0.009312135147632794,0.0,/media/mengh/SharedData/zhanh/auto_structbeat/caches/pilot/mscnn_final_last_gtzan/gtzan__gtzan_pop_00068__track.npy.npz
mscnn_gtzan,width_only,gtzan/gtzan_pop_00069/track.npy,gtzan,1.0,0.9657329182303265,0.9657329182303265,0.9657329182303265,1.0,1.0,1.0,1.0,1.0,0.9775427415780029,0.9775427415780029,0.9775427415780029,1.0,1.0,1.0,1.0,53.0,0.0,0.0,0.07145896398214346,13.0,0.0,0.0,0.008810629682155902,0.0,/media/mengh/SharedData/zhanh/auto_structbeat/caches/pilot/mscnn_final_last_gtzan/gtzan__gtzan_pop_00069__track.npy.npz
mscnn_gtzan,width_only,gtzan/gtzan_pop_00070/track.npy,gtzan,0.8444444444444443,0.8201355464615742,0.8201355464615742,0.8201355464615742,0.19230769230769232,0.46153846153846156,0.19230769230769232,0.46153846153846156,0.761904761904762,0.7457473054764373,0.7822037983457256,0.7639755519110815,0.38461538461538464,0.38461538461538464,0.38461538461538464,0.38461538461538464,49.0,0.020833333333333332,0.020833333333333332,0.7501402960206548,11.0,0.0,0.0,0.5010006140474328,0.0,/media/mengh/SharedData/zhanh/auto_structbeat/caches/pilot/mscnn_final_last_gtzan/gtzan__gtzan_pop_00070__track.npy.npz
mscnn_gtzan,width_only,gtzan/gtzan_pop_00071/track.npy,gtzan,0.7333333333333333,0.6911197746235138,0.6911197746235138,0.6911197746235138,0.0821917808219178,0.589041095890411,0.0821917808219178,0.589041095890411,0.38888888888888895,0.39761044133563056,0.5609264052350099,0.47926842328532027,0.041666666666666664,0.125,0.125,0.4166666666666667,86.0,0.3411764705882353,0.3411764705882353,1.8718021769016173,28.0,0.2962962962962963,0.2962962962962963,3.238678452164396,0.0,/media/mengh/SharedData/zhanh/auto_structbeat/caches/pilot/mscnn_final_last_gtzan/gtzan__gtzan_pop_00071__track.npy.npz
mscnn_gtzan,width_only,gtzan/gtzan_pop_00072/track.npy,gtzan,0.923076923076923,0.912230237095145,0.912230237095145,0.912230237095145,0.4642857142857143,0.8571428571428571,0.4642857142857143,0.8571428571428571,0.6896551724137931,0.6817469664071643,0.6941728445737269,0.6879599054904455,0.23529411764705882,0.47058823529411764,0.23529411764705882,0.47058823529411764,70.0,0.17391304347826086,0.17391304347826086,1.8718021769015902,22.0,0.19047619047619047,0.19047619047619047,3.258096538021481,0.0,/media/mengh/SharedData/zhanh/auto_structbeat/caches/pilot/mscnn_final_last_gtzan/gtzan__gtzan_pop_00072__track.npy.npz
mscnn_gtzan,width_only,gtzan/gtzan_pop_00073/track.npy,gtzan,0.970873786407767,0.953273625734216,0.953273625734216,0.953273625734216,0.8113207547169812,0.8867924528301887,0.8113207547169812,0.8867924528301887,0.9600000000000001,0.9393557262996819,0.9393557262996819,0.9393557262996819,0.7692307692307693,0.7692307692307693,0.7692307692307693,0.7692307692307693,61.0,0.0,0.0,0.04255961441880263,15.0,0.0,0.0,0.6931471805599451,0.0,/media/mengh/SharedData/zhanh/auto_structbeat/caches/pilot/mscnn_final_last_gtzan/gtzan__gtzan_pop_00073__track.npy.npz
mscnn_gtzan,width_only,gtzan/gtzan_pop_00074/track.npy,gtzan,0.9714285714285714,0.9383368856269284,0.9383368856269284,0.9383368856269284,1.0,1.0,1.0,1.0,1.0,0.9581235745481788,0.9581235745481788,0.9581235745481788,1.0,1.0,1.0,1.0,42.0,0.0,0.0,0.05556985115480961,10.0,0.0,0.0,0.006968669316093068,0.0,/media/mengh/SharedData/zhanh/auto_structbeat/caches/pilot/mscnn_final_last_gtzan/gtzan__gtzan_pop_00074__track.npy.npz
mscnn_gtzan,width_only,gtzan/gtzan_pop_00075/track.npy,gtzan,1.0,0.9759527292307936,0.9759527292307936,0.9759527292307936,1.0,1.0,1.0,1.0,1.0,0.9735017292019623,0.9735017292019623,0.9735017292019623,1.0,1.0,1.0,1.0,47.0,0.0,0.0,0.03174869831458086,12.0,0.0,0.0,0.00784317746102684,0.0,/media/mengh/SharedData/zhanh/auto_structbeat/caches/pilot/mscnn_final_last_gtzan/gtzan__gtzan_pop_00075__track.npy.npz
mscnn_gtzan,width_only,gtzan/gtzan_pop_00076/track.npy,gtzan,0.5797101449275363,0.4434531268437971,0.6779706008891501,0.5607118638664736,0.0,0.0,0.9782608695652174,0.9782608695652174,0.5555555555555556,0.44547140605284835,0.5328324344768827,0.48915192026486554,0.0,0.0,0.9166666666666666,0.9166666666666666,55.0,0.0,0.0,0.18807705177479245,14.0,0.0,0.0,0.07385970503898658,0.0,/media/mengh/SharedData/zhanh/auto_structbeat/caches/pilot/mscnn_final_last_gtzan/gtzan__gtzan_pop_00076__track.npy.npz
mscnn_gtzan,width_only,gtzan/gtzan_pop_00077/track.npy,gtzan,0.989247311827957,0.9075046403153856,0.9075046403153856,0.9075046403153856,0.9787234042553191,0.9787234042553191,0.9787234042553191,0.9787234042553191,0.9565217391304348,0.9076295647072845,0.9076295647072845,0.9076295647072845,0.9166666666666666,0.9166666666666666,0.9166666666666666,0.9166666666666666,56.0,0.0,0.0,0.07410797215372178,14.0,0.0,0.0,0.009216655104923754,0.0,/media/mengh/SharedData/zhanh/auto_structbeat/caches/pilot/mscnn_final_last_gtzan/gtzan__gtzan_pop_00077__track.npy.npz
mscnn_gtzan,width_only,gtzan/gtzan_pop_00078/track.npy,gtzan,1.0,0.9650356333627609,0.9650356333627609,0.9650356333627609,1.0,1.0,1.0,1.0,1.0,0.9760645861542824,0.9760645861542824,0.9760645861542824,1.0,1.0,1.0,1.0,53.0,0.0,0.0,0.06899287148695143,14.0,0.0,0.0,0.012629808203156845,0.0,/media/mengh/SharedData/zhanh/auto_structbeat/caches/pilot/mscnn_final_last_gtzan/gtzan__gtzan_pop_00078__track.npy.npz
mscnn_gtzan,width_only,gtzan/gtzan_pop_00079/track.npy,gtzan,1.0,0.9352530107907289,0.9352530107907289,0.9352530107907289,1.0,1.0,1.0,1.0,1.0,0.9248814914267145,0.9248814914267145,0.9248814914267145,1.0,1.0,1.0,1.0,56.0,0.0,0.0,0.03774032798285287,14.0,0.0,0.0,0.027908788117076328,0.0,/media/mengh/SharedData/zhanh/auto_structbeat/caches/pilot/mscnn_final_last_gtzan/gtzan__gtzan_pop_00079__track.npy.npz
mscnn_gtzan,width_only,gtzan/gtzan_pop_00080/track.npy,gtzan,1.0,0.9066630420061076,0.9066630420061076,0.9066630420061076,1.0,1.0,1.0,1.0,1.0,0.9251483611873872,0.9251483611873872,0.9251483611873872,1.0,1.0,1.0,1.0,55.0,0.0,0.0,0.08814450007822866,14.0,0.0,0.0,0.018349138668196097,0.0,/media/mengh/SharedData/zhanh/auto_structbeat/caches/pilot/mscnn_final_last_gtzan/gtzan__gtzan_pop_00080__track.npy.npz
mscnn_gtzan,width_only,gtzan/gtzan_pop_00081/track.npy,gtzan,1.0,0.9844537049419394,0.9844537049419394,0.9844537049419394,1.0,1.0,1.0,1.0,1.0,0.9863779572023929,0.9863779572023929,0.9863779572023929,1.0,1.0,1.0,1.0,36.0,0.0,0.0,0.024305822933019527,9.0,0.0,0.0,0.006079046076382988,0.0,/media/mengh/SharedData/zhanh/auto_structbeat/caches/pilot/mscnn_final_last_gtzan/gtzan__gtzan_pop_00081__track.npy.npz
mscnn_gtzan,width_only,gtzan/gtzan_pop_00082/track.npy,gtzan,1.0,0.9651712273372146,0.9651712273372146,0.9651712273372146,1.0,1.0,1.0,1.0,1.0,0.9626637990894058,0.9626637990894058,0.9626637990894058,1.0,1.0,1.0,1.0,63.0,0.0,0.0,0.04255961441880263,16.0,0.0,0.0,0.010582109330538603,0.0,/media/mengh/SharedData/zhanh/auto_structbeat/caches/pilot/mscnn_final_last_gtzan/gtzan__gtzan_pop_00082__track.npy.npz
mscnn_gtzan,width_only,gtzan/gtzan_pop_00083/track.npy,gtzan,1.0,0.9740162242477068,0.9740162242477068,0.9740162242477068,1.0,1.0,1.0,1.0,1.0,0.9698309486786727,0.9698309486786727,0.9698309486786727,1.0,1.0,1.0,1.0,62.0,0.0,0.0,0.04082199452025561,16.0,0.0,0.0,0.01036278703554816,0.0,/media/mengh/SharedData/zhanh/auto_structbeat/caches/pilot/mscnn_final_last_gtzan/gtzan__gtzan_pop_00083__track.npy.npz
mscnn_gtzan,width_only,gtzan/gtzan_pop_00084/track.npy,gtzan,1.0,0.9503292563441048,0.9503292563441048,0.9503292563441048,1.0,1.0,1.0,1.0,1.0,0.9503549191210061,0.9503549191210061,0.9503549191210061,1.0,1.0,1.0,1.0,50.0,0.0,0.0,0.06669137449867057,12.0,0.0,0.0,0.016667052485210738,0.0,/media/mengh/SharedData/zhanh/auto_structbeat/caches/pilot/mscnn_final_last_gtzan/gtzan__gtzan_pop_00084__track.npy.npz
mscnn_gtzan,width_only,gtzan/gtzan_pop_00085/track.npy,gtzan,0.96,0.9346385776727183,0.9346385776727183,0.9346385776727183,0.96,0.96,0.96,0.96,0.7499999999999999,0.7300475356339369,0.8484235267817383,0.7892355312078376,0.2631578947368421,0.2631578947368421,0.56,0.56,60.0,0.0,0.0,0.0800427076735366,21.0,0.0,0.0,0.08713708262255446,0.0,/media/mengh/SharedData/zhanh/auto_structbeat/caches/pilot/mscnn_final_last_gtzan/gtzan__gtzan_pop_00085__track.npy.npz
mscnn_gtzan,width_only,gtzan/gtzan_pop_00086/track.npy,gtzan,1.0,0.9759056005913604,0.9759056005913604,0.9759056005913604,1.0,1.0,1.0,1.0,0.6666666666666666,0.6488331831760568,0.9594550317128494,0.8041441074444531,0.0,0.0,0.9642857142857143,0.9642857142857143,66.0,0.0,0.0,0.044451762570840825,33.0,0.0,0.0,0.03321533464480577,0.0,/media/mengh/SharedData/zhanh/auto_structbeat/caches/pilot/mscnn_final_last_gtzan/gtzan__gtzan_pop_00086__track.npy.npz
mscnn_gtzan,width_only,gtzan/gtzan_pop_00087/track.npy,gtzan,1.0,0.9072200503117374,0.9072200503117374,0.9072200503117374,1.0,1.0,1.0,1.0,1.0,0.8896943032256339,0.8896943032256339,0.8896943032256339,1.0,1.0,1.0,1.0,51.0,0.0,0.0,0.03390155167568665,13.0,0.0,0.0,0.008510689667908966,0.0,/media/mengh/SharedData/zhanh/auto_structbeat/caches/pilot/mscnn_final_last_gtzan/gtzan__gtzan_pop_00087__track.npy.npz
mscnn_gtzan,width_only,gtzan/gtzan_pop_00088/track.npy,gtzan,1.0,0.9310693760919045,0.9310693760919045,0.9310693760919045,1.0,1.0,1.0,1.0,1.0,0.9404159857578206,0.9404159857578206,0.9404159857578206,1.0,1.0,1.0,1.0,50.0,0.0,0.0,0.0666913744986737,12.0,0.0,0.0,0.008298802814696415,0.0,/media/mengh/SharedData/zhanh/auto_structbeat/caches/pilot/mscnn_final_last_gtzan/gtzan__gtzan_pop_00088__track.npy.npz
mscnn_gtzan,width_only,gtzan/gtzan_pop_00089/track.npy,gtzan,1.0,0.9724399060192953,0.9724399060192953,0.9724399060192953,1.0,1.0,1.0,1.0,1.0,0.9767715186446043,0.9767715186446043,0.9767715186446043,1.0,1.0,1.0,1.0,50.0,0.0,0.0,0.03390155167568556,13.0,0.0,0.0,0.008368249670517858,0.0,/media/mengh/SharedData/zhanh/auto_structbeat/caches/pilot/mscnn_final_last_gtzan/gtzan__gtzan_pop_00089__track.npy.npz
mscnn_gtzan,width_only,gtzan/gtzan_pop_00090/track.npy,gtzan,1.0,0.9249237014336965,0.9249237014336965,0.9249237014336965,1.0,1.0,1.0,1.0,1.0,0.91809833596865,0.91809833596865,0.91809833596865,1.0,1.0,1.0,1.0,51.0,0.0,0.0,0.03390155167568665,13.0,0.0,0.0,0.008510689667908633,0.0,/media/mengh/SharedData/zhanh/auto_structbeat/caches/pilot/mscnn_final_last_gtzan/gtzan__gtzan_pop_00090__track.npy.npz
mscnn_gtzan,width_only,gtzan/gtzan_pop_00091/track.npy,gtzan,1.0,0.9469405109742418,0.9469405109742418,0.9469405109742418,1.0,1.0,1.0,1.0,1.0,0.9600775450935126,0.9600775450935126,0.9600775450935126,1.0,1.0,1.0,1.0,58.0,0.0,0.0,0.07696104113612698,14.0,0.0,0.0,0.009569451016152253,0.0,/media/mengh/SharedData/zhanh/auto_structbeat/caches/pilot/mscnn_final_last_gtzan/gtzan__gtzan_pop_00091__track.npy.npz
mscnn_gtzan,width_only,gtzan/gtzan_pop_00092/track.npy,gtzan,1.0,0.944037561331208,0.944037561331208,0.944037561331208,1.0,1.0,1.0,1.0,1.0,0.9555089014678843,0.9555089014678843,0.9555089014678843,1.0,1.0,1.0,1.0,55.0,0.0,0.0,0.04941773509730946,13.0,0.0,0.0,0.01365740132323201,0.0,/media/mengh/SharedData/zhanh/auto_structbeat/caches/pilot/mscnn_final_last_gtzan/gtzan__gtzan_pop_00092__track.npy.npz
mscnn_gtzan,width_only,gtzan/gtzan_pop_00093/track.npy,gtzan,1.0,0.9850876724943578,0.9850876724943578,0.9850876724943578,1.0,1.0,1.0,1.0,1.0,0.9786984847372909,0.9786984847372909,0.9786984847372909,1.0,1.0,1.0,1.0,67.0,0.0,0.0,0.044451762570840825,17.0,0.0,0.0,0.011173300598127045,0.0,/media/mengh/SharedData/zhanh/auto_structbeat/caches/pilot/mscnn_final_last_gtzan/gtzan__gtzan_pop_00093__track.npy.npz
mscnn_gtzan,width_only,gtzan/gtzan_pop_00094/track.npy,gtzan,1.0,0.9641241451098032,0.9641241451098032,0.9641241451098032,1.0,1.0,1.0,1.0,1.0,0.9609618324512579,0.9609618324512579,0.9609618324512579,1.0,1.0,1.0,1.0,38.0,0.0,0.0,0.05001042057466479,9.0,0.0,0.0,0.012500162764231937,0.0,/media/mengh/SharedData/zhanh/auto_structbeat/caches/pilot/mscnn_final_last_gtzan/gtzan__gtzan_pop_00094__track.npy.npz
mscnn_gtzan,width_only,gtzan/gtzan_pop_00095/track.npy,gtzan,1.0,0.9593612952070376,0.9593612952070376,0.9593612952070376,1.0,1.0,1.0,1.0,1.0,0.9717850118750704,0.9717850118750704,0.9717850118750704,1.0,1.0,1.0,1.0,53.0,0.0,0.0,0.06899287148694999,14.0,0.0,0.0,0.00873367996875422,0.0,/media/mengh/SharedData/zhanh/auto_structbeat/caches/pilot/mscnn_final_last_gtzan/gtzan__gtzan_pop_00095__track.npy.npz
mscnn_gtzan,width_only,gtzan/gtzan_pop_00096/track.npy,gtzan,1.0,0.9640708255797691,0.9640708255797691,0.9640708255797691,1.0,1.0,1.0,1.0,1.0,0.9604694840553979,0.9604694840553979,0.9604694840553979,1.0,1.0,1.0,1.0,46.0,0.0,0.0,0.05614667734398161,12.0,0.0,0.0,0.015151805020602116,0.0,/media/mengh/SharedData/zhanh/auto_structbeat/caches/pilot/mscnn_final_last_gtzan/gtzan__gtzan_pop_00096__track.npy.npz
mscnn_gtzan,width_only,gtzan/gtzan_pop_00097/track.npy,gtzan,1.0,0.9165034201902136,0.9165034201902136,0.9165034201902136,1.0,1.0,1.0,1.0,1.0,0.9001044704076744,0.9001044704076744,0.9001044704076744,1.0,1.0,1.0,1.0,50.0,0.0,0.0,0.05521493651062443,12.0,0.0,0.0,0.01652930195121059,0.0,/media/mengh/SharedData/zhanh/auto_structbeat/caches/pilot/mscnn_final_last_gtzan/gtzan__gtzan_pop_00097__track.npy.npz
mscnn_gtzan,width_only,gtzan/gtzan_pop_00098/track.npy,gtzan,0.8648648648648648,0.8372118261031795,0.8372118261031795,0.8372118261031795,0.2222222222222222,0.746031746031746,0.2222222222222222,0.746031746031746,0.5454545454545454,0.5705700474773854,0.5705700474773854,0.5705700474773854,0.6666666666666666,0.6666666666666666,0.6666666666666666,0.6666666666666666,73.0,0.2222222222222222,0.2222222222222222,1.8718021769015905,12.0,0.0,0.0,0.25652257470908013,0.0,/media/mengh/SharedData/zhanh/auto_structbeat/caches/pilot/mscnn_final_last_gtzan/gtzan__gtzan_pop_00098__track.npy.npz
mscnn_gtzan,width_only,gtzan/gtzan_pop_00099/track.npy,gtzan,1.0,0.9591289884773847,0.9591289884773847,0.9591289884773847,1.0,1.0,1.0,1.0,1.0,0.9742927401939958,0.9742927401939958,0.9742927401939958,1.0,1.0,1.0,1.0,39.0,0.0,0.0,0.05264373348542556,10.0,0.0,0.0,0.006600684031352666,0.0,/media/mengh/SharedData/zhanh/auto_structbeat/caches/pilot/mscnn_final_last_gtzan/gtzan__gtzan_pop_00099__track.npy.npz
mscnn_gtzan,width_only,gtzan/gtzan_reggae_00000/track.npy,gtzan,0.98,0.9442562477454572,0.9442562477454572,0.9442562477454572,0.45098039215686275,0.9215686274509803,0.45098039215686275,0.9215686274509803,0.43478260869565216,0.41555199508319124,0.41555199508319124,0.41555199508319124,0.3333333333333333,0.3333333333333333,0.3333333333333333,0.3333333333333333,59.0,0.0,0.0,0.7137664677626739,14.0,0.0,0.0,0.2272168767018441,0.0,/media/mengh/SharedData/zhanh/auto_structbeat/caches/pilot/mscnn_final_last_gtzan/gtzan__gtzan_reggae_00000__track.npy.npz
mscnn_gtzan,width_only,gtzan/gtzan_reggae_00001/track.npy,gtzan,0.9846153846153847,0.8938183718439366,0.8938183718439366,0.8938183718439366,0.9696969696969697,0.9696969696969697,0.9696969696969697,0.9696969696969697,0.6666666666666666,0.587605359530122,0.8521940783335069,0.7198997189318145,0.0,0.0,0.9375,0.9375,40.0,0.0,0.0,0.07628225215168914,20.0,0.0,0.0,0.09064793405767296,0.0,/media/mengh/SharedData/zhanh/auto_structbeat/caches/pilot/mscnn_final_last_gtzan/gtzan__gtzan_reggae_00001__track.npy.npz
mscnn_gtzan,width_only,gtzan/gtzan_reggae_00002/track.npy,gtzan,0.6666666666666666,0.6399250133831209,0.9598875200385086,0.7999062667108148,0.0,0.0,1.0,1.0,0.6666666666666666,0.6401865859626193,0.9602798789439291,0.8002332324532742,0.0,0.0,1.0,1.0,51.0,0.0,0.0,0.035091319811271005,13.0,0.0,0.0,0.017241806434505957,0.0,/media/mengh/SharedData/zhanh/auto_structbeat/caches/pilot/mscnn_final_last_gtzan/gtzan__gtzan_reggae_00002__track.npy.npz
mscnn_gtzan,width_only,gtzan/gtzan_reggae_00003/track.npy,gtzan,0.7722772277227722,0.7372890967238398,0.8178523268926084,0.7775707118082241,0.29508196721311475,0.29508196721311475,0.525,0.525,0.0,1.0777117763462154e-85,0.9089207762440709,0.45446038812203543,0.0,0.0,0.9333333333333333,0.9333333333333333,53.0,0.0,0.0,0.04940029237205014,19.0,0.0,0.0,0.01487653851691996,0.0,/media/mengh/SharedData/zhanh/auto_structbeat/caches/pilot/mscnn_final_last_gtzan/gtzan__gtzan_reggae_00003__track.npy.npz
mscnn_gtzan,width_only,gtzan/gtzan_reggae_00004/track.npy,gtzan,0.9807692307692307,0.9511035551238821,0.9511035551238821,0.9511035551238821,0.9807692307692307,0.9807692307692307,0.9807692307692307,0.9807692307692307,1.0,0.9760925116131474,0.9760925116131474,0.9760925116131474,1.0,1.0,1.0,1.0,63.0,0.0,0.0,0.04255961441880263,16.0,0.0,0.0,0.020834086902843385,0.0,/media/mengh/SharedData/zhanh/auto_structbeat/caches/pilot/mscnn_final_last_gtzan/gtzan__gtzan_reggae_00004__track.npy.npz
mscnn_gtzan,width_only,gtzan/gtzan_reggae_00005/track.npy,gtzan,0.8793103448275863,0.8276898787930229,0.8276898787930229,0.8276898787930229,0.36923076923076925,0.5692307692307692,0.36923076923076925,0.5692307692307692,0.41379310344827586,0.3937115827579729,0.5113355704209078,0.45252357658944037,0.3125,0.3125,0.3125,0.3125,65.0,0.0,0.0,0.2521132679180991,16.0,0.0,0.0,0.5106621361790171,0.0,/media/mengh/SharedData/zhanh/auto_structbeat/caches/pilot/mscnn_final_last_gtzan/gtzan__gtzan_reggae_00005__track.npy.npz
mscnn_gtzan,width_only,gtzan/gtzan_reggae_00006/track.npy,gtzan,0.8411214953271028,0.8064819264750355,0.8064819264750355,0.8064819264750355,0.41935483870967744,0.46774193548387094,0.41935483870967744,0.46774193548387094,0.06451612903225808,0.05830368244343214,0.8901660286386829,0.4742348555410575,0.0,0.0,0.9333333333333333,0.9333333333333333,56.0,0.0,0.0,0.6931471805599421,20.0,0.0,0.0,0.15027860577009688,0.0,/media/mengh/SharedData/zhanh/auto_structbeat/caches/pilot/mscnn_final_last_gtzan/gtzan__gtzan_reggae_00006__track.npy.npz
mscnn_gtzan,width_only,gtzan/gtzan_reggae_00007/track.npy,gtzan,0.9137931034482759,0.873776434891541,0.873776434891541,0.873776434891541,0.7096774193548387,0.7096774193548387,0.7096774193548387,0.7096774193548387,0.41379310344827586,0.398219753156176,0.5642313361067475,0.4812255446314617,0.375,0.375,0.375,0.375,66.0,0.0,0.0,0.10008345855698275,16.0,0.0,0.0,0.7058862063373759,0.0,/media/mengh/SharedData/zhanh/auto_structbeat/caches/pilot/mscnn_final_last_gtzan/gtzan__gtzan_reggae_00007__track.npy.npz
mscnn_gtzan,width_only,gtzan/gtzan_reggae_00008/track.npy,gtzan,0.9876543209876543,0.9287666046487092,0.9287666046487092,0.9287666046487092,0.9753086419753086,0.9753086419753086,0.9753086419753086,0.9753086419753086,0.9523809523809523,0.8948611196492295,0.8948611196492295,0.8948611196492295,1.0,1.0,1.0,1.0,97.0,0.0,0.0,0.06587482624238841,25.0,0.0,0.0,0.032209645827854315,0.0,/media/mengh/SharedData/zhanh/auto_structbeat/caches/pilot/mscnn_final_last_gtzan/gtzan__gtzan_reggae_00008__track.npy.npz
mscnn_gtzan,width_only,gtzan/gtzan_reggae_00009/track.npy,gtzan,0.9268292682926829,0.8842075986627171,0.8842075986627171,0.8842075986627171,0.3939393939393939,0.7272727272727273,0.3939393939393939,0.7272727272727273,0.6341463414634146,0.6084719369969394,0.6084719369969394,0.6084719369969394,0.25,0.375,0.25,0.375,68.0,0.0,0.0,0.686480118789398,27.0,0.0,0.0,1.386294361119892,0.0,/media/mengh/SharedData/zhanh/auto_structbeat/caches/pilot/mscnn_final_last_gtzan/gtzan__gtzan_reggae_00009__track.npy.npz
mscnn_gtzan,width_only,gtzan/gtzan_reggae_00010/track.npy,gtzan,1.0,0.9262603083872273,0.9262603083872273,0.9262603083872273,1.0,1.0,1.0,1.0,1.0,0.9319206786169955,0.9319206786169955,0.9319206786169955,1.0,1.0,1.0,1.0,57.0,0.0,0.0,0.07696104113612678,14.0,0.0,0.0,0.02327357812812193,0.0,/media/mengh/SharedData/zhanh/auto_structbeat/caches/pilot/mscnn_final_last_gtzan/gtzan__gtzan_reggae_00010__track.npy.npz
mscnn_gtzan,width_only,gtzan/gtzan_reggae_00011/track.npy,gtzan,1.0,0.9585918432454663,0.9585918432454663,0.9585918432454663,1.0,1.0,1.0,1.0,0.0,1.1698876809647746e-118,0.9552582790872494,0.4776291395436247,0.0,0.0,1.0,1.0,63.0,0.0,0.0,0.042559614418795966,16.0,0.0,0.0,0.014170301480844923,0.0,/media/mengh/SharedData/zhanh/auto_structbeat/caches/pilot/mscnn_final_last_gtzan/gtzan__gtzan_reggae_00011__track.npy.npz
mscnn_gtzan,width_only,gtzan/gtzan_reggae_00012/track.npy,gtzan,0.6707317073170732,0.605755997849927,0.9031257534625635,0.7544408756562453,0.0,0.0,1.0,1.0,0.6,0.547572766897941,0.8424196413814476,0.6949962041396943,0.0,0.0,0.8461538461538461,0.8461538461538461,66.0,0.0,0.0,0.08701137698962969,16.0,0.0,0.0,0.20559924166330024,0.0,/media/mengh/SharedData/zhanh/auto_structbeat/caches/pilot/mscnn_final_last_gtzan/gtzan__gtzan_reggae_00012__track.npy.npz
mscnn_gtzan,width_only,gtzan/gtzan_reggae_00013/track.npy,gtzan,1.0,0.975791229810046,0.975791229810046,0.975791229810046,1.0,1.0,1.0,1.0,1.0,0.9622334907299785,0.9622334907299785,0.9622334907299785,1.0,1.0,1.0,1.0,62.0,0.0,0.0,0.04082199452025613,16.0,0.0,0.0,0.024172617215142057,0.0,/media/mengh/SharedData/zhanh/auto_structbeat/caches/pilot/mscnn_final_last_gtzan/gtzan__gtzan_reggae_00013__track.npy.npz
mscnn_gtzan,width_only,gtzan/gtzan_reggae_00014/track.npy,gtzan,0.9719626168224299,0.7271865758841919,0.7271865758841919,0.7271865758841919,0.9259259259259259,0.9259259259259259,0.9259259259259259,0.9259259259259259,0.08333333333333333,0.06522537818682181,0.5432016836702511,0.3042135309285365,0.0,0.0,0.5384615384615384,0.5384615384615384,59.0,0.0,0.0,0.0870113769896318,11.0,0.0,0.0,0.4471230386516222,0.0,/media/mengh/SharedData/zhanh/auto_structbeat/caches/pilot/mscnn_final_last_gtzan/gtzan__gtzan_reggae_00014__track.npy.npz
mscnn_gtzan,width_only,gtzan/gtzan_reggae_00015/track.npy,gtzan,1.0,0.8710017268258552,0.8710017268258552,0.8710017268258552,1.0,1.0,1.0,1.0,0.0,6.991892622302598e-28,6.991892622302598e-28,6.991892622302598e-28,0.0,0.0,0.0,0.0,63.0,0.0,0.0,0.04255961441880263,16.0,0.0,0.0,0.01424706428409004,0.0,/media/mengh/SharedData/zhanh/auto_structbeat/caches/pilot/mscnn_final_last_gtzan/gtzan__gtzan_reggae_00015__track.npy.npz
mscnn_gtzan,width_only,gtzan/gtzan_reggae_00016/track.npy,gtzan,0.6590909090909091,0.6394929867953447,0.9538200481015311,0.7966565174484379,0.0,0.0,0.9666666666666667,0.9666666666666667,0.888888888888889,0.8724447368499496,0.8724447368499496,0.8724447368499496,0.7142857142857143,0.7142857142857143,0.7142857142857143,0.7142857142857143,36.0,0.0,0.0,0.04762804898925363,15.0,0.0,0.0,0.2868114783814072,0.0,/media/mengh/SharedData/zhanh/auto_structbeat/caches/pilot/mscnn_final_last_gtzan/gtzan__gtzan_reggae_00016__track.npy.npz
mscnn_gtzan,width_only,gtzan/gtzan_reggae_00017/track.npy,gtzan,0.9904761904761905,0.6893551521983762,0.6893551521983762,0.6893551521983762,0.9811320754716981,0.9811320754716981,0.9811320754716981,0.9811320754716981,0.0,6.651108538196761e-34,7.614562198512857e-26,3.807281132511971e-26,0.0,0.0,0.0,0.0,63.0,0.0,0.0,0.04255961441880263,16.0,0.0,0.0,0.024942353400839043,0.0,/media/mengh/SharedData/zhanh/auto_structbeat/caches/pilot/mscnn_final_last_gtzan/gtzan__gtzan_reggae_00017__track.npy.npz
mscnn_gtzan,width_only,gtzan/gtzan_reggae_00018/track.npy,gtzan,0.7692307692307693,0.6705994193410435,0.768999862610493,0.7197996409757683,0.15625,0.25,0.425,0.6,0.08,0.07800041402387328,0.496328977501386,0.28716469576262965,0.0,0.0,0.3333333333333333,0.3333333333333333,53.0,0.0,0.0,0.3472488098289084,12.0,0.0,0.0,0.6400592953552693,0.0,/media/mengh/SharedData/zhanh/auto_structbeat/caches/pilot/mscnn_final_last_gtzan/gtzan__gtzan_reggae_00018__track.npy.npz
mscnn_gtzan,width_only,gtzan/gtzan_reggae_00019/track.npy,gtzan,0.6666666666666666,0.5959999573034334,0.8939999359551501,0.7449999466292918,0.0,0.0,1.0,1.0,0.6363636363636364,0.5278793308053165,0.8295246626940687,0.6787019967496926,0.0,0.0,1.0,1.0,36.0,0.0,0.0,0.04879016416943094,9.0,0.0,0.0,0.006116227017436393,0.0,/media/mengh/SharedData/zhanh/auto_structbeat/caches/pilot/mscnn_final_last_gtzan/gtzan__gtzan_reggae_00019__track.npy.npz
mscnn_gtzan,width_only,gtzan/gtzan_reggae_00020/track.npy,gtzan,1.0,0.9776560306064587,0.9776560306064587,0.9776560306064587,1.0,1.0,1.0,1.0,0.7647058823529412,0.7414199501427636,0.8885548258141616,0.8149873879784626,0.23809523809523808,0.23809523809523808,0.64,0.64,63.0,0.0,0.0,0.04255961441880263,24.0,0.0,0.0,0.041506943958907215,0.0,/media/mengh/SharedData/zhanh/auto_structbeat/caches/pilot/mscnn_final_last_gtzan/gtzan__gtzan_reggae_00020__track.npy.npz
mscnn_gtzan,width_only,gtzan/gtzan_reggae_00021/track.npy,gtzan,0.9090909090909091,0.7441680292101619,0.7441680292101619,0.7441680292101619,0.5076923076923077,0.6923076923076923,0.5076923076923077,0.6923076923076923,0.07692307692307693,0.07670703472098807,0.3235073211670083,0.20010717794399818,0.0,0.0,0.3,0.3,68.0,0.0,0.0,0.105360515657833,13.0,0.0,0.0,0.41564875952038083,0.0,/media/mengh/SharedData/zhanh/auto_structbeat/caches/pilot/mscnn_final_last_gtzan/gtzan__gtzan_reggae_00021__track.npy.npz
mscnn_gtzan,width_only,gtzan/gtzan_reggae_00022/track.npy,gtzan,0.9009009009009009,0.8735267808573441,0.8735267808573441,0.8735267808573441,0.6229508196721312,0.6229508196721312,0.6229508196721312,0.6229508196721312,0.21428571428571427,0.21424107840329137,0.2999375097646079,0.25708929408394965,0.0,0.0,0.25,0.25,56.0,0.0,0.0,0.04879016416943971,14.0,0.0,0.0,0.3339833674688576,0.0,/media/mengh/SharedData/zhanh/auto_structbeat/caches/pilot/mscnn_final_last_gtzan/gtzan__gtzan_reggae_00022__track.npy.npz
mscnn_gtzan,width_only,gtzan/gtzan_reggae_00023/track.npy,gtzan,1.0,0.9392985762724125,0.9392985762724125,0.9392985762724125,1.0,1.0,1.0,1.0,0.36363636363636365,0.34767301257024413,0.7896169956130153,0.5686450040916298,0.0,0.0,0.47368421052631576,0.47368421052631576,65.0,0.0,0.0,0.08701137698962769,25.0,0.0,0.0,0.6281809736979245,0.0,/media/mengh/SharedData/zhanh/auto_structbeat/caches/pilot/mscnn_final_last_gtzan/gtzan__gtzan_reggae_00023__track.npy.npz
mscnn_gtzan,width_only,gtzan/gtzan_reggae_00024/track.npy,gtzan,0.9824561403508771,0.8969224180584884,0.8969224180584884,0.8969224180584884,0.9655172413793104,0.9655172413793104,0.9655172413793104,0.9655172413793104,0.8235294117647058,0.765779749950649,0.765779749950649,0.765779749950649,0.4,0.4,0.4074074074074074,0.4074074074074074,70.0,0.0,0.0,0.04652001563490016,26.0,0.0,0.0,0.04474484698784337,0.0,/media/mengh/SharedData/zhanh/auto_structbeat/caches/pilot/mscnn_final_last_gtzan/gtzan__gtzan_reggae_00024__track.npy.npz
mscnn_gtzan,width_only,gtzan/gtzan_reggae_00025/track.npy,gtzan,0.98989898989899,0.9400066787223883,0.9400066787223883,0.9400066787223883,0.98,0.98,0.98,0.98,0.8,0.75461877005101,0.7932337974200029,0.7739262837355064,0.3333333333333333,0.3333333333333333,0.4782608695652174,0.4782608695652174,60.0,0.0,0.0,0.08004270767353472,23.0,0.0,0.0,0.040821994520255166,0.0,/media/mengh/SharedData/zhanh/auto_structbeat/caches/pilot/mscnn_final_last_gtzan/gtzan__gtzan_reggae_00025__track.npy.npz
mscnn_gtzan,width_only,gtzan/gtzan_reggae_00026/track.npy,gtzan,0.9913043478260869,0.8330679762083966,0.8330679762083966,0.8330679762083966,0.9827586206896551,0.9827586206896551,0.9827586206896551,0.9827586206896551,0.9655172413793104,0.9101059079531635,0.9101059079531635,0.9101059079531635,0.9333333333333333,0.9333333333333333,0.9333333333333333,0.9333333333333333,69.0,0.0,0.0,0.09097177820572214,18.0,0.0,0.0,0.014417996356982404,0.0,/media/mengh/SharedData/zhanh/auto_structbeat/caches/pilot/mscnn_final_last_gtzan/gtzan__gtzan_reggae_00026__track.npy.npz
mscnn_gtzan,width_only,gtzan/gtzan_reggae_00027/track.npy,gtzan,0.9824561403508771,0.8645130856120118,0.8645130856120118,0.8645130856120118,0.9824561403508771,0.9824561403508771,0.9824561403508771,0.9824561403508771,1.0,0.9335085321364509,0.9335085321364509,0.9335085321364509,1.0,1.0,1.0,1.0,68.0,0.0,0.0,0.09422557940466905,17.0,0.0,0.0,0.040956014514046325,0.0,/media/mengh/SharedData/zhanh/auto_structbeat/caches/pilot/mscnn_final_last_gtzan/gtzan__gtzan_reggae_00027__track.npy.npz
mscnn_gtzan,width_only,gtzan/gtzan_reggae_00028/track.npy,gtzan,0.9166666666666666,0.8882405401482156,0.8882405401482156,0.8882405401482156,0.6307692307692307,0.6923076923076923,0.6307692307692307,0.6923076923076923,0.7000000000000001,0.6798047940986436,0.8486315471596642,0.7642181706291539,0.20833333333333334,0.20833333333333334,0.6129032258064516,0.6129032258064516,62.0,0.0,0.0,0.13218518418355985,28.0,0.0,0.0,0.05264373348542556,0.0,/media/mengh/SharedData/zhanh/auto_structbeat/caches/pilot/mscnn_final_last_gtzan/gtzan__gtzan_reggae_00028__track.npy.npz
mscnn_gtzan,width_only,gtzan/gtzan_reggae_00029/track.npy,gtzan,0.9491525423728813,0.8917948196082551,0.8917948196082551,0.8917948196082551,0.46774193548387094,0.8064516129032258,0.46774193548387094,0.8064516129032258,1.0,0.9359449423313627,0.9359449423313627,0.9359449423313627,1.0,1.0,1.0,1.0,69.0,0.0,0.0,0.08544640930615219,19.0,0.0,0.0,0.012578782206862094,0.0,/media/mengh/SharedData/zhanh/auto_structbeat/caches/pilot/mscnn_final_last_gtzan/gtzan__gtzan_reggae_00029__track.npy.npz
mscnn_gtzan,width_only,gtzan/gtzan_reggae_00030/track.npy,gtzan,1.0,0.9499092243939226,0.9499092243939226,0.9499092243939226,1.0,1.0,1.0,1.0,0.15,0.14867217525230184,0.19626908214183544,0.17247062869706864,0.0,0.0,0.04,0.04,71.0,0.0,0.0,0.10008345855698311,28.0,0.0,0.0,1.5050388626915079,0.0,/media/mengh/SharedData/zhanh/auto_structbeat/caches/pilot/mscnn_final_last_gtzan/gtzan__gtzan_reggae_00030__track.npy.npz
mscnn_gtzan,width_only,gtzan/gtzan_reggae_00031/track.npy,gtzan,0.6666666666666666,0.6468882126009555,0.9703323189014332,0.8086102657511944,0.0,0.0,1.0,1.0,1.0,0.9665148609694879,0.9665148609694879,0.9665148609694879,1.0,1.0,1.0,1.0,40.0,0.0,0.0,0.026668247082165475,20.0,0.0,0.0,0.026317308317372834,0.0,/media/mengh/SharedData/zhanh/auto_structbeat/caches/pilot/mscnn_final_last_gtzan/gtzan__gtzan_reggae_00031__track.npy.npz
mscnn_gtzan,width_only,gtzan/gtzan_reggae_00032/track.npy,gtzan,0.9090909090909091,0.8656211265577758,0.8656211265577758,0.8656211265577758,0.3968253968253968,0.7777777777777778,0.3968253968253968,0.7777777777777778,0.2105263157894737,0.1964919751402414,0.1964919751402414,0.1964919751402414,0.09090909090909091,0.09090909090909091,0.13636363636363635,0.13636363636363635,79.0,0.01282051282051282,0.10256410256410256,0.693147180559943,25.0,0.0,0.0,0.40546510810816294,0.0,/media/mengh/SharedData/zhanh/auto_structbeat/caches/pilot/mscnn_final_last_gtzan/gtzan__gtzan_reggae_00032__track.npy.npz
mscnn_gtzan,width_only,gtzan/gtzan_reggae_00033/track.npy,gtzan,0.9863013698630138,0.9490307380115687,0.9490307380115687,0.9490307380115687,0.972972972972973,0.972972972972973,0.972972972972973,0.972972972972973,1.0,0.9743716106521669,0.9743716106521669,0.9743716106521669,1.0,1.0,1.0,1.0,44.0,0.0,0.0,0.030725723890899392,11.0,0.0,0.0,0.014663208202277511,0.0,/media/mengh/SharedData/zhanh/auto_structbeat/caches/pilot/mscnn_final_last_gtzan/gtzan__gtzan_reggae_00033__track.npy.npz
mscnn_gtzan,width_only,gtzan/gtzan_reggae_00034/track.npy,gtzan,0.6722689075630253,0.6509789058820736,0.9683311224993998,0.8096550141907367,0.0,0.0,1.0,1.0,0.6666666666666666,0.6367799666526973,0.9551699499790459,0.7959749583158716,0.0,0.0,1.0,1.0,47.0,0.0,0.0,0.06252035698133387,12.0,0.0,0.0,0.01212335470415626,0.0,/media/mengh/SharedData/zhanh/auto_structbeat/caches/pilot/mscnn_final_last_gtzan/gtzan__gtzan_reggae_00034__track.npy.npz
mscnn_gtzan,width_only,gtzan/gtzan_reggae_00035/track.npy,gtzan,0.8760330578512397,0.8319369623259995,0.8319369623259995,0.8319369623259995,0.5441176470588235,0.5441176470588235,0.5441176470588235,0.5441176470588235,0.0,7.168392378999079e-71,0.7958675967436722,0.3979337983718361,0.0,0.0,0.5,0.5,60.0,0.0,0.0,0.11122563511023142,15.0,0.0,0.0,0.28815264948560526,0.0,/media/mengh/SharedData/zhanh/auto_structbeat/caches/pilot/mscnn_final_last_gtzan/gtzan__gtzan_reggae_00035__track.npy.npz
mscnn_gtzan,width_only,gtzan/gtzan_reggae_00036/track.npy,gtzan,0.6605504587155963,0.6235890789049735,0.9311124602769786,0.777350769590976,0.0,0.0,0.972972972972973,0.972972972972973,1.0,0.9333276220617664,0.9333276220617664,0.9333276220617664,1.0,1.0,1.0,1.0,43.0,0.0,0.0,0.02898753687325417,22.0,0.0,0.0,0.014598799421152553,0.0,/media/mengh/SharedData/zhanh/auto_structbeat/caches/pilot/mscnn_final_last_gtzan/gtzan__gtzan_reggae_00036__track.npy.npz
mscnn_gtzan,width_only,gtzan/gtzan_reggae_00037/track.npy,gtzan,0.984375,0.9611959105678602,0.9611959105678602,0.9611959105678602,0.984375,0.984375,0.984375,0.984375,0.7441860465116279,0.7274642723359879,0.9115697701825799,0.8195170212592839,0.14814814814814814,0.14814814814814814,0.7419354838709677,0.7419354838709677,77.0,0.0,0.0,0.051293294387558364,34.0,0.0,0.0,0.02531780798429384,0.0,/media/mengh/SharedData/zhanh/auto_structbeat/caches/pilot/mscnn_final_last_gtzan/gtzan__gtzan_reggae_00037__track.npy.npz
mscnn_gtzan,width_only,gtzan/gtzan_reggae_00038/track.npy,gtzan,1.0,0.9420243625810523,0.9420243625810523,0.9420243625810523,1.0,1.0,1.0,1.0,0.6666666666666666,0.6239063343330705,0.9217371197766491,0.7728217270548599,0.0,0.0,0.95,0.95,48.0,0.0,0.0,0.06403398009851514,24.0,0.0,0.0,0.030961280466175484,0.0,/media/mengh/SharedData/zhanh/auto_structbeat/caches/pilot/mscnn_final_last_gtzan/gtzan__gtzan_reggae_00038__track.npy.npz
mscnn_gtzan,width_only,gtzan/gtzan_reggae_00039/track.npy,gtzan,0.9152542372881356,0.795452746808178,0.795452746808178,0.795452746808178,0.21875,0.671875,0.21875,0.671875,0.6923076923076923,0.6373732026346624,0.6373732026346624,0.6373732026346624,0.1875,0.375,0.3,0.375,61.0,0.0,0.0,0.6678293725756606,12.0,0.0,0.0,0.7594925738436834,0.0,/media/mengh/SharedData/zhanh/auto_structbeat/caches/pilot/mscnn_final_last_gtzan/gtzan__gtzan_reggae_00039__track.npy.npz
mscnn_gtzan,width_only,gtzan/gtzan_reggae_00040/track.npy,gtzan,0.7647058823529411,0.6428035179318123,0.6428035179318123,0.6428035179318123,0.5128205128205128,0.6923076923076923,0.5128205128205128,0.6923076923076923,0.8750000000000001,0.665039846170586,0.665039846170586,0.665039846170586,0.7777777777777778,0.7777777777777778,0.7777777777777778,0.7777777777777778,37.0,0.0,0.0,0.21707346315059498,9.0,0.0,0.0,0.05180305957966112,0.0,/media/mengh/SharedData/zhanh/auto_structbeat/caches/pilot/mscnn_final_last_gtzan/gtzan__gtzan_reggae_00040__track.npy.npz
mscnn_gtzan,width_only,gtzan/gtzan_reggae_00041/track.npy,gtzan,0.9833333333333333,0.9059456667840685,0.9059456667840685,0.9059456667840685,0.9180327868852459,0.9180327868852459,0.9180327868852459,0.9180327868852459,0.8125,0.7325849864030292,0.7325849864030292,0.7325849864030292,0.75,0.75,0.75,0.75,68.0,0.0,0.0,0.08726013496009516,19.0,0.0,0.0,0.41356231834078383,0.0,/media/mengh/SharedData/zhanh/auto_structbeat/caches/pilot/mscnn_final_last_gtzan/gtzan__gtzan_reggae_00041__track.npy.npz
mscnn_gtzan,width_only,gtzan/gtzan_reggae_00042/track.npy,gtzan,0.9583333333333334,0.8827779784342286,0.8827779784342286,0.8827779784342286,0.86,0.86,0.86,0.86,0.2285714285714286,0.22699523494668608,0.588668466811071,0.4078318508788785,0.0,0.0,0.09090909090909091,0.18181818181818182,57.0,0.0,0.0,0.08004270767354182,26.0,0.0,0.0,1.376244025266389,0.0,/media/mengh/SharedData/zhanh/auto_structbeat/caches/pilot/mscnn_final_last_gtzan/gtzan__gtzan_reggae_00042__track.npy.npz
mscnn_gtzan,width_only,gtzan/gtzan_reggae_00043/track.npy,gtzan,1.0,0.7633462229628152,0.7633462229628152,0.7633462229628152,1.0,1.0,1.0,1.0,1.0,0.7825885405623856,0.7825885405623856,0.7825885405623856,1.0,1.0,1.0,1.0,78.0,0.0,0.0,0.06481009970512544,19.0,0.0,0.0,0.01293714018219796,0.0,/media/mengh/SharedData/zhanh/auto_structbeat/caches/pilot/mscnn_final_last_gtzan/gtzan__gtzan_reggae_00043__track.npy.npz
mscnn_gtzan,width_only,gtzan/gtzan_reggae_00044/track.npy,gtzan,0.6545454545454545,0.6278598789200531,0.946090228509665,0.786975053714859,0.0,0.0,0.972972972972973,0.972972972972973,0.6153846153846153,0.5830222064462369,0.8916810216236565,0.7373516140349468,0.0,0.0,0.8888888888888888,0.8888888888888888,44.0,0.0,0.0,0.02898753687325288,10.0,0.0,0.0,0.012053333655975757,0.0,/media/mengh/SharedData/zhanh/auto_structbeat/caches/pilot/mscnn_final_last_gtzan/gtzan__gtzan_reggae_00044__track.npy.npz
mscnn_gtzan,width_only,gtzan/gtzan_reggae_00045/track.npy,gtzan,0.6666666666666666,0.6272943152904392,0.9409414729356589,0.7841178941130491,0.0,0.0,1.0,1.0,0.6399999999999999,0.6079751729867133,0.9499612077917395,0.7789681903892265,0.0,0.0,1.0,1.0,41.0,0.0,0.0,0.0540672212702747,10.0,0.0,0.0,0.013513719166723604,0.0,/media/mengh/SharedData/zhanh/auto_structbeat/caches/pilot/mscnn_final_last_gtzan/gtzan__gtzan_reggae_00045__track.npy.npz
mscnn_gtzan,width_only,gtzan/gtzan_reggae_00046/track.npy,gtzan,0.8571428571428571,0.7346380553647783,0.7346380553647783,0.7346380553647783,0.4225352112676056,0.5211267605633803,0.4225352112676056,0.5211267605633803,0.7586206896551724,0.6832357103980239,0.6832357103980239,0.6832357103980239,0.47058823529411764,0.47058823529411764,0.47058823529411764,0.47058823529411764,68.0,0.014925373134328358,0.014925373134328358,0.7503055943998961,14.0,0.0,0.0,0.87322727759286,0.0,/media/mengh/SharedData/zhanh/auto_structbeat/caches/pilot/mscnn_final_last_gtzan/gtzan__gtzan_reggae_00046__track.npy.npz
mscnn_gtzan,width_only,gtzan/gtzan_reggae_00047/track.npy,gtzan,1.0,0.939448260063546,0.939448260063546,0.939448260063546,1.0,1.0,1.0,1.0,0.2580645161290323,0.25324795743696804,0.6780259575277535,0.4656369574823608,0.25,0.25,0.625,0.625,73.0,0.0,0.0,0.10008345855698919,19.0,0.0,0.0,0.6833311064864938,0.0,/media/mengh/SharedData/zhanh/auto_structbeat/caches/pilot/mscnn_final_last_gtzan/gtzan__gtzan_reggae_00047__track.npy.npz
mscnn_gtzan,width_only,gtzan/gtzan_reggae_00048/track.npy,gtzan,1.0,0.8476386857597279,0.8476386857597279,0.8476386857597279,1.0,1.0,1.0,1.0,0.0,1.3146889915488758e-58,0.8374880948584502,0.4187440474292251,0.0,0.0,0.9444444444444444,0.9444444444444444,81.0,0.0,0.0,0.11778303565638115,19.0,0.0,0.0,0.23802226805939172,0.0,/media/mengh/SharedData/zhanh/auto_structbeat/caches/pilot/mscnn_final_last_gtzan/gtzan__gtzan_reggae_00048__track.npy.npz
mscnn_gtzan,width_only,gtzan/gtzan_reggae_00049/track.npy,gtzan,0.7022900763358779,0.6549931021566986,0.7755293168114175,0.715261209484058,0.05128205128205128,0.15384615384615385,0.3018867924528302,0.6037735849056604,0.47368421052631576,0.4500135562095875,0.47945500147870923,0.46473427884414836,0.21052631578947367,0.21052631578947367,0.21052631578947367,0.21052631578947367,62.0,0.04918032786885246,0.04918032786885246,1.1097694662337896,22.0,0.047619047619047616,0.047619047619047616,1.809028957669221,0.0,/media/mengh/SharedData/zhanh/auto_structbeat/caches/pilot/mscnn_final_last_gtzan/gtzan__gtzan_reggae_00049__track.npy.npz
mscnn_gtzan,width_only,gtzan/gtzan_reggae_00050/track.npy,gtzan,0.6666666666666666,0.6387798167397251,0.9581697251093195,0.7984747709245223,0.0,0.0,1.0,1.0,0.6666666666666666,0.6469175723144829,0.9703763584717244,0.8086469653931037,0.0,0.0,1.0,1.0,47.0,0.0,0.0,0.03174869831458238,12.0,0.0,0.0,0.015748356968138994,0.0,/media/mengh/SharedData/zhanh/auto_structbeat/caches/pilot/mscnn_final_last_gtzan/gtzan__gtzan_reggae_00050__track.npy.npz
mscnn_gtzan,width_only,gtzan/gtzan_reggae_00051/track.npy,gtzan,1.0,0.9839879654309795,0.9839879654309795,0.9839879654309795,1.0,1.0,1.0,1.0,1.0,0.9875571354414556,0.9875571354414556,0.9875571354414556,1.0,1.0,1.0,1.0,64.0,0.0,0.0,0.04255961441880244,16.0,0.0,0.0,0.010695289116748436,0.0,/media/mengh/SharedData/zhanh/auto_structbeat/caches/pilot/mscnn_final_last_gtzan/gtzan__gtzan_reggae_00051__track.npy.npz
mscnn_gtzan,width_only,gtzan/gtzan_reggae_00052/track.npy,gtzan,1.0,0.9201414509571658,0.9201414509571658,0.9201414509571658,1.0,1.0,1.0,1.0,1.0,0.89139361353234,0.89139361353234,0.89139361353234,1.0,1.0,1.0,1.0,50.0,0.0,0.0,0.06669137449867363,12.0,0.0,0.0,0.00833699858539766,0.0,/media/mengh/SharedData/zhanh/auto_structbeat/caches/pilot/mscnn_final_last_gtzan/gtzan__gtzan_reggae_00052__track.npy.npz
mscnn_gtzan,width_only,gtzan/gtzan_reggae_00053/track.npy,gtzan,0.896551724137931,0.8230162961859141,0.8230162961859141,0.8230162961859141,0.375,0.625,0.375,0.625,0.48484848484848486,0.42207873220957465,0.6555241842813944,0.5388014582454845,0.23529411764705882,0.23529411764705882,0.23529411764705882,0.23529411764705882,65.0,0.0,0.0,0.269449916772385,21.0,0.0,0.0,0.7072098523999586,0.0,/media/mengh/SharedData/zhanh/auto_structbeat/caches/pilot/mscnn_final_last_gtzan/gtzan__gtzan_reggae_00053__track.npy.npz
mscnn_gtzan,width_only,gtzan/gtzan_reggae_00054/track.npy,gtzan,0.7474747474747474,0.6878427820277419,0.8047494253845896,0.7462961037061657,0.22950819672131148,0.22950819672131148,0.6052631578947368,0.6052631578947368,0.0,1.951233145471126e-84,0.8737227999971788,0.4368613999985894,0.0,0.0,0.9333333333333333,0.9333333333333333,51.0,0.0,0.0,0.07956614080196356,19.0,0.0,0.0,0.01242251999855697,0.0,/media/mengh/SharedData/zhanh/auto_structbeat/caches/pilot/mscnn_final_last_gtzan/gtzan__gtzan_reggae_00054__track.npy.npz
mscnn_gtzan,width_only,gtzan/gtzan_reggae_00055/track.npy,gtzan,0.8807339449541284,0.8556652907158261,0.8556652907158261,0.8556652907158261,0.8727272727272727,0.8727272727272727,0.8727272727272727,0.8727272727272727,0.8571428571428571,0.8378109754184504,0.8378109754184504,0.8378109754184504,1.0,1.0,1.0,1.0,66.0,0.0,0.0,0.04255961441879885,17.0,0.0,0.0,0.010810916104215362,0.0,/media/mengh/SharedData/zhanh/auto_structbeat/caches/pilot/mscnn_final_last_gtzan/gtzan__gtzan_reggae_00055__track.npy.npz
mscnn_gtzan,width_only,gtzan/gtzan_reggae_00056/track.npy,gtzan,1.0,0.9564031869926666,0.9564031869926666,0.9564031869926666,1.0,1.0,1.0,1.0,0.47058823529411764,0.43299508591489405,0.640153828351875,0.5365744571333845,0.3333333333333333,0.3333333333333333,0.4444444444444444,0.4444444444444444,78.0,0.0,0.0,0.105360515657833,21.0,0.0,0.0,0.6684789023134232,0.0,/media/mengh/SharedData/zhanh/auto_structbeat/caches/pilot/mscnn_final_last_gtzan/gtzan__gtzan_reggae_00056__track.npy.npz
mscnn_gtzan,width_only,gtzan/gtzan_reggae_00057/track.npy,gtzan,1.0,0.9553114935495735,0.9553114935495735,0.9553114935495735,1.0,1.0,1.0,1.0,1.0,0.9460135267173749,0.9460135267173749,0.9460135267173749,1.0,1.0,1.0,1.0,97.0,0.0,0.0,0.1335313926245228,25.0,0.0,0.0,0.032736926762514315,0.0,/media/mengh/SharedData/zhanh/auto_structbeat/caches/pilot/mscnn_final_last_gtzan/gtzan__gtzan_reggae_00057__track.npy.npz
mscnn_gtzan,width_only,gtzan/gtzan_reggae_00058/track.npy,gtzan,1.0,0.8513178748851856,0.8513178748851856,0.8513178748851856,1.0,1.0,1.0,1.0,1.0,0.8297649324414841,0.8297649324414841,0.8297649324414841,1.0,1.0,1.0,1.0,62.0,0.0,0.0,0.04082199452025792,16.0,0.0,0.0,0.02417261721514028,0.0,/media/mengh/SharedData/zhanh/auto_structbeat/caches/pilot/mscnn_final_last_gtzan/gtzan__gtzan_reggae_00058__track.npy.npz
mscnn_gtzan,width_only,gtzan/gtzan_reggae_00059/track.npy,gtzan,0.9333333333333333,0.902206017292227,0.902206017292227,0.902206017292227,0.75,0.75,0.75,0.75,0.9333333333333333,0.8970891629031967,0.8970891629031967,0.8970891629031967,0.75,0.75,0.75,0.75,69.0,0.0,0.0,0.10536051565782412,18.0,0.0,0.0,0.2023226792755038,0.0,/media/mengh/SharedData/zhanh/auto_structbeat/caches/pilot/mscnn_final_last_gtzan/gtzan__gtzan_reggae_00059__track.npy.npz
mscnn_gtzan,width_only,gtzan/gtzan_reggae_00060/track.npy,gtzan,1.0,0.9551967338615222,0.9551967338615222,0.9551967338615222,1.0,1.0,1.0,1.0,1.0,0.9434204507655028,0.9434204507655028,0.9434204507655028,1.0,1.0,1.0,1.0,57.0,0.0,0.0,0.07696104113612728,14.0,0.0,0.0,0.032935489039859336,0.0,/media/mengh/SharedData/zhanh/auto_structbeat/caches/pilot/mscnn_final_last_gtzan/gtzan__gtzan_reggae_00060__track.npy.npz
mscnn_gtzan,width_only,gtzan/gtzan_reggae_00061/track.npy,gtzan,1.0,0.9846017739521618,0.9846017739521618,0.9846017739521618,1.0,1.0,1.0,1.0,1.0,0.9824919075487776,0.9824919075487776,0.9824919075487776,1.0,1.0,1.0,1.0,46.0,0.0,0.0,0.030771658666758572,11.0,0.0,0.0,0.007662872745569871,0.0,/media/mengh/SharedData/zhanh/auto_structbeat/caches/pilot/mscnn_final_last_gtzan/gtzan__gtzan_reggae_00061__track.npy.npz
mscnn_gtzan,width_only,gtzan/gtzan_reggae_00062/track.npy,gtzan,0.7142857142857143,0.6884670709423991,0.907177946852081,0.79782250889724,0.12698412698412698,0.12698412698412698,0.7714285714285715,0.7714285714285715,0.9375,0.9039929592624945,0.9039929592624945,0.9039929592624945,0.7647058823529411,0.7647058823529411,0.7647058823529411,0.7647058823529411,48.0,0.0,0.0,0.10008345855698197,24.0,0.0,0.0,0.025317807984291563,0.0,/media/mengh/SharedData/zhanh/auto_structbeat/caches/pilot/mscnn_final_last_gtzan/gtzan__gtzan_reggae_00062__track.npy.npz
mscnn_gtzan,width_only,gtzan/gtzan_reggae_00063/track.npy,gtzan,0.6725663716814159,0.6442089819252412,0.957837038915106,0.8010230104201737,0.0,0.0,1.0,1.0,0.6896551724137931,0.6628453957252494,0.9611258238016116,0.8119856097634305,0.0,0.0,1.0,1.0,46.0,0.0,0.0,0.06223599670659924,12.0,0.0,0.0,0.02298951822469882,0.0,/media/mengh/SharedData/zhanh/auto_structbeat/caches/pilot/mscnn_final_last_gtzan/gtzan__gtzan_reggae_00063__track.npy.npz
mscnn_gtzan,width_only,gtzan/gtzan_reggae_00064/track.npy,gtzan,0.6728971962616822,0.6599420336901207,0.9807471889561516,0.8203446113231362,0.0,0.0,1.0,1.0,0.6666666666666666,0.6593591677479144,0.9890387516218715,0.8241989596848929,0.0,0.0,1.0,1.0,43.0,0.0,0.0,0.057158413839947464,10.0,0.0,0.0,0.011794843528375239,0.0,/media/mengh/SharedData/zhanh/auto_structbeat/caches/pilot/mscnn_final_last_gtzan/gtzan__gtzan_reggae_00064__track.npy.npz
mscnn_gtzan,width_only,gtzan/gtzan_reggae_00065/track.npy,gtzan,0.6727272727272727,0.647178859316903,0.9620226287143041,0.8046007440156036,0.0,0.0,1.0,1.0,0.7586206896551725,0.7428588310712125,0.7831445061709299,0.7630016686210712,0.2777777777777778,0.2777777777777778,0.5454545454545454,0.5454545454545454,44.0,0.0,0.0,0.05884050002293223,13.0,0.0,0.0,0.36499802212687793,0.0,/media/mengh/SharedData/zhanh/auto_structbeat/caches/pilot/mscnn_final_last_gtzan/gtzan__gtzan_reggae_00065__track.npy.npz
mscnn_gtzan,width_only,gtzan/gtzan_reggae_00066/track.npy,gtzan,1.0,0.949120292982497,0.949120292982497,0.949120292982497,1.0,1.0,1.0,1.0,0.6666666666666666,0.6286829226731615,0.9093353714507589,0.7690091470619602,0.0,0.0,0.9375,0.9375,40.0,0.0,0.0,0.05264373348541618,20.0,0.0,0.0,0.013245226750020414,0.0,/media/mengh/SharedData/zhanh/auto_structbeat/caches/pilot/mscnn_final_last_gtzan/gtzan__gtzan_reggae_00066__track.npy.npz
mscnn_gtzan,width_only,gtzan/gtzan_reggae_00067/track.npy,gtzan,0.9312977099236641,0.902255254298051,0.902255254298051,0.902255254298051,0.2857142857142857,0.7571428571428571,0.2857142857142857,0.7571428571428571,0.8125,0.7868750780049037,0.7868750780049037,0.7868750780049037,0.29411764705882354,0.6470588235294118,0.29411764705882354,0.6470588235294118,74.0,0.0,0.0,0.6931471805599452,18.0,0.0,0.0,0.4194513500829036,0.0,/media/mengh/SharedData/zhanh/auto_structbeat/caches/pilot/mscnn_final_last_gtzan/gtzan__gtzan_reggae_00067__track.npy.npz
mscnn_gtzan,width_only,gtzan/gtzan_reggae_00068/track.npy,gtzan,1.0,0.9226259875903994,0.9226259875903994,0.9226259875903994,1.0,1.0,1.0,1.0,1.0,0.8659678787432274,0.8659678787432274,0.8659678787432274,1.0,1.0,1.0,1.0,69.0,0.0,0.0,0.09097177820572468,18.0,0.0,0.0,0.0343881946059445,0.0,/media/mengh/SharedData/zhanh/auto_structbeat/caches/pilot/mscnn_final_last_gtzan/gtzan__gtzan_reggae_00068__track.npy.npz
mscnn_gtzan,width_only,gtzan/gtzan_reggae_00069/track.npy,gtzan,0.9917355371900827,0.9244769959412584,0.9244769959412584,0.9244769959412584,0.9508196721311475,0.9508196721311475,0.9508196721311475,0.9508196721311475,1.0,0.9388697602664473,0.9388697602664473,0.9388697602664473,1.0,1.0,1.0,1.0,66.0,0.0,0.0,0.08833217745909741,16.0,0.0,0.0,0.2584559577266837,0.0,/media/mengh/SharedData/zhanh/auto_structbeat/caches/pilot/mscnn_final_last_gtzan/gtzan__gtzan_reggae_00069__track.npy.npz
mscnn_gtzan,width_only,gtzan/gtzan_reggae_00070/track.npy,gtzan,0.6666666666666666,0.6267936895550461,0.9401905343325584,0.7834921119438023,0.0,0.0,1.0,1.0,0.6896551724137931,0.6628395961790158,0.9611174144595729,0.8119785053192943,0.0,0.0,1.0,1.0,44.0,0.0,0.0,0.05739112317926955,11.0,0.0,0.0,0.007326040092073383,0.0,/media/mengh/SharedData/zhanh/auto_structbeat/caches/pilot/mscnn_final_last_gtzan/gtzan__gtzan_reggae_00070__track.npy.npz
mscnn_gtzan,width_only,gtzan/gtzan_reggae_00071/track.npy,gtzan,0.6666666666666666,0.6386201731688322,0.9579302597532484,0.7982752164610403,0.0,0.0,1.0,1.0,1.0,0.9593914920205092,0.9593914920205092,0.9593914920205092,1.0,1.0,1.0,1.0,35.0,0.0,0.0,0.04652001563489301,17.0,0.0,0.0,0.023338952738044982,0.0,/media/mengh/SharedData/zhanh/auto_structbeat/caches/pilot/mscnn_final_last_gtzan/gtzan__gtzan_reggae_00071__track.npy.npz
mscnn_gtzan,width_only,gtzan/gtzan_reggae_00072/track.npy,gtzan,1.0,0.941095497504652,0.941095497504652,0.941095497504652,1.0,1.0,1.0,1.0,1.0,0.9375003364862702,0.9375003364862702,0.9375003364862702,1.0,1.0,1.0,1.0,42.0,0.0,0.0,0.05556985115481223,11.0,0.0,0.0,0.0070175726586469535,0.0,/media/mengh/SharedData/zhanh/auto_structbeat/caches/pilot/mscnn_final_last_gtzan/gtzan__gtzan_reggae_00072__track.npy.npz
mscnn_gtzan,width_only,gtzan/gtzan_reggae_00073/track.npy,gtzan,1.0,0.8872508683184184,0.8872508683184184,0.8872508683184184,1.0,1.0,1.0,1.0,1.0,0.8754876410704467,0.8754876410704467,0.8754876410704467,1.0,1.0,1.0,1.0,42.0,0.0,0.0,0.0555698511548145,10.0,0.0,0.0,0.011530091544213946,0.0,/media/mengh/SharedData/zhanh/auto_structbeat/caches/pilot/mscnn_final_last_gtzan/gtzan__gtzan_reggae_00073__track.npy.npz
mscnn_gtzan,width_only,gtzan/gtzan_reggae_00074/track.npy,gtzan,1.0,0.8651745320630175,0.8651745320630175,0.8651745320630175,1.0,1.0,1.0,1.0,1.0,0.810769641349866,0.810769641349866,0.810769641349866,1.0,1.0,1.0,1.0,42.0,0.0,0.0,0.055649279289071145,10.0,0.0,0.0,0.013986241974739999,0.0,/media/mengh/SharedData/zhanh/auto_structbeat/caches/pilot/mscnn_final_last_gtzan/gtzan__gtzan_reggae_00074__track.npy.npz
mscnn_gtzan,width_only,gtzan/gtzan_reggae_00075/track.npy,gtzan,0.8598130841121495,0.6826272639692335,0.6826272639692335,0.6826272639692335,0.3333333333333333,0.5166666666666667,0.3333333333333333,0.5166666666666667,0.8,0.658986895046461,0.658986895046461,0.658986895046461,0.3333333333333333,0.3333333333333333,0.3333333333333333,0.3333333333333333,56.0,0.0,0.0,0.6774837720335563,12.0,0.0,0.0,0.7025494995871068,0.0,/media/mengh/SharedData/zhanh/auto_structbeat/caches/pilot/mscnn_final_last_gtzan/gtzan__gtzan_reggae_00075__track.npy.npz
mscnn_gtzan,width_only,gtzan/gtzan_reggae_00076/track.npy,gtzan,1.0,0.9541346825806734,0.9541346825806734,0.9541346825806734,1.0,1.0,1.0,1.0,0.0,5.483869732724255e-307,0.8591379594838284,0.4295689797419142,0.0,0.0,0.875,0.875,40.0,0.0,0.0,0.05264373348542313,9.0,0.0,0.0,0.01967276559870501,0.0,/media/mengh/SharedData/zhanh/auto_structbeat/caches/pilot/mscnn_final_last_gtzan/gtzan__gtzan_reggae_00076__track.npy.npz
mscnn_gtzan,width_only,gtzan/gtzan_reggae_00077/track.npy,gtzan,0.991869918699187,0.9617644109890322,0.9617644109890322,0.9617644109890322,0.9838709677419355,0.9838709677419355,0.9838709677419355,0.9838709677419355,0.967741935483871,0.9423050112754783,0.9423050112754783,0.9423050112754783,0.9375,0.9375,0.9375,0.9375,75.0,0.0,0.0,0.04879016416943971,23.0,0.0,0.0,0.024692612590374252,0.0,/media/mengh/SharedData/zhanh/auto_structbeat/caches/pilot/mscnn_final_last_gtzan/gtzan__gtzan_reggae_00077__track.npy.npz
mscnn_gtzan,width_only,gtzan/gtzan_reggae_00078/track.npy,gtzan,0.9606299212598425,0.9203993747336713,0.9203993747336713,0.9203993747336713,0.3484848484848485,0.8636363636363636,0.3484848484848485,0.8636363636363636,0.5925925925925926,0.5774060671391834,0.5774060671391834,0.5774060671391834,0.3125,0.3125,0.3125,0.3125,72.0,0.0,0.0,0.6664789334777839,13.0,0.0,0.0,0.6865464965285921,0.0,/media/mengh/SharedData/zhanh/auto_structbeat/caches/pilot/mscnn_final_last_gtzan/gtzan__gtzan_reggae_00078__track.npy.npz
mscnn_gtzan,width_only,gtzan/gtzan_reggae_00079/track.npy,gtzan,0.8672566371681416,0.7830816667883503,0.7830816667883503,0.7830816667883503,0.375,0.546875,0.375,0.546875,0.6666666666666666,0.5879875293220264,0.5879875293220264,0.5879875293220264,0.375,0.375,0.375,0.375,61.0,0.0,0.0,0.10008345855698275,14.0,0.0,0.0,0.543847041843668,0.0,/media/mengh/SharedData/zhanh/auto_structbeat/caches/pilot/mscnn_final_last_gtzan/gtzan__gtzan_reggae_00079__track.npy.npz
mscnn_gtzan,width_only,gtzan/gtzan_reggae_00080/track.npy,gtzan,1.0,0.9572706688043431,0.9572706688043431,0.9572706688043431,1.0,1.0,1.0,1.0,1.0,0.9430832536722665,0.9430832536722665,0.9430832536722665,1.0,1.0,1.0,1.0,50.0,0.0,0.0,0.06669137449867674,12.0,0.0,0.0,0.008368249670517192,0.0,/media/mengh/SharedData/zhanh/auto_structbeat/caches/pilot/mscnn_final_last_gtzan/gtzan__gtzan_reggae_00080__track.npy.npz
mscnn_gtzan,width_only,gtzan/gtzan_reggae_00081/track.npy,gtzan,1.0,0.9579832781725973,0.9579832781725973,0.9579832781725973,1.0,1.0,1.0,1.0,1.0,0.9604150679423012,0.9604150679423012,0.9604150679423012,1.0,1.0,1.0,1.0,51.0,0.0,0.0,0.06669137449867463,13.0,0.0,0.0,0.008368249670517858,0.0,/media/mengh/SharedData/zhanh/auto_structbeat/caches/pilot/mscnn_final_last_gtzan/gtzan__gtzan_reggae_00081__track.npy.npz
mscnn_gtzan,width_only,gtzan/gtzan_reggae_00082/track.npy,gtzan,1.0,0.9579832781725973,0.9579832781725973,0.9579832781725973,1.0,1.0,1.0,1.0,1.0,0.9604150679423012,0.9604150679423012,0.9604150679423012,1.0,1.0,1.0,1.0,51.0,0.0,0.0,0.06669137449867463,13.0,0.0,0.0,0.008368249670517858,0.0,/media/mengh/SharedData/zhanh/auto_structbeat/caches/pilot/mscnn_final_last_gtzan/gtzan__gtzan_reggae_00082__track.npy.npz
mscnn_gtzan,width_only,gtzan/gtzan_reggae_00083/track.npy,gtzan,0.9285714285714286,0.7703305863018782,0.7703305863018782,0.7703305863018782,1.0,1.0,1.0,1.0,0.5714285714285714,0.42270341104171244,0.6191906487619635,0.5209470299018379,0.0,0.0,0.9285714285714286,0.9285714285714286,30.0,0.0,0.0,0.12616269940528013,15.0,0.0,0.0,0.05328415632553469,0.0,/media/mengh/SharedData/zhanh/auto_structbeat/caches/pilot/mscnn_final_last_gtzan/gtzan__gtzan_reggae_00083__track.npy.npz
mscnn_gtzan,width_only,gtzan/gtzan_reggae_00084/track.npy,gtzan,1.0,0.9348689572194088,0.9348689572194088,0.9348689572194088,1.0,1.0,1.0,1.0,1.0,0.8894692911071688,0.8894692911071688,0.8894692911071688,1.0,1.0,1.0,1.0,50.0,0.0,0.0,0.055214936510626186,13.0,0.0,0.0,0.008438868645865127,0.0,/media/mengh/SharedData/zhanh/auto_structbeat/caches/pilot/mscnn_final_last_gtzan/gtzan__gtzan_reggae_00084__track.npy.npz
mscnn_gtzan,width_only,gtzan/gtzan_reggae_00085/track.npy,gtzan,1.0,0.8853400905205242,0.8853400905205242,0.8853400905205242,0.7808219178082192,0.9863013698630136,0.7808219178082192,0.9863013698630136,1.0,0.8389174164402836,0.8389174164402836,0.8389174164402836,1.0,1.0,1.0,1.0,85.0,0.0,0.0,0.11778303565638115,21.0,0.0,0.0,0.016037673166364598,0.0,/media/mengh/SharedData/zhanh/auto_structbeat/caches/pilot/mscnn_final_last_gtzan/gtzan__gtzan_reggae_00085__track.npy.npz
mscnn_gtzan,width_only,gtzan/gtzan_reggae_00087/track.npy,gtzan,1.0,0.9709324262716105,0.9709324262716105,0.9709324262716105,1.0,1.0,1.0,1.0,1.0,0.9803613128426755,0.9803613128426755,0.9803613128426755,1.0,1.0,1.0,1.0,41.0,0.0,0.0,0.05556985115481156,10.0,0.0,0.0,0.006920442844573782,0.0,/media/mengh/SharedData/zhanh/auto_structbeat/caches/pilot/mscnn_final_last_gtzan/gtzan__gtzan_reggae_00087__track.npy.npz
mscnn_gtzan,width_only,gtzan/gtzan_reggae_00088/track.npy,gtzan,1.0,0.9814117427332403,0.9814117427332403,0.9814117427332403,1.0,1.0,1.0,1.0,1.0,0.9889187198051882,0.9889187198051882,0.9889187198051882,1.0,1.0,1.0,1.0,54.0,0.0,0.0,0.07145896398214968,13.0,0.0,0.0,1.6653345369377348e-15,0.0,/media/mengh/SharedData/zhanh/auto_structbeat/caches/pilot/mscnn_final_last_gtzan/gtzan__gtzan_reggae_00088__track.npy.npz
mscnn_gtzan,width_only,gtzan/gtzan_reggae_00089/track.npy,gtzan,0.9919999999999999,0.8905385572577615,0.8905385572577615,0.8905385572577615,0.9841269841269841,0.9841269841269841,0.9841269841269841,0.9841269841269841,0.0,9.6682555808124e-83,0.8680029607732145,0.43400148038660724,0.0,0.0,0.875,0.875,75.0,0.0,0.0,0.10008345855697595,19.0,0.0,0.0,0.025001302205418963,0.0,/media/mengh/SharedData/zhanh/auto_structbeat/caches/pilot/mscnn_final_last_gtzan/gtzan__gtzan_reggae_00089__track.npy.npz
mscnn_gtzan,width_only,gtzan/gtzan_reggae_00090/track.npy,gtzan,0.6666666666666666,0.5937031572779018,0.8905547359168526,0.7421289465973773,0.0,0.0,1.0,1.0,0.26666666666666666,0.2509349185104018,0.6201269423525375,0.4355309304314696,0.0,0.0,0.2,0.26666666666666666,39.0,0.0,0.0,0.0512932943875517,17.0,0.0,0.0,1.1011654955684818,0.0,/media/mengh/SharedData/zhanh/auto_structbeat/caches/pilot/mscnn_final_last_gtzan/gtzan__gtzan_reggae_00090__track.npy.npz
mscnn_gtzan,width_only,gtzan/gtzan_reggae_00091/track.npy,gtzan,0.888888888888889,0.8496327489522841,0.8496327489522841,0.8496327489522841,0.3,0.6,0.3,0.6,0.8,0.7316312577151787,0.7419774710124546,0.7368043643638167,0.26666666666666666,0.4,0.4,0.4,58.0,0.0,0.0,0.6690496289808863,15.0,0.0,0.0,0.702903761809609,0.0,/media/mengh/SharedData/zhanh/auto_structbeat/caches/pilot/mscnn_final_last_gtzan/gtzan__gtzan_reggae_00091__track.npy.npz
mscnn_gtzan,width_only,gtzan/gtzan_reggae_00092/track.npy,gtzan,0.8807339449541284,0.648981048497547,0.648981048497547,0.648981048497547,0.3114754098360656,0.5737704918032787,0.3114754098360656,0.5737704918032787,0.5,0.36542153089618623,0.6494872167234071,0.5074543738097967,0.041666666666666664,0.041666666666666664,0.2903225806451613,0.5483870967741935,59.0,0.0,0.0,0.6931471805599461,30.0,0.0,0.0,0.69638324812642,0.0,/media/mengh/SharedData/zhanh/auto_structbeat/caches/pilot/mscnn_final_last_gtzan/gtzan__gtzan_reggae_00092__track.npy.npz
mscnn_gtzan,width_only,gtzan/gtzan_reggae_00093/track.npy,gtzan,0.8721804511278195,0.7825130872514053,0.7825130872514053,0.7825130872514053,0.5466666666666666,0.5466666666666666,0.5466666666666666,0.5466666666666666,0.7391304347826088,0.6590363692002753,0.7221709107522666,0.6906036399762709,0.25925925925925924,0.25925925925925924,0.4864864864864865,0.4864864864864865,73.0,0.0,0.0,0.08920382873640831,34.0,0.0,0.0,0.4588819458883265,0.0,/media/mengh/SharedData/zhanh/auto_structbeat/caches/pilot/mscnn_final_last_gtzan/gtzan__gtzan_reggae_00093__track.npy.npz
mscnn_gtzan,width_only,gtzan/gtzan_reggae_00094/track.npy,gtzan,1.0,0.9641865321202773,0.9641865321202773,0.9641865321202773,1.0,1.0,1.0,1.0,1.0,0.9521734667493729,0.9521734667493729,0.9521734667493729,1.0,1.0,1.0,1.0,62.0,0.0,0.0,0.04255961441880263,16.0,0.0,0.0,0.1580710123445316,0.0,/media/mengh/SharedData/zhanh/auto_structbeat/caches/pilot/mscnn_final_last_gtzan/gtzan__gtzan_reggae_00094__track.npy.npz
mscnn_gtzan,width_only,gtzan/gtzan_reggae_00095/track.npy,gtzan,1.0,0.974202328523097,0.974202328523097,0.974202328523097,1.0,1.0,1.0,1.0,0.7692307692307693,0.7482594260078479,0.7482594260078479,0.7482594260078479,0.6923076923076923,0.6923076923076923,0.6923076923076923,0.6923076923076923,62.0,0.0,0.0,0.04294997524120094,15.0,0.0,0.0,0.02061928720273414,0.0,/media/mengh/SharedData/zhanh/auto_structbeat/caches/pilot/mscnn_final_last_gtzan/gtzan__gtzan_reggae_00095__track.npy.npz
mscnn_gtzan,width_only,gtzan/gtzan_reggae_00096/track.npy,gtzan,1.0,0.9190838545504632,0.9190838545504632,0.9190838545504632,1.0,1.0,1.0,1.0,1.0,0.9336288963958148,0.9336288963958148,0.9336288963958148,1.0,1.0,1.0,1.0,89.0,0.0,0.0,0.11778303565638364,20.0,0.0,0.0,0.08252712051382803,0.0,/media/mengh/SharedData/zhanh/auto_structbeat/caches/pilot/mscnn_final_last_gtzan/gtzan__gtzan_reggae_00096__track.npy.npz
mscnn_gtzan,width_only,gtzan/gtzan_reggae_00097/track.npy,gtzan,0.4857142857142857,0.421846271065664,0.421846271065664,0.421846271065664,0.041666666666666664,0.0625,0.041666666666666664,0.0625,0.4444444444444444,0.3668810684224806,0.5436245313574936,0.45525279988998707,0.0,0.0,0.23076923076923078,0.23076923076923078,55.0,0.0,0.0,0.7021363229007666,14.0,0.0,0.0,0.5443239790590801,0.0,/media/mengh/SharedData/zhanh/auto_structbeat/caches/pilot/mscnn_final_last_gtzan/gtzan__gtzan_reggae_00097__track.npy.npz
mscnn_gtzan,width_only,gtzan/gtzan_reggae_00098/track.npy,gtzan,0.8543689320388349,0.6174501027501383,0.6174501027501383,0.6174501027501383,0.10377358490566038,0.27358490566037735,0.10377358490566038,0.27358490566037735,0.8979591836734694,0.6074403682600541,0.6074403682600541,0.6074403682600541,0.44,0.84,0.44,0.84,127.0,0.10317460317460317,0.29365079365079366,0.9162907318741595,28.0,0.0,0.0,0.6701405777402973,0.0,/media/mengh/SharedData/zhanh/auto_structbeat/caches/pilot/mscnn_final_last_gtzan/gtzan__gtzan_reggae_00098__track.npy.npz
mscnn_gtzan,width_only,gtzan/gtzan_reggae_00099/track.npy,gtzan,0.653061224489796,0.6037640849253196,0.6584145463873098,0.6310893156563147,0.0,0.0,0.40816326530612246,0.6938775510204082,0.16666666666666666,0.16321738027887,0.2554706821756226,0.2093440312272463,0.0,0.0,0.9166666666666666,0.9166666666666666,59.0,0.0,0.0,0.18729606504946847,14.0,0.0,0.0,0.10684853882742404,0.0,/media/mengh/SharedData/zhanh/auto_structbeat/caches/pilot/mscnn_final_last_gtzan/gtzan__gtzan_reggae_00099__track.npy.npz
mscnn_gtzan,width_only,gtzan/gtzan_rock_00000/track.npy,gtzan,0.8865979381443299,0.761719209777023,0.761719209777023,0.761719209777023,0.803921568627451,0.8627450980392157,0.803921568627451,0.8627450980392157,0.8799999999999999,0.7594718362206733,0.7594718362206733,0.7594718362206733,0.9230769230769231,0.9230769230769231,0.9230769230769231,0.9230769230769231,56.0,0.0,0.0,0.08004270767353969,14.0,0.0,0.0,0.04940937589226588,0.0,/media/mengh/SharedData/zhanh/auto_structbeat/caches/pilot/mscnn_final_last_gtzan/gtzan__gtzan_rock_00000__track.npy.npz
mscnn_gtzan,width_only,gtzan/gtzan_rock_00001/track.npy,gtzan,1.0,0.8199635207199097,0.8199635207199097,0.8199635207199097,1.0,1.0,1.0,1.0,1.0,0.7548357679386114,0.7548357679386114,0.7548357679386114,1.0,1.0,1.0,1.0,38.0,0.0,0.0,0.05033113902788467,9.0,0.0,0.0,0.017023241581921162,0.0,/media/mengh/SharedData/zhanh/auto_structbeat/caches/pilot/mscnn_final_last_gtzan/gtzan__gtzan_rock_00001__track.npy.npz
mscnn_gtzan,width_only,gtzan/gtzan_rock_00002/track.npy,gtzan,1.0,0.9662496530449233,0.9662496530449233,0.9662496530449233,1.0,1.0,1.0,1.0,1.0,0.9749489779419974,0.9749489779419974,0.9749489779419974,1.0,1.0,1.0,1.0,53.0,0.0,0.0,0.035091319811275556,13.0,0.0,0.0,0.03011933608679168,0.0,/media/mengh/SharedData/zhanh/auto_structbeat/caches/pilot/mscnn_final_last_gtzan/gtzan__gtzan_rock_00002__track.npy.npz
mscnn_gtzan,width_only,gtzan/gtzan_rock_00003/track.npy,gtzan,1.0,0.9204185650084273,0.9204185650084273,0.9204185650084273,1.0,1.0,1.0,1.0,0.3333333333333333,0.3128639669651037,0.7191618995746861,0.516012933269895,0.0,0.0,0.42105263157894735,0.42105263157894735,48.0,0.0,0.0,0.0625203569813347,18.0,0.0,0.0,0.2030746990893095,0.0,/media/mengh/SharedData/zhanh/auto_structbeat/caches/pilot/mscnn_final_last_gtzan/gtzan__gtzan_rock_00003__track.npy.npz
mscnn_gtzan,width_only,gtzan/gtzan_rock_00004/track.npy,gtzan,0.9295774647887324,0.7752634345290768,0.7752634345290768,0.7752634345290768,0.39473684210526316,0.7368421052631579,0.39473684210526316,0.7368421052631579,0.6923076923076924,0.5816421115999124,0.8169354846784044,0.6992887981391585,0.0,0.0,1.0,1.0,44.0,0.0,0.0,0.10536051565782345,20.0,0.0,0.0,0.038714512180687624,0.0,/media/mengh/SharedData/zhanh/auto_structbeat/caches/pilot/mscnn_final_last_gtzan/gtzan__gtzan_rock_00004__track.npy.npz
mscnn_gtzan,width_only,gtzan/gtzan_rock_00005/track.npy,gtzan,0.5904761904761905,0.5280901241780978,0.7735811769181689,0.6508356505481333,0.109375,0.109375,0.345679012345679,0.5679012345679012,0.29629629629629634,0.2616957095205295,0.34612725512924425,0.30391148232488685,0.17647058823529413,0.17647058823529413,0.21052631578947367,0.3684210526315789,75.0,0.0,0.0,0.6544240678773994,20.0,0.0,0.0,0.6803420943236203,0.0,/media/mengh/SharedData/zhanh/auto_structbeat/caches/pilot/mscnn_final_last_gtzan/gtzan__gtzan_rock_00005__track.npy.npz
mscnn_gtzan,width_only,gtzan/gtzan_rock_00006/track.npy,gtzan,0.9583333333333334,0.8919983227567059,0.8919983227567059,0.8919983227567059,1.0,1.0,1.0,1.0,0.5555555555555556,0.5399522545582438,0.7501513766815744,0.6450518156199091,0.0,0.0,0.9166666666666666,0.9166666666666666,29.0,0.0,0.0,0.038776597602150215,15.0,0.0,0.0,0.032322194722597015,0.0,/media/mengh/SharedData/zhanh/auto_structbeat/caches/pilot/mscnn_final_last_gtzan/gtzan__gtzan_rock_00006__track.npy.npz
mscnn_gtzan,width_only,gtzan/gtzan_rock_00007/track.npy,gtzan,1.0,0.848046860040899,0.848046860040899,0.848046860040899,1.0,1.0,1.0,1.0,1.0,0.8488253522832363,0.8488253522832363,0.8488253522832363,1.0,1.0,1.0,1.0,45.0,0.0,0.0,0.02985296314968583,12.0,0.0,0.0,0.018934955236177012,0.0,/media/mengh/SharedData/zhanh/auto_structbeat/caches/pilot/mscnn_final_last_gtzan/gtzan__gtzan_rock_00007__track.npy.npz
mscnn_gtzan,width_only,gtzan/gtzan_rock_00008/track.npy,gtzan,0.7567567567567567,0.6593412985644139,0.6593412985644139,0.6593412985644139,0.4594594594594595,0.8648648648648649,0.4594594594594595,0.8648648648648649,0.7,0.6088544416328777,0.6088544416328777,0.6088544416328777,1.0,1.0,1.0,1.0,45.0,0.0,0.0,0.12217784663904051,12.0,0.0,0.0,0.042736087109340765,0.0,/media/mengh/SharedData/zhanh/auto_structbeat/caches/pilot/mscnn_final_last_gtzan/gtzan__gtzan_rock_00008__track.npy.npz
mscnn_gtzan,width_only,gtzan/gtzan_rock_00009/track.npy,gtzan,1.0,0.9306326913186063,0.9306326913186063,0.9306326913186063,1.0,1.0,1.0,1.0,0.0,0.0,0.8843406715461712,0.4421703357730856,0.0,0.0,0.875,0.875,38.0,0.0,0.0,0.025317807984289488,9.0,0.0,0.0,0.012500162764231626,0.0,/media/mengh/SharedData/zhanh/auto_structbeat/caches/pilot/mscnn_final_last_gtzan/gtzan__gtzan_rock_00009__track.npy.npz
mscnn_gtzan,width_only,gtzan/gtzan_rock_00010/track.npy,gtzan,1.0,0.8369604184643572,0.8369604184643572,0.8369604184643572,1.0,1.0,1.0,1.0,1.0,0.7991725717585434,0.7991725717585434,0.7991725717585434,1.0,1.0,1.0,1.0,42.0,0.0,0.0,0.05556985115480991,11.0,0.0,0.0,0.024744181092240587,0.0,/media/mengh/SharedData/zhanh/auto_structbeat/caches/pilot/mscnn_final_last_gtzan/gtzan__gtzan_rock_00010__track.npy.npz
mscnn_gtzan,width_only,gtzan/gtzan_rock_00011/track.npy,gtzan,1.0,0.8445183722390713,0.8445183722390713,0.8445183722390713,1.0,1.0,1.0,1.0,1.0,0.8389567125616607,0.8389567125616607,0.8389567125616607,1.0,1.0,1.0,1.0,58.0,0.0,0.0,0.08004270767353522,14.0,0.0,0.0,0.042287096844785176,0.0,/media/mengh/SharedData/zhanh/auto_structbeat/caches/pilot/mscnn_final_last_gtzan/gtzan__gtzan_rock_00011__track.npy.npz
mscnn_gtzan,width_only,gtzan/gtzan_rock_00012/track.npy,gtzan,1.0,0.9589041753150596,0.9589041753150596,0.9589041753150596,1.0,1.0,1.0,1.0,1.0,0.9636024117998251,0.9636024117998251,0.9636024117998251,1.0,1.0,1.0,1.0,56.0,0.0,0.0,0.03774032798285287,14.0,0.0,0.0,0.013704127111971331,0.0,/media/mengh/SharedData/zhanh/auto_structbeat/caches/pilot/mscnn_final_last_gtzan/gtzan__gtzan_rock_00012__track.npy.npz
mscnn_gtzan,width_only,gtzan/gtzan_rock_00013/track.npy,gtzan,1.0,0.8949149853258175,0.8949149853258175,0.8949149853258175,1.0,1.0,1.0,1.0,1.0,0.9411056557684083,0.9411056557684083,0.9411056557684083,1.0,1.0,1.0,1.0,46.0,0.0,0.0,0.0606246218164391,11.0,0.0,0.0,0.015267472130788851,0.0,/media/mengh/SharedData/zhanh/auto_structbeat/caches/pilot/mscnn_final_last_gtzan/gtzan__gtzan_rock_00013__track.npy.npz
mscnn_gtzan,width_only,gtzan/gtzan_rock_00014/track.npy,gtzan,0.4716981132075472,0.4181105189936317,0.6220992219619564,0.5201048704777941,0.22413793103448276,0.22413793103448276,0.22413793103448276,0.29310344827586204,0.26666666666666666,0.2120175515662028,0.2120175515662028,0.2120175515662028,0.2222222222222222,0.2777777777777778,0.2222222222222222,0.2777777777777778,69.0,0.0,0.0,0.8906453075952138,22.0,0.0,0.0,1.4182772859003383,0.0,/media/mengh/SharedData/zhanh/auto_structbeat/caches/pilot/mscnn_final_last_gtzan/gtzan__gtzan_rock_00014__track.npy.npz
mscnn_gtzan,width_only,gtzan/gtzan_rock_00015/track.npy,gtzan,0.9885057471264368,0.75687584241355,0.75687584241355,0.75687584241355,0.9772727272727273,0.9772727272727273,0.9772727272727273,0.9772727272727273,1.0,0.8423398387058344,0.8423398387058344,0.8423398387058344,1.0,1.0,1.0,1.0,52.0,0.0,0.0,0.07034922235931092,13.0,0.0,0.0,0.035364118438095504,0.0,/media/mengh/SharedData/zhanh/auto_structbeat/caches/pilot/mscnn_final_last_gtzan/gtzan__gtzan_rock_00015__track.npy.npz
mscnn_gtzan,width_only,gtzan/gtzan_rock_00016/track.npy,gtzan,0.7964601769911505,0.6997944658952289,0.6997944658952289,0.6997944658952289,0.7213114754098361,0.7213114754098361,0.7213114754098361,0.7213114754098361,0.7857142857142856,0.687050718723487,0.687050718723487,0.687050718723487,0.7333333333333333,0.7333333333333333,0.7333333333333333,0.7333333333333333,65.0,0.0,0.0,0.04879016416943971,17.0,0.0,0.0,0.23371393535388557,0.0,/media/mengh/SharedData/zhanh/auto_structbeat/caches/pilot/mscnn_final_last_gtzan/gtzan__gtzan_rock_00016__track.npy.npz
mscnn_gtzan,width_only,gtzan/gtzan_rock_00017/track.npy,gtzan,0.9803921568627451,0.9248015834860117,0.9248015834860117,0.9248015834860117,0.9803921568627451,0.9803921568627451,0.9803921568627451,0.9803921568627451,0.9230769230769231,0.8940079414957892,0.8940079414957892,0.8940079414957892,1.0,1.0,1.0,1.0,61.0,0.0,0.0,0.04082199452025792,16.0,0.0,0.0,0.013669989012743402,0.0,/media/mengh/SharedData/zhanh/auto_structbeat/caches/pilot/mscnn_final_last_gtzan/gtzan__gtzan_rock_00017__track.npy.npz
mscnn_gtzan,width_only,gtzan/gtzan_rock_00018/track.npy,gtzan,0.9795918367346939,0.9210982370215828,0.9210982370215828,0.9210982370215828,0.9795918367346939,0.9795918367346939,0.9795918367346939,0.9795918367346939,0.6486486486486487,0.6028399515572666,0.8746363503897711,0.7387381509735188,0.0,0.0,0.92,0.92,59.0,0.0,0.0,0.039220713153287345,30.0,0.0,0.0,0.03973071710255236,0.0,/media/mengh/SharedData/zhanh/auto_structbeat/caches/pilot/mscnn_final_last_gtzan/gtzan__gtzan_rock_00018__track.npy.npz
mscnn_gtzan,width_only,gtzan/gtzan_rock_00019/track.npy,gtzan,0.9484536082474226,0.8829731793334129,0.8829731793334129,0.8829731793334129,0.88,0.88,0.88,0.88,0.8799999999999999,0.7893965272396762,0.7893965272396762,0.7893965272396762,0.7692307692307693,0.7692307692307693,0.7692307692307693,0.7692307692307693,52.0,0.0,0.0,0.08004270767353472,13.0,0.0,0.0,0.34657359027997264,0.0,/media/mengh/SharedData/zhanh/auto_structbeat/caches/pilot/mscnn_final_last_gtzan/gtzan__gtzan_rock_00019__track.npy.npz
mscnn_gtzan,width_only,gtzan/gtzan_rock_00020/track.npy,gtzan,0.5679012345679012,0.47445296097157125,0.530273956490733,0.5023634587311521,0.43902439024390244,0.5365853658536586,0.43902439024390244,0.5365853658536586,0.35714285714285715,0.277012180496306,0.41085245540965487,0.3439323179529804,0.0,0.0,0.47368421052631576,0.47368421052631576,48.0,0.0,0.0,0.4582467298889453,19.0,0.0,0.0,0.409667547644681,0.0,/media/mengh/SharedData/zhanh/auto_structbeat/caches/pilot/mscnn_final_last_gtzan/gtzan__gtzan_rock_00020__track.npy.npz
mscnn_gtzan,width_only,gtzan/gtzan_rock_00021/track.npy,gtzan,0.625,0.549905395450801,0.6038350963467205,0.5768702458987607,0.05063291139240506,0.12658227848101267,0.30612244897959184,0.4897959183673469,0.125,0.07644072288733106,0.2997835561183105,0.18811213950282077,0.05,0.05,0.08333333333333333,0.16666666666666666,58.0,0.017543859649122806,0.017543859649122806,0.7587992892848624,14.0,0.0,0.0,0.5945569115311834,0.0,/media/mengh/SharedData/zhanh/auto_structbeat/caches/pilot/mscnn_final_last_gtzan/gtzan__gtzan_rock_00021__track.npy.npz
mscnn_gtzan,width_only,gtzan/gtzan_rock_00022/track.npy,gtzan,0.7076923076923076,0.6443097247358686,0.6443097247358686,0.6443097247358686,0.10843373493975904,0.1566265060240964,0.3617021276595745,0.3829787234042553,0.23809523809523808,0.21173676955816512,0.21173676955816512,0.21173676955816512,0.19047619047619047,0.19047619047619047,0.19047619047619047,0.19047619047619047,58.0,0.0,0.0,0.8764129265607314,26.0,0.0,0.0,0.42546603090683,0.0,/media/mengh/SharedData/zhanh/auto_structbeat/caches/pilot/mscnn_final_last_gtzan/gtzan__gtzan_rock_00022__track.npy.npz
mscnn_gtzan,width_only,gtzan/gtzan_rock_00023/track.npy,gtzan,0.9841269841269841,0.9135092815332874,0.9135092815332874,0.9135092815332874,0.96875,0.96875,0.96875,0.96875,1.0,0.960986723180067,0.960986723180067,0.960986723180067,1.0,1.0,1.0,1.0,38.0,0.0,0.0,0.050010420574660236,9.0,0.0,0.0,0.008750113934962136,0.0,/media/mengh/SharedData/zhanh/auto_structbeat/caches/pilot/mscnn_final_last_gtzan/gtzan__gtzan_rock_00023__track.npy.npz
mscnn_gtzan,width_only,gtzan/gtzan_rock_00024/track.npy,gtzan,0.9268292682926829,0.6518512409102557,0.6518512409102557,0.6518512409102557,0.6935483870967742,0.9193548387096774,0.6935483870967742,0.9193548387096774,0.9333333333333333,0.6754834706197068,0.6754834706197068,0.6754834706197068,1.0,1.0,1.0,1.0,76.0,0.0,0.0,0.18566084978585012,19.0,0.0,0.0,0.042701055606414205,0.0,/media/mengh/SharedData/zhanh/auto_structbeat/caches/pilot/mscnn_final_last_gtzan/gtzan__gtzan_rock_00024__track.npy.npz
mscnn_gtzan,width_only,gtzan/gtzan_rock_00025/track.npy,gtzan,0.9195402298850575,0.7002073056094279,0.7002073056094279,0.7002073056094279,0.9772727272727273,0.9772727272727273,0.9772727272727273,0.9772727272727273,0.9090909090909091,0.6961765446873729,0.6961765446873729,0.6961765446873729,1.0,1.0,1.0,1.0,52.0,0.0,0.0,0.05431151919471641,13.0,0.0,0.0,0.04367506350266187,0.0,/media/mengh/SharedData/zhanh/auto_structbeat/caches/pilot/mscnn_final_last_gtzan/gtzan__gtzan_rock_00025__track.npy.npz
mscnn_gtzan,width_only,gtzan/gtzan_rock_00026/track.npy,gtzan,1.0,0.9456728489430504,0.9456728489430504,0.9456728489430504,1.0,1.0,1.0,1.0,1.0,0.9217611032928943,0.9217611032928943,0.9217611032928943,1.0,1.0,1.0,1.0,57.0,0.0,0.0,0.03818444353398141,14.0,0.0,0.0,0.028269381111485765,0.0,/media/mengh/SharedData/zhanh/auto_structbeat/caches/pilot/mscnn_final_last_gtzan/gtzan__gtzan_rock_00026__track.npy.npz
mscnn_gtzan,width_only,gtzan/gtzan_rock_00027/track.npy,gtzan,0.9411764705882353,0.8202822692944604,0.8202822692944604,0.8202822692944604,0.7777777777777778,0.7777777777777778,0.7777777777777778,0.7777777777777778,0.7999999999999999,0.7362867119721136,0.7362867119721136,0.7362867119721136,0.75,0.75,0.75,0.75,69.0,0.0,0.0,0.1053605156578249,17.0,0.0,0.0,0.324708317592504,0.0,/media/mengh/SharedData/zhanh/auto_structbeat/caches/pilot/mscnn_final_last_gtzan/gtzan__gtzan_rock_00027__track.npy.npz
mscnn_gtzan,width_only,gtzan/gtzan_rock_00028/track.npy,gtzan,1.0,0.9223507021835864,0.9223507021835864,0.9223507021835864,1.0,1.0,1.0,1.0,1.0,0.8903676811025828,0.8903676811025828,0.8903676811025828,1.0,1.0,1.0,1.0,69.0,0.0,0.0,0.09097177820573162,17.0,0.0,0.0,0.02637938480087688,0.0,/media/mengh/SharedData/zhanh/auto_structbeat/caches/pilot/mscnn_final_last_gtzan/gtzan__gtzan_rock_00028__track.npy.npz
mscnn_gtzan,width_only,gtzan/gtzan_rock_00029/track.npy,gtzan,1.0,0.9351349201004504,0.9351349201004504,0.9351349201004504,1.0,1.0,1.0,1.0,0.962962962962963,0.8909600782717564,0.8909600782717564,0.8909600782717564,0.9285714285714286,0.9285714285714286,0.9285714285714286,0.9285714285714286,64.0,0.0,0.0,0.04255961441880244,15.0,0.0,0.0,0.02092181582083801,0.0,/media/mengh/SharedData/zhanh/auto_structbeat/caches/pilot/mscnn_final_last_gtzan/gtzan__gtzan_rock_00029__track.npy.npz
mscnn_gtzan,width_only,gtzan/gtzan_rock_00030/track.npy,gtzan,0.6875,0.6285568848944117,0.6285568848944117,0.6285568848944117,0.6666666666666666,0.6666666666666666,0.6666666666666666,0.6666666666666666,0.6666666666666666,0.6317122465861055,0.6317122465861055,0.6317122465861055,1.0,1.0,1.0,1.0,58.0,0.0,0.0,0.07696104113612678,15.0,0.0,0.0,0.02280409111062994,0.0,/media/mengh/SharedData/zhanh/auto_structbeat/caches/pilot/mscnn_final_last_gtzan/gtzan__gtzan_rock_00030__track.npy.npz
mscnn_gtzan,width_only,gtzan/gtzan_rock_00031/track.npy,gtzan,1.0,0.8516988433472111,0.8516988433472111,0.8516988433472111,1.0,1.0,1.0,1.0,1.0,0.8354945345836322,0.8354945345836322,0.8354945345836322,1.0,1.0,1.0,1.0,59.0,0.0,0.0,0.07696104113612875,15.0,0.0,0.0,0.023360097582326763,0.0,/media/mengh/SharedData/zhanh/auto_structbeat/caches/pilot/mscnn_final_last_gtzan/gtzan__gtzan_rock_00031__track.npy.npz
mscnn_gtzan,width_only,gtzan/gtzan_rock_00032/track.npy,gtzan,0.9870129870129869,0.8303211391557308,0.8303211391557308,0.8303211391557308,0.9743589743589743,0.9743589743589743,0.9743589743589743,0.9743589743589743,0.9473684210526316,0.7420734848453007,0.7420734848453007,0.7420734848453007,0.9,0.9,0.9,0.9,46.0,0.0,0.0,0.05614667734398237,11.0,0.0,0.0,0.022850701634723268,0.0,/media/mengh/SharedData/zhanh/auto_structbeat/caches/pilot/mscnn_final_last_gtzan/gtzan__gtzan_rock_00032__track.npy.npz
mscnn_gtzan,width_only,gtzan/gtzan_rock_00033/track.npy,gtzan,1.0,0.9006886791342092,0.9006886791342092,0.9006886791342092,1.0,1.0,1.0,1.0,1.0,0.926495731400891,0.926495731400891,0.926495731400891,1.0,1.0,1.0,1.0,59.0,0.0,0.0,0.03922071315328317,14.0,0.0,0.0,0.009756174945365449,0.0,/media/mengh/SharedData/zhanh/auto_structbeat/caches/pilot/mscnn_final_last_gtzan/gtzan__gtzan_rock_00033__track.npy.npz
mscnn_gtzan,width_only,gtzan/gtzan_rock_00034/track.npy,gtzan,1.0,0.9744647439740277,0.9744647439740277,0.9744647439740277,1.0,1.0,1.0,1.0,1.0,0.9716355563724403,0.9716355563724403,0.9716355563724403,1.0,1.0,1.0,1.0,35.0,0.0,0.0,0.0229895182247011,9.0,0.0,0.0,0.01147467434510141,0.0,/media/mengh/SharedData/zhanh/auto_structbeat/caches/pilot/mscnn_final_last_gtzan/gtzan__gtzan_rock_00034__track.npy.npz
mscnn_gtzan,width_only,gtzan/gtzan_rock_00035/track.npy,gtzan,1.0,0.9462895426089114,0.9462895426089114,0.9462895426089114,1.0,1.0,1.0,1.0,0.65,0.6112793355200102,0.9028713368682126,0.7570753361941114,0.0,0.0,0.9259259259259259,0.9259259259259259,66.0,0.0,0.0,0.044451762570840825,33.0,0.0,0.0,0.021978906718777218,0.0,/media/mengh/SharedData/zhanh/auto_structbeat/caches/pilot/mscnn_final_last_gtzan/gtzan__gtzan_rock_00035__track.npy.npz
mscnn_gtzan,width_only,gtzan/gtzan_rock_00036/track.npy,gtzan,0.8750000000000001,0.7184886916526632,0.7184886916526632,0.7184886916526632,0.4444444444444444,0.5555555555555556,0.4444444444444444,0.5555555555555556,1.0,0.8403507373240112,0.8403507373240112,0.8403507373240112,1.0,1.0,1.0,1.0,46.0,0.044444444444444446,0.044444444444444446,1.6746474879191016,8.0,0.0,0.0,0.5324427500911226,0.0,/media/mengh/SharedData/zhanh/auto_structbeat/caches/pilot/mscnn_final_last_gtzan/gtzan__gtzan_rock_00036__track.npy.npz
mscnn_gtzan,width_only,gtzan/gtzan_rock_00037/track.npy,gtzan,0.9906542056074767,0.9421101102140192,0.9421101102140192,0.9421101102140192,0.9814814814814815,0.9814814814814815,0.9814814814814815,0.9814814814814815,1.0,0.940552154860938,0.940552154860938,0.940552154860938,1.0,1.0,1.0,1.0,64.0,0.0,0.0,0.04435715516323121,16.0,0.0,0.0,0.025483337827267794,0.0,/media/mengh/SharedData/zhanh/auto_structbeat/caches/pilot/mscnn_final_last_gtzan/gtzan__gtzan_rock_00037__track.npy.npz
mscnn_gtzan,width_only,gtzan/gtzan_rock_00038/track.npy,gtzan,1.0,0.9660315071776634,0.9660315071776634,0.9660315071776634,1.0,1.0,1.0,1.0,0.923076923076923,0.9041747078982477,0.9041747078982477,0.9041747078982477,0.8571428571428571,0.8571428571428571,0.8571428571428571,0.8571428571428571,34.0,0.0,0.0,0.031928371091513974,8.0,0.0,0.0,0.0055401803756163215,0.0,/media/mengh/SharedData/zhanh/auto_structbeat/caches/pilot/mscnn_final_last_gtzan/gtzan__gtzan_rock_00038__track.npy.npz
mscnn_gtzan,width_only,gtzan/gtzan_rock_00039/track.npy,gtzan,0.9166666666666666,0.7927333169630318,0.7927333169630318,0.7927333169630318,0.9166666666666666,0.9166666666666666,0.9166666666666666,0.9166666666666666,0.9333333333333333,0.7802656880111165,0.7802656880111165,0.7802656880111165,1.0,1.0,1.0,1.0,73.0,0.0,0.0,0.09531017980433143,18.0,0.0,0.0,0.01515523161729053,0.0,/media/mengh/SharedData/zhanh/auto_structbeat/caches/pilot/mscnn_final_last_gtzan/gtzan__gtzan_rock_00039__track.npy.npz
mscnn_gtzan,width_only,gtzan/gtzan_rock_00040/track.npy,gtzan,0.6428571428571428,0.5425494456197063,0.5425494456197063,0.5425494456197063,0.32608695652173914,0.4782608695652174,0.32608695652173914,0.4782608695652174,0.3870967741935483,0.3371472380147465,0.3371472380147465,0.3371472380147465,0.1,0.15,0.14285714285714285,0.23809523809523808,56.0,0.0,0.0,0.20088666724584286,25.0,0.0,0.0,1.4100231986229614,0.0,/media/mengh/SharedData/zhanh/auto_structbeat/caches/pilot/mscnn_final_last_gtzan/gtzan__gtzan_rock_00040__track.npy.npz
mscnn_gtzan,width_only,gtzan/gtzan_rock_00041/track.npy,gtzan,1.0,0.9378686543072742,0.9378686543072742,0.9378686543072742,1.0,1.0,1.0,1.0,0.0,3.2953357163890466e-137,0.9501665270361446,0.4750832635180723,0.0,0.0,1.0,1.0,59.0,0.0,0.0,0.03922071315328459,14.0,0.0,0.0,0.019608471388376493,0.0,/media/mengh/SharedData/zhanh/auto_structbeat/caches/pilot/mscnn_final_last_gtzan/gtzan__gtzan_rock_00041__track.npy.npz
mscnn_gtzan,width_only,gtzan/gtzan_rock_00042/track.npy,gtzan,0.7894736842105263,0.7501277019292838,0.7501277019292838,0.7501277019292838,0.5116279069767442,0.627906976744186,0.5116279069767442,0.627906976744186,0.7000000000000001,0.6393327113828142,0.8270139282357937,0.733173319809304,0.16666666666666666,0.16666666666666666,0.6,0.6,50.0,0.10204081632653061,0.10204081632653061,2.0819713653802725,13.0,0.0,0.0,0.7746130204266752,0.0,/media/mengh/SharedData/zhanh/auto_structbeat/caches/pilot/mscnn_final_last_gtzan/gtzan__gtzan_rock_00042__track.npy.npz
mscnn_gtzan,width_only,gtzan/gtzan_rock_00043/track.npy,gtzan,0.6545454545454545,0.5939556242625191,0.6798573669882731,0.6369064956253961,0.0,0.0,0.5135135135135135,0.7027027027027027,0.26666666666666666,0.26306285745184804,0.3758040820740686,0.31943346976295833,0.0,0.0,0.3333333333333333,0.3333333333333333,44.0,0.0,0.0,0.2965824940413796,14.0,0.0,0.0,0.933955430934831,0.0,/media/mengh/SharedData/zhanh/auto_structbeat/caches/pilot/mscnn_final_last_gtzan/gtzan__gtzan_rock_00043__track.npy.npz
mscnn_gtzan,width_only,gtzan/gtzan_rock_00044/track.npy,gtzan,0.9230769230769231,0.8489969505161477,0.8489969505161477,0.8489969505161477,0.95,0.95,0.95,0.95,1.0,0.9007482805202944,0.9007482805202944,0.9007482805202944,1.0,1.0,1.0,1.0,48.0,0.0,0.0,0.09531017980432491,12.0,0.0,0.0,0.03535808547147232,0.0,/media/mengh/SharedData/zhanh/auto_structbeat/caches/pilot/mscnn_final_last_gtzan/gtzan__gtzan_rock_00044__track.npy.npz
mscnn_gtzan,width_only,gtzan/gtzan_rock_00045/track.npy,gtzan,1.0,0.8779592192452333,0.8779592192452333,0.8779592192452333,1.0,1.0,1.0,1.0,0.5384615384615385,0.4827842960479236,0.7746889232622616,0.6287366096550926,0.0,0.0,0.6666666666666666,0.6666666666666666,38.0,0.0,0.0,0.07512083933863231,21.0,0.0,0.0,0.6943894325598011,0.0,/media/mengh/SharedData/zhanh/auto_structbeat/caches/pilot/mscnn_final_last_gtzan/gtzan__gtzan_rock_00045__track.npy.npz
mscnn_gtzan,width_only,gtzan/gtzan_rock_00046/track.npy,gtzan,1.0,0.7688106712971262,0.7688106712971262,0.7688106712971262,1.0,1.0,1.0,1.0,1.0,0.7426592793097079,0.7426592793097079,0.7426592793097079,1.0,1.0,1.0,1.0,51.0,0.0,0.0,0.055432250816680025,13.0,0.0,0.0,0.029361265965030525,0.0,/media/mengh/SharedData/zhanh/auto_structbeat/caches/pilot/mscnn_final_last_gtzan/gtzan__gtzan_rock_00046__track.npy.npz
mscnn_gtzan,width_only,gtzan/gtzan_rock_00047/track.npy,gtzan,0.9130434782608695,0.807641811708141,0.807641811708141,0.807641811708141,0.8478260869565217,0.9130434782608695,0.8478260869565217,0.9130434782608695,0.9166666666666666,0.7809279939751635,0.7809279939751635,0.7809279939751635,1.0,1.0,1.0,1.0,55.0,0.0,0.0,0.07410797215372297,14.0,0.0,0.0,0.040368506542144945,0.0,/media/mengh/SharedData/zhanh/auto_structbeat/caches/pilot/mscnn_final_last_gtzan/gtzan__gtzan_rock_00047__track.npy.npz
mscnn_gtzan,width_only,gtzan/gtzan_rock_00048/track.npy,gtzan,1.0,0.8970248134164889,0.8970248134164889,0.8970248134164889,1.0,1.0,1.0,1.0,0.6666666666666666,0.6016031930462946,0.8759004254011685,0.7387518092237315,0.0,0.0,0.9642857142857143,0.9642857142857143,66.0,0.0,0.0,0.044451762570840825,33.0,0.0,0.0,0.032269260568786796,0.0,/media/mengh/SharedData/zhanh/auto_structbeat/caches/pilot/mscnn_final_last_gtzan/gtzan__gtzan_rock_00048__track.npy.npz
mscnn_gtzan,width_only,gtzan/gtzan_rock_00049/track.npy,gtzan,1.0,0.9444441008592915,0.9444441008592915,0.9444441008592915,1.0,1.0,1.0,1.0,1.0,0.9443295361765703,0.9443295361765703,0.9443295361765703,1.0,1.0,1.0,1.0,41.0,0.0,0.0,0.05556985115481235,10.0,0.0,0.0,0.018297721372937267,0.0,/media/mengh/SharedData/zhanh/auto_structbeat/caches/pilot/mscnn_final_last_gtzan/gtzan__gtzan_rock_00049__track.npy.npz
mscnn_gtzan,width_only,gtzan/gtzan_rock_00050/track.npy,gtzan,1.0,0.9212345783339924,0.9212345783339924,0.9212345783339924,1.0,1.0,1.0,1.0,1.0,0.9259346106902572,0.9259346106902572,0.9259346106902572,1.0,1.0,1.0,1.0,62.0,0.0,0.0,0.08338160893904922,16.0,0.0,0.0,0.014098275329735756,0.0,/media/mengh/SharedData/zhanh/auto_structbeat/caches/pilot/mscnn_final_last_gtzan/gtzan__gtzan_rock_00050__track.npy.npz
mscnn_gtzan,width_only,gtzan/gtzan_rock_00051/track.npy,gtzan,1.0,0.9643517194720875,0.9643517194720875,0.9643517194720875,1.0,1.0,1.0,1.0,1.0,0.9690337722926008,0.9690337722926008,0.9690337722926008,1.0,1.0,1.0,1.0,45.0,0.0,0.0,0.029766420522037915,11.0,0.0,0.0,0.0073260400920737824,0.0,/media/mengh/SharedData/zhanh/auto_structbeat/caches/pilot/mscnn_final_last_gtzan/gtzan__gtzan_rock_00051__track.npy.npz
mscnn_gtzan,width_only,gtzan/gtzan_rock_00052/track.npy,gtzan,1.0,0.9475503877327703,0.9475503877327703,0.9475503877327703,1.0,1.0,1.0,1.0,1.0,0.9251187767670419,0.9251187767670419,0.9251187767670419,1.0,1.0,1.0,1.0,48.0,0.0,0.0,0.06453852113757264,12.0,0.0,0.0,0.0374618885463106,0.0,/media/mengh/SharedData/zhanh/auto_structbeat/caches/pilot/mscnn_final_last_gtzan/gtzan__gtzan_rock_00052__track.npy.npz
mscnn_gtzan,width_only,gtzan/gtzan_rock_00053/track.npy,gtzan,0.8771929824561403,0.8496402167277366,0.8496402167277366,0.8496402167277366,0.203125,0.78125,0.203125,0.78125,0.8333333333333334,0.7545052069809053,0.7545052069809053,0.7545052069809053,0.5833333333333334,0.5833333333333334,0.5833333333333334,0.5833333333333334,77.0,0.2236842105263158,0.2236842105263158,1.832581463748331,15.0,0.0,0.0,0.4944989766023252,0.0,/media/mengh/SharedData/zhanh/auto_structbeat/caches/pilot/mscnn_final_last_gtzan/gtzan__gtzan_rock_00053__track.npy.npz
mscnn_gtzan,width_only,gtzan/gtzan_rock_00054/track.npy,gtzan,0.6666666666666666,0.5208207764265109,0.5208207764265109,0.5208207764265109,0.4666666666666667,0.6444444444444445,0.4666666666666667,0.6444444444444445,0.5833333333333334,0.46779272994555954,0.46779272994555954,0.46779272994555954,1.0,1.0,1.0,1.0,54.0,0.0,0.0,0.44412816791174703,14.0,0.0,0.0,0.17473275396938495,0.0,/media/mengh/SharedData/zhanh/auto_structbeat/caches/pilot/mscnn_final_last_gtzan/gtzan__gtzan_rock_00054__track.npy.npz
mscnn_gtzan,width_only,gtzan/gtzan_rock_00055/track.npy,gtzan,0.9908256880733944,0.9463777720862346,0.9463777720862346,0.9463777720862346,0.9818181818181818,0.9818181818181818,0.9818181818181818,0.9818181818181818,1.0,0.9671292234382803,0.9671292234382803,0.9671292234382803,1.0,1.0,1.0,1.0,65.0,0.0,0.0,0.0870113769896314,16.0,0.0,0.0,0.01081091610421725,0.0,/media/mengh/SharedData/zhanh/auto_structbeat/caches/pilot/mscnn_final_last_gtzan/gtzan__gtzan_rock_00055__track.npy.npz
mscnn_gtzan,width_only,gtzan/gtzan_rock_00056/track.npy,gtzan,0.9649122807017544,0.8834264396315265,0.8834264396315265,0.8834264396315265,1.0,1.0,1.0,1.0,0.8571428571428571,0.8722980534775706,0.8722980534775706,0.8722980534775706,1.0,1.0,1.0,1.0,69.0,0.0,0.0,0.08978365784089783,17.0,0.0,0.0,0.04706751085798548,0.0,/media/mengh/SharedData/zhanh/auto_structbeat/caches/pilot/mscnn_final_last_gtzan/gtzan__gtzan_rock_00056__track.npy.npz
mscnn_gtzan,width_only,gtzan/gtzan_rock_00057/track.npy,gtzan,1.0,0.9798821611429982,0.9798821611429982,0.9798821611429982,1.0,1.0,1.0,1.0,1.0,0.9743990066773593,0.9743990066773593,0.9743990066773593,1.0,1.0,1.0,1.0,63.0,0.0,0.0,0.04255961441879497,16.0,0.0,0.0,0.010471299867293338,0.0,/media/mengh/SharedData/zhanh/auto_structbeat/caches/pilot/mscnn_final_last_gtzan/gtzan__gtzan_rock_00057__track.npy.npz
mscnn_gtzan,width_only,gtzan/gtzan_rock_00058/track.npy,gtzan,0.8627450980392156,0.613373712377641,0.613373712377641,0.613373712377641,0.5370370370370371,0.7592592592592593,0.5370370370370371,0.7592592592592593,0.64,0.4334525506249747,0.4334525506249747,0.4334525506249747,0.6923076923076923,0.6923076923076923,0.6923076923076923,0.6923076923076923,59.0,0.017241379310344827,0.05172413793103448,0.7665600246060287,14.0,0.0,0.0,0.48442788862224845,0.0,/media/mengh/SharedData/zhanh/auto_structbeat/caches/pilot/mscnn_final_last_gtzan/gtzan__gtzan_rock_00058__track.npy.npz
mscnn_gtzan,width_only,gtzan/gtzan_rock_00059/track.npy,gtzan,1.0,0.9379408945242432,0.9379408945242432,0.9379408945242432,1.0,1.0,1.0,1.0,0.967741935483871,0.9154884644877551,0.9154884644877551,0.9154884644877551,0.9375,0.9375,0.9375,0.9375,58.0,0.0,0.0,0.1254422780218618,18.0,0.0,0.0,0.012903404835908738,0.0,/media/mengh/SharedData/zhanh/auto_structbeat/caches/pilot/mscnn_final_last_gtzan/gtzan__gtzan_rock_00059__track.npy.npz
mscnn_gtzan,width_only,gtzan/gtzan_rock_00060/track.npy,gtzan,1.0,0.8637042910297492,0.8637042910297492,0.8637042910297492,1.0,1.0,1.0,1.0,1.0,0.8905751886404373,0.8905751886404373,0.8905751886404373,1.0,1.0,1.0,1.0,88.0,0.0,0.0,0.12331811612960308,22.0,0.0,0.0,0.030518923585456985,0.0,/media/mengh/SharedData/zhanh/auto_structbeat/caches/pilot/mscnn_final_last_gtzan/gtzan__gtzan_rock_00060__track.npy.npz
mscnn_gtzan,width_only,gtzan/gtzan_rock_00061/track.npy,gtzan,0.20833333333333334,0.20252806232154183,0.694313615515266,0.44842083891840395,0.0,0.0,0.34,0.5,0.0,6.0626248188643936e-33,5.3890407189983775e-09,2.6945203594991887e-09,0.0,0.0,0.3333333333333333,0.4,53.0,0.0,0.0,1.2397752252937293,18.0,0.0,0.0,2.257552898617171,0.0,/media/mengh/SharedData/zhanh/auto_structbeat/caches/pilot/mscnn_final_last_gtzan/gtzan__gtzan_rock_00061__track.npy.npz
mscnn_gtzan,width_only,gtzan/gtzan_rock_00062/track.npy,gtzan,1.0,0.9102083991314112,0.9102083991314112,0.9102083991314112,1.0,1.0,1.0,1.0,1.0,0.8936726188192508,0.8936726188192508,0.8936726188192508,1.0,1.0,1.0,1.0,62.0,0.0,0.0,0.08338160893904585,16.0,0.0,0.0,0.013952562094062445,0.0,/media/mengh/SharedData/zhanh/auto_structbeat/caches/pilot/mscnn_final_last_gtzan/gtzan__gtzan_rock_00062__track.npy.npz
mscnn_gtzan,width_only,gtzan/gtzan_rock_00063/track.npy,gtzan,0.761904761904762,0.7104935295421732,0.8462783841024141,0.7783859568222936,0.25,0.25,0.59375,0.59375,0.896551724137931,0.8227226821442779,0.8227226821442779,0.8227226821442779,0.5625,0.5625,0.5625,0.5625,43.0,0.0,0.0,0.13353139262452363,21.0,0.0,0.0,0.1169448793649012,0.0,/media/mengh/SharedData/zhanh/auto_structbeat/caches/pilot/mscnn_final_last_gtzan/gtzan__gtzan_rock_00063__track.npy.npz
mscnn_gtzan,width_only,gtzan/gtzan_rock_00064/track.npy,gtzan,0.9508196721311476,0.8015330225604981,0.8015330225604981,0.8015330225604981,0.8412698412698413,0.8412698412698413,0.8412698412698413,0.8412698412698413,0.22222222222222224,0.19981286579365964,0.2697473688214405,0.23478011730755008,0.0,0.0,0.0,0.0,69.0,0.0,0.0,0.24387310461163403,16.0,0.0,0.0,0.680686735089927,0.0,/media/mengh/SharedData/zhanh/auto_structbeat/caches/pilot/mscnn_final_last_gtzan/gtzan__gtzan_rock_00064__track.npy.npz
mscnn_gtzan,width_only,gtzan/gtzan_rock_00065/track.npy,gtzan,0.5783132530120482,0.5440972071421561,0.6126730106192374,0.5783851088806968,0.07017543859649122,0.17543859649122806,0.15789473684210525,0.2807017543859649,0.3846153846153846,0.3516812792048189,0.5898060548576476,0.47074366703123327,0.05263157894736842,0.05263157894736842,0.3157894736842105,0.47368421052631576,73.0,0.06944444444444445,0.20833333333333334,1.1547527679193037,27.0,0.07692307692307693,0.15384615384615385,2.449952257722508,0.0,/media/mengh/SharedData/zhanh/auto_structbeat/caches/pilot/mscnn_final_last_gtzan/gtzan__gtzan_rock_00065__track.npy.npz
mscnn_gtzan,width_only,gtzan/gtzan_rock_00066/track.npy,gtzan,1.0,0.882404528842131,0.882404528842131,0.882404528842131,1.0,1.0,1.0,1.0,0.6666666666666666,0.5855217391871241,0.8747134894629698,0.730117614325047,0.0,0.0,0.9375,0.9375,38.0,0.0,0.0,0.03198421994611187,19.0,0.0,0.0,0.015386285465584406,0.0,/media/mengh/SharedData/zhanh/auto_structbeat/caches/pilot/mscnn_final_last_gtzan/gtzan__gtzan_rock_00066__track.npy.npz
mscnn_gtzan,width_only,gtzan/gtzan_rock_00067/track.npy,gtzan,1.0,0.9309669542682154,0.9309669542682154,0.9309669542682154,1.0,1.0,1.0,1.0,0.2608695652173913,0.2443311286827465,0.6802898475361864,0.46231048810946646,0.25,0.25,0.5833333333333334,0.5833333333333334,53.0,0.0,0.0,0.03636764417086924,14.0,0.0,0.0,0.6971472068977052,0.0,/media/mengh/SharedData/zhanh/auto_structbeat/caches/pilot/mscnn_final_last_gtzan/gtzan__gtzan_rock_00067__track.npy.npz
mscnn_gtzan,width_only,gtzan/gtzan_rock_00068/track.npy,gtzan,1.0,0.9456108215179356,0.9456108215179356,0.9456108215179356,1.0,1.0,1.0,1.0,0.4666666666666667,0.42704539974060945,0.42704539974060945,0.42704539974060945,0.17647058823529413,0.17647058823529413,0.17647058823529413,0.17647058823529413,63.0,0.0,0.0,0.08338160893905111,15.0,0.0,0.0,0.06615351936478707,0.0,/media/mengh/SharedData/zhanh/auto_structbeat/caches/pilot/mscnn_final_last_gtzan/gtzan__gtzan_rock_00068__track.npy.npz
mscnn_gtzan,width_only,gtzan/gtzan_rock_00069/track.npy,gtzan,0.8135593220338984,0.756067076257261,0.756067076257261,0.756067076257261,0.3142857142857143,0.4,0.3142857142857143,0.4,0.6486486486486487,0.5973586375522107,0.5973586375522107,0.5973586375522107,0.3333333333333333,0.3333333333333333,0.3333333333333333,0.3333333333333333,63.0,0.0,0.0,0.4238142467763556,18.0,0.0,0.0,0.6781166173973607,0.0,/media/mengh/SharedData/zhanh/auto_structbeat/caches/pilot/mscnn_final_last_gtzan/gtzan__gtzan_rock_00069__track.npy.npz
mscnn_gtzan,width_only,gtzan/gtzan_rock_00070/track.npy,gtzan,1.0,0.9419389413371488,0.9419389413371488,0.9419389413371488,1.0,1.0,1.0,1.0,0.6666666666666666,0.6449693552635395,0.9674540328953092,0.8062116940794244,0.0,0.0,1.0,1.0,85.0,0.0,0.0,0.11778303565638334,15.0,0.0,0.0,0.035863421737850947,0.0,/media/mengh/SharedData/zhanh/auto_structbeat/caches/pilot/mscnn_final_last_gtzan/gtzan__gtzan_rock_00070__track.npy.npz
mscnn_gtzan,width_only,gtzan/gtzan_rock_00071/track.npy,gtzan,1.0,0.9418468679144663,0.9418468679144663,0.9418468679144663,1.0,1.0,1.0,1.0,1.0,0.9446356459150382,0.9446356459150382,0.9446356459150382,1.0,1.0,1.0,1.0,56.0,0.0,0.0,0.07410797215372189,14.0,0.0,0.0,0.018692133012153216,0.0,/media/mengh/SharedData/zhanh/auto_structbeat/caches/pilot/mscnn_final_last_gtzan/gtzan__gtzan_rock_00071__track.npy.npz
mscnn_gtzan,width_only,gtzan/gtzan_rock_00072/track.npy,gtzan,0.9767441860465117,0.9432057768961276,0.9432057768961276,0.9432057768961276,0.9545454545454546,0.9545454545454546,0.9545454545454546,0.9545454545454546,1.0,0.9712525300477598,0.9712525300477598,0.9712525300477598,1.0,1.0,1.0,1.0,52.0,0.0,0.0,0.0689928714869512,13.0,0.0,0.0,0.012949934588810552,0.0,/media/mengh/SharedData/zhanh/auto_structbeat/caches/pilot/mscnn_final_last_gtzan/gtzan__gtzan_rock_00072__track.npy.npz
mscnn_gtzan,width_only,gtzan/gtzan_rock_00073/track.npy,gtzan,1.0,0.9722997251757297,0.9722997251757297,0.9722997251757297,1.0,1.0,1.0,1.0,1.0,0.9685853702831977,0.9685853702831977,0.9685853702831977,1.0,1.0,1.0,1.0,47.0,0.0,0.0,0.03174869831458428,12.0,0.0,0.0,0.00784317746102654,0.0,/media/mengh/SharedData/zhanh/auto_structbeat/caches/pilot/mscnn_final_last_gtzan/gtzan__gtzan_rock_00073__track.npy.npz
mscnn_gtzan,width_only,gtzan/gtzan_rock_00074/track.npy,gtzan,1.0,0.9700350497617174,0.9700350497617174,0.9700350497617174,1.0,1.0,1.0,1.0,0.7272727272727272,0.7035761048767318,0.7035761048767318,0.7035761048767318,0.25,0.5,0.25,0.5,56.0,0.0,0.0,0.07410797215372225,12.0,0.0,0.0,0.4137398877149683,0.0,/media/mengh/SharedData/zhanh/auto_structbeat/caches/pilot/mscnn_final_last_gtzan/gtzan__gtzan_rock_00074__track.npy.npz
mscnn_gtzan,width_only,gtzan/gtzan_rock_00075/track.npy,gtzan,1.0,0.9707361423237424,0.9707361423237424,0.9707361423237424,1.0,1.0,1.0,1.0,1.0,0.9667680697894115,0.9667680697894115,0.9667680697894115,1.0,1.0,1.0,1.0,60.0,0.0,0.0,0.08004270767353472,15.0,0.0,0.0,0.02000066670667089,0.0,/media/mengh/SharedData/zhanh/auto_structbeat/caches/pilot/mscnn_final_last_gtzan/gtzan__gtzan_rock_00075__track.npy.npz
mscnn_gtzan,width_only,gtzan/gtzan_rock_00076/track.npy,gtzan,1.0,0.9749161727562223,0.9749161727562223,0.9749161727562223,1.0,1.0,1.0,1.0,1.0,0.9831744403414057,0.9831744403414057,0.9831744403414057,1.0,1.0,1.0,1.0,48.0,0.0,0.0,0.03174869831458238,12.0,0.0,0.0,0.012385864082672046,0.0,/media/mengh/SharedData/zhanh/auto_structbeat/caches/pilot/mscnn_final_last_gtzan/gtzan__gtzan_rock_00076__track.npy.npz
mscnn_gtzan,width_only,gtzan/gtzan_rock_00077/track.npy,gtzan,0.9662921348314608,0.9202986797180855,0.9202986797180855,0.9202986797180855,0.9555555555555556,0.9555555555555556,0.9555555555555556,0.9555555555555556,1.0,0.9632119888905504,0.9632119888905504,0.9632119888905504,1.0,1.0,1.0,1.0,53.0,0.0,0.0,0.07145896398214585,13.0,0.0,0.0,0.017857617400006076,0.0,/media/mengh/SharedData/zhanh/auto_structbeat/caches/pilot/mscnn_final_last_gtzan/gtzan__gtzan_rock_00077__track.npy.npz
mscnn_gtzan,width_only,gtzan/gtzan_rock_00078/track.npy,gtzan,1.0,0.9741695221335278,0.9741695221335278,0.9741695221335278,1.0,1.0,1.0,1.0,1.0,0.9799667906970282,0.9799667906970282,0.9799667906970282,1.0,1.0,1.0,1.0,49.0,0.0,0.0,0.06453852113756979,13.0,0.0,0.0,0.016260520871780593,0.0,/media/mengh/SharedData/zhanh/auto_structbeat/caches/pilot/mscnn_final_last_gtzan/gtzan__gtzan_rock_00078__track.npy.npz
mscnn_gtzan,width_only,gtzan/gtzan_rock_00079/track.npy,gtzan,1.0,0.987550714490363,0.987550714490363,0.987550714490363,1.0,1.0,1.0,1.0,1.0,0.9854473270740267,0.9854473270740267,0.9854473270740267,1.0,1.0,1.0,1.0,63.0,0.0,0.0,0.04255961441880263,16.0,0.0,0.0,0.0036649549535551014,0.0,/media/mengh/SharedData/zhanh/auto_structbeat/caches/pilot/mscnn_final_last_gtzan/gtzan__gtzan_rock_00079__track.npy.npz
mscnn_gtzan,width_only,gtzan/gtzan_rock_00080/track.npy,gtzan,1.0,0.9677423269154513,0.9677423269154513,0.9677423269154513,1.0,1.0,1.0,1.0,0.9565217391304348,0.9096032525670009,0.9096032525670009,0.9096032525670009,0.9166666666666666,0.9166666666666666,0.9166666666666666,0.9166666666666666,59.0,0.0,0.0,0.03922071315328459,14.0,0.0,0.0,0.01980262729618007,0.0,/media/mengh/SharedData/zhanh/auto_structbeat/caches/pilot/mscnn_final_last_gtzan/gtzan__gtzan_rock_00080__track.npy.npz
mscnn_gtzan,width_only,gtzan/gtzan_rock_00081/track.npy,gtzan,1.0,0.9537527871464198,0.9537527871464198,0.9537527871464198,1.0,1.0,1.0,1.0,1.0,0.9608100416279544,0.9608100416279544,0.9608100416279544,1.0,1.0,1.0,1.0,60.0,0.0,0.0,0.040821994520261584,15.0,0.0,0.0,0.023941585283876163,0.0,/media/mengh/SharedData/zhanh/auto_structbeat/caches/pilot/mscnn_final_last_gtzan/gtzan__gtzan_rock_00081__track.npy.npz
mscnn_gtzan,width_only,gtzan/gtzan_rock_00082/track.npy,gtzan,1.0,0.9416637659940613,0.9416637659940613,0.9416637659940613,1.0,1.0,1.0,1.0,1.0,0.9381016730871014,0.9381016730871014,0.9381016730871014,1.0,1.0,1.0,1.0,50.0,0.0,0.0,0.032789822822995036,13.0,0.0,0.0,0.016427961614765896,0.0,/media/mengh/SharedData/zhanh/auto_structbeat/caches/pilot/mscnn_final_last_gtzan/gtzan__gtzan_rock_00082__track.npy.npz
mscnn_gtzan,width_only,gtzan/gtzan_rock_00083/track.npy,gtzan,1.0,0.9702242458085969,0.9702242458085969,0.9702242458085969,1.0,1.0,1.0,1.0,1.0,0.967331732365415,0.967331732365415,0.967331732365415,1.0,1.0,1.0,1.0,61.0,0.0,0.0,0.040821994520258274,15.0,0.0,0.0,0.010152371464019061,0.0,/media/mengh/SharedData/zhanh/auto_structbeat/caches/pilot/mscnn_final_last_gtzan/gtzan__gtzan_rock_00083__track.npy.npz
mscnn_gtzan,width_only,gtzan/gtzan_rock_00084/track.npy,gtzan,1.0,0.9647199921084938,0.9647199921084938,0.9647199921084938,1.0,1.0,1.0,1.0,1.0,0.9516246453438125,0.9516246453438125,0.9516246453438125,1.0,1.0,1.0,1.0,65.0,0.0,0.0,0.044262547755637004,17.0,0.0,0.0,0.021506205220964015,0.0,/media/mengh/SharedData/zhanh/auto_structbeat/caches/pilot/mscnn_final_last_gtzan/gtzan__gtzan_rock_00084__track.npy.npz
mscnn_gtzan,width_only,gtzan/gtzan_rock_00085/track.npy,gtzan,1.0,0.9030904955430602,0.9030904955430602,0.9030904955430602,1.0,1.0,1.0,1.0,1.0,0.9057316843390478,0.9057316843390478,0.9057316843390478,1.0,1.0,1.0,1.0,49.0,0.0,0.0,0.06669137449867063,13.0,0.0,0.0,0.02044241489198456,0.0,/media/mengh/SharedData/zhanh/auto_structbeat/caches/pilot/mscnn_final_last_gtzan/gtzan__gtzan_rock_00085__track.npy.npz
mscnn_gtzan,width_only,gtzan/gtzan_rock_00086/track.npy,gtzan,0.8514851485148516,0.7911491274007809,0.7911491274007809,0.7911491274007809,0.509090909090909,0.6545454545454545,0.509090909090909,0.6545454545454545,0.5625,0.5155288205900214,0.5155288205900214,0.5155288205900214,0.21052631578947367,0.3684210526315789,0.24,0.3684210526315789,57.0,0.0,0.0,0.28030196515415834,22.0,0.0,0.0,0.7052840160783523,0.0,/media/mengh/SharedData/zhanh/auto_structbeat/caches/pilot/mscnn_final_last_gtzan/gtzan__gtzan_rock_00086__track.npy.npz
mscnn_gtzan,width_only,gtzan/gtzan_rock_00087/track.npy,gtzan,0.9908256880733944,0.9295715084403362,0.9295715084403362,0.9295715084403362,0.9818181818181818,0.9818181818181818,0.9818181818181818,0.9818181818181818,0.962962962962963,0.905301274345075,0.905301274345075,0.905301274345075,0.9285714285714286,0.9285714285714286,0.9285714285714286,0.9285714285714286,65.0,0.0,0.0,0.044451762570840825,16.0,0.0,0.0,0.025734263874578805,0.0,/media/mengh/SharedData/zhanh/auto_structbeat/caches/pilot/mscnn_final_last_gtzan/gtzan__gtzan_rock_00087__track.npy.npz
mscnn_gtzan,width_only,gtzan/gtzan_rock_00088/track.npy,gtzan,1.0,0.9378876387213066,0.9378876387213066,0.9378876387213066,1.0,1.0,1.0,1.0,1.0,0.950664691707711,0.950664691707711,0.950664691707711,1.0,1.0,1.0,1.0,46.0,0.0,0.0,0.060624621816434146,11.0,0.0,0.0,0.012225632376701753,0.0,/media/mengh/SharedData/zhanh/auto_structbeat/caches/pilot/mscnn_final_last_gtzan/gtzan__gtzan_rock_00088__track.npy.npz
mscnn_gtzan,width_only,gtzan/gtzan_rock_00089/track.npy,gtzan,1.0,0.9607147161892209,0.9607147161892209,0.9607147161892209,1.0,1.0,1.0,1.0,1.0,0.9599255731737479,0.9599255731737479,0.9599255731737479,1.0,1.0,1.0,1.0,54.0,0.0,0.0,0.03636764417088045,13.0,0.0,0.0,0.018265728875695164,0.0,/media/mengh/SharedData/zhanh/auto_structbeat/caches/pilot/mscnn_final_last_gtzan/gtzan__gtzan_rock_00089__track.npy.npz
mscnn_gtzan,width_only,gtzan/gtzan_rock_00090/track.npy,gtzan,0.99009900990099,0.9506327441114605,0.9506327441114605,0.9506327441114605,0.9803921568627451,0.9803921568627451,0.9803921568627451,0.9803921568627451,1.0,0.965853688436527,0.965853688436527,0.965853688436527,1.0,1.0,1.0,1.0,61.0,0.0,0.0,0.08338160893905111,16.0,0.0,0.0,0.02027486482731094,0.0,/media/mengh/SharedData/zhanh/auto_structbeat/caches/pilot/mscnn_final_last_gtzan/gtzan__gtzan_rock_00090__track.npy.npz
mscnn_gtzan,width_only,gtzan/gtzan_rock_00091/track.npy,gtzan,1.0,0.9185719395899924,0.9185719395899924,0.9185719395899924,1.0,1.0,1.0,1.0,1.0,0.896086340291897,0.896086340291897,0.896086340291897,1.0,1.0,1.0,1.0,72.0,0.0,0.0,0.09793548311829318,18.0,0.0,0.0,0.023530497410193696,0.0,/media/mengh/SharedData/zhanh/auto_structbeat/caches/pilot/mscnn_final_last_gtzan/gtzan__gtzan_rock_00091__track.npy.npz
mscnn_gtzan,width_only,gtzan/gtzan_rock_00092/track.npy,gtzan,0.8029197080291971,0.7694365679816508,0.7694365679816508,0.7694365679816508,0.2073170731707317,0.35365853658536583,0.2073170731707317,0.35365853658536583,0.6206896551724138,0.5961037639914517,0.5961037639914517,0.5961037639914517,0.5,0.5,0.5,0.5,93.0,0.010869565217391304,0.21739130434782608,0.7375989431307832,19.0,0.0,0.0,0.7713204422973469,0.0,/media/mengh/SharedData/zhanh/auto_structbeat/caches/pilot/mscnn_final_last_gtzan/gtzan__gtzan_rock_00092__track.npy.npz
mscnn_gtzan,width_only,gtzan/gtzan_rock_00093/track.npy,gtzan,0.9885057471264368,0.8715195752407042,0.8715195752407042,0.8715195752407042,0.9772727272727273,0.9772727272727273,0.9772727272727273,0.9772727272727273,1.0,0.8919838752122335,0.8919838752122335,0.8919838752122335,1.0,1.0,1.0,1.0,53.0,0.0,0.0,0.0689928714869561,13.0,0.0,0.0,0.021608646418883104,0.0,/media/mengh/SharedData/zhanh/auto_structbeat/caches/pilot/mscnn_final_last_gtzan/gtzan__gtzan_rock_00093__track.npy.npz
mscnn_gtzan,width_only,gtzan/gtzan_rock_00094/track.npy,gtzan,0.6470588235294118,0.5677181330230259,0.6485064968476447,0.6081123149353354,0.42857142857142855,0.42857142857142855,0.42857142857142855,0.42857142857142855,0.3870967741935484,0.3591840634390924,0.3908532884371273,0.3750186759381099,0.05263157894736842,0.10526315789473684,0.15789473684210525,0.15789473684210525,69.0,0.029411764705882353,0.10294117647058823,0.8972955310286839,23.0,0.045454545454545456,0.09090909090909091,1.9676501356917195,0.0,/media/mengh/SharedData/zhanh/auto_structbeat/caches/pilot/mscnn_final_last_gtzan/gtzan__gtzan_rock_00094__track.npy.npz
mscnn_gtzan,width_only,gtzan/gtzan_rock_00095/track.npy,gtzan,0.5411764705882354,0.4970923738649041,0.5923088251319996,0.5447005994984518,0.5116279069767442,0.5116279069767442,0.5116279069767442,0.5116279069767442,0.5714285714285713,0.5276730576731109,0.5276730576731109,0.5276730576731109,0.9090909090909091,0.9090909090909091,0.9090909090909091,0.9090909090909091,51.0,0.0,0.0,0.06899287148694999,13.0,0.0,0.0,0.012949934588809275,0.0,/media/mengh/SharedData/zhanh/auto_structbeat/caches/pilot/mscnn_final_last_gtzan/gtzan__gtzan_rock_00095__track.npy.npz
mscnn_gtzan,width_only,gtzan/gtzan_rock_00096/track.npy,gtzan,1.0,0.9150653824924181,0.9150653824924181,0.9150653824924181,1.0,1.0,1.0,1.0,1.0,0.9169060597762201,0.9169060597762201,0.9169060597762201,1.0,1.0,1.0,1.0,58.0,0.0,0.0,0.07696104113612845,14.0,0.0,0.0,0.024192906021594213,0.0,/media/mengh/SharedData/zhanh/auto_structbeat/caches/pilot/mscnn_final_last_gtzan/gtzan__gtzan_rock_00096__track.npy.npz
mscnn_gtzan,width_only,gtzan/gtzan_rock_00097/track.npy,gtzan,0.9906542056074767,0.9352925589776292,0.9352925589776292,0.9352925589776292,0.9814814814814815,0.9814814814814815,0.9814814814814815,0.9814814814814815,1.0,0.9389808441976897,0.9389808441976897,0.9389808441976897,1.0,1.0,1.0,1.0,65.0,0.0,0.0,0.04255961441880225,16.0,0.0,0.0,0.010735758562362007,0.0,/media/mengh/SharedData/zhanh/auto_structbeat/caches/pilot/mscnn_final_last_gtzan/gtzan__gtzan_rock_00097__track.npy.npz
mscnn_gtzan,width_only,gtzan/gtzan_rock_00098/track.npy,gtzan,0.8260869565217391,0.745292108691044,0.745292108691044,0.745292108691044,0.6521739130434783,0.8043478260869565,0.6521739130434783,0.8043478260869565,0.8333333333333334,0.7225498358727221,0.7225498358727221,0.7225498358727221,1.0,1.0,1.0,1.0,55.0,0.0,0.0,0.26563193425092235,14.0,0.0,0.0,0.12576938728903506,0.0,/media/mengh/SharedData/zhanh/auto_structbeat/caches/pilot/mscnn_final_last_gtzan/gtzan__gtzan_rock_00098__track.npy.npz
mscnn_gtzan,width_only,gtzan/gtzan_rock_00099/track.npy,gtzan,0.6666666666666666,0.5800561756505437,0.5877180537944007,0.5838871147224722,0.37254901960784315,0.6470588235294118,0.37254901960784315,0.6470588235294118,0.12903225806451615,0.11789182113873199,0.3850779617536398,0.2514848914461859,0.16666666666666666,0.16666666666666666,0.16666666666666666,0.2222222222222222,65.0,0.0,0.015625,0.3618260258912404,22.0,0.0,0.0,1.4119220404388393,0.0,/media/mengh/SharedData/zhanh/auto_structbeat/caches/pilot/mscnn_final_last_gtzan/gtzan__gtzan_rock_00099__track.npy.npz
