piece,dataset,fold,beat_fmeasure,beat_cmlt,beat_amlt,downbeat_fmeasure,downbeat_cmlt,downbeat_amlt
asap/Bach_Fugue_bwv_862_Song04M/track.npy,asap,0,0.981549815498155,0.9562043795620438,0.9562043795620438,0.4158415841584159,0.0,0.5882352941176471
asap/Bach_Fugue_bwv_863_LeeN01M/track.npy,asap,0,0.9935064935064934,0.9741935483870968,0.9741935483870968,0.6608695652173913,0.013157894736842105,0.948051948051948
asap/Bach_Fugue_bwv_863_Shychko01M/track.npy,asap,0,0.9968051118210862,0.9872611464968153,0.9872611464968153,0.5739130434782609,0.0,0.8441558441558441
asap/Bach_Fugue_bwv_863_TongB01M/track.npy,asap,0,0.9968051118210862,0.9872611464968153,0.9872611464968153,0.6608695652173913,0.0,0.974025974025974
asap/Bach_Fugue_bwv_868_GonzalezJ05M/track.npy,asap,0,0.9130434782608696,0.697986577181208,0.697986577181208,0.5319148936170212,0.03225806451612903,0.6349206349206349
asap/Bach_Fugue_bwv_873_Lisiecki13M/track.npy,asap,0,0.9888475836431226,0.9703703703703703,0.9703703703703703,0.6633165829145728,0.007575757575757576,0.9699248120300752
asap/Bach_Fugue_bwv_888_ZhaoK01M/track.npy,asap,0,0.7456140350877192,0.5737704918032787,0.5737704918032787,0.47619047619047616,0.1891891891891892,0.3333333333333333
asap/Bach_Prelude_bwv_867_HuNY01M/track.npy,asap,0,0.7826086956521738,0.32608695652173914,0.4426229508196721,0.4810126582278481,0.03571428571428571,0.32142857142857145
asap/Bach_Prelude_bwv_867_Sham01M/track.npy,asap,0,0.771186440677966,0.2638888888888889,0.5628415300546448,0.46153846153846156,0.03636363636363636,0.32727272727272727
asap/Bach_Prelude_bwv_868_GonzalezJ05M/track.npy,asap,0,0.9857142857142858,0.9857142857142858,0.9857142857142858,0.6538461538461539,0.0,0.9428571428571428
asap/Bach_Prelude_bwv_880_LeungR01M/track.npy,asap,0,0.985981308411215,0.9723502304147466,0.9723502304147466,0.5421686746987953,0.20833333333333334,0.20833333333333334
asap/Bach_Prelude_bwv_880_WangA04M/track.npy,asap,0,0.9082568807339451,0.8008849557522124,0.8008849557522124,0.4745762711864407,0.09345794392523364,0.12949640287769784
asap/Bach_Prelude_bwv_891_BLINOV04M/track.npy,asap,0,0.8985507246376812,0.7119565217391305,0.7119565217391305,0.7682119205298013,0.6172839506172839,0.6172839506172839
asap/Bach_Prelude_bwv_891_Duepree06M/track.npy,asap,0,0.9345794392523364,0.8385093167701864,0.8385093167701864,0.875,0.8125,0.8125
asap/Beethoven_Piano_Sonatas_17-1_KaszoS09M/track.npy,asap,0,0.6709741550695826,0.0920535011801731,0.5937921727395412,0.5506756756756757,0.29245283018867924,0.29245283018867924
asap/Beethoven_Piano_Sonatas_17-1_no_repeat_GuoE02M/track.npy,asap,0,0.6325648414985591,0.058693244739756366,0.6783505154639176,0.5756097560975609,0.2831858407079646,0.2831858407079646
asap/Beethoven_Piano_Sonatas_17-1_no_repeat_KabuliL02M/track.npy,asap,0,0.6757865937072504,0.150609080841639,0.5152057245080501,0.5255474452554745,0.23893805309734514,0.23893805309734514
asap/Beethoven_Piano_Sonatas_17-1_no_repeat_Richardson02M/track.npy,asap,0,0.6548188653451812,0.07649667405764966,0.5347593582887701,0.48404255319148937,0.14601769911504425,0.3466666666666667
asap/Beethoven_Piano_Sonatas_17-1_no_repeat_TuanS02M/track.npy,asap,0,0.6412005457025921,0.08416389811738649,0.6092362344582594,0.5522388059701493,0.2743362831858407,0.2743362831858407
asap/Beethoven_Piano_Sonatas_17-1_no_repeat_WangH03M/track.npy,asap,0,0.6488439306358382,0.058758314855875834,0.7033195020746889,0.5980861244019139,0.34513274336283184,0.34513274336283184
asap/Beethoven_Piano_Sonatas_21-1_KaiRuiR02M/track.npy,asap,0,0.8997059784384188,0.758485639686684,0.758485639686684,0.6792828685258965,0.1706924315619968,0.5647058823529412
asap/Beethoven_Piano_Sonatas_21-1_Sekino05M/track.npy,asap,0,0.8978774529435322,0.7313891020721413,0.7313891020721413,0.613931523022432,0.06386861313868614,0.6984924623115578
asap/Beethoven_Piano_Sonatas_21-1_no_repeat_GonzalezJ06M/track.npy,asap,0,0.8667507356031946,0.721709974853311,0.721709974853311,0.6719367588932806,0.28043478260869564,0.40033500837520936
asap/Beethoven_Piano_Sonatas_21-1_no_repeat_KimSY02M/track.npy,asap,0,0.8742562475208251,0.6875,0.6875,0.6201342281879194,0.2040358744394619,0.42546063651591287
asap/Beethoven_Piano_Sonatas_21-1_no_repeat_LeeN02M/track.npy,asap,0,0.8736286062576188,0.7050473186119873,0.7050473186119873,0.674863387978142,0.2748267898383372,0.3768844221105528
asap/Beethoven_Piano_Sonatas_21-1_no_repeat_RichardsonC02M/track.npy,asap,0,0.869155206286837,0.6605029585798816,0.6605029585798816,0.64,0.21507760532150777,0.4371859296482412
asap/Beethoven_Piano_Sonatas_21-1_no_repeat_Shychko02M/track.npy,asap,0,0.8974137931034483,0.7219430485762144,0.7219430485762144,0.6435006435006434,0.14225941422594143,0.5611390284757118
asap/Beethoven_Piano_Sonatas_21-1_no_repeat_Sladek02M/track.npy,asap,0,0.8511856091578086,0.6424581005586593,0.6424581005586593,0.6658322903629538,0.2,0.5041876046901173
asap/Beethoven_Piano_Sonatas_21-1_no_repeat_Song03M/track.npy,asap,0,0.8677110530896432,0.6543933054393305,0.6543933054393305,0.7220630372492836,0.3358395989974937,0.34673366834170855
asap/Beethoven_Piano_Sonatas_21-1_no_repeat_SunY02M/track.npy,asap,0,0.8493807431082703,0.6498855835240275,0.6498855835240275,0.620253164556962,0.14634146341463414,0.5495798319327732
asap/Beethoven_Piano_Sonatas_21-1_no_repeat_Tetzloff05M/track.npy,asap,0,0.8479555379118698,0.6284853051996986,0.6284853051996986,0.58159509202454,0.1276595744680851,0.4991596638655462
asap/Beethoven_Piano_Sonatas_21-1_no_repeat_ToA02M/track.npy,asap,0,0.8740254411161265,0.7138263665594855,0.7138263665594855,0.6573248407643312,0.19135802469135801,0.5661641541038526
asap/Beethoven_Piano_Sonatas_21-1_no_repeat_TongB03M/track.npy,asap,0,0.8893476465730802,0.7379983726606998,0.7379983726606998,0.6432291666666666,0.14072494669509594,0.5695142378559463
asap/Beethoven_Piano_Sonatas_21-1_no_repeat_WangA02M/track.npy,asap,0,0.8515915667631252,0.6764466177669112,0.6764466177669112,0.6301020408163266,0.19135802469135801,0.46218487394957986
asap/Beethoven_Piano_Sonatas_21-1_no_repeat_YeZ02M/track.npy,asap,0,0.900170648464164,0.7646566164154104,0.7646566164154104,0.7345767575322812,0.34673366834170855,0.34673366834170855
asap/Beethoven_Piano_Sonatas_21-1_no_repeat_ZhangW01M/track.npy,asap,0,0.8628263572316619,0.669672131147541,0.669672131147541,0.6586985391766268,0.20044052863436124,0.440536013400335
asap/Beethoven_Piano_Sonatas_9-3_Tysman05M/track.npy,asap,0,0.6385696040868455,0.02462121212121212,0.7954545454545454,0.6784660766961652,0.1943127962085308,0.5058823529411764
asap/Chopin_Ballades_3_Ko11M/track.npy,asap,0,0.7712287712287711,0.5916030534351145,0.5916030534351145,0.5799573560767591,0.4560669456066946,0.4560669456066946
asap/Chopin_Ballades_3_LinPeng06M/track.npy,asap,0,0.7598499061913696,0.5280135823429541,0.5280135823429541,0.636,0.5019157088122606,0.5019157088122606
asap/Chopin_Etudes_op_10_1_ChenW03M/track.npy,asap,0,0.9402515723270439,0.7827380952380952,0.7827380952380952,0.8258064516129033,0.6625,0.6625
asap/Chopin_Etudes_op_10_1_KaiRuiR03M/track.npy,asap,0,0.913312693498452,0.7159420289855073,0.7159420289855073,0.8758169934640522,0.7792207792207793,0.7792207792207793
asap/Chopin_Etudes_op_10_1_LiYZ02M/track.npy,asap,0,0.9493670886075949,0.8283132530120482,0.8283132530120482,0.9078947368421053,0.8311688311688312,0.8311688311688312
asap/Chopin_Etudes_op_10_1_LuM02M/track.npy,asap,0,0.804093567251462,0.4779220779220779,0.4779220779220779,0.6853146853146853,0.44594594594594594,0.44594594594594594
asap/Chopin_Etudes_op_10_1_MunA07M/track.npy,asap,0,0.9053627760252365,0.6916167664670658,0.6916167664670658,0.9536423841059603,0.9078947368421053,0.9078947368421053
asap/Chopin_Etudes_op_10_1_SunY03M/track.npy,asap,0,0.8654434250764527,0.5734463276836158,0.5734463276836158,0.767123287671233,0.6133333333333333,0.6133333333333333
asap/Chopin_Etudes_op_10_1_YeF03M/track.npy,asap,0,0.7864823348694316,0.42165242165242167,0.42165242165242167,0.6928104575163399,0.5,0.5
asap/Chopin_Etudes_op_10_1_YuP02M/track.npy,asap,0,0.9088145896656535,0.680672268907563,0.680672268907563,0.8026315789473685,0.7105263157894737,0.7105263157894737
asap/Haydn_Keyboard_Sonatas_39-3_Yarden07M/track.npy,asap,0,0.9697601668404587,0.9342915811088296,0.9342915811088296,0.948051948051948,0.9067796610169492,0.9067796610169492
asap/Liszt_Annees_de_pelerinage_2_1_Gondoliera_LeungM08M/track.npy,asap,0,0.518032786885246,0.2700534759358289,0.2700534759358289,0.42690058479532167,0.19642857142857142,0.2170212765957447
asap/Liszt_Annees_de_pelerinage_2_1_Gondoliera_LeungM12M/track.npy,asap,0,0.47184170471841713,0.1828978622327791,0.1828978622327791,0.42165242165242167,0.22317596566523606,0.22317596566523606
asap/Rachmaninoff_Preludes_op_23_6_Nikiforov14M/track.npy,asap,0,0.6590909090909092,0.4148936170212766,0.4148936170212766,0.3883495145631068,0.08064516129032258,0.2222222222222222
asap/Schubert_Impromptu_op142_3_Richardson07M/track.npy,asap,0,0.6784214945424012,0.10526315789473684,0.7253948967193196,0.645045045045045,0.12034383954154727,0.6277372262773723
asap/Schubert_Impromptu_op142_3_RichardsonC06M/track.npy,asap,0,0.6222558667676003,0.06823266219239374,0.6644295302013423,0.6058394160583941,0.09880239520958084,0.5550351288056206
asap/Schubert_Impromptu_op142_3_SunY08M/track.npy,asap,0,0.5932666060054596,0.027925531914893616,0.7180851063829787,0.5870020964360587,0.06930693069306931,0.6397694524495677
asap/Schubert_Impromptu_op142_3_WangH06M/track.npy,asap,0,0.6240369799691834,0.028735632183908046,0.7908045977011494,0.6387434554973821,0.10584958217270195,0.6182669789227166
asap/Schubert_Impromptu_op142_3_YoungS06M/track.npy,asap,0,0.6557120500782472,0.08588235294117647,0.7146198830409357,0.5989492119089317,0.0700280112044818,0.6135831381733021
ballroom/ballroom_Albums-AnaBelen_Veneo-11/track.npy,ballroom,0,1.0,1.0,1.0,1.0,1.0,1.0
ballroom/ballroom_Albums-Ballroom_Classics4-07/track.npy,ballroom,0,1.0,1.0,1.0,1.0,1.0,1.0
ballroom/ballroom_Albums-Ballroom_Classics4-09/track.npy,ballroom,0,1.0,1.0,1.0,1.0,1.0,1.0
ballroom/ballroom_Albums-Cafe_Paradiso-02/track.npy,ballroom,0,1.0,1.0,1.0,1.0,1.0,1.0
ballroom/ballroom_Albums-Chrisanne2-03/track.npy,ballroom,0,0.8285714285714286,1.0,1.0,0.8181818181818182,1.0,1.0
ballroom/ballroom_Albums-Chrisanne3-08/track.npy,ballroom,0,0.9932885906040269,0.9866666666666667,0.9866666666666667,1.0,1.0,1.0
ballroom/ballroom_Albums-GloriaEstefan_MiTierra-08/track.npy,ballroom,0,0.9863013698630138,0.972972972972973,0.972972972972973,1.0,1.0,1.0
ballroom/ballroom_Albums-Latin_Jam-01/track.npy,ballroom,0,0.9904761904761905,0.9811320754716981,0.9811320754716981,0.962962962962963,0.9285714285714286,0.9285714285714286
ballroom/ballroom_Albums-Latin_Jam-05/track.npy,ballroom,0,1.0,1.0,1.0,1.0,1.0,1.0
ballroom/ballroom_Albums-Latin_Jam-07/track.npy,ballroom,0,1.0,1.0,1.0,1.0,1.0,1.0
ballroom/ballroom_Albums-Latin_Jam2-11/track.npy,ballroom,0,1.0,1.0,1.0,1.0,1.0,1.0
ballroom/ballroom_Albums-Latin_Jam4-13/track.npy,ballroom,0,1.0,1.0,1.0,1.0,1.0,1.0
ballroom/ballroom_Albums-Latin_Jam5-06/track.npy,ballroom,0,0.9879518072289156,0.9761904761904762,0.9761904761904762,1.0,1.0,1.0
ballroom/ballroom_Albums-Latin_Jam5-07/track.npy,ballroom,0,1.0,1.0,1.0,1.0,1.0,1.0
ballroom/ballroom_Albums-Latin_Jam5-09/track.npy,ballroom,0,1.0,1.0,1.0,1.0,1.0,1.0
ballroom/ballroom_Albums-Latino_Latino-05/track.npy,ballroom,0,1.0,1.0,1.0,1.0,1.0,1.0
ballroom/ballroom_Albums-Macumba-04/track.npy,ballroom,0,1.0,1.0,1.0,1.0,1.0,1.0
ballroom/ballroom_Albums-Macumba-07/track.npy,ballroom,0,1.0,1.0,1.0,1.0,1.0,1.0
ballroom/ballroom_Albums-Macumba-11/track.npy,ballroom,0,1.0,1.0,1.0,1.0,1.0,1.0
ballroom/ballroom_Albums-Mambo_Kings-03/track.npy,ballroom,0,1.0,1.0,1.0,1.0,1.0,1.0
ballroom/ballroom_Albums-Mambo_Kings-11/track.npy,ballroom,0,1.0,1.0,1.0,1.0,1.0,1.0
ballroom/ballroom_Albums-Pais_Tropical-07/track.npy,ballroom,0,1.0,1.0,1.0,1.0,1.0,1.0
ballroom/ballroom_Albums-Pais_Tropical-08/track.npy,ballroom,0,1.0,1.0,1.0,1.0,1.0,1.0
ballroom/ballroom_Albums-Pais_Tropical-10/track.npy,ballroom,0,1.0,1.0,1.0,1.0,1.0,1.0
ballroom/ballroom_Albums-Step_By_Step-04/track.npy,ballroom,0,1.0,1.0,1.0,1.0,1.0,1.0
ballroom/ballroom_Albums-Step_By_Step-09/track.npy,ballroom,0,0.9933774834437086,0.9868421052631579,0.9868421052631579,1.0,1.0,1.0
ballroom/ballroom_Albums-Step_By_Step-11/track.npy,ballroom,0,1.0,1.0,1.0,1.0,1.0,1.0
ballroom/ballroom_Albums-Step_By_Step-16/track.npy,ballroom,0,1.0,0.9879518072289156,0.9879518072289156,1.0,1.0,1.0
ballroom/ballroom_Albums-StrictlyDancing_Tango-05/track.npy,ballroom,0,0.9278350515463918,0.9183673469387755,0.9183673469387755,0.9166666666666666,1.0,1.0
ballroom/ballroom_Albums-StrictlyDancing_Tango-10/track.npy,ballroom,0,1.0,1.0,1.0,1.0,1.0,1.0
ballroom/ballroom_Media-100603/track.npy,ballroom,0,1.0,1.0,1.0,1.0,1.0,1.0
ballroom/ballroom_Media-100604/track.npy,ballroom,0,1.0,1.0,1.0,1.0,1.0,1.0
ballroom/ballroom_Media-100605/track.npy,ballroom,0,0.44642857142857145,0.3275862068965517,0.4482758620689655,0.48000000000000004,0.46153846153846156,0.46153846153846156
ballroom/ballroom_Media-103303/track.npy,ballroom,0,1.0,1.0,1.0,1.0,1.0,1.0
ballroom/ballroom_Media-103315/track.npy,ballroom,0,0.9933774834437086,0.9342105263157895,0.9342105263157895,1.0,1.0,1.0
ballroom/ballroom_Media-103408/track.npy,ballroom,0,0.9904761904761905,0.9811320754716981,0.9811320754716981,0.962962962962963,0.9285714285714286,0.9285714285714286
ballroom/ballroom_Media-103504/track.npy,ballroom,0,0.7522935779816514,0.23880597014925373,0.5542168674698795,0.8,0.3333333333333333,0.5263157894736842
ballroom/ballroom_Media-103509/track.npy,ballroom,0,0.9902912621359222,0.9807692307692307,0.9807692307692307,1.0,1.0,1.0
ballroom/ballroom_Media-103511/track.npy,ballroom,0,1.0,1.0,1.0,1.0,1.0,1.0
ballroom/ballroom_Media-103515/track.npy,ballroom,0,1.0,1.0,1.0,1.0,1.0,1.0
ballroom/ballroom_Media-103605/track.npy,ballroom,0,1.0,1.0,1.0,1.0,1.0,1.0
ballroom/ballroom_Media-103611/track.npy,ballroom,0,1.0,0.9857142857142858,0.9857142857142858,1.0,1.0,1.0
ballroom/ballroom_Media-103618/track.npy,ballroom,0,1.0,1.0,1.0,1.0,1.0,1.0
ballroom/ballroom_Media-103815/track.npy,ballroom,0,0.9743589743589743,0.9743589743589743,0.9743589743589743,1.0,1.0,1.0
ballroom/ballroom_Media-103902/track.npy,ballroom,0,1.0,1.0,1.0,0.3333333333333333,0.0,0.42105263157894735
ballroom/ballroom_Media-103905/track.npy,ballroom,0,0.4827586206896552,0.35555555555555557,0.35555555555555557,0.16,0.3333333333333333,0.3333333333333333
ballroom/ballroom_Media-103910/track.npy,ballroom,0,1.0,1.0,1.0,1.0,1.0,1.0
ballroom/ballroom_Media-104007/track.npy,ballroom,0,1.0,1.0,1.0,1.0,1.0,1.0
ballroom/ballroom_Media-104010/track.npy,ballroom,0,1.0,1.0,1.0,1.0,1.0,1.0
ballroom/ballroom_Media-104203/track.npy,ballroom,0,1.0,1.0,1.0,1.0,1.0,1.0
ballroom/ballroom_Media-104210/track.npy,ballroom,0,0.9868421052631579,0.974025974025974,0.974025974025974,0.9803921568627451,0.9615384615384616,0.9615384615384616
ballroom/ballroom_Media-104307/track.npy,ballroom,0,0.9933774834437086,0.9868421052631579,0.9868421052631579,1.0,1.0,1.0
ballroom/ballroom_Media-104417/track.npy,ballroom,0,1.0,0.9885057471264368,0.9885057471264368,1.0,1.0,1.0
ballroom/ballroom_Media-104502/track.npy,ballroom,0,1.0,1.0,1.0,1.0,1.0,1.0
ballroom/ballroom_Media-104516/track.npy,ballroom,0,0.9942857142857142,0.9659090909090909,0.9659090909090909,1.0,1.0,1.0
ballroom/ballroom_Media-104706/track.npy,ballroom,0,0.9906542056074767,0.9814814814814815,0.9814814814814815,0.962962962962963,0.9285714285714286,0.9285714285714286
ballroom/ballroom_Media-104707/track.npy,ballroom,0,0.9906542056074767,0.9814814814814815,0.9814814814814815,0.962962962962963,0.9285714285714286,0.9285714285714286
ballroom/ballroom_Media-104711/track.npy,ballroom,0,0.9863013698630136,0.9452054794520548,0.9452054794520548,0.96,1.0,1.0
ballroom/ballroom_Media-104806/track.npy,ballroom,0,0.9909909909909909,0.9821428571428571,0.9821428571428571,1.0,1.0,1.0
ballroom/ballroom_Media-104904/track.npy,ballroom,0,0.8732394366197184,0.8888888888888888,0.8888888888888888,0.8333333333333334,1.0,1.0
ballroom/ballroom_Media-104905/track.npy,ballroom,0,1.0,1.0,1.0,1.0,1.0,1.0
ballroom/ballroom_Media-105019/track.npy,ballroom,0,0.9941520467836257,0.9767441860465116,0.9767441860465116,1.0,1.0,1.0
ballroom/ballroom_Media-105119/track.npy,ballroom,0,0.9941520467836257,0.9883720930232558,0.9883720930232558,1.0,1.0,1.0
ballroom/ballroom_Media-105122/track.npy,ballroom,0,0.9942857142857142,0.9545454545454546,0.9545454545454546,0.9767441860465117,0.9545454545454546,0.9545454545454546
ballroom/ballroom_Media-105211/track.npy,ballroom,0,0.84375,0.875,0.875,0.761904761904762,0.9090909090909091,0.9090909090909091
ballroom/ballroom_Media-105215/track.npy,ballroom,0,1.0,1.0,1.0,1.0,1.0,1.0
ballroom/ballroom_Media-105401/track.npy,ballroom,0,0.9879518072289156,0.9761904761904762,0.9761904761904762,1.0,1.0,1.0
ballroom/ballroom_Media-105404/track.npy,ballroom,0,0.9285714285714286,0.9761904761904762,0.9761904761904762,0.9090909090909091,1.0,1.0
ballroom/ballroom_Media-105407/track.npy,ballroom,0,0.9904761904761905,0.9811320754716981,0.9811320754716981,1.0,1.0,1.0
ballroom/ballroom_Media-105414/track.npy,ballroom,0,0.993103448275862,0.9863013698630136,0.9863013698630136,1.0,1.0,1.0
ballroom/ballroom_Media-105419/track.npy,ballroom,0,0.8771929824561403,0.78125,0.78125,0.9333333333333333,0.875,0.875
ballroom/ballroom_Media-105503/track.npy,ballroom,0,1.0,1.0,1.0,1.0,1.0,1.0
ballroom/ballroom_Media-105507/track.npy,ballroom,0,0.9814814814814815,0.9636363636363636,0.9636363636363636,1.0,1.0,1.0
ballroom/ballroom_Media-105508/track.npy,ballroom,0,0.9906542056074767,0.9814814814814815,0.9814814814814815,1.0,1.0,1.0
ballroom/ballroom_Media-105516/track.npy,ballroom,0,0.9940828402366864,0.9882352941176471,0.9882352941176471,1.0,1.0,1.0
ballroom/ballroom_Media-105614/track.npy,ballroom,0,0.9885057471264368,0.9772727272727273,0.9772727272727273,1.0,1.0,1.0
ballroom/ballroom_Media-105704/track.npy,ballroom,0,0.9855072463768115,0.9714285714285714,0.9714285714285714,1.0,1.0,1.0
ballroom/ballroom_Media-105806/track.npy,ballroom,0,1.0,1.0,1.0,1.0,1.0,1.0
ballroom/ballroom_Media-105811/track.npy,ballroom,0,1.0,1.0,1.0,1.0,1.0,1.0
ballroom/ballroom_Media-105817/track.npy,ballroom,0,1.0,1.0,1.0,1.0,1.0,1.0
ballroom/ballroom_Media-105819/track.npy,ballroom,0,1.0,1.0,1.0,1.0,1.0,1.0
ballroom/ballroom_Media-106011/track.npy,ballroom,0,0.975609756097561,0.9523809523809523,0.9523809523809523,0.9523809523809523,0.9090909090909091,0.9090909090909091
ballroom/ballroom_Media-106015/track.npy,ballroom,0,0.9790209790209791,0.958904109589041,0.958904109589041,0.9714285714285714,0.9444444444444444,0.9444444444444444
ballroom/ballroom_Media-106017/track.npy,ballroom,0,0.9795918367346939,0.96,0.96,0.972972972972973,0.9473684210526315,0.9473684210526315
ballroom/ballroom_Media-106101/track.npy,ballroom,0,0.9811320754716981,0.9629629629629629,0.9629629629629629,0.962962962962963,0.9285714285714286,0.9285714285714286
ballroom/ballroom_Media-106112/track.npy,ballroom,0,0.9767441860465117,0.9545454545454546,0.9545454545454546,1.0,1.0,1.0
beatles/beatles_01_Please_Please_Me_11_Do_You_Want_To_Know_A_Secret/track.npy,beatles,0,0.9567198177676537,0.920704845814978,0.920704845814978,0.9541284403669724,0.9285714285714286,0.9285714285714286
beatles/beatles_01_Please_Please_Me_14_Twist_And_Shout/track.npy,beatles,0,0.9966555183946488,0.99,0.99,1.0,1.0,1.0
beatles/beatles_02_With_the_Beatles_07_Please_Mister_Postman/track.npy,beatles,0,0.9916247906197655,0.9833887043189369,0.9833887043189369,0.9932885906040269,0.9866666666666667,0.9866666666666667
beatles/beatles_02_With_the_Beatles_10_You_Really_Got_A_Hold_On_Me/track.npy,beatles,0,0.7608695652173912,0.4084084084084084,0.4084084084084084,0.6037735849056605,0.09090909090909091,0.6638655462184874
beatles/beatles_03_A_Hard_Days_Night_01_A_Hard_Days_Night/track.npy,beatles,0,0.9908536585365855,0.9818731117824774,0.9818731117824774,0.9878048780487805,0.9759036144578314,0.9759036144578314
beatles/beatles_04_Beatles_for_Sale_11_Every_Little_Thing/track.npy,beatles,0,0.9978678038379531,0.9957446808510638,0.9957446808510638,1.0,1.0,1.0
beatles/beatles_04_Beatles_for_Sale_14_Everybodys_Trying_to_Be_My_Baby/track.npy,beatles,0,0.8,0.34203655352480417,0.46946564885496184,0.7901234567901234,0.37894736842105264,0.43283582089552236
beatles/beatles_05_Help_11_Tell_Me_What_You_See/track.npy,beatles,0,0.9850746268656716,0.9850746268656716,0.9850746268656716,0.9761904761904762,1.0,1.0
beatles/beatles_05_Help_13_Yesterday/track.npy,beatles,0,0.9726775956284153,0.994535519125683,0.994535519125683,0.9782608695652174,1.0,1.0
beatles/beatles_06_Rubber_Soul_12_Wait/track.npy,beatles,0,0.9746588693957114,0.9728682170542635,0.9728682170542635,0.9763779527559054,0.984375,0.984375
beatles/beatles_07_Revolver_07_She_Said_She_Said/track.npy,beatles,0,0.940952380952381,0.935361216730038,0.935361216730038,0.7851851851851851,0.7428571428571429,0.7428571428571429
beatles/beatles_07_Revolver_12_I_Want_To_Tell_You/track.npy,beatles,0,0.9931972789115646,0.9965986394557823,0.9965986394557823,1.0,1.0,1.0
beatles/beatles_08_Sgt_Peppers_Lonely_Hearts_Club_Band_02_With_A_Little_Help_From_My_Friends/track.npy,beatles,0,1.0,1.0,1.0,1.0,1.0,1.0
beatles/beatles_08_Sgt_Peppers_Lonely_Hearts_Club_Band_12_Sgt_Peppers_Lonely_Hearts_Club_Band_(Reprise)/track.npy,beatles,0,0.993103448275862,0.9863013698630136,0.9863013698630136,1.0,1.0,1.0
beatles/beatles_09_Magical_Mystery_Tour_10_Baby_Youre_A_Rich_Man/track.npy,beatles,0,0.9946332737030411,0.9893238434163701,0.9893238434163701,1.0,1.0,1.0
beatles/beatles_10_CD1_The_Beatles_03_Glass_Onion/track.npy,beatles,0,0.979253112033195,0.987603305785124,0.987603305785124,0.8125,0.7647058823529411,0.7647058823529411
beatles/beatles_10_CD1_The_Beatles_09_Martha_My_Dear/track.npy,beatles,0,1.0,1.0,1.0,0.9514563106796117,0.9320388349514563,0.9320388349514563
beatles/beatles_10_CD1_The_Beatles_15_Why_Dont_We_Do_It_In_The_Road/track.npy,beatles,0,0.9965635738831615,0.9931506849315068,0.9931506849315068,1.0,1.0,1.0
beatles/beatles_10_CD2_The_Beatles_11_Cry_Baby_Cry/track.npy,beatles,0,0.9703872437357631,0.9380530973451328,0.9380530973451328,0.6705882352941176,0.061946902654867256,0.8584070796460177
beatles/beatles_11_Abbey_Road_14_Golden_Slumbers/track.npy,beatles,0,0.9785407725321887,0.9914529914529915,0.9914529914529915,0.7741935483870968,0.6774193548387096,0.6774193548387096
beatles/beatles_11_Abbey_Road_16_The_End/track.npy,beatles,0,0.9256900212314225,0.8072289156626506,0.8072289156626506,0.9508196721311476,0.9354838709677419,0.9354838709677419
beatles/beatles_12_Let_It_Be_04_I_Me_Mine/track.npy,beatles,0,0.7597402597402598,0.4696132596685083,0.4696132596685083,0.6744186046511628,0.17543859649122806,0.4827586206896552
beatles/beatles_12_Let_It_Be_10_The_Long_and_Winding_Road/track.npy,beatles,0,0.973568281938326,0.9521739130434783,0.9521739130434783,0.9642857142857143,0.9821428571428571,0.9821428571428571
candombe/csic.1995_ansina1_04/track.npy,candombe,0,1.0,1.0,1.0,1.0,1.0,1.0
candombe/csic.1995_ansina2_03/track.npy,candombe,0,1.0,1.0,1.0,1.0,1.0,1.0
candombe/proyecto.1992_lobo_01/track.npy,candombe,0,0.9988137603795968,0.9976303317535545,0.9976303317535545,1.0,1.0,1.0
candombe/zavala.muniz.2014_44/track.npy,candombe,0,1.0,1.0,1.0,1.0,1.0,1.0
candombe/zavala.muniz.2014_49/track.npy,candombe,0,1.0,1.0,1.0,1.0,1.0,1.0
filosax/filosax_25/track.npy,filosax,0,0.9984214680347278,0.9928966061562746,0.9928966061562746,0.9968454258675079,1.0,1.0
filosax/filosax_27/track.npy,filosax,0,0.9995814148179154,0.99581589958159,0.99581589958159,1.0,1.0,1.0
filosax/filosax_28/track.npy,filosax,0,0.9947089947089947,0.9920739762219286,0.9920739762219286,0.964102564102564,0.8756218905472637,0.8756218905472637
filosax/filosax_38/track.npy,filosax,0,1.0,1.0,1.0,1.0,1.0,1.0
filosax/filosax_41/track.npy,filosax,0,0.9938931297709923,0.9969465648854962,0.9969465648854962,0.9939024390243902,1.0,1.0
filosax/filosax_44/track.npy,filosax,0,0.9891724671307038,0.9785768936495792,0.9785768936495792,0.9891808346213292,0.9785932721712538,0.9785932721712538
groove_midi/drummer10_session1_3_jazz-swing_215_beat_4-4/track.npy,groove_midi,0,0.852233676975945,0.48502994011976047,0.48502994011976047,0.8311688311688312,0.4523809523809524,0.4523809523809524
groove_midi/drummer10_session1_5_jazz-swing_215_beat_4-4/track.npy,groove_midi,0,0.9972602739726028,0.9672131147540983,0.9672131147540983,1.0,1.0,1.0
groove_midi/drummer1_eval_session_1_funk-groove1_138_beat_4-4/track.npy,groove_midi,0,0.9904761904761905,0.9811320754716981,0.9811320754716981,0.962962962962963,0.9285714285714286,0.9285714285714286
groove_midi/drummer1_session1_183_afrocuban_105_beat_4-4/track.npy,groove_midi,0,1.0,1.0,1.0,1.0,1.0,1.0
groove_midi/drummer1_session1_38_latin-samba_116_beat_4-4/track.npy,groove_midi,0,0.9951219512195122,0.9902912621359223,0.9902912621359223,0.9803921568627451,0.9615384615384616,0.9615384615384616
groove_midi/drummer1_session1_5_jazz-funk_116_beat_4-4/track.npy,groove_midi,0,0.9982238010657194,0.9964539007092199,0.9964539007092199,1.0,1.0,1.0
groove_midi/drummer1_session1_79_latin-reggaeton_90_beat_4-4/track.npy,groove_midi,0,1.0,1.0,1.0,1.0,1.0,1.0
groove_midi/drummer1_session2_181_rock_115_beat_4-4/track.npy,groove_midi,0,0.80078125,0.6335877862595419,0.6335877862595419,0.5857142857142856,0.5512820512820513,0.5512820512820513
groove_midi/drummer1_session2_4_jazz_120_beat_3-4/track.npy,groove_midi,0,0.9980276134122288,0.9960629921259843,0.9960629921259843,0.28378378378378377,0.0,0.0
groove_midi/drummer1_session3_11_afrobeat_94_beat_4-4/track.npy,groove_midi,0,0.6483050847457626,0.40875912408759124,0.40875912408759124,0.625,0.5504587155963303,0.5504587155963303
groove_midi/drummer1_session3_12_latin-bomba_96_beat_4-4/track.npy,groove_midi,0,0.994269340974212,0.9857142857142858,0.9857142857142858,0.9828571428571428,0.9886363636363636,0.9886363636363636
groove_midi/drummer1_session3_14_rock_94_beat_4-4/track.npy,groove_midi,0,0.9937264742785445,0.9875311720698254,0.9875311720698254,0.99,0.9801980198019802,0.9801980198019802
groove_midi/drummer1_session3_17_afrocuban-calypso_108_beat_4-4/track.npy,groove_midi,0,0.9584736251402918,0.8630434782608696,0.8630434782608696,0.8981481481481481,0.8899082568807339,0.8899082568807339
groove_midi/drummer3_session1_12_rock_120_beat_4-4/track.npy,groove_midi,0,0.9909909909909909,0.9821428571428571,0.9821428571428571,1.0,1.0,1.0
groove_midi/drummer3_session1_16_jazz_120_beat_4-4/track.npy,groove_midi,0,0.7207207207207207,0.12857142857142856,0.7560975609756098,0.9696969696969697,0.8823529411764706,0.8823529411764706
groove_midi/drummer3_session1_5_rock_105_beat_4-4/track.npy,groove_midi,0,0.9811320754716981,0.9629629629629629,0.9629629629629629,1.0,1.0,1.0
groove_midi/drummer3_session2_20_rock_92_beat_4-4/track.npy,groove_midi,0,0.9896907216494846,0.9795918367346939,0.9795918367346939,0.9600000000000001,0.9230769230769231,0.9230769230769231
groove_midi/drummer3_session2_24_rock_92_beat_4-4/track.npy,groove_midi,0,0.989010989010989,0.9565217391304348,0.9565217391304348,0.9565217391304348,0.9166666666666666,0.9166666666666666
groove_midi/drummer3_session2_2_rock_100_beat_4-4/track.npy,groove_midi,0,0.0,0.0,0.0,0.0,0.0,0.8333333333333334
groove_midi/drummer5_eval_session_9_soul-groove9_105_beat_4-4/track.npy,groove_midi,0,1.0,1.0,1.0,1.0,1.0,1.0
groove_midi/drummer5_session1_16_rock_136_beat_4-4/track.npy,groove_midi,0,0.9714285714285714,0.9610194902548725,0.9610194902548725,0.9759036144578314,0.9939759036144579,0.9939759036144579
groove_midi/drummer5_session1_17_blues-shuffle_72_beat_4-4/track.npy,groove_midi,0,0.5219831618334893,0.003989361702127659,0.003989361702127659,0.576271186440678,0.0,0.7961783439490446
groove_midi/drummer5_session1_20_latin-brazilian-baiao_110_beat_4-4/track.npy,groove_midi,0,0.8899755501222494,0.8661800486618005,0.8661800486618005,0.883495145631068,0.8173076923076923,0.8173076923076923
groove_midi/drummer5_session1_5_latin-brazilian-samba_89_beat_4-4/track.npy,groove_midi,0,0.9987389659520807,0.9974811083123426,0.9974811083123426,1.0,1.0,1.0
groove_midi/drummer5_session2_10_neworleans-funk_102_beat_4-4/track.npy,groove_midi,0,0.9968152866242038,0.9936507936507937,0.9936507936507937,1.0,1.0,1.0
groove_midi/drummer5_session2_15_latin-venezuelan-joropo_80_beat_4-4/track.npy,groove_midi,0,0.4921465968586387,0.049773755656108594,0.049773755656108594,0.35555555555555557,0.12,0.12
groove_midi/drummer7_eval_session_2_funk-groove2_105_beat_4-4/track.npy,groove_midi,0,0.9909909909909909,0.9821428571428571,0.9821428571428571,0.962962962962963,0.9285714285714286,0.9285714285714286
groove_midi/drummer7_eval_session_5_funk-groove5_84_beat_4-4/track.npy,groove_midi,0,0.9913043478260869,0.9827586206896551,0.9827586206896551,1.0,1.0,1.0
groove_midi/drummer7_eval_session_7_pop-groove7_138_beat_4-4/track.npy,groove_midi,0,1.0,1.0,1.0,1.0,1.0,1.0
groove_midi/drummer7_session2_103_pop_132_beat_4-4/track.npy,groove_midi,0,0.989247311827957,0.9787234042553191,0.9787234042553191,0.9787234042553191,0.9583333333333334,0.9583333333333334
groove_midi/drummer7_session2_15_rock_118_beat_4-4/track.npy,groove_midi,0,0.9976798143851509,0.9953703703703703,0.9953703703703703,1.0,1.0,1.0
groove_midi/drummer7_session3_10_rock_60_beat_4-4/track.npy,groove_midi,0,0.9947643979057591,0.9895833333333334,0.9895833333333334,0.9787234042553191,0.9583333333333334,0.9583333333333334
groove_midi/drummer7_session3_130_soul_105_beat_4-4/track.npy,groove_midi,0,1.0,1.0,1.0,1.0,1.0,1.0
groove_midi/drummer7_session3_150_soul_105_beat_4-4/track.npy,groove_midi,0,1.0,1.0,1.0,1.0,1.0,1.0
groove_midi/drummer7_session3_151_soul_98_beat_4-4/track.npy,groove_midi,0,0.996309963099631,0.9926470588235294,0.9926470588235294,0.9850746268656716,0.9705882352941176,0.9705882352941176
groove_midi/drummer7_session3_64_funk_112_beat_4-4/track.npy,groove_midi,0,0.9908256880733944,0.9818181818181818,0.9818181818181818,0.962962962962963,0.9285714285714286,0.9285714285714286
groove_midi/drummer8_eval_session_1_funk-groove1_138_beat_4-4/track.npy,groove_midi,0,1.0,1.0,1.0,1.0,1.0,1.0
groove_midi/drummer8_session1_16_afrobeat_90_beat_4-4/track.npy,groove_midi,0,0.9982174688057042,0.99644128113879,0.99644128113879,0.9929078014184397,0.9859154929577465,0.9859154929577465
groove_midi/drummer8_session1_1_funk_95_beat_4-4/track.npy,groove_midi,0,0.9987760097919216,0.9975550122249389,0.9975550122249389,0.9951219512195122,0.9902912621359223,0.9902912621359223
groove_midi/drummer8_session1_28_rock_102_beat_4-4/track.npy,groove_midi,0,0.9984399375975038,0.9968847352024922,0.9968847352024922,1.0,1.0,1.0
groove_midi/drummer9_session1_22_rock_120_beat_4-4/track.npy,groove_midi,0,1.0,1.0,1.0,1.0,1.0,1.0
groove_midi/drummer9_session1_3_rock_100_beat_4-4/track.npy,groove_midi,0,1.0,1.0,1.0,1.0,1.0,1.0
guitarset/00_Jazz2-187-F#_comp_mix/track.npy,guitarset,0,0.6575342465753424,0.0,0.96,0.631578947368421,0.0,0.8571428571428571
guitarset/00_Jazz3-137-Eb_comp_mix/track.npy,guitarset,0,0.9615384615384616,0.9615384615384616,0.9615384615384616,0.888888888888889,0.9285714285714286,0.9285714285714286
guitarset/00_Rock1-90-C#_comp_mix/track.npy,guitarset,0,0.8809523809523809,0.7954545454545454,0.7954545454545454,1.0,1.0,1.0
guitarset/00_SS1-100-C#_comp_mix/track.npy,guitarset,0,0.9873417721518987,0.975,0.975,0.9473684210526316,0.9,0.9
guitarset/01_Jazz1-130-D_comp_mix/track.npy,guitarset,0,0.9866666666666666,0.9736842105263158,0.9736842105263158,0.9473684210526316,0.9,0.9
guitarset/01_Jazz2-187-F#_comp_mix/track.npy,guitarset,0,0.6575342465753424,0.0,0.96,0.631578947368421,0.0,0.8571428571428571
guitarset/01_Rock2-85-F_comp_mix/track.npy,guitarset,0,0.9911504424778761,0.9824561403508771,0.9824561403508771,0.9655172413793104,0.9333333333333333,0.9333333333333333
guitarset/01_SS2-107-Ab_comp_mix/track.npy,guitarset,0,0.7596899224806202,0.4189189189189189,0.4189189189189189,0.5185185185185186,0.7142857142857143,0.7142857142857143
guitarset/02_Funk2-108-Eb_comp_mix/track.npy,guitarset,0,1.0,1.0,1.0,1.0,1.0,1.0
guitarset/02_Funk2-119-G_comp_mix/track.npy,guitarset,0,1.0,1.0,1.0,1.0,1.0,1.0
guitarset/02_Rock1-130-A_comp_mix/track.npy,guitarset,0,1.0,1.0,1.0,1.0,1.0,1.0
guitarset/03_BN2-166-Ab_comp_mix/track.npy,guitarset,0,0.6753246753246753,0.04,0.8888888888888888,0.9565217391304348,0.9166666666666666,0.9166666666666666
guitarset/03_Funk1-114-Ab_comp_mix/track.npy,guitarset,0,0.9743589743589743,0.925,0.925,0.9473684210526316,0.9,0.9
guitarset/03_Funk1-97-C_comp_mix/track.npy,guitarset,0,0.9873417721518987,0.975,0.975,0.9473684210526316,0.9,0.9
guitarset/03_Rock3-148-C_comp_mix/track.npy,guitarset,0,0.9902912621359222,0.9807692307692307,0.9807692307692307,0.9600000000000001,0.9230769230769231,0.9230769230769231
guitarset/03_SS3-84-Bb_comp_mix/track.npy,guitarset,0,0.9824561403508771,0.9824561403508771,0.9824561403508771,0.9655172413793104,0.9333333333333333,0.9333333333333333
guitarset/04_BN1-129-Eb_comp_mix/track.npy,guitarset,0,0.9866666666666666,0.9736842105263158,0.9736842105263158,0.9473684210526316,0.9,0.9
guitarset/04_BN3-154-E_comp_mix/track.npy,guitarset,0,0.9902912621359222,0.9807692307692307,0.9807692307692307,0.9600000000000001,0.9230769230769231,0.9230769230769231
guitarset/04_Rock3-117-Bb_comp_mix/track.npy,guitarset,0,1.0,1.0,1.0,1.0,1.0,1.0
guitarset/04_Rock3-148-C_comp_mix/track.npy,guitarset,0,0.9902912621359222,0.9807692307692307,0.9807692307692307,0.9600000000000001,0.9230769230769231,0.9230769230769231
guitarset/04_SS1-68-E_comp_mix/track.npy,guitarset,0,0.6964285714285714,0.15714285714285714,0.6144578313253012,0.7200000000000001,0.2,0.47368421052631576
guitarset/05_BN2-166-Ab_comp_mix/track.npy,guitarset,0,1.0,1.0,1.0,1.0,1.0,1.0
guitarset/05_Funk2-119-G_comp_mix/track.npy,guitarset,0,0.9074074074074074,0.9074074074074074,0.9074074074074074,0.9230769230769231,1.0,1.0
hainsworth/hainsworth_018/track.npy,hainsworth,0,1.0,1.0,1.0,1.0,1.0,1.0
hainsworth/hainsworth_021/track.npy,hainsworth,0,1.0,1.0,1.0,1.0,1.0,1.0
hainsworth/hainsworth_037/track.npy,hainsworth,0,1.0,1.0,1.0,1.0,1.0,1.0
hainsworth/hainsworth_040/track.npy,hainsworth,0,1.0,1.0,1.0,1.0,1.0,1.0
hainsworth/hainsworth_049/track.npy,hainsworth,0,1.0,1.0,1.0,1.0,1.0,1.0
hainsworth/hainsworth_052/track.npy,hainsworth,0,1.0,1.0,1.0,1.0,1.0,1.0
hainsworth/hainsworth_061/track.npy,hainsworth,0,0.9090909090909092,0.8526315789473684,0.8526315789473684,0.9130434782608695,1.0,1.0
hainsworth/hainsworth_063/track.npy,hainsworth,0,1.0,1.0,1.0,0.9870129870129869,0.9743589743589743,0.9743589743589743
hainsworth/hainsworth_064/track.npy,hainsworth,0,1.0,1.0,1.0,1.0,1.0,1.0
hainsworth/hainsworth_076/track.npy,hainsworth,0,1.0,1.0,1.0,0.0,0.0,0.3888888888888889
hainsworth/hainsworth_096/track.npy,hainsworth,0,1.0,1.0,1.0,1.0,1.0,1.0
hainsworth/hainsworth_100/track.npy,hainsworth,0,1.0,1.0,1.0,1.0,1.0,1.0
hainsworth/hainsworth_106/track.npy,hainsworth,0,1.0,1.0,1.0,1.0,1.0,1.0
hainsworth/hainsworth_107/track.npy,hainsworth,0,0.803347280334728,0.6356589147286822,0.6356589147286822,0.30769230769230765,0.015873015873015872,0.4126984126984127
hainsworth/hainsworth_121/track.npy,hainsworth,0,0.9571428571428572,1.0,1.0,0.6792452830188679,0.0,1.0
hainsworth/hainsworth_122/track.npy,hainsworth,0,0.5370370370370371,0.8333333333333334,0.8333333333333334,0.43478260869565216,0.030303030303030304,0.12121212121212122
hainsworth/hainsworth_138/track.npy,hainsworth,0,0.8813559322033898,0.6484375,0.6484375,0.7333333333333333,0.5151515151515151,0.5151515151515151
hainsworth/hainsworth_143/track.npy,hainsworth,0,1.0,1.0,1.0,1.0,1.0,1.0
hainsworth/hainsworth_158/track.npy,hainsworth,0,1.0,1.0,1.0,0.0,0.0,0.9583333333333334
hainsworth/hainsworth_167/track.npy,hainsworth,0,1.0,1.0,1.0,1.0,1.0,1.0
hainsworth/hainsworth_179/track.npy,hainsworth,0,1.0,1.0,1.0,1.0,1.0,1.0
hainsworth/hainsworth_183/track.npy,hainsworth,0,1.0,1.0,1.0,1.0,1.0,1.0
hainsworth/hainsworth_187/track.npy,hainsworth,0,1.0,1.0,1.0,1.0,1.0,1.0
hainsworth/hainsworth_196/track.npy,hainsworth,0,1.0,1.0,1.0,0.4931506849315069,0.0,0.0
hainsworth/hainsworth_206/track.npy,hainsworth,0,0.7582417582417582,0.27927927927927926,0.5352112676056338,0.5625000000000001,0.3888888888888889,0.3888888888888889
hainsworth/hainsworth_223/track.npy,hainsworth,0,1.0,1.0,1.0,1.0,1.0,1.0
hainsworth/hainsworth_236/track.npy,hainsworth,0,1.0,1.0,1.0,0.0,0.0,1.0
hainsworth/hainsworth_240/track.npy,hainsworth,0,0.972972972972973,0.9819819819819819,0.9819819819819819,0.44117647058823534,0.35,0.35
harmonix/0030_bodymovin/track.npy,harmonix,0,1.0,1.0,1.0,1.0,1.0,1.0
harmonix/0040_bustamove/track.npy,harmonix,0,0.9990108803165183,0.9980237154150198,0.9980237154150198,1.0,1.0,1.0
harmonix/0049_closer/track.npy,harmonix,0,1.0,1.0,1.0,1.0,1.0,1.0
harmonix/0055_constantmotion/track.npy,harmonix,0,0.8539944903581268,0.5580246913580247,0.5580246913580247,0.7857142857142857,0.49158249158249157,0.49158249158249157
harmonix/0073_disturbia/track.npy,harmonix,0,0.9968387776606955,0.9936974789915967,0.9936974789915967,0.9957805907172996,0.9915966386554622,0.9915966386554622
harmonix/0077_dontsweat/track.npy,harmonix,0,1.0,1.0,1.0,1.0,1.0,1.0
harmonix/0080_down/track.npy,harmonix,0,1.0,1.0,1.0,1.0,1.0,1.0
harmonix/0081_downonme/track.npy,harmonix,0,1.0,1.0,1.0,1.0,1.0,1.0
harmonix/0084_dropitlikeitshot/track.npy,harmonix,0,0.9978768577494692,0.9957627118644068,0.9957627118644068,1.0,1.0,1.0
harmonix/0086_escapade/track.npy,harmonix,0,0.9990662931839402,0.9981343283582089,0.9981343283582089,1.0,1.0,1.0
harmonix/0091_fellonblackdays/track.npy,harmonix,0,0.9590254706533776,0.9514348785871964,0.9514348785871964,0.6153846153846154,0.3425925925925926,0.3425925925925926
harmonix/0102_gangstaluv/track.npy,harmonix,0,1.0,1.0,1.0,0.7413793103448276,0.373134328358209,0.373134328358209
harmonix/0126_heymami/track.npy,harmonix,0,0.9988597491448118,0.9977220956719818,0.9977220956719818,1.0,1.0,1.0
harmonix/0129_hotinherre/track.npy,harmonix,0,0.9802371541501976,0.9841897233201581,0.9841897233201581,0.984375,1.0,1.0
harmonix/0158_letitrock/track.npy,harmonix,0,1.0,1.0,1.0,1.0,1.0,1.0
harmonix/0159_letthemusicplay/track.npy,harmonix,0,1.0,1.0,1.0,1.0,1.0,1.0
harmonix/0161_limelight/track.npy,harmonix,0,0.9814471243042672,0.9761029411764706,0.9761029411764706,0.6972477064220183,0.4371584699453552,0.4371584699453552
harmonix/0164_low/track.npy,harmonix,0,0.9984962406015038,0.996996996996997,0.996996996996997,0.9940119760479043,0.9880952380952381,0.9880952380952381
harmonix/0191_newslang/track.npy,harmonix,0,0.9947643979057591,0.9895833333333334,0.9895833333333334,0.7659574468085107,0.46710526315789475,0.46710526315789475
harmonix/0207_oopsohmy/track.npy,harmonix,0,0.4721407624633431,0.0,0.26171875,0.4,0.0,0.6956521739130435
harmonix/0240_sandstorm/track.npy,harmonix,0,1.0,1.0,1.0,0.7571428571428571,0.7428571428571429,0.7428571428571429
harmonix/0250_sexyandiknowit/track.npy,harmonix,0,1.0,1.0,1.0,0.7484662576687118,0.7439024390243902,0.7439024390243902
harmonix/0254_sixsixsix/track.npy,harmonix,0,0.9264931087289434,0.8794642857142857,0.8794642857142857,0.664576802507837,0.5766871165644172,0.5766871165644172
harmonix/0258_sorry/track.npy,harmonix,0,0.9751013317892299,0.9599083619702177,0.9599083619702177,0.669683257918552,0.05154639175257732,0.8807947019867549
harmonix/0261_starships/track.npy,harmonix,0,1.0,1.0,1.0,1.0,1.0,1.0
harmonix/0265_straightlines/track.npy,harmonix,0,0.9980506822612086,0.9961089494163424,0.9961089494163424,0.8014440433212998,0.5419354838709678,0.5419354838709678
harmonix/0274_temperature/track.npy,harmonix,0,1.0,1.0,1.0,0.8356164383561644,0.7105263157894737,0.7105263157894737
harmonix/0283_thehumptydance/track.npy,harmonix,0,1.0,1.0,1.0,1.0,1.0,1.0
harmonix/0287_therewasatime/track.npy,harmonix,0,0.9822184589331076,0.9763912310286678,0.9763912310286678,0.9831649831649831,0.9932885906040269,0.9932885906040269
harmonix/0303_wakeupdead/track.npy,harmonix,0,0.8627087198515769,0.8131868131868132,0.8131868131868132,0.6545454545454544,0.21428571428571427,0.4419475655430712
harmonix/0315_whygo/track.npy,harmonix,0,0.975609756097561,0.9543010752688172,0.9543010752688172,0.9782608695652174,1.0,1.0
harmonix/0341_baggageclaim/track.npy,harmonix,0,0.9980582524271845,0.9961240310077519,0.9961240310077519,0.9922480620155039,0.9846153846153847,0.9846153846153847
harmonix/0343_banjo/track.npy,harmonix,0,0.9986320109439125,0.9972677595628415,0.9972677595628415,1.0,1.0,1.0
harmonix/0347_bitch/track.npy,harmonix,0,0.9845758354755785,0.9696202531645569,0.9696202531645569,0.9743589743589745,0.9494949494949495,0.9494949494949495
harmonix/0356_californiagurls/track.npy,harmonix,0,0.9968186638388122,0.9936575052854123,0.9936575052854123,1.0,1.0,1.0
harmonix/0357_cheers/track.npy,harmonix,0,0.9935691318327974,0.9871794871794872,0.9871794871794872,1.0,1.0,1.0
harmonix/0362_crazygirl/track.npy,harmonix,0,0.9282511210762332,0.8549450549450549,0.8549450549450549,0.974025974025974,1.0,1.0
harmonix/0365_dirtroadanthem/track.npy,harmonix,0,0.8714011516314779,0.54421768707483,0.54421768707483,0.6808510638297872,0.34523809523809523,0.34523809523809523
harmonix/0374_drunkonyou/track.npy,harmonix,0,0.9579831932773109,0.9193548387096774,0.9193548387096774,0.9579831932773109,0.9193548387096774,0.9193548387096774
harmonix/0379_et/track.npy,harmonix,0,0.7774725274725275,0.27415730337078653,0.5699115044247788,0.6799999999999999,0.06976744186046512,0.7943262411347518
harmonix/0383_feelsoclose/track.npy,harmonix,0,0.9964328180737217,0.9928909952606635,0.9928909952606635,1.0,1.0,1.0
harmonix/0389_gettinoveryou/track.npy,harmonix,0,0.9987063389391979,0.9974160206718347,0.9974160206718347,1.0,1.0,1.0
harmonix/0406_honeybee/track.npy,harmonix,0,1.0,1.0,1.0,1.0,1.0,1.0
harmonix/0412_ifitmakesyouhappy/track.npy,harmonix,0,0.9927884615384616,0.9856801909307876,0.9856801909307876,0.9952153110047847,0.9904761904761905,0.9904761904761905
harmonix/0413_ifyoucouldonlysee/track.npy,harmonix,0,0.9862327909887358,0.9580246913580247,0.9580246913580247,0.9751243781094527,0.9223300970873787,0.9223300970873787
harmonix/0418_inthedark/track.npy,harmonix,0,1.0,1.0,1.0,0.9217391304347826,0.9217391304347826,0.9217391304347826
harmonix/0421_ittakestwo/track.npy,harmonix,0,0.994750656167979,0.9895561357702349,0.9895561357702349,0.9947089947089947,0.9894736842105263,0.9894736842105263
harmonix/0426_justcantgetenough/track.npy,harmonix,0,0.9808743169398907,0.9645776566757494,0.9645776566757494,0.9726775956284153,0.9891304347826086,0.9891304347826086
harmonix/0433_lighters/track.npy,harmonix,0,0.997716894977169,0.9954441913439636,0.9954441913439636,1.0,1.0,1.0
harmonix/0462_oldalabama/track.npy,harmonix,0,0.9041769041769041,0.7434312210200927,0.7434312210200927,0.8701298701298702,0.7333333333333333,0.7333333333333333
harmonix/0468_openarms/track.npy,harmonix,0,0.9967948717948718,0.9936102236421726,0.9936102236421726,1.0,1.0,1.0
harmonix/0471_paradise/track.npy,harmonix,0,0.6645021645021645,0.0065252854812398045,0.9807073954983923,0.7029288702928871,0.1038961038961039,0.788235294117647
harmonix/0483_ridinsolo/track.npy,harmonix,0,1.0,1.0,1.0,1.0,1.0,1.0
harmonix/0490_showme/track.npy,harmonix,0,0.9989165763813651,0.9978354978354979,0.9978354978354979,0.9956709956709957,0.9913793103448276,0.9913793103448276
harmonix/0507_teenagedream/track.npy,harmonix,0,0.9919447640966629,0.9840182648401826,0.9840182648401826,0.9953917050691244,0.9908256880733946,0.9908256880733946
harmonix/0508_tennesseeme/track.npy,harmonix,0,0.9730769230769231,0.9961538461538462,0.9961538461538462,0.7297297297297298,0.42168674698795183,0.42168674698795183
harmonix/0518_timeaftertime/track.npy,harmonix,0,0.9591002044989775,0.8987854251012146,0.8987854251012146,0.9508196721311476,0.8629032258064516,0.8629032258064516
harmonix/0532_whistle/track.npy,harmonix,0,0.99867197875166,0.9973474801061007,0.9973474801061007,0.9740932642487047,0.898989898989899,0.898989898989899
harmonix/0536_workout/track.npy,harmonix,0,1.0,1.0,1.0,1.0,1.0,1.0
harmonix/0548_2getherextended/track.npy,harmonix,0,0.9987293519695045,0.9974619289340102,0.9974619289340102,0.9380952380952381,0.7668161434977578,0.7668161434977578
harmonix/0551_accordingtoyou/track.npy,harmonix,0,0.981640146878825,0.980440097799511,0.980440097799511,0.9803921568627451,0.9901960784313726,0.9901960784313726
harmonix/0552_addicted/track.npy,harmonix,0,0.6676016830294531,0.004210526315789474,0.9915966386554622,0.6666666666666666,0.0,1.0
harmonix/0558_allnightlong/track.npy,harmonix,0,0.9965870307167235,0.9909297052154195,0.9909297052154195,1.0,1.0,1.0
harmonix/0573_babyludacris/track.npy,harmonix,0,0.9977220956719818,0.9954545454545455,0.9954545454545455,1.0,1.0,1.0
harmonix/0582_beautifulday/track.npy,harmonix,0,0.9761222540592169,0.9733333333333334,0.9733333333333334,0.9770992366412213,1.0,1.0
harmonix/0587_bedrock/track.npy,harmonix,0,0.9971346704871061,0.9914285714285714,0.9914285714285714,0.956043956043956,0.8421052631578947,0.8421052631578947
harmonix/0591_biggirlsdontcry/track.npy,harmonix,0,0.9978401727861771,0.9956803455723542,0.9956803455723542,0.991304347826087,0.9826086956521739,0.9826086956521739
harmonix/0594_bleedinglove/track.npy,harmonix,0,0.9823232323232324,0.9848484848484849,0.9848484848484849,0.9797979797979798,0.98989898989899,0.98989898989899
harmonix/0598_boomboompow/track.npy,harmonix,0,0.997624703087886,0.995260663507109,0.995260663507109,1.0,1.0,1.0
harmonix/0600_breakeven/track.npy,harmonix,0,0.989821882951654,0.9798488664987406,0.9798488664987406,0.98989898989899,0.98,0.98
harmonix/0610_castle/track.npy,harmonix,0,0.9746707193515703,0.9619238476953907,0.9619238476953907,0.975609756097561,0.967741935483871,0.967741935483871
harmonix/0615_circus/track.npy,harmonix,0,0.9970588235294118,0.9941348973607038,0.9941348973607038,1.0,1.0,1.0
harmonix/0627_cowboyboots/track.npy,harmonix,0,0.8905547226386807,0.654891304347826,0.654891304347826,0.7976190476190477,0.6021505376344086,0.6021505376344086
harmonix/0628_crankthatsouljaboy/track.npy,harmonix,0,0.665785997357992,0.0,0.996039603960396,0.6666666666666666,0.0,0.9920634920634921
harmonix/0633_dancingmachine/track.npy,harmonix,0,0.987688098495212,0.962059620596206,0.962059620596206,0.9834254143646408,0.989010989010989,0.989010989010989
harmonix/0634_dangerous/track.npy,harmonix,0,0.9942857142857142,0.9886363636363636,0.9886363636363636,0.995433789954338,0.990909090909091,0.990909090909091
harmonix/0638_deadandgone/track.npy,harmonix,0,0.8655172413793104,0.6030769230769231,0.6030769230769231,0.8671328671328671,0.620253164556962,0.620253164556962
harmonix/0648_donttrustme/track.npy,harmonix,0,1.0,1.0,1.0,1.0,1.0,1.0
harmonix/0657_enursbonfire/track.npy,harmonix,0,0.9971910112359551,0.9943977591036415,0.9943977591036415,1.0,1.0,1.0
harmonix/0660_everymorning/track.npy,harmonix,0,0.9958643507030605,0.9884297520661157,0.9884297520661157,0.9773462783171522,0.9177215189873418,0.9177215189873418
harmonix/0664_eyesextendedmix/track.npy,harmonix,0,1.0,1.0,1.0,0.9691211401425179,0.8755760368663594,0.8755760368663594
harmonix/0683_foreverextendedmix/track.npy,harmonix,0,1.0,1.0,1.0,1.0,1.0,1.0
harmonix/0692_giveyourheartabreakdos/track.npy,harmonix,0,1.0,1.0,1.0,1.0,1.0,1.0
harmonix/0693_gold/track.npy,harmonix,0,0.9970501474926253,0.9941176470588236,0.9941176470588236,0.9883720930232558,0.9425287356321839,0.9425287356321839
harmonix/0699_gotmoney/track.npy,harmonix,0,0.9891135303265941,0.9784615384615385,0.9784615384615385,0.5777777777777777,0.0,0.8113207547169812
harmonix/0701_gottabeyou/track.npy,harmonix,0,0.815592203898051,0.6325966850828729,0.6325966850828729,0.7228915662650601,0.6555555555555556,0.6555555555555556
harmonix/0726_hotplay/track.npy,harmonix,0,0.9940239043824701,1.0,1.0,0.8571428571428571,0.8650793650793651,0.8650793650793651
harmonix/0732_idontwannabeinlove/track.npy,harmonix,0,0.9967069154774972,0.9934354485776805,0.9934354485776805,1.0,1.0,1.0
harmonix/0745_immabewolf/track.npy,harmonix,0,0.9977392614920875,0.9954887218045113,0.9954887218045113,1.0,1.0,1.0
harmonix/0750_ineedyourlove/track.npy,harmonix,0,0.9978586723768736,0.9914529914529915,0.9914529914529915,1.0,1.0,1.0
harmonix/0765_jimmyiovine/track.npy,harmonix,0,0.7522935779816513,0.2168421052631579,0.6295652173913043,0.6903553299492385,0.104,0.7202797202797203
harmonix/0767_justfine/track.npy,harmonix,0,0.9989550679205852,0.9979123173277662,0.9979123173277662,0.99581589958159,0.9916666666666667,0.9916666666666667
harmonix/0774_knockyoudown/track.npy,harmonix,0,0.9071986123156982,0.6629392971246006,0.6629392971246006,0.8951048951048951,0.6474358974358975,0.6474358974358975
harmonix/0778_letitrock/track.npy,harmonix,0,0.9952606635071091,0.9905660377358491,0.9905660377358491,0.9952606635071091,0.9905660377358491,0.9905660377358491
harmonix/0786_livelikeweredying/track.npy,harmonix,0,0.9838709677419354,0.9682539682539683,0.9682539682539683,0.9871794871794872,0.9746835443037974,0.9746835443037974
harmonix/0789_livingroom/track.npy,harmonix,0,0.9286898839137645,0.9174917491749175,0.9174917491749175,0.8917197452229298,0.8414634146341463,0.8414634146341463
harmonix/0792_lovedrunk/track.npy,harmonix,0,0.9912023460410557,0.98828125,0.98828125,0.9921875,0.9921875,0.9921875
harmonix/0821_myfeelingsforyou/track.npy,harmonix,0,0.9984615384615385,1.0,1.0,0.9418604651162791,0.7900552486187845,0.7900552486187845
harmonix/0828_neoncathedral/track.npy,harmonix,0,0.9971830985915493,0.9943820224719101,0.9943820224719101,1.0,1.0,1.0
harmonix/0829_nevertoolate/track.npy,harmonix,0,0.6754270696452037,0.038306451612903226,0.8830188679245283,0.6597938144329898,0.07258064516129033,0.7714285714285715
harmonix/0832_noone/track.npy,harmonix,0,1.0,1.0,1.0,1.0,1.0,1.0
harmonix/0836_notmyselftonight/track.npy,harmonix,0,0.997690531177829,0.9907834101382489,0.9907834101382489,1.0,1.0,1.0
harmonix/0838_nowimallmessedup/track.npy,harmonix,0,0.9950413223140495,0.9901315789473685,0.9901315789473685,0.832214765100671,0.7051282051282052,0.7051282051282052
harmonix/0862_pleasedontleaveme/track.npy,harmonix,0,0.9980302035456337,0.9960629921259843,0.9960629921259843,0.7162162162162162,0.37549407114624506,0.37549407114624506
harmonix/0863_pleasedontleavemedigi/track.npy,harmonix,0,0.9950641658440277,0.9921259842519685,0.9921259842519685,0.9960474308300395,0.9921259842519685,0.9921259842519685
harmonix/0869_raiseyourweapon/track.npy,harmonix,0,0.7613636363636365,0.373767258382643,0.373767258382643,0.8183807439824945,0.5708661417322834,0.5708661417322834
harmonix/0919_stereolove/track.npy,harmonix,0,0.984251968503937,0.9689320388349515,0.9689320388349515,0.9842519685039369,0.9689922480620154,0.9689922480620154
harmonix/0928_takeabow/track.npy,harmonix,0,0.8185952501263264,0.5978062157221207,0.5978062157221207,0.7629310344827587,0.7396694214876033,0.7396694214876033
harmonix/0934_teenagedreamkaskade/track.npy,harmonix,0,1.0,1.0,1.0,1.0,1.0,1.0
harmonix/0971_whatayawantfromme/track.npy,harmonix,0,0.9985007496251874,0.9970059880239521,0.9970059880239521,1.0,1.0,1.0
harmonix/0975_whathappensinvegas/track.npy,harmonix,0,0.9985401459854015,0.9970845481049563,0.9970845481049563,1.0,1.0,1.0
harmonix/0988_withyoukovas/track.npy,harmonix,0,0.9992395437262357,0.9984802431610942,0.9984802431610942,0.9969604863221885,0.9939393939393939,0.9939393939393939
harmonix/0993_youandidanny/track.npy,harmonix,0,0.9959514170040485,0.992936427850656,0.992936427850656,0.9959514170040485,0.9919354838709677,0.9919354838709677
harmonix/0995_youfoundme/track.npy,harmonix,0,0.8826291079812207,0.5910364145658263,0.5910364145658263,0.8461538461538461,0.5348837209302325,0.5348837209302325
hjdb/hjdb_6_Million_Ways_To_Die_(DJ_Hype_Remix)/track.npy,hjdb,0,1.0,1.0,1.0,1.0,1.0,1.0
hjdb/hjdb_A_Musical_Box/track.npy,hjdb,0,1.0,1.0,1.0,1.0,1.0,1.0
hjdb/hjdb_Aftershock/track.npy,hjdb,0,1.0,1.0,1.0,1.0,1.0,1.0
hjdb/hjdb_Beyond_Bass/track.npy,hjdb,0,1.0,1.0,1.0,1.0,1.0,1.0
hjdb/hjdb_Cookin_Up_Yah_Brain/track.npy,hjdb,0,0.9956709956709957,0.9913793103448276,0.9913793103448276,1.0,1.0,1.0
hjdb/hjdb_Crackman_The_Return_(DJ_Ron_Remix)/track.npy,hjdb,0,1.0,1.0,1.0,1.0,1.0,1.0
hjdb/hjdb_Damage/track.npy,hjdb,0,1.0,1.0,1.0,1.0,1.0,1.0
hjdb/hjdb_Dark_Angel/track.npy,hjdb,0,1.0,1.0,1.0,1.0,1.0,1.0
hjdb/hjdb_Enticer/track.npy,hjdb,0,1.0,1.0,1.0,1.0,1.0,1.0
hjdb/hjdb_Feel_(Feel_Good)/track.npy,hjdb,0,1.0,1.0,1.0,1.0,1.0,1.0
hjdb/hjdb_Ghetto_People_(Remix)/track.npy,hjdb,0,1.0,1.0,1.0,1.0,1.0,1.0
hjdb/hjdb_Ghetto_People/track.npy,hjdb,0,0.98989898989899,0.98,0.98,1.0,1.0,1.0
hjdb/hjdb_I_Wanna_Be_Your_Lover/track.npy,hjdb,0,0.7798742138364779,0.75,0.75,0.8000000000000002,1.0,1.0
hjdb/hjdb_Music/track.npy,hjdb,0,1.0,1.0,1.0,1.0,1.0,1.0
hjdb/hjdb_New_Direction/track.npy,hjdb,0,1.0,1.0,1.0,1.0,1.0,1.0
hjdb/hjdb_Nightmare_Walking/track.npy,hjdb,0,1.0,1.0,1.0,1.0,1.0,1.0
hjdb/hjdb_Open_Secrets/track.npy,hjdb,0,0.9958847736625513,0.9918032786885246,0.9918032786885246,1.0,1.0,1.0
hjdb/hjdb_R_Yeah/track.npy,hjdb,0,1.0,1.0,1.0,1.0,1.0,1.0
hjdb/hjdb_Re-Baptised_By_Dub_(Selectors_Revenge)/track.npy,hjdb,0,1.0,1.0,1.0,1.0,1.0,1.0
hjdb/hjdb_Right_Before_My_Eyes/track.npy,hjdb,0,1.0,1.0,1.0,1.0,1.0,1.0
hjdb/hjdb_Special_Request/track.npy,hjdb,0,1.0,1.0,1.0,1.0,1.0,1.0
hjdb/hjdb_Sweet_Sensation_(12_Mix)/track.npy,hjdb,0,1.0,1.0,1.0,1.0,1.0,1.0
hjdb/hjdb_The_End_(Alternative_Version)/track.npy,hjdb,0,1.0,1.0,1.0,1.0,1.0,1.0
hjdb/hjdb_The_Helicopter_Tune/track.npy,hjdb,0,1.0,1.0,1.0,1.0,1.0,1.0
hjdb/hjdb_This_Way/track.npy,hjdb,0,0.3603603603603603,0.047619047619047616,0.3968253968253968,0.43478260869565216,0.9166666666666666,0.9166666666666666
hjdb/hjdb_Time_Bomb_(Remix)/track.npy,hjdb,0,1.0,1.0,1.0,1.0,1.0,1.0
hjdb/hjdb_Time_Bomb/track.npy,hjdb,0,1.0,1.0,1.0,0.8,0.36666666666666664,0.46153846153846156
hjdb/hjdb_Touch_Somebody/track.npy,hjdb,0,1.0,1.0,1.0,1.0,1.0,1.0
hjdb/hjdb_Twisted/track.npy,hjdb,0,1.0,1.0,1.0,1.0,1.0,1.0
jaah/jaah_003-louis_armstrong_and_his_hot_seven-big_butter_and_egg_man_from_the_west/track.npy,jaah,0,0.999131190269331,0.9947916666666666,0.9947916666666666,1.0,1.0,1.0
jaah/jaah_023-dexter_gordon-dexter_rides_again/track.npy,jaah,0,1.0,1.0,1.0,1.0,1.0,1.0
jaah/jaah_025-django_reinhardt-dinah/track.npy,jaah,0,0.9885714285714287,0.9809885931558935,0.9809885931558935,0.9847328244274809,0.9847328244274809,0.9847328244274809
jaah/jaah_026-fats_waller_and_his_rhythm-dinah/track.npy,jaah,0,0.9962658700522778,0.9821428571428571,0.9821428571428571,0.9653179190751445,0.8659217877094972,0.8659217877094972
jaah/jaah_027-red_nichols_his_five_pennies-dinah/track.npy,jaah,0,1.0,1.0,1.0,1.0,1.0,1.0
jaah/jaah_043-eddie_lang_lonnie_johnson-a_handful_of_riffs/track.npy,jaah,0,0.9978213507625272,0.9956458635703919,0.9956458635703919,0.9883720930232558,0.9883720930232558,0.9883720930232558
jaah/jaah_047-meade_lux_lewis-honky_tonk_train_blues/track.npy,jaah,0,0.9886714727085478,0.9572301425661914,0.9572301425661914,0.9163346613545816,0.7954545454545454,0.7954545454545454
jaah/jaah_055-bunks_brass_band-in_gloryland/track.npy,jaah,0,0.9974337040205303,0.9914675767918089,0.9914675767918089,1.0,1.0,1.0
jaah/jaah_057-duke_ellington_and_his_orchestra-isfahan/track.npy,jaah,0,0.9145299145299146,0.9364406779661016,0.9364406779661016,0.7142857142857142,0.38271604938271603,0.38271604938271603
jaah/jaah_069-quintette_du_hot_club_de_france-minor_swing/track.npy,jaah,0,0.9960095770151636,0.9936305732484076,0.9936305732484076,0.9968051118210862,0.9936305732484076,0.9936305732484076
jaah/jaah_078-count_basie_and_his_orchestra-one_oclock_jump/track.npy,jaah,0,0.9989949748743718,0.9979919678714859,0.9979919678714859,1.0,1.0,1.0
jaah/jaah_087-frankie_trumbauer_and_his_orchestra-singin_the_blues_til_my_daddy_comes_home/track.npy,jaah,0,0.749034749034749,0.8174807197943444,0.8174807197943444,0.7422680412371134,1.0,1.0
jaah/jaah_091-louis_armstrong_and_his_hot_five-struttin_with_some_barbecue/track.npy,jaah,0,0.9594843462246777,0.8558718861209964,0.8558718861209964,0.7007299270072992,0.6737588652482269,0.6737588652482269
jaah/jaah_098-coleman_hawkins_quartet-the_man_i_love/track.npy,jaah,0,1.0,0.9951923076923077,0.9951923076923077,1.0,1.0,1.0
jaah/jaah_105-louis_armstrong_earl_hines-weather_bird/track.npy,jaah,0,0.9604519774011299,0.8672727272727273,0.8672727272727273,0.9578544061302682,0.9548872180451128,0.9548872180451128
rwc/rwc_classical_CD1_01/track.npy,rwc_classical,0,0.6964393482196741,0.14955577492596248,0.14955577492596248,0.7216748768472906,0.2731182795698925,0.3953823953823954
rwc/rwc_classical_CD1_02/track.npy,rwc_classical,0,0.6724494010739362,0.053899809765377296,0.8187203791469194,0.8164794007490637,0.7512315270935961,0.7512315270935961
rwc/rwc_classical_CD3_03/track.npy,rwc_classical,0,0.8270980788675428,0.5399628252788105,0.5399628252788105,0.6753528773072747,0.34014869888475835,0.34014869888475835
rwc/rwc_classical_CD3_07/track.npy,rwc_classical,0,0.5956204379562045,0.13658020116463737,0.13658020116463737,0.6317907444668008,0.151033386327504,0.5150684931506849
rwc/rwc_classical_CD4_02/track.npy,rwc_classical,0,0.6832786885245902,0.18881856540084388,0.5845620121422377,0.6464646464646464,0.5292207792207793,0.5292207792207793
rwc/rwc_classical_CD5_09/track.npy,rwc_classical,0,0.4580419580419581,0.006016847172081829,0.019230769230769232,0.6903914590747331,0.6783216783216783,0.6783216783216783
rwc/rwc_classical_CD5_11/track.npy,rwc_classical,0,0.9893617021276594,0.9894179894179894,0.9894179894179894,1.0,1.0,1.0
rwc/rwc_classical_CD6_10/track.npy,rwc_classical,0,0.6903073286052009,0.24723247232472326,0.42244224422442245,0.6266666666666666,0.20202020202020202,0.20202020202020202
rwc/rwc_jazz_CD1_03/track.npy,rwc_jazz,0,0.4566929133858268,0.31868131868131866,0.31868131868131866,0.30303030303030304,0.5299145299145299,0.5299145299145299
rwc/rwc_jazz_CD1_06/track.npy,rwc_jazz,0,0.9174757281553398,0.9,0.9,0.9246231155778896,0.9504950495049505,0.9504950495049505
rwc/rwc_jazz_CD1_13/track.npy,rwc_jazz,0,0.7581120943952803,0.7449856733524355,0.7449856733524355,0.7256097560975608,0.9085365853658537,0.9085365853658537
rwc/rwc_jazz_CD4_04/track.npy,rwc_jazz,0,0.9986577181208054,0.9973190348525469,0.9973190348525469,1.0,1.0,1.0
rwc/rwc_jazz_CD4_05/track.npy,rwc_jazz,0,0.7602040816326531,0.38,0.38,0.8517745302713987,0.8174273858921162,0.8174273858921162
rwc/rwc_jazz_CD4_06/track.npy,rwc_jazz,0,0.7714061272584446,0.7313664596273292,0.7313664596273292,0.7675159235668789,0.7682539682539683,0.7682539682539683
rwc/rwc_popular_CD2_15/track.npy,rwc_popular,0,0.9576923076923076,0.9502868068833652,0.9502868068833652,0.9767441860465116,1.0,1.0
rwc/rwc_popular_CD3_04/track.npy,rwc_popular,0,0.8676470588235295,0.8513119533527697,0.8513119533527697,0.8647058823529411,0.9883040935672515,0.9883040935672515
rwc/rwc_popular_CD3_14/track.npy,rwc_popular,0,0.9990375360923965,0.9980769230769231,0.9980769230769231,1.0,1.0,1.0
rwc/rwc_popular_CD4_05/track.npy,rwc_popular,0,0.9978021978021978,0.993421052631579,0.993421052631579,0.9912280701754386,1.0,1.0
rwc/rwc_popular_CD4_09/track.npy,rwc_popular,0,0.9543147208121828,0.9695945945945946,0.9695945945945946,0.9271523178807948,0.922077922077922,0.922077922077922
rwc/rwc_popular_CD4_16/track.npy,rwc_popular,0,0.9978401727861772,0.9956896551724138,0.9956896551724138,1.0,1.0,1.0
rwc/rwc_popular_CD5_06/track.npy,rwc_popular,0,0.9937106918238994,0.9899497487437185,0.9899497487437185,0.98989898989899,1.0,1.0
rwc/rwc_popular_CD5_12/track.npy,rwc_popular,0,0.9899799599198397,0.9760956175298805,0.9760956175298805,0.976,0.9365079365079365,0.9365079365079365
rwc/rwc_popular_CD5_16/track.npy,rwc_popular,0,0.9927536231884058,0.9856115107913669,0.9856115107913669,0.9928057553956835,0.9857142857142858,0.9857142857142858
rwc/rwc_popular_CD6_01/track.npy,rwc_popular,0,1.0,1.0,1.0,1.0,1.0,1.0
rwc/rwc_popular_CD7_03/track.npy,rwc_popular,0,0.9972677595628415,0.9945504087193461,0.9945504087193461,1.0,1.0,1.0
rwc/rwc_popular_CD7_06/track.npy,rwc_popular,0,0.9991503823279524,0.99830220713073,0.99830220713073,1.0,1.0,1.0
rwc/rwc_popular_CD7_09/track.npy,rwc_popular,0,0.9820689655172413,0.989010989010989,0.989010989010989,0.9281767955801106,0.9230769230769231,0.9230769230769231
rwc/rwc_royalty-free_CD1_04/track.npy,rwc_royalty-free,0,0.963768115942029,0.9712230215827338,0.9712230215827338,0.9411764705882354,0.9142857142857143,0.9142857142857143
rwc/rwc_royalty-free_CD1_13/track.npy,rwc_royalty-free,0,0.9797570850202428,0.9603174603174603,0.9603174603174603,0.9879518072289156,0.9761904761904762,0.9761904761904762
simac/simac_A_vida_me_fez_assim_01-Acalanto/track.npy,simac,0,0.9777777777777777,0.9565217391304348,0.9565217391304348,nan,nan,nan
simac/simac_Albedo_0.39_01-Pulstar/track.npy,simac,0,0.7692307692307692,0.3225806451612903,0.42857142857142855,nan,nan,nan
simac/simac_Alfagamabetizado_06-Tour/track.npy,simac,0,0.9803921568627451,0.9615384615384616,0.9615384615384616,nan,nan,nan
simac/simac_Amber_04-Slip/track.npy,simac,0,0.0,0.0,0.0,nan,nan,nan
simac/simac_Amber_11-Teartear/track.npy,simac,0,0.6666666666666666,0.0,0.9736842105263158,nan,nan,nan
simac/simac_As_time_goes_by_disk_2_02-Ive_got_five_dollars/track.npy,simac,0,0.9333333333333333,0.9666666666666667,0.9666666666666667,nan,nan,nan
simac/simac_As_time_goes_by_disk_3_08-Have_you_et_Miss_Jones/track.npy,simac,0,0.7755102040816326,0.88,0.88,nan,nan,nan
simac/simac_BACH_WTC_06-Prelude_and_Fugue_No._3_in_C-sharp_major_BWV_872_-_2._Fuga/track.npy,simac,0,1.0,1.0,1.0,nan,nan,nan
simac/simac_Bach_Bach_-_Cello_suite_1_G_-_01_Prelude/track.npy,simac,0,0.8888888888888888,0.9629629629629629,0.9629629629629629,nan,nan,nan
simac/simac_Bach_The_Well-Tempered_Clavier_II_(Disc_1)_18-Prelude_and_Fugue_No._9_in_E_major_BWV_878_-_2._Fuga/track.npy,simac,0,0.6486486486486487,0.0,1.0,nan,nan,nan
simac/simac_Bach_The_Well-Tempered_Clavier_II_(Disc_2)_04-Prelude_and_Fugue_No._14_F-sharp_minor_BWV_883_-_2._Fuga/track.npy,simac,0,0.8400000000000001,0.5,0.5,nan,nan,nan
simac/simac_Bach_The_Well-Tempered_Clavier_II_(Disc_2)_13-Prelude_and_Fugue_No._19_A_major_BWV_888_-_1._Praeludium/track.npy,simac,0,1.0,1.0,1.0,nan,nan,nan
simac/simac_Bach_The_Well-Tempered_Clavier_II_(Disc_2)_16-Prelude_and_Fugue_No._20_A_minor_BWV_889_-_2._Fuga/track.npy,simac,0,1.0,1.0,1.0,nan,nan,nan
simac/simac_Bach_The_Well-Tempered_Clavier_II_(Disc_2)_20-Prelude_and_Fugue_No._22_B-flat_minor_BWV_891_-_2._Fuga/track.npy,simac,0,0.0,0.0,0.9583333333333334,nan,nan,nan
simac/simac_Bach_The_Well-Tempered_Clavier_II_(Disc_2)_23-Prelude_and_Fugue_No._24_B_minor_BWV_893_-_1._Praeludium/track.npy,simac,0,0.9361702127659574,0.9583333333333334,0.9583333333333334,nan,nan,nan
simac/simac_Beethoven_-_The_String_Quartets_#1_04-F_major_op._18_no._1_-_Allegro/track.npy,simac,0,0.6407766990291262,0.0,0.7681159420289855,nan,nan,nan
simac/simac_Beethoven_-_The_String_Quartets_#1_10-D_major_op._18_no._3_-_Andante_con_moto/track.npy,simac,0,0.7037037037037037,0.05714285714285714,0.8918918918918919,nan,nan,nan
simac/simac_Bela_Bartok_01-The_Miraculous_Mandarin_1.1_Allegro_1.2_Curtain/track.npy,simac,0,0.4999999999999999,0.28,0.28,nan,nan,nan
simac/simac_Billie_Holiday_CD1_09-Lets_call_a_heart_to_heart/track.npy,simac,0,0.96,1.0,1.0,nan,nan,nan
simac/simac_Billie_Holiday_CD1_14-Loverman/track.npy,simac,0,0.75,1.0,1.0,nan,nan,nan
simac/simac_Cafe_Zimmermann_04-Concerto_pour_deux_violons_&_cordes_en_r_mineur_BWV_1043_-_Largo_ma_non_tanto/track.npy,simac,0,0.9230769230769231,0.9615384615384616,0.9615384615384616,nan,nan,nan
simac/simac_Cafe_Zimmermann_07-Suite_en_ut_majeur_BWV_1066_-_Courante/track.npy,simac,0,0.9500000000000001,1.0,1.0,nan,nan,nan
simac/simac_Cafe_Zimmermann_10-Suite_en_ut_majeur_BWV_1066_-_Menuets_I_&_II/track.npy,simac,0,1.0,0.9743589743589743,0.9743589743589743,nan,nan,nan
simac/simac_Cafe_Zimmermann_13-Concerto_pour_hautbois_&_violon_en_ut_mineur_BWV_1060_-_Allegro/track.npy,simac,0,0.9803921568627451,0.9615384615384616,0.9615384615384616,nan,nan,nan
simac/simac_Chopin_Piano_Concerto_No._1_etc_01-I_Allegro_maestoso_risoluto/track.npy,simac,0,0.7647058823529413,0.5263157894736842,0.5263157894736842,nan,nan,nan
simac/simac_Clandestino_-_esperando_la_ultima_ola_02-Desaparecido/track.npy,simac,0,1.0,1.0,1.0,nan,nan,nan
simac/simac_Clandestino_-_esperando_la_ultima_ola_03-Bongo_bong/track.npy,simac,0,0.6666666666666666,0.0,0.9736842105263158,nan,nan,nan
simac/simac_Clandestino_-_esperando_la_ultima_ola_05-Mentira/track.npy,simac,0,0.6666666666666666,0.0,0.9736842105263158,nan,nan,nan
simac/simac_Classic_Vivaldi_-_Stabat_Mater_01/track.npy,simac,0,0.5555555555555556,0.0,0.9583333333333334,nan,nan,nan
simac/simac_Classic_Vivaldi_-_Stabat_Mater_09/track.npy,simac,0,0.489795918367347,0.0,0.0,nan,nan,nan
simac/simac_DGG_419_047-2_02-Toccata_u._Fuge_d-moll_BWV_565_-_II_Fuge/track.npy,simac,0,0.9500000000000001,1.0,1.0,nan,nan,nan
simac/simac_Eres_luz_07-En_una_canasta_(Rumba-Tango)/track.npy,simac,0,0.9411764705882353,0.9230769230769231,0.9230769230769231,nan,nan,nan
simac/simac_Fado_05-AudioTrack_05/track.npy,simac,0,0.4109589041095891,0.0,0.5714285714285714,nan,nan,nan
simac/simac_Family_Tree_-_Greatest_Hits_As_Chosen_By_Bjork_07-Bachelorette/track.npy,simac,0,0.96,1.0,1.0,nan,nan,nan
simac/simac_Gold_-_Greatest_Hits_02-Knowing_Me_Knowing_You/track.npy,simac,0,1.0,1.0,1.0,nan,nan,nan
simac/simac_Gold_-_Greatest_Hits_10-S._O._S/track.npy,simac,0,1.0,1.0,1.0,nan,nan,nan
simac/simac_Gold_-_Greatest_Hits_15-Does_Your_Mother_Know/track.npy,simac,0,1.0,1.0,1.0,nan,nan,nan
simac/simac_Gold_-_Greatest_Hits_17-The_Name_Of_The_Game/track.npy,simac,0,0.6666666666666666,0.0,1.0,nan,nan,nan
simac/simac_Kocani_Orkester_Trubaci_-_Solo_tapan/track.npy,simac,0,0.6969696969696969,0.06976744186046512,0.8666666666666667,nan,nan,nan
simac/simac_Niandra_LaDes_and_Usually_Just_a_T-Shirt_18-Usually_Just_a_T-Shirt_Untitled_6/track.npy,simac,0,0.9333333333333332,0.9130434782608695,0.9130434782608695,nan,nan,nan
simac/simac_Papakonstantinou_01-AudioTrack_01/track.npy,simac,0,0.5384615384615384,0.0,0.8571428571428571,nan,nan,nan
simac/simac_Papakonstantinou_06-AudioTrack_06/track.npy,simac,0,0.64,0.0,0.9696969696969697,nan,nan,nan
simac/simac_Papakonstantinou_18-AudioTrack_18/track.npy,simac,0,1.0,1.0,1.0,nan,nan,nan
simac/simac_Papakonstantinou_20-AudioTrack_20/track.npy,simac,0,1.0,1.0,1.0,nan,nan,nan
simac/simac_Primer_Aliento_09-Brigada_de_demolicion/track.npy,simac,0,0.6774193548387097,0.0,1.0,nan,nan,nan
simac/simac_Primer_Aliento_11-La_television_es_nutritiva/track.npy,simac,0,0.6567164179104478,0.0,0.9555555555555556,nan,nan,nan
simac/simac_R.A.F.I_08-Hypocrite/track.npy,simac,0,1.0,1.0,1.0,nan,nan,nan
simac/simac_Samba_na_Madrugada_08-Mascarada/track.npy,simac,0,0.5901639344262295,0.0,0.6976744186046512,nan,nan,nan
simac/simac_So_Cartola_01-Quem_me_Ve_Sorrindo_Sei_Chorar_Alegria/track.npy,simac,0,0.16,0.12,0.24,nan,nan,nan
simac/simac_So_Cartola_16-Sofreguidao/track.npy,simac,0,0.9565217391304348,0.9565217391304348,0.9565217391304348,nan,nan,nan
simac/simac_So_Cartola_17-A_Mesma_Historia/track.npy,simac,0,0.896551724137931,1.0,1.0,nan,nan,nan
simac/simac_So_Cartola_18-Peito_Vazio/track.npy,simac,0,0.0,0.0,0.9615384615384616,nan,nan,nan
simac/simac_Songs_Adalberto_(Adalberto_Alvarez_y_su_son)_-_Sobre_tu_piel/track.npy,simac,0,0.65625,0.0,0.9534883720930233,nan,nan,nan
simac/simac_Songs_Afrocuba_-_Cambio_de_Clima/track.npy,simac,0,0.0,0.07692307692307693,0.11538461538461539,nan,nan,nan
simac/simac_Tales_Of_Mystery_And_Imagination_05-_The_System_Of_Doctor_Tarr_And_Professor_Fether/track.npy,simac,0,1.0,1.0,1.0,nan,nan,nan
simac/simac_Tales_Of_Mystery_And_Imagination_11-To_One_In_Paradise/track.npy,simac,0,0.9500000000000001,1.0,1.0,nan,nan,nan
simac/simac_Xatzidakis_11-AudioTrack_11/track.npy,simac,0,1.0,1.0,1.0,nan,nan,nan
simac/simac_a_love_supreme_part_1_acknowledgement/track.npy,simac,0,0.7671232876712328,0.42857142857142855,0.42857142857142855,nan,nan,nan
simac/simac_aire_07-La_Alcoba_y_la_mosca/track.npy,simac,0,1.0,1.0,1.0,nan,nan,nan
simac/simac_blues_roots_es_flat_ahs_flat_too/track.npy,simac,0,0.6725663716814159,0.0,0.6933333333333334,nan,nan,nan
simac/simac_blues_roots_moanin/track.npy,simac,0,0.6585365853658536,0.0,0.9272727272727272,nan,nan,nan
simac/simac_greek_Gkoles_-_Atimi_tyxi/track.npy,simac,0,1.0,1.0,1.0,nan,nan,nan
simac/simac_more_greek_Gkoles_-_O_8ermastis/track.npy,simac,0,0.6666666666666666,0.0,0.9666666666666667,nan,nan,nan
simac/simac_more_greek_Gkoles_-_Xatzikyriakeio/track.npy,simac,0,0.6666666666666666,0.0,0.9259259259259259,nan,nan,nan
simac/simac_more_greek_Glykeria_-_To_agalma/track.npy,simac,0,0.6521739130434783,0.0,0.9354838709677419,nan,nan,nan
simac/simac_more_greek_Ksylouris_-_Afton_ton_kosmo_ton_kalo/track.npy,simac,0,0.6818181818181819,0.0,1.0,nan,nan,nan
simac/simac_more_greek_Marinella_-_Koita_me_sta_matia/track.npy,simac,0,0.6666666666666666,0.0,0.9642857142857143,nan,nan,nan
simac/simac_more_greek_Marinella_-_Prin_to_xarama/track.npy,simac,0,0.9142857142857143,0.7894736842105263,0.7894736842105263,nan,nan,nan
simac/simac_more_greek_Mitropanos_-_Brexei_sti_ftwxogeitonia/track.npy,simac,0,1.0,1.0,1.0,nan,nan,nan
simac/simac_more_greek_Mosxoliou_-_Koimisou_palikari/track.npy,simac,0,0.5714285714285714,0.0,0.9130434782608695,nan,nan,nan
simac/simac_more_greek_Mpi8ikwtsis_-_H_mpalanta_tou_Antrikou/track.npy,simac,0,0.9841269841269841,0.96875,0.96875,nan,nan,nan
simac/simac_more_greek_Mpi8ikwtsis_-_Sto_perigiali_to_kryfo/track.npy,simac,0,0.6511627906976745,0.0,0.9310344827586207,nan,nan,nan
simac/simac_more_greek_Mpi8ikwtsis_-_Xrysoprasino_fyllo/track.npy,simac,0,0.6341463414634146,0.0,1.0,nan,nan,nan
simac/simac_selected_ambient_works_8592_ageispolis/track.npy,simac,0,1.0,1.0,1.0,nan,nan,nan
simac/simac_selected_ambient_works_8592_xtal/track.npy,simac,0,1.0,1.0,1.0,nan,nan,nan
smc/smc_005/track.npy,smc,0,0.39215686274509803,0.6428571428571429,0.6428571428571429,nan,nan,nan
smc/smc_011/track.npy,smc,0,0.7652173913043478,0.515625,0.515625,nan,nan,nan
smc/smc_022/track.npy,smc,0,0.9487179487179489,0.875,0.875,nan,nan,nan
smc/smc_042/track.npy,smc,0,0.8333333333333334,0.6060606060606061,0.6060606060606061,nan,nan,nan
smc/smc_044/track.npy,smc,0,0.7749999999999999,0.627906976744186,0.627906976744186,nan,nan,nan
smc/smc_054/track.npy,smc,0,0.9444444444444445,0.9459459459459459,0.9459459459459459,nan,nan,nan
smc/smc_055/track.npy,smc,0,0.6031746031746031,0.1282051282051282,0.625,nan,nan,nan
smc/smc_067/track.npy,smc,0,0.8712871287128714,0.9411764705882353,0.9411764705882353,nan,nan,nan
smc/smc_088/track.npy,smc,0,0.5,0.5526315789473685,0.5526315789473685,nan,nan,nan
smc/smc_099/track.npy,smc,0,0.5454545454545454,0.9090909090909091,0.9090909090909091,nan,nan,nan
smc/smc_103/track.npy,smc,0,0.43010752688172044,0.18518518518518517,0.18518518518518517,nan,nan,nan
smc/smc_135/track.npy,smc,0,0.8409090909090908,0.6739130434782609,0.6739130434782609,nan,nan,nan
smc/smc_150/track.npy,smc,0,0.9696969696969697,0.9117647058823529,0.9117647058823529,nan,nan,nan
smc/smc_168/track.npy,smc,0,0.3,0.024390243902439025,0.6097560975609756,nan,nan,nan
smc/smc_171/track.npy,smc,0,0.49462365591397855,0.0,0.8253968253968254,nan,nan,nan
smc/smc_179/track.npy,smc,0,0.5357142857142858,0.2,0.4634146341463415,nan,nan,nan
smc/smc_188/track.npy,smc,0,0.9642857142857143,1.0,1.0,nan,nan,nan
smc/smc_190/track.npy,smc,0,0.4819277108433735,0.1320754716981132,0.3898305084745763,nan,nan,nan
smc/smc_197/track.npy,smc,0,0.42857142857142855,1.0,1.0,nan,nan,nan
smc/smc_208/track.npy,smc,0,0.8125,0.8787878787878788,0.8787878787878788,nan,nan,nan
smc/smc_212/track.npy,smc,0,0.4782608695652174,0.5,0.5,nan,nan,nan
smc/smc_237/track.npy,smc,0,0.4931506849315068,0.7894736842105263,0.7894736842105263,nan,nan,nan
smc/smc_241/track.npy,smc,0,0.3409090909090909,0.6888888888888889,0.6888888888888889,nan,nan,nan
smc/smc_260/track.npy,smc,0,0.8288288288288289,0.7241379310344828,0.7241379310344828,nan,nan,nan
smc/smc_274/track.npy,smc,0,0.0,0.0,0.9879518072289156,nan,nan,nan
smc/smc_286/track.npy,smc,0,1.0,1.0,1.0,nan,nan,nan
smc/smc_289/track.npy,smc,0,1.0,1.0,1.0,nan,nan,nan
tapcorrect/001_youtube_fV4DiAyExN0/track.npy,tapcorrect,0,0.993485342019544,0.9870550161812298,0.9870550161812298,0.9935483870967742,0.9871794871794872,0.9871794871794872
tapcorrect/011_youtube_M7u5SdjDSQQ/track.npy,tapcorrect,0,0.9898580121703854,0.9799196787148594,0.9799196787148594,1.0,1.0,1.0
tapcorrect/019_youtube_jSDukB1pc30/track.npy,tapcorrect,0,0.9924953095684803,0.9757462686567164,0.9757462686567164,0.9887005649717514,0.9887005649717514,0.9887005649717514
tapcorrect/024_youtube_S4X_l8PIobc/track.npy,tapcorrect,0,0.9978494623655914,0.9957081545064378,0.9957081545064378,0.9914529914529915,0.9830508474576272,0.9830508474576272
tapcorrect/032_youtube_zsmUOdmm02A/track.npy,tapcorrect,0,0.9971671388101983,0.9915254237288136,0.9915254237288136,0.9943502824858756,0.9887640449438202,0.9887640449438202
tapcorrect/041_youtube_Eh44QPT1mPE/track.npy,tapcorrect,0,0.949343339587242,0.8489208633093526,0.8489208633093526,0.65625,0.0546875,0.8125
tapcorrect/046_youtube_ebZZpVFUQDY/track.npy,tapcorrect,0,0.6346153846153847,0.0,0.8952042628774423,0.6435643564356435,0.0,0.9629629629629629
tapcorrect/047_youtube_WNa60w5HOB4/track.npy,tapcorrect,0,0.890716803760282,0.8735362997658079,0.8735362997658079,0.8050847457627118,0.6384615384615384,0.6384615384615384
tapcorrect/057_youtube_UrN3-lDk9Rs/track.npy,tapcorrect,0,0.9356632247815727,0.8598425196850393,0.8598425196850393,0.9400921658986177,0.8899082568807339,0.8899082568807339
tapcorrect/068_youtube_a8LcePfI6Hs/track.npy,tapcorrect,0,0.939463601532567,0.874439461883408,0.874439461883408,0.8191881918819187,0.41139240506329117,0.41139240506329117
tapcorrect/069_youtube_8kl6q_9qZOs/track.npy,tapcorrect,0,0.9665379665379665,0.9363295880149812,0.9363295880149812,0.9494949494949495,0.9082125603864735,0.9082125603864735
tapcorrect/086_youtube_-2WQ_caqBiY/track.npy,tapcorrect,0,1.0,1.0,1.0,1.0,1.0,1.0
tapcorrect/099_youtube_WHWqj6gKS9g/track.npy,tapcorrect,0,0.6976744186046512,0.15925925925925927,0.68125,0.6349206349206349,0.4925373134328358,0.4925373134328358
asap/Bach_Fugue_bwv_860_Ko04M/track.npy,asap,1,0.47177419354838707,0.0060790273556231,0.0060790273556231,0.5204081632653061,0.2920353982300885,0.2920353982300885
asap/Bach_Fugue_bwv_860_Nikiforov05M/track.npy,asap,1,0.46709129511677283,0.006578947368421052,0.009009009009009009,0.3854166666666667,0.2018348623853211,0.2018348623853211
asap/Bach_Fugue_bwv_860_Tetzloff04M/track.npy,asap,1,0.48895899053627767,0.0,0.01284796573875803,0.55,0.012738853503184714,0.7696969696969697
asap/Bach_Fugue_bwv_860_TuanS01M/track.npy,asap,1,0.4735883424408015,0.0,0.002617801047120419,0.5560975609756097,0.20491803278688525,0.2787878787878788
asap/Bach_Fugue_bwv_860_YoungS01M/track.npy,asap,1,0.5362035225048923,0.03768115942028986,0.03768115942028986,0.43076923076923074,0.22321428571428573,0.22321428571428573
asap/Bach_Fugue_bwv_860_ZhangH04M/track.npy,asap,1,0.47039473684210525,0.0022675736961451248,0.0045351473922902496,0.5541125541125541,0.07432432432432433,0.5757575757575758
asap/Bach_Fugue_bwv_880_LeungR01M/track.npy,asap,1,1.0,1.0,1.0,0.5810055865921787,0.5483870967741935,0.5483870967741935
asap/Bach_Fugue_bwv_880_WangA04M/track.npy,asap,1,1.0,1.0,1.0,0.6630434782608696,0.6063829787234043,0.6063829787234043
asap/Bach_Fugue_bwv_893_Kleisen04M/track.npy,asap,1,0.7906976744186046,0.3485915492957746,0.3485915492957746,0.5641025641025641,0.2736842105263158,0.2736842105263158
asap/Bach_Fugue_bwv_893_Levitsky04M/track.npy,asap,1,0.6912442396313364,0.10211267605633803,0.37333333333333335,0.33333333333333326,0.09473684210526316,0.09473684210526316
asap/Bach_Fugue_bwv_893_Wong01M/track.npy,asap,1,0.6872427983539094,0.26666666666666666,0.3482587064676617,0.4871794871794871,0.22105263157894736,0.2459016393442623
asap/Bach_Prelude_bwv_864_SunD01M/track.npy,asap,1,0.6666666666666667,0.5157894736842106,0.5157894736842106,0.3529411764705882,0.0,0.4782608695652174
asap/Bach_Prelude_bwv_884_LiA01M/track.npy,asap,1,0.9851851851851852,0.9485294117647058,0.9485294117647058,0.9655172413793104,0.9318181818181818,0.9318181818181818
asap/Bach_Prelude_bwv_887_LiYZ01M/track.npy,asap,1,0.9896373056994819,0.9742268041237113,0.9742268041237113,0.8,0.3333333333333333,0.5052631578947369
asap/Balakirev_Islamey_CHEN10M/track.npy,asap,1,0.7473884140550807,0.4753946146703807,0.4753946146703807,0.49591280653950953,0.25888324873096447,0.25888324873096447
asap/Balakirev_Islamey_Na08M/track.npy,asap,1,0.7072792978833248,0.3333333333333333,0.3333333333333333,0.5116959064327485,0.36231884057971014,0.36231884057971014
asap/Balakirev_Islamey_Yi04M/track.npy,asap,1,0.8207592503604036,0.6457142857142857,0.6457142857142857,0.5786350148367952,0.4117647058823529,0.4117647058823529
asap/Beethoven_Piano_Sonatas_17-2_USHIKI05M/track.npy,asap,1,0.7209944751381214,0.28708133971291866,0.3878887070376432,0.4444444444444445,0.06666666666666667,0.06666666666666667
asap/Beethoven_Piano_Sonatas_26-1_HuNY02M/track.npy,asap,1,0.6418808091853473,0.008368200836820083,0.8123028391167192,0.8620102214650767,0.6905537459283387,0.6905537459283387
asap/Beethoven_Piano_Sonatas_26-1_Sham03M/track.npy,asap,1,0.6446644664466448,0.018410041841004185,0.8202247191011236,0.8295254833040422,0.5928338762214984,0.5928338762214984
asap/Beethoven_Piano_Sonatas_26-1_Zhdanov05M/track.npy,asap,1,0.6028011204481792,0.0066945606694560665,0.725752508361204,0.8229166666666666,0.6221498371335505,0.6221498371335505
asap/Beethoven_Piano_Sonatas_26-1_no_repeat_Kim02M/track.npy,asap,1,0.6402116402116402,0.05188199389623601,0.6578449905482041,0.7804878048780488,0.4763779527559055,0.4763779527559055
asap/Beethoven_Piano_Sonatas_4-1_Chon03M/track.npy,asap,1,0.8667122351332877,0.7938829787234043,0.7938829787234043,0.5811965811965812,0.24157303370786518,0.37117903930131
asap/Beethoven_Piano_Sonatas_4-1_LeeE02M/track.npy,asap,1,0.8504551365409623,0.694074969770254,0.694074969770254,0.6554054054054054,0.2949438202247191,0.3771186440677966
asap/Beethoven_Piano_Sonatas_4-1_LiA04M/track.npy,asap,1,0.8672086720867208,0.788235294117647,0.788235294117647,0.6840390879478828,0.3960674157303371,0.3960674157303371
asap/Beethoven_Piano_Sonatas_4-1_SirajA02M/track.npy,asap,1,0.907343857240906,0.8281879194630872,0.8281879194630872,0.5989847715736041,0.2443820224719101,0.3446808510638298
asap/Chopin_Etudes_op_10_10_WangH02M/track.npy,asap,1,0.7372549019607842,0.29931972789115646,0.3888888888888889,0.6459627329192548,0.4367816091954023,0.4367816091954023
asap/Chopin_Etudes_op_10_4_Duepree06M/track.npy,asap,1,0.9561128526645768,0.8796296296296297,0.8796296296296297,0.9308176100628932,0.9125,0.9125
asap/Chopin_Etudes_op_10_4_Knoll03M/track.npy,asap,1,0.9904153354632588,0.9488817891373802,0.9488817891373802,0.980891719745223,0.9873417721518988,0.9873417721518988
asap/Chopin_Etudes_op_10_4_Kurz03M/track.npy,asap,1,0.9763779527559056,0.9283489096573209,0.9283489096573209,0.44565217391304346,0.20952380952380953,0.20952380952380953
asap/Chopin_Etudes_op_10_4_LeeSH03M/track.npy,asap,1,0.980952380952381,0.9337539432176656,0.9337539432176656,0.8607594936708861,0.8607594936708861,0.8607594936708861
asap/Chopin_Etudes_op_10_4_Sladek03M/track.npy,asap,1,0.9295774647887323,0.7668711656441718,0.7668711656441718,0.5513513513513514,0.2830188679245283,0.2830188679245283
asap/Chopin_Etudes_op_10_4_Yi03M/track.npy,asap,1,0.9589905362776026,0.915625,0.915625,0.9316770186335404,0.9390243902439024,0.9390243902439024
asap/Chopin_Etudes_op_10_4_ZhangE03M/track.npy,asap,1,0.9903846153846154,0.9265175718849841,0.9265175718849841,0.9230769230769232,0.7333333333333333,0.7333333333333333
asap/Chopin_Etudes_op_10_4_ZhaoA03M/track.npy,asap,1,0.9904458598726115,0.9490445859872612,0.9490445859872612,0.9746835443037974,1.0,1.0
asap/Chopin_Etudes_op_25_11_KimSuyeon03M/track.npy,asap,1,0.8945362134688692,0.781021897810219,0.781021897810219,0.8541666666666667,0.7959183673469388,0.7959183673469388
asap/Chopin_Etudes_op_25_11_KyykhynenT10M/track.npy,asap,1,0.9270166453265045,0.8366336633663366,0.8366336633663366,0.8969072164948454,0.7777777777777778,0.7777777777777778
asap/Chopin_Etudes_op_25_11_Lisiecki07M/track.npy,asap,1,0.8281622911694512,0.6543478260869565,0.6543478260869565,0.6465517241379309,0.3795620437956204,0.3795620437956204
asap/Chopin_Etudes_op_25_11_MiyashitaM03M/track.npy,asap,1,0.9214929214929215,0.8525,0.8525,0.7713004484304932,0.4453125,0.4453125
asap/Chopin_Etudes_op_25_11_Sham02M/track.npy,asap,1,0.9093198992443324,0.8173076923076923,0.8173076923076923,0.7304347826086955,0.37037037037037035,0.37037037037037035
asap/Chopin_Etudes_op_25_11_Shychko03M/track.npy,asap,1,0.9010152284263959,0.7961165048543689,0.7961165048543689,0.7685589519650656,0.4148148148148148,0.4148148148148148
asap/Chopin_Etudes_op_25_11_Song02M/track.npy,asap,1,0.926208651399491,0.8431372549019608,0.8431372549019608,0.825242718446602,0.7027027027027027,0.7027027027027027
asap/Chopin_Etudes_op_25_11_WangA02M/track.npy,asap,1,0.8592964824120604,0.7410926365795725,0.7410926365795725,0.7312775330396475,0.3609022556390977,0.3609022556390977
asap/Chopin_Sonata_3_4th_GarritsonL11M/track.npy,asap,1,0.8730964467005077,0.7207062600321027,0.7207062600321027,0.8035398230088496,0.6736842105263158,0.6736842105263158
asap/Chopin_Sonata_3_4th_HuangSW06M/track.npy,asap,1,0.906832298136646,0.8151408450704225,0.8151408450704225,0.7920433996383364,0.725,0.725
asap/Chopin_Sonata_3_4th_KimSJ10M/track.npy,asap,1,0.7959479015918959,0.4591961023142509,0.4591961023142509,0.7308319738988579,0.49698795180722893,0.49698795180722893
asap/Chopin_Sonata_3_4th_KimSY23M/track.npy,asap,1,0.8266871165644173,0.5591397849462365,0.5591397849462365,0.7692307692307693,0.6295081967213115,0.6295081967213115
asap/Haydn_Keyboard_Sonatas_39-1_Yarden07M/track.npy,asap,1,0.7327249022164276,0.35698924731182796,0.35698924731182796,0.7658227848101266,0.6727272727272727,0.6727272727272727
asap/Haydn_Keyboard_Sonatas_48-2_GarritsonL03M/track.npy,asap,1,0.7304730473047305,0.17801047120418848,0.6696428571428571,0.6399999999999999,0.10452961672473868,0.3619631901840491
asap/Haydn_Keyboard_Sonatas_48-2_PrjevalskayaM03M/track.npy,asap,1,0.820100502512563,0.44076655052264807,0.44076655052264807,0.6794871794871794,0.2682926829268293,0.2682926829268293
asap/Mozart_Piano_Sonatas_12-3_MunA05M/track.npy,asap,1,0.9471585244267198,0.8601532567049809,0.8601532567049809,0.8385650224215248,0.6291666666666667,0.6291666666666667
asap/Mozart_Piano_Sonatas_12-3_WuuE04M/track.npy,asap,1,0.8784688995215311,0.7109929078014184,0.7109929078014184,0.7671232876712328,0.39166666666666666,0.39166666666666666
asap/Schubert_Impromptu_op.90_D.899_4_no_repeat_Huang10M/track.npy,asap,1,0.8559946416610851,0.6572481572481572,0.6572481572481572,0.7372881355932203,0.46691176470588236,0.46691176470588236
asap/Schubert_Impromptu_op.90_D.899_4_no_repeat_Lin11M/track.npy,asap,1,0.8671875,0.6801968019680197,0.6801968019680197,0.7612903225806451,0.4944649446494465,0.4944649446494465
asap/Schubert_Impromptu_op.90_D.899_4_no_repeat_LuoJ09M/track.npy,asap,1,0.8201133144475921,0.5399753997539976,0.5399753997539976,0.7858719646799116,0.43911439114391143,0.43911439114391143
asap/Schubert_Impromptu_op.90_D.899_4_no_repeat_WongWY08M/track.npy,asap,1,0.7332361516034984,0.3936039360393604,0.3936039360393604,0.6728110599078342,0.3025830258302583,0.3025830258302583
asap/Schubert_Moment_Musical_no_1_MunA10M/track.npy,asap,1,0.8003894839337876,0.5173611111111112,0.5173611111111112,0.4342857142857143,0.1407035175879397,0.1407035175879397
ballroom/ballroom_Albums-AnaBelen_Veneo-03/track.npy,ballroom,1,1.0,1.0,1.0,1.0,1.0,1.0
ballroom/ballroom_Albums-Ballroom_Classics4-05/track.npy,ballroom,1,0.9041095890410958,0.972972972972973,0.972972972972973,0.9166666666666666,1.0,1.0
ballroom/ballroom_Albums-Ballroom_Magic-03/track.npy,ballroom,1,0.9459459459459459,1.0,1.0,0.8799999999999999,0.6923076923076923,0.6923076923076923
ballroom/ballroom_Albums-Ballroom_Magic-11/track.npy,ballroom,1,0.9932885906040269,0.9866666666666667,0.9866666666666667,1.0,1.0,1.0
ballroom/ballroom_Albums-Cafe_Paradiso-05/track.npy,ballroom,1,1.0,1.0,1.0,1.0,1.0,1.0
ballroom/ballroom_Albums-Cafe_Paradiso-08/track.npy,ballroom,1,0.9902912621359222,0.9807692307692307,0.9807692307692307,1.0,1.0,1.0
ballroom/ballroom_Albums-Cafe_Paradiso-11/track.npy,ballroom,1,1.0,1.0,1.0,1.0,1.0,1.0
ballroom/ballroom_Albums-Cafe_Paradiso-16/track.npy,ballroom,1,0.993006993006993,0.9861111111111112,0.9861111111111112,1.0,1.0,1.0
ballroom/ballroom_Albums-Chrisanne1-01/track.npy,ballroom,1,1.0,1.0,1.0,1.0,1.0,1.0
ballroom/ballroom_Albums-Chrisanne1-04/track.npy,ballroom,1,0.9906542056074767,0.9814814814814815,0.9814814814814815,0.962962962962963,0.9285714285714286,0.9285714285714286
ballroom/ballroom_Albums-Chrisanne1-14/track.npy,ballroom,1,0.9940119760479043,0.9523809523809523,0.9523809523809523,0.975609756097561,0.9523809523809523,0.9523809523809523
ballroom/ballroom_Albums-Chrisanne2-05/track.npy,ballroom,1,1.0,1.0,1.0,0.5,0.42857142857142855,0.42857142857142855
ballroom/ballroom_Albums-Chrisanne2-06/track.npy,ballroom,1,1.0,1.0,1.0,1.0,1.0,1.0
ballroom/ballroom_Albums-Chrisanne3-01/track.npy,ballroom,1,0.9859154929577464,0.9722222222222222,0.9722222222222222,0.9565217391304348,0.9166666666666666,0.9166666666666666
ballroom/ballroom_Albums-Chrisanne3-02/track.npy,ballroom,1,1.0,1.0,1.0,1.0,1.0,1.0
ballroom/ballroom_Albums-Chrisanne3-06/track.npy,ballroom,1,1.0,1.0,1.0,1.0,1.0,1.0
ballroom/ballroom_Albums-Chrisanne3-09/track.npy,ballroom,1,0.9932885906040269,0.9866666666666667,0.9866666666666667,1.0,1.0,1.0
ballroom/ballroom_Albums-GloriaEstefan_MiTierra-11/track.npy,ballroom,1,1.0,1.0,1.0,1.0,1.0,1.0
ballroom/ballroom_Albums-Latin_Jam-04/track.npy,ballroom,1,1.0,1.0,1.0,1.0,1.0,1.0
ballroom/ballroom_Albums-Latin_Jam-08/track.npy,ballroom,1,1.0,1.0,1.0,1.0,1.0,1.0
ballroom/ballroom_Albums-Latin_Jam-09/track.npy,ballroom,1,0.9885057471264368,0.9772727272727273,0.9772727272727273,1.0,1.0,1.0
ballroom/ballroom_Albums-Latin_Jam-11/track.npy,ballroom,1,0.9931972789115647,0.9864864864864865,0.9864864864864865,0.972972972972973,0.9473684210526315,0.9473684210526315
ballroom/ballroom_Albums-Latin_Jam2-05/track.npy,ballroom,1,1.0,1.0,1.0,1.0,1.0,1.0
ballroom/ballroom_Albums-Latin_Jam2-07/track.npy,ballroom,1,0.9885057471264368,0.9772727272727273,0.9772727272727273,1.0,1.0,1.0
ballroom/ballroom_Albums-Latin_Jam3-01/track.npy,ballroom,1,0.9902912621359222,0.9807692307692307,0.9807692307692307,1.0,1.0,1.0
ballroom/ballroom_Albums-Latin_Jam3-06/track.npy,ballroom,1,1.0,1.0,1.0,1.0,1.0,1.0
ballroom/ballroom_Albums-Latin_Jam4-05/track.npy,ballroom,1,1.0,1.0,1.0,0.7727272727272727,0.34615384615384615,0.4857142857142857
ballroom/ballroom_Albums-Pais_Tropical-11/track.npy,ballroom,1,1.0,1.0,1.0,1.0,1.0,1.0
ballroom/ballroom_Albums-Pais_Tropical-15/track.npy,ballroom,1,1.0,1.0,1.0,1.0,1.0,1.0
ballroom/ballroom_Albums-Step_By_Step-15/track.npy,ballroom,1,0.9941520467836257,0.9767441860465116,0.9767441860465116,1.0,1.0,1.0
ballroom/ballroom_Albums-Step_By_Step-17/track.npy,ballroom,1,1.0,1.0,1.0,1.0,1.0,1.0
ballroom/ballroom_Albums-StrictlyDancing_Tango-08/track.npy,ballroom,1,0.9902912621359222,0.9807692307692307,0.9807692307692307,1.0,1.0,1.0
ballroom/ballroom_Media-100606/track.npy,ballroom,1,1.0,1.0,1.0,1.0,1.0,1.0
ballroom/ballroom_Media-100615/track.npy,ballroom,1,1.0,1.0,1.0,1.0,1.0,1.0
ballroom/ballroom_Media-103403/track.npy,ballroom,1,0.98989898989899,0.98,0.98,0.9600000000000001,0.9230769230769231,0.9230769230769231
ballroom/ballroom_Media-103404/track.npy,ballroom,1,0.9902912621359222,0.9807692307692307,0.9807692307692307,1.0,1.0,1.0
ballroom/ballroom_Media-103416/track.npy,ballroom,1,1.0,1.0,1.0,1.0,1.0,1.0
ballroom/ballroom_Media-103506/track.npy,ballroom,1,0.9866666666666666,0.9736842105263158,0.9736842105263158,1.0,1.0,1.0
ballroom/ballroom_Media-103513/track.npy,ballroom,1,1.0,1.0,1.0,1.0,1.0,1.0
ballroom/ballroom_Media-103516/track.npy,ballroom,1,0.9928057553956835,0.9857142857142858,0.9857142857142858,1.0,1.0,1.0
ballroom/ballroom_Media-103601/track.npy,ballroom,1,0.9896907216494846,0.9795918367346939,0.9795918367346939,1.0,1.0,1.0
ballroom/ballroom_Media-103609/track.npy,ballroom,1,1.0,1.0,1.0,1.0,1.0,1.0
ballroom/ballroom_Media-103707/track.npy,ballroom,1,1.0,1.0,1.0,1.0,1.0,1.0
ballroom/ballroom_Media-103711/track.npy,ballroom,1,1.0,1.0,1.0,1.0,1.0,1.0
ballroom/ballroom_Media-103719/track.npy,ballroom,1,1.0,1.0,1.0,1.0,1.0,1.0
ballroom/ballroom_Media-103801/track.npy,ballroom,1,0.27450980392156865,0.25,0.6730769230769231,0.24000000000000002,0.8461538461538461,0.8461538461538461
ballroom/ballroom_Media-103802/track.npy,ballroom,1,1.0,1.0,1.0,1.0,1.0,1.0
ballroom/ballroom_Media-103805/track.npy,ballroom,1,1.0,1.0,1.0,1.0,1.0,1.0
ballroom/ballroom_Media-103806/track.npy,ballroom,1,1.0,1.0,1.0,1.0,1.0,1.0
ballroom/ballroom_Media-103810/track.npy,ballroom,1,1.0,1.0,1.0,1.0,1.0,1.0
ballroom/ballroom_Media-103908/track.npy,ballroom,1,1.0,1.0,1.0,1.0,1.0,1.0
ballroom/ballroom_Media-103911/track.npy,ballroom,1,0.5531914893617021,0.38235294117647056,0.38235294117647056,0.6153846153846153,0.4444444444444444,0.4444444444444444
ballroom/ballroom_Media-104004/track.npy,ballroom,1,0.9876543209876543,0.975609756097561,0.975609756097561,0.0,0.0,0.0
ballroom/ballroom_Media-104206/track.npy,ballroom,1,0.9906542056074767,0.9814814814814815,0.9814814814814815,0.962962962962963,0.9285714285714286,0.9285714285714286
ballroom/ballroom_Media-104209/track.npy,ballroom,1,0.9868421052631579,0.974025974025974,0.974025974025974,0.9803921568627451,0.9615384615384616,0.9615384615384616
ballroom/ballroom_Media-104216/track.npy,ballroom,1,0.9940119760479043,0.9880952380952381,0.9880952380952381,0.975609756097561,0.9523809523809523,0.9523809523809523
ballroom/ballroom_Media-104308/track.npy,ballroom,1,1.0,1.0,1.0,1.0,1.0,1.0
ballroom/ballroom_Media-104317/track.npy,ballroom,1,0.9942857142857142,0.9886363636363636,0.9886363636363636,1.0,1.0,1.0
ballroom/ballroom_Media-104507/track.npy,ballroom,1,0.9933774834437086,0.9868421052631579,0.9868421052631579,1.0,1.0,1.0
ballroom/ballroom_Media-104807/track.npy,ballroom,1,0.9909909909909909,0.9821428571428571,0.9821428571428571,1.0,1.0,1.0
ballroom/ballroom_Media-104901/track.npy,ballroom,1,1.0,1.0,1.0,1.0,1.0,1.0
ballroom/ballroom_Media-104908/track.npy,ballroom,1,0.9931972789115647,0.9864864864864865,0.9864864864864865,0.9795918367346939,0.96,0.96
ballroom/ballroom_Media-104918/track.npy,ballroom,1,0.9941520467836257,0.9883720930232558,0.9883720930232558,1.0,1.0,1.0
ballroom/ballroom_Media-105002/track.npy,ballroom,1,1.0,1.0,1.0,1.0,1.0,1.0
ballroom/ballroom_Media-105005/track.npy,ballroom,1,0.9863013698630138,0.972972972972973,0.972972972972973,1.0,1.0,1.0
ballroom/ballroom_Media-105011/track.npy,ballroom,1,0.9933774834437086,0.9868421052631579,0.9868421052631579,0.9803921568627451,0.9615384615384616,0.9615384615384616
ballroom/ballroom_Media-105103/track.npy,ballroom,1,0.9859154929577464,0.9722222222222222,0.9722222222222222,0.9565217391304348,0.9166666666666666,0.9166666666666666
ballroom/ballroom_Media-105210/track.npy,ballroom,1,1.0,1.0,1.0,1.0,1.0,1.0
ballroom/ballroom_Media-105304/track.npy,ballroom,1,0.9859154929577464,0.9722222222222222,0.9722222222222222,0.9565217391304348,0.9166666666666666,0.9166666666666666
ballroom/ballroom_Media-105313/track.npy,ballroom,1,0.988095238095238,0.9647058823529412,0.9647058823529412,0.975609756097561,0.9523809523809523,0.9523809523809523
ballroom/ballroom_Media-105317/track.npy,ballroom,1,0.9906542056074767,0.9814814814814815,0.9814814814814815,1.0,1.0,1.0
ballroom/ballroom_Media-105402/track.npy,ballroom,1,0.9879518072289156,0.9761904761904762,0.9761904761904762,1.0,1.0,1.0
ballroom/ballroom_Media-105411/track.npy,ballroom,1,1.0,1.0,1.0,1.0,1.0,1.0
ballroom/ballroom_Media-105415/track.npy,ballroom,1,0.9861111111111112,0.9726027397260274,0.9726027397260274,1.0,1.0,1.0
ballroom/ballroom_Media-105502/track.npy,ballroom,1,0.9589041095890412,0.972972972972973,0.972972972972973,1.0,1.0,1.0
ballroom/ballroom_Media-105509/track.npy,ballroom,1,0.9932885906040269,0.9733333333333334,0.9733333333333334,1.0,1.0,1.0
ballroom/ballroom_Media-105607/track.npy,ballroom,1,0.9879518072289156,0.9761904761904762,0.9761904761904762,1.0,1.0,1.0
ballroom/ballroom_Media-105706/track.npy,ballroom,1,0.9724770642201834,0.9464285714285714,0.9464285714285714,0.962962962962963,0.9285714285714286,0.9285714285714286
ballroom/ballroom_Media-105715/track.npy,ballroom,1,0.9826589595375723,0.9659090909090909,0.9659090909090909,1.0,1.0,1.0
ballroom/ballroom_Media-105717/track.npy,ballroom,1,0.9770114942528736,0.9550561797752809,0.9550561797752809,0.9777777777777777,0.9565217391304348,0.9565217391304348
ballroom/ballroom_Media-105805/track.npy,ballroom,1,0.9722222222222222,1.0,1.0,1.0,1.0,1.0
ballroom/ballroom_Media-105904/track.npy,ballroom,1,1.0,1.0,1.0,1.0,1.0,1.0
ballroom/ballroom_Media-106107/track.npy,ballroom,1,0.9761904761904763,0.9534883720930233,0.9534883720930233,0.9523809523809523,0.9090909090909091,0.9090909090909091
ballroom/ballroom_Media-106109/track.npy,ballroom,1,0.9772727272727273,0.9555555555555556,0.9555555555555556,0.9565217391304348,0.9166666666666666,0.9166666666666666
ballroom/ballroom_Media-106116/track.npy,ballroom,1,0.9793103448275862,0.9594594594594594,0.9594594594594594,1.0,1.0,1.0
ballroom/ballroom_Media-106117/track.npy,ballroom,1,0.9743589743589743,0.95,0.95,1.0,1.0,1.0
beatles/beatles_01_Please_Please_Me_02_Misery/track.npy,beatles,1,0.9684684684684685,0.9553571428571429,0.9553571428571429,0.972972972972973,0.9642857142857143,0.9642857142857143
beatles/beatles_01_Please_Please_Me_07_Please_Please_Me/track.npy,beatles,1,1.0,1.0,1.0,1.0,1.0,1.0
beatles/beatles_02_With_the_Beatles_11_I_Wanna_Be_Your_Man/track.npy,beatles,1,0.7494646680942184,0.2698961937716263,0.543661971830986,0.7719298245614036,0.3088235294117647,0.46153846153846156
beatles/beatles_03_A_Hard_Days_Night_02_I_Should_Have_Known_Better/track.npy,beatles,1,0.9955290611028316,0.9910979228486647,0.9910979228486647,1.0,1.0,1.0
beatles/beatles_03_A_Hard_Days_Night_05_And_I_Love_Her/track.npy,beatles,1,0.9981167608286252,0.9962406015037594,0.9962406015037594,1.0,1.0,1.0
beatles/beatles_04_Beatles_for_Sale_03_Babys_In_Black/track.npy,beatles,1,0.5284280936454849,0.6,0.6,0.2926829268292683,0.3333333333333333,0.3582089552238806
beatles/beatles_04_Beatles_for_Sale_06_Mr_Moonlight/track.npy,beatles,1,0.9886914378029079,0.9967741935483871,0.9967741935483871,0.9806451612903225,0.9871794871794872,0.9871794871794872
beatles/beatles_05_Help_05_Another_Girl/track.npy,beatles,1,0.6640926640926641,0.0029154518950437317,0.9770773638968482,0.6356589147286822,0.0,0.9418604651162791
beatles/beatles_05_Help_12_Ive_Just_Seen_a_Face/track.npy,beatles,1,0.8196721311475411,0.6809338521400778,0.6809338521400778,0.7966101694915254,0.85,0.85
beatles/beatles_06_Rubber_Soul_02_Norwegian_Wood_(This_Bird_Has_Flown)/track.npy,beatles,1,0.9941348973607038,0.9853372434017595,0.9853372434017595,0.898550724637681,0.631578947368421,0.631578947368421
beatles/beatles_07_Revolver_01_Taxman/track.npy,beatles,1,0.9955156950672646,0.9910714285714286,0.9910714285714286,1.0,1.0,1.0
beatles/beatles_07_Revolver_05_Here_There_And_Everywhere/track.npy,beatles,1,0.9753424657534248,0.9726775956284153,0.9726775956284153,0.9782608695652174,1.0,1.0
beatles/beatles_08_Sgt_Peppers_Lonely_Hearts_Club_Band_08_Within_You_Without_You/track.npy,beatles,1,0.7896060352053647,0.6895424836601307,0.6895424836601307,0.49720670391061444,0.23394495412844038,0.23394495412844038
beatles/beatles_08_Sgt_Peppers_Lonely_Hearts_Club_Band_10_Lovely_Rita/track.npy,beatles,1,1.0,1.0,1.0,1.0,1.0,1.0
beatles/beatles_09_Magical_Mystery_Tour_08_Strawberry_Fields_Forever/track.npy,beatles,1,0.9037433155080214,0.9023746701846965,0.9023746701846965,0.6929824561403509,0.32575757575757575,0.36649214659685864
beatles/beatles_10_CD1_The_Beatles_07_While_My_Guitar_Gently_Weeps/track.npy,beatles,1,0.974903474903475,0.9165085388994307,0.9165085388994307,0.9652509652509653,0.8939393939393939,0.8939393939393939
beatles/beatles_10_CD1_The_Beatles_12_Piggies/track.npy,beatles,1,0.9791044776119403,0.9644970414201184,0.9644970414201184,0.7321428571428572,0.2,0.6506024096385542
beatles/beatles_10_CD1_The_Beatles_17_Julia/track.npy,beatles,1,0.7265469061876247,0.16037735849056603,0.7205479452054795,0.8148148148148148,0.5869565217391305,0.5869565217391305
beatles/beatles_10_CD2_The_Beatles_02_Yer_Blues/track.npy,beatles,1,0.9235127478753542,0.8805147058823529,0.8805147058823529,0.7870967741935484,0.6035502958579881,0.6035502958579881
beatles/beatles_11_Abbey_Road_04_Oh_Darling/track.npy,beatles,1,0.4947089947089947,0.0,0.0,0.5193370165745856,0.0,0.41044776119402987
beatles/beatles_11_Abbey_Road_06_I_Want_You/track.npy,beatles,1,0.9398099260823654,0.8171603677221655,0.8171603677221655,0.6797642436149313,0.19805194805194806,0.5187032418952618
beatles/beatles_12_Let_It_Be_07_Maggie_Mae/track.npy,beatles,1,0.6569343065693432,0.0,0.967391304347826,0.6470588235294118,0.0,0.9130434782608695
candombe/csic.1995_ansina1_01/track.npy,candombe,1,0.9990800367985281,0.9981617647058824,0.9981617647058824,1.0,1.0,1.0
candombe/csic.1995_cuareim_02/track.npy,candombe,1,0.9993674889310563,0.9987357774968394,0.9987357774968394,1.0,1.0,1.0
candombe/proyecto.1992_lobo_06/track.npy,candombe,1,0.997289972899729,0.9945945945945946,0.9945945945945946,0.9945945945945946,0.989247311827957,0.989247311827957
candombe/zavala.muniz.2014_52/track.npy,candombe,1,0.9987029831387808,0.9974093264248705,0.9974093264248705,1.0,1.0,1.0
candombe/zavala.muniz.2014_55/track.npy,candombe,1,0.9990281827016522,0.9980582524271845,0.9980582524271845,1.0,1.0,1.0
filosax/filosax_04/track.npy,filosax,1,1.0,1.0,1.0,1.0,1.0,1.0
filosax/filosax_05/track.npy,filosax,1,0.9991266375545852,0.9982547993019197,0.9982547993019197,1.0,1.0,1.0
filosax/filosax_09/track.npy,filosax,1,0.9967776584317938,0.9900071377587437,0.9900071377587437,0.9971346704871061,0.9942857142857143,0.9942857142857143
filosax/filosax_13/track.npy,filosax,1,0.9903890160183066,0.9654859218891917,0.9654859218891917,0.95,0.8591549295774648,0.8591549295774648
filosax/filosax_20/track.npy,filosax,1,0.9960681520314548,0.9947643979057592,0.9947643979057592,0.9947643979057592,1.0,1.0
filosax/filosax_26/track.npy,filosax,1,0.9932508436445444,0.9865921787709497,0.9865921787709497,0.9932584269662922,0.9866071428571429,0.9866071428571429
groove_midi/drummer10_session1_9_jazz-swing_110_beat_4-4/track.npy,groove_midi,1,0.9949579831932773,0.9966442953020134,0.9966442953020134,0.0,0.0,0.9733333333333334
groove_midi/drummer1_eval_session_8_rock-groove8_65_beat_4-4/track.npy,groove_midi,1,1.0,1.0,1.0,1.0,1.0,1.0
groove_midi/drummer1_eval_session_9_soul-groove9_105_beat_4-4/track.npy,groove_midi,1,1.0,1.0,1.0,1.0,1.0,1.0
groove_midi/drummer1_session1_176_afrocuban_105_beat_4-4/track.npy,groove_midi,1,0.8044280442804428,0.686046511627907,0.686046511627907,0.6256410256410256,0.54,0.54
groove_midi/drummer1_session1_78_jazz-fast_290_beat_4-4/track.npy,groove_midi,1,0.96048632218845,0.6310483870967742,0.6310483870967742,0.8359375000000001,0.6666666666666666,0.6666666666666666
groove_midi/drummer1_session2_161_afrocuban-rhumba_110_beat_4-4/track.npy,groove_midi,1,0.6812121212121212,0.6467780429594272,0.6467780429594272,0.6536585365853659,0.8173076923076923,0.8173076923076923
groove_midi/drummer1_session2_32_punk_140_beat_4-4/track.npy,groove_midi,1,1.0,1.0,1.0,1.0,1.0,1.0
groove_midi/drummer1_session3_15_funk_117_beat_4-4/track.npy,groove_midi,1,0.9944547134935305,0.985239852398524,0.985239852398524,0.35526315789473684,0.11904761904761904,0.23703703703703705
groove_midi/drummer1_session3_16_funk_117_beat_4-4/track.npy,groove_midi,1,0.9197530864197531,0.8414634146341463,0.8414634146341463,0.8607594936708861,0.95,0.95
groove_midi/drummer1_session3_3_rock-rockabilly_200_beat_4-4/track.npy,groove_midi,1,0.852037967615857,0.48588120740019475,0.48588120740019475,0.8333333333333333,0.44921875,0.44921875
groove_midi/drummer1_session3_5_jazz-linear_128_beat_4-4/track.npy,groove_midi,1,0.6589446589446589,0.017424975798644726,0.8290105667627281,0.4588744588744588,0.018072289156626505,0.3493975903614458
groove_midi/drummer3_session2_25_hiphop_92_beat_4-4/track.npy,groove_midi,1,0.9904761904761905,0.9811320754716981,0.9811320754716981,0.962962962962963,0.9285714285714286,0.9285714285714286
groove_midi/drummer3_session2_37_rock_92_beat_4-4/track.npy,groove_midi,1,0.9041095890410958,0.675,0.675,0.5555555555555556,0.4444444444444444,0.4444444444444444
groove_midi/drummer3_session2_5_rock_100_beat_4-4/track.npy,groove_midi,1,1.0,1.0,1.0,1.0,1.0,1.0
groove_midi/drummer4_session1_1_rock_87_beat_4-4/track.npy,groove_midi,1,0.9934640522875817,0.987012987012987,0.987012987012987,0.0,0.0,0.9473684210526315
groove_midi/drummer4_session1_2_jazz_158_beat_4-4/track.npy,groove_midi,1,0.9915966386554621,0.975,0.975,1.0,1.0,1.0
groove_midi/drummer5_eval_session_1_funk-groove1_138_beat_4-4/track.npy,groove_midi,1,0.9904761904761905,0.9811320754716981,0.9811320754716981,0.962962962962963,0.9285714285714286,0.9285714285714286
groove_midi/drummer5_session1_14_latin-brazilian-songo_112_beat_4-4/track.npy,groove_midi,1,0.9986910994764397,0.9973856209150327,0.9973856209150327,1.0,1.0,1.0
groove_midi/drummer5_session1_1_latin-brazilian-bossa_127_beat_4-4/track.npy,groove_midi,1,0.8248587570621468,0.7571656050955414,0.7571656050955414,0.7868852459016393,0.8235294117647058,0.8235294117647058
groove_midi/drummer5_session1_2_latin-brazilian-bossa_127_beat_4-4/track.npy,groove_midi,1,0.9968871595330738,0.994556765163297,0.994556765163297,0.9937694704049844,1.0,1.0
groove_midi/drummer5_session2_21_latin-brazilian-ijexa_108_beat_4-4/track.npy,groove_midi,1,0.9957805907172996,0.9915966386554622,0.9915966386554622,0.0,0.0,0.9333333333333333
groove_midi/drummer5_session2_24_latin-brazilian-songo_120_beat_4-4/track.npy,groove_midi,1,0.8992805755395683,0.8723404255319149,0.8723404255319149,0.8985507246376812,0.9142857142857143,0.9142857142857143
groove_midi/drummer6_session1_3_rock_80_beat_6-8/track.npy,groove_midi,1,1.0,1.0,1.0,0.4,0.0,0.0
groove_midi/drummer6_session1_4_rock_80_beat_6-8/track.npy,groove_midi,1,1.0,1.0,1.0,0.5,0.0,0.0
groove_midi/drummer6_session1_5_rock_60_beat_6-8/track.npy,groove_midi,1,0.4973544973544974,0.0,0.0,0.2909090909090909,0.0,0.0
groove_midi/drummer6_session2_1_rock_95_beat_4-4/track.npy,groove_midi,1,0.9895104895104895,0.9930313588850174,0.9930313588850174,0.9600000000000001,0.8461538461538461,0.8461538461538461
groove_midi/drummer6_session2_2_rock_95_beat_4-4/track.npy,groove_midi,1,0.6412213740458015,0.0,0.9130434782608695,0.6463414634146342,0.0,1.0
groove_midi/drummer7_eval_session_1_funk-groove1_138_beat_4-4/track.npy,groove_midi,1,0.9904761904761905,0.9811320754716981,0.9811320754716981,0.962962962962963,0.9285714285714286,0.9285714285714286
groove_midi/drummer7_session2_112_jazz-fusion_96_beat_4-4/track.npy,groove_midi,1,1.0,1.0,1.0,1.0,1.0,1.0
groove_midi/drummer7_session2_123_hiphop_140_beat_4-4/track.npy,groove_midi,1,0.6666666666666667,0.0,0.9919354838709677,0.6666666666666666,0.0,1.0
groove_midi/drummer7_session2_79_funk_100_beat_4-4/track.npy,groove_midi,1,0.9841269841269841,0.96875,0.96875,0.9333333333333333,0.875,0.875
groove_midi/drummer7_session3_38_hiphop_67_beat_4-4/track.npy,groove_midi,1,1.0,1.0,1.0,1.0,1.0,1.0
groove_midi/drummer7_session3_47_funk_112_beat_4-4/track.npy,groove_midi,1,1.0,1.0,1.0,1.0,1.0,1.0
groove_midi/drummer8_session1_12_latin_118_beat_4-4/track.npy,groove_midi,1,0.9842931937172774,0.9790940766550522,0.9790940766550522,0.9861111111111112,1.0,1.0
groove_midi/drummer8_session1_13_latin_118_beat_4-4/track.npy,groove_midi,1,0.8858800773694391,0.7824427480916031,0.7824427480916031,0.9770992366412214,0.9545454545454546,0.9545454545454546
groove_midi/drummer8_session1_17_afrobeat_90_beat_4-4/track.npy,groove_midi,1,0.9977116704805492,0.9954337899543378,0.9954337899543378,1.0,1.0,1.0
groove_midi/drummer8_session1_20_rock-shuffle_112_beat_4-4/track.npy,groove_midi,1,1.0,1.0,1.0,1.0,1.0,1.0
groove_midi/drummer8_session1_4_hiphop_90_beat_4-4/track.npy,groove_midi,1,1.0,1.0,1.0,1.0,1.0,1.0
groove_midi/drummer8_session1_8_funk_96_beat_4-4/track.npy,groove_midi,1,0.9979879275653923,0.9959839357429718,0.9959839357429718,0.9919999999999999,0.9841269841269841,0.9841269841269841
groove_midi/drummer9_session1_18_rock_120_beat_4-4/track.npy,groove_midi,1,0.9855072463768115,0.9714285714285714,0.9714285714285714,1.0,1.0,1.0
groove_midi/drummer9_session1_20_rock_120_beat_4-4/track.npy,groove_midi,1,1.0,1.0,1.0,1.0,1.0,1.0
groove_midi/drummer9_session1_24_rock_90_beat_4-4/track.npy,groove_midi,1,0.9948186528497409,0.9896907216494846,0.9896907216494846,0.9795918367346939,0.96,0.96
guitarset/00_Funk2-119-G_comp_mix/track.npy,guitarset,1,0.9642857142857143,0.896551724137931,0.896551724137931,0.962962962962963,0.9285714285714286,0.9285714285714286
guitarset/00_Jazz1-130-D_comp_mix/track.npy,guitarset,1,1.0,1.0,1.0,0.3333333333333333,0.3333333333333333,0.3333333333333333
guitarset/00_Rock1-130-A_comp_mix/track.npy,guitarset,1,0.9866666666666666,0.9736842105263158,0.9736842105263158,0.9473684210526316,0.9,0.9
guitarset/00_SS3-98-C_comp_mix/track.npy,guitarset,1,0.9909909909909909,0.9821428571428571,0.9821428571428571,0.962962962962963,0.9285714285714286,0.9285714285714286
guitarset/01_BN1-129-Eb_comp_mix/track.npy,guitarset,1,1.0,1.0,1.0,1.0,1.0,1.0
guitarset/01_BN1-147-Gb_comp_mix/track.npy,guitarset,1,0.9859154929577464,0.9722222222222222,0.9722222222222222,0.9411764705882353,0.8888888888888888,0.8888888888888888
guitarset/01_Funk3-98-A_comp_mix/track.npy,guitarset,1,0.9909909909909909,0.9821428571428571,0.9821428571428571,0.962962962962963,0.9285714285714286,0.9285714285714286
guitarset/01_SS1-68-E_comp_mix/track.npy,guitarset,1,0.7387387387387387,0.2898550724637681,0.2898550724637681,0.8695652173913044,0.6153846153846154,0.6153846153846154
guitarset/02_BN1-129-Eb_comp_mix/track.npy,guitarset,1,0.7384615384615384,0.32432432432432434,0.35714285714285715,0.7368421052631577,0.6,0.6
guitarset/02_BN3-154-E_comp_mix/track.npy,guitarset,1,0.9902912621359222,0.9807692307692307,0.9807692307692307,0.9600000000000001,0.9230769230769231,0.9230769230769231
guitarset/02_Funk1-114-Ab_comp_mix/track.npy,guitarset,1,1.0,1.0,1.0,1.0,1.0,1.0
guitarset/02_Funk1-97-C_comp_mix/track.npy,guitarset,1,1.0,1.0,1.0,1.0,1.0,1.0
guitarset/03_Funk3-112-C#_comp_mix/track.npy,guitarset,1,0.9090909090909091,0.8214285714285714,0.8214285714285714,0.8461538461538461,0.8461538461538461,0.8461538461538461
guitarset/03_Rock1-90-C#_comp_mix/track.npy,guitarset,1,0.675,0.6,0.6,0.7,0.8,0.8
guitarset/03_SS2-88-F_comp_mix/track.npy,guitarset,1,0.9911504424778761,0.9824561403508771,0.9824561403508771,0.9655172413793104,0.9333333333333333,0.9333333333333333
guitarset/04_BN3-119-G_comp_mix/track.npy,guitarset,1,0.9908256880733944,0.9818181818181818,0.9818181818181818,0.962962962962963,0.9285714285714286,0.9285714285714286
guitarset/04_Funk1-114-Ab_comp_mix/track.npy,guitarset,1,1.0,1.0,1.0,1.0,1.0,1.0
guitarset/04_Jazz1-130-D_comp_mix/track.npy,guitarset,1,1.0,1.0,1.0,1.0,1.0,1.0
guitarset/04_Rock2-142-D_comp_mix/track.npy,guitarset,1,0.9904761904761905,0.9811320754716981,0.9811320754716981,0.962962962962963,0.9285714285714286,0.9285714285714286
guitarset/04_SS3-84-Bb_comp_mix/track.npy,guitarset,1,0.9655172413793103,0.9152542372881356,0.9152542372881356,0.8571428571428571,0.8571428571428571,0.8571428571428571
guitarset/05_Funk3-98-A_comp_mix/track.npy,guitarset,1,0.875,0.7719298245614035,0.7719298245614035,0.6923076923076923,0.7692307692307693,0.7692307692307693
guitarset/05_Rock3-117-Bb_comp_mix/track.npy,guitarset,1,0.9908256880733944,0.9818181818181818,0.9818181818181818,0.962962962962963,0.9285714285714286,0.9285714285714286
guitarset/05_Rock3-148-C_comp_mix/track.npy,guitarset,1,1.0,1.0,1.0,1.0,1.0,1.0
hainsworth/hainsworth_008/track.npy,hainsworth,1,0.9950248756218906,0.9900990099009901,0.9900990099009901,0.6274509803921569,0.6153846153846154,0.6153846153846154
hainsworth/hainsworth_013/track.npy,hainsworth,1,0.7846153846153846,0.6197183098591549,0.6197183098591549,0.38709677419354843,0.0,0.2413793103448276
hainsworth/hainsworth_015/track.npy,hainsworth,1,1.0,1.0,1.0,1.0,1.0,1.0
hainsworth/hainsworth_020/track.npy,hainsworth,1,1.0,1.0,1.0,1.0,1.0,1.0
hainsworth/hainsworth_022/track.npy,hainsworth,1,0.7796610169491525,0.2777777777777778,0.5604395604395604,0.6470588235294118,0.0,0.9565217391304348
hainsworth/hainsworth_048/track.npy,hainsworth,1,1.0,1.0,1.0,1.0,1.0,1.0
hainsworth/hainsworth_066/track.npy,hainsworth,1,1.0,1.0,1.0,1.0,1.0,1.0
hainsworth/hainsworth_071/track.npy,hainsworth,1,1.0,1.0,1.0,0.787878787878788,0.3,0.5490196078431373
hainsworth/hainsworth_072/track.npy,hainsworth,1,0.995850622406639,0.9834710743801653,0.9834710743801653,1.0,1.0,1.0
hainsworth/hainsworth_077/track.npy,hainsworth,1,1.0,1.0,1.0,0.7555555555555554,0.21428571428571427,0.6363636363636364
hainsworth/hainsworth_086/track.npy,hainsworth,1,1.0,1.0,1.0,1.0,1.0,1.0
hainsworth/hainsworth_090/track.npy,hainsworth,1,1.0,1.0,1.0,1.0,1.0,1.0
hainsworth/hainsworth_091/track.npy,hainsworth,1,1.0,1.0,1.0,0.34285714285714286,0.0,0.4074074074074074
hainsworth/hainsworth_097/track.npy,hainsworth,1,0.9883720930232558,0.9770114942528736,0.9770114942528736,1.0,1.0,1.0
hainsworth/hainsworth_102/track.npy,hainsworth,1,1.0,1.0,1.0,1.0,1.0,1.0
hainsworth/hainsworth_125/track.npy,hainsworth,1,0.7142857142857143,0.7692307692307693,0.7692307692307693,0.36363636363636365,0.0,0.275
hainsworth/hainsworth_126/track.npy,hainsworth,1,0.6194690265486725,0.639344262295082,0.639344262295082,0.15789473684210525,0.04,0.16
hainsworth/hainsworth_131/track.npy,hainsworth,1,0.5384615384615384,0.22916666666666666,0.6,0.4,0.6153846153846154,0.6153846153846154
hainsworth/hainsworth_137/track.npy,hainsworth,1,0.9333333333333332,0.7894736842105263,0.7894736842105263,0.7317073170731707,0.18181818181818182,0.32432432432432434
hainsworth/hainsworth_147/track.npy,hainsworth,1,1.0,1.0,1.0,1.0,1.0,1.0
hainsworth/hainsworth_152/track.npy,hainsworth,1,0.0,0.0,0.2857142857142857,0.0,0.0,0.6666666666666666
hainsworth/hainsworth_169/track.npy,hainsworth,1,1.0,1.0,1.0,0.7333333333333333,0.6666666666666666,0.6666666666666666
hainsworth/hainsworth_172/track.npy,hainsworth,1,1.0,1.0,1.0,1.0,1.0,1.0
hainsworth/hainsworth_173/track.npy,hainsworth,1,1.0,1.0,1.0,1.0,1.0,1.0
hainsworth/hainsworth_195/track.npy,hainsworth,1,0.8615384615384616,0.5,0.5,0.7999999999999999,0.47368421052631576,0.47368421052631576
hainsworth/hainsworth_209/track.npy,hainsworth,1,0.6694214876033058,0.0,1.0,0.6557377049180327,0.0,1.0
hainsworth/hainsworth_213/track.npy,hainsworth,1,1.0,1.0,1.0,1.0,1.0,1.0
hainsworth/hainsworth_226/track.npy,hainsworth,1,1.0,1.0,1.0,1.0,1.0,1.0
harmonix/0008_america/track.npy,harmonix,1,0.9900249376558603,0.9950124688279302,0.9950124688279302,0.99,1.0,1.0
harmonix/0010_andjusticeforall/track.npy,harmonix,1,0.9580952380952381,0.8646986469864698,0.8646986469864698,0.7422434367541766,0.49572649572649574,0.49572649572649574
harmonix/0013_athingaboutyou/track.npy,harmonix,1,0.9616189811584089,0.8827493261455526,0.8827493261455526,0.8907103825136612,0.782608695652174,0.782608695652174
harmonix/0035_boyfriend/track.npy,harmonix,1,0.9981167608286252,0.9962406015037594,0.9962406015037594,0.0,0.0,0.0
harmonix/0039_bulletproof/track.npy,harmonix,1,1.0,1.0,1.0,1.0,1.0,1.0
harmonix/0041_calabria/track.npy,harmonix,1,1.0,1.0,1.0,1.0,1.0,1.0
harmonix/0043_callmemaybe/track.npy,harmonix,1,0.9864864864864865,0.9919137466307277,0.9919137466307277,0.9837837837837837,0.989247311827957,0.989247311827957
harmonix/0061_dabutt/track.npy,harmonix,1,0.9947368421052631,0.9895287958115183,0.9895287958115183,1.0,1.0,1.0
harmonix/0067_deep/track.npy,harmonix,1,0.9898550724637681,0.9812409812409812,0.9812409812409812,0.632183908045977,0.004329004329004329,0.47863247863247865
harmonix/0068_devilsisland/track.npy,harmonix,1,0.9784880147510756,0.9238210399032648,0.9238210399032648,0.8831775700934579,0.7397260273972602,0.7397260273972602
harmonix/0072_discoinferno/track.npy,harmonix,1,0.4189189189189189,0.43243243243243246,0.43243243243243246,0.3833333333333333,0.7076923076923077,0.7076923076923077
harmonix/0079_dontyouwantme/track.npy,harmonix,1,0.9988974641675854,0.9977973568281938,0.9977973568281938,1.0,1.0,1.0
harmonix/0092_fergalicious/track.npy,harmonix,1,0.9991902834008096,0.9983818770226537,0.9983818770226537,0.9967637540453074,0.9935483870967742,0.9935483870967742
harmonix/0093_fireburning/track.npy,harmonix,1,1.0,1.0,1.0,1.0,1.0,1.0
harmonix/0096_fivemagics/track.npy,harmonix,1,0.9370786516853933,0.7944325481798715,0.7944325481798715,0.7235955056179776,0.5541666666666667,0.5541666666666667
harmonix/0098_floods/track.npy,harmonix,1,0.7782581840642371,0.5601374570446735,0.5601374570446735,0.37532133676092544,0.2923076923076923,0.2923076923076923
harmonix/0100_futureperfecttense/track.npy,harmonix,1,0.6621621621621621,0.08611955420466058,0.6234817813765182,0.48351648351648346,0.4244604316546763,0.4244604316546763
harmonix/0113_giveituptome/track.npy,harmonix,1,1.0,1.0,1.0,0.8082191780821918,0.3563218390804598,0.4700854700854701
harmonix/0114_givemeeverything/track.npy,harmonix,1,1.0,1.0,1.0,1.0,1.0,1.0
harmonix/0128_homecoming/track.npy,harmonix,1,0.8678777869529314,0.7003034901365706,0.7003034901365706,0.8275862068965516,0.6807228915662651,0.6807228915662651
harmonix/0137_iknowyouwantme/track.npy,harmonix,1,1.0,1.0,1.0,1.0,1.0,1.0
harmonix/0139_imcomingout/track.npy,harmonix,1,1.0,1.0,1.0,0.7326732673267327,0.6878980891719745,0.6878980891719745
harmonix/0197_nothinonyou/track.npy,harmonix,1,1.0,1.0,1.0,1.0,1.0,1.0
harmonix/0234_roundandround/track.npy,harmonix,1,1.0,1.0,1.0,1.0,1.0,1.0
harmonix/0238_sambadejaneiro/track.npy,harmonix,1,0.9620253164556962,0.9497206703910615,0.9497206703910615,0.9325842696629215,0.9333333333333333,0.9333333333333333
harmonix/0246_scenario/track.npy,harmonix,1,0.9987937273823884,0.9975903614457832,0.9975903614457832,1.0,1.0,1.0
harmonix/0251_sexychick/track.npy,harmonix,1,1.0,1.0,1.0,1.0,1.0,1.0
harmonix/0255_sleepwalker/track.npy,harmonix,1,0.892945239269857,0.7920310981535471,0.7920310981535471,0.892,0.8725099601593626,0.8725099601593626
harmonix/0279_thebreaks/track.npy,harmonix,1,0.9994209612044007,0.9988425925925926,0.9988425925925926,0.9976798143851509,0.9953703703703703,0.9953703703703703
harmonix/0292_timeslikethese/track.npy,harmonix,1,0.951819075712881,0.9080675422138836,0.9080675422138836,0.8296943231441047,0.5757575757575758,0.5757575757575758
harmonix/0295_toxic/track.npy,harmonix,1,1.0,1.0,1.0,1.0,1.0,1.0
harmonix/0298_turnmeon/track.npy,harmonix,1,0.997979797979798,0.9959677419354839,0.9959677419354839,0.15873015873015875,0.1076923076923077,0.7692307692307693
harmonix/0308_whatislove/track.npy,harmonix,1,1.0,1.0,1.0,1.0,1.0,1.0
harmonix/0337_alwayssomethingthere/track.npy,harmonix,1,0.9838862559241707,0.9477611940298507,0.9477611940298507,0.9847328244274809,0.9696969696969697,0.9696969696969697
harmonix/0345_beinlovetonight/track.npy,harmonix,1,0.9960886571056062,0.9922077922077922,0.9922077922077922,1.0,1.0,1.0
harmonix/0349_blow/track.npy,harmonix,1,0.9987966305655837,0.9975961538461539,0.9975961538461539,1.0,1.0,1.0
harmonix/0350_blowme/track.npy,harmonix,1,0.9976470588235293,0.9953051643192489,0.9953051643192489,1.0,1.0,1.0
harmonix/0351_blowup/track.npy,harmonix,1,1.0,1.0,1.0,1.0,1.0,1.0
harmonix/0353_bottomsup/track.npy,harmonix,1,0.6635730858468677,0.0,0.9862068965517241,0.6697674418604651,0.0,1.0
harmonix/0363_darkside/track.npy,harmonix,1,0.9845053635280095,0.9809523809523809,0.9809523809523809,0.9760765550239234,0.9809523809523809,0.9809523809523809
harmonix/0372_drinkinmyhand/track.npy,harmonix,1,1.0,1.0,1.0,1.0,1.0,1.0
harmonix/0377_eatdirt/track.npy,harmonix,1,0.996523754345307,0.9907621247113164,0.9907621247113164,0.9907407407407407,0.9814814814814815,0.9814814814814815
harmonix/0382_fatherofmine/track.npy,harmonix,1,0.9986091794158554,0.9972222222222222,0.9972222222222222,1.0,1.0,1.0
harmonix/0385_fiveoclock/track.npy,harmonix,1,0.9964912280701755,0.993006993006993,0.993006993006993,1.0,1.0,1.0
harmonix/0393_giveyourheartabreak/track.npy,harmonix,1,1.0,1.0,1.0,1.0,1.0,1.0
harmonix/0395_gold/track.npy,harmonix,1,0.9981851179673321,0.9963768115942029,0.9963768115942029,0.9927007299270074,0.9855072463768116,0.9855072463768116
harmonix/0401_hello/track.npy,harmonix,1,0.9795121951219513,0.9196940726577438,0.9196940726577438,0.9805447470817121,0.9236641221374046,0.9236641221374046
harmonix/0403_heybaby/track.npy,harmonix,1,0.9976359338061466,0.9952830188679245,0.9952830188679245,1.0,1.0,1.0
harmonix/0428_kingofanything/track.npy,harmonix,1,0.948849104859335,0.8825,0.8825,0.9424083769633508,0.9895833333333334,0.9895833333333334
harmonix/0431_letitrain/track.npy,harmonix,1,0.9928825622775801,0.9858657243816255,0.9858657243816255,0.9929078014184397,0.9859154929577465,0.9859154929577465
harmonix/0439_lovethewayyoulie/track.npy,harmonix,1,0.9216216216216216,0.9730458221024259,0.9730458221024259,0.918918918918919,0.989247311827957,0.989247311827957
harmonix/0445_memories/track.npy,harmonix,1,0.997716894977169,0.9954441913439636,0.9954441913439636,0.995433789954338,0.990909090909091,0.990909090909091
harmonix/0447_mindyourmanners/track.npy,harmonix,1,0.9965635738831615,0.9931506849315068,0.9931506849315068,1.0,1.0,1.0
harmonix/0455_nevertearusapart/track.npy,harmonix,1,0.9191246431969553,0.8072727272727273,0.8072727272727273,0.9325842696629213,0.8043478260869565,0.8043478260869565
harmonix/0467_onthefloor/track.npy,harmonix,1,1.0,1.0,1.0,1.0,1.0,1.0
harmonix/0479_pricetag/track.npy,harmonix,1,0.9981167608286252,0.9962406015037594,0.9962406015037594,1.0,1.0,1.0
harmonix/0481_reallove/track.npy,harmonix,1,0.9792349726775956,0.9593147751605996,0.9593147751605996,0.8132780082987553,0.6511627906976745,0.6511627906976745
harmonix/0491_skyscraper/track.npy,harmonix,1,0.9986357435197818,0.997275204359673,0.997275204359673,1.0,1.0,1.0
harmonix/0493_somebodysheartbreak/track.npy,harmonix,1,0.9434628975265017,0.782608695652174,0.782608695652174,0.9436619718309859,0.7866666666666666,0.7866666666666666
harmonix/0500_stay/track.npy,harmonix,1,0.9978118161925601,0.9956331877729258,0.9956331877729258,1.0,1.0,1.0
harmonix/0513_thetime/track.npy,harmonix,1,0.9884836852207294,0.9885496183206107,0.9885496183206107,0.8659003831417624,0.8625954198473282,0.8625954198473282
harmonix/0515_thisafternoon/track.npy,harmonix,1,0.995433789954338,0.990909090909091,0.990909090909091,0.857142857142857,0.5784313725490197,0.5784313725490197
harmonix/0516_thisorthat/track.npy,harmonix,1,0.9984591679506933,0.9969230769230769,0.9969230769230769,1.0,1.0,1.0
harmonix/0541_youdroppedabombonme/track.npy,harmonix,1,0.9766497461928934,0.9779116465863453,0.9779116465863453,0.975609756097561,0.9838709677419355,0.9838709677419355
harmonix/0545_youkeepmehangingon/track.npy,harmonix,1,0.9990089197224975,0.998019801980198,0.998019801980198,1.0,1.0,1.0
harmonix/0546_18days/track.npy,harmonix,1,0.7766666666666666,0.26975476839237056,0.5741935483870968,0.6938775510204083,0.2159090909090909,0.5299145299145299
harmonix/0575_badromanceskrillexremix/track.npy,harmonix,1,0.9990574929311969,0.9981167608286252,0.9981167608286252,1.0,1.0,1.0
harmonix/0581_beautifulcarlyrae/track.npy,harmonix,1,0.9938837920489296,0.9939024390243902,0.9939024390243902,0.8313253012048193,0.7093023255813954,0.7093023255813954
harmonix/0586_bed/track.npy,harmonix,1,0.7631578947368421,0.24516129032258063,0.5966101694915255,0.7643979057591623,0.2564102564102564,0.581081081081081
harmonix/0589_bestieverhad/track.npy,harmonix,1,0.9806259314456035,0.967741935483871,0.967741935483871,0.988095238095238,0.9764705882352941,0.9764705882352941
harmonix/0597_boomboomguetta/track.npy,harmonix,1,0.9989969909729188,0.9979959919839679,0.9979959919839679,1.0,1.0,1.0
harmonix/0602_breaktheice/track.npy,harmonix,1,0.7280219780219781,0.7095890410958904,0.7095890410958904,0.718232044198895,0.6630434782608695,0.6630434782608695
harmonix/0607_cantholdus/track.npy,harmonix,1,0.9967320261437909,0.9983660130718954,0.9983660130718954,0.9315960912052117,0.935064935064935,0.935064935064935
harmonix/0639_dieinyourarms/track.npy,harmonix,1,0.996969696969697,0.9939577039274925,0.9939577039274925,1.0,1.0,1.0
harmonix/0647_dontthinkidontthinkaboutit/track.npy,harmonix,1,0.9903381642512078,0.9808612440191388,0.9808612440191388,1.0,1.0,1.0
harmonix/0653_dynamite/track.npy,harmonix,1,1.0,1.0,1.0,1.0,1.0,1.0
harmonix/0654_dynamitemixinmarc/track.npy,harmonix,1,1.0,1.0,1.0,1.0,1.0,1.0
harmonix/0655_earthquakey/track.npy,harmonix,1,0.949090909090909,0.941923774954628,0.941923774954628,0.948905109489051,1.0,1.0
harmonix/0658_evacuatethedancefloor/track.npy,harmonix,1,1.0,1.0,1.0,1.0,1.0,1.0
harmonix/0665_fall/track.npy,harmonix,1,0.9984917043740573,0.9969879518072289,0.9969879518072289,0.993939393939394,0.9879518072289156,0.9879518072289156
harmonix/0709_hangingon/track.npy,harmonix,1,0.904862579281184,0.776,0.776,0.8695652173913044,0.847457627118644,0.847457627118644
harmonix/0716_heroheroine/track.npy,harmonix,1,0.6984924623115578,0.13513513513513514,0.7477477477477478,0.7070707070707071,0.140625,0.7410071942446043
harmonix/0723_hotelroomservice/track.npy,harmonix,1,0.9978260869565216,0.9956616052060737,0.9956616052060737,0.9205020920502093,0.8145161290322581,0.8145161290322581
harmonix/0736_igotafeeling/track.npy,harmonix,1,0.9980119284294234,0.996031746031746,0.996031746031746,1.0,1.0,1.0
harmonix/0738_ihearnoises/track.npy,harmonix,1,0.9988826815642458,0.9977678571428571,0.9977678571428571,1.0,1.0,1.0
harmonix/0743_iminloveiwannadoit/track.npy,harmonix,1,0.9897959183673469,0.9797775530839231,0.9797775530839231,0.9897750511247443,0.979757085020243,0.979757085020243
harmonix/0747_imreal/track.npy,harmonix,1,0.9956331877729258,0.991304347826087,0.991304347826087,0.9555555555555556,0.8191489361702128,0.8191489361702128
harmonix/0748_imyours/track.npy,harmonix,1,0.8432327166504381,0.4879725085910653,0.4879725085910653,0.8449612403100776,0.4931506849315068,0.4931506849315068
harmonix/0775_knockyoudownbimbojones/track.npy,harmonix,1,0.9973568281938325,0.9947275922671354,0.9947275922671354,0.9027777777777778,0.8561643835616438,0.8561643835616438
harmonix/0782_lifeafteryou/track.npy,harmonix,1,0.9895397489539749,0.9813278008298755,0.9813278008298755,0.9294117647058824,0.7582417582417582,0.7582417582417582
harmonix/0805_lovetheysay/track.npy,harmonix,1,0.9953051643192489,0.9875389408099688,0.9875389408099688,1.0,1.0,1.0
harmonix/0813_missindependent/track.npy,harmonix,1,0.6624338624338624,0.0,0.9811912225705329,0.89198606271777,0.6305732484076433,0.6305732484076433
harmonix/0818_mrsaxobeatext/track.npy,harmonix,1,0.9895536562203229,0.9793233082706767,0.9793233082706767,0.911111111111111,0.8285714285714286,0.8285714285714286
harmonix/0840_obsessed/track.npy,harmonix,1,0.9821428571428572,0.9649122807017544,0.9649122807017544,0.9822485207100593,0.9651162790697675,0.9651162790697675
harmonix/0856_paperbackhead/track.npy,harmonix,1,0.9932659932659933,0.9832775919732442,0.9832775919732442,0.9931972789115647,0.9864864864864865,0.9864864864864865
harmonix/0859_picturesofyou/track.npy,harmonix,1,0.9967213114754099,0.9934640522875817,0.9934640522875817,1.0,1.0,1.0
harmonix/0864_pleasedontleavememain/track.npy,harmonix,1,0.992047713717694,0.9842209072978304,0.9842209072978304,0.9920634920634921,0.984251968503937,0.984251968503937
harmonix/0873_readyornot/track.npy,harmonix,1,1.0,1.0,1.0,1.0,1.0,1.0
harmonix/0877_releasemenow/track.npy,harmonix,1,0.9989462592202318,0.9978947368421053,0.9978947368421053,1.0,1.0,1.0
harmonix/0886_rudeboy/track.npy,harmonix,1,0.9920760697305863,0.9842767295597484,0.9842767295597484,0.9873417721518988,0.9746835443037974,0.9746835443037974
harmonix/0888_russianroulettejump/track.npy,harmonix,1,1.0,1.0,1.0,1.0,1.0,1.0
harmonix/0897_sentimentaltune/track.npy,harmonix,1,0.9990592662276576,0.9981203007518797,0.9981203007518797,0.9962264150943396,0.9924812030075187,0.9924812030075187
harmonix/0899_sexycani/track.npy,harmonix,1,0.9964912280701755,0.993006993006993,0.993006993006993,1.0,1.0,1.0
harmonix/0902_shakeitradiomix/track.npy,harmonix,1,0.9976689976689977,0.9953488372093023,0.9953488372093023,1.0,1.0,1.0
harmonix/0909_sofineed/track.npy,harmonix,1,0.8958203368683718,0.7526627218934911,0.7526627218934911,0.6551724137931034,0.48905109489051096,0.48905109489051096
harmonix/0918_starstrukk/track.npy,harmonix,1,1.0,1.0,1.0,1.0,1.0,1.0
harmonix/0925_sweetdisposition/track.npy,harmonix,1,0.9544072948328267,0.946,0.946,0.9836065573770492,1.0,1.0
harmonix/0933_teardropsonmyguitar/track.npy,harmonix,1,1.0,1.0,1.0,1.0,1.0,1.0
harmonix/0943_thetheayer/track.npy,harmonix,1,1.0,1.0,1.0,1.0,1.0,1.0
harmonix/0970_whataboutnow/track.npy,harmonix,1,0.9905956112852665,0.9782608695652174,0.9782608695652174,0.9875,0.9753086419753086,0.9753086419753086
harmonix/0974_whateveryoulike/track.npy,harmonix,1,0.9962546816479401,0.9925373134328358,0.9925373134328358,1.0,1.0,1.0
harmonix/0979_whenlovetakesover/track.npy,harmonix,1,0.9809402795425668,0.9571788413098237,0.9571788413098237,0.9285714285714286,0.9285714285714286,0.9285714285714286
harmonix/0982_whoknewdos/track.npy,harmonix,1,1.0,1.0,1.0,1.0,1.0,1.0
harmonix/0994_youbelongwithme/track.npy,harmonix,1,0.9989327641408752,0.997867803837953,0.997867803837953,1.0,1.0,1.0
hjdb/hjdb_A21/track.npy,hjdb,1,1.0,1.0,1.0,1.0,1.0,1.0
hjdb/hjdb_A_New_Dawn/track.npy,hjdb,1,1.0,1.0,1.0,0.675,0.65,0.65
hjdb/hjdb_Breaking_Free_2/track.npy,hjdb,1,1.0,1.0,1.0,1.0,1.0,1.0
hjdb/hjdb_Breaking_Free/track.npy,hjdb,1,1.0,1.0,1.0,1.0,1.0,1.0
hjdb/hjdb_Cant_Stop_Thinking_About/track.npy,hjdb,1,0.9935483870967742,0.9743589743589743,0.9743589743589743,1.0,1.0,1.0
hjdb/hjdb_Chasin_A_Dream/track.npy,hjdb,1,1.0,1.0,1.0,1.0,1.0,1.0
hjdb/hjdb_Demons_Theme/track.npy,hjdb,1,1.0,1.0,1.0,1.0,1.0,1.0
hjdb/hjdb_Divine_Rhythm/track.npy,hjdb,1,1.0,1.0,1.0,1.0,1.0,1.0
hjdb/hjdb_Drummer_Of_Doom/track.npy,hjdb,1,1.0,1.0,1.0,1.0,1.0,1.0
hjdb/hjdb_Freeaneazy/track.npy,hjdb,1,1.0,1.0,1.0,1.0,1.0,1.0
hjdb/hjdb_Going_Out_For_Da_Loot/track.npy,hjdb,1,0.8559322033898306,0.4888888888888889,0.4888888888888889,0.8666666666666666,0.5,0.5
hjdb/hjdb_Here_Comes_The_Drumz_(Drumz_VIP_Mix)/track.npy,hjdb,1,1.0,1.0,1.0,1.0,1.0,1.0
hjdb/hjdb_Ill_Take_You_(Original_Mix)/track.npy,hjdb,1,0.9870129870129869,0.9572649572649573,0.9572649572649573,1.0,1.0,1.0
hjdb/hjdb_Im_Gonna_Get_You/track.npy,hjdb,1,1.0,1.0,1.0,1.0,1.0,1.0
hjdb/hjdb_Keep_The_Fires_Burning/track.npy,hjdb,1,1.0,1.0,1.0,1.0,1.0,1.0
hjdb/hjdb_Lords_Of_The_Null_Lines_(Foul_Play_Remix)/track.npy,hjdb,1,1.0,1.0,1.0,1.0,1.0,1.0
hjdb/hjdb_Manic_Stampede/track.npy,hjdb,1,1.0,1.0,1.0,1.0,1.0,1.0
hjdb/hjdb_Open_Your_Mind/track.npy,hjdb,1,0.975609756097561,0.927710843373494,0.927710843373494,0.3255813953488372,0.0,0.4782608695652174
hjdb/hjdb_Original_Badboy/track.npy,hjdb,1,1.0,1.0,1.0,1.0,1.0,1.0
hjdb/hjdb_Promised_Land/track.npy,hjdb,1,1.0,1.0,1.0,1.0,1.0,1.0
hjdb/hjdb_Showtime/track.npy,hjdb,1,1.0,1.0,1.0,1.0,1.0,1.0
hjdb/hjdb_Star_Eyes/track.npy,hjdb,1,1.0,1.0,1.0,1.0,1.0,1.0
hjdb/hjdb_Terrorist_(Grooverider_Remix)/track.npy,hjdb,1,1.0,1.0,1.0,1.0,1.0,1.0
hjdb/hjdb_Terrorist_(PA_Mix)/track.npy,hjdb,1,1.0,1.0,1.0,1.0,1.0,1.0
hjdb/hjdb_Terrorist_(original)/track.npy,hjdb,1,1.0,1.0,1.0,1.0,1.0,1.0
hjdb/hjdb_Volume_1/track.npy,hjdb,1,1.0,1.0,1.0,1.0,1.0,1.0
hjdb/hjdb_Wots_My_Code_(Ray_Keith_Final_Plate)/track.npy,hjdb,1,1.0,1.0,1.0,1.0,1.0,1.0
hjdb/hjdb_Yaaah/track.npy,hjdb,1,0.9983579638752053,0.9967213114754099,0.9967213114754099,0.9934640522875817,0.987012987012987,0.987012987012987
hjdb/hjdb_You_Dont_Know/track.npy,hjdb,1,1.0,1.0,1.0,1.0,1.0,1.0
jaah/jaah_004-dexter_gordon_quartet-bikini/track.npy,jaah,1,0.9814077025232403,0.9403183023872679,0.9403183023872679,0.9282051282051282,0.8366336633663366,0.8366336633663366
jaah/jaah_012-stan_getz_jj_johnson-blues_in_the_closet/track.npy,jaah,1,0.9961575408261286,0.9942390782525204,0.9942390782525204,0.9951969260326609,0.9942418426103646,0.9942418426103646
jaah/jaah_024-duke_ellington_his_orchestra-diminuendo_in_blue_and_crescendo_in_blue/track.npy,jaah,1,0.9982347749338042,0.9947089947089947,0.9947089947089947,0.9447236180904522,0.7929936305732485,0.7929936305732485
jaah/jaah_032-charlie_parker_quintet-embraceable_you/track.npy,jaah,1,0.9684210526315791,0.8934426229508197,0.8934426229508197,0.8656716417910448,0.5263157894736842,0.5263157894736842
jaah/jaah_048-louis_armstrong_and_his_hot_five-hotter_than_that/track.npy,jaah,1,0.9704236610711431,0.939297124600639,0.939297124600639,0.9648562300319489,0.9617834394904459,0.9617834394904459
jaah/jaah_065-new_orleans_feetwarmers-maple_leaf_rag/track.npy,jaah,1,0.9507969507969508,0.8023872679045093,0.8023872679045093,0.8169761273209549,0.8095238095238095,0.8095238095238095
jaah/jaah_066-anthony_braxton_muhal_richard_abrams-maple_leaf_rag/track.npy,jaah,1,0.5599999999999999,0.01346389228886169,0.5532435740514076,0.837092731829574,0.8725490196078431,0.8725490196078431
jaah/jaah_067-dick_hyman-maple_leaf_rag/track.npy,jaah,1,0.9094138543516875,0.9295774647887324,0.9295774647887324,0.8705035971223022,0.935251798561151,0.935251798561151
jaah/jaah_070-thelonious_monk_quartet-misterioso/track.npy,jaah,1,0.9009345794392523,0.7758007117437722,0.7758007117437722,0.2142857142857143,0.07894736842105263,0.07894736842105263
jaah/jaah_073-john_coltrane_quartet-my_favorite_things_part_1_single_version/track.npy,jaah,1,0.9872241579558653,0.9745958429561201,0.9745958429561201,0.8947368421052632,0.6758620689655173,0.6758620689655173
jaah/jaah_074-duke_ellington_his_orchestra-the_new_east_st_louis_toodleoo/track.npy,jaah,1,0.9910873440285205,0.9822064056939501,0.9822064056939501,0.9857142857142858,0.9857142857142858,0.9857142857142858
jaah/jaah_079-jimmie_lunceford_and_his_orchestra-organ_grinders_swing/track.npy,jaah,1,0.9966216216216216,0.9932659932659933,0.9932659932659933,1.0,1.0,1.0
jaah/jaah_092-lennie_tristano-subconscious_lee/track.npy,jaah,1,0.9931972789115646,0.986404833836858,0.986404833836858,0.9616519174041299,0.8850574712643678,0.8850574712643678
jaah/jaah_106-wes_montgomery-west_coast_blues_abridged/track.npy,jaah,1,1.0,0.9987593052109182,0.9987593052109182,0.7196969696969696,0.5762081784386617,0.5762081784386617
rwc/rwc_classical_CD1_05/track.npy,rwc_classical,1,0.733361957921855,0.4342379958246347,0.4342379958246347,0.6475548060708264,0.3675675675675676,0.3675675675675676
rwc/rwc_classical_CD2_03/track.npy,rwc_classical,1,0.5500868558193399,0.5834186284544524,0.5834186284544524,0.3195691202872532,0.020066889632107024,0.22818791946308725
rwc/rwc_classical_CD3_06/track.npy,rwc_classical,1,0.7361702127659573,0.39959839357429716,0.39959839357429716,0.6235011990407675,0.34801762114537443,0.34801762114537443
rwc/rwc_classical_CD4_09/track.npy,rwc_classical,1,0.9570552147239264,0.9401197604790419,0.9401197604790419,0.6666666666666667,0.5172413793103449,0.5172413793103449
rwc/rwc_classical_CD4_12/track.npy,rwc_classical,1,0.696969696969697,0.078125,0.8428571428571429,0.8387096774193549,0.71875,0.71875
rwc/rwc_classical_CD5_02/track.npy,rwc_classical,1,0.9171270718232044,0.7667525773195877,0.7667525773195877,0.7628865979381443,0.3867924528301887,0.3867924528301887
rwc/rwc_classical_CD6_05/track.npy,rwc_classical,1,0.8940754039497307,0.899641577060932,0.899641577060932,0.8251748251748252,0.7162162162162162,0.7162162162162162
rwc/rwc_classical_CD6_12/track.npy,rwc_classical,1,0.7412587412587411,0.46686746987951805,0.46686746987951805,0.6181818181818182,0.24705882352941178,0.2641509433962264
rwc/rwc_jazz_CD1_02/track.npy,rwc_jazz,1,0.888208269525268,0.8407079646017699,0.8407079646017699,0.7317073170731707,0.2204724409448819,0.632258064516129
rwc/rwc_jazz_CD1_10/track.npy,rwc_jazz,1,0.7714701601164484,0.6,0.6,0.6602870813397129,0.4132231404958678,0.4132231404958678
rwc/rwc_jazz_CD2_02/track.npy,rwc_jazz,1,0.9131578947368421,0.9631578947368421,0.9631578947368421,0.7085201793721972,0.3953488372093023,0.3953488372093023
rwc/rwc_jazz_CD3_08/track.npy,rwc_jazz,1,0.9913941480206541,0.9795221843003413,0.9795221843003413,0.9862068965517242,0.9794520547945206,0.9794520547945206
rwc/rwc_jazz_CD4_13/track.npy,rwc_jazz,1,0.9965870307167236,0.9977272727272727,0.9977272727272727,0.995433789954338,0.990909090909091,0.990909090909091
rwc/rwc_jazz_CD4_15/track.npy,rwc_jazz,1,0.9367965367965367,0.762214983713355,0.762214983713355,0.926829268292683,0.7516339869281046,0.7516339869281046
rwc/rwc_popular_CD1_02/track.npy,rwc_popular,1,0.9985855728429986,0.9971751412429378,0.9971751412429378,1.0,1.0,1.0
rwc/rwc_popular_CD1_04/track.npy,rwc_popular,1,0.9954614220877459,0.9909638554216867,0.9909638554216867,1.0,1.0,1.0
rwc/rwc_popular_CD1_09/track.npy,rwc_popular,1,0.9037900874635569,0.651595744680851,0.651595744680851,0.872093023255814,0.631578947368421,0.631578947368421
rwc/rwc_popular_CD2_05/track.npy,rwc_popular,1,0.986857825567503,0.9809069212410502,0.9809069212410502,1.0,1.0,1.0
rwc/rwc_popular_CD2_06/track.npy,rwc_popular,1,1.0,0.9977578475336323,0.9977578475336323,1.0,1.0,1.0
rwc/rwc_popular_CD2_13/track.npy,rwc_popular,1,0.9971590909090908,0.9943342776203966,0.9943342776203966,0.9942857142857142,0.9886363636363636,0.9886363636363636
rwc/rwc_popular_CD2_16/track.npy,rwc_popular,1,0.9990186457311089,0.9980392156862745,0.9980392156862745,0.996078431372549,0.9921875,0.9921875
rwc/rwc_popular_CD3_12/track.npy,rwc_popular,1,0.9877049180327869,0.9836065573770492,0.9836065573770492,0.9795918367346939,0.991869918699187,0.991869918699187
rwc/rwc_popular_CD3_16/track.npy,rwc_popular,1,0.9986648865153538,0.9973333333333333,0.9973333333333333,0.9946524064171123,0.9893617021276596,0.9893617021276596
rwc/rwc_popular_CD4_11/track.npy,rwc_popular,1,0.9888357256778308,0.9873015873015873,0.9873015873015873,0.9871794871794872,0.9871794871794872,0.9871794871794872
rwc/rwc_popular_CD5_11/track.npy,rwc_popular,1,0.9924585218702866,0.9819819819819819,0.9819819819819819,0.993939393939394,0.9879518072289156,0.9879518072289156
rwc/rwc_popular_CD5_14/track.npy,rwc_popular,1,0.9408194233687405,0.7765042979942693,0.7765042979942693,0.9454545454545454,0.7931034482758621,0.7931034482758621
rwc/rwc_popular_CD6_09/track.npy,rwc_popular,1,1.0,1.0,1.0,1.0,1.0,1.0
rwc/rwc_royalty-free_CD1_08/track.npy,rwc_royalty-free,1,0.988095238095238,0.9764705882352941,0.9764705882352941,0.9841269841269841,0.96875,0.96875
rwc/rwc_royalty-free_CD1_15/track.npy,rwc_royalty-free,1,0.84251968503937,0.953125,0.953125,0.8809523809523809,0.9761904761904762,0.9761904761904762
simac/simac_A_vida_me_fez_assim_03-candeeiro/track.npy,simac,1,1.0,1.0,1.0,nan,nan,nan
simac/simac_A_vida_me_fez_assim_08-Pedro_e_Tereza/track.npy,simac,1,1.0,1.0,1.0,nan,nan,nan
simac/simac_A_vida_me_fez_assim_10-Sorri/track.npy,simac,1,0.9615384615384616,0.9615384615384616,0.9615384615384616,nan,nan,nan
simac/simac_Amber_05-Glitch/track.npy,simac,1,0.02631578947368421,0.0,0.9736842105263158,nan,nan,nan
simac/simac_Amber_06-Piezo/track.npy,simac,1,1.0,1.0,1.0,nan,nan,nan
simac/simac_As_Time_Goes_By_12-i_could_write_a_book/track.npy,simac,1,0.9642857142857143,0.9642857142857143,0.9642857142857143,nan,nan,nan
simac/simac_As_time_goes_by_disk_2_13-Experiment/track.npy,simac,1,1.0,1.0,1.0,nan,nan,nan
simac/simac_As_time_goes_by_disk_2_14-Isntit_romantic/track.npy,simac,1,0.9767441860465117,0.9545454545454546,0.9545454545454546,nan,nan,nan
simac/simac_As_time_goes_by_disk_3_01-One/track.npy,simac,1,1.0,1.0,1.0,nan,nan,nan
simac/simac_BACH_WTC_02-Prelude_and_Fugue_No._1_in_C_major_BWV_870_-_2._Fuga/track.npy,simac,1,1.0,1.0,1.0,nan,nan,nan
simac/simac_Bach_Bach_-_Cello_suite_1_G_-_03_Courante/track.npy,simac,1,0.782608695652174,0.782608695652174,0.782608695652174,nan,nan,nan
simac/simac_Bach_Bach_-_Cello_suite_2_d_-_01_Prelude/track.npy,simac,1,0.5161290322580646,0.47058823529411764,0.47058823529411764,nan,nan,nan
simac/simac_Bach_The_Well-Tempered_Clavier_II_(Disc_1)_14-Prelude_and_Fugue_No._7_in_E-flat_major_BWV_876_-_2._Fuga/track.npy,simac,1,0.9777777777777777,0.9565217391304348,0.9565217391304348,nan,nan,nan
simac/simac_Beethoven_The_String_Quartets_-_CD_3_08-IV_Finale-_Presto/track.npy,simac,1,0.9,0.875,0.875,nan,nan,nan
simac/simac_Bela_Bartok_02-The_Miraculous_Mandarin_2_1st_Decoy_Game/track.npy,simac,1,0.85,1.0,1.0,nan,nan,nan
simac/simac_Bela_Bartok_11-Music_for_Strings_Percussion_and_Celesta_III_Adagio/track.npy,simac,1,0.7916666666666667,0.92,0.92,nan,nan,nan
simac/simac_Bernstein_conducts_Stravinsky_08-Dance_of_the_earth/track.npy,simac,1,0.6557377049180327,0.0,0.9024390243902439,nan,nan,nan
simac/simac_Bernstein_conducts_Stravinsky_10-Mystical_circles_of_the_young_girls/track.npy,simac,1,0.8461538461538461,1.0,1.0,nan,nan,nan
simac/simac_Bernstein_conducts_Stravinsky_19-Waltz_ballerina_and_the_moor/track.npy,simac,1,0.5,0.0,0.0,nan,nan,nan
simac/simac_Bernstein_conducts_Stravinsky_22-The_bear_and_the_peasant/track.npy,simac,1,0.7096774193548386,0.5882352941176471,0.5882352941176471,nan,nan,nan
simac/simac_Bernstein_conducts_Stravinsky_24-Danse_of_the_coachmen_and_grooms/track.npy,simac,1,0.6896551724137931,0.6551724137931034,0.6551724137931034,nan,nan,nan
simac/simac_Cafe_Zimmermann_06-Suite_en_ut_majeur_BWV_1066_-_Ouverture/track.npy,simac,1,0.8235294117647058,1.0,1.0,nan,nan,nan
simac/simac_Cafe_Zimmermann_15-Concerto_pour_hautbois_&_violon_en_ut_mineur_BWV_1060_-_Allegro/track.npy,simac,1,0.9836065573770492,0.967741935483871,0.967741935483871,nan,nan,nan
simac/simac_Clandestino_-_esperando_la_ultima_ola_04-Je_ne_t_aime_plus/track.npy,simac,1,0.631578947368421,0.0,0.9736842105263158,nan,nan,nan
simac/simac_Clandestino_-_esperando_la_ultima_ola_06-Lagrimas_de_oro/track.npy,simac,1,1.0,1.0,1.0,nan,nan,nan
simac/simac_DGG_419_047-2_08-Toccata_Adagio_u._Fuge_C-dur_BWV_564_-_II_Adagio/track.npy,simac,1,0.7692307692307693,1.0,1.0,nan,nan,nan
simac/simac_DGG_419_047-2_10-Triosonate_Nr._1_Es-Dur_BWV_525_-_I_(Allegro)/track.npy,simac,1,0.9743589743589743,0.95,0.95,nan,nan,nan
simac/simac_DGG_419_047-2_12-Triosonate_Nr._1_Es-Dur_BWV_525_-_III_Allegro/track.npy,simac,1,0.9130434782608695,1.0,1.0,nan,nan,nan
simac/simac_Ella_&_Louis_11-Oh_Johnny/track.npy,simac,1,0.611111111111111,0.0,0.8541666666666666,nan,nan,nan
simac/simac_Ella_&_Louis_15-Billy/track.npy,simac,1,0.6575342465753424,0.0,0.9387755102040817,nan,nan,nan
simac/simac_Fado_08-AudioTrack_08/track.npy,simac,1,0.39999999999999997,0.0,0.02040816326530612,nan,nan,nan
simac/simac_Family_Tree_-_Greatest_Hits_As_Chosen_By_Bjork_01-Venus_As_A_Boy/track.npy,simac,1,0.6666666666666666,0.0,0.9705882352941176,nan,nan,nan
simac/simac_Family_Tree_-_Greatest_Hits_As_Chosen_By_Bjork_05-Joga/track.npy,simac,1,0.6785714285714285,0.0,1.0,nan,nan,nan
simac/simac_Ludwid_van_Beethoven_05-Quartet_in_C-sharp_major_Op._131_I._Adagio_ma_non_troppo_e_molto_espressivo_-_attacca/track.npy,simac,1,0.6285714285714287,0.8888888888888888,0.8888888888888888,nan,nan,nan
simac/simac_Niandra_LaDes_and_Usually_Just_a_T-Shirt_04-Big_Takeover/track.npy,simac,1,1.0,1.0,1.0,nan,nan,nan
simac/simac_Niandra_LaDes_and_Usually_Just_a_T-Shirt_08-Been_Insane/track.npy,simac,1,1.0,1.0,1.0,nan,nan,nan
simac/simac_Niandra_LaDes_and_Usually_Just_a_T-Shirt_09-Skin_Blues/track.npy,simac,1,0.9795918367346939,0.96,0.96,nan,nan,nan
simac/simac_Niandra_LaDes_and_Usually_Just_a_T-Shirt_10-Your_Pussys_Glued_to_a_Building_on_Fire/track.npy,simac,1,1.0,1.0,1.0,nan,nan,nan
simac/simac_Niandra_LaDes_and_Usually_Just_a_T-Shirt_12-Ten_to_Butter_Blood_Voodoo/track.npy,simac,1,0.76,0.42857142857142855,0.42857142857142855,nan,nan,nan
simac/simac_Papakonstantinou_05-AudioTrack_05/track.npy,simac,1,1.0,1.0,1.0,nan,nan,nan
simac/simac_Papakonstantinou_17-AudioTrack_17/track.npy,simac,1,0.6666666666666666,0.0,0.9666666666666667,nan,nan,nan
simac/simac_Primer_Aliento_04-Varsovia_en_llamas/track.npy,simac,1,1.0,1.0,1.0,nan,nan,nan
simac/simac_Primer_Aliento_16-Kraken/track.npy,simac,1,1.0,1.0,1.0,nan,nan,nan
simac/simac_R.A.F.I_13-Real_Areas_For_Investigation/track.npy,simac,1,0.5555555555555556,0.38461538461538464,0.38461538461538464,nan,nan,nan
simac/simac_Samba_na_Madrugada_05-Momento_de_Fraqueza/track.npy,simac,1,1.0,1.0,1.0,nan,nan,nan
simac/simac_Samba_na_Madrugada_11-Alo_Alo/track.npy,simac,1,0.038461538461538464,0.038461538461538464,0.038461538461538464,nan,nan,nan
simac/simac_Santana_03-La_Puesta_De_Sol/track.npy,simac,1,1.0,1.0,1.0,nan,nan,nan
simac/simac_So_Cartola_12-Divina_Dama/track.npy,simac,1,0.9787234042553191,0.9583333333333334,0.9583333333333334,nan,nan,nan
simac/simac_Songs_Afrocuba_-_Mezquinidad/track.npy,simac,1,0.679245283018868,0.41379310344827586,0.41379310344827586,nan,nan,nan
simac/simac_Tales_Of_Mystery_And_Imagination_02-The_Raven/track.npy,simac,1,0.0851063829787234,0.48148148148148145,0.48148148148148145,nan,nan,nan
simac/simac_Tanto_Tempo_01-Samba_da_Bencao/track.npy,simac,1,1.0,1.0,1.0,nan,nan,nan
simac/simac_Tanto_Tempo_11-Close_Your_Eyes/track.npy,simac,1,1.0,1.0,1.0,nan,nan,nan
simac/simac_The_Art_of_Spanish_Guitar_02-Lauro_Dos_Valses_Venezolanos_-_Uno/track.npy,simac,1,0.4788732394366197,0.0,0.2962962962962963,nan,nan,nan
simac/simac_The_Crackdown_03-Talking_Time/track.npy,simac,1,1.0,1.0,1.0,nan,nan,nan
simac/simac_The_Crackdown_04-Animation/track.npy,simac,1,1.0,1.0,1.0,nan,nan,nan
simac/simac_Tomatito_Tomatito-01.Barrio_negro/track.npy,simac,1,0.22222222222222224,0.24242424242424243,0.24242424242424243,nan,nan,nan
simac/simac_VOL.3_Musiques_pour_guitare_et_violoncelle_09-M._de_Falla_7_chansons_populaires_espagnoles_(extraits)_-_El_pano_moruno/track.npy,simac,1,0.43243243243243246,0.09090909090909091,0.09090909090909091,nan,nan,nan
simac/simac_Xatzidakis_17-AudioTrack_17/track.npy,simac,1,0.6666666666666666,0.0,0.96875,nan,nan,nan
simac/simac_aire_06-Arrengao/track.npy,simac,1,0.975,0.975,0.975,nan,nan,nan
simac/simac_blues_roots_cryin_blues/track.npy,simac,1,1.0,1.0,1.0,nan,nan,nan
simac/simac_greek_Mavili_-_Afto_t_agori/track.npy,simac,1,0.6521739130434783,0.0,0.9354838709677419,nan,nan,nan
simac/simac_more_greek_03_Virginouda/track.npy,simac,1,0.3888888888888889,0.0,0.0,nan,nan,nan
simac/simac_more_greek_08_Kapoios_peftei.../track.npy,simac,1,1.0,1.0,1.0,nan,nan,nan
simac/simac_more_greek_Giannakopoulou_-_Marina/track.npy,simac,1,0.9787234042553191,0.9583333333333334,0.9583333333333334,nan,nan,nan
simac/simac_more_greek_Ksylouris_-_Xilia_myria_kymata/track.npy,simac,1,0.6829268292682926,0.0,1.0,nan,nan,nan
simac/simac_more_greek_Makedonas_-_Savvatovrado_stin_Kaisariani/track.npy,simac,1,0.9,0.9,0.9,nan,nan,nan
simac/simac_more_greek_Mosxoliou_-_Eipa_na_svisw_ta_palia/track.npy,simac,1,0.653061224489796,0.0,0.9393939393939394,nan,nan,nan
simac/simac_more_greek_Mpellou_-_De_les_kouventa/track.npy,simac,1,0.6976744186046512,0.03571428571428571,0.9310344827586207,nan,nan,nan
simac/simac_more_greek_Mpellou_-_O_kosmos_einai_san_mpakses/track.npy,simac,1,0.6521739130434783,0.0,0.9354838709677419,nan,nan,nan
simac/simac_more_greek_Mpi8ikwtsis_-_Brexei_sti_ftwxogeitonia/track.npy,simac,1,0.918918918918919,0.8947368421052632,0.8947368421052632,nan,nan,nan
simac/simac_more_greek_Mpi8ikwtsis_-_Kokotas_-_Stou_O8wna_ta_xronia/track.npy,simac,1,0.9230769230769231,1.0,1.0,nan,nan,nan
simac/simac_more_greek_Mpi8ikwtsis_-_Mia_Kyriaki/track.npy,simac,1,0.6190476190476191,0.0,0.8928571428571429,nan,nan,nan
simac/simac_more_greek_NinouTsitsanis_-_Synnefiasmeni_Kyriaki/track.npy,simac,1,0.6666666666666666,0.0,0.96875,nan,nan,nan
simac/simac_more_greek_Ntalaras_-_Ta_matoklada_sou_lampoun/track.npy,simac,1,0.6538461538461539,0.0,0.9428571428571428,nan,nan,nan
simac/simac_more_greek_Panou_Dionysiou_Tsitsanis_-_Axaristi/track.npy,simac,1,1.0,1.0,1.0,nan,nan,nan
smc/smc_006/track.npy,smc,1,0.8437499999999999,0.5833333333333334,0.5833333333333334,nan,nan,nan
smc/smc_018/track.npy,smc,1,0.33962264150943394,0.21052631578947367,0.24561403508771928,nan,nan,nan
smc/smc_026/track.npy,smc,1,0.7457627118644068,0.9333333333333333,0.9333333333333333,nan,nan,nan
smc/smc_027/track.npy,smc,1,0.5681818181818181,0.39215686274509803,0.39215686274509803,nan,nan,nan
smc/smc_065/track.npy,smc,1,0.9767441860465116,1.0,1.0,nan,nan,nan
smc/smc_068/track.npy,smc,1,0.9245283018867925,0.9811320754716981,0.9811320754716981,nan,nan,nan
smc/smc_082/track.npy,smc,1,0.9421487603305785,0.84375,0.84375,nan,nan,nan
smc/smc_089/track.npy,smc,1,0.6046511627906976,0.4,0.4,nan,nan,nan
smc/smc_104/track.npy,smc,1,0.6355140186915887,0.058823529411764705,0.7272727272727273,nan,nan,nan
smc/smc_106/track.npy,smc,1,0.35185185185185186,0.0,0.5277777777777778,nan,nan,nan
smc/smc_111/track.npy,smc,1,0.47058823529411764,0.1875,0.1875,nan,nan,nan
smc/smc_118/track.npy,smc,1,0.3076923076923077,0.10344827586206896,0.16923076923076924,nan,nan,nan
smc/smc_130/track.npy,smc,1,0.4225352112676057,0.15217391304347827,0.15217391304347827,nan,nan,nan
smc/smc_142/track.npy,smc,1,0.5822784810126581,0.5116279069767442,0.5116279069767442,nan,nan,nan
smc/smc_157/track.npy,smc,1,0.651685393258427,0.9333333333333333,0.9333333333333333,nan,nan,nan
smc/smc_167/track.npy,smc,1,0.5333333333333333,0.7083333333333334,0.7083333333333334,nan,nan,nan
smc/smc_169/track.npy,smc,1,0.5616438356164384,0.16494845360824742,0.16494845360824742,nan,nan,nan
smc/smc_174/track.npy,smc,1,0.27999999999999997,0.18518518518518517,0.18518518518518517,nan,nan,nan
smc/smc_198/track.npy,smc,1,0.7226890756302521,0.5797101449275363,0.5797101449275363,nan,nan,nan
smc/smc_219/track.npy,smc,1,0.8076923076923076,0.7636363636363637,0.7636363636363637,nan,nan,nan
smc/smc_243/track.npy,smc,1,0.75,0.7586206896551724,0.7586206896551724,nan,nan,nan
smc/smc_248/track.npy,smc,1,0.325,0.0,0.4642857142857143,nan,nan,nan
smc/smc_251/track.npy,smc,1,0.9022556390977444,0.8985507246376812,0.8985507246376812,nan,nan,nan
smc/smc_256/track.npy,smc,1,0.631578947368421,0.0,0.7142857142857143,nan,nan,nan
smc/smc_261/track.npy,smc,1,0.4615384615384615,0.47619047619047616,0.47619047619047616,nan,nan,nan
smc/smc_271/track.npy,smc,1,1.0,1.0,1.0,nan,nan,nan
smc/smc_276/track.npy,smc,1,0.6666666666666666,0.0,1.0,nan,nan,nan
tapcorrect/005_youtube_RB-RcX5DS5A/track.npy,tapcorrect,1,0.9967532467532468,0.9935275080906149,0.9935275080906149,1.0,1.0,1.0
tapcorrect/013_youtube_6iGpdkgr57g/track.npy,tapcorrect,1,0.9936575052854123,0.9915433403805497,0.9915433403805497,0.9915966386554622,0.9915966386554622,0.9915966386554622
tapcorrect/016_youtube_eelfrHtmk68/track.npy,tapcorrect,1,0.964968152866242,0.964968152866242,0.964968152866242,0.9681528662420382,0.9873417721518988,0.9873417721518988
tapcorrect/028_youtube_StFfXP4eAgU/track.npy,tapcorrect,1,0.9983471074380166,0.9966996699669967,0.9966996699669967,1.0,1.0,1.0
tapcorrect/033_youtube_0Jj9rOwkfLM/track.npy,tapcorrect,1,0.8514851485148515,0.4924078091106291,0.4924078091106291,0.7826086956521738,0.4083333333333333,0.4083333333333333
tapcorrect/035_youtube_NCnT_grZvLE/track.npy,tapcorrect,1,0.9980276134122288,0.9960629921259843,0.9960629921259843,1.0,1.0,1.0
tapcorrect/044_youtube_BwKPJJxSnOE/track.npy,tapcorrect,1,0.998473282442748,0.9969512195121951,0.9969512195121951,0.6585365853658536,0.0,0.9727272727272728
tapcorrect/072_youtube_sABVieMgwlA/track.npy,tapcorrect,1,0.9940119760479041,0.9880382775119617,0.9880382775119617,0.9807692307692307,0.9523809523809523,0.9523809523809523
tapcorrect/078_youtube_DL_uU76w5eQ/track.npy,tapcorrect,1,0.9168443496801707,0.766798418972332,0.766798418972332,0.5736434108527131,0.0945945945945946,0.44036697247706424
tapcorrect/079_youtube_aEW001GcS9s/track.npy,tapcorrect,1,0.990909090909091,0.9819004524886877,0.9819004524886877,0.6774193548387096,0.417910447761194,0.417910447761194
tapcorrect/080_youtube_9z1A1R8RQZs/track.npy,tapcorrect,1,0.96875,0.9391891891891891,0.9391891891891891,0.9571428571428572,0.9142857142857143,0.9142857142857143
tapcorrect/091_youtube_NCtzkaL2t_Y/track.npy,tapcorrect,1,0.9788867562380038,0.9580152671755725,0.9580152671755725,0.779874213836478,0.3157894736842105,0.49606299212598426
tapcorrect/095_youtube_zO6D_BAuYCI/track.npy,tapcorrect,1,0.9563046192259677,0.8875305623471883,0.8875305623471883,0.9855072463768114,0.9903846153846154,0.9903846153846154
asap/Bach_Fugue_bwv_854_LuA01M/track.npy,asap,2,0.8646288209606987,0.6111111111111112,0.6111111111111112,0.37681159420289856,0.06976744186046512,0.3333333333333333
asap/Bach_Fugue_bwv_854_MiyashitaM01M/track.npy,asap,2,0.6756756756756755,0.046632124352331605,0.8780487804878049,0.37037037037037035,0.0,0.36363636363636365
asap/Bach_Fugue_bwv_854_Ozaki01M/track.npy,asap,2,1.0,1.0,1.0,0.4313725490196078,0.2692307692307692,0.44
asap/Bach_Fugue_bwv_854_Richardson01M/track.npy,asap,2,0.9543147208121827,0.8725490196078431,0.8725490196078431,0.4444444444444445,0.1891891891891892,0.1891891891891892
asap/Bach_Fugue_bwv_854_WangA01M/track.npy,asap,2,0.7941176470588236,0.5825242718446602,0.5825242718446602,0.43243243243243246,0.020833333333333332,0.43137254901960786
asap/Bach_Fugue_bwv_856_LuoJ01M/track.npy,asap,2,0.5487364620938628,0.06,0.06,0.6534653465346534,0.04477611940298507,0.7058823529411765
asap/Bach_Fugue_bwv_870_ChenW01M/track.npy,asap,2,0.990353697749196,0.967948717948718,0.967948717948718,0.6551724137931034,0.0,0.6666666666666666
asap/Bach_Fugue_bwv_870_LeeE01M/track.npy,asap,2,1.0,1.0,1.0,0.6666666666666666,0.01282051282051282,0.6923076923076923
asap/Bach_Fugue_bwv_870_MaximovI01M/track.npy,asap,2,1.0,1.0,1.0,0.6666666666666666,0.01282051282051282,0.717948717948718
asap/Bach_Prelude_bwv_854_LuA01M/track.npy,asap,2,0.9273743016759776,0.8791208791208791,0.8791208791208791,0.5357142857142857,0.0,0.6511627906976745
asap/Bach_Prelude_bwv_854_MiyashitaM01M/track.npy,asap,2,0.9824561403508771,0.9310344827586207,0.9310344827586207,0.6349206349206349,0.0,0.9302325581395349
asap/Bach_Prelude_bwv_854_Ozaki01M/track.npy,asap,2,0.9832402234636871,0.9340659340659341,0.9340659340659341,0.65625,0.0,0.9767441860465116
asap/Bach_Prelude_bwv_854_Richardson01M/track.npy,asap,2,0.9832402234636871,0.9340659340659341,0.9340659340659341,0.6666666666666666,0.0,0.8863636363636364
asap/Bach_Prelude_bwv_854_WangA01M/track.npy,asap,2,0.9826589595375722,0.9540229885057471,0.9540229885057471,0.6249999999999999,0.0,0.8837209302325582
asap/Bach_Prelude_bwv_862_Song04M/track.npy,asap,2,0.9486166007905139,0.8615384615384616,0.8615384615384616,0.8860759493670887,0.7073170731707317,0.7073170731707317
asap/Bach_Prelude_bwv_865_Rizikov01M/track.npy,asap,2,0.8823529411764706,0.6382978723404256,0.6382978723404256,0.40625000000000006,0.10526315789473684,0.10526315789473684
asap/Bach_Prelude_bwv_865_Teo01M/track.npy,asap,2,0.6600985221674877,0.2109375,0.2109375,0.39999999999999997,0.2,0.2
asap/Bach_Prelude_bwv_865_ZhangE01M/track.npy,asap,2,0.7272727272727273,0.26229508196721313,0.26229508196721313,0.3466666666666667,0.02040816326530612,0.02040816326530612
asap/Bach_Prelude_bwv_892_Hou01M/track.npy,asap,2,0.991304347826087,0.9826589595375722,0.9826589595375722,0.8387096774193548,0.6326530612244898,0.6326530612244898
asap/Bach_Prelude_bwv_892_KabuliL01M/track.npy,asap,2,0.9971346704871061,0.9885714285714285,0.9885714285714285,0.8301886792452831,0.41935483870967744,0.41935483870967744
asap/Bach_Prelude_bwv_893_Kleisen04M/track.npy,asap,2,0.76,0.6904761904761905,0.6904761904761905,0.6050420168067226,0.4603174603174603,0.4603174603174603
asap/Bach_Prelude_bwv_893_Levitsky04M/track.npy,asap,2,0.875,0.6506849315068494,0.6506849315068494,0.631578947368421,0.5142857142857142,0.5142857142857142
asap/Bach_Prelude_bwv_893_Wong01M/track.npy,asap,2,0.6805555555555556,0.39751552795031053,0.39751552795031053,0.5892857142857143,0.421875,0.421875
asap/Beethoven_Piano_Sonatas_10-1_Hou02M/track.npy,asap,2,0.8015364916773368,0.7251908396946565,0.7251908396946565,0.6292834890965732,0.27918781725888325,0.27918781725888325
asap/Beethoven_Piano_Sonatas_11-1_LiC03M/track.npy,asap,2,0.9384316267012314,0.8252551020408163,0.8252551020408163,0.6959847036328871,0.1345565749235474,0.6828644501278772
asap/Beethoven_Piano_Sonatas_11-1_LiYZ03M/track.npy,asap,2,0.9839434810533076,0.951530612244898,0.951530612244898,0.8272921108742005,0.4139194139194139,0.4139194139194139
asap/Beethoven_Piano_Sonatas_11-1_MaximovI02M/track.npy,asap,2,0.8866111467008329,0.7075351213282248,0.7075351213282248,0.7412008281573499,0.3310104529616725,0.42710997442455245
asap/Beethoven_Piano_Sonatas_11-1_ZhaoK02M/track.npy,asap,2,0.9372599231754163,0.8365261813537676,0.8365261813537676,0.698989898989899,0.20066889632107024,0.5549872122762148
asap/Beethoven_Piano_Sonatas_22-2_KOLESO04M/track.npy,asap,2,0.747624076029567,0.4565619223659889,0.4565619223659889,0.4705882352941177,0.12807881773399016,0.30656934306569344
asap/Beethoven_Piano_Sonatas_31-2_ADIG05M/track.npy,asap,2,0.8042049934296976,0.40315315315315314,0.40315315315315314,0.27863777089783287,0.036036036036036036,0.10810810810810811
asap/Beethoven_Piano_Sonatas_32-1_DupreeF03M/track.npy,asap,2,0.7974549310710498,0.5113636363636364,0.5113636363636364,0.35161290322580646,0.019417475728155338,0.3710843373493976
asap/Beethoven_Piano_Sonatas_32-1_HouY04M/track.npy,asap,2,0.6688648139425343,0.27279752704791344,0.27279752704791344,0.32906764168190134,0.04129793510324484,0.24096385542168675
asap/Beethoven_Piano_Sonatas_32-1_Jussow06M/track.npy,asap,2,0.7320061255742727,0.41098317094774134,0.41098317094774134,0.3713355048859935,0.024630541871921183,0.3542168674698795
asap/Chopin_Etudes_op_10_4_Richardson_2013_03M/track.npy,asap,2,0.9936507936507937,0.9715189873417721,0.9715189873417721,0.9936305732484078,0.9873417721518988,0.9873417721518988
asap/Chopin_Etudes_op_25_12_BorickC04M/track.npy,asap,2,0.7503782148260212,0.4604105571847507,0.4604105571847507,0.6878980891719745,0.6125,0.6125
asap/Chopin_Etudes_op_25_12_HouKimberly03M/track.npy,asap,2,0.8195718654434251,0.6119402985074627,0.6119402985074627,0.8518518518518519,0.7560975609756098,0.7560975609756098
asap/Chopin_Etudes_op_25_12_LuA04M/track.npy,asap,2,0.9096477794793262,0.7567567567567568,0.7567567567567568,0.8571428571428572,0.7901234567901234,0.7901234567901234
asap/Haydn_Keyboard_Sonatas_31-1_Song05M/track.npy,asap,2,0.7442622950819672,0.3697478991596639,0.3697478991596639,0.4390243902439025,0.02112676056338028,0.5
asap/Liszt_Concert_Etude_S145_2_Lu03M/track.npy,asap,2,0.8755244755244755,0.6918918918918919,0.6918918918918919,0.5954198473282443,0.2621951219512195,0.2621951219512195
asap/Liszt_Concert_Etude_S145_2_Tario06M/track.npy,asap,2,0.8244084682440848,0.6226851851851852,0.6226851851851852,0.4779874213836478,0.23170731707317074,0.23170731707317074
asap/Liszt_Gran_Etudes_de_Paganini_2_La_campanella_BuiJL03M/track.npy,asap,2,0.43171806167400884,0.04449648711943794,0.04449648711943794,0.46408839779005523,0.1085972850678733,0.3701067615658363
asap/Liszt_Gran_Etudes_de_Paganini_2_La_campanella_LeungR04M/track.npy,asap,2,0.4629803186504217,0.062261753494282084,0.062261753494282084,0.48725212464589235,0.13615023474178403,0.30824372759856633
asap/Liszt_Gran_Etudes_de_Paganini_2_La_campanella_Levitsky06M/track.npy,asap,2,0.4597457627118644,0.06636500754147813,0.0693815987933635,0.37222222222222223,0.0684931506849315,0.29537366548042704
asap/Liszt_Gran_Etudes_de_Paganini_2_La_campanella_Lin07M/track.npy,asap,2,0.42594215600350566,0.015098722415795587,0.036004645760743324,0.43478260869565216,0.09210526315789473,0.3906810035842294
asap/Liszt_Gran_Etudes_de_Paganini_2_La_campanella_LiuC05M/track.npy,asap,2,0.4549763033175355,0.04516129032258064,0.08,0.4507936507936508,0.15428571428571428,0.2114695340501792
asap/Liszt_Gran_Etudes_de_Paganini_2_La_campanella_LiuY03M/track.npy,asap,2,0.4685466377440347,0.11214953271028037,0.11214953271028037,0.4550898203592814,0.25773195876288657,0.25773195876288657
asap/Liszt_Gran_Etudes_de_Paganini_2_La_campanella_MunA08M/track.npy,asap,2,0.47895229186155286,0.0799492385786802,0.0799492385786802,0.5587467362924282,0.1446280991735537,0.4234875444839858
asap/Liszt_Gran_Etudes_de_Paganini_2_La_campanella_VuV06M/track.npy,asap,2,0.39298245614035093,0.03372093023255814,0.03604651162790698,0.4,0.0967741935483871,0.36129032258064514
asap/Liszt_Gran_Etudes_de_Paganini_2_La_campanella_Yang05M/track.npy,asap,2,0.46982358402971214,0.0617906683480454,0.07818411097099622,0.46376811594202894,0.12315270935960591,0.31802120141342755
asap/Liszt_Gran_Etudes_de_Paganini_2_La_campanella_ZhangH07M/track.npy,asap,2,0.4256505576208178,0.02512562814070352,0.08040201005025126,0.40677966101694907,0.17757009345794392,0.21505376344086022
ballroom/ballroom_Albums-Ballroom_Classics4-20/track.npy,ballroom,2,1.0,1.0,1.0,1.0,1.0,1.0
ballroom/ballroom_Albums-Ballroom_Magic-16/track.npy,ballroom,2,1.0,1.0,1.0,1.0,1.0,1.0
ballroom/ballroom_Albums-Ballroom_Magic-17/track.npy,ballroom,2,0.993939393939394,0.9879518072289156,0.9879518072289156,1.0,1.0,1.0
ballroom/ballroom_Albums-Cafe_Paradiso-06/track.npy,ballroom,2,1.0,1.0,1.0,1.0,1.0,1.0
ballroom/ballroom_Albums-Chrisanne2-04/track.npy,ballroom,2,1.0,1.0,1.0,1.0,1.0,1.0
ballroom/ballroom_Albums-Chrisanne3-04/track.npy,ballroom,2,0.7438016528925621,0.5384615384615384,0.5384615384615384,0.5384615384615384,0.6428571428571429,0.6428571428571429
ballroom/ballroom_Albums-Commitments-08/track.npy,ballroom,2,0.9781021897810218,0.9571428571428572,0.9571428571428572,0.9696969696969697,0.9411764705882353,0.9411764705882353
ballroom/ballroom_Albums-Commitments-10/track.npy,ballroom,2,1.0,1.0,1.0,1.0,1.0,1.0
ballroom/ballroom_Albums-Commitments-11/track.npy,ballroom,2,1.0,1.0,1.0,1.0,1.0,1.0
ballroom/ballroom_Albums-Latin_Jam-03/track.npy,ballroom,2,0.9885057471264368,0.9772727272727273,0.9772727272727273,0.9523809523809523,0.9090909090909091,0.9090909090909091
ballroom/ballroom_Albums-Latin_Jam3-03/track.npy,ballroom,2,0.9902912621359222,0.9807692307692307,0.9807692307692307,1.0,1.0,1.0
ballroom/ballroom_Albums-Latin_Jam3-11/track.npy,ballroom,2,0.9931972789115647,0.9864864864864865,0.9864864864864865,0.972972972972973,0.9473684210526315,0.9473684210526315
ballroom/ballroom_Albums-Latin_Jam4-03/track.npy,ballroom,2,1.0,1.0,1.0,1.0,1.0,1.0
ballroom/ballroom_Albums-Latin_Jam4-06/track.npy,ballroom,2,1.0,1.0,1.0,1.0,1.0,1.0
ballroom/ballroom_Albums-Latin_Jam4-07/track.npy,ballroom,2,0.9885057471264368,0.9772727272727273,0.9772727272727273,0.9523809523809523,0.9090909090909091,0.9090909090909091
ballroom/ballroom_Albums-Latin_Jam4-10/track.npy,ballroom,2,1.0,1.0,1.0,1.0,1.0,1.0
ballroom/ballroom_Albums-Latin_Jam5-11/track.npy,ballroom,2,1.0,1.0,1.0,1.0,1.0,1.0
ballroom/ballroom_Albums-Latino_Latino-03/track.npy,ballroom,2,1.0,1.0,1.0,1.0,1.0,1.0
ballroom/ballroom_Albums-Latino_Latino-09/track.npy,ballroom,2,0.9914529914529915,0.9830508474576272,0.9830508474576272,1.0,1.0,1.0
ballroom/ballroom_Albums-Latino_Latino-10/track.npy,ballroom,2,0.989247311827957,0.9787234042553191,0.9787234042553191,0.9565217391304348,0.9166666666666666,0.9166666666666666
ballroom/ballroom_Albums-Macumba-05/track.npy,ballroom,2,1.0,1.0,1.0,1.0,1.0,1.0
ballroom/ballroom_Albums-Macumba-10/track.npy,ballroom,2,0.9873417721518987,0.975,0.975,1.0,1.0,1.0
ballroom/ballroom_Albums-Macumba-12/track.npy,ballroom,2,1.0,1.0,1.0,1.0,1.0,1.0
ballroom/ballroom_Albums-Pais_Tropical-02/track.npy,ballroom,2,0.9879518072289156,0.9761904761904762,0.9761904761904762,1.0,1.0,1.0
ballroom/ballroom_Albums-Pais_Tropical-06/track.npy,ballroom,2,1.0,1.0,1.0,1.0,1.0,1.0
ballroom/ballroom_Albums-StrictlyDancing_Tango-07/track.npy,ballroom,2,1.0,1.0,1.0,0.23076923076923078,0.23076923076923078,0.6923076923076923
ballroom/ballroom_Albums-StrictlyDancing_Tango-12/track.npy,ballroom,2,0.99009900990099,0.9803921568627451,0.9803921568627451,1.0,1.0,1.0
ballroom/ballroom_Media-100608/track.npy,ballroom,2,1.0,1.0,1.0,1.0,1.0,1.0
ballroom/ballroom_Media-100609/track.npy,ballroom,2,1.0,0.9863013698630136,0.9863013698630136,1.0,1.0,1.0
ballroom/ballroom_Media-100614/track.npy,ballroom,2,0.9942857142857142,0.9886363636363636,0.9886363636363636,0.9767441860465117,0.9545454545454546,0.9545454545454546
ballroom/ballroom_Media-103308/track.npy,ballroom,2,0.993103448275862,0.9726027397260274,0.9726027397260274,0.9795918367346939,0.96,0.96
ballroom/ballroom_Media-103505/track.npy,ballroom,2,1.0,1.0,1.0,1.0,1.0,1.0
ballroom/ballroom_Media-103602/track.npy,ballroom,2,1.0,1.0,1.0,1.0,1.0,1.0
ballroom/ballroom_Media-103603/track.npy,ballroom,2,1.0,1.0,1.0,1.0,1.0,1.0
ballroom/ballroom_Media-103709/track.npy,ballroom,2,1.0,1.0,1.0,1.0,1.0,1.0
ballroom/ballroom_Media-103713/track.npy,ballroom,2,1.0,1.0,1.0,1.0,1.0,1.0
ballroom/ballroom_Media-103716/track.npy,ballroom,2,1.0,1.0,1.0,1.0,1.0,1.0
ballroom/ballroom_Media-103901/track.npy,ballroom,2,0.6875000000000001,0.5238095238095238,0.5238095238095238,0.7058823529411764,0.5454545454545454,0.5454545454545454
ballroom/ballroom_Media-103903/track.npy,ballroom,2,1.0,1.0,1.0,1.0,1.0,1.0
ballroom/ballroom_Media-103912/track.npy,ballroom,2,1.0,1.0,1.0,1.0,1.0,1.0
ballroom/ballroom_Media-103913/track.npy,ballroom,2,1.0,1.0,1.0,1.0,1.0,1.0
ballroom/ballroom_Media-103914/track.npy,ballroom,2,1.0,1.0,1.0,1.0,1.0,1.0
ballroom/ballroom_Media-103920/track.npy,ballroom,2,1.0,1.0,1.0,1.0,1.0,1.0
ballroom/ballroom_Media-104001/track.npy,ballroom,2,0.988235294117647,0.9767441860465116,0.9767441860465116,1.0,1.0,1.0
ballroom/ballroom_Media-104002/track.npy,ballroom,2,1.0,1.0,1.0,1.0,1.0,1.0
ballroom/ballroom_Media-104107/track.npy,ballroom,2,1.0,1.0,1.0,1.0,1.0,1.0
ballroom/ballroom_Media-104111/track.npy,ballroom,2,1.0,1.0,1.0,1.0,1.0,1.0
ballroom/ballroom_Media-104117/track.npy,ballroom,2,0.993006993006993,0.9861111111111112,0.9861111111111112,1.0,1.0,1.0
ballroom/ballroom_Media-104208/track.npy,ballroom,2,1.0,1.0,1.0,1.0,1.0,1.0
ballroom/ballroom_Media-104211/track.npy,ballroom,2,0.9932885906040269,0.9866666666666667,0.9866666666666667,1.0,1.0,1.0
ballroom/ballroom_Media-104217/track.npy,ballroom,2,0.9941520467836257,0.9767441860465116,0.9767441860465116,1.0,1.0,1.0
ballroom/ballroom_Media-104218/track.npy,ballroom,2,0.888888888888889,0.8372093023255814,0.8372093023255814,0.9047619047619048,1.0,1.0
ballroom/ballroom_Media-104301/track.npy,ballroom,2,0.9295774647887323,0.9722222222222222,0.9722222222222222,0.8695652173913043,0.9166666666666666,0.9166666666666666
ballroom/ballroom_Media-104306/track.npy,ballroom,2,0.9908256880733944,0.9818181818181818,0.9818181818181818,0.962962962962963,0.9285714285714286,0.9285714285714286
ballroom/ballroom_Media-104405/track.npy,ballroom,2,0.9906542056074767,0.9814814814814815,0.9814814814814815,0.8125000000000001,0.3684210526315789,0.44
ballroom/ballroom_Media-104504/track.npy,ballroom,2,0.9315068493150684,0.972972972972973,0.972972972972973,0.9166666666666666,1.0,1.0
ballroom/ballroom_Media-104514/track.npy,ballroom,2,0.9942857142857142,0.9886363636363636,0.9886363636363636,1.0,1.0,1.0
ballroom/ballroom_Media-104601/track.npy,ballroom,2,0.9315068493150684,0.9210526315789473,0.9210526315789473,0.9600000000000001,0.9230769230769231,0.9230769230769231
ballroom/ballroom_Media-104602/track.npy,ballroom,2,0.9577464788732395,0.9722222222222222,0.9722222222222222,1.0,1.0,1.0
ballroom/ballroom_Media-104618/track.npy,ballroom,2,0.9447852760736197,0.8117647058823529,0.8117647058823529,0.8421052631578948,0.5454545454545454,0.5454545454545454
ballroom/ballroom_Media-104703/track.npy,ballroom,2,0.9577464788732395,0.9722222222222222,0.9722222222222222,0.9565217391304348,0.9166666666666666,0.9166666666666666
ballroom/ballroom_Media-104708/track.npy,ballroom,2,0.9904761904761905,0.9811320754716981,0.9811320754716981,1.0,1.0,1.0
ballroom/ballroom_Media-104801/track.npy,ballroom,2,0.8493150684931507,0.918918918918919,0.918918918918919,0.9166666666666666,1.0,1.0
ballroom/ballroom_Media-104811/track.npy,ballroom,2,0.9733333333333334,0.9733333333333334,0.9733333333333334,1.0,1.0,1.0
ballroom/ballroom_Media-104903/track.npy,ballroom,2,0.9014084507042254,0.9722222222222222,0.9722222222222222,0.9166666666666666,1.0,1.0
ballroom/ballroom_Media-104906/track.npy,ballroom,2,0.9906542056074767,0.9814814814814815,0.9814814814814815,0.962962962962963,0.9285714285714286,0.9285714285714286
ballroom/ballroom_Media-104917/track.npy,ballroom,2,0.9239766081871345,0.7558139534883721,0.7558139534883721,0.8837209302325582,0.9545454545454546,0.9545454545454546
ballroom/ballroom_Media-105105/track.npy,ballroom,2,0.9859154929577464,0.9722222222222222,0.9722222222222222,0.9565217391304348,0.9166666666666666,0.9166666666666666
ballroom/ballroom_Media-105111/track.npy,ballroom,2,0.979591836734694,0.9459459459459459,0.9459459459459459,1.0,1.0,1.0
ballroom/ballroom_Media-105121/track.npy,ballroom,2,0.9239766081871345,0.8372093023255814,0.8372093023255814,0.9090909090909091,1.0,1.0
ballroom/ballroom_Media-105318/track.npy,ballroom,2,0.9933774834437086,0.9868421052631579,0.9868421052631579,0.9803921568627451,0.9615384615384616,0.9615384615384616
ballroom/ballroom_Media-105408/track.npy,ballroom,2,0.6122448979591838,0.1724137931034483,0.5063291139240507,0.5454545454545454,0.6666666666666666,0.6666666666666666
ballroom/ballroom_Media-105418/track.npy,ballroom,2,0.9841269841269841,0.96875,0.96875,1.0,1.0,1.0
ballroom/ballroom_Media-105603/track.npy,ballroom,2,0.9904761904761905,0.9811320754716981,0.9811320754716981,1.0,1.0,1.0
ballroom/ballroom_Media-105703/track.npy,ballroom,2,0.972972972972973,0.9473684210526315,0.9473684210526315,1.0,1.0,1.0
ballroom/ballroom_Media-105709/track.npy,ballroom,2,0.9866666666666666,0.9736842105263158,0.9736842105263158,1.0,1.0,1.0
ballroom/ballroom_Media-105716/track.npy,ballroom,2,0.988095238095238,0.9764705882352941,0.9764705882352941,0.9767441860465117,0.9545454545454546,0.9545454545454546
ballroom/ballroom_Media-105801/track.npy,ballroom,2,1.0,1.0,1.0,1.0,1.0,1.0
ballroom/ballroom_Media-105808/track.npy,ballroom,2,0.9906542056074767,0.9814814814814815,0.9814814814814815,0.962962962962963,0.9285714285714286,0.9285714285714286
ballroom/ballroom_Media-105901/track.npy,ballroom,2,0.9855072463768115,0.9714285714285714,0.9714285714285714,0.9565217391304348,0.9166666666666666,0.9166666666666666
ballroom/ballroom_Media-105902/track.npy,ballroom,2,0.9722222222222222,1.0,1.0,0.9166666666666666,1.0,1.0
ballroom/ballroom_Media-105903/track.npy,ballroom,2,0.9908256880733944,0.9818181818181818,0.9818181818181818,1.0,1.0,1.0
ballroom/ballroom_Media-106005/track.npy,ballroom,2,0.9811320754716981,0.9629629629629629,0.9629629629629629,1.0,1.0,1.0
ballroom/ballroom_Media-106008/track.npy,ballroom,2,0.9904761904761905,0.9811320754716981,0.9811320754716981,1.0,1.0,1.0
ballroom/ballroom_Media-106009/track.npy,ballroom,2,0.972972972972973,0.9473684210526315,0.9473684210526315,1.0,1.0,1.0
ballroom/ballroom_Media-106114/track.npy,ballroom,2,0.9790209790209791,0.958904109589041,0.958904109589041,0.9714285714285714,0.9444444444444444,0.9444444444444444
beatles/beatles_01_Please_Please_Me_01_I_Saw_Her_Standing_There/track.npy,beatles,2,0.997737556561086,0.997737556561086,0.997737556561086,0.9954751131221719,0.990990990990991,0.990990990990991
beatles/beatles_01_Please_Please_Me_04_Chains/track.npy,beatles,2,0.9932432432432432,0.9865771812080537,0.9865771812080537,0.9931972789115647,0.9864864864864865,0.9864864864864865
beatles/beatles_02_With_the_Beatles_09_Hold_Me_Tight/track.npy,beatles,2,1.0,1.0,1.0,1.0,1.0,1.0
beatles/beatles_03_A_Hard_Days_Night_06_Tell_Me_Why/track.npy,beatles,2,1.0,1.0,1.0,1.0,1.0,1.0
beatles/beatles_03_A_Hard_Days_Night_08_Any_Time_At_All/track.npy,beatles,2,0.9982668977469671,0.9965397923875432,0.9965397923875432,0.993103448275862,0.9863013698630136,0.9863013698630136
beatles/beatles_04_Beatles_for_Sale_01_No_Reply/track.npy,beatles,2,0.9849056603773584,0.9850187265917603,0.9850187265917603,0.9624060150375939,0.9850746268656716,0.9850746268656716
beatles/beatles_04_Beatles_for_Sale_08_Eight_Days_a_Week/track.npy,beatles,2,1.0,1.0,1.0,1.0,1.0,1.0
beatles/beatles_05_Help_06_Youre_Going_To_Lose_That_Girl/track.npy,beatles,2,0.9769911504424779,0.971830985915493,0.971830985915493,0.971830985915493,0.971830985915493,0.971830985915493
beatles/beatles_06_Rubber_Soul_01_Drive_My_Car/track.npy,beatles,2,0.9876977152899824,0.9756944444444444,0.9756944444444444,0.993006993006993,0.9861111111111112,0.9861111111111112
beatles/beatles_06_Rubber_Soul_07_Michelle/track.npy,beatles,2,0.9867986798679867,0.9641693811074918,0.9641693811074918,0.9733333333333334,0.9466666666666667,0.9466666666666667
beatles/beatles_07_Revolver_06_Yellow_Submarine/track.npy,beatles,2,0.9909255898366605,0.9855595667870036,0.9855595667870036,0.9928057553956835,0.9857142857142858,0.9857142857142858
beatles/beatles_07_Revolver_11_Doctor_Robert/track.npy,beatles,2,1.0,1.0,1.0,1.0,1.0,1.0
beatles/beatles_08_Sgt_Peppers_Lonely_Hearts_Club_Band_01_Sgt_Peppers_Lonely_Hearts_Club_Band/track.npy,beatles,2,0.9943502824858756,0.9887640449438202,0.9887640449438202,1.0,1.0,1.0
beatles/beatles_08_Sgt_Peppers_Lonely_Hearts_Club_Band_09_When_Im_Sixty-Four/track.npy,beatles,2,0.9985974754558204,0.9971988795518207,0.9971988795518207,1.0,1.0,1.0
beatles/beatles_09_Magical_Mystery_Tour_03_Flying/track.npy,beatles,2,0.9268292682926829,0.8636363636363636,0.8636363636363636,0.9315068493150686,0.8717948717948718,0.8717948717948718
beatles/beatles_10_CD1_The_Beatles_08_Happiness_is_a_Warm_Gun/track.npy,beatles,2,0.8768115942028987,0.6174496644295302,0.6174496644295302,0.775,0.5164835164835165,0.5164835164835165
beatles/beatles_10_CD1_The_Beatles_11_Black_Bird/track.npy,beatles,2,0.9625935162094763,0.9605911330049262,0.9605911330049262,0.8268156424581005,0.631578947368421,0.631578947368421
beatles/beatles_10_CD2_The_Beatles_04_Everybodys_Got_Something_To_Hide_Except_Me_and_My_Monkey/track.npy,beatles,2,0.9706959706959707,0.9598540145985401,0.9598540145985401,0.921985815602837,0.8732394366197183,0.8732394366197183
beatles/beatles_10_CD2_The_Beatles_09_Honey_Pie/track.npy,beatles,2,0.9077380952380952,0.8664688427299704,0.8664688427299704,0.6178861788617886,0.012658227848101266,0.8295454545454546
beatles/beatles_11_Abbey_Road_08_Because/track.npy,beatles,2,0.9661835748792269,0.9330143540669856,0.9330143540669856,0.9607843137254902,0.9230769230769231,0.9230769230769231
beatles/beatles_11_Abbey_Road_09_You_Never_Give_Me_Your_Money/track.npy,beatles,2,0.9798270893371758,0.9575070821529745,0.9575070821529745,0.9540229885057472,0.9090909090909091,0.9090909090909091
beatles/beatles_12_Let_It_Be_06_Let_It_Be/track.npy,beatles,2,0.9963369963369964,1.0,1.0,0.6875,0.08064516129032258,0.837037037037037
candombe/csic.1995_ansina1_03/track.npy,candombe,2,1.0,1.0,1.0,1.0,1.0,1.0
candombe/csic.1995_cuareim_05/track.npy,candombe,2,1.0,1.0,1.0,1.0,1.0,1.0
candombe/proyecto.1992_magarinos_02/track.npy,candombe,2,1.0,1.0,1.0,1.0,1.0,1.0
candombe/zavala.muniz.2014_50/track.npy,candombe,2,0.9956331877729258,0.9912790697674418,0.9912790697674418,1.0,1.0,1.0
candombe/zavala.muniz.2014_51/track.npy,candombe,2,1.0,1.0,1.0,1.0,1.0,1.0
filosax/filosax_07/track.npy,filosax,2,0.9992542878448918,0.9985096870342772,0.9985096870342772,0.9681159420289854,0.8764044943820225,0.8764044943820225
filosax/filosax_14/track.npy,filosax,2,0.9967799642218247,0.9899856938483548,0.9899856938483548,0.997134670487106,1.0,1.0
filosax/filosax_18/track.npy,filosax,2,0.9903846153846153,0.9809523809523809,0.9809523809523809,0.9772727272727273,0.9259259259259259,0.9259259259259259
filosax/filosax_34/track.npy,filosax,2,1.0,1.0,1.0,1.0,1.0,1.0
filosax/filosax_40/track.npy,filosax,2,0.9949341438703141,0.9898785425101214,0.9898785425101214,0.9763779527559054,0.9076923076923077,0.9076923076923077
filosax/filosax_46/track.npy,filosax,2,0.997411561691113,0.9844961240310077,0.9844961240310077,0.996551724137931,1.0,1.0
groove_midi/drummer10_session1_6_jazz-swing_215_beat_4-4/track.npy,groove_midi,2,1.0,0.8412698412698413,0.8412698412698413,1.0,1.0,1.0
groove_midi/drummer1_eval_session_2_funk-groove2_105_beat_4-4/track.npy,groove_midi,2,0.9909909909909909,0.9821428571428571,0.9821428571428571,0.962962962962963,0.9285714285714286,0.9285714285714286
groove_midi/drummer1_eval_session_7_pop-groove7_138_beat_4-4/track.npy,groove_midi,2,1.0,1.0,1.0,1.0,1.0,1.0
groove_midi/drummer1_session1_100_neworleans-secondline_94_beat_4-4/track.npy,groove_midi,2,0.9050772626931568,0.6532258064516129,0.6532258064516129,0.8235294117647058,0.5970149253731343,0.5970149253731343
groove_midi/drummer1_session1_145_latin-brazilian-baiao_95_beat_4-4/track.npy,groove_midi,2,1.0,1.0,1.0,1.0,1.0,1.0
groove_midi/drummer1_session1_239_funk-purdieshuffle_130_beat_4-4/track.npy,groove_midi,2,0.9987789987789988,0.9975609756097561,0.9975609756097561,0.9951219512195122,0.9902912621359223,0.9902912621359223
groove_midi/drummer1_session1_28_latin-samba_116_beat_4-4/track.npy,groove_midi,2,1.0,1.0,1.0,0.8879668049792531,0.5970149253731343,0.5970149253731343
groove_midi/drummer1_session1_50_jazz_125_beat_4-4/track.npy,groove_midi,2,1.0,1.0,1.0,0.9076923076923077,0.647887323943662,0.647887323943662
groove_midi/drummer1_session2_180_rock_50_beat_4-4/track.npy,groove_midi,2,0.6274509803921569,0.16052631578947368,0.16052631578947368,0.6141732283464566,0.04878048780487805,0.797752808988764
groove_midi/drummer1_session2_2_latin-chacarera_118_beat_4-4/track.npy,groove_midi,2,0.5744360902255639,0.0851581508515815,0.0851581508515815,0.18867924528301888,0.020833333333333332,0.144
groove_midi/drummer1_session2_6_rock_102_beat_3-4/track.npy,groove_midi,2,0.8536251709986321,0.5364077669902912,0.5364077669902912,0.7156862745098038,0.5887850467289719,0.5887850467289719
groove_midi/drummer1_session3_18_rock_128_beat_4-4/track.npy,groove_midi,2,0.9948542024013721,0.9897610921501706,0.9897610921501706,1.0,1.0,1.0
groove_midi/drummer1_session3_2_jazz-swing_185_beat_4-4/track.npy,groove_midi,2,0.7120954003407155,0.12433862433862433,0.7559808612440191,0.822429906542056,0.42328042328042326,0.42328042328042326
groove_midi/drummer3_session1_15_jazz_120_beat_4-4/track.npy,groove_midi,2,0.9908256880733944,0.9818181818181818,0.9818181818181818,0.962962962962963,0.9285714285714286,0.9285714285714286
groove_midi/drummer3_session1_9_rock_105_beat_4-4/track.npy,groove_midi,2,0.996309963099631,0.9926470588235294,0.9926470588235294,0.9850746268656716,0.9705882352941176,0.9705882352941176
groove_midi/drummer3_session2_22_rock_92_beat_4-4/track.npy,groove_midi,2,1.0,1.0,1.0,1.0,1.0,1.0
groove_midi/drummer5_eval_session_3_soul-groove3_86_beat_4-4/track.npy,groove_midi,2,0.9911504424778761,0.9824561403508771,0.9824561403508771,0.9655172413793104,0.9333333333333333,0.9333333333333333
groove_midi/drummer5_session1_4_latin-brazilian-samba_89_beat_4-4/track.npy,groove_midi,2,0.9962121212121212,0.9962121212121212,0.9962121212121212,1.0,1.0,1.0
groove_midi/drummer5_session2_12_rock_105_beat_4-4/track.npy,groove_midi,2,0.9977116704805492,0.9954337899543378,0.9954337899543378,1.0,1.0,1.0
groove_midi/drummer5_session2_14_rock_140_beat_4-4/track.npy,groove_midi,2,0.9926650366748165,0.9902439024390244,0.9902439024390244,0.9902912621359222,0.9807692307692307,0.9807692307692307
groove_midi/drummer5_session2_1_latin-venezuelan-sangueo_101_beat_4-4/track.npy,groove_midi,2,1.0,1.0,1.0,1.0,1.0,1.0
groove_midi/drummer5_session2_6_neworleans-secondline_99_beat_4-4/track.npy,groove_midi,2,0.9988649262202043,0.9977324263038548,0.9977324263038548,1.0,1.0,1.0
groove_midi/drummer6_session1_1_rock_70_beat_6-8/track.npy,groove_midi,2,0.9600000000000001,0.8461538461538461,0.8461538461538461,0.5333333333333333,0.0,0.0
groove_midi/drummer7_eval_session_3_soul-groove3_86_beat_4-4/track.npy,groove_midi,2,1.0,1.0,1.0,1.0,1.0,1.0
groove_midi/drummer7_eval_session_6_hiphop-groove6_87_beat_4-4/track.npy,groove_midi,2,1.0,1.0,1.0,1.0,1.0,1.0
groove_midi/drummer7_session1_16_hiphop_100_beat_4-4/track.npy,groove_midi,2,0.9846153846153847,0.9696969696969697,0.9696969696969697,1.0,1.0,1.0
groove_midi/drummer7_session1_1_rock_86_beat_4-4/track.npy,groove_midi,2,0.9968354430379747,0.9936908517350158,0.9936908517350158,0.0,0.0,0.9873417721518988
groove_midi/drummer7_session2_104_pop_132_beat_4-4/track.npy,groove_midi,2,0.9844559585492229,0.9693877551020408,0.9693877551020408,0.0,0.0,0.9583333333333334
groove_midi/drummer7_session2_14_rock_95_beat_4-4/track.npy,groove_midi,2,0.9904761904761905,0.9811320754716981,0.9811320754716981,0.65,0.0,0.9259259259259259
groove_midi/drummer7_session2_27_rock_75_beat_4-4/track.npy,groove_midi,2,0.9696969696969697,1.0,1.0,0.9696969696969697,1.0,1.0
groove_midi/drummer7_session2_45_rock_135_beat_4-4/track.npy,groove_midi,2,0.9966329966329966,0.9932885906040269,0.9932885906040269,0.9866666666666666,0.9736842105263158,0.9736842105263158
groove_midi/drummer7_session2_46_rock_135_beat_4-4/track.npy,groove_midi,2,0.9913043478260869,0.9827586206896551,0.9827586206896551,1.0,1.0,1.0
groove_midi/drummer7_session2_80_country_78_beat_4-4/track.npy,groove_midi,2,0.9891304347826088,0.978494623655914,0.978494623655914,0.7666666666666667,0.24324324324324326,0.6043956043956044
groove_midi/drummer7_session2_87_hiphop_75_beat_4-4/track.npy,groove_midi,2,0.9913544668587896,0.9942528735632183,0.9942528735632183,0.9885057471264368,0.9772727272727273,0.9772727272727273
groove_midi/drummer7_session3_108_rock_95_beat_4-4/track.npy,groove_midi,2,1.0,1.0,1.0,0.8200000000000001,0.4067796610169492,0.41975308641975306
groove_midi/drummer7_session3_117_rock_95_beat_4-4/track.npy,groove_midi,2,1.0,1.0,1.0,1.0,1.0,1.0
groove_midi/drummer7_session3_129_rock_93_beat_4-4/track.npy,groove_midi,2,1.0,1.0,1.0,1.0,1.0,1.0
groove_midi/drummer7_session3_24_hiphop_67_beat_4-4/track.npy,groove_midi,2,0.9951219512195122,0.9902912621359223,0.9902912621359223,0.9803921568627451,0.9615384615384616,0.9615384615384616
groove_midi/drummer8_eval_session_4_soul-groove4_80_beat_4-4/track.npy,groove_midi,2,1.0,1.0,1.0,1.0,1.0,1.0
groove_midi/drummer8_eval_session_8_rock-groove8_65_beat_4-4/track.npy,groove_midi,2,0.9914529914529915,0.9830508474576272,0.9830508474576272,0.9655172413793104,0.9333333333333333,0.9333333333333333
groove_midi/drummer8_session1_14_hiphop_94_beat_4-4/track.npy,groove_midi,2,0.9979879275653923,0.9959839357429718,0.9959839357429718,0.9919999999999999,0.9841269841269841,0.9841269841269841
groove_midi/drummer8_session1_6_funk_80_beat_4-4/track.npy,groove_midi,2,0.9977011494252873,0.9954128440366973,0.9954128440366973,0.9908256880733944,0.9818181818181818,0.9818181818181818
guitarset/00_BN2-131-B_comp_mix/track.npy,guitarset,2,0.8620689655172413,0.6507936507936508,0.6507936507936508,0.7692307692307693,0.9230769230769231,0.9230769230769231
guitarset/00_Rock3-117-Bb_comp_mix/track.npy,guitarset,2,0.9814814814814815,0.9814814814814815,0.9814814814814815,1.0,1.0,1.0
guitarset/00_SS2-107-Ab_comp_mix/track.npy,guitarset,2,0.9909909909909909,0.9821428571428571,0.9821428571428571,0.962962962962963,0.9285714285714286,0.9285714285714286
guitarset/01_Funk1-114-Ab_comp_mix/track.npy,guitarset,2,0.8311688311688312,0.7948717948717948,0.7948717948717948,0.8421052631578948,0.7,0.7
guitarset/01_Funk2-108-Eb_comp_mix/track.npy,guitarset,2,0.9909909909909909,0.9821428571428571,0.9821428571428571,0.962962962962963,0.9285714285714286,0.9285714285714286
guitarset/01_Jazz3-137-Eb_comp_mix/track.npy,guitarset,2,0.9904761904761905,0.9811320754716981,0.9811320754716981,0.962962962962963,0.9285714285714286,0.9285714285714286
guitarset/02_Jazz2-187-F#_comp_mix/track.npy,guitarset,2,0.6575342465753424,0.0,0.96,0.631578947368421,0.0,0.8571428571428571
guitarset/02_Jazz3-137-Eb_comp_mix/track.npy,guitarset,2,0.9904761904761905,0.9811320754716981,0.9811320754716981,0.962962962962963,0.9285714285714286,0.9285714285714286
guitarset/02_Rock3-117-Bb_comp_mix/track.npy,guitarset,2,1.0,1.0,1.0,1.0,1.0,1.0
guitarset/02_SS1-68-E_comp_mix/track.npy,guitarset,2,0.6451612903225806,0.5686274509803921,0.5686274509803921,0.7,0.9,0.9
guitarset/03_BN1-129-Eb_comp_mix/track.npy,guitarset,2,0.9866666666666666,0.9736842105263158,0.9736842105263158,0.9473684210526316,0.9,0.9
guitarset/03_Funk2-108-Eb_comp_mix/track.npy,guitarset,2,0.9818181818181818,0.9818181818181818,0.9818181818181818,0.962962962962963,0.9285714285714286,0.9285714285714286
guitarset/03_Jazz2-110-Bb_comp_mix/track.npy,guitarset,2,0.7894736842105262,0.75,0.75,0.7692307692307693,1.0,1.0
guitarset/03_Rock2-85-F_comp_mix/track.npy,guitarset,2,1.0,1.0,1.0,1.0,1.0,1.0
guitarset/03_SS1-68-E_comp_mix/track.npy,guitarset,2,0.6461538461538462,0.03409090909090909,0.03409090909090909,0.5333333333333333,0.0,0.55
guitarset/04_SS2-88-F_comp_mix/track.npy,guitarset,2,0.962962962962963,0.875,0.875,0.962962962962963,0.9285714285714286,0.9285714285714286
guitarset/05_BN2-131-B_comp_mix/track.npy,guitarset,2,0.9906542056074767,0.9814814814814815,0.9814814814814815,0.962962962962963,0.9285714285714286,0.9285714285714286
guitarset/05_BN3-154-E_comp_mix/track.npy,guitarset,2,0.9902912621359222,0.9807692307692307,0.9807692307692307,1.0,1.0,1.0
guitarset/05_Funk1-114-Ab_comp_mix/track.npy,guitarset,2,0.8,0.6904761904761905,0.6904761904761905,0.5882352941176471,0.5555555555555556,0.5555555555555556
guitarset/05_Jazz2-110-Bb_comp_mix/track.npy,guitarset,2,0.9814814814814815,1.0,1.0,1.0,1.0,1.0
guitarset/05_Rock1-90-C#_comp_mix/track.npy,guitarset,2,0.9876543209876543,0.975609756097561,0.975609756097561,0.9523809523809523,0.9090909090909091,0.9090909090909091
guitarset/05_Rock2-85-F_comp_mix/track.npy,guitarset,2,0.9911504424778761,0.9824561403508771,0.9824561403508771,0.9655172413793104,0.9333333333333333,0.9333333333333333
guitarset/05_SS2-107-Ab_comp_mix/track.npy,guitarset,2,1.0,1.0,1.0,1.0,1.0,1.0
hainsworth/hainsworth_011/track.npy,hainsworth,2,1.0,1.0,1.0,1.0,1.0,1.0
hainsworth/hainsworth_025/track.npy,hainsworth,2,1.0,1.0,1.0,1.0,1.0,1.0
hainsworth/hainsworth_042/track.npy,hainsworth,2,1.0,1.0,1.0,1.0,1.0,1.0
hainsworth/hainsworth_056/track.npy,hainsworth,2,0.807843137254902,0.35526315789473684,0.47317073170731705,0.37974683544303794,0.0,0.48148148148148145
hainsworth/hainsworth_073/track.npy,hainsworth,2,0.8,0.32323232323232326,0.5114503816793893,0.6808510638297872,0.03225806451612903,0.9354838709677419
hainsworth/hainsworth_075/track.npy,hainsworth,2,0.8672566371681416,0.5433070866141733,0.5433070866141733,0.2823529411764706,0.0,0.09302325581395349
hainsworth/hainsworth_084/track.npy,hainsworth,2,1.0,1.0,1.0,0.6774193548387097,0.0,1.0
hainsworth/hainsworth_088/track.npy,hainsworth,2,1.0,1.0,1.0,1.0,1.0,1.0
hainsworth/hainsworth_089/track.npy,hainsworth,2,1.0,1.0,1.0,1.0,1.0,1.0
hainsworth/hainsworth_112/track.npy,hainsworth,2,0.7462686567164178,0.19047619047619047,0.6586345381526104,0.6593406593406593,0.016666666666666666,0.9344262295081968
hainsworth/hainsworth_114/track.npy,hainsworth,2,1.0,1.0,1.0,1.0,1.0,1.0
hainsworth/hainsworth_115/track.npy,hainsworth,2,1.0,1.0,1.0,1.0,1.0,1.0
hainsworth/hainsworth_120/track.npy,hainsworth,2,1.0,0.9710982658959537,0.9710982658959537,1.0,1.0,1.0
hainsworth/hainsworth_123/track.npy,hainsworth,2,0.8920863309352518,0.9857142857142858,0.9857142857142858,0.5909090909090909,0.0,0.696969696969697
hainsworth/hainsworth_128/track.npy,hainsworth,2,0.6885245901639344,0.9344262295081968,0.9344262295081968,0.326530612244898,0.0,0.24242424242424243
hainsworth/hainsworth_141/track.npy,hainsworth,2,0.8421052631578948,0.7457627118644068,0.7457627118644068,0.7407407407407408,0.7142857142857143,0.7142857142857143
hainsworth/hainsworth_154/track.npy,hainsworth,2,1.0,1.0,1.0,1.0,1.0,1.0
hainsworth/hainsworth_182/track.npy,hainsworth,2,1.0,1.0,1.0,1.0,1.0,1.0
hainsworth/hainsworth_191/track.npy,hainsworth,2,1.0,1.0,1.0,1.0,1.0,1.0
hainsworth/hainsworth_193/track.npy,hainsworth,2,0.8280254777070064,0.5681818181818182,0.5681818181818182,0.75,0.2647058823529412,0.5813953488372093
hainsworth/hainsworth_200/track.npy,hainsworth,2,0.9726027397260274,0.9726027397260274,0.9726027397260274,0.878048780487805,0.5652173913043478,0.5652173913043478
hainsworth/hainsworth_207/track.npy,hainsworth,2,0.5157232704402516,0.043859649122807015,0.10526315789473684,0.5098039215686275,0.0,0.42105263157894735
hainsworth/hainsworth_230/track.npy,hainsworth,2,0.975609756097561,0.941747572815534,0.941747572815534,1.0,1.0,1.0
hainsworth/hainsworth_232/track.npy,hainsworth,2,1.0,1.0,1.0,1.0,1.0,1.0
hainsworth/hainsworth_234/track.npy,hainsworth,2,1.0,1.0,1.0,1.0,1.0,1.0
hainsworth/hainsworth_238/track.npy,hainsworth,2,1.0,1.0,1.0,1.0,1.0,1.0
hainsworth/hainsworth_239/track.npy,hainsworth,2,1.0,1.0,1.0,1.0,1.0,1.0
hainsworth/hainsworth_244/track.npy,hainsworth,2,0.9298245614035088,0.7377049180327869,0.7377049180327869,0.5789473684210527,0.0,0.7777777777777778
harmonix/0004_abc/track.npy,harmonix,2,0.9644859813084112,0.9925373134328358,0.9925373134328358,0.8970588235294118,0.8676470588235294,0.8676470588235294
harmonix/0009_americanmusic/track.npy,harmonix,2,0.9356846473029046,0.9297520661157025,0.9297520661157025,0.9333333333333333,0.9173553719008265,0.9173553719008265
harmonix/0032_boomboompow/track.npy,harmonix,2,1.0,1.0,1.0,1.0,1.0,1.0
harmonix/0038_bringmetolife/track.npy,harmonix,2,1.0,1.0,1.0,1.0,1.0,1.0
harmonix/0052_collector/track.npy,harmonix,2,1.0,1.0,1.0,0.41841004184100417,0.1527777777777778,0.1527777777777778
harmonix/0063_daysgoby/track.npy,harmonix,2,0.9265033407572383,0.9244444444444444,0.9244444444444444,0.9285714285714286,0.9642857142857143,0.9642857142857143
harmonix/0069_digginmedown/track.npy,harmonix,2,0.9451410658307211,0.9314641744548287,0.9314641744548287,0.8562874251497006,0.7142857142857143,0.7142857142857143
harmonix/0083_dragthewaters/track.npy,harmonix,2,0.8933566433566434,0.7462437395659433,0.7462437395659433,0.49685534591194963,0.4879518072289157,0.4879518072289157
harmonix/0087_evacuate/track.npy,harmonix,2,1.0,1.0,1.0,1.0,1.0,1.0
harmonix/0094_fireflies/track.npy,harmonix,2,0.9859594383775352,0.9750778816199377,0.9750778816199377,0.9813664596273292,0.9753086419753086,0.9753086419753086
harmonix/0107_getlow/track.npy,harmonix,2,0.999096657633243,0.9981949458483754,0.9981949458483754,0.996389891696751,0.9928057553956835,0.9928057553956835
harmonix/0118_grenade/track.npy,harmonix,2,1.0,1.0,1.0,1.0,1.0,1.0
harmonix/0127_hollabackgirl/track.npy,harmonix,2,0.997920997920998,0.995850622406639,0.995850622406639,1.0,1.0,1.0
harmonix/0152_kingofrock/track.npy,harmonix,2,1.0,1.0,1.0,0.0963855421686747,0.07936507936507936,0.864
harmonix/0153_lalaland/track.npy,harmonix,2,0.7419354838709676,0.20754716981132076,0.6077669902912621,0.7337278106508875,0.22115384615384615,0.5968992248062015
harmonix/0155_lapdance/track.npy,harmonix,2,1.0,1.0,1.0,1.0,1.0,1.0
harmonix/0157_leanwitit/track.npy,harmonix,2,1.0,1.0,1.0,1.0,1.0,1.0
harmonix/0162_lobotomy/track.npy,harmonix,2,0.9087688219663419,0.7530224525043178,0.7530224525043178,0.5348837209302326,0.4846153846153846,0.4846153846153846
harmonix/0168_maneater/track.npy,harmonix,2,1.0,1.0,1.0,1.0,1.0,1.0
harmonix/0171_marchofthepigs/track.npy,harmonix,2,0.7455830388692579,0.2002840909090909,0.5817757009345794,0.48936170212765956,0.5833333333333334,0.5833333333333334
harmonix/0178_mountainman/track.npy,harmonix,2,0.975609756097561,0.9676113360323887,0.9676113360323887,0.8260869565217392,0.5512820512820513,0.5512820512820513
harmonix/0182_mycurse/track.npy,harmonix,2,0.9713876967095851,0.9572649572649573,0.9572649572649573,0.6550724637681159,0.08597285067873303,0.5806451612903226
harmonix/0190_newfang/track.npy,harmonix,2,0.8079161816065192,0.3794466403162055,0.425531914893617,0.6507177033492824,0.4166666666666667,0.4166666666666667
harmonix/0198_nowthatwefoundlove/track.npy,harmonix,2,1.0,1.0,1.0,1.0,1.0,1.0
harmonix/0201_oh/track.npy,harmonix,2,0.9508670520231214,0.9595375722543352,0.9595375722543352,0.9655172413793104,1.0,1.0
harmonix/0204_onlyamemory/track.npy,harmonix,2,1.0,1.0,1.0,1.0,1.0,1.0
harmonix/0217_pokerface/track.npy,harmonix,2,1.0,1.0,1.0,1.0,1.0,1.0
harmonix/0222_realgoodlooking/track.npy,harmonix,2,0.9256965944272446,0.832579185520362,0.832579185520362,0.9361702127659574,0.8982035928143712,0.8982035928143712
harmonix/0235_rudeboy/track.npy,harmonix,2,1.0,1.0,1.0,1.0,1.0,1.0
harmonix/0241_satellite/track.npy,harmonix,2,1.0,1.0,1.0,0.8776978417266187,0.64,0.64
harmonix/0257_somebodytolove/track.npy,harmonix,2,1.0,1.0,1.0,1.0,1.0,1.0
harmonix/0267_superfreak/track.npy,harmonix,2,0.9816933638443935,0.9681093394077449,0.9681093394077449,0.8715596330275229,0.8807339449541285,0.8807339449541285
harmonix/0282_thegreatsatan/track.npy,harmonix,2,0.20816326530612245,0.13306451612903225,0.7116935483870968,0.13675213675213677,0.8166666666666667,0.8166666666666667
harmonix/0309_whatsmyname/track.npy,harmonix,2,1.0,1.0,1.0,1.0,1.0,1.0
harmonix/0314_whoomp/track.npy,harmonix,2,0.9738805970149254,0.9925373134328358,0.9925373134328358,0.9850746268656716,1.0,1.0
harmonix/0316_wildones/track.npy,harmonix,2,0.9640287769784172,0.9568965517241379,0.9568965517241379,0.9655172413793104,1.0,1.0
harmonix/0326_yougotittherightstuff/track.npy,harmonix,2,0.9967426710097721,0.9935064935064936,0.9935064935064936,0.9934640522875817,0.987012987012987,0.987012987012987
harmonix/0331_againstallodds/track.npy,harmonix,2,0.9863013698630136,0.9808743169398907,0.9808743169398907,0.9834254143646408,0.989010989010989,0.989010989010989
harmonix/0332_alejandro/track.npy,harmonix,2,0.9682151589242053,0.9328537170263789,0.9328537170263789,0.8711111111111111,0.6290322580645161,0.6290322580645161
harmonix/0342_bangpop/track.npy,harmonix,2,0.9968354430379747,0.9936908517350158,0.9936908517350158,1.0,1.0,1.0
harmonix/0360_coolerthanme/track.npy,harmonix,2,0.9932432432432432,0.9865771812080537,0.9865771812080537,0.9909909909909909,0.9821428571428571,0.9821428571428571
harmonix/0367_dontdreamitsover/track.npy,harmonix,2,0.9867549668874172,0.9738562091503268,0.9738562091503268,0.8098159509202454,0.632183908045977,0.632183908045977
harmonix/0370_downonme/track.npy,harmonix,2,0.9810017271157168,0.9793103448275862,0.9793103448275862,0.9793103448275863,0.9863013698630136,0.9863013698630136
harmonix/0378_effinperfect/track.npy,harmonix,2,1.0,1.0,1.0,1.0,1.0,1.0
harmonix/0384_finally/track.npy,harmonix,2,0.9956896551724138,0.9914163090128756,0.9914163090128756,0.12145748987854252,0.0,0.75
harmonix/0397_goodlife/track.npy,harmonix,2,0.9909909909909909,0.9821428571428571,0.9821428571428571,0.9948717948717948,0.9897959183673469,0.9897959183673469
harmonix/0408_icanonlyimagine/track.npy,harmonix,2,0.9988439306358381,0.9976905311778291,0.9976905311778291,0.9861751152073732,0.9724770642201835,0.9724770642201835
harmonix/0410_idontwantthisnighttoend/track.npy,harmonix,2,0.9986996098829649,0.9974025974025974,0.9974025974025974,1.0,1.0,1.0
harmonix/0411_ifihadyou/track.npy,harmonix,2,0.9327731092436975,0.9581589958158996,0.9581589958158996,0.9372384937238494,0.9916666666666667,0.9916666666666667
harmonix/0414_illbe/track.npy,harmonix,2,0.9778156996587031,0.9713804713804713,0.9713804713804713,0.989795918367347,0.9797979797979798,0.9797979797979798
harmonix/0416_impossible/track.npy,harmonix,2,0.995405819295559,0.9908536585365854,0.9908536585365854,1.0,1.0,1.0
harmonix/0419_itgirl/track.npy,harmonix,2,0.9927272727272727,0.9855595667870036,0.9855595667870036,0.9928057553956835,0.9857142857142858,0.9857142857142858
harmonix/0441_lovingyoutonight/track.npy,harmonix,2,0.9981378026070763,0.9962825278810409,0.9962825278810409,0.9925925925925926,0.9852941176470589,0.9852941176470589
harmonix/0456_nohands/track.npy,harmonix,2,0.9964412811387899,0.9929078014184397,0.9929078014184397,0.9929078014184397,0.9859154929577465,0.9859154929577465
harmonix/0459_notoveryou/track.npy,harmonix,2,0.8402154398563735,0.5806451612903226,0.5806451612903226,0.811188811188811,0.49382716049382713,0.49382716049382713
harmonix/0460_numb/track.npy,harmonix,2,0.9797752808988764,0.9688888888888889,0.9688888888888889,0.9775784753363229,0.9734513274336283,0.9734513274336283
harmonix/0463_onemorenight/track.npy,harmonix,2,0.996969696969697,0.9939577039274925,0.9939577039274925,1.0,1.0,1.0
harmonix/0473_payphone/track.npy,harmonix,2,0.9936467598475222,0.9873737373737373,0.9873737373737373,0.0,0.0,0.9797979797979798
harmonix/0475_poisonedwithlove/track.npy,harmonix,2,0.9521367521367521,0.8802698145025295,0.8802698145025295,0.9850746268656716,0.9705882352941176,0.9705882352941176
harmonix/0476_pontoon/track.npy,harmonix,2,1.0,1.0,1.0,1.0,1.0,1.0
harmonix/0484_rockthatbody/track.npy,harmonix,2,1.0,1.0,1.0,1.0,1.0,1.0
harmonix/0487_secrets/track.npy,harmonix,2,0.9743589743589743,0.9,0.9,0.9635036496350364,0.9,0.9
harmonix/0495_someonelikeyou/track.npy,harmonix,2,0.9244135534317984,0.817258883248731,0.817258883248731,0.900709219858156,0.7567567567567568,0.7567567567567568
harmonix/0496_sparksfly/track.npy,harmonix,2,0.98840885142255,0.9686192468619247,0.9686192468619247,0.9830508474576272,0.9830508474576272,0.9830508474576272
harmonix/0499_starbuckssmile/track.npy,harmonix,2,0.9553956834532374,0.9146005509641874,0.9146005509641874,0.9707602339181286,0.9431818181818182,0.9431818181818182
harmonix/0502_stronger/track.npy,harmonix,2,0.9939577039274925,0.9849397590361446,0.9849397590361446,0.9454545454545454,0.9518072289156626,0.9518072289156626
harmonix/0504_suspiciousminds/track.npy,harmonix,2,1.0,1.0,1.0,1.0,1.0,1.0
harmonix/0519_titanium/track.npy,harmonix,2,0.9952830188679246,0.9906103286384976,0.9906103286384976,0.9953051643192489,0.9906542056074766,0.9906542056074766
harmonix/0529_werwhower/track.npy,harmonix,2,0.9987484355444306,0.995,0.995,1.0,1.0,1.0
harmonix/0533_whosays/track.npy,harmonix,2,1.0,1.0,1.0,1.0,1.0,1.0
harmonix/0534_wideawake/track.npy,harmonix,2,0.9964788732394366,0.9894736842105263,0.9894736842105263,0.9466666666666668,0.7974683544303798,0.7974683544303798
harmonix/0564_americanboybenny/track.npy,harmonix,2,0.9219330855018588,0.8931860036832413,0.8931860036832413,0.9104477611940299,0.9629629629629629,0.9629629629629629
harmonix/0565_americanhoney/track.npy,harmonix,2,1.0,1.0,1.0,1.0,1.0,1.0
harmonix/0568_apologize/track.npy,harmonix,2,0.6626984126984127,0.0,0.9881305637982196,0.6559999999999999,0.0,0.9404761904761905
harmonix/0578_bealright/track.npy,harmonix,2,0.9778481012658228,0.9625,0.9625,0.9746835443037976,0.9625,0.9625
harmonix/0583_beautifulgirls/track.npy,harmonix,2,0.9925452609158679,0.9766949152542372,0.9766949152542372,0.9872340425531915,0.9745762711864406,0.9745762711864406
harmonix/0588_believe/track.npy,harmonix,2,0.9093959731543625,0.70625,0.70625,0.8859060402684564,0.6875,0.6875
harmonix/0596_bonbon/track.npy,harmonix,2,1.0,1.0,1.0,1.0,1.0,1.0
harmonix/0630_crushcrushcrush/track.npy,harmonix,2,0.9987357774968395,0.9974747474747475,0.9974747474747475,1.0,1.0,1.0
harmonix/0636_daynnitecrookersremix/track.npy,harmonix,2,0.9955947136563876,0.9970674486803519,0.9970674486803519,1.0,1.0,1.0
harmonix/0640_disturbia2/track.npy,harmonix,2,0.9968454258675079,0.9937106918238994,0.9937106918238994,1.0,1.0,1.0
harmonix/0642_dontconfess/track.npy,harmonix,2,0.6767537826685007,0.061052631578947365,0.8727634194831014,0.6593406593406593,0.058823529411764705,0.888
harmonix/0649_down/track.npy,harmonix,2,0.9909502262443438,0.9820627802690582,0.9820627802690582,0.9909909909909909,0.9821428571428571,0.9821428571428571
harmonix/0650_downlilwayne/track.npy,harmonix,2,0.9866071428571429,0.973568281938326,0.973568281938326,0.9866666666666666,0.9736842105263158,0.9736842105263158
harmonix/0651_doyouremember/track.npy,harmonix,2,0.998819362455726,0.9976415094339622,0.9976415094339622,1.0,1.0,1.0
harmonix/0668_fallinganthem/track.npy,harmonix,2,1.0,1.0,1.0,1.0,1.0,1.0
harmonix/0676_figure8/track.npy,harmonix,2,0.8424242424242424,0.48021108179419525,0.48021108179419525,0.8536585365853658,0.5053763440860215,0.5053763440860215
harmonix/0681_flashinglights/track.npy,harmonix,2,0.9899569583931134,0.9772727272727273,0.9772727272727273,0.9828571428571428,0.9886363636363636,0.9886363636363636
harmonix/0686_fortheloveofadaughter/track.npy,harmonix,2,0.9515011547344111,0.9515011547344111,0.9515011547344111,0.944954128440367,1.0,1.0
harmonix/0696_goodgirlsgobad/track.npy,harmonix,2,0.9986789960369881,0.9973614775725593,0.9973614775725593,0.9947089947089947,0.9894736842105263,0.9894736842105263
harmonix/0710_hardjeezy/track.npy,harmonix,2,1.0,1.0,1.0,1.0,1.0,1.0
harmonix/0717_heysoulsister/track.npy,harmonix,2,1.0,1.0,1.0,1.0,1.0,1.0
harmonix/0733_ifihadyou/track.npy,harmonix,2,0.9978768577494692,0.9957627118644068,0.9957627118644068,1.0,1.0,1.0
harmonix/0752_inmyhead/track.npy,harmonix,2,0.98989898989899,0.9742120343839542,0.9742120343839542,1.0,1.0,1.0
harmonix/0758_itgetsbetter/track.npy,harmonix,2,0.9728783902012249,0.8926746166950597,0.8926746166950597,0.9896907216494846,0.9659863945578231,0.9659863945578231
harmonix/0759_itgirljasonnevins/track.npy,harmonix,2,1.0,1.0,1.0,1.0,1.0,1.0
harmonix/0766_justdance/track.npy,harmonix,2,0.9945828819068255,0.9892241379310345,0.9892241379310345,0.9956709956709957,0.9913793103448276,0.9913793103448276
harmonix/0777_lebump/track.npy,harmonix,2,0.9520624303232998,0.9269911504424779,0.9269911504424779,0.7873303167420813,0.7657657657657657,0.7657657657657657
harmonix/0800_lovesexmagicjason/track.npy,harmonix,2,1.0,1.0,1.0,1.0,1.0,1.0
harmonix/0827_needyounow/track.npy,harmonix,2,0.9924999999999999,0.9851116625310173,0.9851116625310173,0.9950248756218906,0.9900990099009901,0.9900990099009901
harmonix/0868_puton/track.npy,harmonix,2,0.7064116985376828,0.09965034965034965,0.8107255520504731,0.7117117117117117,0.11188811188811189,0.7974683544303798
harmonix/0875_redbelt/track.npy,harmonix,2,1.0,1.0,1.0,1.0,1.0,1.0
harmonix/0890_samemistakes/track.npy,harmonix,2,0.9967845659163987,0.9935897435897436,0.9935897435897436,1.0,1.0,1.0
harmonix/0895_scarymonsters/track.npy,harmonix,2,0.9993577392421323,0.9987163029525032,0.9987163029525032,0.8817733990147781,0.7677725118483413,0.7677725118483413
harmonix/0914_soobviousnow/track.npy,harmonix,2,0.9904942965779467,0.9811676082862524,0.9811676082862524,0.9924242424242424,0.9849624060150376,0.9849624060150376
harmonix/0927_swing/track.npy,harmonix,2,0.9868173258003766,0.981203007518797,0.981203007518797,0.9352517985611511,0.8472222222222222,0.8472222222222222
harmonix/0931_takeyouthere/track.npy,harmonix,2,0.9931662870159453,0.9863325740318907,0.9863325740318907,0.990909090909091,0.990909090909091,0.990909090909091
harmonix/0932_tattoo/track.npy,harmonix,2,0.9823434991974318,0.9871794871794872,0.9871794871794872,0.9871794871794872,1.0,1.0
harmonix/0951_thunder/track.npy,harmonix,2,0.9963235294117647,0.9926739926739927,0.9926739926739927,1.0,1.0,1.0
harmonix/0955_tinylittlebows/track.npy,harmonix,2,0.9973958333333334,0.9948051948051948,0.9948051948051948,1.0,1.0,1.0
harmonix/0958_turnmeup/track.npy,harmonix,2,0.9955456570155902,0.991130820399113,0.991130820399113,0.9955555555555555,0.9911504424778761,0.9911504424778761
harmonix/0959_turnthisclubaround/track.npy,harmonix,2,0.9991158267020336,0.9964664310954063,0.9964664310954063,1.0,1.0,1.0
harmonix/0991_worryaboutyounow/track.npy,harmonix,2,1.0,1.0,1.0,0.39097744360902253,0.3880597014925373,0.582089552238806
harmonix/0999_yourheartisamuscle/track.npy,harmonix,2,1.0,1.0,1.0,0.9523809523809523,0.8068181818181818,0.8068181818181818
hjdb/hjdb_Anastacia/track.npy,hjdb,2,1.0,1.0,1.0,1.0,1.0,1.0
hjdb/hjdb_Another_Direction/track.npy,hjdb,2,1.0,1.0,1.0,1.0,1.0,1.0
hjdb/hjdb_Bodymotion/track.npy,hjdb,2,1.0,1.0,1.0,1.0,1.0,1.0
hjdb/hjdb_Casanova_(Down_To_Earth_Remix)/track.npy,hjdb,2,1.0,1.0,1.0,1.0,1.0,1.0
hjdb/hjdb_Charly/track.npy,hjdb,2,1.0,1.0,1.0,1.0,1.0,1.0
hjdb/hjdb_Dance_The_Dream/track.npy,hjdb,2,1.0,1.0,1.0,0.85,0.8,0.8
hjdb/hjdb_Darkcore/track.npy,hjdb,2,1.0,1.0,1.0,1.0,1.0,1.0
hjdb/hjdb_Dont_Need_Your_Love/track.npy,hjdb,2,1.0,1.0,1.0,1.0,1.0,1.0
hjdb/hjdb_Fireball/track.npy,hjdb,2,1.0,1.0,1.0,1.0,1.0,1.0
hjdb/hjdb_Fires_Burning/track.npy,hjdb,2,1.0,1.0,1.0,1.0,1.0,1.0
hjdb/hjdb_Flammable_(Tango_Remix)/track.npy,hjdb,2,0.9969230769230769,0.9938650306748467,0.9938650306748467,0.9876543209876543,0.975609756097561,0.975609756097561
hjdb/hjdb_Flammable/track.npy,hjdb,2,1.0,1.0,1.0,1.0,1.0,1.0
hjdb/hjdb_Gangsta/track.npy,hjdb,2,1.0,1.0,1.0,1.0,1.0,1.0
hjdb/hjdb_Hands_Of_Time/track.npy,hjdb,2,1.0,1.0,1.0,1.0,1.0,1.0
hjdb/hjdb_Hold_it_Down/track.npy,hjdb,2,0.9838056680161944,0.948,0.948,1.0,1.0,1.0
hjdb/hjdb_Into_Da_Future_(Massive_Mix)/track.npy,hjdb,2,1.0,1.0,1.0,1.0,1.0,1.0
hjdb/hjdb_Jeopardy_(DJ_Spice_Mix)/track.npy,hjdb,2,1.0,1.0,1.0,1.0,1.0,1.0
hjdb/hjdb_Jump_Mk_II/track.npy,hjdb,2,0.995433789954338,0.990909090909091,0.990909090909091,0.9818181818181818,0.9642857142857143,0.9642857142857143
hjdb/hjdb_Just_A_Dream/track.npy,hjdb,2,1.0,1.0,1.0,1.0,1.0,1.0
hjdb/hjdb_Moments_So_Dark/track.npy,hjdb,2,1.0,1.0,1.0,1.0,1.0,1.0
hjdb/hjdb_Project_1_(Remix)/track.npy,hjdb,2,1.0,1.0,1.0,1.0,1.0,1.0
hjdb/hjdb_Skanka/track.npy,hjdb,2,0.0,0.0,0.8771929824561403,0.0,0.0,0.9230769230769231
hjdb/hjdb_Stay_Calm_(Foul_Play_Remix)/track.npy,hjdb,2,1.0,1.0,1.0,1.0,1.0,1.0
hjdb/hjdb_Sub_Dub/track.npy,hjdb,2,1.0,1.0,1.0,1.0,1.0,1.0
hjdb/hjdb_Take_Me_To_The_Top/track.npy,hjdb,2,1.0,1.0,1.0,1.0,1.0,1.0
hjdb/hjdb_The_Deep/track.npy,hjdb,2,1.0,1.0,1.0,1.0,1.0,1.0
hjdb/hjdb_The_Element_(Highnoon)/track.npy,hjdb,2,1.0,1.0,1.0,1.0,1.0,1.0
hjdb/hjdb_This_Is_A_Trip/track.npy,hjdb,2,1.0,1.0,1.0,1.0,1.0,1.0
hjdb/hjdb_Warpdrive/track.npy,hjdb,2,1.0,1.0,1.0,0.0,0.0,0.0
jaah/jaah_005-duke_ellington_and_his_orchestra-black_and_tan_fantasy/track.npy,jaah,2,0.9817158931082981,0.9555555555555556,0.9555555555555556,0.9655172413793104,0.9540229885057471,0.9540229885057471
jaah/jaah_013-the_benny_goodman_trio-body_and_soul/track.npy,jaah,2,0.9793977812995246,0.9654088050314465,0.9654088050314465,0.9746835443037976,0.9625,0.9625
jaah/jaah_014-coleman_hawkins_and_his_orchestra-body_and_soul/track.npy,jaah,2,0.9608938547486033,0.9446494464944649,0.9446494464944649,0.8176100628930817,0.43478260869565216,0.43478260869565216
jaah/jaah_015-miles_davis_nonet-boplicity/track.npy,jaah,2,0.9882659713168187,0.987012987012987,0.987012987012987,0.8558558558558558,0.5238095238095238,0.5238095238095238
jaah/jaah_028-king_olivers_creole_jazz_band-dippermouth_blues/track.npy,jaah,2,0.9977375565610859,0.9932279909706546,0.9932279909706546,0.9954751131221719,0.990990990990991,0.990990990990991
jaah/jaah_029-the_modern_jazz_quartet-django/track.npy,jaah,2,0.9722627737226277,0.9563953488372093,0.9563953488372093,0.757834757834758,0.6927374301675978,0.6927374301675978
jaah/jaah_041-jelly_roll_mortons_red_hot_peppers-grandpas_spells/track.npy,jaah,2,0.9991445680068435,0.9948717948717949,0.9948717948717949,1.0,1.0,1.0
jaah/jaah_049-the_chocolate_dandies-i_cant_believe_that_youre_in_love_with_me/track.npy,jaah,2,0.9988623435722411,0.9977246871444824,0.9977246871444824,0.9977220956719818,0.9954545454545455,0.9954545454545455
jaah/jaah_060-tadd_dameron_sextet-lady_bird/track.npy,jaah,2,0.9369747899159664,0.8508403361344538,0.8508403361344538,0.9243697478991597,1.0,1.0
jaah/jaah_071-art_blakey_the_jazz_messengers-moanin/track.npy,jaah,2,0.9671517671517672,0.955701394585726,0.955701394585726,0.890937019969278,0.692090395480226,0.692090395480226
jaah/jaah_080-charlie_parker_allstars-parkers_mood/track.npy,jaah,2,0.9502262443438915,0.9461883408071748,0.9461883408071748,0.7338129496402878,0.3132530120481928,0.4864864864864865
jaah/jaah_093-miles_davis_gil_evans-summertime/track.npy,jaah,2,0.9493087557603688,0.9815950920245399,0.9815950920245399,0.9512195121951219,0.9878048780487805,0.9878048780487805
jaah/jaah_099-horace_silver_the_jazz_messengers-the_preacher/track.npy,jaah,2,1.0,1.0,1.0,0.949748743718593,0.8086124401913876,0.8086124401913876
jaah/jaah_107-louis_armstrong_and_his_hot_five-west_end_blues/track.npy,jaah,2,0.9051383399209485,0.9007633587786259,0.9007633587786259,0.9120000000000001,0.921875,0.921875
rwc/rwc_classical_CD3_02/track.npy,rwc_classical,2,0.953718148725949,0.8997933884297521,0.8997933884297521,0.88715953307393,0.762962962962963,0.762962962962963
rwc/rwc_classical_CD3_05/track.npy,rwc_classical,2,0.7767988252569751,0.36240786240786244,0.4465753424657534,0.8473282442748092,0.7043795620437956,0.7043795620437956
rwc/rwc_classical_CD4_04/track.npy,rwc_classical,2,0.9657794676806083,0.8921933085501859,0.8921933085501859,0.8514056224899599,0.6953125,0.6953125
rwc/rwc_classical_CD5_10/track.npy,rwc_classical,2,0.9515418502202644,0.9780701754385965,0.9780701754385965,1.0,1.0,1.0
rwc/rwc_classical_CD6_03/track.npy,rwc_classical,2,0.3576158940397351,0.17369727047146402,0.17369727047146402,0.31095406360424027,0.14925373134328357,0.14925373134328357
rwc/rwc_classical_CD6_06/track.npy,rwc_classical,2,0.47671232876712333,0.3399014778325123,0.3399014778325123,0.2828282828282828,0.13559322033898305,0.24050632911392406
rwc/rwc_classical_CD6_07/track.npy,rwc_classical,2,0.6978193146417445,0.8695652173913043,0.8695652173913043,0.37974683544303794,0.0,0.8867924528301887
rwc/rwc_classical_CD6_09/track.npy,rwc_classical,2,0.6920415224913494,0.11290322580645161,0.7766990291262136,0.6099290780141844,0.021505376344086023,0.8333333333333334
rwc/rwc_jazz_CD2_06/track.npy,rwc_jazz,2,0.9525909592061742,0.9537444933920705,0.9537444933920705,0.9513274336283186,0.9515418502202643,0.9515418502202643
rwc/rwc_jazz_CD3_03/track.npy,rwc_jazz,2,0.9296875,0.7785977859778598,0.7785977859778598,0.9916666666666667,1.0,1.0
rwc/rwc_jazz_CD3_04/track.npy,rwc_jazz,2,0.9904458598726115,0.9810725552050473,0.9810725552050473,0.9904761904761905,0.9811320754716981,0.9811320754716981
rwc/rwc_jazz_CD4_01/track.npy,rwc_jazz,2,0.9572649572649573,0.9636752136752137,0.9636752136752137,0.9615384615384616,1.0,1.0
rwc/rwc_jazz_CD4_09/track.npy,rwc_jazz,2,0.21587301587301586,0.020964360587002098,0.050314465408805034,0.16574585635359115,0.010526315789473684,0.10526315789473684
rwc/rwc_jazz_CD4_10/track.npy,rwc_jazz,2,0.9853438556933484,0.9820224719101124,0.9820224719101124,0.9159663865546219,0.7322834645669292,0.7322834645669292
rwc/rwc_popular_CD1_03/track.npy,rwc_popular,2,0.992412746585736,0.9849397590361446,0.9849397590361446,0.993939393939394,0.9879518072289156,0.9879518072289156
rwc/rwc_popular_CD1_16/track.npy,rwc_popular,2,0.9980769230769231,0.9961612284069098,0.9961612284069098,1.0,1.0,1.0
rwc/rwc_popular_CD3_11/track.npy,rwc_popular,2,0.9167412712623096,0.7817258883248731,0.7817258883248731,0.8377358490566038,0.717391304347826,0.717391304347826
rwc/rwc_popular_CD3_15/track.npy,rwc_popular,2,0.9983579638752053,0.9967213114754099,0.9967213114754099,1.0,1.0,1.0
rwc/rwc_popular_CD4_15/track.npy,rwc_popular,2,0.995967741935484,0.9919678714859438,0.9919678714859438,0.9959514170040485,0.9919354838709677,0.9919354838709677
rwc/rwc_popular_CD5_01/track.npy,rwc_popular,2,0.9802513464991023,0.9646643109540636,0.9646643109540636,0.9857142857142858,0.971830985915493,0.971830985915493
rwc/rwc_popular_CD5_02/track.npy,rwc_popular,2,0.9974424552429668,0.9948979591836735,0.9948979591836735,0.9948717948717948,0.9897959183673469,0.9897959183673469
rwc/rwc_popular_CD5_13/track.npy,rwc_popular,2,0.9651972157772623,0.9288990825688074,0.9288990825688074,0.9395348837209303,0.9357798165137615,0.9357798165137615
rwc/rwc_popular_CD6_05/track.npy,rwc_popular,2,0.6652806652806652,0.0,0.9953271028037384,0.6666666666666666,0.0,0.99375
rwc/rwc_popular_CD6_07/track.npy,rwc_popular,2,0.9914320685434517,0.9878048780487805,0.9878048780487805,0.9951219512195122,0.9902912621359223,0.9902912621359223
rwc/rwc_popular_CD7_02/track.npy,rwc_popular,2,0.9978858350951374,0.9957805907172996,0.9957805907172996,1.0,1.0,1.0
rwc/rwc_popular_CD7_07/track.npy,rwc_popular,2,1.0,1.0,1.0,1.0,1.0,1.0
rwc/rwc_popular_CD7_10/track.npy,rwc_popular,2,0.9973190348525469,0.9973190348525469,0.9973190348525469,0.9893617021276596,1.0,1.0
rwc/rwc_royalty-free_CD1_12/track.npy,rwc_royalty-free,2,0.9348127600554784,0.7258485639686684,0.7258485639686684,0.9392265193370165,0.8,0.8
simac/simac_A_vida_me_fez_assim_02-Viver/track.npy,simac,2,1.0,1.0,1.0,nan,nan,nan
simac/simac_Alfagamabetizado_03-Covered_Saints/track.npy,simac,2,0.9743589743589743,0.95,0.95,nan,nan,nan
simac/simac_Alfagamabetizado_11-Quixabeira/track.npy,simac,2,1.0,1.0,1.0,nan,nan,nan
simac/simac_Alfagamabetizado_13-Mares_de_Ti/track.npy,simac,2,1.0,1.0,1.0,nan,nan,nan
simac/simac_Alfagamabetizado_14-Zanza/track.npy,simac,2,0.9130434782608695,0.7916666666666666,0.7916666666666666,nan,nan,nan
simac/simac_Alfagamabetizado_15-A_Namorada/track.npy,simac,2,1.0,1.0,1.0,nan,nan,nan
simac/simac_As_Time_Goes_By_02-manhattan/track.npy,simac,2,1.0,1.0,1.0,nan,nan,nan
simac/simac_As_Time_Goes_By_09-this_funny_world/track.npy,simac,2,1.0,1.0,1.0,nan,nan,nan
simac/simac_As_Time_Goes_By_11-spring_is_here/track.npy,simac,2,0.7999999999999999,0.9444444444444444,0.9444444444444444,nan,nan,nan
simac/simac_As_time_goes_by_disk_2_01-The_lady_is_a_tramp/track.npy,simac,2,0.65,0.0,0.7358490566037735,nan,nan,nan
simac/simac_As_time_goes_by_disk_2_06-You_took_advantage_on_me/track.npy,simac,2,1.0,1.0,1.0,nan,nan,nan
simac/simac_As_time_goes_by_disk_3_02-I_wish_I_were_in_love_again/track.npy,simac,2,0.5925925925925926,0.0,0.8888888888888888,nan,nan,nan
simac/simac_Bach_The_Well-Tempered_Clavier_II_(Disc_1)_15-Prelude_and_Fugue_No._8_in_D-sharp_minor_BWV_877_-_1._Praeludium/track.npy,simac,2,1.0,1.0,1.0,nan,nan,nan
simac/simac_Bach_The_Well-Tempered_Clavier_II_(Disc_2)_01-Prelude_and_Fugue_No._13_F-sharp_major_BWV_882_-_1._Praeludium/track.npy,simac,2,1.0,1.0,1.0,nan,nan,nan
simac/simac_Bach_The_Well-Tempered_Clavier_II_(Disc_2)_02-Prelude_and_Fugue_No._13_F-sharp_major_BWV_882_-_2._Fuga/track.npy,simac,2,0.9433962264150945,0.75,0.75,nan,nan,nan
simac/simac_Bach_The_Well-Tempered_Clavier_II_(Disc_2)_15-Prelude_and_Fugue_No._20_A_minor_BWV_889_-_1._Praeludium/track.npy,simac,2,0.6818181818181819,0.0,1.0,nan,nan,nan
simac/simac_Bach_The_Well-Tempered_Clavier_II_(Disc_2)_18-Prelude_and_Fugue_No._21_B-flat_major_BWV_890_-_2._Fuga/track.npy,simac,2,0.6666666666666666,0.0,1.0,nan,nan,nan
simac/simac_Bach_The_Well-Tempered_Clavier_II_(Disc_2)_22-Prelude_and_Fugue_No._23_B_major_BWV_892_-_2._Fuga/track.npy,simac,2,0.9824561403508771,0.9655172413793104,0.9655172413793104,nan,nan,nan
simac/simac_Beethoven_-_The_String_Quartets_#1_03-F_major_op._18_no._1_-_Scherzo._Allegro_molto/track.npy,simac,2,0.4954128440366972,0.0,0.0,nan,nan,nan
simac/simac_Beethoven_-_The_String_Quartets_#1_12-D_major_op._18_no._3_-_Presto/track.npy,simac,2,0.6551724137931034,0.0,0.9487179487179487,nan,nan,nan
simac/simac_Beethoven_The_String_Quartets_-_CD_3_01-String_Quartet_No_7_Op_59_No_1_-_I_Allegro/track.npy,simac,2,0.6440677966101694,0.0,0.9,nan,nan,nan
simac/simac_Bernstein_conducts_Stravinsky_04-Spring_round_dances/track.npy,simac,2,0.47826086956521735,0.0,0.8709677419354839,nan,nan,nan
simac/simac_Bernstein_conducts_Stravinsky_16-Legerdemain_scene-_Russian_danse/track.npy,simac,2,0.8484848484848485,0.7058823529411765,0.7058823529411765,nan,nan,nan
simac/simac_Classic_Pergolesi_-_Stabat_Mater_01/track.npy,simac,2,0.4705882352941176,0.0,0.8695652173913043,nan,nan,nan
simac/simac_Concert_06-2._Allegro/track.npy,simac,2,1.0,1.0,1.0,nan,nan,nan
simac/simac_Concert_12-4._Allegro/track.npy,simac,2,0.9666666666666667,0.9666666666666667,0.9666666666666667,nan,nan,nan
simac/simac_Concert_13-Concero_en_Sol_Mineur_pour_flute_a_bec_violons_et_basse_continue._Allegro/track.npy,simac,2,0.9615384615384616,1.0,1.0,nan,nan,nan
simac/simac_Concert_22-2._Allegro/track.npy,simac,2,1.0,1.0,1.0,nan,nan,nan
simac/simac_DGG_419_047-2_06-Fantasie_u._Fuge_g-moll_BWV_542_-_II_Fuge/track.npy,simac,2,0.2926829268292683,0.0,0.4166666666666667,nan,nan,nan
simac/simac_Ella_&_Louis_01-Its_Only_A_Paper_Moon/track.npy,simac,2,0.9836065573770492,0.967741935483871,0.967741935483871,nan,nan,nan
simac/simac_Eventail_05-Fandango/track.npy,simac,2,0.4814814814814815,0.02857142857142857,0.5135135135135135,nan,nan,nan
simac/simac_Fado_03-AudioTrack_03/track.npy,simac,2,0.6666666666666666,0.0,0.9615384615384616,nan,nan,nan
simac/simac_Fado_07-AudioTrack_07/track.npy,simac,2,0.5490196078431372,0.0,0.8823529411764706,nan,nan,nan
simac/simac_Family_Tree_-_Greatest_Hits_As_Chosen_By_Bjork_08-All_Is_Full_Of_Love/track.npy,simac,2,1.0,1.0,1.0,nan,nan,nan
simac/simac_Family_Tree_-_Greatest_Hits_As_Chosen_By_Bjork_10-I_ve_Seen_It_All/track.npy,simac,2,0.5666666666666667,0.0,0.7619047619047619,nan,nan,nan
simac/simac_Family_Tree_-_Greatest_Hits_As_Chosen_By_Bjork_12-It_s_Not_Up_To_You/track.npy,simac,2,0.7017543859649124,0.08108108108108109,0.8461538461538461,nan,nan,nan
simac/simac_Gold_-_Greatest_Hits_11-Chiquitita/track.npy,simac,2,0.9090909090909091,1.0,1.0,nan,nan,nan
simac/simac_Gold_-_Greatest_Hits_19-Waterloo/track.npy,simac,2,1.0,1.0,1.0,nan,nan,nan
simac/simac_Kocani_Orkester_Trubaci_-_Nikol/track.npy,simac,2,1.0,1.0,1.0,nan,nan,nan
simac/simac_Ludwid_van_Beethoven_10-VI._Adagio_quasi_un_poco_andante_-_attacca/track.npy,simac,2,0.18749999999999997,0.0,0.8181818181818182,nan,nan,nan
simac/simac_Niandra_LaDes_and_Usually_Just_a_T-Shirt_11-Blood_on_My_Neck_From_Success/track.npy,simac,2,0.8372093023255813,0.44,0.44,nan,nan,nan
simac/simac_Niandra_LaDes_and_Usually_Just_a_T-Shirt_20-Usually_Just_a_T-Shirt_Untitled_8/track.npy,simac,2,0.9411764705882353,0.9117647058823529,0.9117647058823529,nan,nan,nan
simac/simac_Papakonstantinou_04-AudioTrack_04/track.npy,simac,2,0.6666666666666666,0.0,0.96875,nan,nan,nan
simac/simac_Primer_Aliento_02-Nuclear_si_por_supuesto_/track.npy,simac,2,1.0,1.0,1.0,nan,nan,nan
simac/simac_Primer_Aliento_10-Ondina/track.npy,simac,2,0.6666666666666666,0.0,0.9736842105263158,nan,nan,nan
simac/simac_Primer_Aliento_15-El_laberinto_del_nuevo_Minotauro/track.npy,simac,2,0.6666666666666666,0.0,0.9791666666666666,nan,nan,nan
simac/simac_R.A.F.I_05-Free_Satpal_Ram/track.npy,simac,2,1.0,1.0,1.0,nan,nan,nan
simac/simac_R.A.F.I_12-Culture_Move/track.npy,simac,2,0.6666666666666666,0.0,0.9761904761904762,nan,nan,nan
simac/simac_Samba_na_Madrugada_03-14_Anos/track.npy,simac,2,1.0,1.0,1.0,nan,nan,nan
simac/simac_Selling_England_By_The_Pound_01-Dancing_with_the_Moonlit_Knight/track.npy,simac,2,0.8947368421052632,1.0,1.0,nan,nan,nan
simac/simac_So_Cartola_02-Alvorada_Ao_Amanhecer/track.npy,simac,2,1.0,1.0,1.0,nan,nan,nan
simac/simac_So_Cartola_13-Velho_Estacio/track.npy,simac,2,0.20689655172413793,0.0,0.59375,nan,nan,nan
simac/simac_So_Cartola_14-Ciume_Doentio/track.npy,simac,2,1.0,1.0,1.0,nan,nan,nan
simac/simac_Tales_Of_Mystery_And_Imagination_07-The_Fall_Of_The_House_Of_Usher_II_Arrival/track.npy,simac,2,0.972972972972973,0.9473684210526315,0.9473684210526315,nan,nan,nan
simac/simac_The_Crackdown_07-Why_Kill_Time_When_You_Can_Kill_Yourself_/track.npy,simac,2,0.6666666666666666,0.0,0.9736842105263158,nan,nan,nan
simac/simac_The_Crackdown_08-Haiti/track.npy,simac,2,1.0,1.0,1.0,nan,nan,nan
simac/simac_Tomatito_Tomatito-05.A_mi_tao_El_Nino_Miguel/track.npy,simac,2,0.4776119402985075,0.42857142857142855,0.42857142857142855,nan,nan,nan
simac/simac_VOL.3_Musiques_pour_guitare_et_violoncelle_01-M._Baumann_Duo_pour_guitare_et_violoncelle_op.62_-_1._Prelude_(Lento_rubato)/track.npy,simac,2,0.6666666666666666,0.0,0.9166666666666666,nan,nan,nan
simac/simac_Xatzidakis_01-AudioTrack_01/track.npy,simac,2,0.6133333333333333,0.0,0.68,nan,nan,nan
simac/simac_Xatzidakis_03-AudioTrack_03/track.npy,simac,2,1.0,1.0,1.0,nan,nan,nan
simac/simac_Xatzidakis_15-AudioTrack_15/track.npy,simac,2,1.0,1.0,1.0,nan,nan,nan
simac/simac_greek_Asteriadi_-_Mia_giorti/track.npy,simac,2,0.37837837837837834,0.2631578947368421,0.2631578947368421,nan,nan,nan
simac/simac_greek_Gkoles_-_Zwi_mou_farmakw8ikes/track.npy,simac,2,0.6666666666666666,0.0,0.9444444444444444,nan,nan,nan
simac/simac_greek_To_pasoumi_-_Smyrni/track.npy,simac,2,0.9,1.0,1.0,nan,nan,nan
simac/simac_more_greek_Gkoles_-_H_tsigkouna/track.npy,simac,2,0.6666666666666666,0.0,0.98,nan,nan,nan
simac/simac_more_greek_Gkoles_-_Keravnoi_ki_astropelekia/track.npy,simac,2,0.6545454545454547,0.0,0.9459459459459459,nan,nan,nan
simac/simac_more_greek_Gkoles_-_Ksaveriwtissa/track.npy,simac,2,0.6486486486486487,0.0,0.94,nan,nan,nan
simac/simac_more_greek_Gkoles_-_Rimakse_to_spitiko_mas/track.npy,simac,2,1.0,1.0,1.0,nan,nan,nan
simac/simac_more_greek_Glykeria_-_Odos_Aristotelous/track.npy,simac,2,0.9777777777777777,0.9130434782608695,0.9130434782608695,nan,nan,nan
simac/simac_more_greek_Marinella_-_Kane_ligaki_ypomoni/track.npy,simac,2,0.6666666666666666,0.0,0.9666666666666667,nan,nan,nan
simac/simac_more_greek_Mitropanos_-_8essaloniki/track.npy,simac,2,1.0,1.0,1.0,nan,nan,nan
simac/simac_more_greek_Mitsias_-_Apopse_f8inopwriase/track.npy,simac,2,0.5909090909090909,0.0,1.0,nan,nan,nan
simac/simac_more_greek_Mosxoliou_Gkika_-_Pira_ap_to_xeri_sou_nero/track.npy,simac,2,0.7000000000000001,0.1282051282051282,0.7560975609756098,nan,nan,nan
simac/simac_more_greek_Mpellou_-_Liga_psixoula_agapis_sou_gyrevw/track.npy,simac,2,0.6451612903225806,0.0,0.9047619047619048,nan,nan,nan
simac/simac_selected_ambient_works_8592_schottkey_7th_path/track.npy,simac,2,1.0,1.0,1.0,nan,nan,nan
smc/smc_001/track.npy,smc,2,0.5945945945945946,0.3695652173913043,0.3695652173913043,nan,nan,nan
smc/smc_003/track.npy,smc,2,0.5,0.0,0.5697674418604651,nan,nan,nan
smc/smc_012/track.npy,smc,2,0.5471698113207548,0.5272727272727272,0.5272727272727272,nan,nan,nan
smc/smc_019/track.npy,smc,2,0.8679245283018869,0.5333333333333333,0.5333333333333333,nan,nan,nan
smc/smc_035/track.npy,smc,2,0.7536231884057971,0.9714285714285714,0.9714285714285714,nan,nan,nan
smc/smc_047/track.npy,smc,2,0.5066666666666667,0.0,0.9230769230769231,nan,nan,nan
smc/smc_048/track.npy,smc,2,0.5,0.7083333333333334,0.7083333333333334,nan,nan,nan
smc/smc_051/track.npy,smc,2,0.5473684210526315,0.4482758620689655,0.4482758620689655,nan,nan,nan
smc/smc_057/track.npy,smc,2,0.46376811594202894,0.6571428571428571,0.6571428571428571,nan,nan,nan
smc/smc_069/track.npy,smc,2,0.787878787878788,0.8235294117647058,0.8235294117647058,nan,nan,nan
smc/smc_084/track.npy,smc,2,0.06666666666666667,0.08,0.08,nan,nan,nan
smc/smc_085/track.npy,smc,2,0.28125,0.65625,0.65625,nan,nan,nan
smc/smc_086/track.npy,smc,2,0.875,0.75,0.75,nan,nan,nan
smc/smc_096/track.npy,smc,2,0.9838709677419355,1.0,1.0,nan,nan,nan
smc/smc_113/track.npy,smc,2,0.5897435897435898,0.0,0.0,nan,nan,nan
smc/smc_143/track.npy,smc,2,0.5384615384615384,0.8461538461538461,0.8461538461538461,nan,nan,nan
smc/smc_178/track.npy,smc,2,0.8571428571428571,1.0,1.0,nan,nan,nan
smc/smc_199/track.npy,smc,2,0.32989690721649484,0.24561403508771928,0.24561403508771928,nan,nan,nan
smc/smc_202/track.npy,smc,2,0.21875,0.25,0.25,nan,nan,nan
smc/smc_213/track.npy,smc,2,0.5135135135135136,0.7631578947368421,0.7631578947368421,nan,nan,nan
smc/smc_223/track.npy,smc,2,0.6849315068493151,0.55,0.55,nan,nan,nan
smc/smc_232/track.npy,smc,2,0.7936507936507936,0.65625,0.65625,nan,nan,nan
smc/smc_244/track.npy,smc,2,0.25531914893617025,0.0,0.46875,nan,nan,nan
smc/smc_252/track.npy,smc,2,0.9444444444444444,1.0,1.0,nan,nan,nan
smc/smc_255/track.npy,smc,2,0.8378378378378378,0.7837837837837838,0.7837837837837838,nan,nan,nan
smc/smc_264/track.npy,smc,2,0.44615384615384607,0.0,0.6704545454545454,nan,nan,nan
smc/smc_283/track.npy,smc,2,0.8695652173913044,0.5538461538461539,0.5538461538461539,nan,nan,nan
tapcorrect/006_youtube_I3gHugP6bPE/track.npy,tapcorrect,2,0.9865470852017937,0.984304932735426,0.984304932735426,0.9202898550724637,0.697986577181208,0.697986577181208
tapcorrect/010_youtube_80tX5MLX8QY/track.npy,tapcorrect,2,0.9949367088607595,0.9974683544303797,0.9974683544303797,0.9705882352941176,0.9230769230769231,0.9230769230769231
tapcorrect/012_youtube_Va0vs1fhhNI/track.npy,tapcorrect,2,0.663594470046083,0.0,0.988558352402746,0.6666666666666666,0.0,0.9907407407407407
tapcorrect/030_youtube_U8EDgciZZFc/track.npy,tapcorrect,2,0.8087986463620982,0.658267716535433,0.658267716535433,0.7793103448275862,0.5882352941176471,0.5882352941176471
tapcorrect/037_youtube_VYCOg-yglNM/track.npy,tapcorrect,2,0.9887820512820512,0.9745222929936306,0.9745222929936306,0.985645933014354,0.9714285714285714,0.9714285714285714
tapcorrect/042_youtube_uBMtdaRhDMY/track.npy,tapcorrect,2,0.9340659340659341,0.7560137457044673,0.7560137457044673,0.8676470588235294,0.6944444444444444,0.6944444444444444
tapcorrect/049_youtube_rSktfVJc_IM/track.npy,tapcorrect,2,0.9973118279569892,0.9946380697050938,0.9946380697050938,1.0,1.0,1.0
tapcorrect/055_youtube_LzLt9X4hoIE/track.npy,tapcorrect,2,0.9095966620305981,0.8360215053763441,0.8360215053763441,0.9222222222222222,0.8709677419354839,0.8709677419354839
tapcorrect/066_youtube_H4BB9eGUEaE/track.npy,tapcorrect,2,1.0,1.0,1.0,0.8662420382165605,0.6746987951807228,0.6746987951807228
tapcorrect/074_youtube_aBqT2qWxDL8/track.npy,tapcorrect,2,0.9957081545064378,0.9914529914529915,0.9914529914529915,0.9942857142857142,0.9886363636363636,0.9886363636363636
tapcorrect/085_youtube_KEl7WjfbnSA/track.npy,tapcorrect,2,0.9798270893371757,0.9542857142857143,0.9542857142857143,0.9739130434782608,0.9482758620689655,0.9482758620689655
tapcorrect/093_youtube_C1lbOgBtE3w/track.npy,tapcorrect,2,0.9892473118279571,0.966824644549763,0.966824644549763,0.9327354260089686,0.7478991596638656,0.7478991596638656
tapcorrect/098_youtube_MsduHmjQlgI/track.npy,tapcorrect,2,0.9830148619957536,0.9725158562367865,0.9725158562367865,0.876923076923077,0.6197183098591549,0.6197183098591549
asap/Bach_Fugue_bwv_865_Teo01M/track.npy,asap,3,0.9678362573099415,0.9565217391304348,0.9565217391304348,0.6352941176470589,0.0,0.9470588235294117
asap/Bach_Fugue_bwv_865_ZhangE01M/track.npy,asap,3,0.9767441860465116,0.9340974212034384,0.9340974212034384,0.6409266409266409,0.0,0.9080459770114943
asap/Bach_Fugue_bwv_874_BianF01/track.npy,asap,3,0.06451612903225806,0.0,0.32642487046632124,0.01639344262295082,0.0,0.10526315789473684
asap/Bach_Fugue_bwv_874_Kurz01M/track.npy,asap,3,0.7054545454545454,0.0898876404494382,0.8238341968911918,0.6370370370370371,0.05747126436781609,0.7789473684210526
asap/Bach_Fugue_bwv_874_WongWY01M/track.npy,asap,3,0.6458333333333334,0.03664921465968586,0.8549222797927462,0.5774647887323944,0.010638297872340425,0.7894736842105263
asap/Bach_Fugue_bwv_884_LiA01M/track.npy,asap,3,0.9774436090225564,0.955,0.955,0.9696969696969697,0.9393939393939394,0.9393939393939394
asap/Bach_Prelude_bwv_846_Shi05M/track.npy,asap,3,0.5955882352941178,0.45714285714285713,0.45714285714285713,0.4269662921348315,0.10714285714285714,0.6923076923076923
asap/Bach_Prelude_bwv_863_LeeN01M/track.npy,asap,3,0.5100671140939598,0.010526315789473684,0.010526315789473684,0.6909090909090909,0.6428571428571429,0.6428571428571429
asap/Bach_Prelude_bwv_863_Shychko01M/track.npy,asap,3,0.47368421052631576,0.01020408163265306,0.01020408163265306,0.3888888888888889,0.13333333333333333,0.1509433962264151
asap/Bach_Prelude_bwv_863_TongB01M/track.npy,asap,3,0.7412587412587414,0.21348314606741572,0.21348314606741572,0.6133333333333334,0.10416666666666667,0.6037735849056604
asap/Bach_Prelude_bwv_873_Lisiecki13M/track.npy,asap,3,0.41983471074380163,0.009411764705882352,0.01647058823529412,0.3253012048192771,0.02830188679245283,0.02830188679245283
asap/Beethoven_Piano_Sonatas_18-1_ChenGuang03M/track.npy,asap,3,0.8933601609657947,0.812,0.812,0.7682926829268293,0.624,0.624
asap/Beethoven_Piano_Sonatas_18-1_KOLESO06M/track.npy,asap,3,0.9223497636731938,0.856,0.856,0.75,0.5916030534351145,0.5916030534351145
asap/Beethoven_Piano_Sonatas_18-1_LeungR02M/track.npy,asap,3,0.8825136612021858,0.8114973262032086,0.8114973262032086,0.803921568627451,0.6923076923076923,0.6923076923076923
asap/Beethoven_Piano_Sonatas_18-1_Levitsky05M/track.npy,asap,3,0.9108910891089109,0.8259162303664922,0.8259162303664922,0.7356321839080459,0.5830258302583026,0.5830258302583026
asap/Beethoven_Piano_Sonatas_18-1_ZhangH05M/track.npy,asap,3,0.9046321525885559,0.788,0.788,0.6174757281553398,0.38113207547169814,0.38113207547169814
asap/Beethoven_Piano_Sonatas_18-4_ChenGuang06M/track.npy,asap,3,0.9173501577287066,0.7673267326732673,0.7673267326732673,0.7065868263473053,0.29207920792079206,0.29207920792079206
asap/Beethoven_Piano_Sonatas_18-4_KOLESO06M/track.npy,asap,3,0.9211469534050178,0.7861271676300579,0.7861271676300579,0.6666666666666667,0.254320987654321,0.254320987654321
asap/Beethoven_Piano_Sonatas_24-1_no_2_repeat_Cui06M/track.npy,asap,3,0.9779005524861878,0.9521178637200737,0.9521178637200737,0.8562300319488818,0.5257142857142857,0.5257142857142857
asap/Beethoven_Piano_Sonatas_24-1_no_2_repeat_DeTurck06M/track.npy,asap,3,0.9753424657534246,0.9547920433996383,0.9547920433996383,0.8454258675078865,0.5111111111111111,0.5111111111111111
asap/Beethoven_Piano_Sonatas_26-3_HONG05M/track.npy,asap,3,0.9088639200998753,0.8090692124105012,0.8090692124105012,0.8266666666666665,0.774869109947644,0.774869109947644
asap/Beethoven_Piano_Sonatas_26-3_Zhdanov05M/track.npy,asap,3,0.8090614886731392,0.5449438202247191,0.5449438202247191,0.725,0.5838926174496645,0.5838926174496645
asap/Chopin_Etudes_op_10_5_LiA03M/track.npy,asap,3,0.8797653958944283,0.6795580110497238,0.6795580110497238,0.7571428571428571,0.3625,0.3625
asap/Chopin_Etudes_op_10_5_LiC02M/track.npy,asap,3,0.8895522388059702,0.8057142857142857,0.8057142857142857,0.7862068965517242,0.4625,0.4625
asap/Chopin_Etudes_op_10_5_ZhangW03M/track.npy,asap,3,0.6954314720812184,0.2564102564102564,0.2564102564102564,0.6511627906976745,0.275,0.275
asap/Chopin_Etudes_op_10_8_KyykhynenT09M/track.npy,asap,3,0.9283819628647215,0.8238341968911918,0.8238341968911918,0.6457399103139014,0.3053435114503817,0.3879781420765027
asap/Chopin_Etudes_op_10_8_Lou03M/track.npy,asap,3,0.8593155893536122,0.6619385342789598,0.6619385342789598,0.6697247706422019,0.38095238095238093,0.38095238095238093
asap/Chopin_Etudes_op_10_8_LuEric03M/track.npy,asap,3,0.9286713286713287,0.7671232876712328,0.7671232876712328,0.7272727272727273,0.358974358974359,0.366120218579235
asap/Chopin_Etudes_op_10_8_MiyashitaM05M/track.npy,asap,3,0.8835341365461847,0.7795275590551181,0.7795275590551181,0.7717391304347826,0.8369565217391305,0.8369565217391305
asap/Chopin_Etudes_op_10_8_Rizikov03M/track.npy,asap,3,0.9148936170212766,0.8316062176165803,0.8316062176165803,0.5951219512195122,0.4424778761061947,0.4424778761061947
asap/Chopin_Etudes_op_10_8_Tetzloff07M/track.npy,asap,3,0.8773841961852861,0.6929347826086957,0.6929347826086957,0.6042553191489362,0.18181818181818182,0.4644808743169399
asap/Chopin_Etudes_op_10_8_Zhou03M/track.npy,asap,3,0.8912466843501327,0.7268041237113402,0.7268041237113402,0.7135678391959798,0.5794392523364486,0.5794392523364486
asap/Chopin_Etudes_op_25_11_Richardson_2013_08M/track.npy,asap,3,0.9501312335958005,0.9038961038961039,0.9038961038961039,0.8811881188118812,0.719626168224299,0.719626168224299
asap/Chopin_Scherzos_20_Kurz04M/track.npy,asap,3,0.5806921675774135,0.061389337641357025,0.06788793103448276,0.4802431610942249,0.10823909531502424,0.21195652173913043
asap/Chopin_Scherzos_20_Wong04M/track.npy,asap,3,0.5514124293785311,0.03376906318082789,0.08823529411764706,0.5060728744939271,0.08006535947712418,0.2712765957446808
asap/Chopin_Scherzos_20_ZhangYunling04M/track.npy,asap,3,0.5336356764928194,0.06094929881337648,0.06094929881337648,0.5378323108384458,0.09546925566343042,0.4722222222222222
asap/Liszt_Ballade_2_GarritsonL04M/track.npy,asap,3,0.6041565973900436,0.28926353149955636,0.28926353149955636,0.3798219584569733,0.19722222222222222,0.19722222222222222
asap/Liszt_Ballade_2_Jin07M/track.npy,asap,3,0.6425419240953223,0.36259877085162423,0.36259877085162423,0.4510385756676558,0.2722222222222222,0.2722222222222222
asap/Liszt_Ballade_2_Min06M/track.npy,asap,3,0.6190893169877407,0.3016421780466724,0.3016421780466724,0.43181818181818177,0.1794871794871795,0.1794871794871795
asap/Rachmaninoff_Preludes_op_23_4_ChenGuang12M/track.npy,asap,3,0.7049504950495049,0.4,0.4,0.5201793721973095,0.17567567567567569,0.17567567567567569
asap/Rachmaninoff_Preludes_op_23_4_WuuE07M/track.npy,asap,3,0.6219081272084807,0.2309941520467836,0.2309941520467836,0.4247104247104247,0.08695652173913043,0.09239130434782608
asap/Schubert_Impromptu_op.90_D.899_1_Duepree08M/track.npy,asap,3,0.9258566978193146,0.872996300863132,0.872996300863132,0.8026030368763557,0.5,0.5
asap/Schubert_Impromptu_op.90_D.899_1_Jin05M/track.npy,asap,3,0.9237726098191213,0.7866831072749692,0.7866831072749692,0.8454545454545455,0.6118143459915611,0.6118143459915611
asap/Schubert_Impromptu_op.90_D.899_1_Teo06M/track.npy,asap,3,0.8868299139642621,0.7016029593094945,0.7016029593094945,0.6949152542372881,0.26765799256505574,0.37530864197530867
asap/Schubert_Impromptu_op.90_D.899_3_Hou06M/track.npy,asap,3,0.6845168800931316,0.248565965583174,0.32488822652757077,0.5743589743589743,0.12612612612612611,0.3772455089820359
asap/Schubert_Impromptu_op.90_D.899_3_JeonH06M/track.npy,asap,3,0.6756756756756757,0.19851116625310175,0.29420505200594355,0.4926108374384237,0.1016949152542373,0.2603550295857988
asap/Schubert_Impromptu_op.90_D.899_3_Ko08M/track.npy,asap,3,0.6801007556675064,0.3916849015317287,0.3916849015317287,0.46696035242290757,0.07746478873239436,0.3431952662721893
asap/Schubert_Impromptu_op.90_D.899_3_Kociuban10M/track.npy,asap,3,0.6785714285714286,0.16457960644007155,0.5527488855869243,0.6581196581196581,0.087248322147651,0.7514792899408284
asap/Schubert_Impromptu_op.90_D.899_3_LeeSH08M/track.npy,asap,3,0.7386363636363638,0.4904632152588556,0.4904632152588556,0.5728643216080402,0.18421052631578946,0.3609467455621302
asap/Schubert_Impromptu_op.90_D.899_3_Mizumoto07M/track.npy,asap,3,0.7608695652173914,0.5416666666666666,0.5416666666666666,0.5333333333333333,0.0990990990990991,0.38922155688622756
asap/Schubert_Impromptu_op.90_D.899_3_Woo10M/track.npy,asap,3,0.7955182072829131,0.58994708994709,0.58994708994709,0.55,0.05172413793103448,0.48502994011976047
asap/Schubert_Impromptu_op.90_D.899_3_WuuE10M/track.npy,asap,3,0.6705202312138728,0.3707865168539326,0.3707865168539326,0.5463917525773195,0.20909090909090908,0.3413173652694611
asap/Schubert_Impromptu_op.90_D.899_3_ZhangW07M/track.npy,asap,3,0.7504078303425775,0.4836795252225519,0.4836795252225519,0.48677248677248675,0.25,0.25
asap/Schubert_Impromptu_op.90_D.899_3_ZhaoK10M/track.npy,asap,3,0.6366427840327534,0.031201248049921998,0.7466467958271237,0.6337448559670782,0.012578616352201259,0.8682634730538922
asap/Schubert_Moment_musical_no_3_Tetzloff09M/track.npy,asap,3,0.976271186440678,0.9594594594594594,0.9594594594594594,0.979591836734694,0.9594594594594594,0.9594594594594594
asap/Schumann_Arabeske_Min09M/track.npy,asap,3,0.7670639219934994,0.523517382413088,0.523517382413088,0.6382022471910113,0.39183673469387753,0.39183673469387753
asap/Schumann_Arabeske_ParkS15M/track.npy,asap,3,0.6901017576318225,0.42470389170896783,0.42470389170896783,0.5843621399176955,0.3836734693877551,0.3836734693877551
ballroom/ballroom_Albums-Ballroom_Classics4-06/track.npy,ballroom,3,0.9906542056074767,0.9814814814814815,0.9814814814814815,1.0,1.0,1.0
ballroom/ballroom_Albums-Ballroom_Classics4-08/track.npy,ballroom,3,1.0,1.0,1.0,1.0,1.0,1.0
ballroom/ballroom_Albums-Ballroom_Classics4-14/track.npy,ballroom,3,0.993103448275862,0.9863013698630136,0.9863013698630136,1.0,1.0,1.0
ballroom/ballroom_Albums-Ballroom_Magic-02/track.npy,ballroom,3,0.9722222222222222,1.0,1.0,1.0,1.0,1.0
ballroom/ballroom_Albums-Ballroom_Magic-05/track.npy,ballroom,3,1.0,1.0,1.0,1.0,1.0,1.0
ballroom/ballroom_Albums-Cafe_Paradiso-01/track.npy,ballroom,3,1.0,1.0,1.0,1.0,1.0,1.0
ballroom/ballroom_Albums-Cafe_Paradiso-10/track.npy,ballroom,3,0.9629629629629629,0.9512195121951219,0.9512195121951219,0.9523809523809523,0.9090909090909091,0.9090909090909091
ballroom/ballroom_Albums-Cafe_Paradiso-14/track.npy,ballroom,3,1.0,1.0,1.0,1.0,1.0,1.0
ballroom/ballroom_Albums-Chrisanne1-02/track.npy,ballroom,3,0.9850746268656716,0.9411764705882353,0.9411764705882353,0.8181818181818182,0.7272727272727273,0.7272727272727273
ballroom/ballroom_Albums-Chrisanne2-01/track.npy,ballroom,3,0.8169014084507044,0.8611111111111112,0.8611111111111112,0.75,1.0,1.0
ballroom/ballroom_Albums-Chrisanne2-11/track.npy,ballroom,3,0.9940119760479043,0.9761904761904762,0.9761904761904762,0.975609756097561,0.9523809523809523,0.9523809523809523
ballroom/ballroom_Albums-Fire-13/track.npy,ballroom,3,1.0,1.0,1.0,1.0,1.0,1.0
ballroom/ballroom_Albums-I_Like_It2-01/track.npy,ballroom,3,1.0,1.0,1.0,1.0,1.0,1.0
ballroom/ballroom_Albums-Latin_Jam-06/track.npy,ballroom,3,1.0,1.0,1.0,1.0,1.0,1.0
ballroom/ballroom_Albums-Latin_Jam2-01/track.npy,ballroom,3,0.988235294117647,0.9767441860465116,0.9767441860465116,1.0,1.0,1.0
ballroom/ballroom_Albums-Latin_Jam2-03/track.npy,ballroom,3,1.0,1.0,1.0,1.0,1.0,1.0
ballroom/ballroom_Albums-Latin_Jam2-04/track.npy,ballroom,3,1.0,1.0,1.0,1.0,1.0,1.0
ballroom/ballroom_Albums-Latin_Jam2-09/track.npy,ballroom,3,1.0,1.0,1.0,1.0,1.0,1.0
ballroom/ballroom_Albums-Latin_Jam3-12/track.npy,ballroom,3,0.9931972789115647,0.9864864864864865,0.9864864864864865,1.0,1.0,1.0
ballroom/ballroom_Albums-Latin_Jam5-01/track.npy,ballroom,3,1.0,1.0,1.0,1.0,1.0,1.0
ballroom/ballroom_Albums-Latin_Jam5-08/track.npy,ballroom,3,1.0,1.0,1.0,1.0,1.0,1.0
ballroom/ballroom_Albums-Latin_Jam5-12/track.npy,ballroom,3,1.0,1.0,1.0,1.0,1.0,1.0
ballroom/ballroom_Albums-Latino_Latino-06/track.npy,ballroom,3,1.0,1.0,1.0,1.0,1.0,1.0
ballroom/ballroom_Albums-Mambo_Kings-10/track.npy,ballroom,3,1.0,1.0,1.0,1.0,1.0,1.0
ballroom/ballroom_Albums-Secret_Garden-02/track.npy,ballroom,3,0.8888888888888888,1.0,1.0,0.8333333333333334,1.0,1.0
ballroom/ballroom_Albums-Step_By_Step-01/track.npy,ballroom,3,1.0,1.0,1.0,1.0,1.0,1.0
ballroom/ballroom_Albums-Step_By_Step-05/track.npy,ballroom,3,0.9908256880733944,0.9818181818181818,0.9818181818181818,0.962962962962963,0.9285714285714286,0.9285714285714286
ballroom/ballroom_Albums-Step_By_Step-10/track.npy,ballroom,3,0.9933774834437086,0.9868421052631579,0.9868421052631579,1.0,1.0,1.0
ballroom/ballroom_Albums-StrictlyDancing_Tango-03/track.npy,ballroom,3,1.0,1.0,1.0,1.0,1.0,1.0
ballroom/ballroom_Albums-StrictlyDancing_Tango-04/track.npy,ballroom,3,1.0,1.0,1.0,1.0,1.0,1.0
ballroom/ballroom_Media-100602/track.npy,ballroom,3,0.972972972972973,1.0,1.0,1.0,1.0,1.0
ballroom/ballroom_Media-100607/track.npy,ballroom,3,1.0,1.0,1.0,1.0,1.0,1.0
ballroom/ballroom_Media-100616/track.npy,ballroom,3,1.0,1.0,1.0,1.0,1.0,1.0
ballroom/ballroom_Media-103301/track.npy,ballroom,3,1.0,1.0,1.0,1.0,1.0,1.0
ballroom/ballroom_Media-103412/track.npy,ballroom,3,1.0,1.0,1.0,1.0,1.0,1.0
ballroom/ballroom_Media-103417/track.npy,ballroom,3,1.0,1.0,1.0,1.0,1.0,1.0
ballroom/ballroom_Media-103501/track.npy,ballroom,3,0.975609756097561,0.9523809523809523,0.9523809523809523,1.0,1.0,1.0
ballroom/ballroom_Media-103517/track.npy,ballroom,3,0.9931972789115647,0.9864864864864865,0.9864864864864865,0.972972972972973,0.9473684210526315,0.9473684210526315
ballroom/ballroom_Media-103604/track.npy,ballroom,3,1.0,1.0,1.0,1.0,1.0,1.0
ballroom/ballroom_Media-103608/track.npy,ballroom,3,1.0,1.0,1.0,1.0,1.0,1.0
ballroom/ballroom_Media-103614/track.npy,ballroom,3,0.993006993006993,0.9861111111111112,0.9861111111111112,1.0,1.0,1.0
ballroom/ballroom_Media-103615/track.npy,ballroom,3,0.96875,0.9393939393939394,0.9393939393939394,1.0,1.0,1.0
ballroom/ballroom_Media-103712/track.npy,ballroom,3,1.0,1.0,1.0,1.0,1.0,1.0
ballroom/ballroom_Media-103807/track.npy,ballroom,3,1.0,1.0,1.0,1.0,1.0,1.0
ballroom/ballroom_Media-103809/track.npy,ballroom,3,1.0,1.0,1.0,1.0,1.0,1.0
ballroom/ballroom_Media-103919/track.npy,ballroom,3,1.0,1.0,1.0,1.0,1.0,1.0
ballroom/ballroom_Media-104008/track.npy,ballroom,3,0.8493150684931507,0.7380952380952381,0.7380952380952381,0.888888888888889,0.8,0.8
ballroom/ballroom_Media-104011/track.npy,ballroom,3,0.9600000000000001,0.9230769230769231,0.9230769230769231,0.9600000000000001,0.9230769230769231,0.9230769230769231
ballroom/ballroom_Media-104012/track.npy,ballroom,3,0.9902912621359222,0.9807692307692307,0.9807692307692307,1.0,1.0,1.0
ballroom/ballroom_Media-104015/track.npy,ballroom,3,1.0,1.0,1.0,0.8292682926829268,0.4166666666666667,0.42424242424242425
ballroom/ballroom_Media-104016/track.npy,ballroom,3,0.993006993006993,0.9861111111111112,0.9861111111111112,1.0,1.0,1.0
ballroom/ballroom_Media-104101/track.npy,ballroom,3,1.0,1.0,1.0,1.0,1.0,1.0
ballroom/ballroom_Media-104102/track.npy,ballroom,3,1.0,1.0,1.0,1.0,1.0,1.0
ballroom/ballroom_Media-104104/track.npy,ballroom,3,1.0,1.0,1.0,1.0,1.0,1.0
ballroom/ballroom_Media-104108/track.npy,ballroom,3,1.0,1.0,1.0,1.0,1.0,1.0
ballroom/ballroom_Media-104109/track.npy,ballroom,3,0.9807692307692307,0.9622641509433962,0.9622641509433962,1.0,1.0,1.0
ballroom/ballroom_Media-104113/track.npy,ballroom,3,1.0,1.0,1.0,1.0,1.0,1.0
ballroom/ballroom_Media-104408/track.npy,ballroom,3,0.9933774834437086,0.9868421052631579,0.9868421052631579,0.9803921568627451,0.9615384615384616,0.9615384615384616
ballroom/ballroom_Media-104409/track.npy,ballroom,3,0.9870129870129869,0.9615384615384616,0.9615384615384616,0.9803921568627451,0.9615384615384616,0.9615384615384616
ballroom/ballroom_Media-104506/track.npy,ballroom,3,0.9906542056074767,0.9814814814814815,0.9814814814814815,0.962962962962963,0.9285714285714286,0.9285714285714286
ballroom/ballroom_Media-104609/track.npy,ballroom,3,1.0,1.0,1.0,1.0,1.0,1.0
ballroom/ballroom_Media-104615/track.npy,ballroom,3,0.9883720930232558,0.9770114942528736,0.9770114942528736,0.9767441860465117,0.9545454545454546,0.9545454545454546
ballroom/ballroom_Media-104616/track.npy,ballroom,3,0.9941520467836257,0.9883720930232558,0.9883720930232558,1.0,1.0,1.0
ballroom/ballroom_Media-104802/track.npy,ballroom,3,1.0,1.0,1.0,1.0,1.0,1.0
ballroom/ballroom_Media-104815/track.npy,ballroom,3,0.9942196531791908,0.9885057471264368,0.9885057471264368,1.0,1.0,1.0
ballroom/ballroom_Media-104915/track.npy,ballroom,3,0.9764705882352941,0.9411764705882353,0.9411764705882353,0.9767441860465117,0.9545454545454546,0.9545454545454546
ballroom/ballroom_Media-104916/track.npy,ballroom,3,0.988235294117647,0.9767441860465116,0.9767441860465116,1.0,1.0,1.0
ballroom/ballroom_Media-105001/track.npy,ballroom,3,1.0,1.0,1.0,1.0,1.0,1.0
ballroom/ballroom_Media-105018/track.npy,ballroom,3,0.9940828402366864,0.9882352941176471,0.9882352941176471,1.0,1.0,1.0
ballroom/ballroom_Media-105106/track.npy,ballroom,3,0.9859154929577464,0.9722222222222222,0.9722222222222222,1.0,1.0,1.0
ballroom/ballroom_Media-105209/track.npy,ballroom,3,0.39506172839506176,0.0425531914893617,0.3880597014925373,0.41379310344827586,0.1,0.1
ballroom/ballroom_Media-105213/track.npy,ballroom,3,0.9210526315789473,1.0,1.0,0.9230769230769231,1.0,1.0
ballroom/ballroom_Media-105301/track.npy,ballroom,3,0.9863013698630138,0.972972972972973,0.972972972972973,1.0,1.0,1.0
ballroom/ballroom_Media-105307/track.npy,ballroom,3,0.9932885906040269,0.9866666666666667,0.9866666666666667,1.0,1.0,1.0
ballroom/ballroom_Media-105308/track.npy,ballroom,3,0.9932885906040269,0.9866666666666667,0.9866666666666667,1.0,1.0,1.0
ballroom/ballroom_Media-105412/track.npy,ballroom,3,0.9879518072289156,0.9761904761904762,0.9761904761904762,1.0,1.0,1.0
ballroom/ballroom_Media-105505/track.npy,ballroom,3,0.9906542056074767,0.9814814814814815,0.9814814814814815,1.0,1.0,1.0
ballroom/ballroom_Media-105506/track.npy,ballroom,3,0.9906542056074767,0.9814814814814815,0.9814814814814815,0.962962962962963,0.9285714285714286,0.9285714285714286
ballroom/ballroom_Media-105602/track.npy,ballroom,3,0.9807692307692307,0.9622641509433962,0.9622641509433962,1.0,1.0,1.0
ballroom/ballroom_Media-105604/track.npy,ballroom,3,0.9807692307692307,0.9622641509433962,0.9622641509433962,1.0,1.0,1.0
ballroom/ballroom_Media-105707/track.npy,ballroom,3,0.9814814814814815,0.9636363636363636,0.9636363636363636,0.962962962962963,0.9285714285714286,0.9285714285714286
ballroom/ballroom_Media-105710/track.npy,ballroom,3,0.9801324503311257,0.961038961038961,0.961038961038961,0.9803921568627451,0.9615384615384616,0.9615384615384616
ballroom/ballroom_Media-105906/track.npy,ballroom,3,1.0,1.0,1.0,1.0,1.0,1.0
ballroom/ballroom_Media-105911/track.npy,ballroom,3,0.9642857142857143,0.9166666666666666,0.9166666666666666,0.9523809523809523,1.0,1.0
ballroom/ballroom_Media-105912/track.npy,ballroom,3,0.9940828402366864,0.9882352941176471,0.9882352941176471,1.0,1.0,1.0
ballroom/ballroom_Media-106115/track.npy,ballroom,3,0.9793103448275862,0.9594594594594594,0.9594594594594594,1.0,1.0,1.0
beatles/beatles_01_Please_Please_Me_03_Anna_(Go_To_Him)/track.npy,beatles,3,0.9950900163666122,0.9934640522875817,0.9934640522875817,0.987012987012987,1.0,1.0
beatles/beatles_02_With_the_Beatles_05_Little_Child/track.npy,beatles,3,0.9743589743589743,0.9573643410852714,0.9573643410852714,0.96875,0.9692307692307692,0.9692307692307692
beatles/beatles_02_With_the_Beatles_08_Roll_Over_Beethoven/track.npy,beatles,3,1.0,1.0,1.0,1.0,1.0,1.0
beatles/beatles_03_A_Hard_Days_Night_03_If_I_Fell/track.npy,beatles,3,1.0,1.0,1.0,1.0,1.0,1.0
beatles/beatles_03_A_Hard_Days_Night_04_Im_Happy_Just_To_Dance_With_You/track.npy,beatles,3,0.9936575052854123,0.9873949579831933,0.9873949579831933,0.9915966386554621,0.9833333333333333,0.9833333333333333
beatles/beatles_04_Beatles_for_Sale_07_Kansas_City-_Hey_Hey_Hey_Hey/track.npy,beatles,3,0.9852216748768473,0.970873786407767,0.970873786407767,0.9868421052631579,0.974025974025974,0.974025974025974
beatles/beatles_04_Beatles_for_Sale_13_What_Youre_Doing/track.npy,beatles,3,0.9935064935064934,0.9870967741935484,0.9870967741935484,0.9935483870967742,0.9871794871794872,0.9871794871794872
beatles/beatles_05_Help_04_I_Need_You/track.npy,beatles,3,1.0,1.0,1.0,1.0,1.0,1.0
beatles/beatles_06_Rubber_Soul_05_Think_For_Yourself/track.npy,beatles,3,1.0,1.0,1.0,1.0,1.0,1.0
beatles/beatles_06_Rubber_Soul_11_In_My_Life/track.npy,beatles,3,1.0,1.0,1.0,1.0,1.0,1.0
beatles/beatles_07_Revolver_04_Love_You_To/track.npy,beatles,3,0.875,0.8385269121813032,0.8385269121813032,0.39772727272727276,0.36666666666666664,0.36666666666666664
beatles/beatles_07_Revolver_13_Got_To_Get_You_Into_My_Life/track.npy,beatles,3,0.9921011058451816,0.9905660377358491,0.9905660377358491,0.9182389937106918,0.9125,0.9125
beatles/beatles_08_Sgt_Peppers_Lonely_Hearts_Club_Band_13_A_Day_In_The_Life/track.npy,beatles,3,0.7287933094384708,0.47484909456740443,0.47484909456740443,0.6167400881057268,0.37142857142857144,0.37142857142857144
beatles/beatles_09_Magical_Mystery_Tour_05_Your_Mother_Should_Know/track.npy,beatles,3,0.996309963099631,0.9926470588235294,0.9926470588235294,0.9285714285714286,0.8450704225352113,0.8450704225352113
beatles/beatles_09_Magical_Mystery_Tour_09_Penny_Lane/track.npy,beatles,3,0.9936507936507936,0.9873817034700315,0.9873817034700315,0.9937106918238994,0.9875,0.9875
beatles/beatles_10_CD1_The_Beatles_14_Dont_Pass_Me_By/track.npy,beatles,3,0.9904761904761905,0.9810126582278481,0.9810126582278481,0.9461077844311376,0.8372093023255814,0.8372093023255814
beatles/beatles_10_CD2_The_Beatles_05_Sexy_Sadie/track.npy,beatles,3,0.8952380952380952,0.6413793103448275,0.6413793103448275,0.8,0.3488372093023256,0.452991452991453
beatles/beatles_10_CD2_The_Beatles_07_Long_Long_Long/track.npy,beatles,3,0.9903288201160542,0.9808429118773946,0.9808429118773946,1.0,1.0,1.0
beatles/beatles_11_Abbey_Road_05_Octopuss_Garden/track.npy,beatles,3,1.0,1.0,1.0,0.6666666666666666,0.0,1.0
beatles/beatles_11_Abbey_Road_07_Here_Comes_The_Sun/track.npy,beatles,3,0.9454094292803971,0.7995283018867925,0.7995283018867925,0.8390243902439024,0.6964285714285714,0.6964285714285714
beatles/beatles_12_Let_It_Be_08_Ive_Got_A_Feeling/track.npy,beatles,3,0.9928825622775801,0.9928825622775801,0.9928825622775801,1.0,1.0,1.0
candombe/csic.1995_ansina1_05/track.npy,candombe,3,0.9992069785884219,0.9984152139461173,0.9984152139461173,1.0,1.0,1.0
candombe/csic.1995_cuareim_04/track.npy,candombe,3,1.0,1.0,1.0,1.0,1.0,1.0
candombe/proyecto.1992_pelado_05/track.npy,candombe,3,0.9988826815642458,0.9977678571428571,0.9977678571428571,1.0,1.0,1.0
candombe/zavala.muniz.2014_45/track.npy,candombe,3,0.9918256130790191,1.0,1.0,1.0,1.0,1.0
filosax/filosax_10/track.npy,filosax,3,0.9971542401821286,0.9943117178612059,0.9943117178612059,0.9753914988814317,0.9295154185022027,0.9295154185022027
filosax/filosax_16/track.npy,filosax,3,1.0,1.0,1.0,1.0,1.0,1.0
filosax/filosax_17/track.npy,filosax,3,0.9943181818181818,0.9816124469589816,0.9816124469589816,0.9985775248933144,0.9971590909090909,0.9971590909090909
filosax/filosax_30/track.npy,filosax,3,0.9907473309608541,0.9654199011997178,0.9654199011997178,0.992867332382311,0.9858356940509915,0.9858356940509915
filosax/filosax_33/track.npy,filosax,3,0.9992125984251968,0.9992125984251968,0.9992125984251968,0.9984251968503937,0.9968553459119497,0.9968553459119497
filosax/filosax_47/track.npy,filosax,3,0.9985765124555159,0.9722814498933902,0.9722814498933902,0.9985775248933144,0.9971590909090909,0.9971590909090909
groove_midi/drummer1_session1_101_dance-disco_120_beat_4-4/track.npy,groove_midi,3,0.9987669543773119,0.9975369458128078,0.9975369458128078,1.0,1.0,1.0
groove_midi/drummer1_session1_146_latin-brazilian-baiao_95_beat_4-4/track.npy,groove_midi,3,0.9819277108433735,0.9789156626506024,0.9789156626506024,0.9759036144578314,1.0,1.0
groove_midi/drummer1_session1_49_jazz_125_beat_4-4/track.npy,groove_midi,3,0.9978213507625272,0.9956521739130435,0.9956521739130435,0.9913043478260869,0.9827586206896551,0.9827586206896551
groove_midi/drummer1_session1_4_jazz-funk_116_beat_4-4/track.npy,groove_midi,3,1.0,1.0,1.0,1.0,1.0,1.0
groove_midi/drummer1_session2_7_jazz-march_88_beat_4-4/track.npy,groove_midi,3,0.900489396411093,0.723404255319149,0.723404255319149,0.5882352941176471,0.5365853658536586,0.5365853658536586
groove_midi/drummer1_session2_8_jazz-march_176_beat_4-4/track.npy,groove_midi,3,0.6935483870967741,0.06419753086419754,0.8604651162790697,0.6143790849673203,0.0,0.9038461538461539
groove_midi/drummer1_session2_90_funk-rock_92_beat_4-4/track.npy,groove_midi,3,0.9971671388101983,0.9943502824858758,0.9943502824858758,0.0,0.0,0.9772727272727273
groove_midi/drummer1_session3_7_dance-disco_120_beat_4-4/track.npy,groove_midi,3,1.0,1.0,1.0,1.0,1.0,1.0
groove_midi/drummer3_session1_14_rock_120_beat_4-4/track.npy,groove_midi,3,1.0,1.0,1.0,0.0,0.0,0.0
groove_midi/drummer3_session1_1_rock_105_beat_4-4/track.npy,groove_midi,3,0.99581589958159,0.9916666666666667,0.9916666666666667,0.983050847457627,0.9666666666666667,0.9666666666666667
groove_midi/drummer3_session1_22_jazz_120_beat_4-4/track.npy,groove_midi,3,0.5573770491803278,0.3142857142857143,0.3142857142857143,0.42105263157894735,0.3157894736842105,0.3157894736842105
groove_midi/drummer3_session2_26_hiphop_92_beat_4-4/track.npy,groove_midi,3,1.0,1.0,1.0,1.0,1.0,1.0
groove_midi/drummer3_session2_6_rock_100_beat_4-4/track.npy,groove_midi,3,0.9824561403508771,0.9655172413793104,0.9655172413793104,1.0,1.0,1.0
groove_midi/drummer5_eval_session_2_funk-groove2_105_beat_4-4/track.npy,groove_midi,3,1.0,1.0,1.0,1.0,1.0,1.0
groove_midi/drummer5_eval_session_6_hiphop-groove6_87_beat_4-4/track.npy,groove_midi,3,1.0,1.0,1.0,1.0,1.0,1.0
groove_midi/drummer5_session1_3_latin-brazilian-samba_89_beat_4-4/track.npy,groove_midi,3,0.9982425307557118,0.9964912280701754,0.9964912280701754,0.8689655172413793,0.8243243243243243,0.8243243243243243
groove_midi/drummer5_session1_9_latin-dominican-merengue_130_beat_4-4/track.npy,groove_midi,3,0.9984756097560976,0.9984756097560976,0.9984756097560976,1.0,1.0,1.0
groove_midi/drummer5_session2_20_latin-brazilian-ijexa_108_beat_4-4/track.npy,groove_midi,3,1.0,1.0,1.0,0.0,0.0,0.8333333333333334
groove_midi/drummer5_session2_23_latin-brazilian-songo_120_beat_4-4/track.npy,groove_midi,3,0.7932960893854749,0.7722222222222223,0.7722222222222223,0.1797752808988764,0.17777777777777778,0.5777777777777777
groove_midi/drummer5_session2_5_reggae_126_beat_4-4/track.npy,groove_midi,3,0.9907284768211919,0.9842105263157894,0.9842105263157894,0.0,0.0,0.0
groove_midi/drummer5_session2_9_neworleans-shuffle_104_beat_4-4/track.npy,groove_midi,3,0.9977011494252873,0.9954128440366973,0.9954128440366973,1.0,1.0,1.0
groove_midi/drummer7_eval_session_4_soul-groove4_80_beat_4-4/track.npy,groove_midi,3,0.9913043478260869,0.9827586206896551,0.9827586206896551,0.9655172413793104,0.9333333333333333,0.9333333333333333
groove_midi/drummer7_session1_10_rock_93_beat_4-4/track.npy,groove_midi,3,0.9913793103448276,1.0,1.0,1.0,1.0,1.0
groove_midi/drummer7_session1_11_rock_93_beat_4-4/track.npy,groove_midi,3,0.9777777777777777,0.9565217391304348,0.9565217391304348,0.7586206896551725,0.3055555555555556,0.5116279069767442
groove_midi/drummer7_session1_17_hiphop_100_beat_4-4/track.npy,groove_midi,3,0.9737827715355806,0.9407407407407408,0.9407407407407408,0.7857142857142858,0.29411764705882354,0.5076923076923077
groove_midi/drummer7_session1_18_hiphop_100_beat_4-4/track.npy,groove_midi,3,1.0,1.0,1.0,1.0,1.0,1.0
groove_midi/drummer7_session2_106_soul-motown_104_beat_4-4/track.npy,groove_midi,3,0.996415770609319,0.9928571428571429,0.9928571428571429,0.9855072463768115,0.9714285714285714,0.9714285714285714
groove_midi/drummer7_session2_108_soul-motown_104_beat_4-4/track.npy,groove_midi,3,0.9866666666666666,0.9736842105263158,0.9736842105263158,0.972972972972973,0.9473684210526315,0.9473684210526315
groove_midi/drummer7_session2_113_jazz-fusion_96_beat_4-4/track.npy,groove_midi,3,1.0,1.0,1.0,1.0,1.0,1.0
groove_midi/drummer7_session2_26_rock_118_beat_4-4/track.npy,groove_midi,3,0.9915966386554621,0.9833333333333333,0.9833333333333333,1.0,1.0,1.0
groove_midi/drummer7_session2_53_rock_135_beat_4-4/track.npy,groove_midi,3,0.9724770642201834,0.9464285714285714,0.9464285714285714,1.0,1.0,1.0
groove_midi/drummer7_session2_54_soul-motown_148_beat_4-4/track.npy,groove_midi,3,0.0,0.0040650406504065045,0.016260162601626018,0.0,1.0,1.0
groove_midi/drummer7_session2_93_hiphop_75_beat_4-4/track.npy,groove_midi,3,0.6329113924050632,0.0,0.9433962264150944,0.7000000000000001,0.0,1.0
groove_midi/drummer7_session3_109_rock_95_beat_4-4/track.npy,groove_midi,3,1.0,1.0,1.0,0.0,0.0,1.0
groove_midi/drummer7_session3_1_rock_60_beat_4-4/track.npy,groove_midi,3,0.9866666666666668,0.9866666666666667,0.9866666666666667,0.972972972972973,0.9473684210526315,0.9473684210526315
groove_midi/drummer7_session3_92_hiphop_70_beat_4-4/track.npy,groove_midi,3,1.0,1.0,1.0,1.0,1.0,1.0
groove_midi/drummer8_eval_session_2_funk-groove2_105_beat_4-4/track.npy,groove_midi,3,0.9909909909909909,0.9821428571428571,0.9821428571428571,0.962962962962963,0.9285714285714286,0.9285714285714286
groove_midi/drummer8_eval_session_3_soul-groove3_86_beat_4-4/track.npy,groove_midi,3,1.0,1.0,1.0,1.0,1.0,1.0
groove_midi/drummer8_session1_21_rock-shuffle_112_beat_4-4/track.npy,groove_midi,3,0.993963782696177,0.988,0.988,1.0,1.0,1.0
groove_midi/drummer8_session1_27_latin_122_beat_4-4/track.npy,groove_midi,3,0.9974293059125964,0.9948717948717949,0.9948717948717949,0.8410256410256411,0.826530612244898,0.826530612244898
groove_midi/drummer9_session1_1_rock_100_beat_4-4/track.npy,groove_midi,3,0.9859154929577464,0.9722222222222222,0.9722222222222222,0.5555555555555556,0.5555555555555556,0.5555555555555556
groove_midi/drummer9_session1_28_rock_90_beat_4-4/track.npy,groove_midi,3,0.6721311475409836,0.0,1.0,0.6875000000000001,0.0,1.0
guitarset/00_BN1-129-Eb_comp_mix/track.npy,guitarset,3,1.0,1.0,1.0,1.0,1.0,1.0
guitarset/00_BN3-119-G_comp_mix/track.npy,guitarset,3,0.8035714285714286,0.6379310344827587,0.6379310344827587,0.64,0.8461538461538461,0.8461538461538461
guitarset/00_Funk1-114-Ab_comp_mix/track.npy,guitarset,3,0.4878048780487805,0.3409090909090909,0.36363636363636365,0.2222222222222222,0.7777777777777778,0.7777777777777778
guitarset/00_Funk3-112-C#_comp_mix/track.npy,guitarset,3,1.0,1.0,1.0,1.0,1.0,1.0
guitarset/00_Funk3-98-A_comp_mix/track.npy,guitarset,3,0.8392857142857144,0.8070175438596491,0.8070175438596491,0.7407407407407408,0.9285714285714286,0.9285714285714286
guitarset/00_SS2-88-F_comp_mix/track.npy,guitarset,3,1.0,1.0,1.0,1.0,1.0,1.0
guitarset/00_SS3-84-Bb_comp_mix/track.npy,guitarset,3,0.9473684210526315,1.0,1.0,0.9285714285714286,1.0,1.0
guitarset/01_BN2-131-B_comp_mix/track.npy,guitarset,3,0.9906542056074767,0.9814814814814815,0.9814814814814815,0.962962962962963,0.9285714285714286,0.9285714285714286
guitarset/01_Funk3-112-C#_comp_mix/track.npy,guitarset,3,0.9908256880733944,0.9636363636363636,0.9636363636363636,1.0,1.0,1.0
guitarset/01_Jazz2-110-Bb_comp_mix/track.npy,guitarset,3,1.0,1.0,1.0,1.0,1.0,1.0
guitarset/02_BN3-119-G_comp_mix/track.npy,guitarset,3,0.9908256880733944,0.9818181818181818,0.9818181818181818,0.962962962962963,0.9285714285714286,0.9285714285714286
guitarset/02_Funk3-112-C#_comp_mix/track.npy,guitarset,3,1.0,1.0,1.0,1.0,1.0,1.0
guitarset/03_BN3-154-E_comp_mix/track.npy,guitarset,3,1.0,1.0,1.0,1.0,1.0,1.0
guitarset/03_Funk3-98-A_comp_mix/track.npy,guitarset,3,0.9909909909909909,0.9642857142857143,0.9642857142857143,1.0,1.0,1.0
guitarset/03_Rock3-117-Bb_comp_mix/track.npy,guitarset,3,0.9908256880733944,0.9818181818181818,0.9818181818181818,0.962962962962963,0.9285714285714286,0.9285714285714286
guitarset/03_SS1-100-C#_comp_mix/track.npy,guitarset,3,0.891566265060241,0.7272727272727273,0.7272727272727273,1.0,1.0,1.0
guitarset/04_BN2-166-Ab_comp_mix/track.npy,guitarset,3,0.99009900990099,0.9803921568627451,0.9803921568627451,0.9600000000000001,0.9230769230769231,0.9230769230769231
guitarset/04_Funk2-108-Eb_comp_mix/track.npy,guitarset,3,0.9909909909909909,0.9821428571428571,0.9821428571428571,0.962962962962963,0.9285714285714286,0.9285714285714286
guitarset/04_Jazz1-200-B_comp_mix/track.npy,guitarset,3,0.6382978723404255,0.0,0.9375,0.5454545454545454,0.0,0.75
guitarset/04_Jazz3-137-Eb_comp_mix/track.npy,guitarset,3,1.0,1.0,1.0,1.0,1.0,1.0
guitarset/04_Rock1-130-A_comp_mix/track.npy,guitarset,3,0.9866666666666666,0.9736842105263158,0.9736842105263158,0.9473684210526316,0.9,0.9
guitarset/04_Rock1-90-C#_comp_mix/track.npy,guitarset,3,0.9876543209876543,0.975609756097561,0.975609756097561,0.9523809523809523,0.9090909090909091,0.9090909090909091
guitarset/04_SS2-107-Ab_comp_mix/track.npy,guitarset,3,1.0,1.0,1.0,1.0,1.0,1.0
hainsworth/hainsworth_007/track.npy,hainsworth,3,0.9661016949152542,0.9661016949152542,0.9661016949152542,0.3404255319148936,0.0,0.15151515151515152
hainsworth/hainsworth_010/track.npy,hainsworth,3,1.0,1.0,1.0,0.6296296296296295,0.4482758620689655,0.4482758620689655
hainsworth/hainsworth_036/track.npy,hainsworth,3,1.0,1.0,1.0,1.0,1.0,1.0
hainsworth/hainsworth_050/track.npy,hainsworth,3,1.0,1.0,1.0,1.0,1.0,1.0
hainsworth/hainsworth_054/track.npy,hainsworth,3,0.9791666666666666,0.9690721649484536,0.9690721649484536,0.9795918367346939,0.96,0.96
hainsworth/hainsworth_062/track.npy,hainsworth,3,0.9851851851851852,0.9558823529411765,0.9558823529411765,0.9662921348314608,0.8888888888888888,0.8888888888888888
hainsworth/hainsworth_068/track.npy,hainsworth,3,1.0,1.0,1.0,1.0,1.0,1.0
hainsworth/hainsworth_113/track.npy,hainsworth,3,0.9948453608247423,0.9846153846153847,0.9846153846153847,1.0,1.0,1.0
hainsworth/hainsworth_117/track.npy,hainsworth,3,1.0,1.0,1.0,1.0,1.0,1.0
hainsworth/hainsworth_118/track.npy,hainsworth,3,0.6981818181818182,0.0782122905027933,0.8541666666666666,0.9887640449438202,0.9777777777777777,0.9777777777777777
hainsworth/hainsworth_140/track.npy,hainsworth,3,0.626865671641791,0.37142857142857144,0.37142857142857144,0.6,0.5833333333333334,0.5833333333333334
hainsworth/hainsworth_150/track.npy,hainsworth,3,0.9152542372881356,0.8688524590163934,0.8688524590163934,0.7222222222222222,0.38095238095238093,0.38095238095238093
hainsworth/hainsworth_162/track.npy,hainsworth,3,1.0,1.0,1.0,1.0,1.0,1.0
hainsworth/hainsworth_165/track.npy,hainsworth,3,1.0,1.0,1.0,1.0,1.0,1.0
hainsworth/hainsworth_174/track.npy,hainsworth,3,1.0,1.0,1.0,0.47058823529411764,0.4230769230769231,0.5
hainsworth/hainsworth_176/track.npy,hainsworth,3,1.0,1.0,1.0,1.0,1.0,1.0
hainsworth/hainsworth_180/track.npy,hainsworth,3,1.0,1.0,1.0,1.0,1.0,1.0
hainsworth/hainsworth_181/track.npy,hainsworth,3,1.0,1.0,1.0,1.0,1.0,1.0
hainsworth/hainsworth_185/track.npy,hainsworth,3,1.0,1.0,1.0,1.0,1.0,1.0
hainsworth/hainsworth_186/track.npy,hainsworth,3,1.0,1.0,1.0,1.0,1.0,1.0
hainsworth/hainsworth_189/track.npy,hainsworth,3,0.5146198830409356,0.0,0.1889763779527559,0.5098039215686275,0.0,0.2631578947368421
hainsworth/hainsworth_202/track.npy,hainsworth,3,1.0,1.0,1.0,0.6666666666666666,0.0,0.9642857142857143
hainsworth/hainsworth_221/track.npy,hainsworth,3,0.9285714285714286,1.0,1.0,0.6037735849056604,0.0,1.0
hainsworth/hainsworth_222/track.npy,hainsworth,3,1.0,1.0,1.0,0.8000000000000002,0.6888888888888889,0.6888888888888889
hainsworth/hainsworth_225/track.npy,hainsworth,3,0.3804347826086956,0.34408602150537637,0.34408602150537637,0.3555555555555555,0.8695652173913043,0.8695652173913043
hainsworth/hainsworth_228/track.npy,hainsworth,3,1.0,1.0,1.0,1.0,1.0,1.0
hainsworth/hainsworth_237/track.npy,hainsworth,3,0.91005291005291,0.6699029126213593,0.6699029126213593,0.7391304347826089,0.56,0.56
hainsworth/hainsworth_242/track.npy,hainsworth,3,0.9952153110047847,0.9904761904761905,0.9904761904761905,0.0,0.0,0.0
harmonix/0005_again/track.npy,harmonix,3,0.993006993006993,0.9814814814814815,0.9814814814814815,0.922077922077922,0.7108433734939759,0.7108433734939759
harmonix/0012_aroundtheworld/track.npy,harmonix,3,0.9831081081081081,1.0,1.0,0.6081871345029239,0.29896907216494845,0.3129251700680272
harmonix/0014_babaoriley/track.npy,harmonix,3,0.9541864139020537,0.8728682170542635,0.8728682170542635,0.8313253012048192,0.6534090909090909,0.6534090909090909
harmonix/0015_babygotback/track.npy,harmonix,3,1.0,1.0,1.0,1.0,1.0,1.0
harmonix/0020_becauseofyou/track.npy,harmonix,3,0.9884057971014493,0.9770773638968482,0.9770773638968482,0.9885057471264368,0.9772727272727273,0.9772727272727273
harmonix/0023_bewareoftheboys/track.npy,harmonix,3,0.5352697095435685,0.4897959183673469,0.4897959183673469,0.4210526315789474,0.2608695652173913,0.2608695652173913
harmonix/0028_blackmagic/track.npy,harmonix,3,0.6328784925276153,0.3203125,0.3203125,0.4382022471910113,0.5380710659898477,0.5380710659898477
harmonix/0053_commander/track.npy,harmonix,3,1.0,1.0,1.0,0.8920863309352518,0.6103896103896104,0.6103896103896104
harmonix/0054_conceited/track.npy,harmonix,3,1.0,1.0,1.0,1.0,1.0,1.0
harmonix/0074_djgotusfallininlove/track.npy,harmonix,3,1.0,1.0,1.0,1.0,1.0,1.0
harmonix/0088_everybody/track.npy,harmonix,3,1.0,1.0,1.0,1.0,1.0,1.0
harmonix/0090_fearofthedarklive/track.npy,harmonix,3,0.9183567342693707,0.8406988694758479,0.8406988694758479,0.891213389121339,0.8271604938271605,0.8271604938271605
harmonix/0099_forgetyou/track.npy,harmonix,3,0.962882096069869,0.9369565217391305,0.9369565217391305,0.9422222222222222,0.9210526315789473,0.9210526315789473
harmonix/0106_getitshawty/track.npy,harmonix,3,0.9982046678635548,0.996415770609319,0.996415770609319,1.0,1.0,1.0
harmonix/0109_geturfreakon/track.npy,harmonix,3,0.6956521739130436,0.06904761904761905,0.87248322147651,0.6962025316455696,0.0784313725490196,0.8288288288288288
harmonix/0110_girlsandboys/track.npy,harmonix,3,1.0,1.0,1.0,1.0,1.0,1.0
harmonix/0111_girlsonfilm/track.npy,harmonix,3,0.9966703662597114,0.9977827050997783,0.9977827050997783,0.6960352422907489,0.6754385964912281,0.6754385964912281
harmonix/0117_goodmorningblackfriday/track.npy,harmonix,3,0.7241226121723678,0.47163695299837927,0.47163695299837927,0.6131386861313869,0.49146757679180886,0.49146757679180886
harmonix/0123_heavyduty/track.npy,harmonix,3,0.9655172413793104,0.9515669515669516,0.9515669515669516,0.8791208791208791,0.71875,0.71875
harmonix/0132_iceicebaby/track.npy,harmonix,3,0.9982174688057042,0.99644128113879,0.99644128113879,1.0,1.0,1.0
harmonix/0133_ifeellove/track.npy,harmonix,3,0.978343949044586,0.9624060150375939,0.9624060150375939,0.9795918367346939,0.96,0.96
harmonix/0176_megasus/track.npy,harmonix,3,0.9924812030075187,0.9906015037593985,0.9906015037593985,0.9924812030075187,0.9849624060150376,0.9849624060150376
harmonix/0189_neversaynever/track.npy,harmonix,3,0.9971830985915493,0.9943820224719101,0.9943820224719101,0.9943502824858756,0.9887640449438202,0.9887640449438202
harmonix/0195_nookie/track.npy,harmonix,3,0.9081885856079406,0.8457943925233645,0.8457943925233645,0.9253731343283582,0.8962264150943396,0.8962264150943396
harmonix/0209_paparazzi/track.npy,harmonix,3,0.9987063389391979,0.9974160206718347,0.9974160206718347,0.9948186528497409,0.9896907216494846,0.9896907216494846
harmonix/0212_peoplegotalotofnerve/track.npy,harmonix,3,0.9984251968503937,0.9968553459119497,0.9968553459119497,0.8999999999999999,0.8641975308641975,0.8641975308641975
harmonix/0214_planetrock/track.npy,harmonix,3,0.9993738259236067,0.9987484355444305,0.9987484355444305,1.0,1.0,1.0
harmonix/0215_pointofknowreturn/track.npy,harmonix,3,0.8991060025542784,0.7701711491442543,0.7701711491442543,0.6220095693779903,0.4205607476635514,0.4205607476635514
harmonix/0218_policyoftruth/track.npy,harmonix,3,0.9587955625990491,0.9209302325581395,0.9209302325581395,0.7096774193548386,0.5053763440860215,0.5053763440860215
harmonix/0220_promiscuous/track.npy,harmonix,3,1.0,1.0,1.0,1.0,1.0,1.0
harmonix/0245_sayhey/track.npy,harmonix,3,1.0,1.0,1.0,1.0,1.0,1.0
harmonix/0268_supersonic/track.npy,harmonix,3,0.9878419452887538,0.9818731117824774,0.9818731117824774,0.9818181818181818,0.9879518072289156,0.9879518072289156
harmonix/0269_sweettalk/track.npy,harmonix,3,0.6642771804062126,0.0,0.996415770609319,0.6698564593301435,0.0,1.0
harmonix/0270_takeovercontrol/track.npy,harmonix,3,0.9953917050691244,0.9953917050691244,0.9953917050691244,0.923076923076923,0.736,0.736
harmonix/0285_thekill/track.npy,harmonix,3,0.975929978118162,0.9504373177842566,0.9504373177842566,0.9655172413793104,0.9230769230769231,0.9230769230769231
harmonix/0296_transmaniaconmc/track.npy,harmonix,3,0.9913419913419913,0.9891774891774892,0.9891774891774892,0.9327354260089685,0.8695652173913043,0.8695652173913043
harmonix/0297_troublecomesrunning/track.npy,harmonix,3,0.9961089494163424,0.9961089494163424,0.9961089494163424,0.984375,0.984375,0.984375
harmonix/0305_wenospeakamericano/track.npy,harmonix,3,0.9714285714285714,0.9923954372623575,0.9923954372623575,0.9465648854961831,0.9848484848484849,0.9848484848484849
harmonix/0306_werunthis/track.npy,harmonix,3,1.0,1.0,1.0,1.0,1.0,1.0
harmonix/0323_yeah/track.npy,harmonix,3,0.9931662870159453,0.9864253393665159,0.9864253393665159,1.0,1.0,1.0
harmonix/0335_allyourlife/track.npy,harmonix,3,0.8121059268600253,0.3837953091684435,0.4351851851851852,0.83,0.4358974358974359,0.4358974358974359
harmonix/0336_alonewithyou/track.npy,harmonix,3,0.9943181818181818,0.9971590909090909,0.9971590909090909,1.0,1.0,1.0
harmonix/0375_dynamite/track.npy,harmonix,3,0.9952038369304557,0.9904534606205251,0.9904534606205251,0.9952153110047847,0.9904761904761905,0.9904761904761905
harmonix/0380_everybodytalks/track.npy,harmonix,3,0.9988700564971752,0.9977426636568849,0.9977426636568849,0.9821428571428572,0.9385964912280702,0.9385964912280702
harmonix/0386_footloose/track.npy,harmonix,3,0.9908864954432477,0.9586092715231788,0.9586092715231788,0.9933774834437086,1.0,1.0
harmonix/0387_free/track.npy,harmonix,3,0.9946178686759958,0.9892933618843683,0.9892933618843683,0.9957081545064378,0.9914529914529915,0.9914529914529915
harmonix/0391_givemeallyourluvin/track.npy,harmonix,3,0.9251700680272109,0.7251585623678647,0.7251585623678647,0.9422222222222223,0.7815126050420168,0.7815126050420168
harmonix/0402_herestous/track.npy,harmonix,3,0.9955947136563876,0.9912280701754386,0.9912280701754386,1.0,1.0,1.0
harmonix/0407_humpinaround/track.npy,harmonix,3,0.9989350372736955,0.997872340425532,0.997872340425532,1.0,1.0,1.0
harmonix/0432_letsgo/track.npy,harmonix,3,0.9923497267759563,0.9848156182212582,0.9848156182212582,0.9956331877729258,0.991304347826087,0.991304347826087
harmonix/0434_lights/track.npy,harmonix,3,0.996328029375765,0.9926829268292683,0.9926829268292683,1.0,1.0,1.0
harmonix/0444_maybe/track.npy,harmonix,3,0.9981024667931689,0.9962121212121212,0.9962121212121212,1.0,1.0,1.0
harmonix/0449_misery/track.npy,harmonix,3,0.9897209985315712,0.9796511627906976,0.9796511627906976,0.9941520467836257,0.9883720930232558,0.9883720930232558
harmonix/0477_poundthealarm/track.npy,harmonix,3,0.996309963099631,0.9926470588235294,0.9926470588235294,1.0,1.0,1.0
harmonix/0480_raiseyourglass/track.npy,harmonix,3,0.9924433249370277,0.9899749373433584,0.9899749373433584,0.8743718592964824,0.86,0.86
harmonix/0482_redsolocup/track.npy,harmonix,3,0.9423247559893523,0.9347442680776014,0.9347442680776014,0.9252669039145908,0.9290780141843972,0.9290780141843972
harmonix/0485_rollinginthedeep/track.npy,harmonix,3,0.9961190168175938,0.9896907216494846,0.9896907216494846,1.0,1.0,1.0
harmonix/0498_springsteen/track.npy,harmonix,3,0.9805269186712485,0.9617977528089887,0.9617977528089887,0.9816513761467891,0.963963963963964,0.963963963963964
harmonix/0501_stayawhile/track.npy,harmonix,3,0.9544740973312401,0.9375,0.9375,0.9559748427672956,0.9625,0.9625
harmonix/0528_werunthenight/track.npy,harmonix,3,1.0,1.0,1.0,1.0,1.0,1.0
harmonix/0537_writteninthestars/track.npy,harmonix,3,0.9836601307189543,0.9741935483870968,0.9741935483870968,1.0,1.0,1.0
harmonix/0544_yougottabe/track.npy,harmonix,3,0.954607977991747,0.9251336898395722,0.9251336898395722,0.9726775956284154,0.9468085106382979,0.9468085106382979
harmonix/0550_aboutyounow/track.npy,harmonix,3,0.9990147783251232,0.9980314960629921,0.9980314960629921,1.0,1.0,1.0
harmonix/0557_alligator/track.npy,harmonix,3,0.9983136593591906,0.9966329966329966,0.9966329966329966,1.0,1.0,1.0
harmonix/0566_americanwoman/track.npy,harmonix,3,0.9870967741935484,0.9745222929936306,0.9745222929936306,0.9871794871794872,0.9746835443037974,0.9746835443037974
harmonix/0570_aslongasyouloveme/track.npy,harmonix,3,0.9902534113060429,0.9768339768339769,0.9768339768339769,0.9921259842519685,0.96875,0.96875
harmonix/0571_atlantis/track.npy,harmonix,3,0.8019966722129783,0.48148148148148145,0.48148148148148145,0.8251748251748251,0.5625,0.5625
harmonix/0574_badromanceappboyz/track.npy,harmonix,3,0.9969418960244648,0.9939024390243902,0.9939024390243902,1.0,1.0,1.0
harmonix/0579_beatitstudioversion/track.npy,harmonix,3,0.9917657822506861,0.9781021897810219,0.9781021897810219,0.5017421602787456,0.35333333333333333,0.38
harmonix/0580_beautiful/track.npy,harmonix,3,0.9286956521739131,0.9965277777777778,0.9965277777777778,0.9027777777777778,1.0,1.0
harmonix/0585_beautyandabeat/track.npy,harmonix,3,0.9989373007438895,0.9978768577494692,0.9978768577494692,1.0,1.0,1.0
harmonix/0590_betterintime/track.npy,harmonix,3,0.9886547811993517,0.9775641025641025,0.9775641025641025,0.9870129870129869,0.9743589743589743,0.9743589743589743
harmonix/0592_blameit/track.npy,harmonix,3,1.0,1.0,1.0,0.823076923076923,0.8153846153846154,0.8153846153846154
harmonix/0595_blonde/track.npy,harmonix,3,1.0,1.0,1.0,0.9781021897810219,0.9565217391304348,0.9565217391304348
harmonix/0608_canttellmenothing/track.npy,harmonix,3,0.9971509971509972,0.9943181818181818,0.9943181818181818,1.0,1.0,1.0
harmonix/0614_cinema/track.npy,harmonix,3,0.9162182936202921,0.8512898330804249,0.8512898330804249,0.7851002865329513,0.5396825396825397,0.5396825396825397
harmonix/0626_coolerthanme/track.npy,harmonix,3,0.998875140607424,0.9977528089887641,0.9977528089887641,1.0,1.0,1.0
harmonix/0663_explosions/track.npy,harmonix,3,0.944206008583691,0.8898071625344353,0.8898071625344353,0.9485714285714287,0.8791208791208791,0.8791208791208791
harmonix/0680_fixaheart/track.npy,harmonix,3,0.8416447944007,0.4901065449010654,0.4901065449010654,0.6232558139534883,0.12686567164179105,0.5652173913043478
harmonix/0700_gottabesomebody/track.npy,harmonix,3,0.980349344978166,0.9443254817987152,0.9443254817987152,0.9736842105263158,0.9652173913043478,0.9652173913043478
harmonix/0704_guitarstringweddingring/track.npy,harmonix,3,0.9351285189718481,0.9245742092457421,0.9245742092457421,0.9411764705882353,1.0,1.0
harmonix/0718_heytheredelilah/track.npy,harmonix,3,1.0,1.0,1.0,1.0,1.0,1.0
harmonix/0727_howcomeyoudontwantme/track.npy,harmonix,3,0.9982238010657194,0.9964539007092199,0.9964539007092199,1.0,1.0,1.0
harmonix/0735_ifuseeamy/track.npy,harmonix,3,0.9966480446927374,0.9933184855233853,0.9933184855233853,1.0,1.0,1.0
harmonix/0756_istillmissyou/track.npy,harmonix,3,0.9915110356536503,0.9831649831649831,0.9831649831649831,0.9864864864864865,0.96,0.96
harmonix/0764_iwish/track.npy,harmonix,3,0.9988165680473373,0.9976359338061466,0.9976359338061466,0.9952606635071091,0.9905660377358491,0.9905660377358491
harmonix/0776_krazy/track.npy,harmonix,3,1.0,1.0,1.0,1.0,1.0,1.0
harmonix/0793_lovegame/track.npy,harmonix,3,1.0,1.0,1.0,1.0,1.0,1.0
harmonix/0794_lovegamedave/track.npy,harmonix,3,1.0,1.0,1.0,1.0,1.0,1.0
harmonix/0802_lovestoned/track.npy,harmonix,3,0.9912023460410557,0.9825581395348837,0.9825581395348837,0.996078431372549,0.9921875,0.9921875
harmonix/0803_lovestory/track.npy,harmonix,3,1.0,1.0,1.0,1.0,1.0,1.0
harmonix/0815_mondaymondaymonday/track.npy,harmonix,3,1.0,1.0,1.0,1.0,1.0,1.0
harmonix/0826_myohmy/track.npy,harmonix,3,0.9761570827489481,0.9534246575342465,0.9534246575342465,0.8315789473684211,0.6504854368932039,0.6504854368932039
harmonix/0833_northshore/track.npy,harmonix,3,0.9975845410628019,0.9951807228915662,0.9951807228915662,0.7539267015706808,0.5436893203883495,0.5436893203883495
harmonix/0857_paralyzer/track.npy,harmonix,3,1.0,1.0,1.0,1.0,1.0,1.0
harmonix/0861_pingmebaby/track.npy,harmonix,3,1.0,1.0,1.0,1.0,1.0,1.0
harmonix/0870_ratedr/track.npy,harmonix,3,0.9971509971509972,0.9981024667931688,0.9981024667931688,1.0,1.0,1.0
harmonix/0876_rehab/track.npy,harmonix,3,0.9856957087126137,0.958974358974359,0.958974358974359,0.9895833333333333,0.9690721649484536,0.9690721649484536
harmonix/0879_ridinsoloian/track.npy,harmonix,3,0.9887106357694593,0.9834319526627219,0.9834319526627219,0.5745614035087719,0.3943089430894309,0.3943089430894309
harmonix/0883_rocksatmywindow/track.npy,harmonix,3,0.7128463476070529,0.1095890410958904,0.8017699115044248,0.6826923076923078,0.0364963503649635,0.9290780141843972
harmonix/0905_shocktoyoursystem/track.npy,harmonix,3,0.9942363112391931,0.9885386819484241,0.9885386819484241,0.9942857142857142,0.9886363636363636,0.9886363636363636
harmonix/0912_somenights/track.npy,harmonix,3,0.9885057471264368,0.9833679833679834,0.9833679833679834,0.99581589958159,0.9916666666666667,0.9916666666666667
harmonix/0915_sosletthemusicplay/track.npy,harmonix,3,0.995850622406639,0.9917355371900827,0.9917355371900827,0.994475138121547,0.989010989010989,0.989010989010989
harmonix/0917_spacemanties/track.npy,harmonix,3,0.9950495049504949,0.9913473423980222,0.9913473423980222,0.9307875894988067,0.8248847926267281,0.8248847926267281
harmonix/0926_sweetthing/track.npy,harmonix,3,0.9986577181208054,0.9973190348525469,0.9973190348525469,0.9946524064171123,0.9893617021276596,0.9893617021276596
harmonix/0929_takeovercontrolext/track.npy,harmonix,3,0.9250157529930686,0.9134253450439147,0.9134253450439147,0.9343434343434344,1.0,1.0
harmonix/0936_tequieroacoustic/track.npy,harmonix,3,0.9262759924385634,0.9245283018867925,0.9245283018867925,0.9090909090909091,0.9090909090909091,0.9090909090909091
harmonix/0940_thehousethatbuiltme/track.npy,harmonix,3,0.7564102564102565,0.25933609958506226,0.5478991596638656,0.6701030927835052,0.15126050420168066,0.6442953020134228
harmonix/0949_throwitinthebag/track.npy,harmonix,3,0.9953632148377125,0.9907692307692307,0.9907692307692307,1.0,1.0,1.0
harmonix/0956_tonightimgettingoveryou/track.npy,harmonix,3,0.9988726042841037,0.9977477477477478,0.9977477477477478,1.0,1.0,1.0
harmonix/0980_whenyouleave/track.npy,harmonix,3,0.9986522911051213,0.9973082099596231,0.9973082099596231,1.0,1.0,1.0
harmonix/0983_whyamitheone/track.npy,harmonix,3,0.9921259842519686,0.9968553459119497,0.9968553459119497,0.7116564417177914,0.6547619047619048,0.6547619047619048
harmonix/0987_withyou/track.npy,harmonix,3,0.9985815602836879,0.9971671388101983,0.9971671388101983,1.0,1.0,1.0
harmonix/1000_yourloveismydrug/track.npy,harmonix,3,0.9530386740331491,0.9558011049723757,0.9558011049723757,0.9608938547486034,0.9777777777777777,0.9777777777777777
hjdb/hjdb_All_Right_(All_Night_Mix)/track.npy,hjdb,3,1.0,1.0,1.0,1.0,1.0,1.0
hjdb/hjdb_Devotion/track.npy,hjdb,3,1.0,1.0,1.0,1.0,1.0,1.0
hjdb/hjdb_Dub_War_Chapter_1_(Raw_Mix)/track.npy,hjdb,3,1.0,1.0,1.0,1.0,1.0,1.0
hjdb/hjdb_Dub_War_Chapter_1_(The_Mix_Strikes_Back)/track.npy,hjdb,3,1.0,1.0,1.0,1.0,1.0,1.0
hjdb/hjdb_Dub_War_Chapter_2/track.npy,hjdb,3,1.0,1.0,1.0,1.0,1.0,1.0
hjdb/hjdb_Fuckin_Hardcore/track.npy,hjdb,3,1.0,1.0,1.0,1.0,1.0,1.0
hjdb/hjdb_Future_Followers_(Remix)/track.npy,hjdb,3,0.993939393939394,0.9879518072289156,0.9879518072289156,1.0,1.0,1.0
hjdb/hjdb_Future_Followers/track.npy,hjdb,3,1.0,1.0,1.0,1.0,1.0,1.0
hjdb/hjdb_Hey_DJ/track.npy,hjdb,3,1.0,1.0,1.0,1.0,1.0,1.0
hjdb/hjdb_In_Effect/track.npy,hjdb,3,1.0,1.0,1.0,1.0,1.0,1.0
hjdb/hjdb_Livin_In_A_Dream/track.npy,hjdb,3,0.9961089494163424,0.9922480620155039,0.9922480620155039,1.0,1.0,1.0
hjdb/hjdb_Merder_Style/track.npy,hjdb,3,1.0,1.0,1.0,1.0,1.0,1.0
hjdb/hjdb_Method_To_My_Madness/track.npy,hjdb,3,0.9906542056074767,0.9814814814814815,0.9814814814814815,0.962962962962963,0.9285714285714286,0.9285714285714286
hjdb/hjdb_Mystic_Stepper_(Feel_Better)/track.npy,hjdb,3,1.0,1.0,1.0,1.0,1.0,1.0
hjdb/hjdb_News_At_Ten/track.npy,hjdb,3,1.0,1.0,1.0,1.0,1.0,1.0
hjdb/hjdb_Obsession_(Musics_So_Wonderful)/track.npy,hjdb,3,1.0,1.0,1.0,1.0,1.0,1.0
hjdb/hjdb_Obsession_(The_Only_Remix)/track.npy,hjdb,3,1.0,1.0,1.0,1.0,1.0,1.0
hjdb/hjdb_Obsessions/track.npy,hjdb,3,0.7999999999999999,0.7284768211920529,0.7284768211920529,0.7567567567567567,0.7368421052631579,0.7368421052631579
hjdb/hjdb_Pennywise/track.npy,hjdb,3,1.0,1.0,1.0,1.0,1.0,1.0
hjdb/hjdb_Rockin_Down_The_House/track.npy,hjdb,3,0.9976133651551313,0.9952380952380953,0.9952380952380953,1.0,1.0,1.0
hjdb/hjdb_Something_I_Feel_(2_Bad_Mice_Remix)/track.npy,hjdb,3,0.8778280542986425,0.5645161290322581,0.5645161290322581,0.6071428571428571,0.5483870967741935,0.5483870967741935
hjdb/hjdb_Something_New_Pt1/track.npy,hjdb,3,1.0,1.0,1.0,1.0,1.0,1.0
hjdb/hjdb_Something_New_Pt2/track.npy,hjdb,3,1.0,1.0,1.0,1.0,1.0,1.0
hjdb/hjdb_String_Of_Darkness/track.npy,hjdb,3,1.0,1.0,1.0,1.0,1.0,1.0
hjdb/hjdb_Superpod/track.npy,hjdb,3,1.0,1.0,1.0,1.0,1.0,1.0
hjdb/hjdb_The_R/track.npy,hjdb,3,1.0,1.0,1.0,1.0,1.0,1.0
hjdb/hjdb_Tibetan_Jungle/track.npy,hjdb,3,1.0,1.0,1.0,1.0,1.0,1.0
hjdb/hjdb_Tiger_Style/track.npy,hjdb,3,1.0,1.0,1.0,1.0,1.0,1.0
hjdb/hjdb_Unity/track.npy,hjdb,3,1.0,1.0,1.0,1.0,1.0,1.0
hjdb/hjdb_We_Are_Hardcore/track.npy,hjdb,3,1.0,1.0,1.0,1.0,1.0,1.0
jaah/jaah_006-jelly_roll_mortons_red_hot_peppers-black_bottom_stomp/track.npy,jaah,3,0.9591029023746702,0.8335451080050826,0.8335451080050826,0.931578947368421,0.8223350253807107,0.8223350253807107
jaah/jaah_016-the_benny_goodman_sextet-breakfast_feud_composite_feat_charlie_christian/track.npy,jaah,3,0.998950682056663,0.9937106918238994,0.9937106918238994,0.959349593495935,0.8661417322834646,0.8661417322834646
jaah/jaah_018-duke_ellington_his_orchestra-cotton_tail/track.npy,jaah,3,0.9767750497677505,0.9011703511053316,0.9011703511053316,0.9086021505376345,0.8723404255319149,0.8723404255319149
jaah/jaah_019-ella_fitzgerald_duke_ellington_orchestra-cotton_tail/track.npy,jaah,3,0.9736070381231672,0.5882926829268292,0.5882926829268292,0.8778625954198473,0.8059701492537313,0.8059701492537313
jaah/jaah_030-count_basie_his_orchestra-doggin_around/track.npy,jaah,3,0.9993011879804332,0.9972067039106145,0.9972067039106145,0.8459383753501399,0.8379888268156425,0.8379888268156425
jaah/jaah_042-clark_terrybob_brookmeyer_quintet-haig_haig/track.npy,jaah,3,0.9954261954261955,0.9735099337748344,0.9735099337748344,0.8494318181818181,0.48507462686567165,0.48507462686567165
jaah/jaah_050-dizzy_gillespie_sextet-i_cant_get_started/track.npy,jaah,3,0.9534883720930232,0.9540229885057471,0.9540229885057471,0.7241379310344828,0.1506849315068493,0.7294117647058823
jaah/jaah_056-bud_powell-indiana/track.npy,jaah,3,0.8130311614730877,0.24301336573511542,0.38879456706281834,0.6871508379888268,0.3058252427184466,0.3058252427184466
jaah/jaah_061-count_basie_and_the_kansas_city_7-lester_leaps_in/track.npy,jaah,3,0.9986945169712794,0.9921773142112125,0.9921773142112125,1.0,1.0,1.0
jaah/jaah_072-bennie_moten_and_his_kansas_city_orchestra-moten_swing/track.npy,jaah,3,0.9757243539545811,0.8435054773082942,0.8435054773082942,0.8795518207282913,0.6060606060606061,0.6060606060606061
jaah/jaah_081-sonny_rollins-pentup_house/track.npy,jaah,3,0.9508495145631068,0.8982434887946699,0.8982434887946699,0.8187274909963985,0.7761904761904762,0.7761904761904762
jaah/jaah_094-louis_armstrong_his_orchestra-sweethearts_on_parade/track.npy,jaah,3,0.9889025893958077,0.9876847290640394,0.9876847290640394,1.0,1.0,1.0
jaah/jaah_100-fletcher_henderson_and_his_orchestra-the_stampede/track.npy,jaah,3,0.7591549295774648,0.3909985935302391,0.3909985935302391,0.7627118644067796,1.0,1.0
jaah/jaah_108-lionel_hampton_and_his_orchestra-when_lights_are_low/track.npy,jaah,3,1.0,0.9855769230769231,0.9855769230769231,1.0,1.0,1.0
rwc/rwc_classical_CD1_04/track.npy,rwc_classical,3,0.39029126213592236,0.5826923076923077,0.5826923076923077,0.27450980392156865,0.10034602076124567,0.10034602076124567
rwc/rwc_classical_CD4_07/track.npy,rwc_classical,3,0.8850072780203784,0.6062992125984252,0.6062992125984252,0.7570977917981073,0.3526315789473684,0.3526315789473684
rwc/rwc_classical_CD4_11/track.npy,rwc_classical,3,0.9777777777777777,0.9611111111111111,0.9611111111111111,1.0,1.0,1.0
rwc/rwc_classical_CD4_13/track.npy,rwc_classical,3,0.9774436090225564,0.9626865671641791,0.9626865671641791,0.6530612244897959,0.0,0.9402985074626866
rwc/rwc_classical_CD4_15/track.npy,rwc_classical,3,0.8074534161490683,0.5944444444444444,0.5944444444444444,0.7272727272727272,0.6428571428571429,0.6428571428571429
rwc/rwc_classical_CD4_16/track.npy,rwc_classical,3,0.9344262295081968,0.8412698412698413,0.8412698412698413,0.6444444444444445,0.0,0.9
rwc/rwc_classical_CD5_07/track.npy,rwc_classical,3,0.5032822757111598,0.027607361963190184,0.06441717791411043,0.6710526315789473,0.14942528735632185,0.4496124031007752
rwc/rwc_classical_CD6_13/track.npy,rwc_classical,3,0.5773809523809523,0.16898148148148148,0.31315240083507306,0.532319391634981,0.08743169398907104,0.1092896174863388
rwc/rwc_jazz_CD1_09/track.npy,rwc_jazz,3,0.7436974789915966,0.5038759689922481,0.5038759689922481,0.7291666666666667,0.5321100917431193,0.5321100917431193
rwc/rwc_jazz_CD1_14/track.npy,rwc_jazz,3,0.8966376089663761,0.905940594059406,0.905940594059406,0.8822055137844611,0.985,0.985
rwc/rwc_jazz_CD1_15/track.npy,rwc_jazz,3,0.7848341232227488,0.6783088235294118,0.6783088235294118,0.7319884726224785,0.6464088397790055,0.6464088397790055
rwc/rwc_jazz_CD2_01/track.npy,rwc_jazz,3,0.9792802617230097,0.9782608695652174,0.9782608695652174,0.9760348583877995,0.9782608695652174,0.9782608695652174
rwc/rwc_jazz_CD2_08/track.npy,rwc_jazz,3,0.8505747126436781,0.5917312661498708,0.5917312661498708,0.8405797101449275,0.5670103092783505,0.5670103092783505
rwc/rwc_jazz_CD2_10/track.npy,rwc_jazz,3,0.9212454212454212,0.967032967032967,0.967032967032967,0.9146005509641872,0.9725274725274725,0.9725274725274725
rwc/rwc_popular_CD1_08/track.npy,rwc_popular,3,0.9868421052631579,0.974025974025974,0.974025974025974,0.9894736842105264,0.9791666666666666,0.9791666666666666
rwc/rwc_popular_CD1_10/track.npy,rwc_popular,3,0.9976076555023923,0.9952267303102625,0.9952267303102625,0.9952153110047847,0.9904761904761905,0.9904761904761905
rwc/rwc_popular_CD3_03/track.npy,rwc_popular,3,1.0,1.0,1.0,1.0,1.0,1.0
rwc/rwc_popular_CD4_01/track.npy,rwc_popular,3,0.9988674971687429,0.997737556561086,0.997737556561086,0.9954751131221719,0.990990990990991,0.990990990990991
rwc/rwc_popular_CD4_07/track.npy,rwc_popular,3,0.9470198675496689,0.8158730158730159,0.8158730158730159,0.9459459459459458,0.881578947368421,0.881578947368421
rwc/rwc_popular_CD5_03/track.npy,rwc_popular,3,0.9721448467966574,0.9234972677595629,0.9234972677595629,0.9042553191489362,0.76,0.76
rwc/rwc_popular_CD5_09/track.npy,rwc_popular,3,0.9471999999999999,0.9424920127795527,0.9424920127795527,0.9554140127388535,0.9873417721518988,0.9873417721518988
rwc/rwc_popular_CD5_10/track.npy,rwc_popular,3,1.0,1.0,1.0,1.0,1.0,1.0
rwc/rwc_popular_CD6_03/track.npy,rwc_popular,3,0.7925465838509316,0.3154639175257732,0.5125,0.8979591836734693,0.7560975609756098,0.7560975609756098
rwc/rwc_popular_CD6_06/track.npy,rwc_popular,3,1.0,1.0,1.0,1.0,1.0,1.0
rwc/rwc_popular_CD6_10/track.npy,rwc_popular,3,0.9964285714285713,0.9946524064171123,0.9946524064171123,1.0,1.0,1.0
rwc/rwc_popular_CD7_08/track.npy,rwc_popular,3,0.9986091794158554,0.9972222222222222,0.9972222222222222,1.0,1.0,1.0
rwc/rwc_royalty-free_CD1_09/track.npy,rwc_royalty-free,3,0.9937888198757764,0.9876543209876543,0.9876543209876543,0.9937888198757764,0.9876543209876543,0.9876543209876543
rwc/rwc_royalty-free_CD1_10/track.npy,rwc_royalty-free,3,0.9423459244532804,0.7857142857142857,0.7857142857142857,0.9848484848484849,0.9696969696969697,0.9696969696969697
simac/simac_A_vida_me_fez_assim_06-Peito_sangrando/track.npy,simac,3,1.0,1.0,1.0,nan,nan,nan
simac/simac_A_vida_me_fez_assim_07-A_borboleta_e_o_passarinho/track.npy,simac,3,0.9818181818181818,0.9642857142857143,0.9642857142857143,nan,nan,nan
simac/simac_A_vida_me_fez_assim_09-Um_calo_de_estimacao/track.npy,simac,3,1.0,1.0,1.0,nan,nan,nan
simac/simac_Alfagamabetizado_02-Pandeiro-Deiro/track.npy,simac,3,0.9850746268656716,0.9705882352941176,0.9705882352941176,nan,nan,nan
simac/simac_Alfagamabetizado_16-Vanju_Concessa/track.npy,simac,3,1.0,1.0,1.0,nan,nan,nan
simac/simac_Amber_08-Further/track.npy,simac,3,0.7272727272727273,0.12244897959183673,0.7818181818181819,nan,nan,nan
simac/simac_As_time_goes_by_disk_3_06-Mr._Magic/track.npy,simac,3,0.9268292682926829,0.9523809523809523,0.9523809523809523,nan,nan,nan
simac/simac_As_time_goes_by_disk_3_10-Bridges/track.npy,simac,3,1.0,1.0,1.0,nan,nan,nan
simac/simac_As_time_goes_by_disk_3_11-You_swell/track.npy,simac,3,0.9846153846153847,0.9696969696969697,0.9696969696969697,nan,nan,nan
simac/simac_As_time_goes_by_disk_3_13-The_most_beautiful_girl_in_the_world/track.npy,simac,3,0.9722222222222222,0.918918918918919,0.918918918918919,nan,nan,nan
simac/simac_BACH_WTC_01-Prelude_and_Fugue_No._1_in_C_major_BWV_870_-_1._Praeludium/track.npy,simac,3,0.6666666666666666,0.0,1.0,nan,nan,nan
simac/simac_Bach_The_Well-Tempered_Clavier_II_(Disc_1)_10-Prelude_and_Fugue_No._5_in_D_major_BWV_874_-_2._Fuga/track.npy,simac,3,1.0,1.0,1.0,nan,nan,nan
simac/simac_Bach_The_Well-Tempered_Clavier_II_(Disc_1)_22-Prelude_and_Fugue_No._11_in_F_major_BWV_880_-_2._Fuga/track.npy,simac,3,0.6799999999999999,0.0,1.0,nan,nan,nan
simac/simac_Bach_The_Well-Tempered_Clavier_II_(Disc_2)_09-Prelude_and_Fugue_No._17_A-flat_major_BWV_886_-_1._Praeludium/track.npy,simac,3,1.0,1.0,1.0,nan,nan,nan
simac/simac_Beethoven_-_The_String_Quartets_#1_01-F_major_op._18_no._1_-_Allegro_con_brio/track.npy,simac,3,0.9275362318840579,0.8571428571428571,0.8571428571428571,nan,nan,nan
simac/simac_Beethoven_-_The_String_Quartets_#1_08-G_major_op._18_no._2_-_Allegro_molto_quasi_Presto/track.npy,simac,3,0.6206896551724138,0.0,0.9230769230769231,nan,nan,nan
simac/simac_Beethoven_-_The_String_Quartets_#1_09-D_major_op._18_no._3_-_Allegro/track.npy,simac,3,1.0,1.0,1.0,nan,nan,nan
simac/simac_Bela_Bartok_07-The_Miraculous_Mandarin_7.1_Agitato_7.2_Molto_moderato/track.npy,simac,3,0.0,0.0,0.6923076923076923,nan,nan,nan
simac/simac_Bernstein_conducts_Stravinsky_15-Petrouchka_scene_1_-_The_shrovetide_fair/track.npy,simac,3,0.5925925925925926,0.0,0.8157894736842105,nan,nan,nan
simac/simac_Cafe_Zimmermann_01-3e_Concert_Brandebourgeois_en_sol_majeur_BWV_1048_-_Allegro_-_Adagio/track.npy,simac,3,1.0,1.0,1.0,nan,nan,nan
simac/simac_Cafe_Zimmermann_05-Concerto_pour_deux_violons_&_cordes_en_r_mineur_BWV_1043_-_Allegro/track.npy,simac,3,0.6590909090909091,0.0,0.9491525423728814,nan,nan,nan
simac/simac_Concert_08-4._Allegro/track.npy,simac,3,1.0,1.0,1.0,nan,nan,nan
simac/simac_Concert_15-3._Bourre/track.npy,simac,3,1.0,1.0,1.0,nan,nan,nan
simac/simac_Concert_19-3._Largo_e_staccato/track.npy,simac,3,0.6842105263157895,0.0,1.0,nan,nan,nan
simac/simac_DGG_419_047-2_04-Praludium_u._Fuge_f-moll_BWV_534_-_II_Fuge/track.npy,simac,3,0.5499999999999999,0.0,0.9259259259259259,nan,nan,nan
simac/simac_DGG_419_047-2_11-Triosonate_Nr._1_Es-Dur_BWV_525_-_II_Adagio/track.npy,simac,3,1.0,1.0,1.0,nan,nan,nan
simac/simac_Ella_&_Louis_05-Youll_Have_To_Swing_It/track.npy,simac,3,0.717948717948718,0.5454545454545454,0.5454545454545454,nan,nan,nan
simac/simac_Ella_&_Louis_09-Oh_Lady_Be_Good/track.npy,simac,3,0.653061224489796,0.0,0.9393939393939394,nan,nan,nan
simac/simac_Eres_luz_12-Genios_(Rumba-Cancion)/track.npy,simac,3,1.0,1.0,1.0,nan,nan,nan
simac/simac_Eventail_10-Prld1/track.npy,simac,3,0.7441860465116279,0.48,0.48,nan,nan,nan
simac/simac_Fado_01-AudioTrack_01/track.npy,simac,3,0.96,1.0,1.0,nan,nan,nan
simac/simac_Fado_04-AudioTrack_04/track.npy,simac,3,0.5365853658536585,0.0,0.9629629629629629,nan,nan,nan
simac/simac_Family_Tree_-_Greatest_Hits_As_Chosen_By_Bjork_11-Pagan_Poetry/track.npy,simac,3,0.8205128205128205,0.5454545454545454,0.5454545454545454,nan,nan,nan
simac/simac_Gold_-_Greatest_Hits_03-Take_A_Chance_On_Me/track.npy,simac,3,1.0,1.0,1.0,nan,nan,nan
simac/simac_Ludwid_van_Beethoven_04-IV._Finale/track.npy,simac,3,0.9411764705882353,0.9230769230769231,0.9230769230769231,nan,nan,nan
simac/simac_Niandra_LaDes_and_Usually_Just_a_T-Shirt_05-Curtains/track.npy,simac,3,0.6229508196721312,0.0,0.7380952380952381,nan,nan,nan
simac/simac_Niandra_LaDes_and_Usually_Just_a_T-Shirt_15-Usually_Just_a_T-Shirt_Untitled_3/track.npy,simac,3,0.627450980392157,0.0,0.9411764705882353,nan,nan,nan
simac/simac_Niandra_LaDes_and_Usually_Just_a_T-Shirt_21-Usually_Just_a_T-Shirt_Untitled_9/track.npy,simac,3,1.0,1.0,1.0,nan,nan,nan
simac/simac_Papakonstantinou_03-AudioTrack_03/track.npy,simac,3,0.5416666666666666,0.0,0.84375,nan,nan,nan
simac/simac_Papakonstantinou_09-AudioTrack_09/track.npy,simac,3,0.6666666666666666,0.0,0.9615384615384616,nan,nan,nan
simac/simac_Papakonstantinou_19-AudioTrack_19/track.npy,simac,3,0.2711864406779661,0.0,0.5294117647058824,nan,nan,nan
simac/simac_Primer_Aliento_14-Sintonia_de_la_moda_estandarizada/track.npy,simac,3,0.9655172413793104,0.9655172413793104,0.9655172413793104,nan,nan,nan
simac/simac_Primer_Aliento_18-La_cicatriz_en_la_fabrica_roja/track.npy,simac,3,0.8955223880597014,0.7027027027027027,0.7027027027027027,nan,nan,nan
simac/simac_R.A.F.I_10-Loot/track.npy,simac,3,1.0,1.0,1.0,nan,nan,nan
simac/simac_R.A.F.I_11-Dub_Mentality/track.npy,simac,3,1.0,1.0,1.0,nan,nan,nan
simac/simac_Samba_na_Madrugada_01-Arvoredo/track.npy,simac,3,0.6666666666666666,0.0,0.9761904761904762,nan,nan,nan
simac/simac_Samba_na_Madrugada_02-Maioria_sem_Nenhum/track.npy,simac,3,0.45000000000000007,0.017241379310344827,0.15517241379310345,nan,nan,nan
simac/simac_Selling_England_By_The_Pound_02-I_Know_What_I_Like_In_Your_Wardrobe_/track.npy,simac,3,0.8571428571428571,1.0,1.0,nan,nan,nan
simac/simac_Songs_Alfredo_-_Ahora_somos_felices/track.npy,simac,3,1.0,1.0,1.0,nan,nan,nan
simac/simac_Tales_Of_Mystery_And_Imagination_04-The_Cask_Of_Amontillado/track.npy,simac,3,0.35897435897435903,0.0,0.0,nan,nan,nan
simac/simac_Tanto_Tempo_04-Sem_Contencao/track.npy,simac,3,0.6588235294117647,0.0,1.0,nan,nan,nan
simac/simac_Tanto_Tempo_10-Samba_e_Amor/track.npy,simac,3,0.6190476190476191,0.0,0.8928571428571429,nan,nan,nan
simac/simac_The_Crackdown_01-24-24/track.npy,simac,3,0.9811320754716981,0.9629629629629629,0.9629629629629629,nan,nan,nan
simac/simac_The_Crackdown_06-Just_Fascination/track.npy,simac,3,1.0,1.0,1.0,nan,nan,nan
simac/simac_The_Crackdown_13-Moscow/track.npy,simac,3,0.6511627906976745,0.0,0.9310344827586207,nan,nan,nan
simac/simac_VOL.3_Musiques_pour_guitare_et_violoncelle_03-3._Berceuse_(Lento_molto)/track.npy,simac,3,1.0,1.0,1.0,nan,nan,nan
simac/simac_VOL.3_Musiques_pour_guitare_et_violoncelle_07-H._Villa-lobos_Bachianas_Brasileiras_No.5_(Aria)/track.npy,simac,3,0.9090909090909091,0.6666666666666666,0.6666666666666666,nan,nan,nan
simac/simac_Xatzidakis_06-AudioTrack_06/track.npy,simac,3,0.5714285714285713,0.2,0.2,nan,nan,nan
simac/simac_Xatzidakis_09-AudioTrack_09/track.npy,simac,3,0.9444444444444444,1.0,1.0,nan,nan,nan
simac/simac_blues_roots_tensions/track.npy,simac,3,0.6428571428571429,0.0,0.8035714285714286,nan,nan,nan
simac/simac_greek_07_Pikrodafni/track.npy,simac,3,1.0,1.0,1.0,nan,nan,nan
simac/simac_more_greek_05_Odysseas/track.npy,simac,3,0.830188679245283,0.8888888888888888,0.8888888888888888,nan,nan,nan
simac/simac_more_greek_Anagnwstopoulos_-_Hr8a_ki_apopse_sta_skalopatia_sou/track.npy,simac,3,0.5666666666666667,0.07142857142857142,0.07142857142857142,nan,nan,nan
simac/simac_more_greek_Gkoles_-_O_pasatempos/track.npy,simac,3,0.6666666666666666,0.0,0.9761904761904762,nan,nan,nan
simac/simac_more_greek_Glykeria_-_Den_les_kouventa/track.npy,simac,3,0.6363636363636364,0.0,1.0,nan,nan,nan
simac/simac_more_greek_Kazantzidis_-_Oti_agapaw_egw_pe8ainei/track.npy,simac,3,0.653061224489796,0.0,0.9393939393939394,nan,nan,nan
simac/simac_more_greek_Mosxoliou_Gkika_-_Den_klaiw_gia_twra/track.npy,simac,3,0.46428571428571436,0.0,0.0,nan,nan,nan
simac/simac_more_greek_Mpellou_-_Antilaloune_ta_vouna/track.npy,simac,3,0.6666666666666666,0.0,0.96875,nan,nan,nan
simac/simac_more_greek_Mpellou_-_Min_klais/track.npy,simac,3,0.5185185185185185,0.0,0.9444444444444444,nan,nan,nan
simac/simac_more_greek_Mpi8ikwtsis_-_Aspri_mera/track.npy,simac,3,0.975609756097561,0.9523809523809523,0.9523809523809523,nan,nan,nan
simac/simac_more_greek_Mpi8ikwtsis_-_Mana_mou_kai_Panagia/track.npy,simac,3,0.6222222222222223,0.0,0.9666666666666667,nan,nan,nan
simac/simac_more_greek_Poulopoulos_-_Kamaroula_mia_stalia/track.npy,simac,3,0.6521739130434783,0.0,0.9354838709677419,nan,nan,nan
simac/simac_more_greek_Smokovitis_-_Mi_mou_8ymwneis_matia_mou/track.npy,simac,3,0.6666666666666667,0.21739130434782608,0.64,nan,nan,nan
simac/simac_selected_ambient_works_8592_pulsewidth/track.npy,simac,3,0.6666666666666666,0.0,0.9666666666666667,nan,nan,nan
smc/smc_017/track.npy,smc,3,0.8809523809523809,0.9523809523809523,0.9523809523809523,nan,nan,nan
smc/smc_033/track.npy,smc,3,0.7027027027027026,0.7068965517241379,0.7068965517241379,nan,nan,nan
smc/smc_038/track.npy,smc,3,0.7733333333333334,0.8205128205128205,0.8205128205128205,nan,nan,nan
smc/smc_056/track.npy,smc,3,0.3205128205128205,0.10309278350515463,0.1452991452991453,nan,nan,nan
smc/smc_059/track.npy,smc,3,0.375,0.0,0.0,nan,nan,nan
smc/smc_060/track.npy,smc,3,0.5974025974025975,0.6097560975609756,0.6097560975609756,nan,nan,nan
smc/smc_073/track.npy,smc,3,0.888888888888889,0.9512195121951219,0.9512195121951219,nan,nan,nan
smc/smc_075/track.npy,smc,3,0.6067415730337079,0.6808510638297872,0.6808510638297872,nan,nan,nan
smc/smc_095/track.npy,smc,3,0.8387096774193549,0.8723404255319149,0.8723404255319149,nan,nan,nan
smc/smc_098/track.npy,smc,3,0.7014925373134329,0.2235294117647059,0.4639175257731959,nan,nan,nan
smc/smc_114/track.npy,smc,3,0.5970149253731344,0.4473684210526316,0.4473684210526316,nan,nan,nan
smc/smc_121/track.npy,smc,3,0.32,0.3333333333333333,0.38461538461538464,nan,nan,nan
smc/smc_124/track.npy,smc,3,0.49350649350649345,0.9230769230769231,0.9230769230769231,nan,nan,nan
smc/smc_137/track.npy,smc,3,0.8414634146341463,0.6853932584269663,0.6853932584269663,nan,nan,nan
smc/smc_139/track.npy,smc,3,0.5070422535211269,0.041666666666666664,0.8125,nan,nan,nan
smc/smc_140/track.npy,smc,3,0.6324786324786326,0.65,0.65,nan,nan,nan
smc/smc_147/track.npy,smc,3,0.7050359712230215,0.38271604938271603,0.38271604938271603,nan,nan,nan
smc/smc_166/track.npy,smc,3,0.8478260869565218,1.0,1.0,nan,nan,nan
smc/smc_172/track.npy,smc,3,0.5,0.18055555555555555,0.18055555555555555,nan,nan,nan
smc/smc_206/track.npy,smc,3,0.64,0.5121951219512195,0.5121951219512195,nan,nan,nan
smc/smc_207/track.npy,smc,3,0.9552238805970149,1.0,1.0,nan,nan,nan
smc/smc_214/track.npy,smc,3,0.4489795918367347,0.6,0.6,nan,nan,nan
smc/smc_225/track.npy,smc,3,0.411214953271028,0.0,0.0,nan,nan,nan
smc/smc_254/track.npy,smc,3,0.18604651162790697,0.017543859649122806,0.27586206896551724,nan,nan,nan
smc/smc_258/track.npy,smc,3,0.3733333333333333,0.04081632653061224,0.1650485436893204,nan,nan,nan
smc/smc_263/track.npy,smc,3,0.7213114754098361,0.75,0.75,nan,nan,nan
smc/smc_273/track.npy,smc,3,1.0,1.0,1.0,nan,nan,nan
tapcorrect/008_youtube_bg7RjxsghNY/track.npy,tapcorrect,3,0.9951845906902087,0.9967948717948718,0.9967948717948718,0.8764044943820225,0.56,0.56
tapcorrect/014_youtube_53FGAgfYVsw/track.npy,tapcorrect,3,0.6731391585760518,0.39825581395348836,0.39825581395348836,0.513888888888889,0.7105263157894737,0.7105263157894737
tapcorrect/017_youtube_S6Nt1ssPLBA/track.npy,tapcorrect,3,0.9985185185185186,0.9970414201183432,0.9970414201183432,0.8527918781725888,0.48672566371681414,0.48672566371681414
tapcorrect/020_youtube_0WrjMeHsfgM/track.npy,tapcorrect,3,0.9866156787762905,0.979047619047619,0.979047619047619,0.9885057471264368,0.9923664122137404,0.9923664122137404
tapcorrect/027_youtube_iYYRH4apXDo/track.npy,tapcorrect,3,0.6545801526717557,0.08794326241134752,0.6921985815602837,0.6311475409836066,0.10759493670886076,0.6900584795321637
tapcorrect/029_youtube_41TNDPn9x2Y/track.npy,tapcorrect,3,0.8611544461778471,0.7529411764705882,0.7529411764705882,0.8717948717948718,0.8625,0.8625
tapcorrect/036_youtube__-xZYhm6QgQ/track.npy,tapcorrect,3,0.6690909090909091,0.00546448087431694,0.989100817438692,0.6762589928057554,0.010869565217391304,0.978494623655914
tapcorrect/045_youtube_SYUgGs9IStY/track.npy,tapcorrect,3,0.7736486486486487,0.26170798898071623,0.5864332603938731,0.5866666666666666,0.13541666666666666,0.5046728971962616
tapcorrect/051_youtube_InYVlCCEqFc/track.npy,tapcorrect,3,0.9978070175438597,1.0,1.0,1.0,1.0,1.0
tapcorrect/064_youtube_Xlv1tm2h7pY/track.npy,tapcorrect,3,0.9843749999999999,0.9384615384615385,0.9384615384615385,0.9620253164556963,0.8658536585365854,0.8658536585365854
tapcorrect/075_youtube_p_6F5K_xP6Q/track.npy,tapcorrect,3,0.9712389380530974,0.9520697167755992,0.9520697167755992,0.9691629955947136,0.9391304347826087,0.9391304347826087
tapcorrect/083_youtube_HfUoCF3dmbU/track.npy,tapcorrect,3,0.9951690821256038,0.9903846153846154,0.9903846153846154,0.8440366972477065,0.7272727272727273,0.7272727272727273
tapcorrect/096_youtube_XAYhNHhxN0A/track.npy,tapcorrect,3,0.946875,0.8501529051987767,0.8501529051987767,0.923076923076923,0.8860759493670886,0.8860759493670886
asap/Bach_Fugue_bwv_846_Shi05M/track.npy,asap,4,0.8699551569506727,0.6611570247933884,0.6611570247933884,0.47058823529411764,0.0,0.6333333333333333
asap/Bach_Fugue_bwv_848_Denisova06M/track.npy,asap,4,0.9785202863961813,0.9714285714285714,0.9714285714285714,0.6119402985074627,0.15853658536585366,0.5339805825242718
asap/Bach_Fugue_bwv_848_Lee01M/track.npy,asap,4,0.9952380952380953,0.9904761904761905,0.9904761904761905,0.6349206349206349,0.25675675675675674,0.4077669902912621
asap/Bach_Fugue_bwv_848_LeeSH01M/track.npy,asap,4,0.9485981308411214,0.8847926267281107,0.8847926267281107,0.6172839506172839,0.0,0.8532110091743119
asap/Bach_Fugue_bwv_848_Lin04M/track.npy,asap,4,0.9833729216152018,0.9528301886792453,0.9528301886792453,0.5563909774436091,0.14814814814814814,0.4854368932038835
asap/Bach_Fugue_bwv_848_Lou01M/track.npy,asap,4,0.9617224880382775,0.9569377990430622,0.9569377990430622,0.6341463414634145,0.29577464788732394,0.34951456310679613
asap/Bach_Fugue_bwv_848_MiyashitaM01M/track.npy,asap,4,0.9786223277909738,0.9620853080568721,0.9620853080568721,0.7123287671232876,0.11702127659574468,0.7961165048543689
asap/Bach_Fugue_bwv_848_Mizumoto03M/track.npy,asap,4,0.9523809523809523,0.9238095238095239,0.9238095238095239,0.6758620689655173,0.11827956989247312,0.7281553398058253
asap/Bach_Fugue_bwv_848_SunY01M/track.npy,asap,4,0.9256594724220624,0.9138755980861244,0.9138755980861244,0.6714285714285714,0.17045454545454544,0.6213592233009708
asap/Bach_Fugue_bwv_848_Zhou01M/track.npy,asap,4,0.9712918660287081,0.9428571428571428,0.9428571428571428,0.7538461538461538,0.3076923076923077,0.4854368932038835
asap/Bach_Fugue_bwv_858_VuV01M/track.npy,asap,4,0.9588014981273408,0.9259259259259259,0.9259259259259259,0.6060606060606061,0.0,0.8484848484848485
asap/Bach_Fugue_bwv_858_Zhang01M/track.npy,asap,4,0.966789667896679,0.8714285714285714,0.8714285714285714,0.5858585858585859,0.0,0.8181818181818182
asap/Bach_Fugue_bwv_887_LiYZ01M/track.npy,asap,4,0.6036036036036037,0.10378912685337727,0.10378912685337727,0.4493150684931506,0.10714285714285714,0.3487544483985765
asap/Bach_Prelude_bwv_858_VuV01M/track.npy,asap,4,0.8097560975609756,0.5221238938053098,0.5221238938053098,0.5833333333333334,0.20454545454545456,0.43636363636363634
asap/Bach_Prelude_bwv_858_Zhang01M/track.npy,asap,4,0.9356223175965666,0.85,0.85,0.6136363636363636,0.0,0.85
asap/Bach_Prelude_bwv_870_ChenW01M/track.npy,asap,4,0.9923076923076923,0.9618320610687023,0.9618320610687023,0.6391752577319588,0.0,0.9384615384615385
asap/Bach_Prelude_bwv_870_LeeE01M/track.npy,asap,4,1.0,1.0,1.0,0.673469387755102,0.0,1.0
asap/Bach_Prelude_bwv_870_MaximovI01M/track.npy,asap,4,0.9809885931558935,0.9253731343283582,0.9253731343283582,0.653061224489796,0.0,0.9692307692307692
asap/Bach_Prelude_bwv_876_SirajA01M/track.npy,asap,4,0.9423076923076924,0.9052132701421801,0.9052132701421801,0.6802721088435374,0.46835443037974683,0.46835443037974683
asap/Bach_Prelude_bwv_876_Song01M/track.npy,asap,4,0.9686746987951806,0.9333333333333333,0.9333333333333333,0.7297297297297296,0.5125,0.5125
asap/Bach_Prelude_bwv_888_ZhaoK01M/track.npy,asap,4,0.9682539682539683,0.9523809523809523,0.9523809523809523,0.6593406593406593,0.05,0.8688524590163934
asap/Bach_Prelude_bwv_889_Giesbrecht01M/track.npy,asap,4,0.858267716535433,0.6846153846153846,0.6846153846153846,0.30434782608695654,0.01639344262295082,0.3114754098360656
asap/Bach_Prelude_bwv_889_LiuY01M/track.npy,asap,4,0.4676258992805755,0.2077922077922078,0.2987012987012987,0.20370370370370372,0.0,0.18181818181818182
asap/Bach_Prelude_bwv_889_MunA01M/track.npy,asap,4,0.8347107438016529,0.7580645161290323,0.7580645161290323,0.5333333333333334,0.0,0.7049180327868853
asap/Bach_Prelude_bwv_889_Wang01M/track.npy,asap,4,0.6980392156862745,0.46564885496183206,0.46564885496183206,0.3157894736842105,0.0,0.421875
asap/Bach_Prelude_bwv_889_YangY02M/track.npy,asap,4,0.6382978723404256,0.3670886075949367,0.3670886075949367,0.20183486238532108,0.0,0.14102564102564102
asap/Bach_Prelude_bwv_889_ZhangW02M/track.npy,asap,4,0.5510204081632653,0.21637426900584794,0.30612244897959184,0.1574803149606299,0.0,0.08247422680412371
asap/Beethoven_Piano_Sonatas_17-3_KaszoS11M/track.npy,asap,4,0.6100355590675622,0.1845940319222762,0.1845940319222762,0.7103030303030302,0.3783783783783784,0.3783783783783784
asap/Beethoven_Piano_Sonatas_17-3_USHIKI05M/track.npy,asap,4,0.6423123243677238,0.09327846364883402,0.09327846364883402,0.7430555555555557,0.5061728395061729,0.5061728395061729
asap/Beethoven_Piano_Sonatas_21-2_YOO05M/track.npy,asap,4,0.41777777777777786,0.0,0.023529411764705882,0.37362637362637363,0.0,0.3125
asap/Beethoven_Piano_Sonatas_3-2_MiyashitaM04M/track.npy,asap,4,0.4781906300484652,0.030634573304157548,0.23413566739606126,0.47887323943661975,0.03787878787878788,0.5031055900621118
asap/Beethoven_Piano_Sonatas_7-1_Hebert01M/track.npy,asap,4,0.897125567322239,0.7905604719764012,0.7905604719764012,0.6007604562737644,0.17404129793510326,0.41711229946524064
asap/Beethoven_Piano_Sonatas_7-1_Larionova04M/track.npy,asap,4,0.8486692015209125,0.7227138643067846,0.7227138643067846,0.5930018416206261,0.168141592920354,0.5
asap/Beethoven_Piano_Sonatas_7-1_LeeS02M/track.npy,asap,4,0.8577878103837472,0.7699115044247787,0.7699115044247787,0.5686274509803921,0.07964601769911504,0.5029239766081871
asap/Beethoven_Piano_Sonatas_7-1_Wang02M/track.npy,asap,4,0.8433556050482554,0.7326440177252584,0.7326440177252584,0.528957528957529,0.10059171597633136,0.4777777777777778
asap/Beethoven_Piano_Sonatas_7-1_WangY01M/track.npy,asap,4,0.835843373493976,0.7422680412371134,0.7422680412371134,0.5583173996175907,0.09734513274336283,0.5489130434782609
asap/Beethoven_Piano_Sonatas_7-1_ZhangE02M/track.npy,asap,4,0.8689248895434463,0.836764705882353,0.836764705882353,0.5811320754716981,0.10619469026548672,0.4816753926701571
asap/Beethoven_Piano_Sonatas_9-1_Tysman05M/track.npy,asap,4,0.8778821520068317,0.6330708661417322,0.6330708661417322,0.8704318936877078,0.6666666666666666,0.6666666666666666
asap/Chopin_Barcarolle_LeeSH05M/track.npy,asap,4,0.65625,0.3815028901734104,0.3815028901734104,0.34920634920634924,0.0076045627376425855,0.3650190114068441
asap/Chopin_Barcarolle_Na09M/track.npy,asap,4,0.7509960159362551,0.5604395604395604,0.5604395604395604,0.39882697947214074,0.013215859030837005,0.44052863436123346
asap/Chopin_Barcarolle_Ozel10M/track.npy,asap,4,0.6973113616652211,0.43434343434343436,0.43434343434343436,0.42391304347826086,0.019762845849802372,0.45454545454545453
asap/Chopin_Barcarolle_Park10M/track.npy,asap,4,0.6702702702702703,0.4123076923076923,0.4123076923076923,0.3687150837988826,0.00823045267489712,0.41975308641975306
asap/Chopin_Barcarolle_Rozanski07M/track.npy,asap,4,0.6666666666666667,0.45342706502636204,0.45342706502636204,0.4169014084507042,0.0125,0.4583333333333333
asap/Chopin_Scherzos_39_Arciglione13M/track.npy,asap,4,0.5141158989598811,0.014560582423296931,0.04158004158004158,0.4593088071348942,0.028081123244929798,0.26791277258566976
asap/Chopin_Scherzos_39_Bult-ItoS05M/track.npy,asap,4,0.5493716337522442,0.02860114404576183,0.057172557172557176,0.5221052631578947,0.046801872074883,0.4517133956386293
asap/Liszt_Concert_Etude_S145_1_Kleisen06M/track.npy,asap,4,0.6991260923845194,0.48936170212765956,0.48936170212765956,0.3789473684210526,0.09473684210526316,0.3894736842105263
asap/Liszt_Concert_Etude_S145_1_Woo06M/track.npy,asap,4,0.6279329608938549,0.30694980694980695,0.30694980694980695,0.3261538461538462,0.04782608695652174,0.27391304347826084
asap/Mozart_Piano_Sonatas_12-1_MunA03M/track.npy,asap,4,0.9773887673231217,0.9281609195402298,0.9281609195402298,0.9033707865168539,0.8133333333333334,0.8133333333333334
asap/Mozart_Piano_Sonatas_12-1_WuuE02M/track.npy,asap,4,0.975609756097561,0.9631268436578171,0.9631268436578171,0.9427312775330395,0.9213973799126638,0.9213973799126638
asap/Schubert_Impromptu_op.90_D.899_2_Denisova11M/track.npy,asap,4,0.6747330960854092,0.1201923076923077,0.1201923076923077,0.7276688453159043,0.34532374100719426,0.34532374100719426
asap/Schubert_Impromptu_op.90_D.899_2_FaB06M/track.npy,asap,4,0.8333333333333333,0.548502994011976,0.548502994011976,0.7786561264822134,0.5125448028673835,0.5125448028673835
asap/Schubert_Impromptu_op.90_D.899_2_HuNY06M/track.npy,asap,4,0.9128268991282691,0.7610513739545998,0.7610513739545998,0.8952380952380952,0.7455197132616488,0.7455197132616488
asap/Schubert_Impromptu_op.90_D.899_2_KaiRuiR05M/track.npy,asap,4,0.9418886198547216,0.829940119760479,0.829940119760479,0.9108159392789374,0.7706093189964157,0.7706093189964157
asap/Schubert_Impromptu_op.90_D.899_2_Levitsky09M/track.npy,asap,4,0.5681063122923588,0.07065868263473053,0.07065868263473053,0.6758620689655173,0.11469534050179211,0.46153846153846156
asap/Schubert_Impromptu_op.90_D.899_2_Nikiforov09M/track.npy,asap,4,0.77524893314367,0.4179640718562874,0.4179640718562874,0.6478260869565218,0.2616487455197133,0.2616487455197133
asap/Schubert_Piano_Sonatas_664-1_BuiJL06M/track.npy,asap,4,0.8097886540600668,0.4114285714285714,0.4114285714285714,0.8741258741258742,0.6387096774193548,0.6387096774193548
asap/Schubert_Piano_Sonatas_664-1_KabuliL10M/track.npy,asap,4,0.7766323024054982,0.3142857142857143,0.48563218390804597,0.9077490774907749,0.8,0.8
asap/Schubert_Piano_Sonatas_664-1_Mo10M/track.npy,asap,4,0.7605956471935854,0.29333333333333333,0.5,0.7680608365019012,0.5606060606060606,0.5606060606060606
asap/Schumann_Kreisleriana_1_no_first_repeat_JohannsonP02M/track.npy,asap,4,0.7548076923076923,0.49783549783549785,0.49783549783549785,0.3091787439613527,0.2,0.22608695652173913
ballroom/ballroom_Albums-Ballroom_Classics4-10/track.npy,ballroom,4,1.0,1.0,1.0,1.0,1.0,1.0
ballroom/ballroom_Albums-Ballroom_Classics4-12/track.npy,ballroom,4,1.0,1.0,1.0,1.0,1.0,1.0
ballroom/ballroom_Albums-Ballroom_Magic-04/track.npy,ballroom,4,0.9444444444444444,1.0,1.0,1.0,1.0,1.0
ballroom/ballroom_Albums-Cafe_Paradiso-07/track.npy,ballroom,4,1.0,1.0,1.0,1.0,1.0,1.0
ballroom/ballroom_Albums-Cafe_Paradiso-15/track.npy,ballroom,4,0.993006993006993,0.9861111111111112,0.9861111111111112,1.0,1.0,1.0
ballroom/ballroom_Albums-Chrisanne1-06/track.npy,ballroom,4,0.9622641509433962,0.9622641509433962,0.9622641509433962,1.0,1.0,1.0
ballroom/ballroom_Albums-Chrisanne2-02/track.npy,ballroom,4,0.9859154929577464,0.9722222222222222,0.9722222222222222,1.0,1.0,1.0
ballroom/ballroom_Albums-Chrisanne2-07/track.npy,ballroom,4,1.0,1.0,1.0,1.0,1.0,1.0
ballroom/ballroom_Albums-Chrisanne3-14/track.npy,ballroom,4,1.0,0.9642857142857143,0.9642857142857143,1.0,1.0,1.0
ballroom/ballroom_Albums-Fire-02/track.npy,ballroom,4,1.0,1.0,1.0,1.0,1.0,1.0
ballroom/ballroom_Albums-Fire-03/track.npy,ballroom,4,1.0,1.0,1.0,1.0,1.0,1.0
ballroom/ballroom_Albums-Fire-07/track.npy,ballroom,4,0.943661971830986,0.8767123287671232,0.8767123287671232,0.9714285714285714,0.9444444444444444,0.9444444444444444
ballroom/ballroom_Albums-Fire-10/track.npy,ballroom,4,0.9879518072289156,0.9761904761904762,0.9761904761904762,1.0,1.0,1.0
ballroom/ballroom_Albums-GloriaEstefan_MiTierra-04/track.npy,ballroom,4,0.98,1.0,1.0,1.0,1.0,1.0
ballroom/ballroom_Albums-GloriaEstefan_MiTierra-06/track.npy,ballroom,4,1.0,1.0,1.0,1.0,1.0,1.0
ballroom/ballroom_Albums-Latin_Jam-12/track.npy,ballroom,4,1.0,1.0,1.0,1.0,1.0,1.0
ballroom/ballroom_Albums-Latin_Jam2-06/track.npy,ballroom,4,0.9906542056074767,0.9814814814814815,0.9814814814814815,0.962962962962963,0.9285714285714286,0.9285714285714286
ballroom/ballroom_Albums-Latin_Jam2-12/track.npy,ballroom,4,1.0,1.0,1.0,1.0,1.0,1.0
ballroom/ballroom_Albums-Latin_Jam3-05/track.npy,ballroom,4,1.0,1.0,1.0,1.0,1.0,1.0
ballroom/ballroom_Albums-Latin_Jam4-01/track.npy,ballroom,4,0.9902912621359222,0.9807692307692307,0.9807692307692307,0.9600000000000001,0.9230769230769231,0.9230769230769231
ballroom/ballroom_Albums-Latin_Jam4-08/track.npy,ballroom,4,0.9885057471264368,0.9772727272727273,0.9772727272727273,1.0,1.0,1.0
ballroom/ballroom_Albums-Macumba-03/track.npy,ballroom,4,1.0,1.0,1.0,1.0,1.0,1.0
ballroom/ballroom_Albums-Macumba-16/track.npy,ballroom,4,1.0,1.0,1.0,1.0,1.0,1.0
ballroom/ballroom_Albums-Pais_Tropical-12/track.npy,ballroom,4,1.0,1.0,1.0,1.0,1.0,1.0
ballroom/ballroom_Albums-Pais_Tropical-14/track.npy,ballroom,4,0.9929078014184397,0.9859154929577465,0.9859154929577465,0.9714285714285714,0.9444444444444444,0.9444444444444444
ballroom/ballroom_Albums-Secret_Garden-05/track.npy,ballroom,4,0.8524590163934426,0.9032258064516129,0.9032258064516129,0.9,1.0,1.0
ballroom/ballroom_Albums-Step_By_Step-03/track.npy,ballroom,4,1.0,1.0,1.0,1.0,1.0,1.0
ballroom/ballroom_Albums-Step_By_Step-06/track.npy,ballroom,4,1.0,1.0,1.0,1.0,1.0,1.0
ballroom/ballroom_Albums-Step_By_Step-18/track.npy,ballroom,4,0.9941520467836257,0.9883720930232558,0.9883720930232558,1.0,1.0,1.0
ballroom/ballroom_Albums-StrictlyDancing_Tango-15/track.npy,ballroom,4,0.9908256880733944,0.9818181818181818,0.9818181818181818,0.962962962962963,0.9285714285714286,0.9285714285714286
ballroom/ballroom_Media-100601/track.npy,ballroom,4,0.9863013698630138,0.972972972972973,0.972972972972973,1.0,1.0,1.0
ballroom/ballroom_Media-100610/track.npy,ballroom,4,1.0,1.0,1.0,1.0,1.0,1.0
ballroom/ballroom_Media-103306/track.npy,ballroom,4,0.9906542056074767,0.9814814814814815,0.9814814814814815,1.0,1.0,1.0
ballroom/ballroom_Media-103401/track.npy,ballroom,4,1.0,1.0,1.0,1.0,1.0,1.0
ballroom/ballroom_Media-103406/track.npy,ballroom,4,0.9902912621359222,0.9807692307692307,0.9807692307692307,0.9600000000000001,0.9230769230769231,0.9230769230769231
ballroom/ballroom_Media-103409/track.npy,ballroom,4,1.0,1.0,1.0,1.0,1.0,1.0
ballroom/ballroom_Media-103410/track.npy,ballroom,4,1.0,1.0,1.0,1.0,1.0,1.0
ballroom/ballroom_Media-103514/track.npy,ballroom,4,1.0,1.0,1.0,1.0,1.0,1.0
ballroom/ballroom_Media-103606/track.npy,ballroom,4,0.9600000000000001,0.8717948717948718,0.8717948717948718,0.888888888888889,0.6,0.6
ballroom/ballroom_Media-103613/track.npy,ballroom,4,0.993103448275862,0.9863013698630136,0.9863013698630136,1.0,1.0,1.0
ballroom/ballroom_Media-103703/track.npy,ballroom,4,1.0,1.0,1.0,1.0,1.0,1.0
ballroom/ballroom_Media-103715/track.npy,ballroom,4,0.6744186046511628,0.0,1.0,0.6363636363636364,0.0,0.8666666666666667
ballroom/ballroom_Media-103718/track.npy,ballroom,4,0.9904761904761905,0.9811320754716981,0.9811320754716981,1.0,1.0,1.0
ballroom/ballroom_Media-103804/track.npy,ballroom,4,0.9896907216494846,0.9795918367346939,0.9795918367346939,1.0,1.0,1.0
ballroom/ballroom_Media-103808/track.npy,ballroom,4,1.0,1.0,1.0,1.0,1.0,1.0
ballroom/ballroom_Media-103811/track.npy,ballroom,4,1.0,1.0,1.0,1.0,1.0,1.0
ballroom/ballroom_Media-103818/track.npy,ballroom,4,1.0,1.0,1.0,1.0,1.0,1.0
ballroom/ballroom_Media-103907/track.npy,ballroom,4,1.0,1.0,1.0,1.0,1.0,1.0
ballroom/ballroom_Media-104103/track.npy,ballroom,4,1.0,1.0,1.0,1.0,1.0,1.0
ballroom/ballroom_Media-104105/track.npy,ballroom,4,1.0,1.0,1.0,0.0,0.0,0.0
ballroom/ballroom_Media-104204/track.npy,ballroom,4,0.9863013698630138,0.972972972972973,0.972972972972973,1.0,1.0,1.0
ballroom/ballroom_Media-104207/track.npy,ballroom,4,0.9906542056074767,0.9814814814814815,0.9814814814814815,0.962962962962963,0.9285714285714286,0.9285714285714286
ballroom/ballroom_Media-104403/track.npy,ballroom,4,0.972972972972973,0.9473684210526315,0.9473684210526315,0.9600000000000001,0.9230769230769231,0.9230769230769231
ballroom/ballroom_Media-104406/track.npy,ballroom,4,0.9934640522875817,0.987012987012987,0.987012987012987,1.0,1.0,1.0
ballroom/ballroom_Media-104415/track.npy,ballroom,4,0.9767441860465116,0.9767441860465116,0.9767441860465116,0.975609756097561,0.9523809523809523,0.9523809523809523
ballroom/ballroom_Media-104508/track.npy,ballroom,4,0.9932885906040269,0.9866666666666667,0.9866666666666667,1.0,1.0,1.0
ballroom/ballroom_Media-104604/track.npy,ballroom,4,1.0,1.0,1.0,1.0,1.0,1.0
ballroom/ballroom_Media-104606/track.npy,ballroom,4,0.9908256880733944,0.9818181818181818,0.9818181818181818,1.0,1.0,1.0
ballroom/ballroom_Media-104607/track.npy,ballroom,4,1.0,1.0,1.0,1.0,1.0,1.0
ballroom/ballroom_Media-104617/track.npy,ballroom,4,1.0,0.9883720930232558,0.9883720930232558,1.0,1.0,1.0
ballroom/ballroom_Media-104704/track.npy,ballroom,4,0.7761194029850745,0.8529411764705882,0.8529411764705882,0.9090909090909091,1.0,1.0
ballroom/ballroom_Media-104717/track.npy,ballroom,4,0.9942196531791908,0.9770114942528736,0.9770114942528736,0.9767441860465117,0.9545454545454546,0.9545454545454546
ballroom/ballroom_Media-104803/track.npy,ballroom,4,1.0,1.0,1.0,1.0,1.0,1.0
ballroom/ballroom_Media-104804/track.npy,ballroom,4,1.0,1.0,1.0,1.0,1.0,1.0
ballroom/ballroom_Media-104808/track.npy,ballroom,4,0.9909909909909909,0.9821428571428571,0.9821428571428571,1.0,1.0,1.0
ballroom/ballroom_Media-104810/track.npy,ballroom,4,1.0,1.0,1.0,1.0,1.0,1.0
ballroom/ballroom_Media-104816/track.npy,ballroom,4,0.9192546583850931,0.8505747126436781,0.8505747126436781,0.9268292682926829,0.8636363636363636,0.8636363636363636
ballroom/ballroom_Media-104907/track.npy,ballroom,4,0.8571428571428572,0.7115384615384616,0.7115384615384616,0.8181818181818181,0.5384615384615384,0.5384615384615384
ballroom/ballroom_Media-105004/track.npy,ballroom,4,0.7647058823529412,0.9411764705882353,0.9411764705882353,0.6956521739130435,0.9166666666666666,0.9166666666666666
ballroom/ballroom_Media-105101/track.npy,ballroom,4,0.732394366197183,0.75,0.75,0.6956521739130435,0.9166666666666666,0.9166666666666666
ballroom/ballroom_Media-105110/track.npy,ballroom,4,0.951048951048951,0.9166666666666666,0.9166666666666666,0.9583333333333334,1.0,1.0
ballroom/ballroom_Media-105207/track.npy,ballroom,4,0.8053691275167786,0.34831460674157305,0.48333333333333334,0.7428571428571429,0.18181818181818182,0.6923076923076923
ballroom/ballroom_Media-105305/track.npy,ballroom,4,0.9811320754716981,0.9629629629629629,0.9629629629629629,0.962962962962963,0.9285714285714286,0.9285714285714286
ballroom/ballroom_Media-105316/track.npy,ballroom,4,0.9855072463768115,0.9714285714285714,0.9714285714285714,0.9565217391304348,0.9166666666666666,0.9166666666666666
ballroom/ballroom_Media-105406/track.npy,ballroom,4,0.9902912621359222,0.9807692307692307,0.9807692307692307,1.0,1.0,1.0
ballroom/ballroom_Media-105601/track.npy,ballroom,4,0.9902912621359222,0.9807692307692307,0.9807692307692307,1.0,1.0,1.0
ballroom/ballroom_Media-105609/track.npy,ballroom,4,1.0,1.0,1.0,1.0,1.0,1.0
ballroom/ballroom_Media-105820/track.npy,ballroom,4,0.9882352941176471,0.9882352941176471,0.9882352941176471,1.0,1.0,1.0
ballroom/ballroom_Media-105905/track.npy,ballroom,4,1.0,1.0,1.0,1.0,1.0,1.0
ballroom/ballroom_Media-105913/track.npy,ballroom,4,0.9941520467836257,0.9883720930232558,0.9883720930232558,0.5,0.0,0.6829268292682927
ballroom/ballroom_Media-105914/track.npy,ballroom,4,0.9938650306748467,0.9878048780487805,0.9878048780487805,1.0,1.0,1.0
ballroom/ballroom_Media-106002/track.npy,ballroom,4,0.9767441860465117,0.9545454545454546,0.9545454545454546,1.0,1.0,1.0
ballroom/ballroom_Media-106004/track.npy,ballroom,4,0.9772727272727273,0.9555555555555556,0.9555555555555556,1.0,1.0,1.0
ballroom/ballroom_Media-106110/track.npy,ballroom,4,0.975609756097561,0.9523809523809523,0.9523809523809523,0.9523809523809523,0.9090909090909091,0.9090909090909091
ballroom/ballroom_Media-106113/track.npy,ballroom,4,0.8831168831168831,0.7906976744186046,0.7906976744186046,0.9473684210526316,0.9,0.9
ballroom/ballroom_Media-106119/track.npy,ballroom,4,0.9722222222222222,0.9459459459459459,0.9459459459459459,1.0,1.0,1.0
beatles/beatles_01_Please_Please_Me_13_Theres_A_Place/track.npy,beatles,4,0.9979381443298969,0.9958847736625515,0.9958847736625515,0.9917355371900827,0.9836065573770492,0.9836065573770492
beatles/beatles_02_With_the_Beatles_03_All_My_Loving/track.npy,beatles,4,0.9774193548387097,0.9424920127795527,0.9424920127795527,0.961038961038961,0.974025974025974,0.974025974025974
beatles/beatles_02_With_the_Beatles_04_Dont_Bother_Me/track.npy,beatles,4,0.6655462184873949,0.0,0.9949748743718593,0.9,0.6262626262626263,0.6262626262626263
beatles/beatles_03_A_Hard_Days_Night_09_Ill_Cry_Instead/track.npy,beatles,4,0.9935897435897436,0.9808917197452229,0.9808917197452229,1.0,1.0,1.0
beatles/beatles_03_A_Hard_Days_Night_10_Things_We_Said_Today/track.npy,beatles,4,0.9970501474926253,0.9941176470588236,0.9941176470588236,1.0,1.0,1.0
beatles/beatles_04_Beatles_for_Sale_05_Ill_Follow_the_Sun/track.npy,beatles,4,0.9954545454545455,1.0,1.0,0.9818181818181818,1.0,1.0
beatles/beatles_05_Help_03_Youve_Got_To_Hide_Your_Love_Away/track.npy,beatles,4,0.9876880984952121,0.9590163934426229,0.9590163934426229,0.9918032786885246,1.0,1.0
beatles/beatles_05_Help_07_Ticket_To_Ride/track.npy,beatles,4,0.9946380697050938,0.9893333333333333,0.9893333333333333,0.9946524064171123,0.9893617021276596,0.9893617021276596
beatles/beatles_06_Rubber_Soul_06_The_Word/track.npy,beatles,4,0.9555555555555556,0.9337539432176656,0.9337539432176656,0.9559748427672956,0.9875,0.9875
beatles/beatles_06_Rubber_Soul_09_Girl/track.npy,beatles,4,0.9868995633187774,0.9741379310344828,0.9741379310344828,0.9913043478260869,0.9827586206896551,0.9827586206896551
beatles/beatles_07_Revolver_10_For_No_One/track.npy,beatles,4,0.6636971046770602,0.0,0.9867549668874173,0.6548672566371682,0.0,0.9736842105263158
beatles/beatles_07_Revolver_14_Tomorrow_Never_Knows/track.npy,beatles,4,0.9915730337078652,0.9832869080779945,0.9832869080779945,0.9887640449438202,0.9777777777777777,0.9777777777777777
beatles/beatles_08_Sgt_Peppers_Lonely_Hearts_Club_Band_06_Shes_Leaving_Home/track.npy,beatles,4,0.9049881235154394,0.8528735632183908,0.8528735632183908,0.758364312267658,0.6344827586206897,0.6344827586206897
beatles/beatles_09_Magical_Mystery_Tour_02_The_Fool_On_The_Hill/track.npy,beatles,4,0.961352657004831,1.0,1.0,0.9615384615384616,1.0,1.0
beatles/beatles_09_Magical_Mystery_Tour_11_All_You_Need_Is_Love/track.npy,beatles,4,0.9881422924901185,0.9765625,0.9765625,0.5170731707317073,0.17054263565891473,0.33112582781456956
beatles/beatles_10_CD1_The_Beatles_04_Ob-La-Di_Ob-La-Da/track.npy,beatles,4,0.9955817378497791,0.9912023460410557,0.9912023460410557,0.9940828402366864,0.9882352941176471,0.9882352941176471
beatles/beatles_10_CD1_The_Beatles_06_The_Continuing_Story_of_Bungalow_Bill/track.npy,beatles,4,0.9584775086505192,0.918918918918919,0.918918918918919,0.6504854368932039,0.10077519379844961,0.6601307189542484
beatles/beatles_10_CD2_The_Beatles_03_Mother_Natures_Son/track.npy,beatles,4,0.9932279909706546,0.9775784753363229,0.9775784753363229,0.990990990990991,0.9819819819819819,0.9819819819819819
beatles/beatles_11_Abbey_Road_01_Come_Together/track.npy,beatles,4,0.8904109589041096,0.7390180878552972,0.7390180878552972,0.8268156424581005,0.7956989247311828,0.7956989247311828
beatles/beatles_11_Abbey_Road_11_Mean_Mr_Mustard/track.npy,beatles,4,1.0,1.0,1.0,0.9230769230769231,0.8846153846153846,0.8846153846153846
beatles/beatles_11_Abbey_Road_17_Her_Majesty/track.npy,beatles,4,1.0,1.0,1.0,1.0,1.0,1.0
beatles/beatles_12_Let_It_Be_03_Across_the_Universe/track.npy,beatles,4,0.6901408450704224,0.06148282097649186,0.8695652173913043,0.7123287671232876,0.15217391304347827,0.4074074074074074
candombe/csic.1995_ansina1_02/track.npy,candombe,4,1.0,1.0,1.0,1.0,1.0,1.0
candombe/csic.1995_cuareim_03/track.npy,candombe,4,1.0,1.0,1.0,1.0,1.0,1.0
candombe/proyecto.1992_pelado_01/track.npy,candombe,4,1.0,1.0,1.0,1.0,1.0,1.0
candombe/zavala.muniz.2014_54/track.npy,candombe,4,1.0,1.0,1.0,1.0,1.0,1.0
filosax/filosax_01/track.npy,filosax,4,0.9673384294649062,0.8952380952380953,0.8952380952380953,0.981029810298103,0.9621621621621622,0.9621621621621622
filosax/filosax_06/track.npy,filosax,4,0.9914432401597263,0.984144960362401,0.984144960362401,0.9908675799086757,0.9819004524886877,0.9819004524886877
filosax/filosax_12/track.npy,filosax,4,0.9993957703927493,0.998792270531401,0.998792270531401,0.9975786924939467,0.9951690821256038,0.9951690821256038
filosax/filosax_31/track.npy,filosax,4,0.9963606955115245,0.9903069466882067,0.9903069466882067,0.9983792544570502,0.9967637540453075,0.9967637540453075
filosax/filosax_32/track.npy,filosax,4,0.9963689179375453,0.9927431059506531,0.9927431059506531,0.9971014492753623,0.9942196531791907,0.9942196531791907
filosax/filosax_35/track.npy,filosax,4,0.9993808049535603,0.9975247524752475,0.9975247524752475,0.9875930521091811,0.9851485148514851,0.9851485148514851
groove_midi/drummer10_session1_2_jazz-swing_215_beat_4-4/track.npy,groove_midi,4,0.9951060358890701,0.9641693811074918,0.9641693811074918,0.880503144654088,0.7926829268292683,0.7926829268292683
groove_midi/drummer1_eval_session_4_soul-groove4_80_beat_4-4/track.npy,groove_midi,4,1.0,1.0,1.0,1.0,1.0,1.0
groove_midi/drummer1_session1_201_reggae-slow_64_beat_4-4/track.npy,groove_midi,4,0.7378640776699029,0.17435897435897435,0.7004405286343612,0.6363636363636364,0.16666666666666666,0.36666666666666664
groove_midi/drummer1_session1_202_rock-halftime_140_beat_4-4/track.npy,groove_midi,4,0.7295597484276729,0.14653465346534653,0.7448275862068966,0.73,0.14173228346456693,0.7534246575342466
groove_midi/drummer1_session1_47_jazz_102_beat_4-4/track.npy,groove_midi,4,0.9933110367892977,1.0,1.0,1.0,1.0,1.0
groove_midi/drummer1_session1_77_jazz-mediumfast_180_beat_4-4/track.npy,groove_midi,4,0.9650180940892642,0.8578088578088578,0.8578088578088578,0.9313725490196079,0.7962962962962963,0.7962962962962963
groove_midi/drummer1_session2_110_rock-prog_190_beat_4-4/track.npy,groove_midi,4,0.6466512702078522,0.0,0.993103448275862,0.7563025210084033,0.3055555555555556,0.5319148936170213
groove_midi/drummer1_session2_62_punk_144_beat_4-4/track.npy,groove_midi,4,0.9968387776606955,0.9936974789915967,0.9936974789915967,1.0,1.0,1.0
groove_midi/drummer1_session2_9_jazz-march_120_beat_4-4/track.npy,groove_midi,4,0.8395061728395062,0.782258064516129,0.782258064516129,0.784,0.7424242424242424,0.7424242424242424
groove_midi/drummer1_session3_13_rock_115_beat_4-4/track.npy,groove_midi,4,0.999131190269331,0.9982638888888888,0.9982638888888888,1.0,1.0,1.0
groove_midi/drummer1_session3_4_jazz-linear_182_beat_4-4/track.npy,groove_midi,4,0.5810493343774471,0.13875,0.3689727463312369,0.45161290322580644,0.105,0.3262411347517731
groove_midi/drummer1_session3_6_dance-disco_120_beat_4-4/track.npy,groove_midi,4,0.9988700564971752,0.9977426636568849,0.9977426636568849,0.9954751131221719,0.990990990990991,0.990990990990991
groove_midi/drummer3_session1_18_rock_120_beat_4-4/track.npy,groove_midi,4,1.0,1.0,1.0,1.0,1.0,1.0
groove_midi/drummer3_session2_1_rock_100_beat_4-4/track.npy,groove_midi,4,0.9873417721518987,0.975,0.975,0.9473684210526316,0.9,0.9
groove_midi/drummer3_session2_43_rock_110_beat_4-4/track.npy,groove_midi,4,0.9594594594594594,0.922077922077922,0.922077922077922,0.972972972972973,0.9473684210526315,0.9473684210526315
groove_midi/drummer4_session1_3_jazz-klezmer_152_beat_4-4/track.npy,groove_midi,4,0.7471264367816092,0.6483516483516484,0.6483516483516484,0.6666666666666666,0.8636363636363636,0.8636363636363636
groove_midi/drummer5_eval_session_4_soul-groove4_80_beat_4-4/track.npy,groove_midi,4,0.9913043478260869,0.9827586206896551,0.9827586206896551,0.9655172413793104,0.9333333333333333,0.9333333333333333
groove_midi/drummer5_eval_session_8_rock-groove8_65_beat_4-4/track.npy,groove_midi,4,0.9914529914529915,0.9830508474576272,0.9830508474576272,0.9655172413793104,0.9333333333333333,0.9333333333333333
groove_midi/drummer5_session1_10_latin-brazilian-sambareggae_96_beat_4-4/track.npy,groove_midi,4,1.0,1.0,1.0,1.0,1.0,1.0
groove_midi/drummer5_session1_19_middleeastern_126_beat_4-4/track.npy,groove_midi,4,0.695562435500516,0.5654761904761905,0.5654761904761905,0.15447154471544716,0.0,0.6153846153846154
groove_midi/drummer5_session2_11_soul_96_beat_4-4/track.npy,groove_midi,4,0.9975550122249389,0.9951219512195122,0.9951219512195122,0.9902912621359222,0.9807692307692307,0.9807692307692307
groove_midi/drummer5_session2_16_latin-ando_125_beat_3-4/track.npy,groove_midi,4,0.9784615384615385,0.963076923076923,0.963076923076923,0.24742268041237117,0.009259259259259259,0.11214953271028037
groove_midi/drummer5_session2_3_latin-brazilian_101_beat_4-4/track.npy,groove_midi,4,0.9969604863221885,0.9939393939393939,0.9939393939393939,0.8631578947368421,0.5185185185185185,0.5185185185185185
groove_midi/drummer5_session2_8_neworleans-chacha_124_beat_4-4/track.npy,groove_midi,4,0.813627254509018,0.5851851851851851,0.5851851851851851,0.7719298245614035,0.8771929824561403,0.8771929824561403
groove_midi/drummer6_session1_2_rock_70_beat_6-8/track.npy,groove_midi,4,0.8217054263565892,0.7313432835820896,0.7313432835820896,0.43243243243243246,0.0,0.0
groove_midi/drummer6_session2_3_rock_88_beat_4-4/track.npy,groove_midi,4,0.9930313588850175,0.9861111111111112,0.9861111111111112,0.9861111111111112,1.0,1.0
groove_midi/drummer6_session3_1_rock_90_beat_4-4/track.npy,groove_midi,4,1.0,1.0,1.0,0.0,0.0,0.9473684210526315
groove_midi/drummer6_session3_2_rock_100_beat_4-4/track.npy,groove_midi,4,0.9957081545064378,0.9914529914529915,0.9914529914529915,1.0,1.0,1.0
groove_midi/drummer7_session1_12_funk_102_beat_4-4/track.npy,groove_midi,4,0.8690476190476191,0.9285714285714286,0.9285714285714286,0.0,0.0,0.9523809523809523
groove_midi/drummer7_session2_101_pop_142_beat_4-4/track.npy,groove_midi,4,0.988235294117647,0.9651162790697675,0.9651162790697675,0.9767441860465117,0.9545454545454546,0.9545454545454546
groove_midi/drummer7_session2_115_jazz-fusion_96_beat_4-4/track.npy,groove_midi,4,1.0,1.0,1.0,1.0,1.0,1.0
groove_midi/drummer7_session2_33_rock_75_beat_4-4/track.npy,groove_midi,4,0.9152542372881356,0.9666666666666667,0.9666666666666667,0.6363636363636364,0.0,0.8666666666666667
groove_midi/drummer7_session2_72_funk_100_beat_4-4/track.npy,groove_midi,4,0.9970845481049563,0.9941860465116279,0.9941860465116279,0.988235294117647,0.9767441860465116,0.9767441860465116
groove_midi/drummer7_session3_159_soul_98_beat_4-4/track.npy,groove_midi,4,1.0,1.0,1.0,1.0,1.0,1.0
groove_midi/drummer7_session3_46_rock-indie_63_beat_4-4/track.npy,groove_midi,4,1.0,1.0,1.0,1.0,1.0,1.0
groove_midi/drummer7_session3_67_neworleans-funk_93_beat_4-4/track.npy,groove_midi,4,0.9703504043126684,0.9358288770053476,0.9358288770053476,0.8913043478260869,0.9782608695652174,0.9782608695652174
groove_midi/drummer8_eval_session_10_soul-groove10_102_beat_4-4/track.npy,groove_midi,4,1.0,1.0,1.0,1.0,1.0,1.0
groove_midi/drummer8_eval_session_9_soul-groove9_105_beat_4-4/track.npy,groove_midi,4,1.0,1.0,1.0,1.0,1.0,1.0
groove_midi/drummer8_session1_26_afrobeat_94_beat_4-4/track.npy,groove_midi,4,0.6939252336448598,0.06822262118491922,0.8659966499162479,0.6139534883720931,0.0,0.8657718120805369
groove_midi/drummer8_session1_2_funk_95_beat_4-4/track.npy,groove_midi,4,0.9979879275653923,0.9959839357429718,0.9959839357429718,0.9919999999999999,0.9841269841269841,0.9841269841269841
groove_midi/drummer8_session1_7_funk_80_beat_4-4/track.npy,groove_midi,4,0.995049504950495,0.9852216748768473,0.9852216748768473,0.99009900990099,0.9803921568627451,0.9803921568627451
groove_midi/drummer9_session1_13_rock_120_beat_4-4/track.npy,groove_midi,4,1.0,1.0,1.0,1.0,1.0,1.0
guitarset/00_Rock3-148-C_comp_mix/track.npy,guitarset,4,0.8200000000000001,0.7450980392156863,0.7450980392156863,0.6956521739130435,0.5833333333333334,0.5833333333333334
guitarset/00_SS1-68-E_comp_mix/track.npy,guitarset,4,0.9523809523809523,1.0,1.0,1.0,1.0,1.0
guitarset/01_BN2-166-Ab_comp_mix/track.npy,guitarset,4,0.99009900990099,0.9803921568627451,0.9803921568627451,0.9600000000000001,0.9230769230769231,0.9230769230769231
guitarset/01_Funk2-119-G_comp_mix/track.npy,guitarset,4,0.9908256880733944,0.9818181818181818,0.9818181818181818,0.962962962962963,0.9285714285714286,0.9285714285714286
guitarset/01_Jazz1-200-B_comp_mix/track.npy,guitarset,4,0.6382978723404255,0.0,0.9375,0.5454545454545454,0.0,0.75
guitarset/01_Jazz3-150-C_comp_mix/track.npy,guitarset,4,0.9902912621359222,0.9807692307692307,0.9807692307692307,0.9600000000000001,0.9230769230769231,0.9230769230769231
guitarset/02_BN1-147-Gb_comp_mix/track.npy,guitarset,4,0.9714285714285714,0.9428571428571428,0.9428571428571428,0.11764705882352941,0.0,0.0
guitarset/02_Jazz1-200-B_comp_mix/track.npy,guitarset,4,0.6521739130434783,0.0,1.0,0.6,0.0,1.0
guitarset/02_Rock1-90-C#_comp_mix/track.npy,guitarset,4,1.0,1.0,1.0,1.0,1.0,1.0
guitarset/02_Rock2-85-F_comp_mix/track.npy,guitarset,4,1.0,1.0,1.0,1.0,1.0,1.0
guitarset/02_SS1-100-C#_comp_mix/track.npy,guitarset,4,1.0,1.0,1.0,1.0,1.0,1.0
guitarset/02_SS2-107-Ab_comp_mix/track.npy,guitarset,4,0.9909909909909909,0.9821428571428571,0.9821428571428571,0.962962962962963,0.9285714285714286,0.9285714285714286
guitarset/03_BN3-119-G_comp_mix/track.npy,guitarset,4,0.9908256880733944,0.9818181818181818,0.9818181818181818,0.962962962962963,0.9285714285714286,0.9285714285714286
guitarset/03_Rock1-130-A_comp_mix/track.npy,guitarset,4,1.0,1.0,1.0,1.0,1.0,1.0
guitarset/04_Funk1-97-C_comp_mix/track.npy,guitarset,4,0.888888888888889,0.8095238095238095,0.8095238095238095,0.6153846153846153,0.058823529411764705,0.8823529411764706
guitarset/04_Jazz2-187-F#_comp_mix/track.npy,guitarset,4,0.6753246753246753,0.125,0.6551724137931034,0.8695652173913043,0.75,0.75
guitarset/04_Jazz3-150-C_comp_mix/track.npy,guitarset,4,0.9902912621359222,0.9807692307692307,0.9807692307692307,0.9600000000000001,0.9230769230769231,0.9230769230769231
guitarset/04_Rock2-85-F_comp_mix/track.npy,guitarset,4,0.9911504424778761,0.9824561403508771,0.9824561403508771,0.9655172413793104,0.9333333333333333,0.9333333333333333
guitarset/04_SS1-100-C#_comp_mix/track.npy,guitarset,4,1.0,1.0,1.0,1.0,1.0,1.0
guitarset/05_Jazz3-137-Eb_comp_mix/track.npy,guitarset,4,1.0,1.0,1.0,1.0,1.0,1.0
guitarset/05_Rock1-130-A_comp_mix/track.npy,guitarset,4,0.918918918918919,0.918918918918919,0.918918918918919,1.0,1.0,1.0
guitarset/05_SS1-68-E_comp_mix/track.npy,guitarset,4,0.5915492957746479,0.07,0.07,0.5,0.0,0.5789473684210527
hainsworth/hainsworth_002/track.npy,hainsworth,4,0.40384615384615385,0.3490566037735849,0.5660377358490566,0.3137254901960784,0.8846153846153846,0.8846153846153846
hainsworth/hainsworth_019/track.npy,hainsworth,4,1.0,1.0,1.0,1.0,1.0,1.0
hainsworth/hainsworth_035/track.npy,hainsworth,4,0.951923076923077,0.8962264150943396,0.8962264150943396,0.830188679245283,0.7777777777777778,0.7777777777777778
hainsworth/hainsworth_038/track.npy,hainsworth,4,1.0,1.0,1.0,1.0,1.0,1.0
hainsworth/hainsworth_041/track.npy,hainsworth,4,1.0,1.0,1.0,1.0,1.0,1.0
hainsworth/hainsworth_043/track.npy,hainsworth,4,0.982905982905983,0.9491525423728814,0.9491525423728814,1.0,1.0,1.0
hainsworth/hainsworth_045/track.npy,hainsworth,4,1.0,1.0,1.0,1.0,1.0,1.0
hainsworth/hainsworth_051/track.npy,hainsworth,4,1.0,1.0,1.0,1.0,1.0,1.0
hainsworth/hainsworth_053/track.npy,hainsworth,4,1.0,1.0,1.0,0.7272727272727273,0.696969696969697,0.696969696969697
hainsworth/hainsworth_065/track.npy,hainsworth,4,1.0,1.0,1.0,1.0,1.0,1.0
hainsworth/hainsworth_067/track.npy,hainsworth,4,0.9958847736625513,0.9836065573770492,0.9836065573770492,1.0,1.0,1.0
hainsworth/hainsworth_080/track.npy,hainsworth,4,0.9901960784313726,0.9805825242718447,0.9805825242718447,1.0,1.0,1.0
hainsworth/hainsworth_081/track.npy,hainsworth,4,1.0,1.0,1.0,1.0,1.0,1.0
hainsworth/hainsworth_092/track.npy,hainsworth,4,1.0,1.0,1.0,1.0,1.0,1.0
hainsworth/hainsworth_104/track.npy,hainsworth,4,0.997979797979798,0.9758064516129032,0.9758064516129032,1.0,1.0,1.0
hainsworth/hainsworth_139/track.npy,hainsworth,4,0.979591836734694,0.9594594594594594,0.9594594594594594,0.9714285714285714,0.8888888888888888,0.8888888888888888
hainsworth/hainsworth_161/track.npy,hainsworth,4,1.0,1.0,1.0,1.0,1.0,1.0
hainsworth/hainsworth_170/track.npy,hainsworth,4,1.0,1.0,1.0,1.0,1.0,1.0
hainsworth/hainsworth_175/track.npy,hainsworth,4,1.0,1.0,1.0,1.0,1.0,1.0
hainsworth/hainsworth_188/track.npy,hainsworth,4,0.9945945945945946,0.989247311827957,0.989247311827957,0.8070175438596492,0.3235294117647059,0.5111111111111111
hainsworth/hainsworth_194/track.npy,hainsworth,4,0.9732620320855615,0.8958333333333334,0.8958333333333334,0.4067796610169491,0.029411764705882353,0.42857142857142855
hainsworth/hainsworth_215/track.npy,hainsworth,4,1.0,1.0,1.0,1.0,1.0,1.0
hainsworth/hainsworth_216/track.npy,hainsworth,4,1.0,1.0,1.0,1.0,1.0,1.0
hainsworth/hainsworth_218/track.npy,hainsworth,4,0.8805031446540881,0.8117647058823529,0.8117647058823529,0.2857142857142857,0.0,0.11428571428571428
hainsworth/hainsworth_219/track.npy,hainsworth,4,0.9770114942528736,1.0,1.0,0.20689655172413793,0.2222222222222222,0.2222222222222222
hainsworth/hainsworth_224/track.npy,hainsworth,4,1.0,1.0,1.0,1.0,1.0,1.0
hainsworth/hainsworth_235/track.npy,hainsworth,4,1.0,1.0,1.0,1.0,1.0,1.0
hainsworth/hainsworth_245/track.npy,hainsworth,4,0.6756756756756755,0.12371134020618557,0.6666666666666666,0.7346938775510204,0.56,0.56
harmonix/0001_12step/track.npy,harmonix,4,1.0,1.0,1.0,1.0,1.0,1.0
harmonix/0022_betteroffalone/track.npy,harmonix,4,0.9492900608519271,0.8582677165354331,0.8582677165354331,0.9121338912133891,0.9333333333333333,0.9333333333333333
harmonix/0024_billionaire/track.npy,harmonix,4,0.9777777777777777,0.9693877551020408,0.9693877551020408,0.972972972972973,0.972972972972973,0.972972972972973
harmonix/0048_chingaling/track.npy,harmonix,4,0.9649415692821369,0.932258064516129,0.932258064516129,0.9668874172185431,0.9358974358974359,0.9358974358974359
harmonix/0056_control/track.npy,harmonix,4,0.887189292543021,0.7972508591065293,0.7972508591065293,0.8854961832061068,0.7945205479452054,0.7945205479452054
harmonix/0057_crankthat/track.npy,harmonix,4,0.6681715575620767,0.0,1.0,0.6666666666666666,0.0,1.0
harmonix/0062_dance/track.npy,harmonix,4,0.9761194029850747,0.9411764705882353,0.9411764705882353,0.9759036144578314,0.9879518072289156,0.9879518072289156
harmonix/0070_dipitlow/track.npy,harmonix,4,0.9419953596287703,0.8903508771929824,0.8903508771929824,0.9615384615384616,0.8867924528301887,0.8867924528301887
harmonix/0082_dragosteadintei/track.npy,harmonix,4,0.992108229988726,0.9843400447427293,0.9843400447427293,0.9954751131221719,0.990990990990991,0.990990990990991
harmonix/0105_getdownonit/track.npy,harmonix,4,0.9988221436984689,0.9976470588235294,0.9976470588235294,0.9953051643192489,0.9906542056074766,0.9906542056074766
harmonix/0134_igotmine/track.npy,harmonix,4,0.6432616081540203,0.003367003367003367,0.9393939393939394,0.6425339366515836,0.006711409395973154,0.92
harmonix/0135_igottafeeling/track.npy,harmonix,4,1.0,1.0,1.0,1.0,1.0,1.0
harmonix/0136_igotyoudancing/track.npy,harmonix,4,1.0,1.0,1.0,1.0,1.0,1.0
harmonix/0143_informer/track.npy,harmonix,4,0.9976133651551313,0.9952380952380953,0.9952380952380953,1.0,1.0,1.0
harmonix/0144_ishotthesheriff/track.npy,harmonix,4,0.7475083056478404,0.3304221251819505,0.3694390715667311,0.9090909090909092,0.8555555555555555,0.8555555555555555
harmonix/0145_iwantyouback/track.npy,harmonix,4,0.9587073608617595,0.9392857142857143,0.9392857142857143,0.8148148148148148,0.5164835164835165,0.5164835164835165
harmonix/0148_jesusofsuburbia/track.npy,harmonix,4,0.850574712643678,0.5168316831683168,0.5168316831683168,0.6817538896746818,0.3972972972972973,0.3972972972972973
harmonix/0165_lucretia/track.npy,harmonix,4,0.8661971830985914,0.5866388308977035,0.5866388308977035,0.7289719626168223,0.5333333333333333,0.5333333333333333
harmonix/0167_makesomenoise/track.npy,harmonix,4,1.0,1.0,1.0,1.0,1.0,1.0
harmonix/0172_marrythenight/track.npy,harmonix,4,0.9968847352024921,0.9875776397515528,0.9875776397515528,0.9875,0.9506172839506173,0.9506172839506173
harmonix/0177_milkshake/track.npy,harmonix,4,1.0,1.0,1.0,1.0,1.0,1.0
harmonix/0181_mrsaxobeat/track.npy,harmonix,4,1.0,1.0,1.0,1.0,1.0,1.0
harmonix/0200_oceansize/track.npy,harmonix,4,0.9257861635220126,0.8102189781021898,0.8102189781021898,0.8787878787878787,0.8627450980392157,0.8627450980392157
harmonix/0208_opp/track.npy,harmonix,4,0.9953161592505855,0.9906759906759907,0.9906759906759907,0.27102803738317754,0.2523364485981308,0.2523364485981308
harmonix/0216_poison/track.npy,harmonix,4,0.9960629921259843,0.9921568627450981,0.9921568627450981,1.0,1.0,1.0
harmonix/0227_replay/track.npy,harmonix,4,0.9981167608286252,0.9962406015037594,0.9962406015037594,1.0,1.0,1.0
harmonix/0231_rightthurr/track.npy,harmonix,4,0.9888143176733781,0.9778761061946902,0.9778761061946902,1.0,1.0,1.0
harmonix/0237_run/track.npy,harmonix,4,0.9905020352781547,0.9864864864864865,0.9864864864864865,1.0,1.0,1.0
harmonix/0276_texasflood/track.npy,harmonix,4,0.9878987898789878,0.9791437980241493,0.9791437980241493,0.6564551422319475,0.009836065573770493,0.9344262295081968
harmonix/0284_thehustle/track.npy,harmonix,4,1.0,1.0,1.0,1.0,1.0,1.0
harmonix/0286_theragelive/track.npy,harmonix,4,0.9111969111969113,0.6919431279620853,0.6919431279620853,0.8054298642533936,0.3484848484848485,0.480225988700565
harmonix/0293_tomsawyer2/track.npy,harmonix,4,0.7941483803552769,0.41058394160583944,0.41058394160583944,0.5228215767634855,0.37037037037037035,0.37037037037037035
harmonix/0304_weaponofchoice/track.npy,harmonix,4,0.9576923076923077,0.8413284132841329,0.8413284132841329,0.9457364341085271,0.8636363636363636,0.8636363636363636
harmonix/0310_whineup/track.npy,harmonix,4,1.0,1.0,1.0,1.0,1.0,1.0
harmonix/0312_whitefalconfuzz/track.npy,harmonix,4,0.9936908517350158,1.0,1.0,0.8860759493670887,0.85,0.85
harmonix/0319_withoutyou/track.npy,harmonix,4,0.9846153846153847,0.9393939393939394,0.9393939393939394,0.9959514170040485,0.9919354838709677,0.9919354838709677
harmonix/0322_wordup/track.npy,harmonix,4,0.9958762886597937,0.9917864476386037,0.9917864476386037,0.9958847736625513,0.9918032786885246,0.9918032786885246
harmonix/0325_ymca/track.npy,harmonix,4,0.9834983498349835,0.9803921568627451,0.9803921568627451,0.9866666666666666,0.9736842105263158,0.9736842105263158
harmonix/0328_youmakemefeeldc/track.npy,harmonix,4,0.9984686064318529,0.9969418960244648,0.9969418960244648,1.0,1.0,1.0
harmonix/0329_youreajerk/track.npy,harmonix,4,0.9975903614457832,0.9903846153846154,0.9903846153846154,1.0,1.0,1.0
harmonix/0338_animal/track.npy,harmonix,4,0.9878542510121457,0.9919028340080972,0.9919028340080972,0.9919354838709677,1.0,1.0
harmonix/0340_backintime/track.npy,harmonix,4,0.9988165680473373,0.9976359338061466,0.9976359338061466,1.0,1.0,1.0
harmonix/0352_boogiewonderland/track.npy,harmonix,4,0.9991902834008096,0.9983818770226537,0.9983818770226537,1.0,1.0,1.0
harmonix/0355_brokenhearted/track.npy,harmonix,4,1.0,1.0,1.0,1.0,1.0,1.0
harmonix/0358_children/track.npy,harmonix,4,1.0,1.0,1.0,1.0,1.0,1.0
harmonix/0361_countrymustbecountrywide/track.npy,harmonix,4,1.0,1.0,1.0,0.9824561403508771,0.9649122807017544,0.9649122807017544
harmonix/0369_dontyouworrychild/track.npy,harmonix,4,0.8944381384790012,0.8337028824833703,0.8337028824833703,0.8755760368663594,0.908256880733945,0.908256880733945
harmonix/0371_downunder/track.npy,harmonix,4,0.9851551956815114,0.9707446808510638,0.9707446808510638,0.989247311827957,0.9787234042553191,0.9787234042553191
harmonix/0373_driveby/track.npy,harmonix,4,0.9973045822102425,0.9946236559139785,0.9946236559139785,1.0,1.0,1.0
harmonix/0392_givemeyourhand/track.npy,harmonix,4,0.9956616052060737,0.9913606911447084,0.9913606911447084,0.9956709956709957,0.9913793103448276,0.9913793103448276
harmonix/0400_heatofthemoment/track.npy,harmonix,4,0.9204771371769384,0.9125248508946322,0.9125248508946322,0.7452471482889734,0.5724137931034483,0.5724137931034483
harmonix/0404_holditagainstme/track.npy,harmonix,4,0.997946611909651,0.9959016393442623,0.9959016393442623,1.0,1.0,1.0
harmonix/0405_home/track.npy,harmonix,4,0.9840909090909091,1.0,1.0,0.9727272727272728,1.0,1.0
harmonix/0420_itsrainingmen/track.npy,harmonix,4,0.9891774891774892,0.9785867237687366,0.9785867237687366,0.9349593495934959,0.7709923664122137,0.7709923664122137
harmonix/0422_itwillrain/track.npy,harmonix,4,0.7347931873479319,0.1673076923076923,0.7131011608623549,0.7184466019417477,0.15384615384615385,0.7086092715231788
harmonix/0446_midnightcity/track.npy,harmonix,4,0.9775561097256857,0.9560975609756097,0.9560975609756097,0.98,0.9607843137254902,0.9607843137254902
harmonix/0450_more/track.npy,harmonix,4,0.9988623435722412,0.9977272727272727,0.9977272727272727,1.0,1.0,1.0
harmonix/0458_notorious/track.npy,harmonix,4,1.0,1.0,1.0,1.0,1.0,1.0
harmonix/0474_pleasedontgo/track.npy,harmonix,4,0.9933949801849407,0.9816272965879265,0.9816272965879265,0.9574468085106385,0.9468085106382979,0.9468085106382979
harmonix/0494_somebodythatiusedtoknow/track.npy,harmonix,4,1.0,1.0,1.0,1.0,1.0,1.0
harmonix/0497_speakers/track.npy,harmonix,4,0.912280701754386,0.7239488117001828,0.7239488117001828,0.9098360655737704,0.8467741935483871,0.8467741935483871
harmonix/0521_tooclose/track.npy,harmonix,4,0.9596153846153846,0.8977695167286245,0.8977695167286245,0.9520000000000001,0.9206349206349206,0.9206349206349206
harmonix/0524_undoit/track.npy,harmonix,4,0.9977426636568849,0.9954954954954955,0.9954954954954955,0.9909909909909909,0.9821428571428571,0.9821428571428571
harmonix/0530_whatthehell/track.npy,harmonix,4,0.9990610328638497,0.99812382739212,0.99812382739212,1.0,1.0,1.0
harmonix/0538_you/track.npy,harmonix,4,0.9979035639412999,0.9916317991631799,0.9916317991631799,1.0,1.0,1.0
harmonix/0569_arrow/track.npy,harmonix,4,0.9793438639125153,0.9565217391304348,0.9565217391304348,0.9607843137254902,1.0,1.0
harmonix/0577_battlefieldmainversion/track.npy,harmonix,4,0.9804618117229129,0.9477351916376306,0.9477351916376306,0.965034965034965,0.8918918918918919,0.8918918918918919
harmonix/0603_breaktheicejasonnevinsmix/track.npy,harmonix,4,0.99712368168744,0.9980842911877394,0.9980842911877394,0.7203065134099618,0.7175572519083969,0.7175572519083969
harmonix/0616_citygirl/track.npy,harmonix,4,0.9366197183098592,0.7740863787375415,0.7740863787375415,0.950354609929078,0.8108108108108109,0.8108108108108109
harmonix/0625_complicated/track.npy,harmonix,4,0.9916805324459235,0.9834983498349835,0.9834983498349835,0.9933774834437086,0.9868421052631579,0.9868421052631579
harmonix/0643_dontrush/track.npy,harmonix,4,0.9828926905132193,0.9663608562691132,0.9663608562691132,0.9813664596273292,0.9634146341463414,0.9634146341463414
harmonix/0644_dontsayaword/track.npy,harmonix,4,0.9052631578947369,0.8675324675324675,0.8675324675324675,0.8972972972972972,0.8404255319148937,0.8404255319148937
harmonix/0662_everytimewetouch/track.npy,harmonix,4,0.9983739837398374,0.9935064935064936,0.9935064935064936,1.0,1.0,1.0
harmonix/0666_fallin/track.npy,harmonix,4,0.6235565819861432,0.14165261382799327,0.16498316498316498,0.7928994082840236,0.45454545454545453,0.45454545454545453
harmonix/0673_feelsliketonight/track.npy,harmonix,4,1.0,1.0,1.0,1.0,1.0,1.0
harmonix/0678_fireflies/track.npy,harmonix,4,0.9984051036682616,0.9968152866242038,0.9968152866242038,1.0,1.0,1.0
harmonix/0679_firsttime/track.npy,harmonix,4,0.9987937273823884,0.9975903614457832,0.9975903614457832,1.0,1.0,1.0
harmonix/0689_gettinoveryou/track.npy,harmonix,4,0.9838709677419354,0.9664723032069971,0.9664723032069971,0.9823529411764705,1.0,1.0
harmonix/0695_goodbyegoodbye/track.npy,harmonix,4,0.9977528089887641,0.9955156950672646,0.9955156950672646,0.9652173913043479,0.8813559322033898,0.8813559322033898
harmonix/0698_goodtime/track.npy,harmonix,4,0.9840881272949816,0.9686746987951808,0.9686746987951808,0.9853658536585366,0.9711538461538461,0.9711538461538461
harmonix/0715_hellodadalife/track.npy,harmonix,4,0.975886524822695,0.9288702928870293,0.9288702928870293,0.7790055248618784,0.7301587301587301,0.7301587301587301
harmonix/0719_hipsdontlie/track.npy,harmonix,4,0.9956584659913169,0.9913544668587896,0.9913544668587896,1.0,1.0,1.0
harmonix/0728_howyouremindme/track.npy,harmonix,4,0.9915110356536502,0.9898648648648649,0.9898648648648649,1.0,1.0,1.0
harmonix/0734_iftodaywasyourlastday/track.npy,harmonix,4,0.9829059829059829,0.9663865546218487,0.9663865546218487,0.983050847457627,0.9666666666666667,0.9666666666666667
harmonix/0737_ihatethispart/track.npy,harmonix,4,0.954601226993865,0.8894117647058823,0.8894117647058823,0.9746192893401014,0.93,0.93
harmonix/0741_iknowyoucare/track.npy,harmonix,4,0.9888579387186631,0.975,0.975,0.7087378640776699,0.39655172413793105,0.39655172413793105
harmonix/0753_inreallife/track.npy,harmonix,4,0.9977628635346756,0.9955357142857143,0.9955357142857143,1.0,1.0,1.0
harmonix/0773_kissmethruthephone/track.npy,harmonix,4,0.9935205183585313,0.9871244635193133,0.9871244635193133,1.0,1.0,1.0
harmonix/0780_letmebereal/track.npy,harmonix,4,1.0,1.0,1.0,1.0,1.0,1.0
harmonix/0785_littleliesnow/track.npy,harmonix,4,0.9967532467532468,0.9935275080906149,0.9935275080906149,1.0,1.0,1.0
harmonix/0808_makethemoney/track.npy,harmonix,4,0.9952305246422893,0.990506329113924,0.990506329113924,0.8176100628930818,0.7875,0.7875
harmonix/0810_memoriesextended/track.npy,harmonix,4,0.9992630803242447,0.9985272459499264,0.9985272459499264,1.0,1.0,1.0
harmonix/0811_miami2ibiza/track.npy,harmonix,4,1.0,1.0,1.0,0.994475138121547,0.989010989010989,0.989010989010989
harmonix/0819_myblood/track.npy,harmonix,4,0.9786585365853658,0.9847560975609756,0.9847560975609756,0.837696335078534,0.4954128440366973,0.4954128440366973
harmonix/0825_myloveislikeastar/track.npy,harmonix,4,0.989648033126294,0.9795081967213115,0.9795081967213115,0.9917355371900827,0.9836065573770492,0.9836065573770492
harmonix/0830_nightwatch/track.npy,harmonix,4,0.8144499178981938,0.7645161290322581,0.7645161290322581,0.5481481481481482,0.5466666666666666,0.5466666666666666
harmonix/0834_nosurprise/track.npy,harmonix,4,0.9860335195530727,0.9614325068870524,0.9614325068870524,0.9777777777777779,0.9560439560439561,0.9560439560439561
harmonix/0843_omgalmighty/track.npy,harmonix,4,0.9963811821471652,0.9927884615384616,0.9927884615384616,0.9975903614457832,0.9951923076923077,0.9951923076923077
harmonix/0854_overmyheadcablecar/track.npy,harmonix,4,0.9851428571428571,0.9707207207207207,0.9707207207207207,0.9863013698630138,0.972972972972973,0.972972972972973
harmonix/0880_righthere/track.npy,harmonix,4,0.9983416252072967,0.9966887417218543,0.9966887417218543,1.0,1.0,1.0
harmonix/0884_rockstar/track.npy,harmonix,4,1.0,1.0,1.0,0.993103448275862,0.9726027397260274,0.9726027397260274
harmonix/0891_savetheworld/track.npy,harmonix,4,0.9602803738317757,0.9441860465116279,0.9441860465116279,0.9671361502347416,0.9906542056074766,0.9906542056074766
harmonix/0903_shakethatbubblenow/track.npy,harmonix,4,0.9756888168557536,0.9525316455696202,0.9525316455696202,0.9806451612903226,0.9620253164556962,0.9620253164556962
harmonix/0904_shewolf/track.npy,harmonix,4,0.9972752043596731,0.9945652173913043,0.9945652173913043,0.8469387755102041,0.6666666666666666,0.6666666666666666
harmonix/0906_shutupanddrive/track.npy,harmonix,4,0.9967069154774972,0.9934354485776805,0.9934354485776805,0.9661016949152543,0.8688524590163934,0.8688524590163934
harmonix/0907_skyscraper/track.npy,harmonix,4,0.9945504087193461,0.9864130434782609,0.9864130434782609,1.0,1.0,1.0
harmonix/0921_stronger/track.npy,harmonix,4,0.9940119760479041,0.9880382775119617,0.9880382775119617,1.0,1.0,1.0
harmonix/0923_sunandmoon/track.npy,harmonix,4,0.9870129870129869,0.960952380952381,0.960952380952381,0.7364341085271319,0.7374517374517374,0.7374517374517374
harmonix/0945_thewayiareradio/track.npy,harmonix,4,0.9863013698630138,0.972972972972973,0.972972972972973,0.9878048780487805,0.9759036144578314,0.9759036144578314
harmonix/0960_umbrella/track.npy,harmonix,4,0.9871244635193133,0.9745762711864406,0.9745762711864406,0.9886363636363636,0.9775280898876404,0.9775280898876404
harmonix/0962_usagainsttheworldjason/track.npy,harmonix,4,0.9972451790633609,0.989010989010989,0.989010989010989,1.0,1.0,1.0
harmonix/0981_whenyouregone/track.npy,harmonix,4,0.9981378026070763,0.9962825278810409,0.9962825278810409,1.0,1.0,1.0
harmonix/0989_womanizer/track.npy,harmonix,4,1.0,1.0,1.0,1.0,1.0,1.0
harmonix/1001_yourloveismydrugdave/track.npy,harmonix,4,0.9913978494623656,0.9829424307036247,0.9829424307036247,0.9914529914529915,0.9830508474576272,0.9830508474576272
hjdb/hjdb_2_Bad_Mice_Take_You/track.npy,hjdb,4,1.0,1.0,1.0,1.0,1.0,1.0
hjdb/hjdb_Alright_With_Me/track.npy,hjdb,4,1.0,1.0,1.0,1.0,1.0,1.0
hjdb/hjdb_Bouncing/track.npy,hjdb,4,1.0,1.0,1.0,1.0,1.0,1.0
hjdb/hjdb_Captain_Of_This_Ship/track.npy,hjdb,4,1.0,1.0,1.0,1.0,1.0,1.0
hjdb/hjdb_Champion_Sound_(Doc_Scott_Remix)/track.npy,hjdb,4,1.0,1.0,1.0,1.0,1.0,1.0
hjdb/hjdb_Champion_Sound/track.npy,hjdb,4,0.9975669099756691,0.9951456310679612,0.9951456310679612,1.0,1.0,1.0
hjdb/hjdb_Cold_Fresh_Air_(Remix)/track.npy,hjdb,4,0.9937888198757764,0.9876543209876543,0.9876543209876543,0.975609756097561,0.9523809523809523,0.9523809523809523
hjdb/hjdb_Deep_Cover/track.npy,hjdb,4,1.0,1.0,1.0,1.0,1.0,1.0
hjdb/hjdb_Deep_Love/track.npy,hjdb,4,1.0,1.0,1.0,1.0,1.0,1.0
hjdb/hjdb_Digable_Bass/track.npy,hjdb,4,0.9636363636363636,0.8849557522123894,0.8849557522123894,0.2962962962962963,0.4074074074074074,0.4074074074074074
hjdb/hjdb_Do_It_Together_(The_Baggys_Mix)/track.npy,hjdb,4,1.0,1.0,1.0,1.0,1.0,1.0
hjdb/hjdb_Factor_5/track.npy,hjdb,4,1.0,1.0,1.0,1.0,1.0,1.0
hjdb/hjdb_Give_A_Little_Love_(Remix)/track.npy,hjdb,4,1.0,1.0,1.0,1.0,1.0,1.0
hjdb/hjdb_Gonna_Be_Alright/track.npy,hjdb,4,1.0,1.0,1.0,1.0,1.0,1.0
hjdb/hjdb_Hardcore_Junglism/track.npy,hjdb,4,1.0,1.0,1.0,1.0,1.0,1.0
hjdb/hjdb_I_Need_Your_Lovin/track.npy,hjdb,4,1.0,1.0,1.0,1.0,1.0,1.0
hjdb/hjdb_Incredible_Bass_(Remix)/track.npy,hjdb,4,0.9419354838709677,0.9230769230769231,0.9230769230769231,0.9473684210526315,0.9473684210526315,0.9473684210526315
hjdb/hjdb_Last_Action_Hero/track.npy,hjdb,4,1.0,1.0,1.0,1.0,1.0,1.0
hjdb/hjdb_My_Own_(Hixxy_and_UFO_Remix)/track.npy,hjdb,4,1.0,1.0,1.0,1.0,1.0,1.0
hjdb/hjdb_On_My_Own_(Rmx)/track.npy,hjdb,4,1.0,1.0,1.0,1.0,1.0,1.0
hjdb/hjdb_Rhythm/track.npy,hjdb,4,1.0,1.0,1.0,1.0,1.0,1.0
hjdb/hjdb_Rock_To_The_Groove/track.npy,hjdb,4,1.0,1.0,1.0,1.0,1.0,1.0
hjdb/hjdb_Ruff_(Remix)/track.npy,hjdb,4,1.0,1.0,1.0,0.7719298245614035,0.2571428571428571,0.6046511627906976
hjdb/hjdb_Ruff_Beats/track.npy,hjdb,4,1.0,1.0,1.0,1.0,1.0,1.0
hjdb/hjdb_Ruff/track.npy,hjdb,4,1.0,1.0,1.0,1.0,1.0,1.0
hjdb/hjdb_Screw_Face/track.npy,hjdb,4,1.0,1.0,1.0,1.0,1.0,1.0
hjdb/hjdb_So_Good/track.npy,hjdb,4,1.0,1.0,1.0,1.0,1.0,1.0
hjdb/hjdb_Storm_Trooper/track.npy,hjdb,4,1.0,1.0,1.0,1.0,1.0,1.0
hjdb/hjdb_The_Core/track.npy,hjdb,4,1.0,1.0,1.0,1.0,1.0,1.0
hjdb/hjdb_Trip_II_The_Moon/track.npy,hjdb,4,1.0,1.0,1.0,1.0,1.0,1.0
jaah/jaah_007-bessie_smith_james_p_johnson-black_water_blues/track.npy,jaah,4,0.9571639586410635,0.9442815249266863,0.9442815249266863,0.7999999999999999,0.7976190476190477,0.7976190476190477
jaah/jaah_010-duke_ellington_his_orchestra-blue_serge/track.npy,jaah,4,0.9981167608286252,0.9962406015037594,0.9962406015037594,0.9428571428571428,0.7837837837837838,0.7837837837837838
jaah/jaah_017-duke_ellington_his_orchestra-concerto_for_cootie/track.npy,jaah,4,0.9890453834115805,0.98125,0.98125,1.0,1.0,1.0
jaah/jaah_036-woody_herman_and_his_orchestra-four_brothers/track.npy,jaah,4,0.987582176771366,0.975254730713246,0.975254730713246,0.9766081871345028,0.9767441860465116,0.9767441860465116
jaah/jaah_044-chick_webb_and_his_orchestra-harlem_congo/track.npy,jaah,4,0.9759036144578312,0.9067296340023613,0.9067296340023613,0.9423076923076923,0.8685446009389671,0.8685446009389671
jaah/jaah_051-the_benny_goodman_sextet-i_found_a_new_baby_feat_charlie_christian_count_basie/track.npy,jaah,4,1.0,1.0,1.0,0.821917808219178,0.815068493150685,0.815068493150685
jaah/jaah_058-jelly_roll_morton-king_porter_stomp/track.npy,jaah,4,1.0,1.0,1.0,1.0,1.0,1.0
jaah/jaah_062-original_dixieland_jazz_band-livery_stable_blues/track.npy,jaah,4,0.9486081370449678,0.8258196721311475,0.8258196721311475,0.9663865546218487,0.8934426229508197,0.8934426229508197
jaah/jaah_075-bud_powell_trio-night_in_tunisia/track.npy,jaah,4,0.9817905918057663,0.9626865671641791,0.9626865671641791,0.9848024316109423,0.9640718562874252,0.9640718562874252
jaah/jaah_082-louis_armstrong_and_his_hot_five-potato_head_blues/track.npy,jaah,4,0.9563451776649746,0.8268482490272373,0.8268482490272373,0.976,0.90625,0.90625
jaah/jaah_095-louis_armstrong_and_his_orchestra-swing_that_music/track.npy,jaah,4,0.680786686838124,0.024110218140068886,0.9290465631929047,0.6605504587155964,0.0,0.9908256880733946
jaah/jaah_101-billie_holiday-these_foolish_things/track.npy,jaah,4,0.9445783132530121,0.933649289099526,0.933649289099526,0.8672566371681416,0.6612903225806451,0.6612903225806451
jaah/jaah_109-cannonball_adderley-work_song/track.npy,jaah,4,0.9831932773109243,0.9712230215827338,0.9712230215827338,0.9360730593607306,0.8,0.8
jaah/jaah_112-ella_fitzgerald-youd_be_so_nice_to_come_home_to/track.npy,jaah,4,0.9842271293375394,0.9501039501039501,0.9501039501039501,0.9747899159663866,0.9421487603305785,0.9421487603305785
rwc/rwc_classical_CD2_01/track.npy,rwc_classical,4,0.8183574879227052,0.47525597269624575,0.47525597269624575,0.6366559485530546,0.1691919191919192,0.5144124168514412
rwc/rwc_classical_CD2_05/track.npy,rwc_classical,4,0.9280742459396751,0.9207807118254879,0.9207807118254879,0.7747440273037542,0.7162162162162162,0.7162162162162162
rwc/rwc_classical_CD4_14/track.npy,rwc_classical,4,0.9532710280373831,0.8636363636363636,0.8636363636363636,0.5499999999999999,0.0,0.7777777777777778
rwc/rwc_classical_CD5_03/track.npy,rwc_classical,4,0.8589626933575978,0.734253666954271,0.734253666954271,0.8349146110056926,0.7649253731343284,0.7649253731343284
rwc/rwc_classical_CD5_06/track.npy,rwc_classical,4,0.679144385026738,0.3108108108108108,0.3108108108108108,0.3483870967741936,0.1518987341772152,0.1518987341772152
rwc/rwc_classical_CD6_01/track.npy,rwc_classical,4,0.823045267489712,0.5255474452554745,0.5255474452554745,0.5198237885462555,0.33884297520661155,0.33884297520661155
rwc/rwc_classical_CD6_02/track.npy,rwc_classical,4,0.6977777777777777,0.14885496183206107,0.20212765957446807,0.5616438356164384,0.12643678160919541,0.3220338983050847
rwc/rwc_classical_CD6_15/track.npy,rwc_classical,4,0.5641025641025641,0.2780487804878049,0.2780487804878049,0.3402489626556016,0.07194244604316546,0.17647058823529413
rwc/rwc_jazz_CD2_03/track.npy,rwc_jazz,4,0.6005314437555358,0.30186170212765956,0.30186170212765956,0.7015706806282722,0.6907216494845361,0.6907216494845361
rwc/rwc_jazz_CD2_04/track.npy,rwc_jazz,4,0.9284903518728718,0.7917570498915402,0.7917570498915402,0.8287841191066996,0.5627705627705628,0.5627705627705628
rwc/rwc_jazz_CD2_09/track.npy,rwc_jazz,4,0.7231788079470198,0.47572815533980584,0.47572815533980584,0.6524390243902439,0.5581395348837209,0.5581395348837209
rwc/rwc_jazz_CD3_07/track.npy,rwc_jazz,4,0.9608763693270734,0.9844236760124611,0.9844236760124611,0.975,0.9629629629629629,0.9629629629629629
rwc/rwc_jazz_CD3_10/track.npy,rwc_jazz,4,0.9819494584837545,0.9656652360515021,0.9656652360515021,0.982532751091703,0.982532751091703,0.982532751091703
rwc/rwc_jazz_CD4_02/track.npy,rwc_jazz,4,0.7814814814814814,0.345679012345679,0.44547563805104406,0.9099099099099098,0.8771929824561403,0.8771929824561403
rwc/rwc_popular_CD1_13/track.npy,rwc_popular,4,0.9972067039106145,0.9944289693593314,0.9944289693593314,1.0,1.0,1.0
rwc/rwc_popular_CD2_01/track.npy,rwc_popular,4,0.9986282578875172,0.9972602739726028,0.9972602739726028,0.994535519125683,0.9891304347826086,0.9891304347826086
rwc/rwc_popular_CD2_10/track.npy,rwc_popular,4,0.9980237154150198,0.9960552268244576,0.9960552268244576,1.0,1.0,1.0
rwc/rwc_popular_CD3_01/track.npy,rwc_popular,4,0.9790209790209791,0.958498023715415,0.958498023715415,0.975609756097561,0.975609756097561,0.975609756097561
rwc/rwc_popular_CD3_05/track.npy,rwc_popular,4,0.9653710247349824,0.9327731092436975,0.9327731092436975,0.4342857142857143,0.4228571428571429,0.4228571428571429
rwc/rwc_popular_CD3_13/track.npy,rwc_popular,4,1.0,1.0,1.0,1.0,1.0,1.0
rwc/rwc_popular_CD4_04/track.npy,rwc_popular,4,0.9969543147208122,0.9939271255060729,0.9939271255060729,1.0,1.0,1.0
rwc/rwc_popular_CD4_06/track.npy,rwc_popular,4,0.9931972789115645,0.9887133182844243,0.9887133182844243,1.0,1.0,1.0
rwc/rwc_popular_CD4_13/track.npy,rwc_popular,4,0.999083409715857,0.9981684981684982,0.9981684981684982,1.0,1.0,1.0
rwc/rwc_popular_CD5_07/track.npy,rwc_popular,4,0.9921259842519686,0.9921383647798742,0.9921383647798742,0.9937106918238994,1.0,1.0
rwc/rwc_popular_CD5_08/track.npy,rwc_popular,4,0.9825918762088974,0.9922779922779923,0.9922779922779923,0.5797101449275363,0.4383561643835616,0.4383561643835616
rwc/rwc_popular_CD6_08/track.npy,rwc_popular,4,1.0,1.0,1.0,0.9833333333333334,0.9586776859504132,0.9586776859504132
rwc/rwc_royalty-free_CD1_01/track.npy,rwc_royalty-free,4,0.9850746268656716,0.9705882352941176,0.9705882352941176,0.9914529914529915,0.9830508474576272,0.9830508474576272
rwc/rwc_royalty-free_CD1_07/track.npy,rwc_royalty-free,4,0.9844559585492227,0.979381443298969,0.979381443298969,0.9791666666666666,0.9791666666666666,0.9791666666666666
simac/simac_A_vida_me_fez_assim_04-O_passar_dos_anos/track.npy,simac,4,1.0,1.0,1.0,nan,nan,nan
simac/simac_A_vida_me_fez_assim_14-Embala_eu_Samba_de_roda/track.npy,simac,4,1.0,1.0,1.0,nan,nan,nan
simac/simac_Alfagamabetizado_05-Argila/track.npy,simac,4,0.9230769230769231,0.95,0.95,nan,nan,nan
simac/simac_Alfagamabetizado_10-Frases_Ventias/track.npy,simac,4,1.0,1.0,1.0,nan,nan,nan
simac/simac_As_Time_Goes_By_03-blue_moon/track.npy,simac,4,0.9130434782608695,1.0,1.0,nan,nan,nan
simac/simac_As_Time_Goes_By_10-i_used_to_be_colourblind/track.npy,simac,4,0.7333333333333333,1.0,1.0,nan,nan,nan
simac/simac_As_time_goes_by_disk_2_04-Life_is_beautiful/track.npy,simac,4,1.0,1.0,1.0,nan,nan,nan
simac/simac_As_time_goes_by_disk_2_08-My_romance/track.npy,simac,4,1.0,1.0,1.0,nan,nan,nan
simac/simac_BACH_WTC_03-Prelude_and_Fugue_No._2_in_C_minor_BWV_871_-_1._Praeludium/track.npy,simac,4,1.0,1.0,1.0,nan,nan,nan
simac/simac_BACH_WTC_05-Prelude_and_Fugue_No._3_in_C-sharp_major_BWV_872_-_1._Praeludium/track.npy,simac,4,0.7755102040816326,0.41379310344827586,0.41379310344827586,nan,nan,nan
simac/simac_Bach_Bach_-_BWV_639_-_Ich_ruf_zu_dir_Herr_Jesu_Christ/track.npy,simac,4,0.6,0.8666666666666667,0.8666666666666667,nan,nan,nan
simac/simac_Bach_The_Well-Tempered_Clavier_II_(Disc_1)_16-Prelude_and_Fugue_No._8_in_D-sharp_minor_BWV_877_-_2._Fuga/track.npy,simac,4,1.0,1.0,1.0,nan,nan,nan
simac/simac_Bach_The_Well-Tempered_Clavier_II_(Disc_1)_23-Prelude_and_Fugue_No._12_in_F_minor_BWV_881_-_1._Praeludium/track.npy,simac,4,0.8571428571428571,0.4642857142857143,0.4642857142857143,nan,nan,nan
simac/simac_Bach_The_Well-Tempered_Clavier_II_(Disc_2)_08-Prelude_and_Fugue_No._16_G_minor_BWV_885_-_2._Fuga/track.npy,simac,4,0.9642857142857143,0.8620689655172413,0.8620689655172413,nan,nan,nan
simac/simac_Bach_The_Well-Tempered_Clavier_II_(Disc_2)_10-Prelude_and_Fugue_No._17_A-flats_major_BWV_886_-_2._Fuga/track.npy,simac,4,0.9642857142857143,0.9642857142857143,0.9642857142857143,nan,nan,nan
simac/simac_Beethoven_The_String_Quartets_-_CD_3_07-III_Allegretto_-_Maggiore_(Theme_russe)/track.npy,simac,4,0.8767123287671234,0.7894736842105263,0.7894736842105263,nan,nan,nan
simac/simac_Bernstein_conducts_Stravinsky_02-The_augurs_of_spring/track.npy,simac,4,0.9615384615384616,1.0,1.0,nan,nan,nan
simac/simac_Bernstein_conducts_Stravinsky_05-Games_of_the_rival_tribes/track.npy,simac,4,0.6666666666666666,0.0,0.975,nan,nan,nan
simac/simac_Bernstein_conducts_Stravinsky_25-The_masqueraders/track.npy,simac,4,0.6031746031746031,0.0,0.6046511627906976,nan,nan,nan
simac/simac_Cafe_Zimmermann_09-Suite_en_ut_majeur_BWV_1066_-_Forlane/track.npy,simac,4,0.6666666666666666,0.0,0.9565217391304348,nan,nan,nan
simac/simac_Cafe_Zimmermann_11-Suite_en_ut_majeur_BWV_1066_-_Bourres_I_&_II/track.npy,simac,4,1.0,1.0,1.0,nan,nan,nan
simac/simac_Chopin_Piano_Concerto_No._1_etc_03-III_Rondo_(Vivace)/track.npy,simac,4,0.8405797101449275,0.45,0.45,nan,nan,nan
simac/simac_Classic_Track_04/track.npy,simac,4,0.4782608695652174,0.8695652173913043,0.8695652173913043,nan,nan,nan
simac/simac_Concert_02-2._Vivace/track.npy,simac,4,0.5,0.0,0.0,nan,nan,nan
simac/simac_Concert_24-4._Presto/track.npy,simac,4,0.9743589743589743,0.95,0.95,nan,nan,nan
simac/simac_Ella_&_Louis_10-Cow_Cow_Boogie/track.npy,simac,4,1.0,1.0,1.0,nan,nan,nan
simac/simac_Ella_&_Louis_12-Lover_Come_Back_To_Me/track.npy,simac,4,0.6730769230769231,0.014492753623188406,0.7681159420289855,nan,nan,nan
simac/simac_Eventail_14-Prld5/track.npy,simac,4,0.4117647058823529,0.0,0.125,nan,nan,nan
simac/simac_Fado_02-AudioTrack_02/track.npy,simac,4,0.983050847457627,0.9666666666666667,0.9666666666666667,nan,nan,nan
simac/simac_Family_Tree_-_Greatest_Hits_As_Chosen_By_Bjork_02-Hyperballad/track.npy,simac,4,0.9117647058823528,1.0,1.0,nan,nan,nan
simac/simac_Family_Tree_-_Greatest_Hits_As_Chosen_By_Bjork_03-You_ve_Been_Flirting_Again/track.npy,simac,4,0.8679245283018868,0.9629629629629629,0.9629629629629629,nan,nan,nan
simac/simac_Fight_To_Win_01-Do_your_best/track.npy,simac,4,1.0,1.0,1.0,nan,nan,nan
simac/simac_Gold_-_Greatest_Hits_04-Mamma_Mia/track.npy,simac,4,1.0,1.0,1.0,nan,nan,nan
simac/simac_Gold_-_Greatest_Hits_12-Fernando/track.npy,simac,4,0.96,1.0,1.0,nan,nan,nan
simac/simac_Gold_-_Greatest_Hits_13-Voulez_Vous/track.npy,simac,4,1.0,1.0,1.0,nan,nan,nan
simac/simac_Ludwid_van_Beethoven_08-IV._Andante_ma_non_troppo_e_molto_cantabile_-_Andante_moderato_e_lusinghiero/track.npy,simac,4,0.92,0.92,0.92,nan,nan,nan
simac/simac_Niandra_LaDes_and_Usually_Just_a_T-Shirt_03-Head_(Beach_Arab)/track.npy,simac,4,0.9473684210526315,1.0,1.0,nan,nan,nan
simac/simac_Niandra_LaDes_and_Usually_Just_a_T-Shirt_07-Mascara/track.npy,simac,4,0.4918032786885246,0.0,0.0,nan,nan,nan
simac/simac_Papakonstantinou_12-AudioTrack_12/track.npy,simac,4,0.6190476190476191,0.0,0.9285714285714286,nan,nan,nan
simac/simac_Papakonstantinou_14-AudioTrack_14/track.npy,simac,4,0.6382978723404255,0.0,0.967741935483871,nan,nan,nan
simac/simac_Primer_Aliento_12-Cita_en_el_asteroide_Eden/track.npy,simac,4,1.0,1.0,1.0,nan,nan,nan
simac/simac_Primer_Aliento_13-Obsesion/track.npy,simac,4,1.0,1.0,1.0,nan,nan,nan
simac/simac_Primer_Aliento_19-El_nacimiento_de_la_industria/track.npy,simac,4,1.0,1.0,1.0,nan,nan,nan
simac/simac_R.A.F.I_03-Black_White/track.npy,simac,4,0.9523809523809523,0.8636363636363636,0.8636363636363636,nan,nan,nan
simac/simac_R.A.F.I_06-Modern_Apprentice/track.npy,simac,4,0.6666666666666666,0.0,0.9736842105263158,nan,nan,nan
simac/simac_Samba_na_Madrugada_07-Perfeito_Amor/track.npy,simac,4,0.18867924528301885,0.029411764705882353,0.13513513513513514,nan,nan,nan
simac/simac_So_Cartola_08-Amor_Proibido/track.npy,simac,4,0.8571428571428571,0.6666666666666666,0.6666666666666666,nan,nan,nan
simac/simac_So_Cartola_20-As_Rosas_Nao_Falam/track.npy,simac,4,0.9642857142857143,0.8620689655172413,0.8620689655172413,nan,nan,nan
simac/simac_Songs_Pastora_-_Lola/track.npy,simac,4,1.0,1.0,1.0,nan,nan,nan
simac/simac_Tanto_Tempo_05-Mais_Feliz/track.npy,simac,4,0.8571428571428571,0.9523809523809523,0.9523809523809523,nan,nan,nan
simac/simac_Tanto_Tempo_09-Bananeira/track.npy,simac,4,1.0,1.0,1.0,nan,nan,nan
simac/simac_The_Crackdown_05-Over_and_Over/track.npy,simac,4,0.28571428571428575,0.2,0.65,nan,nan,nan
simac/simac_Tomatito_Tomatito-06.Caminillo_viejo/track.npy,simac,4,0.6176470588235293,0.0,0.8695652173913043,nan,nan,nan
simac/simac_VOL.3_Musiques_pour_guitare_et_violoncelle_11-Nana/track.npy,simac,4,1.0,1.0,1.0,nan,nan,nan
simac/simac_Xatzidakis_10-AudioTrack_10/track.npy,simac,4,0.6037735849056604,0.02702702702702703,0.02702702702702703,nan,nan,nan
simac/simac_blues_roots_my_jelly_roll_soul/track.npy,simac,4,0.6666666666666666,0.0,0.9666666666666667,nan,nan,nan
simac/simac_greek_01_H_mikri_Rallou/track.npy,simac,4,0.6785714285714285,0.0,1.0,nan,nan,nan
simac/simac_more_greek_03_Efriksen_i_gi/track.npy,simac,4,0.972972972972973,0.9473684210526315,0.9473684210526315,nan,nan,nan
simac/simac_more_greek_08_Hlios/track.npy,simac,4,0.6352941176470588,0.0,0.8421052631578947,nan,nan,nan
simac/simac_more_greek_Ksylouris_-_Evale_o_8eos_simadi/track.npy,simac,4,1.0,1.0,1.0,nan,nan,nan
simac/simac_more_greek_Ksylouris_-_Filentem/track.npy,simac,4,0.3829787234042553,0.0,0.53125,nan,nan,nan
simac/simac_more_greek_Marinella_-_Omorfi_poli/track.npy,simac,4,0.5365853658536585,0.0,0.7857142857142857,nan,nan,nan
simac/simac_more_greek_Mosxoliou_-_Xwrismos/track.npy,simac,4,0.6470588235294118,0.0,0.9347826086956522,nan,nan,nan
simac/simac_more_greek_Mpellou_-_Kane_ligaki_ypomoni/track.npy,simac,4,1.0,1.0,1.0,nan,nan,nan
simac/simac_more_greek_Mpellou_-_Ksimerwnei_kai_vradiazei/track.npy,simac,4,0.7142857142857143,0.08888888888888889,0.8367346938775511,nan,nan,nan
simac/simac_more_greek_Mpellou_-_To_minore_tis_avgis/track.npy,simac,4,0.3870967741935484,0.0,0.6363636363636364,nan,nan,nan
simac/simac_more_greek_Mpellou_-_Zeimpekiko/track.npy,simac,4,0.6545454545454547,0.0,0.9459459459459459,nan,nan,nan
simac/simac_more_greek_Mpi8ikwtsis_-_Paei_o_kairos/track.npy,simac,4,0.9090909090909091,0.9411764705882353,0.9411764705882353,nan,nan,nan
simac/simac_more_greek_Mpi8ikwtsis_Xiwtis_-_Myrtia/track.npy,simac,4,0.6567164179104478,0.0,0.9555555555555556,nan,nan,nan
simac/simac_more_greek_Ninou_-_Apopse_kaneis_mpam/track.npy,simac,4,1.0,1.0,1.0,nan,nan,nan
simac/simac_more_greek_Smokovitis_-_Prwino_tsigaro/track.npy,simac,4,0.5853658536585367,0.0,0.8888888888888888,nan,nan,nan
simac/simac_selected_ambient_works_8592_actium/track.npy,simac,4,1.0,1.0,1.0,nan,nan,nan
simac/simac_selected_ambient_works_8592_ptolemy/track.npy,simac,4,0.983050847457627,0.9666666666666667,0.9666666666666667,nan,nan,nan
simac/simac_selected_ambient_works_8592_we_are_the_music_makers/track.npy,simac,4,0.732394366197183,0.13333333333333333,0.7450980392156863,nan,nan,nan
smc/smc_002/track.npy,smc,4,0.45751633986928103,0.0,0.0,nan,nan,nan
smc/smc_009/track.npy,smc,4,0.44274809160305345,0.0,0.0,nan,nan,nan
smc/smc_016/track.npy,smc,4,0.7951807228915663,0.9523809523809523,0.9523809523809523,nan,nan,nan
smc/smc_030/track.npy,smc,4,0.9406779661016949,0.825,0.825,nan,nan,nan
smc/smc_052/track.npy,smc,4,0.7102803738317758,0.8703703703703703,0.8703703703703703,nan,nan,nan
smc/smc_058/track.npy,smc,4,0.47887323943661975,0.8333333333333334,0.8333333333333334,nan,nan,nan
smc/smc_072/track.npy,smc,4,0.8860759493670887,0.975,0.975,nan,nan,nan
smc/smc_074/track.npy,smc,4,0.5070422535211268,0.0,0.0,nan,nan,nan
smc/smc_087/track.npy,smc,4,0.7971014492753623,0.5384615384615384,0.5384615384615384,nan,nan,nan
smc/smc_105/track.npy,smc,4,0.2568807339449541,0.0,0.2702702702702703,nan,nan,nan
smc/smc_126/track.npy,smc,4,0.9473684210526315,0.9736842105263158,0.9736842105263158,nan,nan,nan
smc/smc_127/track.npy,smc,4,0.4776119402985074,0.1111111111111111,0.2459016393442623,nan,nan,nan
smc/smc_149/track.npy,smc,4,0.4161073825503355,0.0,0.33962264150943394,nan,nan,nan
smc/smc_175/track.npy,smc,4,0.23255813953488372,0.24,0.24,nan,nan,nan
smc/smc_203/track.npy,smc,4,0.25,0.0,0.012987012987012988,nan,nan,nan
smc/smc_209/track.npy,smc,4,0.6341463414634146,0.8333333333333334,0.8333333333333334,nan,nan,nan
smc/smc_220/track.npy,smc,4,0.7835051546391754,0.5454545454545454,0.5454545454545454,nan,nan,nan
smc/smc_222/track.npy,smc,4,0.5625,0.46153846153846156,0.46153846153846156,nan,nan,nan
smc/smc_227/track.npy,smc,4,0.547945205479452,0.631578947368421,0.631578947368421,nan,nan,nan
smc/smc_229/track.npy,smc,4,0.9318181818181818,1.0,1.0,nan,nan,nan
smc/smc_242/track.npy,smc,4,0.7032967032967032,0.8695652173913043,0.8695652173913043,nan,nan,nan
smc/smc_253/track.npy,smc,4,0.6410256410256411,0.7692307692307693,0.7692307692307693,nan,nan,nan
smc/smc_259/track.npy,smc,4,0.5428571428571428,0.4772727272727273,0.4772727272727273,nan,nan,nan
smc/smc_262/track.npy,smc,4,0.6923076923076923,0.3968253968253968,0.3968253968253968,nan,nan,nan
smc/smc_279/track.npy,smc,4,1.0,1.0,1.0,nan,nan,nan
smc/smc_281/track.npy,smc,4,1.0,1.0,1.0,nan,nan,nan
smc/smc_288/track.npy,smc,4,0.9914529914529915,0.9830508474576272,0.9830508474576272,nan,nan,nan
tapcorrect/004_youtube_IwOfCgkyEj0/track.npy,tapcorrect,4,0.9991189427312775,0.9964788732394366,0.9964788732394366,0.9964664310954063,0.9859154929577465,0.9859154929577465
tapcorrect/007_youtube_9QnUOrTsxXA/track.npy,tapcorrect,4,0.9943342776203966,0.9887323943661972,0.9887323943661972,0.9943502824858756,0.9887640449438202,0.9887640449438202
tapcorrect/009_youtube_hRFLv29K__o/track.npy,tapcorrect,4,1.0,1.0,1.0,0.9707112970711297,0.8861788617886179,0.8861788617886179
tapcorrect/018_youtube_wVyggTKDcOE/track.npy,tapcorrect,4,0.9648382559774965,0.9831460674157303,0.9831460674157303,1.0,1.0,1.0
tapcorrect/026_youtube__X6DCz3pkYA/track.npy,tapcorrect,4,0.991128010139417,0.9824120603015075,0.9824120603015075,0.9949238578680203,0.98989898989899,0.98989898989899
tapcorrect/038_youtube_eVTXPUF4Oz4/track.npy,tapcorrect,4,0.9900709219858156,0.9858356940509915,0.9858356940509915,0.9942857142857142,0.9886363636363636,0.9886363636363636
tapcorrect/040_youtube_1zrxnqejwCk/track.npy,tapcorrect,4,0.9985315712187959,0.9970631424375918,0.9970631424375918,1.0,1.0,1.0
tapcorrect/056_youtube_alYFdNGVL1E/track.npy,tapcorrect,4,0.7800687285223368,0.3361581920903955,0.4725274725274725,0.7375886524822696,0.3493975903614458,0.3493975903614458
tapcorrect/058_youtube_c5dwksSbD34/track.npy,tapcorrect,4,0.6531986531986532,0.0037735849056603774,0.9547169811320755,0.9465648854961831,0.9292929292929293,0.9292929292929293
tapcorrect/067_youtube_MbmFqUtK2aw/track.npy,tapcorrect,4,0.8546798029556649,0.5950782997762863,0.5950782997762863,0.9148936170212766,0.8541666666666666,0.8541666666666666
tapcorrect/081_youtube_pSdUOTuQzWQ/track.npy,tapcorrect,4,0.7709593777009508,0.2812051649928264,0.48695652173913045,0.9356223175965666,0.8632478632478633,0.8632478632478633
tapcorrect/090_youtube_2tmc8rJgxUI/track.npy,tapcorrect,4,0.9436997319034852,0.8071065989847716,0.8071065989847716,0.9230769230769231,0.8404255319148937,0.8404255319148937
tapcorrect/102_youtube_4aiWPx8RU7I/track.npy,tapcorrect,4,0.8743169398907104,0.7766990291262136,0.7766990291262136,0.6985645933014354,0.5428571428571428,0.5428571428571428
asap/Bach_Fugue_bwv_867_HuNY01M/track.npy,asap,5,0.9142857142857143,0.7777777777777778,0.7777777777777778,0.5925925925925926,0.4027777777777778,0.4027777777777778
asap/Bach_Fugue_bwv_867_Sham01M/track.npy,asap,5,0.9608540925266905,0.8827586206896552,0.8827586206896552,0.9503546099290779,0.863013698630137,0.863013698630137
asap/Bach_Fugue_bwv_885_Guo01M/track.npy,asap,5,0.7581227436823105,0.38782051282051283,0.38782051282051283,0.3153153153153153,0.0425531914893617,0.05673758865248227
asap/Bach_Fugue_bwv_885_Huang04M/track.npy,asap,5,0.963855421686747,0.8941176470588236,0.8941176470588236,0.44324324324324327,0.18269230769230768,0.18269230769230768
asap/Bach_Fugue_bwv_885_JeonH01M/track.npy,asap,5,0.42585551330798477,0.14385964912280702,0.17894736842105263,0.1590909090909091,0.03825136612021858,0.03825136612021858
asap/Bach_Fugue_bwv_885_SINKEV06/track.npy,asap,5,0.08016032064128256,0.16666666666666666,0.16666666666666666,0.08301886792452831,0.005434782608695652,0.17391304347826086
asap/Bach_Fugue_bwv_892_Hou01M/track.npy,asap,5,0.9779951100244498,0.9271844660194175,0.9271844660194175,0.9547738693467337,0.8823529411764706,0.8823529411764706
asap/Bach_Fugue_bwv_892_KabuliL01M/track.npy,asap,5,0.9975308641975309,0.9901477832512315,0.9901477832512315,0.9950738916256158,0.9803921568627451,0.9803921568627451
asap/Bach_Prelude_bwv_874_BianF01M/track.npy,asap,5,0.9863013698630136,0.9592760180995475,0.9592760180995475,0.6585365853658536,0.0,0.9454545454545454
asap/Bach_Prelude_bwv_874_WongWY01M/track.npy,asap,5,0.9863013698630138,0.9772727272727273,0.9772727272727273,0.6463414634146342,0.0,0.9636363636363636
asap/Bach_Prelude_bwv_875_Ahfat01M/track.npy,asap,5,0.849462365591398,0.6119402985074627,0.6119402985074627,0.7563025210084033,0.6451612903225806,0.6451612903225806
asap/Bach_Prelude_bwv_875_CaoJ01M/track.npy,asap,5,0.9572649572649573,0.88268156424581,0.88268156424581,0.9649122807017544,0.9310344827586207,0.9310344827586207
asap/Bach_Prelude_bwv_875_HONG04M/track.npy,asap,5,0.9318181818181819,0.8333333333333334,0.8333333333333334,0.7967479674796748,0.5692307692307692,0.5692307692307692
asap/Beethoven_Piano_Sonatas_12-1_Kleisen05M/track.npy,asap,5,0.9016641452344932,0.802962962962963,0.802962962962963,0.48605577689243024,0.18181818181818182,0.18181818181818182
asap/Beethoven_Piano_Sonatas_21-3_KimSY04M/track.npy,asap,5,0.922429906542056,0.8423005565862709,0.8423005565862709,0.6558516801853999,0.20964749536178107,0.41358024691358025
asap/Beethoven_Piano_Sonatas_21-3_Sekino05M/track.npy,asap,5,0.8566176470588235,0.6785063752276868,0.6785063752276868,0.566744730679157,0.15398886827458255,0.29523809523809524
asap/Beethoven_Piano_Sonatas_21-3_YOO05M/track.npy,asap,5,0.8815551537070525,0.7665198237885462,0.7665198237885462,0.6326767091541134,0.18923933209647495,0.3611111111111111
asap/Beethoven_Piano_Sonatas_26-2_LEE_K05M/track.npy,asap,5,0.4429530201342282,0.013888888888888888,0.35648148148148145,0.39285714285714285,0.023622047244094488,0.07874015748031496
asap/Beethoven_Piano_Sonatas_28-1_KimHJ02M/track.npy,asap,5,0.6995515695067266,0.4796747967479675,0.4796747967479675,0.42790697674418604,0.2956521739130435,0.2956521739130435
asap/Beethoven_Piano_Sonatas_28-1_KyykhynenT06M/track.npy,asap,5,0.761904761904762,0.6545454545454545,0.6545454545454545,0.5306122448979592,0.39,0.39
asap/Beethoven_Piano_Sonatas_28-1_WangY04M/track.npy,asap,5,0.7213114754098361,0.5682819383259912,0.5682819383259912,0.5853658536585366,0.2671232876712329,0.27638190954773867
asap/Beethoven_Piano_Sonatas_31-1_ADIG05M/track.npy,asap,5,0.6687697160883281,0.13628899835796388,0.5812591508052709,0.42666666666666664,0.06513409961685823,0.06513409961685823
asap/Beethoven_Piano_Sonatas_31-1_AbdelmoulaJS03M/track.npy,asap,5,0.6709677419354839,0.16666666666666666,0.5241581259150805,0.4362606232294618,0.03347280334728033,0.13807531380753138
asap/Beethoven_Piano_Sonatas_31-1_Ahfat02M/track.npy,asap,5,0.6149312377210217,0.07988165680473373,0.5797950219619327,0.43783783783783786,0.0546875,0.05859375
asap/Beethoven_Piano_Sonatas_31-1_BrendleA03M/track.npy,asap,5,0.6430868167202572,0.1319796954314721,0.5402635431918009,0.4823848238482384,0.08627450980392157,0.1568627450980392
asap/Beethoven_Piano_Sonatas_31-1_HuangSW08M/track.npy,asap,5,0.6616702355460385,0.13851351351351351,0.6281112737920937,0.4230769230769231,0.050505050505050504,0.1762114537444934
asap/Beethoven_Piano_Sonatas_31-1_LeungM03M/track.npy,asap,5,0.6243705941591137,0.09370199692780339,0.6076134699853587,0.5029940119760479,0.06818181818181818,0.27312775330396477
asap/Beethoven_Piano_Sonatas_31-1_Na06M/track.npy,asap,5,0.6358974358974359,0.12322274881516587,0.5490483162518301,0.4904458598726115,0.12,0.23788546255506607
asap/Beethoven_Piano_Sonatas_31-1_Zuber04M/track.npy,asap,5,0.6038500506585615,0.06666666666666667,0.5929721815519766,0.33532934131736525,0.01818181818181818,0.1762114537444934
asap/Chopin_Ballades_1_BuiJL04M/track.npy,asap,5,0.626388888888889,0.25916561314791403,0.25916561314791403,0.5205479452054794,0.2336448598130841,0.2336448598130841
asap/Chopin_Ballades_1_JIA06M/track.npy,asap,5,0.5685660613650595,0.14044350580781415,0.14044350580781415,0.4724137931034482,0.19242902208201892,0.19242902208201892
asap/Chopin_Ballades_1_KimSuyeon04M/track.npy,asap,5,0.617283950617284,0.22277227722772278,0.22277227722772278,0.5352112676056338,0.28852459016393445,0.28852459016393445
asap/Chopin_Ballades_1_Mo07M/track.npy,asap,5,0.5979899497487439,0.16755037115588547,0.16755037115588547,0.4904347826086957,0.2724358974358974,0.2724358974358974
asap/Chopin_Ballades_1_MunA19M/track.npy,asap,5,0.6141538461538462,0.20326864147088866,0.20326864147088866,0.5,0.2206703910614525,0.2206703910614525
asap/Chopin_Ballades_1_Richardson13M/track.npy,asap,5,0.5994865211810013,0.1705170517051705,0.1705170517051705,0.5183823529411765,0.24199288256227758,0.24199288256227758
asap/Chopin_Ballades_1_Sladek04M/track.npy,asap,5,0.6406035665294926,0.27037037037037037,0.27037037037037037,0.5380333951762523,0.33935018050541516,0.33935018050541516
asap/Chopin_Ballades_1_Zhou06M/track.npy,asap,5,0.6331994645247657,0.259478672985782,0.259478672985782,0.48581560283687947,0.2757475083056478,0.2757475083056478
asap/Chopin_Ballades_4_ChenC04M/track.npy,asap,5,0.6223207686622321,0.2565864833906071,0.2565864833906071,0.48872180451127817,0.2534246575342466,0.2534246575342466
asap/Chopin_Ballades_4_Kociuban07M/track.npy,asap,5,0.6031294452347084,0.252972972972973,0.252972972972973,0.4553415061295972,0.24242424242424243,0.24242424242424243
asap/Chopin_Ballades_4_Levitsky18M/track.npy,asap,5,0.6082474226804123,0.2619589977220957,0.2619589977220957,0.5124282982791587,0.30742049469964666,0.30742049469964666
asap/Chopin_Ballades_4_LuEric04M/track.npy,asap,5,0.6179693206720234,0.25871766029246346,0.25871766029246346,0.4846153846153846,0.24642857142857144,0.24642857142857144
asap/Chopin_Ballades_4_MiyashitaM04M/track.npy,asap,5,0.6276276276276276,0.3075117370892019,0.3075117370892019,0.5051395007342144,0.16326530612244897,0.302713987473904
asap/Chopin_Ballades_4_Mizumoto02M/track.npy,asap,5,0.5985815602836878,0.25053763440860216,0.25053763440860216,0.4557823129251701,0.23850574712643677,0.23850574712643677
asap/Chopin_Ballades_4_Nikiforov13M/track.npy,asap,5,0.5718232044198895,0.1952479338842975,0.1952479338842975,0.436426116838488,0.14327485380116958,0.18997912317327767
asap/Chopin_Etudes_op_25_10_Guo02M/track.npy,asap,5,0.8004807692307693,0.550561797752809,0.550561797752809,0.39215686274509803,0.2302158273381295,0.2302158273381295
asap/Chopin_Etudes_op_25_10_Ozel05M/track.npy,asap,5,0.780426599749059,0.6339066339066339,0.6339066339066339,0.44666666666666666,0.15300546448087432,0.19313304721030042
asap/Chopin_Etudes_op_25_10_WangA03M/track.npy,asap,5,0.7173100871731007,0.4746987951807229,0.4746987951807229,0.45783132530120485,0.22556390977443608,0.22556390977443608
asap/Haydn_Keyboard_Sonatas_48-1_GarritsonL02M/track.npy,asap,5,0.7539461467038069,0.49666666666666665,0.49666666666666665,0.6077586206896551,0.2262295081967213,0.2262295081967213
asap/Haydn_Keyboard_Sonatas_48-1_PrjevalskayaM02M/track.npy,asap,5,0.7844990548204158,0.5859106529209622,0.5859106529209622,0.5612903225806452,0.3710691823899371,0.3710691823899371
asap/Liszt_Gran_Etudes_de_Paganini_6_Theme_and_Variations_repeat_KanM09M/track.npy,asap,5,0.750965250965251,0.4438860971524288,0.4438860971524288,0.7357293868921776,0.562992125984252,0.562992125984252
asap/Schubert_Impromptu_op.90_D.899_3_LEE_K04M/track.npy,asap,5,0.8483965014577259,0.8939828080229226,0.8939828080229226,0.8941176470588236,0.9176470588235294,0.9176470588235294
asap/Schubert_Piano_Sonatas_664-3_KabuliL12M/track.npy,asap,5,0.6831683168316832,0.23506988564167725,0.23506988564167725,0.5790554414784395,0.2773722627737226,0.2773722627737226
asap/Schubert_Wanderer_fantasie_Larionova05M/track.npy,asap,5,0.7352350341502613,0.42192948469585434,0.42192948469585434,0.5766725873297809,0.17659137577002054,0.24772568229531142
asap/Schubert_Wanderer_fantasie_SunY10M/track.npy,asap,5,0.7907348242811502,0.4887016468785906,0.4887016468785906,0.6286742651469707,0.25945378151260506,0.25945378151260506
asap/Schumann_Kreisleriana_1_ParkJH04M/track.npy,asap,5,0.6633825944170773,0.2625994694960212,0.31965442764578833,0.43097643097643096,0.15469613259668508,0.19913419913419914
asap/Schumann_Kreisleriana_1_Yarden09M/track.npy,asap,5,0.45168067226890757,0.01808066759388039,0.2809457579972184,0.3282674772036474,0.014084507042253521,0.3116883116883117
asap/Schumann_Toccata_WangY07M/track.npy,asap,5,0.7016783974011912,0.3190127970749543,0.3190127970749543,0.6345177664974619,0.559610705596107,0.559610705596107
asap/Schumann_Toccata_no_repeat_DupreeF13M/track.npy,asap,5,0.7286184210526316,0.5311077389984825,0.5311077389984825,0.6604823747680891,0.6594982078853047,0.6594982078853047
asap/Scriabin_Sonatas_5_ChernovA06M/track.npy,asap,5,0.5123152709359606,0.20555555555555555,0.20555555555555555,0.2529411764705882,0.11744386873920552,0.11917098445595854
asap/Scriabin_Sonatas_5_FaB05M/track.npy,asap,5,0.4738243123336291,0.15,0.15,0.3448275862068966,0.11747430249632893,0.11747430249632893
asap/Scriabin_Sonatas_5_GarritsonL06M/track.npy,asap,5,0.5175925925925926,0.19639794168096056,0.19639794168096056,0.27873855544252285,0.13133208255159476,0.13133208255159476
asap/Scriabin_Sonatas_5_Ko07M/track.npy,asap,5,0.529438202247191,0.2190784155214228,0.2190784155214228,0.3202545068928951,0.13562753036437247,0.13562753036437247
asap/Scriabin_Sonatas_5_Na07M/track.npy,asap,5,0.5166524338172501,0.2129080118694362,0.2129080118694362,0.3447228549734244,0.08073817762399077,0.1757508342602892
asap/Scriabin_Sonatas_5_Yeletskiy07M/track.npy,asap,5,0.5531914893617023,0.2145481263776635,0.2145481263776635,0.3802469135802469,0.11082138200782268,0.12067039106145251
ballroom/ballroom_Albums-AnaBelen_Veneo-02/track.npy,ballroom,5,0.9647058823529412,0.9302325581395349,0.9302325581395349,0.9523809523809523,0.9090909090909091,0.9090909090909091
ballroom/ballroom_Albums-Ballroom_Classics4-03/track.npy,ballroom,5,0.8888888888888888,0.9722222222222222,0.9722222222222222,0.9166666666666666,1.0,1.0
ballroom/ballroom_Albums-Ballroom_Classics4-04/track.npy,ballroom,5,1.0,1.0,1.0,1.0,1.0,1.0
ballroom/ballroom_Albums-Ballroom_Classics4-13/track.npy,ballroom,5,0.8843537414965986,0.8243243243243243,0.8243243243243243,0.8695652173913043,0.8333333333333334,0.8333333333333334
ballroom/ballroom_Albums-Ballroom_Magic-01/track.npy,ballroom,5,0.9855072463768115,0.9714285714285714,0.9714285714285714,1.0,1.0,1.0
ballroom/ballroom_Albums-Ballroom_Magic-06/track.npy,ballroom,5,1.0,1.0,1.0,1.0,1.0,1.0
ballroom/ballroom_Albums-Ballroom_Magic-07/track.npy,ballroom,5,0.9906542056074767,0.9814814814814815,0.9814814814814815,1.0,1.0,1.0
ballroom/ballroom_Albums-Cafe_Paradiso-04/track.npy,ballroom,5,1.0,1.0,1.0,1.0,1.0,1.0
ballroom/ballroom_Albums-Cafe_Paradiso-09/track.npy,ballroom,5,1.0,1.0,1.0,1.0,1.0,1.0
ballroom/ballroom_Albums-Chrisanne1-05/track.npy,ballroom,5,0.9814814814814815,0.9814814814814815,0.9814814814814815,0.9285714285714286,1.0,1.0
ballroom/ballroom_Albums-Chrisanne1-13/track.npy,ballroom,5,1.0,1.0,1.0,1.0,1.0,1.0
ballroom/ballroom_Albums-Chrisanne3-07/track.npy,ballroom,5,0.993103448275862,0.9726027397260274,0.9726027397260274,0.9795918367346939,0.96,0.96
ballroom/ballroom_Albums-Fire-01/track.npy,ballroom,5,0.9902912621359222,0.9807692307692307,0.9807692307692307,1.0,1.0,1.0
ballroom/ballroom_Albums-Fire-08/track.npy,ballroom,5,0.9904761904761905,0.9811320754716981,0.9811320754716981,1.0,1.0,1.0
ballroom/ballroom_Albums-Latin_Jam2-08/track.npy,ballroom,5,1.0,1.0,1.0,1.0,1.0,1.0
ballroom/ballroom_Albums-Latin_Jam3-04/track.npy,ballroom,5,1.0,1.0,1.0,1.0,1.0,1.0
ballroom/ballroom_Albums-Latin_Jam3-07/track.npy,ballroom,5,0.9885057471264368,0.9772727272727273,0.9772727272727273,1.0,1.0,1.0
ballroom/ballroom_Albums-Latin_Jam3-08/track.npy,ballroom,5,0.9885057471264368,0.9772727272727273,0.9772727272727273,0.9523809523809523,0.9090909090909091,0.9090909090909091
ballroom/ballroom_Albums-Latin_Jam4-12/track.npy,ballroom,5,1.0,1.0,1.0,1.0,1.0,1.0
ballroom/ballroom_Albums-Macumba-01/track.npy,ballroom,5,1.0,1.0,1.0,1.0,1.0,1.0
ballroom/ballroom_Albums-Macumba-02/track.npy,ballroom,5,0.9902912621359222,0.9807692307692307,0.9807692307692307,1.0,1.0,1.0
ballroom/ballroom_Albums-Pais_Tropical-01/track.npy,ballroom,5,1.0,1.0,1.0,1.0,1.0,1.0
ballroom/ballroom_Albums-Pais_Tropical-04/track.npy,ballroom,5,1.0,1.0,1.0,1.0,1.0,1.0
ballroom/ballroom_Albums-Pais_Tropical-16/track.npy,ballroom,5,1.0,1.0,1.0,0.21621621621621623,0.15789473684210525,0.6842105263157895
ballroom/ballroom_Albums-Step_By_Step-07/track.npy,ballroom,5,1.0,1.0,1.0,1.0,1.0,1.0
ballroom/ballroom_Albums-StrictlyDancing_Tango-01/track.npy,ballroom,5,1.0,1.0,1.0,1.0,1.0,1.0
ballroom/ballroom_Albums-StrictlyDancing_Tango-09/track.npy,ballroom,5,0.9904761904761905,0.9811320754716981,0.9811320754716981,1.0,1.0,1.0
ballroom/ballroom_Albums-StrictlyDancing_Tango-14/track.npy,ballroom,5,1.0,1.0,1.0,1.0,1.0,1.0
ballroom/ballroom_Media-103402/track.npy,ballroom,5,1.0,1.0,1.0,1.0,1.0,1.0
ballroom/ballroom_Media-103512/track.npy,ballroom,5,1.0,1.0,1.0,1.0,1.0,1.0
ballroom/ballroom_Media-103610/track.npy,ballroom,5,0.967032967032967,0.9361702127659575,0.9361702127659575,1.0,1.0,1.0
ballroom/ballroom_Media-103714/track.npy,ballroom,5,0.8593750000000001,0.5205479452054794,0.5205479452054794,0.6896551724137931,0.16666666666666666,0.5454545454545454
ballroom/ballroom_Media-103717/track.npy,ballroom,5,0.9841269841269841,0.96875,0.96875,1.0,1.0,1.0
ballroom/ballroom_Media-103816/track.npy,ballroom,5,1.0,1.0,1.0,1.0,1.0,1.0
ballroom/ballroom_Media-103819/track.npy,ballroom,5,1.0,1.0,1.0,1.0,1.0,1.0
ballroom/ballroom_Media-103904/track.npy,ballroom,5,1.0,1.0,1.0,0.0,0.0,0.9
ballroom/ballroom_Media-103906/track.npy,ballroom,5,1.0,1.0,1.0,1.0,1.0,1.0
ballroom/ballroom_Media-103909/track.npy,ballroom,5,0.9902912621359222,0.9807692307692307,0.9807692307692307,0.9600000000000001,0.9230769230769231,0.9230769230769231
ballroom/ballroom_Media-103918/track.npy,ballroom,5,0.9915966386554621,0.9833333333333333,0.9833333333333333,1.0,1.0,1.0
ballroom/ballroom_Media-104110/track.npy,ballroom,5,1.0,1.0,1.0,1.0,1.0,1.0
ballroom/ballroom_Media-104115/track.npy,ballroom,5,0.9876543209876543,0.975609756097561,0.975609756097561,1.0,1.0,1.0
ballroom/ballroom_Media-104116/track.npy,ballroom,5,0.9911504424778761,0.9824561403508771,0.9824561403508771,0.9655172413793104,0.9333333333333333,0.9333333333333333
ballroom/ballroom_Media-104119/track.npy,ballroom,5,0.993103448275862,0.9863013698630136,0.9863013698630136,0.7906976744186047,0.4,0.42857142857142855
ballroom/ballroom_Media-104205/track.npy,ballroom,5,1.0,1.0,1.0,1.0,1.0,1.0
ballroom/ballroom_Media-104302/track.npy,ballroom,5,0.9032258064516129,0.8235294117647058,0.8235294117647058,0.9523809523809523,0.9090909090909091,0.9090909090909091
ballroom/ballroom_Media-104304/track.npy,ballroom,5,1.0,1.0,1.0,1.0,1.0,1.0
ballroom/ballroom_Media-104309/track.npy,ballroom,5,1.0,1.0,1.0,1.0,1.0,1.0
ballroom/ballroom_Media-104316/track.npy,ballroom,5,0.9942196531791908,0.9885057471264368,0.9885057471264368,0.9767441860465117,0.9545454545454546,0.9545454545454546
ballroom/ballroom_Media-104402/track.npy,ballroom,5,1.0,1.0,1.0,1.0,1.0,1.0
ballroom/ballroom_Media-104503/track.npy,ballroom,5,1.0,1.0,1.0,1.0,1.0,1.0
ballroom/ballroom_Media-104608/track.npy,ballroom,5,0.9931972789115647,0.9864864864864865,0.9864864864864865,1.0,1.0,1.0
ballroom/ballroom_Media-104718/track.npy,ballroom,5,0.9828571428571428,0.9659090909090909,0.9659090909090909,0.9767441860465117,0.9545454545454546,0.9545454545454546
ballroom/ballroom_Media-105003/track.npy,ballroom,5,0.8450704225352113,0.8611111111111112,0.8611111111111112,0.9523809523809523,0.9090909090909091,0.9090909090909091
ballroom/ballroom_Media-105006/track.npy,ballroom,5,0.7931034482758621,0.6571428571428571,0.6571428571428571,0.8,0.6666666666666666,0.6666666666666666
ballroom/ballroom_Media-105010/track.npy,ballroom,5,0.9933774834437086,0.9868421052631579,0.9868421052631579,0.9803921568627451,0.9615384615384616,0.9615384615384616
ballroom/ballroom_Media-105104/track.npy,ballroom,5,1.0,1.0,1.0,1.0,1.0,1.0
ballroom/ballroom_Media-105120/track.npy,ballroom,5,0.9941520467836257,0.9883720930232558,0.9883720930232558,1.0,1.0,1.0
ballroom/ballroom_Media-105303/track.npy,ballroom,5,1.0,1.0,1.0,1.0,1.0,1.0
ballroom/ballroom_Media-105306/track.npy,ballroom,5,0.9714285714285713,0.9622641509433962,0.9622641509433962,1.0,1.0,1.0
ballroom/ballroom_Media-105309/track.npy,ballroom,5,0.9932885906040269,0.9866666666666667,0.9866666666666667,1.0,1.0,1.0
ballroom/ballroom_Media-105314/track.npy,ballroom,5,0.988095238095238,0.9294117647058824,0.9294117647058824,0.975609756097561,0.9523809523809523,0.9523809523809523
ballroom/ballroom_Media-105315/track.npy,ballroom,5,0.9883720930232558,0.9770114942528736,0.9770114942528736,1.0,1.0,1.0
ballroom/ballroom_Media-105410/track.npy,ballroom,5,0.9743589743589743,0.9743589743589743,0.9743589743589743,1.0,1.0,1.0
ballroom/ballroom_Media-105413/track.npy,ballroom,5,0.9924812030075187,0.9850746268656716,0.9850746268656716,0.9696969696969697,0.9411764705882353,0.9411764705882353
ballroom/ballroom_Media-105416/track.npy,ballroom,5,0.9863013698630138,0.972972972972973,0.972972972972973,0.6428571428571429,0.0,0.8947368421052632
ballroom/ballroom_Media-105504/track.npy,ballroom,5,0.9444444444444444,1.0,1.0,0.9166666666666666,1.0,1.0
ballroom/ballroom_Media-105510/track.npy,ballroom,5,0.9863013698630138,0.972972972972973,0.972972972972973,0.9795918367346939,0.96,0.96
ballroom/ballroom_Media-105511/track.npy,ballroom,5,0.9932885906040269,0.9866666666666667,0.9866666666666667,1.0,1.0,1.0
ballroom/ballroom_Media-105517/track.npy,ballroom,5,0.988095238095238,0.9764705882352941,0.9764705882352941,0.975609756097561,0.9523809523809523,0.9523809523809523
ballroom/ballroom_Media-105518/track.npy,ballroom,5,0.988095238095238,0.9764705882352941,0.9764705882352941,1.0,1.0,1.0
ballroom/ballroom_Media-105606/track.npy,ballroom,5,0.988235294117647,0.9767441860465116,0.9767441860465116,1.0,1.0,1.0
ballroom/ballroom_Media-105611/track.npy,ballroom,5,0.9885057471264368,0.9772727272727273,0.9772727272727273,0.9523809523809523,0.9090909090909091,0.9090909090909091
ballroom/ballroom_Media-105615/track.npy,ballroom,5,0.9887640449438202,0.9777777777777777,0.9777777777777777,1.0,1.0,1.0
ballroom/ballroom_Media-105701/track.npy,ballroom,5,0.9866666666666666,0.9736842105263158,0.9736842105263158,1.0,1.0,1.0
ballroom/ballroom_Media-105708/track.npy,ballroom,5,0.9798657718120806,0.9605263157894737,0.9605263157894737,0.9795918367346939,0.96,0.96
ballroom/ballroom_Media-105802/track.npy,ballroom,5,1.0,1.0,1.0,1.0,1.0,1.0
ballroom/ballroom_Media-105807/track.npy,ballroom,5,0.9906542056074767,0.9814814814814815,0.9814814814814815,0.962962962962963,0.9285714285714286,0.9285714285714286
ballroom/ballroom_Media-105816/track.npy,ballroom,5,0.9940828402366864,0.9882352941176471,0.9882352941176471,1.0,1.0,1.0
ballroom/ballroom_Media-105818/track.npy,ballroom,5,1.0,1.0,1.0,1.0,1.0,1.0
ballroom/ballroom_Media-106007/track.npy,ballroom,5,0.9811320754716981,0.9629629629629629,0.9629629629629629,1.0,1.0,1.0
ballroom/ballroom_Media-106012/track.npy,ballroom,5,0.9761904761904763,0.9534883720930233,0.9534883720930233,0.9523809523809523,0.9090909090909091,0.9090909090909091
ballroom/ballroom_Media-106103/track.npy,ballroom,5,0.9811320754716981,0.9629629629629629,0.9629629629629629,1.0,1.0,1.0
ballroom/ballroom_Media-106104/track.npy,ballroom,5,0.9811320754716981,0.9629629629629629,0.9629629629629629,0.962962962962963,0.9285714285714286,0.9285714285714286
ballroom/ballroom_Media-106105/track.npy,ballroom,5,0.9807692307692307,0.9622641509433962,0.9622641509433962,1.0,1.0,1.0
ballroom/ballroom_Media-106118/track.npy,ballroom,5,0.8378378378378378,0.4418604651162791,0.4418604651162791,0.631578947368421,0.0,0.6
beatles/beatles_01_Please_Please_Me_08_Love_Me_Do/track.npy,beatles,5,0.9700787401574804,0.8953846153846153,0.8953846153846153,0.968944099378882,0.9024390243902439,0.9024390243902439
beatles/beatles_01_Please_Please_Me_10_Baby_Its_You/track.npy,beatles,5,1.0,1.0,1.0,1.0,1.0,1.0
beatles/beatles_02_With_the_Beatles_12_Devil_In_Her_Heart/track.npy,beatles,5,1.0,1.0,1.0,1.0,1.0,1.0
beatles/beatles_02_With_the_Beatles_13_Not_A_Second_Time/track.npy,beatles,5,0.995967741935484,0.9919678714859438,0.9919678714859438,1.0,1.0,1.0
beatles/beatles_03_A_Hard_Days_Night_11_When_I_Get_Home/track.npy,beatles,5,0.9981167608286252,0.9962406015037594,0.9962406015037594,1.0,1.0,1.0
beatles/beatles_03_A_Hard_Days_Night_12_You_Cant_Do_That/track.npy,beatles,5,0.9887640449438203,0.9808917197452229,0.9808917197452229,0.9871794871794872,0.9746835443037974,0.9746835443037974
beatles/beatles_04_Beatles_for_Sale_12_I_Dont_Want_to_Spoil_the_Party/track.npy,beatles,5,1.0,1.0,1.0,1.0,1.0,1.0
beatles/beatles_05_Help_02_The_Night_Before/track.npy,beatles,5,1.0,1.0,1.0,1.0,1.0,1.0
beatles/beatles_05_Help_10_You_Like_Me_Too_Much/track.npy,beatles,5,0.658307210031348,0.002364066193853428,0.958139534883721,0.882051282051282,0.6226415094339622,0.6226415094339622
beatles/beatles_06_Rubber_Soul_10_Im_Looking_Through_You/track.npy,beatles,5,0.664406779661017,0.0,0.9923857868020305,0.6666666666666666,0.0,0.9897959183673469
beatles/beatles_06_Rubber_Soul_13_If_I_Needed_Someone/track.npy,beatles,5,0.998211091234347,0.9964285714285714,0.9964285714285714,1.0,1.0,1.0
beatles/beatles_07_Revolver_03_Im_Only_Sleeping/track.npy,beatles,5,0.972318339100346,0.9692832764505119,0.9692832764505119,0.9726027397260274,0.972972972972973,0.972972972972973
beatles/beatles_07_Revolver_08_Good_Day_Sunshine/track.npy,beatles,5,0.983050847457627,0.9747899159663865,0.9747899159663865,0.9322033898305084,0.9166666666666666,0.9166666666666666
beatles/beatles_08_Sgt_Peppers_Lonely_Hearts_Club_Band_07_Being_For_The_Benefit_Of_Mr_Kite/track.npy,beatles,5,0.9729729729729729,0.9433333333333334,0.9433333333333334,0.9813664596273292,0.9390243902439024,0.9390243902439024
beatles/beatles_09_Magical_Mystery_Tour_06_I_Am_The_Walrus/track.npy,beatles,5,0.9857697283311773,0.9974160206718347,0.9974160206718347,0.9895833333333334,1.0,1.0
beatles/beatles_09_Magical_Mystery_Tour_07_Hello_Goodbye/track.npy,beatles,5,0.9939577039274925,0.987987987987988,0.987987987987988,0.8275862068965517,0.423728813559322,0.423728813559322
beatles/beatles_10_CD1_The_Beatles_16_I_Will/track.npy,beatles,5,0.9910447761194029,0.9822485207100592,0.9822485207100592,1.0,1.0,1.0
beatles/beatles_10_CD2_The_Beatles_01_Birthday/track.npy,beatles,5,1.0,1.0,1.0,1.0,1.0,1.0
beatles/beatles_10_CD2_The_Beatles_13_Good_Night/track.npy,beatles,5,0.8644501278772379,0.9897959183673469,0.9897959183673469,0.5034013605442176,0.0,0.8775510204081632
beatles/beatles_11_Abbey_Road_12_Polythene_Pam/track.npy,beatles,5,0.9891891891891893,0.9572192513368984,0.9572192513368984,0.967032967032967,0.9130434782608695,0.9130434782608695
beatles/beatles_11_Abbey_Road_15_Carry_That_Weight/track.npy,beatles,5,1.0,1.0,1.0,1.0,1.0,1.0
beatles/beatles_12_Let_It_Be_11_For_You_Blue/track.npy,beatles,5,0.9967213114754099,0.9967213114754099,0.9967213114754099,1.0,1.0,1.0
beatles/beatles_12_Let_It_Be_12_Get_Back/track.npy,beatles,5,0.9741935483870969,0.9743589743589743,0.9743589743589743,0.8982035928143713,0.7111111111111111,0.7111111111111111
candombe/csic.1995_ansina2_01/track.npy,candombe,5,1.0,1.0,1.0,1.0,1.0,1.0
candombe/csic.1995_cuareim_01/track.npy,candombe,5,0.9993674889310563,0.9987357774968394,0.9987357774968394,1.0,1.0,1.0
candombe/zavala.muniz.2014_41/track.npy,candombe,5,1.0,1.0,1.0,1.0,1.0,1.0
candombe/zavala.muniz.2014_47/track.npy,candombe,5,0.9986168741355463,0.9972375690607734,0.9972375690607734,1.0,1.0,1.0
filosax/filosax_02/track.npy,filosax,5,0.998587570621469,1.0,1.0,0.9943502824858758,1.0,1.0
filosax/filosax_03/track.npy,filosax,5,0.9990128331688055,0.998025666337611,0.998025666337611,1.0,1.0,1.0
filosax/filosax_22/track.npy,filosax,5,0.9948630136986302,0.9880546075085325,0.9880546075085325,0.9948542024013721,0.9965753424657534,0.9965753424657534
filosax/filosax_36/track.npy,filosax,5,1.0,1.0,1.0,1.0,1.0,1.0
filosax/filosax_37/track.npy,filosax,5,0.9962962962962962,0.992619926199262,0.992619926199262,0.9975308641975309,0.9950738916256158,0.9950738916256158
filosax/filosax_45/track.npy,filosax,5,0.9980250164581963,0.9921156373193167,0.9921156373193167,0.9842931937172775,0.9581151832460733,0.9581151832460733
groove_midi/drummer10_session1_10_jazz-swing_110_beat_4-4/track.npy,groove_midi,5,0.9935897435897435,0.9936102236421726,0.9936102236421726,0.6162790697674418,0.39361702127659576,0.39361702127659576
groove_midi/drummer10_session1_4_jazz-swing_215_beat_4-4/track.npy,groove_midi,5,0.9964912280701755,0.986013986013986,0.986013986013986,0.9859154929577464,0.9722222222222222,0.9722222222222222
groove_midi/drummer1_eval_session_3_soul-groove3_86_beat_4-4/track.npy,groove_midi,5,1.0,1.0,1.0,1.0,1.0,1.0
groove_midi/drummer1_session1_184_reggae_78_beat_4-4/track.npy,groove_midi,5,0.9965156794425087,0.9930555555555556,0.9930555555555556,1.0,1.0,1.0
groove_midi/drummer1_session1_1_funk_80_beat_4-4/track.npy,groove_midi,5,0.995433789954338,0.990909090909091,0.990909090909091,0.9818181818181818,0.9642857142857143,0.9642857142857143
groove_midi/drummer1_session1_2_funk_80_beat_4-4/track.npy,groove_midi,5,0.995433789954338,0.990909090909091,0.990909090909091,0.9818181818181818,0.9642857142857143,0.9642857142857143
groove_midi/drummer1_session1_48_jazz_93_beat_4-4/track.npy,groove_midi,5,1.0,1.0,1.0,1.0,1.0,1.0
groove_midi/drummer1_session1_52_jazz_125_beat_4-4/track.npy,groove_midi,5,1.0,1.0,1.0,1.0,1.0,1.0
groove_midi/drummer1_session1_80_dance-breakbeat_170_beat_4-4/track.npy,groove_midi,5,0.9621087314662274,0.8753993610223643,0.8753993610223643,0.9324324324324325,0.9459459459459459,0.9459459459459459
groove_midi/drummer1_session2_35_punk_128_beat_4-4/track.npy,groove_midi,5,0.9977827050997783,0.995575221238938,0.995575221238938,0.9911504424778761,0.9824561403508771,0.9824561403508771
groove_midi/drummer3_session1_11_rock_120_beat_4-4/track.npy,groove_midi,5,1.0,1.0,1.0,1.0,1.0,1.0
groove_midi/drummer3_session1_35_rock_120_beat_4-4/track.npy,groove_midi,5,0.9870129870129869,0.9743589743589743,0.9743589743589743,1.0,1.0,1.0
groove_midi/drummer3_session1_4_rock_105_beat_4-4/track.npy,groove_midi,5,1.0,1.0,1.0,1.0,1.0,1.0
groove_midi/drummer3_session1_8_jazz_105_beat_4-4/track.npy,groove_midi,5,0.767605633802817,0.38650306748466257,0.38650306748466257,0.5714285714285715,0.425,0.425
groove_midi/drummer4_session1_5_latin-brazilian_184_beat_4-4/track.npy,groove_midi,5,0.6666666666666666,0.0,0.9811320754716981,0.45,0.0,0.6428571428571429
groove_midi/drummer5_eval_session_10_soul-groove10_102_beat_4-4/track.npy,groove_midi,5,1.0,1.0,1.0,1.0,1.0,1.0
groove_midi/drummer5_session1_13_afrocuban-calypso_124_beat_4-4/track.npy,groove_midi,5,0.9992952783650458,0.9985915492957746,0.9985915492957746,0.9971830985915493,0.9943820224719101,0.9943820224719101
groove_midi/drummer5_session1_18_afrocuban_128_beat_4-4/track.npy,groove_midi,5,0.9027081243731194,0.7729007633587787,0.7729007633587787,0.9159663865546218,0.9083333333333333,0.9083333333333333
groove_midi/drummer5_session1_7_latin-brazilian-maracatu_96_beat_4-4/track.npy,groove_midi,5,0.9260143198090693,0.7617977528089888,0.7617977528089888,0.8529411764705883,0.7619047619047619,0.7619047619047619
groove_midi/drummer5_session2_4_reggae_141_beat_4-4/track.npy,groove_midi,5,0.9142857142857144,0.6877637130801688,0.6877637130801688,0.02542372881355932,0.008403361344537815,0.923728813559322
groove_midi/drummer7_eval_session_10_soul-groove10_102_beat_4-4/track.npy,groove_midi,5,1.0,1.0,1.0,1.0,1.0,1.0
groove_midi/drummer7_eval_session_8_rock-groove8_65_beat_4-4/track.npy,groove_midi,5,0.9743589743589743,0.9830508474576272,0.9830508474576272,0.9655172413793104,0.9333333333333333,0.9333333333333333
groove_midi/drummer7_session1_14_jazz_100_beat_4-4/track.npy,groove_midi,5,0.978021978021978,0.9782608695652174,0.9782608695652174,0.42105263157894735,0.0,0.5581395348837209
groove_midi/drummer7_session1_38_hiphop_100_beat_4-4/track.npy,groove_midi,5,1.0,1.0,1.0,0.0,0.0,0.0
groove_midi/drummer7_session1_7_rock_93_beat_4-4/track.npy,groove_midi,5,0.9876543209876543,0.975609756097561,0.975609756097561,0.6451612903225806,0.0,0.9047619047619048
groove_midi/drummer7_session2_100_pop_142_beat_4-4/track.npy,groove_midi,5,0.9818181818181818,0.9642857142857143,0.9642857142857143,1.0,1.0,1.0
groove_midi/drummer7_session2_1_rock_120_beat_4-4/track.npy,groove_midi,5,0.99581589958159,0.9916666666666667,0.9916666666666667,1.0,1.0,1.0
groove_midi/drummer7_session2_29_rock_75_beat_4-4/track.npy,groove_midi,5,0.9411764705882353,1.0,1.0,1.0,1.0,1.0
groove_midi/drummer7_session2_8_rock_95_beat_4-4/track.npy,groove_midi,5,1.0,1.0,1.0,1.0,1.0,1.0
groove_midi/drummer7_session2_96_pop_142_beat_4-4/track.npy,groove_midi,5,0.9947368421052631,0.9842931937172775,0.9842931937172775,1.0,1.0,1.0
groove_midi/drummer7_session3_131_soul_105_beat_4-4/track.npy,groove_midi,5,1.0,1.0,1.0,1.0,1.0,1.0
groove_midi/drummer7_session3_65_funk_112_beat_4-4/track.npy,groove_midi,5,0.9964912280701755,0.993006993006993,0.993006993006993,0.9859154929577464,0.9722222222222222,0.9722222222222222
groove_midi/drummer7_session3_91_neworleans-funk_93_beat_4-4/track.npy,groove_midi,5,1.0,1.0,1.0,1.0,1.0,1.0
groove_midi/drummer8_eval_session_6_hiphop-groove6_87_beat_4-4/track.npy,groove_midi,5,1.0,1.0,1.0,1.0,1.0,1.0
groove_midi/drummer8_eval_session_7_pop-groove7_138_beat_4-4/track.npy,groove_midi,5,0.9904761904761905,0.9811320754716981,0.9811320754716981,0.962962962962963,0.9285714285714286,0.9285714285714286
groove_midi/drummer8_session1_18_funk_108_beat_4-4/track.npy,groove_midi,5,0.9962962962962963,0.9962962962962963,0.9962962962962963,0.4722222222222222,0.3246753246753247,0.4155844155844156
groove_midi/drummer8_session1_19_funk_108_beat_4-4/track.npy,groove_midi,5,0.8882175226586103,0.8143712574850299,0.8143712574850299,0.9079754601226994,0.9390243902439024,0.9390243902439024
groove_midi/drummer8_session1_22_funk_115_beat_4-4/track.npy,groove_midi,5,0.6936026936026936,0.5923566878980892,0.5923566878980892,0.7149321266968326,0.7372881355932204,0.7372881355932204
groove_midi/drummer8_session1_5_hiphop_90_beat_4-4/track.npy,groove_midi,5,0.997289972899729,0.9945945945945946,0.9945945945945946,0.989247311827957,0.9787234042553191,0.9787234042553191
groove_midi/drummer8_session1_9_funk_96_beat_4-4/track.npy,groove_midi,5,0.9967213114754099,0.9934640522875817,0.9934640522875817,0.9870129870129869,0.9743589743589743,0.9743589743589743
groove_midi/drummer9_session1_25_rock_90_beat_4-4/track.npy,groove_midi,5,0.9591836734693877,0.92,0.92,0.8799999999999999,0.9230769230769231,0.9230769230769231
groove_midi/drummer9_session1_2_rock_100_beat_4-4/track.npy,groove_midi,5,1.0,1.0,1.0,0.6451612903225806,0.625,0.625
guitarset/00_BN2-166-Ab_comp_mix/track.npy,guitarset,5,0.6835443037974683,0.12,0.7241379310344828,0.631578947368421,0.0,0.7142857142857143
guitarset/00_BN3-154-E_comp_mix/track.npy,guitarset,5,0.9494949494949494,0.8431372549019608,0.8431372549019608,0.761904761904762,0.3333333333333333,0.4444444444444444
guitarset/00_Funk1-97-C_comp_mix/track.npy,guitarset,5,0.9620253164556962,0.9,0.9,1.0,1.0,1.0
guitarset/01_BN3-119-G_comp_mix/track.npy,guitarset,5,1.0,1.0,1.0,1.0,1.0,1.0
guitarset/01_BN3-154-E_comp_mix/track.npy,guitarset,5,1.0,1.0,1.0,1.0,1.0,1.0
guitarset/01_Rock1-90-C#_comp_mix/track.npy,guitarset,5,0.9876543209876543,0.975609756097561,0.975609756097561,0.9523809523809523,0.9090909090909091,0.9090909090909091
guitarset/01_Rock3-148-C_comp_mix/track.npy,guitarset,5,1.0,1.0,1.0,1.0,1.0,1.0
guitarset/02_BN2-131-B_comp_mix/track.npy,guitarset,5,0.9906542056074767,0.9814814814814815,0.9814814814814815,0.962962962962963,0.9285714285714286,0.9285714285714286
guitarset/02_Jazz3-150-C_comp_mix/track.npy,guitarset,5,0.9902912621359222,0.9807692307692307,0.9807692307692307,0.9600000000000001,0.9230769230769231,0.9230769230769231
guitarset/02_Rock2-142-D_comp_mix/track.npy,guitarset,5,1.0,1.0,1.0,1.0,1.0,1.0
guitarset/02_Rock3-148-C_comp_mix/track.npy,guitarset,5,1.0,1.0,1.0,1.0,1.0,1.0
guitarset/02_SS3-98-C_comp_mix/track.npy,guitarset,5,0.9909909909909909,0.9821428571428571,0.9821428571428571,0.962962962962963,0.9285714285714286,0.9285714285714286
guitarset/03_BN1-147-Gb_comp_mix/track.npy,guitarset,5,0.9859154929577464,0.9722222222222222,0.9722222222222222,0.9411764705882353,0.8888888888888888,0.8888888888888888
guitarset/03_Jazz2-187-F#_comp_mix/track.npy,guitarset,5,0.5194805194805195,0.020833333333333332,0.41379310344827586,0.11764705882352941,0.0,0.3333333333333333
guitarset/03_Rock2-142-D_comp_mix/track.npy,guitarset,5,0.9904761904761905,0.9811320754716981,0.9811320754716981,0.962962962962963,0.9285714285714286,0.9285714285714286
guitarset/03_SS3-98-C_comp_mix/track.npy,guitarset,5,1.0,1.0,1.0,1.0,1.0,1.0
guitarset/04_BN2-131-B_comp_mix/track.npy,guitarset,5,0.9174311926605505,0.8392857142857143,0.8392857142857143,0.9230769230769231,1.0,1.0
guitarset/05_Funk2-108-Eb_comp_mix/track.npy,guitarset,5,0.7499999999999999,0.6666666666666666,0.6666666666666666,0.7500000000000001,0.6153846153846154,0.6153846153846154
guitarset/05_Jazz1-130-D_comp_mix/track.npy,guitarset,5,0.9866666666666666,0.9736842105263158,0.9736842105263158,0.0,0.0,0.8888888888888888
guitarset/05_Jazz1-200-B_comp_mix/track.npy,guitarset,5,0.6382978723404255,0.0,0.9375,0.5454545454545454,0.0,0.75
guitarset/05_Jazz3-150-C_comp_mix/track.npy,guitarset,5,0.9902912621359222,0.9807692307692307,0.9807692307692307,0.9600000000000001,0.9230769230769231,0.9230769230769231
guitarset/05_SS3-84-Bb_comp_mix/track.npy,guitarset,5,1.0,1.0,1.0,1.0,1.0,1.0
hainsworth/hainsworth_001/track.npy,hainsworth,5,1.0,1.0,1.0,1.0,1.0,1.0
hainsworth/hainsworth_016/track.npy,hainsworth,5,0.7733333333333333,0.2391304347826087,0.6206896551724138,0.6666666666666666,0.16666666666666666,0.5
hainsworth/hainsworth_046/track.npy,hainsworth,5,0.9885057471264368,0.9885057471264368,0.9885057471264368,1.0,1.0,1.0
hainsworth/hainsworth_060/track.npy,hainsworth,5,0.9948717948717948,0.9897959183673469,0.9897959183673469,0.6756756756756758,0.0,1.0
hainsworth/hainsworth_070/track.npy,hainsworth,5,0.8672566371681416,0.6341463414634146,0.6341463414634146,0.5208333333333334,0.014285714285714285,0.12857142857142856
hainsworth/hainsworth_074/track.npy,hainsworth,5,0.6732673267326732,0.007462686567164179,0.9851851851851852,0.6666666666666666,0.0,0.9705882352941176
hainsworth/hainsworth_078/track.npy,hainsworth,5,1.0,1.0,1.0,0.4642857142857143,0.42857142857142855,0.42857142857142855
hainsworth/hainsworth_087/track.npy,hainsworth,5,1.0,1.0,1.0,1.0,1.0,1.0
hainsworth/hainsworth_094/track.npy,hainsworth,5,0.9841269841269841,1.0,1.0,1.0,1.0,1.0
hainsworth/hainsworth_095/track.npy,hainsworth,5,0.9950248756218906,0.9900990099009901,0.9900990099009901,1.0,1.0,1.0
hainsworth/hainsworth_098/track.npy,hainsworth,5,1.0,1.0,1.0,1.0,1.0,1.0
hainsworth/hainsworth_103/track.npy,hainsworth,5,0.718232044198895,0.2894736842105263,0.3533834586466165,0.42253521126760574,0.0,0.2962962962962963
hainsworth/hainsworth_119/track.npy,hainsworth,5,1.0,1.0,1.0,0.9350649350649352,0.7804878048780488,0.7804878048780488
hainsworth/hainsworth_127/track.npy,hainsworth,5,0.719298245614035,0.8448275862068966,0.8448275862068966,0.5818181818181818,0.5714285714285714,0.5714285714285714
hainsworth/hainsworth_133/track.npy,hainsworth,5,0.574468085106383,0.52,0.52,0.125,0.0,0.05263157894736842
hainsworth/hainsworth_134/track.npy,hainsworth,5,0.45454545454545453,0.009708737864077669,0.803921568627451,0.4583333333333333,0.52,0.52
hainsworth/hainsworth_146/track.npy,hainsworth,5,1.0,1.0,1.0,1.0,1.0,1.0
hainsworth/hainsworth_148/track.npy,hainsworth,5,1.0,1.0,1.0,1.0,1.0,1.0
hainsworth/hainsworth_157/track.npy,hainsworth,5,1.0,1.0,1.0,1.0,1.0,1.0
hainsworth/hainsworth_160/track.npy,hainsworth,5,1.0,1.0,1.0,1.0,1.0,1.0
hainsworth/hainsworth_164/track.npy,hainsworth,5,1.0,1.0,1.0,1.0,1.0,1.0
hainsworth/hainsworth_168/track.npy,hainsworth,5,1.0,1.0,1.0,1.0,1.0,1.0
hainsworth/hainsworth_205/track.npy,hainsworth,5,0.4821428571428571,0.0,0.0,0.6190476190476191,0.0,0.9310344827586207
hainsworth/hainsworth_208/track.npy,hainsworth,5,0.6699029126213593,0.0,1.0,0.6666666666666666,0.0,0.9705882352941176
hainsworth/hainsworth_217/track.npy,hainsworth,5,1.0,1.0,1.0,1.0,1.0,1.0
hainsworth/hainsworth_229/track.npy,hainsworth,5,1.0,1.0,1.0,1.0,1.0,1.0
hainsworth/hainsworth_233/track.npy,hainsworth,5,1.0,1.0,1.0,1.0,1.0,1.0
hainsworth/hainsworth_241/track.npy,hainsworth,5,0.6708860759493671,0.0,1.0,0.393939393939394,0.0,0.0
harmonix/0011_areyouexperienced/track.npy,harmonix,5,0.9689807976366321,0.9159420289855073,0.9159420289855073,0.5402843601895735,0.07874015748031496,0.5568862275449101
harmonix/0021_better/track.npy,harmonix,5,0.9623430962343097,0.9520833333333333,0.9520833333333333,0.8987854251012145,0.796875,0.796875
harmonix/0036_breakingthegirl/track.npy,harmonix,5,0.9313253012048192,0.8329439252336449,0.8329439252336449,0.6405867970660146,0.03007518796992481,0.8175438596491228
harmonix/0046_castlesmadeofsand/track.npy,harmonix,5,0.8181818181818182,0.7048611111111112,0.7048611111111112,0.49723756906077354,0.21367521367521367,0.36220472440944884
harmonix/0047_chinacatsunflower/track.npy,harmonix,5,0.994269340974212,0.9942857142857143,0.9942857142857143,0.7822222222222223,0.2867647058823529,0.5423728813559322
harmonix/0059_cupidshuffle/track.npy,harmonix,5,0.6953271028037384,0.7690875232774674,0.7690875232774674,0.758364312267658,0.9925925925925926,0.9925925925925926
harmonix/0066_decentdaysandnights/track.npy,harmonix,5,0.9902676399026764,0.9805352798053528,0.9805352798053528,0.6351931330472103,0.328125,0.328125
harmonix/0122_heardemall/track.npy,harmonix,5,0.6817325800376647,0.057803468208092484,0.8726287262872628,0.49612403100775193,0.12195121951219512,0.5161290322580645
harmonix/0130_hotstuff/track.npy,harmonix,5,1.0,1.0,1.0,1.0,1.0,1.0
harmonix/0138_ilikeit/track.npy,harmonix,5,0.9983948635634029,0.9967948717948718,0.9967948717948718,1.0,1.0,1.0
harmonix/0141_indaclub/track.npy,harmonix,5,0.9977628635346756,0.9955357142857143,0.9955357142857143,1.0,1.0,1.0
harmonix/0142_indestructible/track.npy,harmonix,5,0.9297752808988763,0.7454068241469817,0.7454068241469817,0.608294930875576,0.1111111111111111,0.6
harmonix/0150_justdance/track.npy,harmonix,5,1.0,1.0,1.0,1.0,1.0,1.0
harmonix/0166_macarena/track.npy,harmonix,5,1.0,1.0,1.0,0.911764705882353,0.6756756756756757,0.6756756756756757
harmonix/0169_manicdepression/track.npy,harmonix,5,0.9701636188642925,0.9523809523809523,0.9523809523809523,0.5648414985590777,0.3657142857142857,0.3657142857142857
harmonix/0170_manyshadesofblack/track.npy,harmonix,5,0.5118934348239771,0.008974358974358974,0.008974358974358974,0.6336633663366337,0.0,0.9629629629629629
harmonix/0173_massiveattack/track.npy,harmonix,5,0.6384615384615385,0.0,0.9291784702549575,0.534351145038168,0.0,0.797752808988764
harmonix/0174_maythisbelove/track.npy,harmonix,5,0.9420289855072463,0.9042553191489362,0.9042553191489362,0.9343065693430657,0.9285714285714286,0.9285714285714286
harmonix/0175_meddle/track.npy,harmonix,5,0.6678899082568807,0.0,1.0,0.6715328467153284,0.0,1.0
harmonix/0186_nearlylostyou/track.npy,harmonix,5,0.8875000000000001,0.6646341463414634,0.6646341463414634,0.6186440677966102,0.5447154471544715,0.5447154471544715
harmonix/0219_pondereplay/track.npy,harmonix,5,0.6666666666666666,0.0,0.9976851851851852,0.6666666666666666,0.0,0.9907407407407407
harmonix/0223_reallove/track.npy,harmonix,5,1.0,1.0,1.0,0.5909090909090909,0.0,0.8373983739837398
harmonix/0236_rumpshaker/track.npy,harmonix,5,1.0,1.0,1.0,1.0,1.0,1.0
harmonix/0239_sandm/track.npy,harmonix,5,0.9984447900466563,0.9968944099378882,0.9968944099378882,1.0,1.0,1.0
harmonix/0244_sayaah/track.npy,harmonix,5,0.9013452914798206,0.8204081632653061,0.8204081632653061,0.9411764705882353,0.9019607843137255,0.9019607843137255
harmonix/0249_sensualseduction/track.npy,harmonix,5,0.9806866952789699,0.9681528662420382,0.9681528662420382,0.9871244635193133,0.9745762711864406,0.9745762711864406
harmonix/0266_straightup/track.npy,harmonix,5,1.0,1.0,1.0,1.0,1.0,1.0
harmonix/0272_teachmehowtojerk/track.npy,harmonix,5,0.9979296066252588,0.9958677685950413,0.9958677685950413,1.0,1.0,1.0
harmonix/0273_technologic/track.npy,harmonix,5,1.0,1.0,1.0,0.8862275449101796,0.5913978494623656,0.5913978494623656
harmonix/0277_thashiznit/track.npy,harmonix,5,0.6326530612244897,0.0,0.9280742459396751,0.6727272727272727,0.11162790697674418,0.782608695652174
harmonix/0294_tonighttonight/track.npy,harmonix,5,0.9937304075235109,0.9875389408099688,0.9875389408099688,0.9937888198757764,0.9876543209876543,0.9876543209876543
harmonix/0302_venus/track.npy,harmonix,5,1.0,1.0,1.0,1.0,1.0,1.0
harmonix/0311_whipmyhair/track.npy,harmonix,5,0.997289972899729,0.9891891891891892,0.9891891891891892,1.0,1.0,1.0
harmonix/0330_50waystosaygoodbye/track.npy,harmonix,5,0.9927140255009107,0.9801084990958409,0.9801084990958409,0.989010989010989,0.9781021897810219,0.9781021897810219
harmonix/0334_alltherightplaces/track.npy,harmonix,5,0.9917355371900827,0.9836065573770492,0.9836065573770492,0.9261744966442953,0.8933333333333333,0.8933333333333333
harmonix/0344_beautifullife/track.npy,harmonix,5,0.975051975051975,0.9046653144016227,0.9046653144016227,0.9830508474576272,1.0,1.0
harmonix/0348_blackout/track.npy,harmonix,5,0.9987937273823884,0.9975903614457832,0.9975903614457832,1.0,1.0,1.0
harmonix/0354_brandnewday/track.npy,harmonix,5,0.9910141206675225,0.9821428571428571,0.9821428571428571,0.9948717948717948,0.9897959183673469,0.9897959183673469
harmonix/0376_earthquake/track.npy,harmonix,5,0.6345549738219896,0.015822784810126583,0.934984520123839,0.6160337552742616,0.0,0.9746835443037974
harmonix/0399_gotmygirls/track.npy,harmonix,5,0.9971098265895955,0.9942363112391931,0.9942363112391931,0.9405405405405405,0.7755102040816326,0.7755102040816326
harmonix/0415_illbewaiting/track.npy,harmonix,5,1.0,1.0,1.0,1.0,1.0,1.0
harmonix/0425_justakiss/track.npy,harmonix,5,1.0,1.0,1.0,1.0,1.0,1.0
harmonix/0451_mrknowitall/track.npy,harmonix,5,0.9986013986013986,0.9972067039106145,0.9972067039106145,1.0,1.0,1.0
harmonix/0453_mygirl/track.npy,harmonix,5,0.977152899824253,0.9553264604810997,0.9553264604810997,0.9859154929577464,0.9722222222222222,0.9722222222222222
harmonix/0454_myohmy/track.npy,harmonix,5,0.9923430321592649,0.9848024316109423,0.9848024316109423,0.9938650306748467,0.9878048780487805,0.9878048780487805
harmonix/0465_onething/track.npy,harmonix,5,0.9974874371859296,0.9924812030075187,0.9924812030075187,1.0,1.0,1.0
harmonix/0466_onthedarkside/track.npy,harmonix,5,0.7959442332065906,0.4802784222737819,0.4802784222737819,0.8909090909090909,0.9017857142857143,0.9017857142857143
harmonix/0470_ours/track.npy,harmonix,5,0.9663503019844695,0.8760469011725294,0.8760469011725294,0.9480968858131488,0.86,0.86
harmonix/0472_partofme/track.npy,harmonix,5,0.9864864864864865,0.9887892376681614,0.9887892376681614,0.9955156950672646,0.9910714285714286,0.9910714285714286
harmonix/0488_september/track.npy,harmonix,5,0.981549815498155,0.9418181818181818,0.9418181818181818,0.9185185185185185,0.8529411764705882,0.8529411764705882
harmonix/0489_shakeyourbody/track.npy,harmonix,5,1.0,1.0,1.0,1.0,1.0,1.0
harmonix/0503_stucklikeglue/track.npy,harmonix,5,0.695562435500516,0.06645569620253164,0.87518573551263,0.6942148760330578,0.06329113924050633,0.8802395209580839
harmonix/0514_thetimeofmylife/track.npy,harmonix,5,0.9701195219123506,0.9704724409448819,0.9704724409448819,0.9721115537848605,0.9763779527559056,0.9763779527559056
harmonix/0520_tonight/track.npy,harmonix,5,0.9978768577494692,0.9957627118644068,0.9957627118644068,0.9957446808510638,0.9915254237288136,0.9915254237288136
harmonix/0531_whenwestandtogether/track.npy,harmonix,5,1.0,1.0,1.0,0.993006993006993,0.9722222222222222,0.9722222222222222
harmonix/0539_youandi/track.npy,harmonix,5,0.6553808948004837,0.10526315789473684,0.6636636636636637,0.6538461538461537,0.11290322580645161,0.6547619047619048
harmonix/0554_allalright/track.npy,harmonix,5,0.7294685990338164,0.1634980988593156,0.7097844112769486,0.7414634146341463,0.17054263565891473,0.695364238410596
harmonix/0562_alreadygone/track.npy,harmonix,5,0.9969788519637462,1.0,1.0,0.9879518072289156,1.0,1.0
harmonix/0567_anythingcouldhappen/track.npy,harmonix,5,0.9884575026232949,0.9688149688149689,0.9688149688149689,0.8739495798319329,0.8583333333333333,0.8583333333333333
harmonix/0604_bustitbabypart2/track.npy,harmonix,5,0.7006507592190889,0.08417508417508418,0.8292682926829268,0.6725663716814159,0.04054054054054054,0.8461538461538461
harmonix/0629_crush/track.npy,harmonix,5,0.9907578558225507,0.9816849816849816,0.9816849816849816,0.9777777777777777,0.9558823529411765,0.9558823529411765
harmonix/0637_daynniteremix/track.npy,harmonix,5,0.9925093632958801,0.99812734082397,0.99812734082397,1.0,1.0,1.0
harmonix/0645_dontstopthemusic/track.npy,harmonix,5,0.9904942965779467,0.9811676082862524,0.9811676082862524,0.8506493506493507,0.4858757062146893,0.4858757062146893
harmonix/0659_everybody/track.npy,harmonix,5,0.9929676511954993,0.9860335195530726,0.9860335195530726,0.9944134078212291,0.9888888888888889,0.9888888888888889
harmonix/0670_fearless/track.npy,harmonix,5,1.0,1.0,1.0,1.0,1.0,1.0
harmonix/0671_feedback/track.npy,harmonix,5,1.0,1.0,1.0,1.0,1.0,1.0
harmonix/0672_feelitinmybones/track.npy,harmonix,5,0.9943946188340806,0.9843575418994414,0.9843575418994414,0.9977528089887641,0.9955156950672646,0.9955156950672646
harmonix/0685_forgottolaugh/track.npy,harmonix,5,1.0,1.0,1.0,0.9855072463768116,0.9710144927536232,0.9710144927536232
harmonix/0687_getouttamyway/track.npy,harmonix,5,0.9971949509116409,0.9944055944055944,0.9944055944055944,0.28723404255319146,0.1717171717171717,0.6212121212121212
harmonix/0688_getthepartystarted/track.npy,harmonix,5,0.9987357774968395,0.9974747474747475,0.9974747474747475,1.0,1.0,1.0
harmonix/0690_givemeeverything/track.npy,harmonix,5,0.9990521327014218,0.9981060606060606,0.9981060606060606,1.0,1.0,1.0
harmonix/0702_greenlight/track.npy,harmonix,5,0.9844020797227037,0.9692832764505119,0.9692832764505119,0.9861111111111112,0.9726027397260274,0.9726027397260274
harmonix/0706_halcyon/track.npy,harmonix,5,0.9180722891566265,0.7612612612612613,0.7612612612612613,0.9319371727748692,0.8854166666666666,0.8854166666666666
harmonix/0707_halfwaygone/track.npy,harmonix,5,0.998689384010485,0.9973821989528796,0.9973821989528796,0.9947643979057591,0.9895833333333334,0.9895833333333334
harmonix/0724_hotmessdj/track.npy,harmonix,5,0.9983579638752053,0.9967213114754099,0.9967213114754099,1.0,1.0,1.0
harmonix/0725_hotncold/track.npy,harmonix,5,0.9956140350877193,0.9912663755458515,0.9912663755458515,0.9956331877729258,0.991304347826087,0.991304347826087
harmonix/0730_hurtssogood/track.npy,harmonix,5,0.9987129987129987,0.9974293059125964,0.9974293059125964,0.8434782608695652,0.46616541353383456,0.46616541353383456
harmonix/0740_ikissedagirljasonnevins/track.npy,harmonix,5,0.9988974641675854,0.9977973568281938,0.9977973568281938,0.9955947136563876,0.9912280701754386,0.9912280701754386
harmonix/0746_imnotyourhero/track.npy,harmonix,5,0.9966629588431591,0.9933481152993349,0.9933481152993349,1.0,1.0,1.0
harmonix/0762_iwantitthatway/track.npy,harmonix,5,0.9806259314456035,0.9792284866468842,0.9792284866468842,0.9879518072289156,1.0,1.0
harmonix/0763_iwasafool/track.npy,harmonix,5,0.9894736842105264,0.9791666666666666,0.9791666666666666,0.993006993006993,0.9861111111111112,0.9861111111111112
harmonix/0779_letitrockfilthy/track.npy,harmonix,5,1.0,1.0,1.0,0.8973384030418251,0.6344827586206897,0.6344827586206897
harmonix/0781_lettinggoduttylove/track.npy,harmonix,5,0.9001447178002895,0.86,0.86,0.9186046511627907,0.9302325581395349,0.9302325581395349
harmonix/0783_lighton/track.npy,harmonix,5,0.9914893617021276,0.9831223628691983,0.9831223628691983,0.9655172413793103,0.9152542372881356,0.9152542372881356
harmonix/0787_liveyourlife/track.npy,harmonix,5,0.9920844327176781,0.9894459102902374,0.9894459102902374,0.9947089947089947,0.9894736842105263,0.9894736842105263
harmonix/0791_lollipop/track.npy,harmonix,5,0.844950213371266,0.4666666666666667,0.4666666666666667,0.8474576271186441,0.47058823529411764,0.47058823529411764
harmonix/0807_makemebetter/track.npy,harmonix,5,0.9986013986013986,0.9972067039106145,0.9972067039106145,1.0,1.0,1.0
harmonix/0831_noair/track.npy,harmonix,5,0.976608187134503,0.9540229885057471,0.9540229885057471,0.9479768786127167,0.8539325842696629,0.8539325842696629
harmonix/0835_notetogod/track.npy,harmonix,5,0.8833333333333333,0.6929824561403509,0.6929824561403509,0.875,0.6754385964912281,0.6754385964912281
harmonix/0837_nottonight/track.npy,harmonix,5,0.993006993006993,0.9861111111111112,0.9861111111111112,0.9906542056074767,0.9814814814814815,0.9814814814814815
harmonix/0842_obsessionstatic/track.npy,harmonix,5,0.9988950276243094,0.9977924944812362,0.9977924944812362,1.0,1.0,1.0
harmonix/0849_onlyyou/track.npy,harmonix,5,1.0,1.0,1.0,0.9680851063829786,0.90625,0.90625
harmonix/0850_onlyyoucanlovemethisway/track.npy,harmonix,5,0.9982486865148862,0.9965034965034965,0.9965034965034965,1.0,1.0,1.0
harmonix/0855_overyou/track.npy,harmonix,5,0.9980582524271845,0.9961240310077519,0.9961240310077519,0.9922480620155039,0.9846153846153847,0.9846153846153847
harmonix/0860_pieceofme/track.npy,harmonix,5,0.9987293519695045,0.9974619289340102,0.9974619289340102,1.0,1.0,1.0
harmonix/0866_pokerfacedave/track.npy,harmonix,5,0.9978378378378379,1.0,1.0,0.9956709956709957,1.0,1.0
harmonix/0878_replay/track.npy,harmonix,5,0.9724770642201834,0.9464285714285714,0.9464285714285714,0.9705882352941176,0.9130434782608695,0.9130434782608695
harmonix/0881_rightround/track.npy,harmonix,5,0.9938650306748466,0.9877750611246944,0.9877750611246944,1.0,1.0,1.0
harmonix/0889_samelove/track.npy,harmonix,5,0.7972972972972973,0.7802690582959642,0.7802690582959642,0.7567567567567567,0.8648648648648649,0.8648648648648649
harmonix/0908_sober/track.npy,harmonix,5,0.9945504087193461,0.989159891598916,0.989159891598916,0.9945945945945946,0.989247311827957,0.989247311827957
harmonix/0910_solo/track.npy,harmonix,5,0.9551886792452831,0.960093896713615,0.960093896713615,0.9716981132075472,1.0,1.0
harmonix/0913_somuchlove/track.npy,harmonix,5,0.9994805194805195,0.9989615784008308,0.9989615784008308,0.6701030927835051,0.2727272727272727,0.42203742203742206
harmonix/0924_sunisup/track.npy,harmonix,5,1.0,1.0,1.0,0.7822222222222223,0.5785123966942148,0.5785123966942148
harmonix/0939_thecure/track.npy,harmonix,5,1.0,1.0,1.0,1.0,1.0,1.0
harmonix/0946_thinkingofyou/track.npy,harmonix,5,0.8477611940298507,0.5026178010471204,0.5026178010471204,0.8192771084337349,0.4583333333333333,0.4583333333333333
harmonix/0947_thiskiss/track.npy,harmonix,5,0.9957537154989385,0.9915433403805497,0.9915433403805497,0.9957805907172996,0.9915966386554622,0.9915966386554622
harmonix/0950_throwyourhandsup/track.npy,harmonix,5,0.9988674971687429,0.997737556561086,0.997737556561086,0.9954751131221719,0.990990990990991,0.990990990990991
harmonix/0953_tilltheworldends2/track.npy,harmonix,5,0.978,0.986,0.986,0.976,1.0,1.0
harmonix/0961_unfaithfulfemme/track.npy,harmonix,5,0.9978021978021978,0.9956140350877193,0.9956140350877193,1.0,1.0,1.0
harmonix/0964_wakingupinvegas/track.npy,harmonix,5,0.943847072879331,0.9033018867924528,0.9033018867924528,0.9223300970873786,0.9038461538461539,0.9038461538461539
harmonix/0965_wakingupinvegascalvin/track.npy,harmonix,5,0.9862778730703259,0.9828767123287672,0.9828767123287672,0.9863013698630136,1.0,1.0
harmonix/0966_wakingupinvegascalvinh/track.npy,harmonix,5,0.9903743315508022,0.9850427350427351,0.9850427350427351,0.9914529914529915,1.0,1.0
harmonix/0967_walkingonadream/track.npy,harmonix,5,1.0,1.0,1.0,0.9815668202764977,0.9409090909090909,0.9409090909090909
harmonix/0969_webelongtogether/track.npy,harmonix,5,0.9887640449438202,0.9777777777777777,0.9777777777777777,0.9909909909909909,0.9821428571428571,0.9821428571428571
hjdb/hjdb_Being_With_You_(Foul_Play_Remix)/track.npy,hjdb,5,0.9775051124744376,0.9156626506024096,0.9156626506024096,0.9586776859504132,0.9344262295081968,0.9344262295081968
hjdb/hjdb_Being_With_You_1/track.npy,hjdb,5,1.0,1.0,1.0,1.0,1.0,1.0
hjdb/hjdb_Being_With_You/track.npy,hjdb,5,1.0,1.0,1.0,1.0,1.0,1.0
hjdb/hjdb_Bombscare/track.npy,hjdb,5,1.0,1.0,1.0,1.0,1.0,1.0
hjdb/hjdb_Breakage4/track.npy,hjdb,5,1.0,1.0,1.0,1.0,1.0,1.0
hjdb/hjdb_Cant_Stop_The_Rush_(93_Remix)/track.npy,hjdb,5,1.0,1.0,1.0,1.0,1.0,1.0
hjdb/hjdb_Dance_With_Power_(Original_Mix)/track.npy,hjdb,5,1.0,1.0,1.0,1.0,1.0,1.0
hjdb/hjdb_Deep_Space/track.npy,hjdb,5,1.0,1.0,1.0,1.0,1.0,1.0
hjdb/hjdb_Dis_Generation/track.npy,hjdb,5,0.9955555555555555,0.9823008849557522,0.9823008849557522,1.0,1.0,1.0
hjdb/hjdb_Do_It_Now/track.npy,hjdb,5,1.0,1.0,1.0,1.0,1.0,1.0
hjdb/hjdb_Drum_Programme_(Remix)/track.npy,hjdb,5,1.0,1.0,1.0,1.0,1.0,1.0
hjdb/hjdb_Even_Further_Intrigue/track.npy,hjdb,5,1.0,1.0,1.0,1.0,1.0,1.0
hjdb/hjdb_Further_Intrigue/track.npy,hjdb,5,1.0,1.0,1.0,1.0,1.0,1.0
hjdb/hjdb_Gotta_Release/track.npy,hjdb,5,1.0,1.0,1.0,1.0,1.0,1.0
hjdb/hjdb_Imagine_The_Future/track.npy,hjdb,5,1.0,1.0,1.0,1.0,1.0,1.0
hjdb/hjdb_Johnny_(Dance_Conspiracy_Mix)/track.npy,hjdb,5,1.0,1.0,1.0,1.0,1.0,1.0
hjdb/hjdb_Light_Years/track.npy,hjdb,5,0.6927374301675978,0.6373626373626373,0.6373626373626373,0.64,0.5357142857142857,0.5357142857142857
hjdb/hjdb_Music_In_Search_Of_Light/track.npy,hjdb,5,1.0,1.0,1.0,1.0,1.0,1.0
hjdb/hjdb_Music_Takes_You/track.npy,hjdb,5,1.0,1.0,1.0,1.0,1.0,1.0
hjdb/hjdb_Oblivion/track.npy,hjdb,5,0.9668874172185431,0.9473684210526315,0.9473684210526315,1.0,1.0,1.0
hjdb/hjdb_Renegade_Snares_(Foul_Play_Remix)/track.npy,hjdb,5,1.0,1.0,1.0,1.0,1.0,1.0
hjdb/hjdb_Renegade_Snares_(VIP_Remix)/track.npy,hjdb,5,1.0,1.0,1.0,1.0,1.0,1.0
hjdb/hjdb_Serious_Sounds/track.npy,hjdb,5,0.9978947368421053,0.9957983193277311,0.9957983193277311,1.0,1.0,1.0
hjdb/hjdb_Spliffhead/track.npy,hjdb,5,1.0,1.0,1.0,1.0,1.0,1.0
hjdb/hjdb_Terminator_2/track.npy,hjdb,5,1.0,1.0,1.0,1.0,1.0,1.0
hjdb/hjdb_Terminator/track.npy,hjdb,5,1.0,1.0,1.0,1.0,1.0,1.0
hjdb/hjdb_The_Warning_(Remix)/track.npy,hjdb,5,1.0,1.0,1.0,1.0,1.0,1.0
hjdb/hjdb_Total_Xstacy_(Remix)/track.npy,hjdb,5,1.0,1.0,1.0,1.0,1.0,1.0
hjdb/hjdb_Wait_4_The_Bass/track.npy,hjdb,5,1.0,1.0,1.0,1.0,1.0,1.0
hjdb/hjdb_Wind_It_Up_(Rewound)/track.npy,hjdb,5,0.3333333333333333,0.3076923076923077,0.6153846153846154,0.32,0.3076923076923077,0.5384615384615384
jaah/jaah_000-tito_puente-airegin/track.npy,jaah,5,0.5176715176715176,0.4346978557504873,0.4346978557504873,0.2996515679442509,0.05142857142857143,0.4663677130044843
jaah/jaah_008-sonny_rollins-blue_7/track.npy,jaah,5,0.9953426480372588,0.9920212765957447,0.9920212765957447,0.9111969111969112,0.8229426433915212,0.8229426433915212
jaah/jaah_020-charlie_parker-crazeology_take_4/track.npy,jaah,5,0.9919999999999999,0.91005291005291,0.91005291005291,0.9289340101522843,0.7692307692307693,0.7692307692307693
jaah/jaah_031-duke_ellington_his_orchestra-east_st_louis_toodleoo/track.npy,jaah,5,0.950561797752809,0.8546637744034707,0.8546637744034707,0.9912280701754386,0.9826086956521739,0.9826086956521739
jaah/jaah_033-the_boswell_sisters-everybody_loves_my_baby/track.npy,jaah,5,0.9045323047251689,0.6339285714285714,0.6339285714285714,0.8527131782945736,0.65,0.65
jaah/jaah_037-jimmie_noones_apex_club_orchestra-four_or_five_times/track.npy,jaah,5,0.9936143039591314,0.9897959183673469,0.9897959183673469,0.8137254901960785,0.7075471698113207,0.7075471698113207
jaah/jaah_052-don_byas_slam_stewart-i_got_rhythm/track.npy,jaah,5,0.9902642559109875,0.715079916608756,0.715079916608756,0.4094881398252185,0.16063348416289594,0.2398190045248869
jaah/jaah_063-bessie_smith-lost_your_head_blues/track.npy,jaah,5,0.996,0.9920318725099602,0.9920318725099602,0.9612403100775194,0.8656716417910447,0.8656716417910447
jaah/jaah_083-frankie_trumbauer_and_his_orchestra-riverboat_shuffle/track.npy,jaah,5,0.9992217898832686,0.9968895800933126,0.9968895800933126,1.0,1.0,1.0
jaah/jaah_086-dizzy_gillespie_his_all_stars-shaw_nuff/track.npy,jaah,5,0.979064039408867,0.7174447174447175,0.7174447174447175,0.9330024813895781,0.9405940594059405,0.9405940594059405
jaah/jaah_096-eddie_condons_hot_shots-thats_a_serious_thing/track.npy,jaah,5,0.9986206896551724,0.9944903581267218,0.9944903581267218,0.8708133971291866,0.5423728813559322,0.5423728813559322
jaah/jaah_102-lucky_thompson_trio-tricroism/track.npy,jaah,5,0.9,0.8371104815864022,0.8371104815864022,0.5924170616113744,0.2926829268292683,0.3646723646723647
jaah/jaah_110-sarah_vaughan-wrap_your_troubles_in_dreams/track.npy,jaah,5,0.976510067114094,0.979933110367893,0.979933110367893,0.9733333333333334,1.0,1.0
jaah/jaah_111-fletcher_henderson_and_his_orchestra-wrappin_it_up/track.npy,jaah,5,0.99812734082397,0.99812734082397,0.99812734082397,1.0,1.0,1.0
rwc/rwc_classical_CD1_03/track.npy,rwc_classical,5,0.7318435754189945,0.3360128617363344,0.3360128617363344,0.5790031813361612,0.12057877813504823,0.34579439252336447
rwc/rwc_classical_CD2_04/track.npy,rwc_classical,5,0.8628969790859798,0.6776923076923077,0.6776923076923077,0.8360049321824907,0.7675544794188862,0.7675544794188862
rwc/rwc_classical_CD4_01/track.npy,rwc_classical,5,0.8618357487922704,0.5875109938434476,0.5875109938434476,0.5710144927536231,0.31773399014778325,0.31773399014778325
rwc/rwc_classical_CD4_03/track.npy,rwc_classical,5,0.7414104882459313,0.29253731343283584,0.5235361653272101,0.829059829059829,0.6047430830039525,0.6047430830039525
rwc/rwc_classical_CD5_01/track.npy,rwc_classical,5,0.8760975609756098,0.6695238095238095,0.6695238095238095,0.5351629502572899,0.022222222222222223,0.5259259259259259
rwc/rwc_classical_CD5_08/track.npy,rwc_classical,5,0.6813040585495677,0.18304033092037228,0.4631185807656396,0.46103896103896097,0.0365296803652968,0.0365296803652968
rwc/rwc_classical_CD6_11/track.npy,rwc_classical,5,0.7636932707355243,0.4,0.4,0.7912087912087912,0.6631578947368421,0.6631578947368421
rwc/rwc_jazz_CD1_04/track.npy,rwc_jazz,5,0.42313117066290545,0.0019342359767891683,0.3288201160541586,0.36298932384341637,0.02702702702702703,0.4816753926701571
rwc/rwc_jazz_CD1_07/track.npy,rwc_jazz,5,0.690978886756238,0.7414448669201521,0.7414448669201521,0.471264367816092,0.17592592592592593,0.5343511450381679
rwc/rwc_jazz_CD2_07/track.npy,rwc_jazz,5,0.884472049689441,0.9245742092457421,0.9245742092457421,0.751054852320675,0.41007194244604317,0.41007194244604317
rwc/rwc_jazz_CD3_01/track.npy,rwc_jazz,5,0.9683257918552036,0.9698795180722891,0.9698795180722891,0.9728096676737159,0.9759036144578314,0.9759036144578314
rwc/rwc_jazz_CD3_09/track.npy,rwc_jazz,5,0.7900355871886121,0.35074626865671643,0.46747519294377066,0.8987341772151899,0.7975708502024291,0.7975708502024291
rwc/rwc_jazz_CD4_08/track.npy,rwc_jazz,5,0.9939603106125972,0.9914089347079038,0.9914089347079038,0.9896907216494845,0.9931506849315068,0.9931506849315068
rwc/rwc_jazz_CD4_11/track.npy,rwc_jazz,5,0.9989847715736041,0.9979716024340771,0.9979716024340771,1.0,1.0,1.0
rwc/rwc_popular_CD1_07/track.npy,rwc_popular,5,0.9774305555555556,0.9558573853989814,0.9558573853989814,0.9791666666666666,0.9591836734693877,0.9591836734693877
rwc/rwc_popular_CD1_11/track.npy,rwc_popular,5,0.9948320413436693,0.9897172236503856,0.9897172236503856,1.0,1.0,1.0
rwc/rwc_popular_CD2_04/track.npy,rwc_popular,5,0.9970501474926253,0.9921568627450981,0.9921568627450981,0.996078431372549,0.9921875,0.9921875
rwc/rwc_popular_CD2_09/track.npy,rwc_popular,5,0.9566236811254396,0.9348837209302325,0.9348837209302325,0.957345971563981,0.9905660377358491,0.9905660377358491
rwc/rwc_popular_CD2_12/track.npy,rwc_popular,5,0.979591836734694,0.9506726457399103,0.9506726457399103,0.9908256880733946,1.0,1.0
rwc/rwc_popular_CD3_07/track.npy,rwc_popular,5,0.9791666666666667,0.967551622418879,0.967551622418879,0.9425287356321839,0.8426966292134831,0.8426966292134831
rwc/rwc_popular_CD4_03/track.npy,rwc_popular,5,0.9958779884583677,0.9917763157894737,0.9917763157894737,0.993421052631579,0.993421052631579,0.993421052631579
rwc/rwc_popular_CD4_08/track.npy,rwc_popular,5,0.99867197875166,0.9973474801061007,0.9973474801061007,1.0,1.0,1.0
rwc/rwc_popular_CD5_04/track.npy,rwc_popular,5,0.9793103448275863,0.9862700228832952,0.9862700228832952,0.9417040358744394,0.8869565217391304,0.8869565217391304
rwc/rwc_popular_CD6_04/track.npy,rwc_popular,5,0.9951456310679612,0.9887278582930756,0.9887278582930756,0.9935483870967742,0.9871794871794872,0.9871794871794872
rwc/rwc_popular_CD7_04/track.npy,rwc_popular,5,1.0,1.0,1.0,1.0,1.0,1.0
rwc/rwc_popular_CD7_05/track.npy,rwc_popular,5,0.6596417281348789,0.1077943615257048,0.6647398843930635,0.5702127659574467,0.06622516556291391,0.5595238095238095
rwc/rwc_royalty-free_CD1_05/track.npy,rwc_royalty-free,5,0.9770992366412214,0.9619771863117871,0.9619771863117871,0.9692307692307692,0.9538461538461539,0.9538461538461539
rwc/rwc_royalty-free_CD1_11/track.npy,rwc_royalty-free,5,1.0,1.0,1.0,1.0,1.0,1.0
simac/simac_A_vida_me_fez_assim_05-Ja_era_(Palavra)/track.npy,simac,5,0.983050847457627,0.9666666666666667,0.9666666666666667,nan,nan,nan
simac/simac_A_vida_me_fez_assim_11-Quantas_lagrimas/track.npy,simac,5,1.0,1.0,1.0,nan,nan,nan
simac/simac_A_vida_me_fez_assim_13-Ana_agua_do_rio_A_vida_me_fez_assim/track.npy,simac,5,1.0,1.0,1.0,nan,nan,nan
simac/simac_Albedo_0.39_04-Main_Sequence/track.npy,simac,5,0.6545454545454545,0.4642857142857143,0.4642857142857143,nan,nan,nan
simac/simac_Alfagamabetizado_04-Cumplicidade_de_Armario/track.npy,simac,5,1.0,1.0,1.0,nan,nan,nan
simac/simac_Amber_01-Foil/track.npy,simac,5,0.46913580246913583,0.0,0.6229508196721312,nan,nan,nan
simac/simac_As_Time_Goes_By_06-therell_be_some_changes_made/track.npy,simac,5,0.8076923076923077,0.8076923076923077,0.8076923076923077,nan,nan,nan
simac/simac_As_time_goes_by_disk_2_11-Mountain_greenery/track.npy,simac,5,0.875,0.90625,0.90625,nan,nan,nan
simac/simac_As_time_goes_by_disk_3_07-Lover/track.npy,simac,5,0.9818181818181818,0.9642857142857143,0.9642857142857143,nan,nan,nan
simac/simac_As_time_goes_by_disk_3_09-All_mine/track.npy,simac,5,0.9583333333333334,1.0,1.0,nan,nan,nan
simac/simac_As_time_goes_by_disk_3_12-My_heart_stood_still/track.npy,simac,5,0.9803921568627451,0.9615384615384616,0.9615384615384616,nan,nan,nan
simac/simac_BACH_WTC_04-Prelude_and_Fugue_No._2_in_C_minor_BWV_871_-_2._Fuga/track.npy,simac,5,0.7599999999999999,0.4,0.4,nan,nan,nan
simac/simac_Bach_The_Well-Tempered_Clavier_II_(Disc_1)_11-Prelude_and_Fugue_No._6_in_D_minor_BWV_875_-_1._Praeludium/track.npy,simac,5,0.9803921568627451,0.9230769230769231,0.9230769230769231,nan,nan,nan
simac/simac_Bach_The_Well-Tempered_Clavier_II_(Disc_2)_05-Prelude_and_Fugue_No._15_G_major_BWV_884_-_1._Praeludium/track.npy,simac,5,0.4615384615384615,0.0,0.6363636363636364,nan,nan,nan
simac/simac_Bach_The_Well-Tempered_Clavier_II_(Disc_2)_19-Prelude_and_Fugue_No._22_B-flat_minor_BWV_891_-_1._Praeludium/track.npy,simac,5,0.9811320754716981,0.9629629629629629,0.9629629629629629,nan,nan,nan
simac/simac_Bach_The_Well-Tempered_Clavier_II_(Disc_2)_21-Prelude_and_Fugue_No._23_B_major_BWV_892_-_1._Praeludium/track.npy,simac,5,0.9824561403508771,0.9655172413793104,0.9655172413793104,nan,nan,nan
simac/simac_Beethoven_-_The_String_Quartets_#1_05-G_major_op._18_no._2_-_Allegro/track.npy,simac,5,0.9583333333333334,0.9583333333333334,0.9583333333333334,nan,nan,nan
simac/simac_Beethoven_-_The_String_Quartets_#1_07-G_major_op._18_no._2_-_Scherzo._Allegro/track.npy,simac,5,0.925,0.8095238095238095,0.8095238095238095,nan,nan,nan
simac/simac_Bela_Bartok_05-The_Miraculous_Mandarin_5.1_Maestoso_5.2_Allegro/track.npy,simac,5,0.1212121212121212,0.0,0.3333333333333333,nan,nan,nan
simac/simac_Bernstein_conducts_Stravinsky_01-Introduction_Part_1-_The_adoration_of_the_earth_/track.npy,simac,5,0.42857142857142855,0.26666666666666666,0.26666666666666666,nan,nan,nan
simac/simac_Bernstein_conducts_Stravinsky_06-Procession_of_the_wise_elder/track.npy,simac,5,0.627450980392157,0.0,0.8823529411764706,nan,nan,nan
simac/simac_Bernstein_conducts_Stravinsky_11-Glorfication_of_the_chosen_victim/track.npy,simac,5,0.37974683544303794,0.0,0.0,nan,nan,nan
simac/simac_Bernstein_conducts_Stravinsky_21-Danse_of_the_nursemaids/track.npy,simac,5,0.6222222222222223,0.0,0.9666666666666667,nan,nan,nan
simac/simac_Cafe_Zimmermann_02-3e_Concert_Brandebourgeois_en_sol_majeur_BWV_1048_-_Allegro/track.npy,simac,5,0.45098039215686275,0.0,0.0,nan,nan,nan
simac/simac_Cafe_Zimmermann_08-Suite_en_ut_majeur_BWV_1066_-_OuvertureGavottes_I_&_II/track.npy,simac,5,0.9824561403508771,0.9655172413793104,0.9655172413793104,nan,nan,nan
simac/simac_Clandestino_-_esperando_la_ultima_ola_01-Clandestino/track.npy,simac,5,0.65625,0.0,0.9302325581395349,nan,nan,nan
simac/simac_Concert_16-4._Menuet/track.npy,simac,5,0.96875,0.9090909090909091,0.9090909090909091,nan,nan,nan
simac/simac_DGG_419_047-2_03-Praludium_u._Fuge_f-moll_BWV_534_-_I_Praludium/track.npy,simac,5,0.9615384615384616,1.0,1.0,nan,nan,nan
simac/simac_Ella_&_Louis_08-Flying_Home/track.npy,simac,5,0.6585365853658536,0.0,0.9090909090909091,nan,nan,nan
simac/simac_Ella_&_Louis_16-If_You_Ever_Change_Your_Mind/track.npy,simac,5,0.8888888888888888,0.9629629629629629,0.9629629629629629,nan,nan,nan
simac/simac_Fado_11-AudioTrack_11/track.npy,simac,5,0.6046511627906977,0.6363636363636364,0.6363636363636364,nan,nan,nan
simac/simac_Family_Tree_-_Greatest_Hits_As_Chosen_By_Bjork_04-Isobel/track.npy,simac,5,1.0,1.0,1.0,nan,nan,nan
simac/simac_Family_Tree_-_Greatest_Hits_As_Chosen_By_Bjork_06-Unravel/track.npy,simac,5,0.6486486486486487,0.0,0.76,nan,nan,nan
simac/simac_Fight_To_Win_03-Traitors_of_Africa/track.npy,simac,5,0.8615384615384615,0.8484848484848485,0.8484848484848485,nan,nan,nan
simac/simac_Gold_-_Greatest_Hits_01-Dancing_Queen/track.npy,simac,5,1.0,1.0,1.0,nan,nan,nan
simac/simac_Gold_-_Greatest_Hits_05-Lay_All_Your_Love_On_Me/track.npy,simac,5,1.0,1.0,1.0,nan,nan,nan
simac/simac_Gold_-_Greatest_Hits_08-The_Winner_Takes_It_All/track.npy,simac,5,0.8709677419354839,0.9354838709677419,0.9354838709677419,nan,nan,nan
simac/simac_Niandra_LaDes_and_Usually_Just_a_T-Shirt_01-As_Can_Be/track.npy,simac,5,1.0,1.0,1.0,nan,nan,nan
simac/simac_Papakonstantinou_02-AudioTrack_02/track.npy,simac,5,0.6222222222222223,0.0,0.9666666666666667,nan,nan,nan
simac/simac_Papakonstantinou_10-AudioTrack_10/track.npy,simac,5,0.9523809523809523,1.0,1.0,nan,nan,nan
simac/simac_Papakonstantinou_21-AudioTrack_21/track.npy,simac,5,0.6799999999999999,0.0,1.0,nan,nan,nan
simac/simac_Primer_Aliento_03-El_retorno_de_Godzilla/track.npy,simac,5,1.0,1.0,1.0,nan,nan,nan
simac/simac_Primer_Aliento_07-Telepatia/track.npy,simac,5,1.0,1.0,1.0,nan,nan,nan
simac/simac_R.A.F.I_07-Operation_Eagle_Lie/track.npy,simac,5,0.39999999999999997,0.0,0.46153846153846156,nan,nan,nan
simac/simac_Santana_01-Jingo/track.npy,simac,5,0.9836065573770492,0.967741935483871,0.967741935483871,nan,nan,nan
simac/simac_So_Cartola_11-O_Que_e_Feito_de_Voce_/track.npy,simac,5,0.0,0.0,0.9545454545454546,nan,nan,nan
simac/simac_So_Cartola_19-Injuria_O_Sol_Nascera/track.npy,simac,5,0.0,0.0,0.8518518518518519,nan,nan,nan
simac/simac_Songs_Alejandro_(Alex_Benson)_-_Golondrina/track.npy,simac,5,0.6567164179104478,0.0,0.9555555555555556,nan,nan,nan
simac/simac_Songs_Caracas_Latin_Brothers_-_Los_hombres_tambien_lo_mueven/track.npy,simac,5,1.0,1.0,1.0,nan,nan,nan
simac/simac_Tales_Of_Mystery_And_Imagination_03-The_Tell-tale_Heart/track.npy,simac,5,0.6222222222222222,0.0,0.8709677419354839,nan,nan,nan
simac/simac_Tanto_Tempo_06-Alguem/track.npy,simac,5,0.653061224489796,0.0,0.9393939393939394,nan,nan,nan
simac/simac_Tanto_Tempo_07-So_Nice_Summer_Samba_/track.npy,simac,5,0.6666666666666666,0.0,0.9642857142857143,nan,nan,nan
simac/simac_The_Art_of_Spanish_Guitar_01-Tarrega_Recuerdos_de_la_Alhambra/track.npy,simac,5,0.5373134328358209,0.0,0.6739130434782609,nan,nan,nan
simac/simac_The_Art_of_Spanish_Guitar_05-Sojo_Cancion/track.npy,simac,5,0.8823529411764706,1.0,1.0,nan,nan,nan
simac/simac_The_Crackdown_02-In_the_Shadows/track.npy,simac,5,0.9777777777777777,0.9565217391304348,0.9565217391304348,nan,nan,nan
simac/simac_Tomatito_Tomatito-04.Armonias_del_Romane/track.npy,simac,5,0.6551724137931035,0.6,0.6,nan,nan,nan
simac/simac_VOL.3_Musiques_pour_guitare_et_violoncelle_06-E._Granados_Intermezzo_(de_Goyescas_)/track.npy,simac,5,0.6521739130434782,0.0,0.967741935483871,nan,nan,nan
simac/simac_Xatzidakis_02-AudioTrack_02/track.npy,simac,5,1.0,1.0,1.0,nan,nan,nan
simac/simac_Xatzidakis_13-AudioTrack_13/track.npy,simac,5,0.5238095238095238,0.07407407407407407,0.7931034482758621,nan,nan,nan
simac/simac_aire_01-Aire/track.npy,simac,5,0.4657534246575342,0.0,0.0,nan,nan,nan
simac/simac_greek_12_evzwnakia/track.npy,simac,5,0.6842105263157895,0.0,1.0,nan,nan,nan
simac/simac_greek_Mpellou_-_Nyxtwse_xwris_feggari/track.npy,simac,5,0.5833333333333334,0.0,0.84375,nan,nan,nan
simac/simac_greek_Paisa_sti_vrysi_-_Velvento/track.npy,simac,5,1.0,1.0,1.0,nan,nan,nan
simac/simac_more_greek_Gkoles_-_Kori_paraxaidemeni/track.npy,simac,5,0.923076923076923,0.8571428571428571,0.8571428571428571,nan,nan,nan
simac/simac_more_greek_Ksylouris_-_Erwtiko_tragoudi_(Palikarou_palikarou)/track.npy,simac,5,1.0,1.0,1.0,nan,nan,nan
simac/simac_more_greek_Makedonas_-_Ena_deilino/track.npy,simac,5,0.9444444444444444,0.7894736842105263,0.7894736842105263,nan,nan,nan
simac/simac_more_greek_Marinella_-_Agapi_pou_gines_dikopo_maxairi/track.npy,simac,5,0.6666666666666666,1.0,1.0,nan,nan,nan
simac/simac_more_greek_Mpellou_-_Kapoio_vrady_t_oneiro_mou/track.npy,simac,5,0.6666666666666667,0.2608695652173913,0.56,nan,nan,nan
simac/simac_more_greek_Mpellou_-_To_teleftaio_gramma_sou/track.npy,simac,5,0.6538461538461539,0.0,0.9428571428571428,nan,nan,nan
simac/simac_more_greek_Mpellou_-_Xwrisame_ena_deilino/track.npy,simac,5,0.6551724137931034,0.0,0.9487179487179487,nan,nan,nan
simac/simac_more_greek_Mpi8ikwtsis_-_Gwnia_gwnia/track.npy,simac,5,0.6521739130434783,0.0,0.9354838709677419,nan,nan,nan
simac/simac_more_greek_Mpi8ikwtsis_-_H_kyra/track.npy,simac,5,0.5581395348837208,0.0,0.896551724137931,nan,nan,nan
simac/simac_more_greek_Mpi8ikwtsis_-_Matia_vourkwmena/track.npy,simac,5,0.5957446808510638,0.0,0.9032258064516129,nan,nan,nan
simac/simac_selected_ambient_works_8592_delphium/track.npy,simac,5,0.8196721311475409,0.71875,0.71875,nan,nan,nan
smc/smc_004/track.npy,smc,5,0.59375,0.5454545454545454,0.5454545454545454,nan,nan,nan
smc/smc_007/track.npy,smc,5,0.6,0.8,0.8,nan,nan,nan
smc/smc_013/track.npy,smc,5,0.9464285714285714,1.0,1.0,nan,nan,nan
smc/smc_021/track.npy,smc,5,0.4672897196261682,0.6111111111111112,0.6111111111111112,nan,nan,nan
smc/smc_032/track.npy,smc,5,0.6117647058823529,0.5,0.5,nan,nan,nan
smc/smc_034/track.npy,smc,5,0.9459459459459459,1.0,1.0,nan,nan,nan
smc/smc_037/track.npy,smc,5,0.6666666666666667,0.2647058823529412,0.43478260869565216,nan,nan,nan
smc/smc_041/track.npy,smc,5,0.963855421686747,0.9285714285714286,0.9285714285714286,nan,nan,nan
smc/smc_043/track.npy,smc,5,0.8113207547169812,0.6964285714285714,0.6964285714285714,nan,nan,nan
smc/smc_063/track.npy,smc,5,0.693069306930693,0.7647058823529411,0.7647058823529411,nan,nan,nan
smc/smc_066/track.npy,smc,5,0.6296296296296297,0.8518518518518519,0.8518518518518519,nan,nan,nan
smc/smc_076/track.npy,smc,5,0.46464646464646464,0.1346153846153846,0.1346153846153846,nan,nan,nan
smc/smc_100/track.npy,smc,5,0.46464646464646464,0.1935483870967742,0.273972602739726,nan,nan,nan
smc/smc_109/track.npy,smc,5,0.38983050847457623,0.05,0.125,nan,nan,nan
smc/smc_117/track.npy,smc,5,0.684931506849315,0.7894736842105263,0.7894736842105263,nan,nan,nan
smc/smc_173/track.npy,smc,5,0.5945945945945945,0.0,0.92,nan,nan,nan
smc/smc_176/track.npy,smc,5,0.3428571428571429,0.08888888888888889,0.08888888888888889,nan,nan,nan
smc/smc_181/track.npy,smc,5,0.3283582089552239,0.0,0.0,nan,nan,nan
smc/smc_194/track.npy,smc,5,0.24489795918367346,0.0,0.11764705882352941,nan,nan,nan
smc/smc_204/track.npy,smc,5,0.3063063063063063,0.14035087719298245,0.14035087719298245,nan,nan,nan
smc/smc_216/track.npy,smc,5,0.7714285714285715,0.8333333333333334,0.8333333333333334,nan,nan,nan
smc/smc_217/track.npy,smc,5,0.7741935483870968,1.0,1.0,nan,nan,nan
smc/smc_266/track.npy,smc,5,0.634920634920635,0.5142857142857142,0.5142857142857142,nan,nan,nan
smc/smc_269/track.npy,smc,5,0.8571428571428571,0.84375,0.84375,nan,nan,nan
smc/smc_275/track.npy,smc,5,0.4946236559139785,0.0,0.0,nan,nan,nan
smc/smc_277/track.npy,smc,5,0.5636363636363637,0.0,0.46835443037974683,nan,nan,nan
smc/smc_282/track.npy,smc,5,0.9818181818181818,0.9636363636363636,0.9636363636363636,nan,nan,nan
tapcorrect/043_youtube_CWEqbuJ6DlQ/track.npy,tapcorrect,5,0.7703383729301655,0.40375586854460094,0.40375586854460094,0.6138613861386139,0.015267175572519083,0.8297872340425532
tapcorrect/048_youtube_B_e7QbWc5mI/track.npy,tapcorrect,5,0.9303571428571428,0.8027444253859348,0.8027444253859348,0.8765432098765432,0.7839506172839507,0.7839506172839507
tapcorrect/050_youtube_vx2u5uUu3DE/track.npy,tapcorrect,5,0.978021978021978,0.9548387096774194,0.9548387096774194,0.9824561403508771,0.9568965517241379,0.9568965517241379
tapcorrect/052_youtube_LjffPO71TJs/track.npy,tapcorrect,5,0.9284963196635121,0.8374741200828157,0.8374741200828157,0.9168443496801706,0.8680851063829788,0.8680851063829788
tapcorrect/059_youtube_-tJYN-eG1zk/track.npy,tapcorrect,5,1.0,1.0,1.0,0.8200000000000001,0.3728813559322034,0.4567901234567901
tapcorrect/060_youtube_FY9v147BZuE/track.npy,tapcorrect,5,0.8083067092651757,0.35924932975871315,0.47128712871287126,0.8076923076923077,0.3655913978494624,0.464
tapcorrect/063_youtube_uFEK4fpYOS4/track.npy,tapcorrect,5,0.993091537132988,0.9896729776247849,0.9896729776247849,0.993103448275862,0.9863013698630136,0.9863013698630136
tapcorrect/070_youtube_m-M1AtrxztU/track.npy,tapcorrect,5,0.9958419958419958,0.997920997920998,0.997920997920998,0.9211618257261411,0.9090909090909091,0.9090909090909091
tapcorrect/071_youtube_WBQ03PXMpqY/track.npy,tapcorrect,5,0.92,0.7050092764378478,0.7050092764378478,0.9465648854961832,0.8444444444444444,0.8444444444444444
tapcorrect/082_youtube_M84S81FL5FY/track.npy,tapcorrect,5,1.0,1.0,1.0,0.9214659685863874,0.7087378640776699,0.7087378640776699
tapcorrect/092_youtube_oh2LWWORoiM/track.npy,tapcorrect,5,0.9675675675675676,0.9497354497354498,0.9497354497354498,0.9666666666666667,0.9340659340659341,0.9340659340659341
tapcorrect/100_youtube_QinABEXzutY/track.npy,tapcorrect,5,0.8909574468085106,0.8155844155844156,0.8155844155844156,0.7263681592039802,0.5370370370370371,0.5370370370370371
asap/Bach_Fugue_bwv_857_Bult-ItoS02M/track.npy,asap,6,0.9797752808988766,0.968609865470852,0.968609865470852,0.5988023952095809,0.0,0.8738738738738738
asap/Bach_Fugue_bwv_857_Lisiecki04M/track.npy,asap,6,0.9322033898305084,0.7590361445783133,0.7590361445783133,0.5766871165644171,0.0,0.8198198198198198
asap/Bach_Fugue_bwv_857_ToA01M/track.npy,asap,6,0.9910714285714286,0.9822222222222222,0.9822222222222222,0.6385542168674699,0.0,0.9009009009009009
asap/Bach_Fugue_bwv_857_WangA01M/track.npy,asap,6,0.9866666666666667,0.9647577092511013,0.9647577092511013,0.5748502994011976,0.0,0.8558558558558559
asap/Bach_Fugue_bwv_857_YuP01M/track.npy,asap,6,0.9888641425389755,0.9734513274336283,0.9734513274336283,0.5748502994011976,0.0,0.8558558558558559
asap/Bach_Fugue_bwv_875_Ahfat01M/track.npy,asap,6,0.7142857142857144,0.3087248322147651,0.4195121951219512,0.38775510204081626,0.0,0.2777777777777778
asap/Bach_Fugue_bwv_875_CaoJ01M/track.npy,asap,6,0.9389671361502347,0.8018018018018018,0.8018018018018018,0.5000000000000001,0.0,0.6545454545454545
asap/Bach_Fugue_bwv_876_SirajA01M/track.npy,asap,6,0.8230088495575222,0.39097744360902253,0.44086021505376344,0.6990291262135923,0.19402985074626866,0.3888888888888889
asap/Bach_Fugue_bwv_876_Song01M/track.npy,asap,6,0.9923664122137404,0.9770992366412213,0.9770992366412213,0.9180327868852458,0.7121212121212122,0.7121212121212122
asap/Bach_Fugue_bwv_883_GuoE01M/track.npy,asap,6,0.9040139616055846,0.8073089700996677,0.8073089700996677,0.4694835680751174,0.0,0.5793103448275863
asap/Bach_Fugue_bwv_883_Herbert02/track.npy,asap,6,0.007366482504604052,0.28308823529411764,0.28308823529411764,0.0,0.0,0.16296296296296298
asap/Bach_Fugue_bwv_883_KaiRuiR03/track.npy,asap,6,0.014732965009208104,0.029411764705882353,0.6826568265682657,0.0,0.0,0.16296296296296298
asap/Bach_Fugue_bwv_883_Khmara04/track.npy,asap,6,0.0038314176245210726,0.0,0.25,0.0,0.02459016393442623,0.1037037037037037
asap/Bach_Fugue_bwv_883_LuM01M/track.npy,asap,6,0.992619926199262,1.0,1.0,0.5,0.0,0.7037037037037037
asap/Bach_Fugue_bwv_889_Giesbrecht01M/track.npy,asap,6,0.761904761904762,0.23076923076923078,0.6183574879227053,0.6666666666666666,0.038461538461538464,0.8653846153846154
asap/Bach_Fugue_bwv_889_LiuY01M/track.npy,asap,6,0.761904761904762,0.23668639053254437,0.5942028985507246,0.6842105263157895,0.02,0.9607843137254902
asap/Bach_Fugue_bwv_889_MunA01M/track.npy,asap,6,0.8433734939759037,0.4583333333333333,0.4583333333333333,0.5306122448979591,0.0,0.4583333333333333
asap/Bach_Fugue_bwv_889_Wang01M/track.npy,asap,6,0.832,0.47586206896551725,0.47586206896551725,0.65,0.0,0.9444444444444444
asap/Bach_Fugue_bwv_889_YangY02M/track.npy,asap,6,0.6666666666666666,0.0,0.9857142857142858,0.46428571428571425,0.0,0.18604651162790697
asap/Bach_Fugue_bwv_889_ZhangW02M/track.npy,asap,6,0.7436823104693141,0.20809248554913296,0.6328502415458938,0.5531914893617021,0.0,0.5147058823529411
asap/Bach_Prelude_bwv_856_LuoJ01M/track.npy,asap,6,0.48351648351648346,0.0,0.004830917874396135,0.5925925925925926,0.0,0.7105263157894737
asap/Bach_Prelude_bwv_857_Bult-ItoS02M/track.npy,asap,6,1.0,1.0,1.0,0.6774193548387097,0.0,1.0
asap/Bach_Prelude_bwv_857_Lan01M/track.npy,asap,6,1.0,1.0,1.0,0.6774193548387097,0.0,0.9512195121951219
asap/Bach_Prelude_bwv_857_Lisiecki04M/track.npy,asap,6,0.9461077844311377,0.8823529411764706,0.8823529411764706,0.6129032258064516,0.0,0.8292682926829268
asap/Bach_Prelude_bwv_857_ToA01M/track.npy,asap,6,0.9580838323353293,0.8823529411764706,0.8823529411764706,0.6896551724137931,0.10810810810810811,0.8048780487804879
asap/Bach_Prelude_bwv_857_WangA01M/track.npy,asap,6,0.9700598802395209,0.9294117647058824,0.9294117647058824,0.4761904761904762,0.0,0.7142857142857143
asap/Bach_Prelude_bwv_857_YuP01M/track.npy,asap,6,1.0,1.0,1.0,0.6774193548387097,0.0,1.0
asap/Beethoven_Piano_Sonatas_16-1_BuiJL02M/track.npy,asap,6,0.940794809407948,0.8322884012539185,0.8322884012539185,0.9032258064516129,0.6959247648902821,0.6959247648902821
asap/Beethoven_Piano_Sonatas_16-1_Khmara05M/track.npy,asap,6,0.894822006472492,0.7633228840125392,0.7633228840125392,0.805704099821747,0.49843260188087773,0.49843260188087773
asap/Beethoven_Piano_Sonatas_16-1_LeeSH02M/track.npy,asap,6,0.8634920634920635,0.7746478873239436,0.7746478873239436,0.8169014084507042,0.6018808777429467,0.6018808777429467
asap/Beethoven_Piano_Sonatas_16-1_LuoJ03M/track.npy,asap,6,0.9402129402129402,0.8141732283464567,0.8141732283464567,0.7863894139886578,0.38485804416403785,0.38485804416403785
asap/Beethoven_Piano_Sonatas_16-1_Woo05M/track.npy,asap,6,0.880513231756215,0.7554858934169278,0.7554858934169278,0.7392120075046905,0.3793103448275862,0.3793103448275862
asap/Beethoven_Piano_Sonatas_24-1_Lisiecki05M/track.npy,asap,6,0.9227985524728589,0.8370720188902007,0.8370720188902007,0.8674698795180722,0.7428571428571429,0.7428571428571429
asap/Beethoven_Piano_Sonatas_24-1_no_repeat_Lou02M/track.npy,asap,6,0.9571603427172583,0.9121951219512195,0.9121951219512195,0.8521739130434781,0.5555555555555556,0.5555555555555556
asap/Beethoven_Piano_Sonatas_24-2_Lisiecki05M/track.npy,asap,6,0.753004005340454,0.5404040404040404,0.5404040404040404,0.49097472924187724,0.1016949152542373,0.28
asap/Beethoven_Piano_Sonatas_27-1_GiacomelliN04M/track.npy,asap,6,0.7146321746160065,0.3872752420470263,0.3872752420470263,0.5388127853881278,0.22821576763485477,0.22821576763485477
asap/Beethoven_Piano_Sonatas_27-1_Ko05M/track.npy,asap,6,0.7583401139137511,0.43706777316735823,0.43706777316735823,0.5363636363636364,0.2821576763485477,0.2821576763485477
asap/Beethoven_Piano_Sonatas_27-1_MiyashitaM02M/track.npy,asap,6,0.8976157082748948,0.8298755186721992,0.8298755186721992,0.6540880503144655,0.5145228215767634,0.5145228215767634
asap/Beethoven_Piano_Sonatas_5-1_Colafelice02M/track.npy,asap,6,0.63125,0.12934131736526946,0.12934131736526946,0.588785046728972,0.08602150537634409,0.3959731543624161
asap/Beethoven_Piano_Sonatas_5-1_SunD02M/track.npy,asap,6,0.6912096168294516,0.21875,0.21875,0.6470588235294118,0.21942446043165467,0.22560975609756098
asap/Beethoven_Piano_Sonatas_8-1_Na06M/track.npy,asap,6,0.8926470588235295,0.7390691114245416,0.7390691114245416,0.7414104882459314,0.43506493506493504,0.43506493506493504
asap/Chopin_Etudes_op_10_2_Hebert03M/track.npy,asap,6,0.9123867069486404,0.6833333333333333,0.6833333333333333,0.9230769230769231,0.782608695652174,0.782608695652174
asap/Chopin_Etudes_op_10_2_JeonH02M/track.npy,asap,6,0.923076923076923,0.7142857142857143,0.7142857142857143,0.7321428571428572,0.2878787878787879,0.43956043956043955
asap/Chopin_Etudes_op_25_11_Richardson_2015_03M/track.npy,asap,6,0.939820742637644,0.8787128712871287,0.8787128712871287,0.9064039408866994,0.7592592592592593,0.7592592592592593
asap/Chopin_Scherzos_31_ChenW04M/track.npy,asap,6,0.4817150063051703,0.016817593790426907,0.03620689655172414,0.51067615658363,0.04139715394566624,0.32558139534883723
asap/Chopin_Scherzos_31_HuNY08M/track.npy,asap,6,0.4950433705080545,0.01078050884001725,0.03017241379310345,0.5266903914590747,0.04139715394566624,0.29198966408268734
asap/Chopin_Scherzos_31_Jussow11M/track.npy,asap,6,0.48304542546385154,0.013390928725701945,0.02247191011235955,0.539568345323741,0.02849740932642487,0.3005181347150259
asap/Chopin_Scherzos_31_LeeN04M/track.npy,asap,6,0.4954128440366973,0.014248704663212436,0.030224525043177894,0.5072463768115942,0.023316062176165803,0.3471502590673575
asap/Chopin_Scherzos_31_LinTami06M/track.npy,asap,6,0.4618382591750568,0.003882657463330457,0.02070750647109577,0.5119705340699816,0.014230271668822769,0.39276485788113696
asap/Chopin_Scherzos_31_LuoJ12M/track.npy,asap,6,0.4638147314248955,0.00819672131147541,0.027610008628127698,0.520852641334569,0.007761966364812419,0.37467700258397935
asap/Chopin_Scherzos_31_SunD04M/track.npy,asap,6,0.4764059469941823,0.009503239740820735,0.029386343993085567,0.5135387488328664,0.0038860103626943004,0.2823834196891192
asap/Chopin_Scherzos_31_TongB04M/track.npy,asap,6,0.433355219960604,0.0012942191544434857,0.012942191544434857,0.454632282712512,0.00258732212160414,0.2971576227390181
asap/Chopin_Scherzos_31_TuanS05M/track.npy,asap,6,0.4672051696284329,0.0025884383088869713,0.014667817083692839,0.5381818181818182,0.016817593790426907,0.3643410852713178
asap/Chopin_Scherzos_31_ZhangW04M/track.npy,asap,6,0.46679561573178596,0.007765314926660914,0.015530629853321829,0.500459981600736,0.015523932729624839,0.35400516795865633
asap/Chopin_Sonata_2_4th_KaszoS16M/track.npy,asap,6,0.5265486725663717,0.0034129692832764505,0.5031446540880503,0.3835616438356164,0.3835616438356164,0.3835616438356164
asap/Haydn_Keyboard_Sonatas_50-1_no_repeat_GalantM02M/track.npy,asap,6,0.9766666666666668,0.9359605911330049,0.9359605911330049,0.6547085201793722,0.003355704697986577,0.9429530201342282
asap/Haydn_Keyboard_Sonatas_50-1_no_repeat_HamSY02M/track.npy,asap,6,0.8899521531100479,0.7285067873303167,0.7285067873303167,0.6068965517241379,0.041811846689895474,0.7830508474576271
asap/Haydn_Keyboard_Sonatas_50-1_no_repeat_Huang05M/track.npy,asap,6,0.9293433083956775,0.8499184339314845,0.8499184339314845,0.6091127098321343,0.040740740740740744,0.7440273037542662
asap/Haydn_Keyboard_Sonatas_50-1_no_repeat_JeonH03M/track.npy,asap,6,0.8842777334397447,0.7235649546827795,0.7235649546827795,0.586046511627907,0.02127659574468085,0.7728813559322034
asap/Haydn_Keyboard_Sonatas_50-1_no_repeat_KARYAG06M/track.npy,asap,6,0.9378531073446327,0.8003072196620584,0.8003072196620584,0.6409638554216867,0.08208955223880597,0.7303754266211604
asap/Haydn_Keyboard_Sonatas_50-1_no_repeat_Shi07M/track.npy,asap,6,0.8963317384370016,0.7285067873303167,0.7285067873303167,0.579646017699115,0.013157894736842105,0.7532894736842105
asap/Haydn_Keyboard_Sonatas_50-1_no_repeat_YoungS02M/track.npy,asap,6,0.8567026194144837,0.628005657708628,0.628005657708628,0.5804988662131519,0.006825938566552901,0.8033898305084746
asap/Liszt_Gran_Etudes_de_Paganini_6_Theme_and_Variations_WangA07M/track.npy,asap,6,0.8077753779697624,0.5959595959595959,0.5959595959595959,0.7523809523809524,0.641860465116279,0.641860465116279
asap/Schubert_Piano_Sonatas_894-2_Yeletskiy08M/track.npy,asap,6,0.7727272727272727,0.5442404006677797,0.5442404006677797,0.5483028720626631,0.32,0.32
asap/Schubert_Piano_Sonatas_894-2_no_repeat_CHEN11M/track.npy,asap,6,0.8085106382978724,0.6142322097378277,0.6142322097378277,0.6333333333333333,0.4010989010989011,0.4010989010989011
asap/Schubert_Piano_Sonatas_894-2_no_repeat_Lee10M/track.npy,asap,6,0.8983543078412393,0.7659176029962547,0.7659176029962547,0.6954022988505747,0.5168539325842697,0.5168539325842697
asap/Schubert_Piano_Sonatas_894-2_no_repeat_SINKEV12M/track.npy,asap,6,0.8257059396299903,0.6910112359550562,0.6910112359550562,0.7846607669616519,0.6460674157303371,0.6460674157303371
asap/Scriabin_Etudes_op_8_11_Shi08M/track.npy,asap,6,0.7314285714285714,0.36787564766839376,0.36787564766839376,0.30769230769230765,0.03333333333333333,0.10476190476190476
ballroom/ballroom_Albums-AnaBelen_Veneo-01/track.npy,ballroom,6,1.0,1.0,1.0,1.0,1.0,1.0
ballroom/ballroom_Albums-Ballroom_Classics4-01/track.npy,ballroom,6,0.6944444444444444,0.9722222222222222,0.9722222222222222,0.9166666666666666,1.0,1.0
ballroom/ballroom_Albums-Ballroom_Classics4-11/track.npy,ballroom,6,0.993103448275862,0.9863013698630136,0.9863013698630136,1.0,1.0,1.0
ballroom/ballroom_Albums-Ballroom_Classics4-19/track.npy,ballroom,6,1.0,1.0,1.0,1.0,1.0,1.0
ballroom/ballroom_Albums-Ballroom_Magic-08/track.npy,ballroom,6,1.0,1.0,1.0,1.0,1.0,1.0
ballroom/ballroom_Albums-Ballroom_Magic-10/track.npy,ballroom,6,1.0,1.0,1.0,1.0,1.0,1.0
ballroom/ballroom_Albums-Cafe_Paradiso-12/track.npy,ballroom,6,1.0,1.0,1.0,1.0,1.0,1.0
ballroom/ballroom_Albums-Chrisanne3-05/track.npy,ballroom,6,0.6666666666666666,0.6428571428571429,0.6428571428571429,0.6923076923076923,1.0,1.0
ballroom/ballroom_Albums-Chrisanne3-15/track.npy,ballroom,6,0.9397590361445783,0.8604651162790697,0.8604651162790697,0.9268292682926829,0.8571428571428571,0.8571428571428571
ballroom/ballroom_Albums-Fire-14/track.npy,ballroom,6,1.0,1.0,1.0,1.0,1.0,1.0
ballroom/ballroom_Albums-Fire-15/track.npy,ballroom,6,1.0,1.0,1.0,1.0,1.0,1.0
ballroom/ballroom_Albums-GloriaEstefan_MiTierra-01/track.npy,ballroom,6,1.0,1.0,1.0,1.0,1.0,1.0
ballroom/ballroom_Albums-Latin_Jam-02/track.npy,ballroom,6,1.0,1.0,1.0,1.0,1.0,1.0
ballroom/ballroom_Albums-Latin_Jam4-11/track.npy,ballroom,6,1.0,1.0,1.0,1.0,1.0,1.0
ballroom/ballroom_Albums-Latin_Jam5-02/track.npy,ballroom,6,1.0,1.0,1.0,1.0,1.0,1.0
ballroom/ballroom_Albums-Latin_Jam5-03/track.npy,ballroom,6,0.9767441860465116,1.0,1.0,1.0,1.0,1.0
ballroom/ballroom_Albums-Latin_Jam5-04/track.npy,ballroom,6,1.0,1.0,1.0,1.0,1.0,1.0
ballroom/ballroom_Albums-Latin_Jam5-10/track.npy,ballroom,6,0.9879518072289156,0.9761904761904762,0.9761904761904762,1.0,1.0,1.0
ballroom/ballroom_Albums-Latino_Latino-01/track.npy,ballroom,6,0.9904761904761905,0.9811320754716981,0.9811320754716981,1.0,1.0,1.0
ballroom/ballroom_Albums-Macumba-08/track.npy,ballroom,6,1.0,1.0,1.0,1.0,1.0,1.0
ballroom/ballroom_Albums-Macumba-09/track.npy,ballroom,6,1.0,1.0,1.0,1.0,1.0,1.0
ballroom/ballroom_Albums-Macumba-15/track.npy,ballroom,6,1.0,1.0,1.0,1.0,1.0,1.0
ballroom/ballroom_Albums-Pais_Tropical-05/track.npy,ballroom,6,1.0,1.0,1.0,1.0,1.0,1.0
ballroom/ballroom_Albums-Pais_Tropical-09/track.npy,ballroom,6,1.0,1.0,1.0,1.0,1.0,1.0
ballroom/ballroom_Albums-Secret_Garden-01/track.npy,ballroom,6,0.8484848484848486,0.9696969696969697,0.9696969696969697,0.9090909090909091,1.0,1.0
ballroom/ballroom_Albums-StrictlyDancing_Tango-02/track.npy,ballroom,6,1.0,1.0,1.0,1.0,1.0,1.0
ballroom/ballroom_Albums-StrictlyDancing_Tango-13/track.npy,ballroom,6,1.0,1.0,1.0,1.0,1.0,1.0
ballroom/ballroom_Media-103314/track.npy,ballroom,6,1.0,1.0,1.0,1.0,1.0,1.0
ballroom/ballroom_Media-103413/track.npy,ballroom,6,0.9902912621359222,0.9807692307692307,0.9807692307692307,1.0,1.0,1.0
ballroom/ballroom_Media-103503/track.npy,ballroom,6,1.0,1.0,1.0,1.0,1.0,1.0
ballroom/ballroom_Media-103510/track.npy,ballroom,6,1.0,1.0,1.0,1.0,1.0,1.0
ballroom/ballroom_Media-103607/track.npy,ballroom,6,0.9885057471264368,0.9772727272727273,0.9772727272727273,1.0,1.0,1.0
ballroom/ballroom_Media-103612/track.npy,ballroom,6,1.0,1.0,1.0,0.8372093023255813,0.48,0.48
ballroom/ballroom_Media-103616/track.npy,ballroom,6,0.9565217391304348,0.9166666666666666,0.9166666666666666,0.9411764705882353,0.8888888888888888,0.8888888888888888
ballroom/ballroom_Media-103617/track.npy,ballroom,6,1.0,1.0,1.0,1.0,1.0,1.0
ballroom/ballroom_Media-103619/track.npy,ballroom,6,0.9908256880733944,0.9818181818181818,0.9818181818181818,0.8235294117647058,0.4,0.4444444444444444
ballroom/ballroom_Media-103702/track.npy,ballroom,6,1.0,1.0,1.0,1.0,1.0,1.0
ballroom/ballroom_Media-103708/track.npy,ballroom,6,1.0,1.0,1.0,1.0,1.0,1.0
ballroom/ballroom_Media-103803/track.npy,ballroom,6,0.9902912621359222,0.9807692307692307,0.9807692307692307,1.0,1.0,1.0
ballroom/ballroom_Media-103812/track.npy,ballroom,6,1.0,1.0,1.0,1.0,1.0,1.0
ballroom/ballroom_Media-103813/track.npy,ballroom,6,1.0,1.0,1.0,1.0,1.0,1.0
ballroom/ballroom_Media-104003/track.npy,ballroom,6,1.0,1.0,1.0,1.0,1.0,1.0
ballroom/ballroom_Media-104005/track.npy,ballroom,6,0.9876543209876543,0.975609756097561,0.975609756097561,0.9523809523809523,0.9090909090909091,0.9090909090909091
ballroom/ballroom_Media-104006/track.npy,ballroom,6,1.0,1.0,1.0,1.0,1.0,1.0
ballroom/ballroom_Media-104009/track.npy,ballroom,6,0.9791666666666666,0.9791666666666666,0.9791666666666666,1.0,1.0,1.0
ballroom/ballroom_Media-104106/track.npy,ballroom,6,1.0,1.0,1.0,1.0,1.0,1.0
ballroom/ballroom_Media-104201/track.npy,ballroom,6,0.9863013698630138,0.972972972972973,0.972972972972973,1.0,1.0,1.0
ballroom/ballroom_Media-104202/track.npy,ballroom,6,0.9863013698630138,0.972972972972973,0.972972972972973,1.0,1.0,1.0
ballroom/ballroom_Media-104212/track.npy,ballroom,6,0.9933774834437086,0.9868421052631579,0.9868421052631579,0.9803921568627451,0.9615384615384616,0.9615384615384616
ballroom/ballroom_Media-104219/track.npy,ballroom,6,0.9941520467836257,0.9767441860465116,0.9767441860465116,0.9767441860465117,0.9545454545454546,0.9545454545454546
ballroom/ballroom_Media-104305/track.npy,ballroom,6,1.0,1.0,1.0,1.0,1.0,1.0
ballroom/ballroom_Media-104314/track.npy,ballroom,6,0.9942857142857142,0.9886363636363636,0.9886363636363636,0.9767441860465117,0.9545454545454546,0.9545454545454546
ballroom/ballroom_Media-104315/track.npy,ballroom,6,0.9942857142857142,0.9886363636363636,0.9886363636363636,0.4186046511627907,0.4090909090909091,0.5
ballroom/ballroom_Media-104407/track.npy,ballroom,6,0.9934640522875817,0.987012987012987,0.987012987012987,1.0,1.0,1.0
ballroom/ballroom_Media-104501/track.npy,ballroom,6,1.0,1.0,1.0,1.0,1.0,1.0
ballroom/ballroom_Media-104505/track.npy,ballroom,6,0.9906542056074767,0.9814814814814815,0.9814814814814815,0.962962962962963,0.9285714285714286,0.9285714285714286
ballroom/ballroom_Media-104515/track.npy,ballroom,6,0.9942196531791908,0.9885057471264368,0.9885057471264368,0.9767441860465117,0.9545454545454546,0.9545454545454546
ballroom/ballroom_Media-104603/track.npy,ballroom,6,0.9863013698630138,0.972972972972973,0.972972972972973,1.0,1.0,1.0
ballroom/ballroom_Media-104605/track.npy,ballroom,6,0.9908256880733944,0.9818181818181818,0.9818181818181818,1.0,1.0,1.0
ballroom/ballroom_Media-104702/track.npy,ballroom,6,1.0,1.0,1.0,1.0,1.0,1.0
ballroom/ballroom_Media-104809/track.npy,ballroom,6,1.0,1.0,1.0,1.0,1.0,1.0
ballroom/ballroom_Media-104902/track.npy,ballroom,6,1.0,1.0,1.0,1.0,1.0,1.0
ballroom/ballroom_Media-105008/track.npy,ballroom,6,0.9904761904761905,0.9811320754716981,0.9811320754716981,1.0,1.0,1.0
ballroom/ballroom_Media-105009/track.npy,ballroom,6,1.0,1.0,1.0,1.0,1.0,1.0
ballroom/ballroom_Media-105016/track.npy,ballroom,6,1.0,1.0,1.0,1.0,1.0,1.0
ballroom/ballroom_Media-105017/track.npy,ballroom,6,1.0,1.0,1.0,1.0,1.0,1.0
ballroom/ballroom_Media-105020/track.npy,ballroom,6,0.9710982658959537,0.9425287356321839,0.9425287356321839,1.0,1.0,1.0
ballroom/ballroom_Media-105102/track.npy,ballroom,6,0.9428571428571428,0.9714285714285714,0.9714285714285714,1.0,1.0,1.0
ballroom/ballroom_Media-105109/track.npy,ballroom,6,1.0,1.0,1.0,1.0,1.0,1.0
ballroom/ballroom_Media-105212/track.npy,ballroom,6,1.0,1.0,1.0,1.0,1.0,1.0
ballroom/ballroom_Media-105214/track.npy,ballroom,6,0.9253731343283583,0.9117647058823529,0.9117647058823529,1.0,1.0,1.0
ballroom/ballroom_Media-105302/track.npy,ballroom,6,0.3888888888888889,0.35135135135135137,0.35135135135135137,0.2105263157894737,0.36363636363636365,0.36363636363636365
ballroom/ballroom_Media-105403/track.npy,ballroom,6,1.0,1.0,1.0,1.0,1.0,1.0
ballroom/ballroom_Media-105405/track.npy,ballroom,6,1.0,1.0,1.0,1.0,1.0,1.0
ballroom/ballroom_Media-105409/track.npy,ballroom,6,1.0,1.0,1.0,1.0,1.0,1.0
ballroom/ballroom_Media-105417/track.npy,ballroom,6,0.9894736842105264,0.9791666666666666,0.9791666666666666,0.9565217391304348,0.9166666666666666,0.9166666666666666
ballroom/ballroom_Media-105420/track.npy,ballroom,6,0.9904761904761905,0.9811320754716981,0.9811320754716981,0.962962962962963,0.9285714285714286,0.9285714285714286
ballroom/ballroom_Media-105803/track.npy,ballroom,6,0.9722222222222222,1.0,1.0,1.0,1.0,1.0
ballroom/ballroom_Media-105804/track.npy,ballroom,6,1.0,1.0,1.0,1.0,1.0,1.0
ballroom/ballroom_Media-105809/track.npy,ballroom,6,1.0,1.0,1.0,1.0,1.0,1.0
ballroom/ballroom_Media-105812/track.npy,ballroom,6,0.9793103448275863,0.9041095890410958,0.9041095890410958,0.9795918367346939,0.96,0.96
ballroom/ballroom_Media-105907/track.npy,ballroom,6,1.0,0.9864864864864865,0.9864864864864865,1.0,1.0,1.0
ballroom/ballroom_Media-106001/track.npy,ballroom,6,0.9767441860465117,0.9545454545454546,0.9545454545454546,0.43478260869565216,0.4166666666666667,0.4166666666666667
ballroom/ballroom_Media-106016/track.npy,ballroom,6,1.0,1.0,1.0,1.0,1.0,1.0
ballroom/ballroom_Media-106108/track.npy,ballroom,6,0.9767441860465117,0.9545454545454546,0.9545454545454546,1.0,1.0,1.0
beatles/beatles_01_Please_Please_Me_06_Ask_Me_Why/track.npy,beatles,6,0.9966555183946488,0.9966555183946488,0.9966555183946488,1.0,1.0,1.0
beatles/beatles_01_Please_Please_Me_12_A_Taste_Of_Honey/track.npy,beatles,6,0.9033942558746737,0.9015544041450777,0.9015544041450777,0.8595041322314049,0.8524590163934426,0.8524590163934426
beatles/beatles_02_With_the_Beatles_01_It_Wont_Be_Long/track.npy,beatles,6,0.958955223880597,0.9448529411764706,0.9448529411764706,0.9701492537313432,0.9558823529411765,0.9558823529411765
beatles/beatles_02_With_the_Beatles_02_All_Ive_Got_To_Do/track.npy,beatles,6,1.0,1.0,1.0,1.0,1.0,1.0
beatles/beatles_03_A_Hard_Days_Night_13_Ill_Be_Back/track.npy,beatles,6,0.996389891696751,0.9928057553956835,0.9928057553956835,0.9517241379310345,0.8783783783783784,0.8783783783783784
beatles/beatles_04_Beatles_for_Sale_04_Rock_and_Roll_Music/track.npy,beatles,6,0.9987484355444306,0.995,0.995,1.0,1.0,1.0
beatles/beatles_04_Beatles_for_Sale_09_Words_of_Love/track.npy,beatles,6,0.9182879377431907,0.9138576779026217,0.9138576779026217,0.9206349206349206,0.890625,0.890625
beatles/beatles_05_Help_01_Help/track.npy,beatles,6,0.9926650366748166,0.9854368932038835,0.9854368932038835,0.6666666666666666,0.0,0.9805825242718447
beatles/beatles_05_Help_14_Dizzy_Miss_Lizzy/track.npy,beatles,6,0.9933065595716197,0.9919786096256684,0.9919786096256684,0.9346733668341708,0.7904761904761904,0.7904761904761904
beatles/beatles_06_Rubber_Soul_03_You_Wont_See_Me/track.npy,beatles,6,0.9945945945945946,0.989247311827957,0.989247311827957,0.9945945945945946,0.989247311827957,0.989247311827957
beatles/beatles_06_Rubber_Soul_04_Nowhere_Man/track.npy,beatles,6,0.9821717990275527,0.9805825242718447,0.9805825242718447,0.987012987012987,1.0,1.0
beatles/beatles_07_Revolver_09_And_Your_Bird_Can_Sing/track.npy,beatles,6,0.9898167006109979,0.9798387096774194,0.9798387096774194,0.991869918699187,0.9838709677419355,0.9838709677419355
beatles/beatles_08_Sgt_Peppers_Lonely_Hearts_Club_Band_05_Fixing_A_Hole/track.npy,beatles,6,0.9927797833935018,0.985663082437276,0.985663082437276,0.9857142857142858,0.9857142857142858,0.9857142857142858
beatles/beatles_08_Sgt_Peppers_Lonely_Hearts_Club_Band_11_Good_Morning_Good_Morning/track.npy,beatles,6,0.9814502529510961,0.9633333333333334,0.9633333333333334,0.6358381502890174,0.3695652173913043,0.3695652173913043
beatles/beatles_09_Magical_Mystery_Tour_04_Blue_Jay_Way/track.npy,beatles,6,0.9233082706766916,0.9112426035502958,0.9112426035502958,0.7444444444444444,0.59375,0.59375
beatles/beatles_10_CD1_The_Beatles_05_Wild_Honey_Pie/track.npy,beatles,6,0.9857142857142858,0.971830985915493,0.971830985915493,0.7083333333333333,0.21428571428571427,0.5128205128205128
beatles/beatles_10_CD1_The_Beatles_10_Im_So_Tired/track.npy,beatles,6,0.996309963099631,0.9926470588235294,0.9926470588235294,0.7999999999999999,0.40816326530612246,0.40816326530612246
beatles/beatles_10_CD1_The_Beatles_13_Rocky_Raccoon/track.npy,beatles,6,0.9285714285714286,0.7365079365079366,0.7365079365079366,0.8607594936708861,0.5222222222222223,0.5222222222222223
beatles/beatles_10_CD2_The_Beatles_06_Helter_Skelter/track.npy,beatles,6,0.9523809523809524,0.9408450704225352,0.9408450704225352,0.8877005347593584,0.7058823529411765,0.7058823529411765
beatles/beatles_11_Abbey_Road_10_Sun_King/track.npy,beatles,6,0.9858356940509915,0.9943502824858758,0.9943502824858758,1.0,1.0,1.0
beatles/beatles_11_Abbey_Road_13_She_Came_In_Through_The_Bathroom_Window/track.npy,beatles,6,0.9898305084745762,0.9798657718120806,0.9798657718120806,0.935064935064935,0.8,0.8
beatles/beatles_12_Let_It_Be_02_Dig_a_Pony/track.npy,beatles,6,0.9669030732860521,0.955607476635514,0.955607476635514,0.9424460431654677,0.9014084507042254,0.9014084507042254
beatles/beatles_12_Let_It_Be_09_One_After_909/track.npy,beatles,6,0.6638772663877266,0.0,0.9895397489539749,0.6555555555555556,0.0,0.9833333333333333
candombe/csic.1995_ansina2_02/track.npy,candombe,6,1.0,1.0,1.0,1.0,1.0,1.0
candombe/proyecto.1992_gimenez_06/track.npy,candombe,6,0.998805256869773,0.9976133651551312,0.9976133651551312,1.0,1.0,1.0
candombe/zavala.muniz.2014_42/track.npy,candombe,6,1.0,1.0,1.0,1.0,1.0,1.0
candombe/zavala.muniz.2014_46/track.npy,candombe,6,1.0,1.0,1.0,1.0,1.0,1.0
filosax/filosax_11/track.npy,filosax,6,0.9349890430971513,0.8895265423242468,0.8895265423242468,0.9149560117302054,0.9017341040462428,0.9017341040462428
filosax/filosax_19/track.npy,filosax,6,0.999631947000368,0.9955849889624724,0.9955849889624724,1.0,1.0,1.0
filosax/filosax_23/track.npy,filosax,6,0.9995410738871042,0.998165137614679,0.998165137614679,1.0,1.0,1.0
filosax/filosax_24/track.npy,filosax,6,0.9969918349806618,0.9948453608247423,0.9948453608247423,0.9982788296041308,0.9965635738831615,0.9965635738831615
filosax/filosax_42/track.npy,filosax,6,1.0,1.0,1.0,0.9856733524355301,0.943502824858757,0.943502824858757
filosax/filosax_48/track.npy,filosax,6,0.9952000000000001,0.9848363926576217,0.9848363926576217,0.9903846153846154,0.9903846153846154,0.9903846153846154
groove_midi/drummer10_session1_1_jazz-swing_124_beat_4-4/track.npy,groove_midi,6,0.9815384615384615,0.9756838905775076,0.9756838905775076,0.9302325581395349,0.7777777777777778,0.7777777777777778
groove_midi/drummer1_eval_session_10_soul-groove10_102_beat_4-4/track.npy,groove_midi,6,1.0,1.0,1.0,1.0,1.0,1.0
groove_midi/drummer1_eval_session_6_hiphop-groove6_87_beat_4-4/track.npy,groove_midi,6,0.9911504424778761,0.9824561403508771,0.9824561403508771,0.9655172413793104,0.9333333333333333,0.9333333333333333
groove_midi/drummer1_session1_3_funk_80_beat_4-4/track.npy,groove_midi,6,0.8715083798882682,0.5671641791044776,0.5671641791044776,0.7865168539325842,0.56,0.56
groove_midi/drummer1_session1_51_rock-shuffle_125_beat_4-4/track.npy,groove_midi,6,1.0,1.0,1.0,1.0,1.0,1.0
groove_midi/drummer1_session1_75_jazz_125_beat_4-4/track.npy,groove_midi,6,0.7946428571428571,0.6271186440677966,0.6271186440677966,0.38596491228070173,0.36666666666666664,0.36666666666666664
groove_midi/drummer1_session1_82_neworleans-funk_84_beat_4-4/track.npy,groove_midi,6,0.9973614775725593,0.9947368421052631,0.9947368421052631,1.0,1.0,1.0
groove_midi/drummer1_session2_111_rock-prog_110_beat_5-4/track.npy,groove_midi,6,0.5831842576028623,0.32362459546925565,0.32362459546925565,0.4545454545454546,0.036585365853658534,0.41414141414141414
groove_midi/drummer1_session2_112_afrocuban-bembe_122_beat_4-4/track.npy,groove_midi,6,0.8956310679611651,0.8719806763285024,0.8719806763285024,0.7632850241545893,0.8269230769230769,0.8269230769230769
groove_midi/drummer1_session2_3_latin-chacarera_118_beat_4-4/track.npy,groove_midi,6,0.6613756613756614,0.48704663212435234,0.48704663212435234,0.3684210526315789,0.19117647058823528,0.19117647058823528
groove_midi/drummer1_session2_5_jazz_200_beat_3-4/track.npy,groove_midi,6,0.8777614138438881,0.5846560846560847,0.5846560846560847,0.49746192893401014,0.015873015873015872,0.4788732394366197
groove_midi/drummer1_session3_1_rock-prog_125_beat_4-4/track.npy,groove_midi,6,0.9991673605328892,0.9983361064891847,0.9983361064891847,1.0,1.0,1.0
groove_midi/drummer3_session1_13_rock_120_beat_4-4/track.npy,groove_midi,6,1.0,1.0,1.0,1.0,1.0,1.0
groove_midi/drummer3_session2_10_rock_100_beat_4-4/track.npy,groove_midi,6,1.0,1.0,1.0,1.0,1.0,1.0
groove_midi/drummer5_eval_session_5_funk-groove5_84_beat_4-4/track.npy,groove_midi,6,0.9911504424778761,0.9824561403508771,0.9824561403508771,1.0,1.0,1.0
groove_midi/drummer5_session1_12_latin-brazilian-sambareggae_96_beat_4-4/track.npy,groove_midi,6,0.9986244841815681,0.9972527472527473,0.9972527472527473,1.0,1.0,1.0
groove_midi/drummer5_session1_15_funk_100_beat_4-4/track.npy,groove_midi,6,1.0,1.0,1.0,1.0,1.0,1.0
groove_midi/drummer5_session2_13_rock_140_beat_4-4/track.npy,groove_midi,6,1.0,1.0,1.0,1.0,1.0,1.0
groove_midi/drummer5_session2_18_latin-brazilian-samba_93_beat_4-4/track.npy,groove_midi,6,0.9934640522875817,0.987012987012987,0.987012987012987,0.9743589743589743,0.95,0.95
groove_midi/drummer5_session2_19_latin-brazilian-ijexa_108_beat_4-4/track.npy,groove_midi,6,0.012578616352201257,0.0,0.975,0.0,1.0,1.0
groove_midi/drummer6_session3_6_rock_88_beat_4-4/track.npy,groove_midi,6,0.9813664596273292,0.9958677685950413,0.9958677685950413,1.0,1.0,1.0
groove_midi/drummer7_eval_session_9_soul-groove9_105_beat_4-4/track.npy,groove_midi,6,1.0,1.0,1.0,1.0,1.0,1.0
groove_midi/drummer7_session1_13_funk_102_beat_4-4/track.npy,groove_midi,6,0.9967845659163987,0.9935897435897436,0.9935897435897436,0.0,0.0,0.9487179487179487
groove_midi/drummer7_session1_15_jazz_112_beat_4-4/track.npy,groove_midi,6,0.9681528662420381,0.94375,0.94375,0.9870129870129869,0.9743589743589743,0.9743589743589743
groove_midi/drummer7_session1_22_hiphop_100_beat_4-4/track.npy,groove_midi,6,1.0,1.0,1.0,1.0,1.0,1.0
groove_midi/drummer7_session1_8_rock_93_beat_4-4/track.npy,groove_midi,6,0.9742574257425743,0.9920948616600791,0.9920948616600791,0.9921259842519685,0.984375,0.984375
groove_midi/drummer7_session1_9_rock_93_beat_4-4/track.npy,groove_midi,6,0.9832775919732442,0.9473684210526315,0.9473684210526315,0.0,0.0,0.972972972972973
groove_midi/drummer7_session2_37_rock_112_beat_4-4/track.npy,groove_midi,6,0.995967741935484,0.9919678714859438,0.9919678714859438,0.9323308270676691,0.7464788732394366,0.7464788732394366
groove_midi/drummer7_session2_64_rock_145_beat_4-4/track.npy,groove_midi,6,0.994475138121547,0.989010989010989,0.989010989010989,1.0,1.0,1.0
groove_midi/drummer7_session2_97_pop_142_beat_4-4/track.npy,groove_midi,6,0.9925925925925926,0.9852941176470589,0.9852941176470589,1.0,1.0,1.0
groove_midi/drummer7_session3_11_pop-soft_83_beat_4-4/track.npy,groove_midi,6,0.9865229110512129,0.9946236559139785,0.9946236559139785,0.5504587155963303,0.23809523809523808,0.3516483516483517
groove_midi/drummer7_session3_120_rock_93_beat_4-4/track.npy,groove_midi,6,0.9891696750902527,0.9642857142857143,0.9642857142857143,1.0,1.0,1.0
groove_midi/drummer7_session3_132_soul_105_beat_4-4/track.npy,groove_midi,6,0.9918256130790191,0.9945652173913043,0.9945652173913043,0.989010989010989,0.9782608695652174,0.9782608695652174
groove_midi/drummer7_session3_133_soul_105_beat_4-4/track.npy,groove_midi,6,0.9949748743718593,0.99,0.99,0.9795918367346939,0.96,0.96
groove_midi/drummer7_session3_22_pop-soft_83_beat_4-4/track.npy,groove_midi,6,0.991869918699187,0.9838709677419355,0.9838709677419355,0.6666666666666666,0.6,0.6
groove_midi/drummer8_eval_session_5_funk-groove5_84_beat_4-4/track.npy,groove_midi,6,0.9913043478260869,0.9827586206896551,0.9827586206896551,0.9655172413793104,0.9333333333333333,0.9333333333333333
groove_midi/drummer8_session1_10_neworleans-funk_82_beat_4-4/track.npy,groove_midi,6,1.0,1.0,1.0,1.0,1.0,1.0
groove_midi/drummer8_session1_15_hiphop_94_beat_4-4/track.npy,groove_midi,6,0.9982174688057042,0.99644128113879,0.99644128113879,0.9929078014184397,0.9859154929577465,0.9859154929577465
groove_midi/drummer8_session1_23_hiphop_70_beat_4-4/track.npy,groove_midi,6,1.0,1.0,1.0,1.0,1.0,1.0
groove_midi/drummer8_session1_24_funk-latin_100_beat_4-4/track.npy,groove_midi,6,0.9984,0.9968051118210862,0.9968051118210862,1.0,1.0,1.0
groove_midi/drummer9_session1_14_rock_120_beat_4-4/track.npy,groove_midi,6,0.995575221238938,0.995575221238938,0.995575221238938,0.9911504424778761,0.9824561403508771,0.9824561403508771
groove_midi/drummer9_session1_23_rock_120_beat_4-4/track.npy,groove_midi,6,0.9910714285714286,0.9823008849557522,0.9823008849557522,1.0,1.0,1.0
guitarset/00_Funk2-108-Eb_comp_mix/track.npy,guitarset,6,0.8965517241379309,0.7704918032786885,0.7704918032786885,0.8571428571428571,0.7333333333333333,0.7333333333333333
guitarset/00_Jazz1-200-B_comp_mix/track.npy,guitarset,6,0.6938775510204082,0.12903225806451613,0.7222222222222222,0.6,0.0,1.0
guitarset/00_Jazz3-150-C_comp_mix/track.npy,guitarset,6,0.9902912621359222,0.9807692307692307,0.9807692307692307,0.9600000000000001,0.9230769230769231,0.9230769230769231
guitarset/00_Rock2-85-F_comp_mix/track.npy,guitarset,6,0.9911504424778761,0.9824561403508771,0.9824561403508771,0.9655172413793104,0.9333333333333333,0.9333333333333333
guitarset/01_Rock1-130-A_comp_mix/track.npy,guitarset,6,0.9487179487179488,0.8292682926829268,0.8292682926829268,0.7368421052631577,0.7,0.7
guitarset/01_Rock2-142-D_comp_mix/track.npy,guitarset,6,1.0,1.0,1.0,1.0,1.0,1.0
guitarset/01_SS1-100-C#_comp_mix/track.npy,guitarset,6,0.975,0.926829268292683,0.926829268292683,0.9473684210526316,0.9,0.9
guitarset/01_SS2-88-F_comp_mix/track.npy,guitarset,6,0.3971631205673759,0.0,0.0,0.0,0.0,0.0
guitarset/01_SS3-84-Bb_comp_mix/track.npy,guitarset,6,0.9739130434782608,0.9827586206896551,0.9827586206896551,0.9655172413793104,0.9333333333333333,0.9333333333333333
guitarset/01_SS3-98-C_comp_mix/track.npy,guitarset,6,1.0,1.0,1.0,1.0,1.0,1.0
guitarset/02_BN2-166-Ab_comp_mix/track.npy,guitarset,6,0.631578947368421,0.0,0.9615384615384616,0.631578947368421,0.0,0.8571428571428571
guitarset/02_Jazz1-130-D_comp_mix/track.npy,guitarset,6,1.0,1.0,1.0,1.0,1.0,1.0
guitarset/02_SS3-84-Bb_comp_mix/track.npy,guitarset,6,0.9649122807017544,0.9824561403508771,0.9824561403508771,0.9655172413793104,0.9333333333333333,0.9333333333333333
guitarset/03_Jazz3-150-C_comp_mix/track.npy,guitarset,6,0.9902912621359222,0.9807692307692307,0.9807692307692307,0.9600000000000001,0.9230769230769231,0.9230769230769231
guitarset/04_Funk3-98-A_comp_mix/track.npy,guitarset,6,0.9909909909909909,0.9821428571428571,0.9821428571428571,0.962962962962963,0.9285714285714286,0.9285714285714286
guitarset/04_Jazz2-110-Bb_comp_mix/track.npy,guitarset,6,0.9636363636363636,0.9107142857142857,0.9107142857142857,0.962962962962963,0.9285714285714286,0.9285714285714286
guitarset/05_BN1-129-Eb_comp_mix/track.npy,guitarset,6,0.9866666666666666,0.9736842105263158,0.9736842105263158,0.9473684210526316,0.9,0.9
guitarset/05_BN3-119-G_comp_mix/track.npy,guitarset,6,0.9908256880733944,0.9818181818181818,0.9818181818181818,0.962962962962963,0.9285714285714286,0.9285714285714286
guitarset/05_Funk3-112-C#_comp_mix/track.npy,guitarset,6,0.9908256880733944,0.9818181818181818,0.9818181818181818,0.962962962962963,0.9285714285714286,0.9285714285714286
guitarset/05_Jazz2-187-F#_comp_mix/track.npy,guitarset,6,0.6575342465753424,0.0,0.96,0.631578947368421,0.0,0.8571428571428571
guitarset/05_SS1-100-C#_comp_mix/track.npy,guitarset,6,0.2647058823529412,0.0,0.034482758620689655,0.823529411764706,0.5555555555555556,0.5555555555555556
guitarset/05_SS2-88-F_comp_mix/track.npy,guitarset,6,0.9911504424778761,0.9824561403508771,0.9824561403508771,0.9655172413793104,0.9333333333333333,0.9333333333333333
hainsworth/hainsworth_006/track.npy,hainsworth,6,0.6486486486486486,0.0,0.8536585365853658,0.9032258064516129,0.9032258064516129,0.9032258064516129
hainsworth/hainsworth_024/track.npy,hainsworth,6,0.6272189349112426,0.05357142857142857,0.7610619469026548,0.6046511627906976,0.0,0.9310344827586207
hainsworth/hainsworth_039/track.npy,hainsworth,6,1.0,1.0,1.0,1.0,1.0,1.0
hainsworth/hainsworth_047/track.npy,hainsworth,6,0.9682539682539683,0.9384615384615385,0.9384615384615385,0.9032258064516129,0.8125,0.8125
hainsworth/hainsworth_058/track.npy,hainsworth,6,1.0,1.0,1.0,0.8421052631578947,0.5714285714285714,0.5714285714285714
hainsworth/hainsworth_069/track.npy,hainsworth,6,1.0,1.0,1.0,1.0,1.0,1.0
hainsworth/hainsworth_079/track.npy,hainsworth,6,1.0,1.0,1.0,1.0,1.0,1.0
hainsworth/hainsworth_099/track.npy,hainsworth,6,1.0,1.0,1.0,1.0,1.0,1.0
hainsworth/hainsworth_108/track.npy,hainsworth,6,1.0,1.0,1.0,1.0,1.0,1.0
hainsworth/hainsworth_110/track.npy,hainsworth,6,1.0,1.0,1.0,1.0,1.0,1.0
hainsworth/hainsworth_124/track.npy,hainsworth,6,0.8673469387755102,0.9090909090909091,0.9090909090909091,0.7058823529411765,0.5833333333333334,0.5833333333333334
hainsworth/hainsworth_130/track.npy,hainsworth,6,0.8235294117647058,0.8301886792452831,0.8301886792452831,0.8,0.8076923076923077,0.8076923076923077
hainsworth/hainsworth_144/track.npy,hainsworth,6,0.0,0.0,0.8354430379746836,0.0,0.95,0.95
hainsworth/hainsworth_151/track.npy,hainsworth,6,1.0,1.0,1.0,1.0,1.0,1.0
hainsworth/hainsworth_153/track.npy,hainsworth,6,1.0,1.0,1.0,1.0,1.0,1.0
hainsworth/hainsworth_156/track.npy,hainsworth,6,1.0,1.0,1.0,1.0,1.0,1.0
hainsworth/hainsworth_159/track.npy,hainsworth,6,1.0,1.0,1.0,1.0,1.0,1.0
hainsworth/hainsworth_163/track.npy,hainsworth,6,1.0,1.0,1.0,1.0,1.0,1.0
hainsworth/hainsworth_177/track.npy,hainsworth,6,1.0,1.0,1.0,1.0,1.0,1.0
hainsworth/hainsworth_178/track.npy,hainsworth,6,0.9951219512195122,0.9902912621359223,0.9902912621359223,1.0,1.0,1.0
hainsworth/hainsworth_184/track.npy,hainsworth,6,1.0,1.0,1.0,1.0,1.0,1.0
hainsworth/hainsworth_197/track.npy,hainsworth,6,0.6666666666666666,0.0,1.0,1.0,1.0,1.0
hainsworth/hainsworth_210/track.npy,hainsworth,6,0.9960474308300395,0.984251968503937,0.984251968503937,0.7472527472527472,0.5510204081632653,0.5510204081632653
hainsworth/hainsworth_212/track.npy,hainsworth,6,1.0,1.0,1.0,1.0,1.0,1.0
hainsworth/hainsworth_227/track.npy,hainsworth,6,0.9704641350210971,0.8852459016393442,0.8852459016393442,0.9655172413793104,0.9,0.9
hainsworth/hainsworth_231/track.npy,hainsworth,6,1.0,1.0,1.0,1.0,1.0,1.0
hainsworth/hainsworth_243/track.npy,hainsworth,6,0.9251101321585903,0.7213114754098361,0.7213114754098361,0.4871794871794872,0.041666666666666664,0.576271186440678
harmonix/0006_aint2proud2beg/track.npy,harmonix,6,0.9983305509181971,0.9966666666666667,0.9966666666666667,0.9932885906040269,0.9866666666666667,0.9866666666666667
harmonix/0018_bassdownlow/track.npy,harmonix,6,0.9961977186311787,1.0,1.0,1.0,1.0,1.0
harmonix/0037_breakyourheart/track.npy,harmonix,6,1.0,1.0,1.0,1.0,1.0,1.0
harmonix/0042_callme/track.npy,harmonix,6,1.0,1.0,1.0,1.0,1.0,1.0
harmonix/0045_cantgetyououtofmyhead/track.npy,harmonix,6,1.0,1.0,1.0,1.0,1.0,1.0
harmonix/0050_clubcanthandleme/track.npy,harmonix,6,1.0,1.0,1.0,1.0,1.0,1.0
harmonix/0058_criticalacclaim/track.npy,harmonix,6,0.9888641425389755,0.9719350073855244,0.9719350073855244,0.8982035928143711,0.783625730994152,0.783625730994152
harmonix/0075_dontcha/track.npy,harmonix,6,0.9981024667931689,0.9962121212121212,0.9962121212121212,1.0,1.0,1.0
harmonix/0078_donttouchme/track.npy,harmonix,6,0.9974489795918366,0.9949109414758269,0.9949109414758269,0.9949238578680203,0.98989898989899,0.98989898989899
harmonix/0101_galang/track.npy,harmonix,6,1.0,1.0,1.0,0.611111111111111,0.11235955056179775,0.6146788990825688
harmonix/0112_giveitup/track.npy,harmonix,6,0.9932203389830507,0.9730639730639731,0.9730639730639731,0.9864864864864865,0.972972972972973,0.972972972972973
harmonix/0115_gonnamakeyousweat/track.npy,harmonix,6,1.0,1.0,1.0,1.0,1.0,1.0
harmonix/0131_iamthebest/track.npy,harmonix,6,1.0,1.0,1.0,1.0,1.0,1.0
harmonix/0149_johnnyguitar/track.npy,harmonix,6,0.9935649935649936,0.9872122762148338,0.9872122762148338,0.9789473684210526,0.9479166666666666,0.9479166666666666
harmonix/0156_lastnight/track.npy,harmonix,6,1.0,1.0,1.0,0.34108527131782945,0.3230769230769231,0.6461538461538462
harmonix/0160_likeag6/track.npy,harmonix,6,1.0,1.0,1.0,1.0,1.0,1.0
harmonix/0179_moveslikejagger/track.npy,harmonix,6,1.0,1.0,1.0,1.0,1.0,1.0
harmonix/0183_mynameisjonas/track.npy,harmonix,6,0.8740861088545896,0.7826771653543307,0.7826771653543307,0.8055555555555556,0.6324786324786325,0.6324786324786325
harmonix/0199_numberofthebeast2/track.npy,harmonix,6,0.8864142538975501,0.7018701870187019,0.7018701870187019,0.6697247706422018,0.5450643776824035,0.5450643776824035
harmonix/0242_satisfaction/track.npy,harmonix,6,0.9980952380952381,0.9961977186311787,0.9961977186311787,0.567741935483871,0.2222222222222222,0.3643410852713178
harmonix/0248_screamingfor/track.npy,harmonix,6,0.9098077870872351,0.7333965844402277,0.7333965844402277,0.8220858895705522,0.8089430894308943,0.8089430894308943
harmonix/0264_stereolove/track.npy,harmonix,6,0.9941176470588236,0.9941176470588236,0.9941176470588236,1.0,1.0,1.0
harmonix/0271_teachmehowtodougie/track.npy,harmonix,6,1.0,1.0,1.0,1.0,1.0,1.0
harmonix/0278_thatsthahomie/track.npy,harmonix,6,0.6932409012131716,0.09491978609625669,0.8051787916152897,0.6996466431095406,0.11602209944751381,0.7487684729064039
harmonix/0280_thedayitriedtolive/track.npy,harmonix,6,0.8916256157635467,0.6636500754147813,0.6636500754147813,0.6206896551724138,0.34965034965034963,0.34965034965034963
harmonix/0281_theedgeofglory/track.npy,harmonix,6,0.9986357435197818,0.997275204359673,0.997275204359673,1.0,1.0,1.0
harmonix/0288_thewayiare/track.npy,harmonix,6,0.9913793103448275,0.9743589743589743,0.9743589743589743,0.9914529914529915,0.9830508474576272,0.9830508474576272
harmonix/0290_thisishowwedoit/track.npy,harmonix,6,1.0,1.0,1.0,1.0,1.0,1.0
harmonix/0307_whatdoesntkillyou/track.npy,harmonix,6,1.0,1.0,1.0,1.0,1.0,1.0
harmonix/0318_windup/track.npy,harmonix,6,1.0,1.0,1.0,0.9299363057324842,0.9113924050632911,0.9113924050632911
harmonix/0333_allday/track.npy,harmonix,6,0.9442379182156134,0.8943661971830986,0.8943661971830986,0.96875,0.9375,0.9375
harmonix/0339_aslongasyouloveme/track.npy,harmonix,6,0.9863013698630135,0.9883268482490273,0.9883268482490273,0.9763779527559054,0.96875,0.96875
harmonix/0368_dontwakemeup/track.npy,harmonix,6,0.998769987699877,0.9975429975429976,0.9975429975429976,1.0,1.0,1.0
harmonix/0398_goodtime/track.npy,harmonix,6,0.9987669543773119,0.9975369458128078,0.9975369458128078,1.0,1.0,1.0
harmonix/0409_idontlikeyou/track.npy,harmonix,6,0.9980952380952381,0.9961977186311787,0.9961977186311787,1.0,1.0,1.0
harmonix/0424_justadream/track.npy,harmonix,6,0.9898697539797396,0.9855491329479769,0.9855491329479769,0.9942196531791908,0.9885057471264368,0.9885057471264368
harmonix/0427_justthewayyouare/track.npy,harmonix,6,0.9947089947089947,0.9894736842105263,0.9894736842105263,0.9947089947089947,0.9894736842105263,0.9894736842105263
harmonix/0429_kissinu/track.npy,harmonix,6,0.9899280575539569,0.98005698005698,0.98005698005698,0.9942196531791908,0.9885057471264368,0.9885057471264368
harmonix/0435_lookatmenow/track.npy,harmonix,6,0.9638095238095239,0.9583333333333334,0.9583333333333334,0.9696969696969697,1.0,1.0
harmonix/0437_lovelikewoe/track.npy,harmonix,6,1.0,1.0,1.0,1.0,1.0,1.0
harmonix/0442_lullaby/track.npy,harmonix,6,1.0,1.0,1.0,0.9456521739130436,0.7938144329896907,0.7938144329896907
harmonix/0443_magic/track.npy,harmonix,6,0.9990281827016522,0.9980582524271845,0.9980582524271845,1.0,1.0,1.0
harmonix/0448_mine/track.npy,harmonix,6,0.997716894977169,0.9954441913439636,0.9954441913439636,1.0,1.0,1.0
harmonix/0457_nothing/track.npy,harmonix,6,0.9926362297496317,0.9852941176470589,0.9852941176470589,0.96,0.8666666666666667,0.8666666666666667
harmonix/0461_obsession/track.npy,harmonix,6,1.0,1.0,1.0,1.0,1.0,1.0
harmonix/0469_ordinaryworld/track.npy,harmonix,6,0.6610169491525423,0.0,0.975,0.6610169491525423,0.0,0.975
harmonix/0492_sm/track.npy,harmonix,6,0.9990089197224975,0.998019801980198,0.998019801980198,0.9960474308300395,0.9921259842519685,0.9921259842519685
harmonix/0511_theonlyexception/track.npy,harmonix,6,0.982066609735269,0.9710884353741497,0.9710884353741497,0.7851239669421487,0.3402777777777778,0.48717948717948717
harmonix/0522_turnupthemusic/track.npy,harmonix,6,0.8951194184839044,0.8316430020283976,0.8316430020283976,0.8205128205128206,0.8305084745762712,0.8305084745762712
harmonix/0523_ucanttouchthis/track.npy,harmonix,6,0.9945054945054945,0.9890710382513661,0.9890710382513661,0.9963369963369962,0.9927007299270073,0.9927007299270073
harmonix/0540_youandme/track.npy,harmonix,6,0.9966887417218543,0.9933993399339934,0.9933993399339934,1.0,1.0,1.0
harmonix/0547_1901boflexdpassionpitremix/track.npy,harmonix,6,0.9720044792833146,0.9620535714285714,0.9620535714285714,0.8582677165354331,0.5633802816901409,0.5633802816901409
harmonix/0549_515/track.npy,harmonix,6,0.9934426229508198,0.9901960784313726,0.9901960784313726,0.9868421052631579,1.0,1.0
harmonix/0553_alivefeatthegoodnatured/track.npy,harmonix,6,1.0,1.0,1.0,1.0,1.0,1.0
harmonix/0556_allaroundtheworld/track.npy,harmonix,6,0.9970267591674926,0.9940711462450593,0.9940711462450593,1.0,1.0,1.0
harmonix/0560_almostlovenow/track.npy,harmonix,6,0.9982964224872232,0.9965986394557823,0.9965986394557823,1.0,1.0,1.0
harmonix/0572_awake/track.npy,harmonix,6,0.9805555555555556,0.9724517906336089,0.9724517906336089,0.994475138121547,0.989010989010989,0.989010989010989
harmonix/0576_barbrastreisand/track.npy,harmonix,6,0.9655172413793103,0.9057750759878419,0.9057750759878419,0.9681528662420381,0.9433962264150944,0.9433962264150944
harmonix/0593_blameitradioedit/track.npy,harmonix,6,0.9932705248990579,0.9866310160427807,0.9866310160427807,0.9946524064171123,0.9893617021276596,0.9893617021276596
harmonix/0599_boyfriend/track.npy,harmonix,6,1.0,1.0,1.0,0.0,0.0,0.0
harmonix/0609_carryon/track.npy,harmonix,6,0.8965517241379309,0.806,0.806,0.927659574468085,0.859504132231405,0.859504132231405
harmonix/0613_celebrationbennybenassi/track.npy,harmonix,6,0.8956780923994039,0.8586156111929307,0.8586156111929307,0.6434782608695652,0.6312849162011173,0.6312849162011173
harmonix/0620_closertands/track.npy,harmonix,6,0.9945593035908596,0.9891774891774892,0.9891774891774892,0.8521739130434782,0.8034188034188035,0.8034188034188035
harmonix/0631_curiosity/track.npy,harmonix,6,0.9871645274212368,0.9790209790209791,0.9790209790209791,0.9953051643192489,0.9906542056074766,0.9906542056074766
harmonix/0632_cyclone/track.npy,harmonix,6,0.996415770609319,0.9928571428571429,0.9928571428571429,1.0,1.0,1.0
harmonix/0635_daynnite/track.npy,harmonix,6,0.8076923076923077,0.3887240356083086,0.4136460554371002,0.7058823529411765,0.2765957446808511,0.48717948717948717
harmonix/0652_drovemewild/track.npy,harmonix,6,1.0,1.0,1.0,1.0,1.0,1.0
harmonix/0669_fastforwardffwd/track.npy,harmonix,6,1.0,1.0,1.0,1.0,1.0,1.0
harmonix/0674_feelsocloseextendedmix/track.npy,harmonix,6,0.9991173874669019,0.9982363315696648,0.9982363315696648,1.0,1.0,1.0
harmonix/0682_forever/track.npy,harmonix,6,0.9887850467289719,0.977818853974122,0.977818853974122,0.9888475836431226,0.9779411764705882,0.9779411764705882
harmonix/0691_givesyouhell/track.npy,harmonix,6,0.9970326409495549,0.9940828402366864,0.9940828402366864,0.9940828402366864,0.9882352941176471,0.9882352941176471
harmonix/0697_goodlife/track.npy,harmonix,6,0.9829738933030646,0.953125,0.953125,0.9864253393665159,0.9642857142857143,0.9642857142857143
harmonix/0705_haditall/track.npy,harmonix,6,0.9315673289183224,0.743801652892562,0.743801652892562,0.9298245614035088,0.7377049180327869,0.7377049180327869
harmonix/0708_haloradioedit/track.npy,harmonix,6,0.9896551724137931,1.0,1.0,0.9863013698630136,1.0,1.0
harmonix/0711_heartheartheartbreak/track.npy,harmonix,6,1.0,1.0,1.0,1.0,1.0,1.0
harmonix/0713_heartofgoldnow/track.npy,harmonix,6,0.9988649262202043,0.9977324263038548,0.9977324263038548,0.8281938325991189,0.7350427350427351,0.7350427350427351
harmonix/0714_hell/track.npy,harmonix,6,0.9990749306197965,0.9981515711645101,0.9981515711645101,0.996309963099631,0.9926470588235294,0.9926470588235294
harmonix/0721_holdup/track.npy,harmonix,6,0.9928469241773963,0.9857954545454546,0.9857954545454546,1.0,1.0,1.0
harmonix/0739_ikissedagirl/track.npy,harmonix,6,0.9973333333333333,0.9946808510638298,0.9946808510638298,1.0,1.0,1.0
harmonix/0742_iknowyouwantme/track.npy,harmonix,6,0.9986357435197818,0.997275204359673,0.997275204359673,1.0,1.0,1.0
harmonix/0744_immabe/track.npy,harmonix,6,0.9834394904458599,0.9974554707379135,0.9974554707379135,0.964467005076142,0.98989898989899,0.98989898989899
harmonix/0751_inlovewithagirl/track.npy,harmonix,6,0.9944547134935305,0.9742647058823529,0.9742647058823529,1.0,1.0,1.0
harmonix/0760_iwannarock/track.npy,harmonix,6,1.0,1.0,1.0,1.0,1.0,1.0
harmonix/0761_iwant/track.npy,harmonix,6,0.9957446808510638,0.9915254237288136,0.9915254237288136,1.0,1.0,1.0
harmonix/0768_keepsgettinbetter/track.npy,harmonix,6,0.993324432576769,0.986737400530504,0.986737400530504,0.9946524064171123,0.9893617021276596,0.9893617021276596
harmonix/0784_lightweight/track.npy,harmonix,6,0.8580603725112396,0.5450121654501217,0.5450121654501217,0.5833333333333334,0.425531914893617,0.425531914893617
harmonix/0797_loveisgone/track.npy,harmonix,6,1.0,1.0,1.0,1.0,1.0,1.0
harmonix/0799_lovesexmagic/track.npy,harmonix,6,0.998689384010485,0.9973821989528796,0.9973821989528796,0.9947643979057591,0.9895833333333334,0.9895833333333334
harmonix/0806_mad/track.npy,harmonix,6,0.7186629526462396,0.13071895424836602,0.769825918762089,0.6885245901639344,0.06779661016949153,0.8372093023255814
harmonix/0812_miserybimbo/track.npy,harmonix,6,0.9994036970781157,0.99880810488677,0.99880810488677,0.9976133651551313,0.9952380952380953,0.9952380952380953
harmonix/0814_mistake/track.npy,harmonix,6,0.6650246305418719,0.0,0.9926470588235294,0.6699507389162561,0.0,1.0
harmonix/0817_morethanthis/track.npy,harmonix,6,0.9063545150501672,0.6646153846153846,0.6646153846153846,0.87248322147651,0.6049382716049383,0.6049382716049383
harmonix/0820_mychickbad/track.npy,harmonix,6,0.9983136593591906,0.9966329966329966,0.9966329966329966,1.0,1.0,1.0
harmonix/0841_obsessedcahill/track.npy,harmonix,6,0.9958847736625513,0.9918032786885246,0.9918032786885246,0.0687830687830688,0.0,0.8571428571428571
harmonix/0844_ondirecting/track.npy,harmonix,6,0.9986648865153538,0.9973333333333333,0.9973333333333333,0.9841269841269841,0.9479166666666666,0.9479166666666666
harmonix/0846_onelove/track.npy,harmonix,6,0.9791666666666666,0.9591836734693877,0.9591836734693877,0.979253112033195,0.959349593495935,0.959349593495935
harmonix/0848_onething/track.npy,harmonix,6,0.9987421383647799,0.9974874371859297,0.9974874371859297,1.0,1.0,1.0
harmonix/0853_outonthetown/track.npy,harmonix,6,0.9990128331688055,0.9980276134122288,0.9980276134122288,0.9960474308300395,0.9921259842519685,0.9921259842519685
harmonix/0865_pocketfulofsunshine/track.npy,harmonix,6,0.9875,0.9722222222222222,0.9722222222222222,0.9875,0.9506172839506173,0.9506172839506173
harmonix/0872_readyfortheweekend/track.npy,harmonix,6,1.0,1.0,1.0,1.0,1.0,1.0
harmonix/0874_realize/track.npy,harmonix,6,0.9802289281997919,0.9408163265306122,0.9408163265306122,0.9666666666666667,0.9105691056910569,0.9105691056910569
harmonix/0892_saveyoutonight/track.npy,harmonix,6,0.9952038369304557,0.9904534606205251,0.9904534606205251,0.9952153110047847,0.9904761904761905,0.9904761904761905
harmonix/0893_say/track.npy,harmonix,6,0.8208269525267994,0.7321937321937322,0.7321937321937322,0.7719298245614035,0.5894736842105263,0.5894736842105263
harmonix/0900_sexychickakon/track.npy,harmonix,6,1.0,1.0,1.0,1.0,1.0,1.0
harmonix/0916_sowhat/track.npy,harmonix,6,0.9988571428571429,0.997716894977169,0.997716894977169,0.995433789954338,0.990909090909091,0.990909090909091
harmonix/0922_suffocate/track.npy,harmonix,6,0.9704840613931522,0.9366197183098591,0.9366197183098591,0.9711538461538463,0.9150943396226415,0.9150943396226415
harmonix/0938_thebusiness/track.npy,harmonix,6,0.6595174262734584,0.028513238289205704,0.8470588235294118,0.6162162162162161,0.008130081300813009,0.8709677419354839
harmonix/0948_thislove/track.npy,harmonix,6,0.9838709677419354,0.9682539682539683,0.9682539682539683,0.9871794871794872,0.9746835443037974,0.9746835443037974
harmonix/0952_tiktok/track.npy,harmonix,6,0.9948051948051948,0.9896640826873385,0.9896640826873385,0.9948186528497409,0.9896907216494846,0.9896907216494846
harmonix/0968_walltowall/track.npy,harmonix,6,0.9910979228486646,0.9823529411764705,0.9823529411764705,0.9940828402366864,0.9882352941176471,0.9882352941176471
harmonix/0972_whatchasay/track.npy,harmonix,6,0.6799468791500665,0.06438631790744467,0.8493150684931506,0.6629834254143646,0.06837606837606838,0.7874015748031497
harmonix/0973_whateverittakes/track.npy,harmonix,6,0.997946611909651,0.9959016393442623,0.9959016393442623,1.0,1.0,1.0
harmonix/0978_whenigrowup/track.npy,harmonix,6,0.9977272727272727,0.9954648526077098,0.9954648526077098,0.4818181818181818,0.4636363636363636,0.4636363636363636
harmonix/0986_winner/track.npy,harmonix,6,0.9153952843273232,0.8715846994535519,0.8715846994535519,0.9265536723163842,0.9438202247191011,0.9438202247191011
hjdb/hjdb_Come_Back_2_Me/track.npy,hjdb,6,1.0,1.0,1.0,1.0,1.0,1.0
hjdb/hjdb_Dance_Factor/track.npy,hjdb,6,1.0,1.0,1.0,1.0,1.0,1.0
hjdb/hjdb_Drowning_In_Her/track.npy,hjdb,6,0.8669527896995709,0.7073170731707317,0.7073170731707317,0.8070175438596492,0.8620689655172413,0.8620689655172413
hjdb/hjdb_Ecstatic_House/track.npy,hjdb,6,0.8148148148148148,0.7901234567901234,0.7901234567901234,0.3404255319148936,0.0,0.4444444444444444
hjdb/hjdb_Essence_Ep/track.npy,hjdb,6,1.0,1.0,1.0,1.0,1.0,1.0
hjdb/hjdb_Exodus_(When_The_Lion_Awakes)/track.npy,hjdb,6,1.0,1.0,1.0,1.0,1.0,1.0
hjdb/hjdb_Fearless_Wonder_(Remix)/track.npy,hjdb,6,1.0,1.0,1.0,1.0,1.0,1.0
hjdb/hjdb_Final_Conflict/track.npy,hjdb,6,1.0,1.0,1.0,1.0,1.0,1.0
hjdb/hjdb_Future_Funk/track.npy,hjdb,6,0.9964664310954063,0.9929577464788732,0.9929577464788732,1.0,1.0,1.0
hjdb/hjdb_How_Should_I_Start/track.npy,hjdb,6,1.0,1.0,1.0,1.0,1.0,1.0
hjdb/hjdb_Johnny_94_(Origin_Unkown_Remix)/track.npy,hjdb,6,1.0,1.0,1.0,1.0,1.0,1.0
hjdb/hjdb_Mr._Logic/track.npy,hjdb,6,1.0,1.0,1.0,1.0,1.0,1.0
hjdb/hjdb_Never_Try_The_Hippodrome_(Remix)/track.npy,hjdb,6,1.0,1.0,1.0,1.0,1.0,1.0
hjdb/hjdb_Oh_So_Nice/track.npy,hjdb,6,1.0,1.0,1.0,1.0,1.0,1.0
hjdb/hjdb_Slow_Jam/track.npy,hjdb,6,1.0,1.0,1.0,1.0,1.0,1.0
hjdb/hjdb_Street_Knowledge/track.npy,hjdb,6,1.0,1.0,1.0,1.0,1.0,1.0
hjdb/hjdb_Summer_Breeze/track.npy,hjdb,6,1.0,1.0,1.0,1.0,1.0,1.0
hjdb/hjdb_Sweet_Vibrations/track.npy,hjdb,6,1.0,1.0,1.0,1.0,1.0,1.0
hjdb/hjdb_T-N-T/track.npy,hjdb,6,1.0,1.0,1.0,1.0,1.0,1.0
hjdb/hjdb_Tales_From_The_Darkside_2/track.npy,hjdb,6,1.0,1.0,1.0,1.0,1.0,1.0
hjdb/hjdb_Tales_From_The_Darkside/track.npy,hjdb,6,1.0,1.0,1.0,1.0,1.0,1.0
hjdb/hjdb_The_Criminal/track.npy,hjdb,6,0.9936305732484078,0.9873417721518988,0.9873417721518988,1.0,1.0,1.0
hjdb/hjdb_The_Grand_National_(DJ_SS_and_EQ_Remix)/track.npy,hjdb,6,1.0,1.0,1.0,1.0,1.0,1.0
hjdb/hjdb_The_Way_(VIP_Mix)/track.npy,hjdb,6,1.0,1.0,1.0,1.0,1.0,1.0
hjdb/hjdb_Unfriendly/track.npy,hjdb,6,0.8737864077669903,0.8269230769230769,0.8269230769230769,0.8799999999999999,0.7692307692307693,0.7692307692307693
hjdb/hjdb_United_(Grooverider_Remix)/track.npy,hjdb,6,1.0,1.0,1.0,1.0,1.0,1.0
hjdb/hjdb_United/track.npy,hjdb,6,1.0,1.0,1.0,1.0,1.0,1.0
hjdb/hjdb_Until_The_Night_Is_Morning/track.npy,hjdb,6,1.0,1.0,1.0,1.0,1.0,1.0
hjdb/hjdb_What_Kind_of_World/track.npy,hjdb,6,1.0,1.0,1.0,1.0,1.0,1.0
jaah/jaah_001-sarah_vaughan-all_alone/track.npy,jaah,6,0.9772329246935202,0.9655172413793104,0.9655172413793104,0.5813953488372093,0.2,0.4125874125874126
jaah/jaah_009-sidney_bechets_blue_note_jazzmen-blue_horizon/track.npy,jaah,6,0.9820788530465949,0.9857142857142858,0.9857142857142858,0.6473429951690821,0.0,0.9640287769784173
jaah/jaah_021-the_clifford_brownmax_roach_quintet-daahoud/track.npy,jaah,6,0.7897495631916134,0.5272145144076841,0.5272145144076841,0.7991452991452992,0.8765957446808511,0.8765957446808511
jaah/jaah_034-thelonious_monk-evidence/track.npy,jaah,6,0.862533692722372,0.6136363636363636,0.6136363636363636,0.8712871287128712,0.8252427184466019,0.8252427184466019
jaah/jaah_038-bix_beiderbecke_paul_whiteman_and_his_orchestra-from_monday_on/track.npy,jaah,6,0.9059288537549408,0.7326440177252584,0.7326440177252584,0.9225589225589225,0.9066666666666666,0.9066666666666666
jaah/jaah_040-stan_getz_joao_gilberto_antonio_carlos_jobim-the_girl_from_ipanema/track.npy,jaah,6,0.8590381426202321,0.5094614264919942,0.5094614264919942,0.9588235294117647,0.9011627906976745,0.9011627906976745
jaah/jaah_045-billie_holiday-hes_funny_that_way/track.npy,jaah,6,1.0,1.0,1.0,1.0,1.0,1.0
jaah/jaah_053-louis_armstrong_his_orchestra-i_gotta_right_to_sing_the_blues/track.npy,jaah,6,0.9659090909090908,0.9008264462809917,0.9008264462809917,0.9523809523809523,0.9176470588235294,0.9176470588235294
jaah/jaah_059-duke_ellington_and_his_famous_orchestra-koko/track.npy,jaah,6,0.9888751545117429,0.9728395061728395,0.9728395061728395,0.8867924528301886,0.7747747747747747,0.7747747747747747
jaah/jaah_064-dizzy_gillespie_and_his_orchestra-manteca/track.npy,jaah,6,0.9205426356589147,0.8992248062015504,0.8992248062015504,0.8089887640449438,0.8623188405797102,0.8623188405797102
jaah/jaah_076-charlie_parker-oh_lady_be_good_feat_jazz_at_the_philharmonic/track.npy,jaah,6,0.9988304093567251,0.9976635514018691,0.9976635514018691,0.9107981220657277,0.897196261682243,0.897196261682243
jaah/jaah_084-gene_krupa_and_his_orchestra-rockin_chair/track.npy,jaah,6,0.8523206751054851,0.77734375,0.77734375,0.8034188034188035,0.734375,0.734375
jaah/jaah_089-sonny_rollins-st_thomas/track.npy,jaah,6,0.9590277777777778,0.8476912474155754,0.8476912474155754,0.9344490934449093,0.9116022099447514,0.9116022099447514
jaah/jaah_103-the_gerry_mulligan_quartet_chet_baker-walkin_shoes/track.npy,jaah,6,0.976857490864799,0.9547619047619048,0.9547619047619048,0.8137254901960785,0.7884615384615384,0.7884615384615384
rwc/rwc_classical_CD2_02/track.npy,rwc_classical,6,0.6366863905325444,0.00782608695652174,0.84,0.6448598130841121,0.05555555555555555,0.4305555555555556
rwc/rwc_classical_CD3_04/track.npy,rwc_classical,6,0.8550983899821111,0.8010291595197255,0.8010291595197255,0.6084788029925188,0.38565022421524664,0.38565022421524664
rwc/rwc_classical_CD4_05/track.npy,rwc_classical,6,0.9863013698630138,0.9594594594594594,0.9594594594594594,0.9714285714285714,0.9444444444444444,0.9444444444444444
rwc/rwc_classical_CD4_06/track.npy,rwc_classical,6,0.845360824742268,0.5373831775700935,0.5373831775700935,0.3956043956043956,0.1588785046728972,0.205607476635514
rwc/rwc_classical_CD5_12/track.npy,rwc_classical,6,0.9737609329446064,0.9597701149425287,0.9597701149425287,0.9913043478260869,0.9827586206896551,0.9827586206896551
rwc/rwc_classical_CD6_04/track.npy,rwc_classical,6,0.9163265306122449,0.8782435129740519,0.8782435129740519,0.8595041322314049,0.8401639344262295,0.8401639344262295
rwc/rwc_classical_CD6_14/track.npy,rwc_classical,6,0.8816793893129771,0.7725631768953068,0.7725631768953068,0.8,0.7471264367816092,0.7471264367816092
rwc/rwc_jazz_CD1_01/track.npy,rwc_jazz,6,0.4746376811594203,0.2781456953642384,0.2781456953642384,0.3571428571428571,0.2677595628415301,0.2677595628415301
rwc/rwc_jazz_CD1_05/track.npy,rwc_jazz,6,0.5370675453047777,0.3734567901234568,0.3734567901234568,0.508108108108108,0.3611111111111111,0.3611111111111111
rwc/rwc_jazz_CD2_05/track.npy,rwc_jazz,6,0.8700410396716824,0.8114754098360656,0.8114754098360656,0.8936170212765957,0.8442622950819673,0.8442622950819673
rwc/rwc_jazz_CD3_06/track.npy,rwc_jazz,6,0.6099865047233468,0.0,0.7645914396887159,0.6529411764705882,0.0,0.9779735682819384
rwc/rwc_jazz_CD4_03/track.npy,rwc_jazz,6,0.8443396226415095,0.5125,0.5125,0.9502762430939227,0.9456521739130435,0.9456521739130435
rwc/rwc_jazz_CD4_07/track.npy,rwc_jazz,6,0.970404984423676,0.9658385093167702,0.9658385093167702,0.975,0.9629629629629629,0.9629629629629629
rwc/rwc_jazz_CD4_14/track.npy,rwc_jazz,6,0.9705426356589147,0.9454545454545454,0.9454545454545454,0.778523489932886,0.6835443037974683,0.6835443037974683
rwc/rwc_popular_CD1_05/track.npy,rwc_popular,6,0.9938016528925621,0.9896907216494846,0.9896907216494846,0.995850622406639,0.9917355371900827,0.9917355371900827
rwc/rwc_popular_CD1_06/track.npy,rwc_popular,6,1.0,1.0,1.0,1.0,1.0,1.0
rwc/rwc_popular_CD1_12/track.npy,rwc_popular,6,0.9947368421052631,0.9868766404199475,0.9868766404199475,0.9894736842105263,0.9894736842105263,0.9894736842105263
rwc/rwc_popular_CD1_14/track.npy,rwc_popular,6,0.992412746585736,0.9819277108433735,0.9819277108433735,0.9878048780487805,0.9759036144578314,0.9759036144578314
rwc/rwc_popular_CD2_03/track.npy,rwc_popular,6,0.9983498349834983,0.9967051070840197,0.9967051070840197,0.9901639344262295,0.961038961038961,0.961038961038961
rwc/rwc_popular_CD2_11/track.npy,rwc_popular,6,0.995260663507109,0.9921259842519685,0.9921259842519685,0.9968253968253968,0.9936708860759493,0.9936708860759493
rwc/rwc_popular_CD3_02/track.npy,rwc_popular,6,0.8797814207650274,0.5816993464052288,0.5816993464052288,0.5865724381625442,0.3076923076923077,0.3076923076923077
rwc/rwc_popular_CD3_06/track.npy,rwc_popular,6,0.4842820730671198,0.2519201228878648,0.2519201228878648,0.11895910780669144,0.11594202898550725,0.15217391304347827
rwc/rwc_popular_CD3_08/track.npy,rwc_popular,6,1.0,1.0,1.0,1.0,1.0,1.0
rwc/rwc_popular_CD3_09/track.npy,rwc_popular,6,0.9583756345177665,0.845703125,0.845703125,0.9508196721311475,0.8125,0.8125
rwc/rwc_popular_CD4_02/track.npy,rwc_popular,6,0.702851885924563,0.08701854493580599,0.8238341968911918,0.7259786476868327,0.18285714285714286,0.4056603773584906
rwc/rwc_popular_CD6_02/track.npy,rwc_popular,6,0.9647302904564315,0.9794661190965093,0.9794661190965093,0.9495798319327731,0.957983193277311,0.957983193277311
rwc/rwc_royalty-free_CD1_02/track.npy,rwc_royalty-free,6,0.9550827423167848,0.9023255813953488,0.9023255813953488,0.8771929824561403,0.7096774193548387,0.7096774193548387
rwc/rwc_royalty-free_CD1_03/track.npy,rwc_royalty-free,6,0.9731051344743277,0.9567307692307693,0.9567307692307693,0.9803921568627451,0.9615384615384616,0.9615384615384616
simac/simac_A_vida_me_fez_assim_12-Lavoura/track.npy,simac,6,0.6666666666666666,0.0,0.975,nan,nan,nan
simac/simac_A_vida_me_fez_assim_15-Portela/track.npy,simac,6,0.7058823529411764,0.1590909090909091,0.2765957446808511,nan,nan,nan
simac/simac_Alfagamabetizado_08-O_Bode/track.npy,simac,6,0.9433962264150944,0.9629629629629629,0.9629629629629629,nan,nan,nan
simac/simac_Alfagamabetizado_09-Comunidade-Lobos/track.npy,simac,6,1.0,1.0,1.0,nan,nan,nan
simac/simac_Alfagamabetizado_12-Seo_Ze/track.npy,simac,6,0.9841269841269841,0.96875,0.96875,nan,nan,nan
simac/simac_Amber_03-Silverside/track.npy,simac,6,0.9811320754716981,0.9259259259259259,0.9259259259259259,nan,nan,nan
simac/simac_As_Time_Goes_By_01-as_time_goes_by/track.npy,simac,6,1.0,1.0,1.0,nan,nan,nan
simac/simac_As_Time_Goes_By_04-theres_a_small_hotel/track.npy,simac,6,0.9795918367346939,0.96,0.96,nan,nan,nan
simac/simac_Bach_The_Well-Tempered_Clavier_II_(Disc_1)_08-Prelude_and_Fugue_No._4_in_C-sharp_minor_BWV_873_-_2._Fuga/track.npy,simac,6,0.6551724137931034,0.0,0.9487179487179487,nan,nan,nan
simac/simac_Bach_The_Well-Tempered_Clavier_II_(Disc_1)_09-Prelude_and_Fugue_No._5_in_D_major_BWV_874_-_1._Praeludium/track.npy,simac,6,1.0,1.0,1.0,nan,nan,nan
simac/simac_Bach_The_Well-Tempered_Clavier_II_(Disc_1)_24-Prelude_and_Fugue_No._12_in_F_minor_BWV_881_-_2._Fuga/track.npy,simac,6,0.9836065573770492,0.967741935483871,0.967741935483871,nan,nan,nan
simac/simac_Bach_The_Well-Tempered_Clavier_II_(Disc_2)_03-Prelude_and_Fugue_No._14_F-sharp_minor_BWV_883_-_1._Praeludium/track.npy,simac,6,1.0,1.0,1.0,nan,nan,nan
simac/simac_Bach_The_Well-Tempered_Clavier_II_(Disc_2)_12-Prelude_and_Fugue_No._18_G-sharp_minor_BWV_887_-_2._Fuga/track.npy,simac,6,0.9142857142857143,0.9444444444444444,0.9444444444444444,nan,nan,nan
simac/simac_Bach_The_Well-Tempered_Clavier_II_(Disc_2)_14-Prelude_and_Fugue_No._19_A_major_BWV_888_-_2._Fuga/track.npy,simac,6,1.0,1.0,1.0,nan,nan,nan
simac/simac_Beethoven_The_String_Quartets_-_CD_3_02-II_Allegretto_vivace_e_sempre_scherzando/track.npy,simac,6,0.896551724137931,0.8409090909090909,0.8409090909090909,nan,nan,nan
simac/simac_Beethoven_The_String_Quartets_-_CD_3_04-IV_Theme_russe-_Allegro/track.npy,simac,6,0.909090909090909,0.7714285714285715,0.7714285714285715,nan,nan,nan
simac/simac_Bela_Bartok_03-The_Miraculous_Mandarin_3_2nd_Decoy_Game/track.npy,simac,6,0.16216216216216214,0.0,0.47368421052631576,nan,nan,nan
simac/simac_Bernstein_conducts_Stravinsky_17-Scene_2-_Petrushka_s_room/track.npy,simac,6,0.8000000000000002,0.9,0.9,nan,nan,nan
simac/simac_Bernstein_conducts_Stravinsky_20-Scene_4-_The_Shrovetie_fair_toward_evening_/track.npy,simac,6,0.5454545454545454,0.4090909090909091,0.4090909090909091,nan,nan,nan
simac/simac_Bernstein_conducts_Stravinsky_23-The_jovial_merchant_with_two_gypsy_girls/track.npy,simac,6,0.6,0.75,0.75,nan,nan,nan
simac/simac_Billie_Holiday_CD1_01-Summertime/track.npy,simac,6,0.96,1.0,1.0,nan,nan,nan
simac/simac_Classic_Pergolesi_-_Stabat_Mater_02/track.npy,simac,6,0.33333333333333326,0.0,0.0,nan,nan,nan
simac/simac_Concert_01-Concerto_en_La_Majeur_pour_deux_Violons_A_Scordatura_et_basse_continue._Affetuoso/track.npy,simac,6,0.8000000000000002,1.0,1.0,nan,nan,nan
simac/simac_Concert_11-3._Dolce/track.npy,simac,6,0.9130434782608695,0.9565217391304348,0.9565217391304348,nan,nan,nan
simac/simac_Ella_&_Louis_07-Taking_A_Chance_On_Love/track.npy,simac,6,0.9142857142857143,0.9444444444444444,0.9444444444444444,nan,nan,nan
simac/simac_Ella_&_Louis_13-Holiday_In_Harlem/track.npy,simac,6,0.6031746031746031,0.0,0.9047619047619048,nan,nan,nan
simac/simac_Ella_&_Louis_17-Three_Little_Words/track.npy,simac,6,0.65625,0.0,0.9302325581395349,nan,nan,nan
simac/simac_Eres_luz_01-Eres_luz_(Rumba)/track.npy,simac,6,0.9811320754716981,0.9629629629629629,0.9629629629629629,nan,nan,nan
simac/simac_Eventail_07_Romanza_Del_Pescador/track.npy,simac,6,0.7586206896551724,0.6,0.6,nan,nan,nan
simac/simac_Eventail_09-Asturias/track.npy,simac,6,0.5,0.0,0.43478260869565216,nan,nan,nan
simac/simac_Fado_10-AudioTrack_10/track.npy,simac,6,1.0,1.0,1.0,nan,nan,nan
simac/simac_Fight_To_Win_02-Walk_on_the_right_side/track.npy,simac,6,0.4594594594594595,0.0,0.3333333333333333,nan,nan,nan
simac/simac_Gold_-_Greatest_Hits_09-Money_Money_Money/track.npy,simac,6,0.9836065573770492,0.967741935483871,0.967741935483871,nan,nan,nan
simac/simac_Kocani_Orkester_03._Romski_Cocek/track.npy,simac,6,0.9253731343283582,0.7222222222222222,0.7222222222222222,nan,nan,nan
simac/simac_Ludwid_van_Beethoven_02-II._Adagio_ma_non_troppo_e_molto_cantabile_-_Andante_con_moto_-_Adagio_molto_espressivo/track.npy,simac,6,1.0,1.0,1.0,nan,nan,nan
simac/simac_Niandra_LaDes_and_Usually_Just_a_T-Shirt_14-Usually_Just_a_T-Shirt_Untitled_2/track.npy,simac,6,1.0,1.0,1.0,nan,nan,nan
simac/simac_Niandra_LaDes_and_Usually_Just_a_T-Shirt_16-Usually_Just_a_T-Shirt_Untitled_4/track.npy,simac,6,0.6521739130434783,0.0,0.9375,nan,nan,nan
simac/simac_Papakonstantinou_07-AudioTrack_07/track.npy,simac,6,0.6567164179104478,0.0,0.9555555555555556,nan,nan,nan
simac/simac_Papakonstantinou_13-AudioTrack_13/track.npy,simac,6,0.5405405405405406,0.0,0.92,nan,nan,nan
simac/simac_Papakonstantinou_16-AudioTrack_16/track.npy,simac,6,0.6060606060606061,0.0,0.8181818181818182,nan,nan,nan
simac/simac_Primer_Aliento_01-Sintonia_del_refugio_atomico/track.npy,simac,6,1.0,1.0,1.0,nan,nan,nan
simac/simac_Primer_Aliento_17-Selector_de_frecuencias/track.npy,simac,6,0.6551724137931034,0.0,0.9487179487179487,nan,nan,nan
simac/simac_R.A.F.I_01-Assassin/track.npy,simac,6,0.14285714285714288,0.0,0.1282051282051282,nan,nan,nan
simac/simac_R.A.F.I_02-Change/track.npy,simac,6,1.0,1.0,1.0,nan,nan,nan
simac/simac_R.A.F.I_04-Buzzing/track.npy,simac,6,0.06349206349206349,0.0,0.07142857142857142,nan,nan,nan
simac/simac_R.A.F.I_09-Naxalite/track.npy,simac,6,0.6666666666666666,0.0,0.9761904761904762,nan,nan,nan
simac/simac_Santana_02-El_Corazon_Manada/track.npy,simac,6,1.0,1.0,1.0,nan,nan,nan
simac/simac_So_Cartola_05-Fiz_por_Voce_o_que_Pude/track.npy,simac,6,1.0,1.0,1.0,nan,nan,nan
simac/simac_So_Cartola_06-O_Inverno_do_Meu_Tempo/track.npy,simac,6,0.9666666666666667,0.9666666666666667,0.9666666666666667,nan,nan,nan
simac/simac_So_Cartola_07-Tive_Sim/track.npy,simac,6,0.0,0.0,0.5806451612903226,nan,nan,nan
simac/simac_Songs_Adalberto_(Adalberto_Alvarez_y_su_son)_-_Pura_imagen/track.npy,simac,6,0.1724137931034483,0.13513513513513514,0.13513513513513514,nan,nan,nan
simac/simac_Songs_Caledonia_Blues_Band_-_Burning_Heart/track.npy,simac,6,1.0,1.0,1.0,nan,nan,nan
simac/simac_Tales_Of_Mystery_And_Imagination_01-A_Dream_Within_A_Dream/track.npy,simac,6,1.0,1.0,1.0,nan,nan,nan
simac/simac_Tales_Of_Mystery_And_Imagination_09-The_Fall_Of_The_House_Of_Usher_IV_Pavane/track.npy,simac,6,0.42307692307692313,0.0,0.10256410256410256,nan,nan,nan
simac/simac_Tanto_Tempo_02-August_Day_Song/track.npy,simac,6,0.92,0.96,0.96,nan,nan,nan
simac/simac_The_Art_of_Spanish_Guitar_04-Sojo_Guaso/track.npy,simac,6,0.3333333333333333,0.0,0.12195121951219512,nan,nan,nan
simac/simac_The_Crackdown_10-Diskono/track.npy,simac,6,0.972972972972973,0.9473684210526315,0.9473684210526315,nan,nan,nan
simac/simac_Xatzidakis_05-AudioTrack_05/track.npy,simac,6,0.9411764705882353,0.9411764705882353,0.9411764705882353,nan,nan,nan
simac/simac_Xatzidakis_08-AudioTrack_08/track.npy,simac,6,1.0,1.0,1.0,nan,nan,nan
simac/simac_Xatzidakis_12-AudioTrack_12/track.npy,simac,6,0.6666666666666666,0.0,0.9615384615384616,nan,nan,nan
simac/simac_Xatzidakis_16-AudioTrack_16/track.npy,simac,6,0.96,0.96,0.96,nan,nan,nan
simac/simac_Xatzidakis_19-AudioTrack_19/track.npy,simac,6,0.6511627906976745,0.0,0.9310344827586207,nan,nan,nan
simac/simac_aire_04-La_Vida_Sale/track.npy,simac,6,1.0,1.0,1.0,nan,nan,nan
simac/simac_blues_roots_wednesday_night_prayer_meeting/track.npy,simac,6,0.653061224489796,0.0,0.7230769230769231,nan,nan,nan
simac/simac_greek_Gkoles_-_S_ena_apokrimno_akrogiali/track.npy,simac,6,0.9230769230769231,0.9,0.9,nan,nan,nan
simac/simac_more_greek_04_H_Stamoula/track.npy,simac,6,0.9818181818181818,0.9642857142857143,0.9642857142857143,nan,nan,nan
simac/simac_more_greek_Giannakopoulou_-_O_kipos_empaine_sti_8alassa/track.npy,simac,6,0.6486486486486487,0.0,0.92,nan,nan,nan
simac/simac_more_greek_Gkoles_-_Filenaditsa_mou/track.npy,simac,6,1.0,1.0,1.0,nan,nan,nan
simac/simac_more_greek_Ksylouris_-_Htane_mia_fora/track.npy,simac,6,0.9032258064516129,0.9375,0.9375,nan,nan,nan
simac/simac_more_greek_Ksylouris_-_Pote_8a_kanei_ksasteria/track.npy,simac,6,1.0,1.0,1.0,nan,nan,nan
simac/simac_more_greek_Mosxoliou_-_Ta_deilina/track.npy,simac,6,0.5641025641025641,0.0,0.9230769230769231,nan,nan,nan
simac/simac_more_greek_Mpellou_-_Peftoun_tis_vroxis_oi_stales/track.npy,simac,6,0.6666666666666666,0.0,0.9705882352941176,nan,nan,nan
simac/simac_more_greek_Vamvakaris_-_Fragkosyriani/track.npy,simac,6,0.9743589743589743,0.95,0.95,nan,nan,nan
simac/simac_selected_ambient_works_8592_green_calx/track.npy,simac,6,0.0,0.0,0.9655172413793104,nan,nan,nan
smc/smc_028/track.npy,smc,6,0.4042553191489362,0.0,0.71875,nan,nan,nan
smc/smc_061/track.npy,smc,6,0.523076923076923,0.07142857142857142,0.8222222222222222,nan,nan,nan
smc/smc_071/track.npy,smc,6,0.9782608695652174,1.0,1.0,nan,nan,nan
smc/smc_093/track.npy,smc,6,0.7832167832167832,0.631578947368421,0.631578947368421,nan,nan,nan
smc/smc_101/track.npy,smc,6,0.5476190476190477,0.05084745762711865,0.10344827586206896,nan,nan,nan
smc/smc_116/track.npy,smc,6,0.26744186046511625,0.007518796992481203,0.007518796992481203,nan,nan,nan
smc/smc_120/track.npy,smc,6,0.9719626168224299,0.9814814814814815,0.9814814814814815,nan,nan,nan
smc/smc_133/track.npy,smc,6,0.7894736842105263,0.9736842105263158,0.9736842105263158,nan,nan,nan
smc/smc_152/track.npy,smc,6,0.5,0.0,0.0,nan,nan,nan
smc/smc_154/track.npy,smc,6,0.40625,0.15625,0.15625,nan,nan,nan
smc/smc_158/track.npy,smc,6,0.21818181818181817,0.03125,0.08888888888888889,nan,nan,nan
smc/smc_161/track.npy,smc,6,0.6857142857142857,0.9714285714285714,0.9714285714285714,nan,nan,nan
smc/smc_170/track.npy,smc,6,0.8372093023255814,1.0,1.0,nan,nan,nan
smc/smc_184/track.npy,smc,6,0.8307692307692308,0.8823529411764706,0.8823529411764706,nan,nan,nan
smc/smc_187/track.npy,smc,6,0.339622641509434,0.3235294117647059,0.3235294117647059,nan,nan,nan
smc/smc_215/track.npy,smc,6,0.8787878787878788,0.9090909090909091,0.9090909090909091,nan,nan,nan
smc/smc_221/track.npy,smc,6,0.5172413793103449,0.6333333333333333,0.6333333333333333,nan,nan,nan
smc/smc_224/track.npy,smc,6,0.35000000000000003,0.5116279069767442,0.5116279069767442,nan,nan,nan
smc/smc_226/track.npy,smc,6,0.5074626865671641,0.6857142857142857,0.6857142857142857,nan,nan,nan
smc/smc_235/track.npy,smc,6,0.6027397260273972,0.7027027027027027,0.7027027027027027,nan,nan,nan
smc/smc_239/track.npy,smc,6,0.3888888888888889,0.1590909090909091,0.3090909090909091,nan,nan,nan
smc/smc_249/track.npy,smc,6,0.8799999999999999,0.8717948717948718,0.8717948717948718,nan,nan,nan
smc/smc_265/track.npy,smc,6,0.8176100628930819,0.6904761904761905,0.6904761904761905,nan,nan,nan
smc/smc_278/track.npy,smc,6,1.0,1.0,1.0,nan,nan,nan
smc/smc_280/track.npy,smc,6,1.0,1.0,1.0,nan,nan,nan
smc/smc_284/track.npy,smc,6,1.0,1.0,1.0,nan,nan,nan
smc/smc_287/track.npy,smc,6,1.0,0.9833333333333333,0.9833333333333333,nan,nan,nan
tapcorrect/002_youtube_CvMfvuJsYmE/track.npy,tapcorrect,6,0.9500000000000001,0.8131212723658051,0.8131212723658051,0.192,0.1746031746031746,0.1746031746031746
tapcorrect/003_youtube_tXjqKzX28LI/track.npy,tapcorrect,6,0.9776674937965262,0.9172749391727494,0.9172749391727494,0.9751243781094527,0.9215686274509803,0.9215686274509803
tapcorrect/022_youtube_Z4z0LjchwOo/track.npy,tapcorrect,6,0.8819374369323916,0.7830188679245284,0.7830188679245284,0.5785123966942148,0.5317460317460317,0.5317460317460317
tapcorrect/031_youtube_Y8R9ZPT2T-I/track.npy,tapcorrect,6,0.9887640449438202,0.9888268156424581,0.9888268156424581,0.9944134078212291,0.9888888888888889,0.9888888888888889
tapcorrect/034_youtube_F6Dw6ZFmM4c/track.npy,tapcorrect,6,0.6807511737089201,0.060714285714285714,0.8473413379073756,0.6694560669456068,0.3333333333333333,0.3333333333333333
tapcorrect/039_youtube_ph9NQ8ASmX4/track.npy,tapcorrect,6,0.8988764044943821,0.6537467700258398,0.6537467700258398,0.7422680412371134,0.5535714285714286,0.5535714285714286
tapcorrect/054_youtube_UgL4N4Hf1dk/track.npy,tapcorrect,6,0.9977272727272727,0.9954648526077098,0.9954648526077098,0.9954751131221719,0.990990990990991,0.990990990990991
tapcorrect/061_youtube_KlujizeNNQM/track.npy,tapcorrect,6,0.987603305785124,0.9754098360655737,0.9754098360655737,0.9917355371900827,0.9672131147540983,0.9672131147540983
tapcorrect/065_youtube_u9Dg-g7t2l4/track.npy,tapcorrect,6,0.9293233082706767,0.8964497041420119,0.8964497041420119,0.7252747252747254,0.5416666666666666,0.5416666666666666
tapcorrect/077_youtube_g6FU3s6mbGI/track.npy,tapcorrect,6,0.6547085201793722,0.07333333333333333,0.7333333333333333,0.5327510917030568,0.03205128205128205,0.5641025641025641
tapcorrect/087_youtube_ej93qIAlhXs/track.npy,tapcorrect,6,0.9992156862745099,0.9984326018808778,0.9984326018808778,1.0,1.0,1.0
tapcorrect/097_youtube_Nco69szMp0Y/track.npy,tapcorrect,6,0.9510309278350516,0.8461538461538461,0.8461538461538461,0.8217821782178217,0.6111111111111112,0.6111111111111112
asap/Bach_Fugue_bwv_864_SunD01M/track.npy,asap,7,0.6729857819905213,0.26865671641791045,0.26865671641791045,0.40243902439024387,0.0,0.05357142857142857
asap/Bach_Fugue_bwv_891_Duepree06M/track.npy,asap,7,0.7375886524822695,0.7380952380952381,0.7380952380952381,0.3377777777777778,0.09448818897637795,0.09448818897637795
asap/Bach_Prelude_bwv_848_Denisova06M/track.npy,asap,7,0.5190839694656488,0.020689655172413793,0.041379310344827586,0.6351351351351351,0.010309278350515464,0.9019607843137255
asap/Bach_Prelude_bwv_848_Lee01M/track.npy,asap,7,0.5215189873417722,0.017123287671232876,0.03424657534246575,0.6122448979591837,0.0,0.8571428571428571
asap/Bach_Prelude_bwv_848_LeeSH01M/track.npy,asap,7,0.9301533219761499,0.6564625850340136,0.6564625850340136,0.8095238095238094,0.40816326530612246,0.40816326530612246
asap/Bach_Prelude_bwv_848_Lin04M/track.npy,asap,7,0.5164556962025316,0.0136986301369863,0.0136986301369863,0.581081081081081,0.0,0.86
asap/Bach_Prelude_bwv_848_Lou01M/track.npy,asap,7,0.5115089514066495,0.020618556701030927,0.020618556701030927,0.6122448979591837,0.010309278350515464,0.88
asap/Bach_Prelude_bwv_848_MiyashitaM01M/track.npy,asap,7,0.528395061728395,0.023972602739726026,0.03424657534246575,0.6040268456375839,0.02040816326530612,0.8431372549019608
asap/Bach_Prelude_bwv_848_Mizumoto03M/track.npy,asap,7,0.5012787723785167,0.003424657534246575,0.00684931506849315,0.6486486486486486,0.01020408163265306,0.98
asap/Bach_Prelude_bwv_848_SunY01M/track.npy,asap,7,0.5413533834586466,0.02768166089965398,0.09722222222222222,0.6344827586206896,0.010309278350515464,0.9166666666666666
asap/Bach_Prelude_bwv_848_Zhou01M/track.npy,asap,7,0.5038560411311054,0.0034482758620689655,0.027586206896551724,0.6712328767123288,0.010309278350515464,0.9795918367346939
asap/Bach_Prelude_bwv_860_Ko04M/track.npy,asap,7,0.8281938325991189,0.40458015267175573,0.40458015267175573,0.5,0.0,0.40425531914893614
asap/Bach_Prelude_bwv_860_Nikiforov05M/track.npy,asap,7,0.8053097345132744,0.37404580152671757,0.42105263157894735,0.53125,0.0,0.40425531914893614
asap/Bach_Prelude_bwv_860_Tetzloff04M/track.npy,asap,7,0.8016877637130801,0.3157894736842105,0.375,0.46875,0.0,0.40425531914893614
asap/Bach_Prelude_bwv_860_TuanS01M/track.npy,asap,7,0.6842105263157895,0.1865671641791045,0.291044776119403,0.41935483870967744,0.0,0.4666666666666667
asap/Bach_Prelude_bwv_860_YoungS01M/track.npy,asap,7,0.6952380952380953,0.061068702290076333,0.6708860759493671,0.5714285714285714,0.0,0.7272727272727273
asap/Bach_Prelude_bwv_860_ZhangH04M/track.npy,asap,7,0.7965367965367967,0.3333333333333333,0.40404040404040403,0.6666666666666666,0.0,0.9117647058823529
asap/Bach_Prelude_bwv_883_GuoE01M/track.npy,asap,7,0.7218934911242603,0.17289719626168223,0.6680161943319838,0.43478260869565216,0.010416666666666666,0.020833333333333332
asap/Bach_Prelude_bwv_883_LuM01M/track.npy,asap,7,0.7469135802469135,0.23383084577114427,0.5918367346938775,0.45000000000000007,0.0,0.12345679012345678
asap/Bach_Prelude_bwv_885_Guo01M/track.npy,asap,7,0.6557377049180327,0.0,0.9877300613496932,0.396039603960396,0.0,0.0
asap/Bach_Prelude_bwv_885_Huang04M/track.npy,asap,7,0.6639344262295083,0.0,0.9754601226993865,0.38383838383838387,0.0,0.0
asap/Bach_Prelude_bwv_885_JeonH01M/track.npy,asap,7,0.6559999999999999,0.0,0.9583333333333334,0.3529411764705882,0.0,0.0
asap/Bach_Prelude_bwv_885_SINKEV06/track.npy,asap,7,0.07377049180327867,0.0,0.8466257668711656,0.0,0.0,0.0
asap/Beethoven_Piano_Sonatas_23-1_Duepree05M/track.npy,asap,7,0.7922568460812086,0.6376274328081557,0.6376274328081557,0.6943942133815552,0.5187713310580204,0.5187713310580204
asap/Beethoven_Piano_Sonatas_23-1_Guo03M/track.npy,asap,7,0.8401312705110173,0.7120658135283364,0.7120658135283364,0.7214765100671141,0.40476190476190477,0.40476190476190477
asap/Beethoven_Piano_Sonatas_23-1_LiuC02M/track.npy,asap,7,0.8065727699530516,0.652014652014652,0.652014652014652,0.6808510638297872,0.4934210526315789,0.4934210526315789
asap/Beethoven_Piano_Sonatas_23-1_Mizumoto06M/track.npy,asap,7,0.8261278195488722,0.7043158861340679,0.7043158861340679,0.72992700729927,0.5625,0.5625
asap/Beethoven_Piano_Sonatas_23-1_Teo02M/track.npy,asap,7,0.8344489067380634,0.6533665835411472,0.6533665835411472,0.6805555555555556,0.41139240506329117,0.41139240506329117
asap/Beethoven_Piano_Sonatas_23-1_Yi02M/track.npy,asap,7,0.8473282442748091,0.738883632923368,0.738883632923368,0.7095652173913044,0.4031746031746032,0.4031746031746032
asap/Beethoven_Piano_Sonatas_26-2_HONG05M/track.npy,asap,7,0.582089552238806,0.005376344086021506,0.6989247311827957,0.5112781954887218,0.043478260869565216,0.29347826086956524
asap/Beethoven_Piano_Sonatas_27-2_GiacomelliN05M/track.npy,asap,7,0.9065502183406114,0.8469565217391304,0.8469565217391304,0.763915547024952,0.6027874564459931,0.6027874564459931
asap/Beethoven_Piano_Sonatas_7-4_Larionova04M/track.npy,asap,7,0.7658227848101266,0.581532416502947,0.581532416502947,0.5125,0.05238095238095238,0.5753424657534246
asap/Beethoven_Piano_Sonatas_7-4_LeeS05M/track.npy,asap,7,0.7730569948186528,0.540952380952381,0.540952380952381,0.487106017191977,0.03765690376569038,0.5188284518828452
asap/Beethoven_Piano_Sonatas_8-3_Na06M/track.npy,asap,7,0.8928571428571428,0.7383177570093458,0.7383177570093458,0.7931034482758621,0.6941747572815534,0.6941747572815534
asap/Chopin_Berceuse_op_57_LeungM07M/track.npy,asap,7,0.6649484536082474,0.2896825396825397,0.2896825396825397,0.6293706293706294,0.3333333333333333,0.3333333333333333
asap/Chopin_Berceuse_op_57_MiyashitaM06M/track.npy,asap,7,0.6308068459657702,0.21691176470588236,0.21691176470588236,0.6797385620915033,0.35714285714285715,0.35714285714285715
asap/Chopin_Berceuse_op_57_Tario07M/track.npy,asap,7,0.7584097859327217,0.45263157894736844,0.45263157894736844,0.6805555555555556,0.4533333333333333,0.4533333333333333
asap/Chopin_Berceuse_op_57_Teo11M/track.npy,asap,7,0.4402079722703639,0.0,0.038636363636363635,0.5875706214689266,0.1388888888888889,0.4233576642335766
asap/Chopin_Berceuse_op_57_ZhangE09M/track.npy,asap,7,0.6615776081424937,0.25,0.25,0.658682634730539,0.24489795918367346,0.31386861313868614
asap/Chopin_Etudes_op_10_12_Bult-ItoS04M/track.npy,asap,7,0.6820276497695853,0.38837920489296635,0.38837920489296635,0.5298013245033113,0.2962962962962963,0.2962962962962963
asap/Chopin_Etudes_op_10_12_HuNY03M/track.npy,asap,7,0.7798561151079137,0.5161290322580645,0.5161290322580645,0.5876288659793815,0.23893805309734514,0.23893805309734514
asap/Chopin_Etudes_op_10_12_LuoJ08M/track.npy,asap,7,0.7861885790172644,0.42790697674418604,0.42790697674418604,0.5507246376811594,0.1746031746031746,0.3105590062111801
asap/Chopin_Etudes_op_10_12_WuuE06M/track.npy,asap,7,0.8550074738415545,0.6416184971098265,0.6416184971098265,0.61,0.13445378151260504,0.4409937888198758
asap/Chopin_Etudes_op_10_12_ZhangYunling02M/track.npy,asap,7,0.8727810650887573,0.6931818181818182,0.6931818181818182,0.5377358490566038,0.0916030534351145,0.40372670807453415
asap/Chopin_Etudes_op_25_1_LeeN03M/track.npy,asap,7,0.5041095890410959,0.0,0.34990791896869244,0.3518518518518519,0.0,0.08875739644970414
asap/Chopin_Etudes_op_25_1_TongB02M/track.npy,asap,7,0.5620094191522763,0.09111111111111111,0.27555555555555555,0.36257309941520466,0.016129032258064516,0.08870967741935484
asap/Chopin_Etudes_op_25_1_TuanS04M/track.npy,asap,7,0.6057529610829103,0.10643564356435643,0.37376237623762376,0.3725490196078431,0.0,0.10828025477707007
asap/Chopin_Etudes_op_25_1_Wong03M/track.npy,asap,7,0.5481927710843373,0.006289308176100629,0.4549266247379455,0.3474178403755868,0.006024096385542169,0.060240963855421686
asap/Debussy_Images_Book_1_1_Reflets_dans_lEau_Kleisen11M/track.npy,asap,7,0.6147540983606556,0.3678474114441417,0.3678474114441417,0.5057471264367817,0.16568047337278108,0.2896174863387978
asap/Debussy_Images_Book_1_1_Reflets_dans_lEau_ParkJH13M/track.npy,asap,7,0.5846994535519126,0.30978260869565216,0.30978260869565216,0.4599303135888502,0.09743589743589744,0.2717948717948718
asap/Haydn_Keyboard_Sonatas_46-1_WongWY02M/track.npy,asap,7,0.7815206929740134,0.4080267558528428,0.4080267558528428,0.5705329153605015,0.014354066985645933,0.7945205479452054
asap/Haydn_Keyboard_Sonatas_46-1_YuP03M/track.npy,asap,7,0.8806306306306307,0.8366890380313199,0.8366890380313199,0.59375,0.02857142857142857,0.8264840182648402
asap/Liszt_Transcendental_Etudes_3_Huang14M/track.npy,asap,7,0.6583541147132169,0.4714285714285714,0.4714285714285714,0.2989690721649485,0.2222222222222222,0.31313131313131315
asap/Liszt_Transcendental_Etudes_5_Huang16M/track.npy,asap,7,0.5518925518925519,0.023214285714285715,0.6375,0.4698795180722891,0.13861386138613863,0.33976833976833976
asap/Liszt_Transcendental_Etudes_5_LiuY06M/track.npy,asap,7,0.5753086419753086,0.016304347826086956,0.6612318840579711,0.580441640378549,0.23404255319148937,0.3151750972762646
asap/Liszt_Transcendental_Etudes_5_Min03M/track.npy,asap,7,0.5988857938718662,0.08459869848156182,0.5692007797270955,0.6914498141263941,0.5428571428571428,0.5428571428571428
asap/Liszt_Transcendental_Etudes_5_Park03M/track.npy,asap,7,0.5532435740514076,0.028622540250447227,0.5581395348837209,0.4466666666666666,0.21052631578947367,0.21052631578947367
asap/Liszt_Transcendental_Etudes_5_Wang06M/track.npy,asap,7,0.5877862595419847,0.030303030303030304,0.7102272727272727,0.6006825938566553,0.38414634146341464,0.38414634146341464
asap/Liszt_Transcendental_Etudes_5_WangY02M/track.npy,asap,7,0.5346784363177806,0.024299065420560748,0.5551401869158878,0.43564356435643564,0.28735632183908044,0.28735632183908044
asap/Schubert_Impromptu_op142_1_Kleisen10M/track.npy,asap,7,0.8674827035657264,0.6639593908629442,0.6639593908629442,0.6917562724014337,0.3279742765273312,0.3279742765273312
asap/Schubert_Impromptu_op142_1_Lisiecki10M/track.npy,asap,7,0.8405405405405405,0.7116237799467613,0.7116237799467613,0.6713532513181019,0.4440677966101695,0.4440677966101695
asap/Schubert_Impromptu_op142_1_Ozaki07M/track.npy,asap,7,0.8845338983050848,0.7068965517241379,0.7068965517241379,0.7470817120622567,0.43820224719101125,0.43820224719101125
ballroom/ballroom_Albums-AnaBelen_Veneo-13/track.npy,ballroom,7,1.0,1.0,1.0,1.0,1.0,1.0
ballroom/ballroom_Albums-Ballroom_Classics4-02/track.npy,ballroom,7,0.9444444444444444,1.0,1.0,1.0,1.0,1.0
ballroom/ballroom_Albums-Ballroom_Classics4-18/track.npy,ballroom,7,1.0,1.0,1.0,1.0,1.0,1.0
ballroom/ballroom_Albums-Ballroom_Magic-09/track.npy,ballroom,7,0.9931972789115647,0.9864864864864865,0.9864864864864865,1.0,1.0,1.0
ballroom/ballroom_Albums-Ballroom_Magic-15/track.npy,ballroom,7,1.0,1.0,1.0,1.0,1.0,1.0
ballroom/ballroom_Albums-Cafe_Paradiso-03/track.npy,ballroom,7,1.0,1.0,1.0,1.0,1.0,1.0
ballroom/ballroom_Albums-Chrisanne1-03/track.npy,ballroom,7,0.9705882352941176,1.0,1.0,1.0,1.0,1.0
ballroom/ballroom_Albums-Chrisanne1-07/track.npy,ballroom,7,1.0,1.0,1.0,1.0,1.0,1.0
ballroom/ballroom_Albums-Chrisanne1-08/track.npy,ballroom,7,0.9659863945578231,0.9324324324324325,0.9324324324324325,0.96,1.0,1.0
ballroom/ballroom_Albums-Chrisanne1-12/track.npy,ballroom,7,0.9642857142857143,0.9411764705882353,0.9411764705882353,0.9523809523809523,1.0,1.0
ballroom/ballroom_Albums-Chrisanne3-03/track.npy,ballroom,7,1.0,1.0,1.0,0.6956521739130435,0.5,0.5
ballroom/ballroom_Albums-Chrisanne3-13/track.npy,ballroom,7,1.0,1.0,1.0,1.0,1.0,1.0
ballroom/ballroom_Albums-Fire-12/track.npy,ballroom,7,1.0,1.0,1.0,1.0,1.0,1.0
ballroom/ballroom_Albums-I_Like_It2-02/track.npy,ballroom,7,0.9803921568627451,0.9615384615384616,0.9615384615384616,0.9600000000000001,0.9230769230769231,0.9230769230769231
ballroom/ballroom_Albums-I_Like_It2-09/track.npy,ballroom,7,1.0,1.0,1.0,1.0,1.0,1.0
ballroom/ballroom_Albums-Latin_Jam2-02/track.npy,ballroom,7,1.0,1.0,1.0,1.0,1.0,1.0
ballroom/ballroom_Albums-Latin_Jam3-02/track.npy,ballroom,7,0.9807692307692307,0.9807692307692307,0.9807692307692307,0.6153846153846154,0.5384615384615384,0.5384615384615384
ballroom/ballroom_Albums-Latin_Jam3-09/track.npy,ballroom,7,1.0,1.0,1.0,1.0,1.0,1.0
ballroom/ballroom_Albums-Latin_Jam4-02/track.npy,ballroom,7,1.0,1.0,1.0,1.0,1.0,1.0
ballroom/ballroom_Albums-Latino_Latino-04/track.npy,ballroom,7,0.11538461538461538,0.0,0.7818181818181819,0.0,0.6666666666666666,0.6666666666666666
ballroom/ballroom_Albums-Macumba-06/track.npy,ballroom,7,1.0,1.0,1.0,1.0,1.0,1.0
ballroom/ballroom_Albums-Macumba-14/track.npy,ballroom,7,0.993006993006993,0.9861111111111112,0.9861111111111112,0.8,0.3333333333333333,0.5142857142857142
ballroom/ballroom_Albums-Mambo_Kings-12/track.npy,ballroom,7,1.0,1.0,1.0,1.0,1.0,1.0
ballroom/ballroom_Albums-Pais_Tropical-03/track.npy,ballroom,7,1.0,1.0,1.0,0.6451612903225806,0.0,0.9047619047619048
ballroom/ballroom_Albums-Pais_Tropical-13/track.npy,ballroom,7,1.0,1.0,1.0,1.0,1.0,1.0
ballroom/ballroom_Albums-Secret_Garden-06/track.npy,ballroom,7,0.9333333333333332,0.9210526315789473,0.9210526315789473,0.9166666666666666,0.75,0.75
ballroom/ballroom_Albums-Step_By_Step-02/track.npy,ballroom,7,0.9589041095890412,0.972972972972973,0.972972972972973,0.9166666666666666,0.8333333333333334,0.8333333333333334
ballroom/ballroom_Albums-Step_By_Step-08/track.npy,ballroom,7,1.0,1.0,1.0,1.0,1.0,1.0
ballroom/ballroom_Albums-StrictlyDancing_Tango-06/track.npy,ballroom,7,0.98989898989899,0.98,0.98,0.9600000000000001,0.9230769230769231,0.9230769230769231
ballroom/ballroom_Albums-StrictlyDancing_Tango-11/track.npy,ballroom,7,1.0,1.0,1.0,1.0,1.0,1.0
ballroom/ballroom_Media-103302/track.npy,ballroom,7,1.0,1.0,1.0,1.0,1.0,1.0
ballroom/ballroom_Media-103304/track.npy,ballroom,7,1.0,1.0,1.0,1.0,1.0,1.0
ballroom/ballroom_Media-103305/track.npy,ballroom,7,1.0,1.0,1.0,1.0,1.0,1.0
ballroom/ballroom_Media-103307/track.npy,ballroom,7,0.9864864864864865,0.972972972972973,0.972972972972973,1.0,1.0,1.0
ballroom/ballroom_Media-103312/track.npy,ballroom,7,1.0,1.0,1.0,1.0,1.0,1.0
ballroom/ballroom_Media-103313/track.npy,ballroom,7,0.9941520467836257,0.9883720930232558,0.9883720930232558,0.5333333333333333,0.375,0.375
ballroom/ballroom_Media-103405/track.npy,ballroom,7,1.0,1.0,1.0,1.0,1.0,1.0
ballroom/ballroom_Media-103407/track.npy,ballroom,7,1.0,1.0,1.0,1.0,1.0,1.0
ballroom/ballroom_Media-103411/track.npy,ballroom,7,0.99009900990099,0.9803921568627451,0.9803921568627451,1.0,1.0,1.0
ballroom/ballroom_Media-103502/track.npy,ballroom,7,0.9879518072289156,0.9761904761904762,0.9761904761904762,0.9523809523809523,0.9090909090909091,0.9090909090909091
ballroom/ballroom_Media-103507/track.npy,ballroom,7,0.9803921568627451,0.9615384615384616,0.9615384615384616,0.9600000000000001,0.9230769230769231,0.9230769230769231
ballroom/ballroom_Media-103508/track.npy,ballroom,7,0.9902912621359222,0.9807692307692307,0.9807692307692307,1.0,1.0,1.0
ballroom/ballroom_Media-103701/track.npy,ballroom,7,1.0,1.0,1.0,1.0,1.0,1.0
ballroom/ballroom_Media-103704/track.npy,ballroom,7,1.0,1.0,1.0,1.0,1.0,1.0
ballroom/ballroom_Media-103705/track.npy,ballroom,7,1.0,1.0,1.0,1.0,1.0,1.0
ballroom/ballroom_Media-103706/track.npy,ballroom,7,1.0,1.0,1.0,1.0,1.0,1.0
ballroom/ballroom_Media-103710/track.npy,ballroom,7,0.9873417721518987,0.975,0.975,1.0,1.0,1.0
ballroom/ballroom_Media-103814/track.npy,ballroom,7,1.0,1.0,1.0,1.0,1.0,1.0
ballroom/ballroom_Media-103817/track.npy,ballroom,7,0.9841269841269841,0.96875,0.96875,1.0,1.0,1.0
ballroom/ballroom_Media-103917/track.npy,ballroom,7,1.0,1.0,1.0,1.0,1.0,1.0
ballroom/ballroom_Media-104017/track.npy,ballroom,7,1.0,1.0,1.0,1.0,1.0,1.0
ballroom/ballroom_Media-104112/track.npy,ballroom,7,1.0,1.0,1.0,1.0,1.0,1.0
ballroom/ballroom_Media-104114/track.npy,ballroom,7,0.9879518072289156,0.9761904761904762,0.9761904761904762,1.0,1.0,1.0
ballroom/ballroom_Media-104118/track.npy,ballroom,7,0.9861111111111112,0.9726027397260274,0.9726027397260274,1.0,1.0,1.0
ballroom/ballroom_Media-104303/track.npy,ballroom,7,0.9722222222222222,1.0,1.0,0.9166666666666666,1.0,1.0
ballroom/ballroom_Media-104401/track.npy,ballroom,7,1.0,1.0,1.0,1.0,1.0,1.0
ballroom/ballroom_Media-104404/track.npy,ballroom,7,0.9549549549549549,0.9642857142857143,0.9642857142857143,1.0,1.0,1.0
ballroom/ballroom_Media-104416/track.npy,ballroom,7,0.9942857142857142,0.9886363636363636,0.9886363636363636,1.0,1.0,1.0
ballroom/ballroom_Media-104418/track.npy,ballroom,7,0.9942196531791908,0.9885057471264368,0.9885057471264368,1.0,1.0,1.0
ballroom/ballroom_Media-104701/track.npy,ballroom,7,0.9859154929577464,0.9722222222222222,0.9722222222222222,0.9565217391304348,0.9166666666666666,0.9166666666666666
ballroom/ballroom_Media-104709/track.npy,ballroom,7,0.9906542056074767,0.9814814814814815,0.9814814814814815,0.962962962962963,0.9285714285714286,0.9285714285714286
ballroom/ballroom_Media-104710/track.npy,ballroom,7,0.0,0.0,0.9649122807017544,0.0,1.0,1.0
ballroom/ballroom_Media-104712/track.npy,ballroom,7,0.913907284768212,0.8289473684210527,0.8289473684210527,1.0,1.0,1.0
ballroom/ballroom_Media-104716/track.npy,ballroom,7,0.988095238095238,0.9764705882352941,0.9764705882352941,0.975609756097561,0.9523809523809523,0.9523809523809523
ballroom/ballroom_Media-104805/track.npy,ballroom,7,1.0,1.0,1.0,1.0,1.0,1.0
ballroom/ballroom_Media-104909/track.npy,ballroom,7,0.9932885906040269,0.9866666666666667,0.9866666666666667,1.0,1.0,1.0
ballroom/ballroom_Media-105007/track.npy,ballroom,7,0.8219178082191781,0.972972972972973,0.972972972972973,0.8333333333333334,1.0,1.0
ballroom/ballroom_Media-105107/track.npy,ballroom,7,1.0,1.0,1.0,1.0,1.0,1.0
ballroom/ballroom_Media-105108/track.npy,ballroom,7,0.9906542056074767,0.9814814814814815,0.9814814814814815,1.0,1.0,1.0
ballroom/ballroom_Media-105112/track.npy,ballroom,7,0.9932885906040269,0.9733333333333334,0.9733333333333334,1.0,1.0,1.0
ballroom/ballroom_Media-105320/track.npy,ballroom,7,0.9885057471264368,0.9772727272727273,0.9772727272727273,0.9767441860465117,0.9545454545454546,0.9545454545454546
ballroom/ballroom_Media-105501/track.npy,ballroom,7,1.0,1.0,1.0,1.0,1.0,1.0
ballroom/ballroom_Media-105605/track.npy,ballroom,7,0.9902912621359222,0.9807692307692307,0.9807692307692307,1.0,1.0,1.0
ballroom/ballroom_Media-105608/track.npy,ballroom,7,1.0,1.0,1.0,1.0,1.0,1.0
ballroom/ballroom_Media-105612/track.npy,ballroom,7,0.9885057471264368,0.9772727272727273,0.9772727272727273,1.0,1.0,1.0
ballroom/ballroom_Media-105613/track.npy,ballroom,7,0.9885057471264368,0.9772727272727273,0.9772727272727273,0.9523809523809523,0.9090909090909091,0.9090909090909091
ballroom/ballroom_Media-105702/track.npy,ballroom,7,1.0,1.0,1.0,1.0,1.0,1.0
ballroom/ballroom_Media-105705/track.npy,ballroom,7,0.9814814814814815,0.9636363636363636,0.9636363636363636,1.0,1.0,1.0
ballroom/ballroom_Media-105810/track.npy,ballroom,7,0.993103448275862,0.9863013698630136,0.9863013698630136,0.9795918367346939,0.96,0.96
ballroom/ballroom_Media-106003/track.npy,ballroom,7,0.9885057471264368,0.9772727272727273,0.9772727272727273,0.6875000000000001,0.0,1.0
ballroom/ballroom_Media-106006/track.npy,ballroom,7,0.9904761904761905,0.9811320754716981,0.9811320754716981,0.962962962962963,0.9285714285714286,0.9285714285714286
ballroom/ballroom_Media-106010/track.npy,ballroom,7,0.9743589743589743,0.95,0.95,1.0,1.0,1.0
ballroom/ballroom_Media-106102/track.npy,ballroom,7,0.9811320754716981,0.9629629629629629,0.9629629629629629,0.962962962962963,0.9285714285714286,0.9285714285714286
ballroom/ballroom_Media-106106/track.npy,ballroom,7,1.0,1.0,1.0,0.9523809523809523,0.9090909090909091,0.9090909090909091
ballroom/ballroom_Media-106111/track.npy,ballroom,7,0.9767441860465117,0.9545454545454546,0.9545454545454546,0.9523809523809523,0.9090909090909091,0.9090909090909091
beatles/beatles_01_Please_Please_Me_05_Boys/track.npy,beatles,7,0.9954198473282443,0.9908814589665653,0.9908814589665653,0.937142857142857,0.7741935483870968,0.7741935483870968
beatles/beatles_01_Please_Please_Me_09_P_S_I_Love_You/track.npy,beatles,7,0.9922779922779923,0.9923076923076923,0.9923076923076923,1.0,1.0,1.0
beatles/beatles_02_With_the_Beatles_06_Till_There_Was_You/track.npy,beatles,7,0.9920948616600791,1.0,1.0,1.0,1.0,1.0
beatles/beatles_02_With_the_Beatles_14_Money/track.npy,beatles,7,0.995581737849779,0.9941176470588236,0.9941176470588236,0.9497206703910615,0.7978723404255319,0.7978723404255319
beatles/beatles_03_A_Hard_Days_Night_07_Cant_Buy_Me_Love/track.npy,beatles,7,0.9957081545064378,0.9885714285714285,0.9885714285714285,1.0,1.0,1.0
beatles/beatles_04_Beatles_for_Sale_02_Im_a_Loser/track.npy,beatles,7,0.6955074875207986,0.09020618556701031,0.8,0.65,0.0,0.9532710280373832
beatles/beatles_04_Beatles_for_Sale_10_Honey_Dont/track.npy,beatles,7,0.994535519125683,0.9891304347826086,0.9891304347826086,0.9912280701754386,0.9826086956521739,0.9826086956521739
beatles/beatles_05_Help_08_Act_Naturally/track.npy,beatles,7,0.9977011494252873,0.9954128440366973,0.9954128440366973,1.0,1.0,1.0
beatles/beatles_05_Help_09_Its_Only_Love/track.npy,beatles,7,1.0,1.0,1.0,1.0,1.0,1.0
beatles/beatles_06_Rubber_Soul_08_What_Goes_On/track.npy,beatles,7,0.8314238952536824,0.42296918767507,0.42296918767507,0.9205020920502093,0.7559055118110236,0.7559055118110236
beatles/beatles_06_Rubber_Soul_14_Run_For_Your_Life/track.npy,beatles,7,0.6655231560891938,0.0,0.9948586118251928,0.6712328767123288,0.0,1.0
beatles/beatles_07_Revolver_02_Eleanor_Rigby/track.npy,beatles,7,0.989010989010989,0.9637681159420289,0.9637681159420289,0.9370629370629371,0.8,0.8
beatles/beatles_08_Sgt_Peppers_Lonely_Hearts_Club_Band_03_Lucy_In_The_Sky_With_Diamonds/track.npy,beatles,7,0.8529411764705882,0.7448453608247423,0.7448453608247423,0.8734693877551021,0.6953125,0.6953125
beatles/beatles_08_Sgt_Peppers_Lonely_Hearts_Club_Band_04_Getting_Better/track.npy,beatles,7,1.0,1.0,1.0,0.9938650306748467,0.9878048780487805,0.9878048780487805
beatles/beatles_09_Magical_Mystery_Tour_01_Magical_Mystery_Tour/track.npy,beatles,7,0.8670520231213873,0.6390977443609023,0.6390977443609023,0.8794326241134751,0.6153846153846154,0.6153846153846154
beatles/beatles_10_CD1_The_Beatles_01_Back_in_the_USSR/track.npy,beatles,7,0.9971590909090908,0.9943342776203966,0.9943342776203966,0.9775280898876404,0.9662921348314607,0.9662921348314607
beatles/beatles_10_CD1_The_Beatles_02_Dear_Prudence/track.npy,beatles,7,0.9111111111111111,0.7155425219941349,0.7155425219941349,0.693877551020408,0.13821138211382114,0.6344827586206897
beatles/beatles_10_CD2_The_Beatles_08_Revolution_1/track.npy,beatles,7,0.9817295980511571,0.9781553398058253,0.9781553398058253,0.7578125,0.3466666666666667,0.4075829383886256
beatles/beatles_10_CD2_The_Beatles_10_Savoy_Truffle/track.npy,beatles,7,0.9897209985315712,0.9912023460410557,0.9912023460410557,0.9882352941176471,1.0,1.0
beatles/beatles_11_Abbey_Road_02_Something/track.npy,beatles,7,0.9894179894179894,1.0,1.0,0.9791666666666666,1.0,1.0
beatles/beatles_11_Abbey_Road_03_Maxwells_Silver_Hammer/track.npy,beatles,7,0.9249692496924969,0.7208237986270023,0.7208237986270023,0.9261083743842364,0.7339449541284404,0.7339449541284404
beatles/beatles_12_Let_It_Be_01_Two_of_Us/track.npy,beatles,7,0.9865229110512128,0.9785522788203753,0.9785522788203753,0.6551724137931034,0.0855614973262032,0.4368932038834951
beatles/beatles_12_Let_It_Be_05_Dig_It/track.npy,beatles,7,0.9107981220657276,0.8362068965517241,0.8362068965517241,0.9166666666666666,0.8461538461538461,0.8461538461538461
candombe/csic.1995_ansina2_04/track.npy,candombe,7,0.9994029850746269,0.9976133651551312,0.9976133651551312,0.9976133651551313,0.9904761904761905,0.9904761904761905
candombe/proyecto.1992_gimenez_02/track.npy,candombe,7,0.9307086614173228,0.9669291338582677,0.9669291338582677,0.9245283018867925,1.0,1.0
candombe/zavala.muniz.2014_48/track.npy,candombe,7,1.0,1.0,1.0,1.0,1.0,1.0
candombe/zavala.muniz.2014_53/track.npy,candombe,7,0.9964994165694282,0.9953379953379954,0.9953379953379954,1.0,1.0,1.0
filosax/filosax_08/track.npy,filosax,7,0.9994931576279777,0.9969604863221885,0.9969604863221885,0.9534883720930233,0.8296296296296296,0.8296296296296296
filosax/filosax_15/track.npy,filosax,7,0.9983347210657786,0.9908485856905158,0.9908485856905158,0.9966666666666667,1.0,1.0
filosax/filosax_21/track.npy,filosax,7,0.9964157706093189,0.994269340974212,0.994269340974212,0.991404011461318,0.9942857142857143,0.9942857142857143
filosax/filosax_29/track.npy,filosax,7,1.0,1.0,1.0,1.0,1.0,1.0
filosax/filosax_39/track.npy,filosax,7,0.9964884900507219,0.9836448598130841,0.9836448598130841,0.990625,0.990625,0.990625
filosax/filosax_43/track.npy,filosax,7,0.9918345127925965,0.988056460369164,0.988056460369164,0.991304347826087,0.9913419913419913,0.9913419913419913
groove_midi/drummer1_eval_session_5_funk-groove5_84_beat_4-4/track.npy,groove_midi,7,0.9911504424778761,0.9824561403508771,0.9824561403508771,1.0,1.0,1.0
groove_midi/drummer1_session1_102_funk_95_beat_4-4/track.npy,groove_midi,7,0.6971428571428572,0.6761363636363636,0.6761363636363636,0.6896551724137931,0.8505747126436781,0.8505747126436781
groove_midi/drummer1_session1_126_funk-fast_125_beat_4-4/track.npy,groove_midi,7,1.0,1.0,1.0,1.0,1.0,1.0
groove_midi/drummer1_session1_81_dance-breakbeat_170_beat_4-4/track.npy,groove_midi,7,0.9965397923875432,0.9862068965517241,0.9862068965517241,1.0,1.0,1.0
groove_midi/drummer1_session2_10_country_114_beat_4-4/track.npy,groove_midi,7,0.6666666666666666,0.0,0.9947275922671354,0.6666666666666666,0.0,0.9929577464788732
groove_midi/drummer1_session2_142_gospel_120_beat_4-4/track.npy,groove_midi,7,0.9833641404805915,0.966789667896679,0.966789667896679,0.9777777777777777,0.9705882352941176,0.9705882352941176
groove_midi/drummer1_session2_1_latin-chacarera_157_beat_3-4/track.npy,groove_midi,7,0.3993610223642173,0.0,0.0,0.0,0.0,0.43548387096774194
groove_midi/drummer1_session3_10_rock-folk_90_beat_4-4/track.npy,groove_midi,7,0.9014722536806342,0.6563146997929606,0.6563146997929606,0.858447488584475,0.6386554621848739,0.6386554621848739
groove_midi/drummer1_session3_8_rock_135_beat_4-4/track.npy,groove_midi,7,0.9911504424778761,0.9824561403508771,0.9824561403508771,0.9655172413793104,0.9333333333333333,0.9333333333333333
groove_midi/drummer1_session3_9_rock_135_beat_4-4/track.npy,groove_midi,7,0.9976958525345622,0.9954022988505747,0.9954022988505747,0.9775784753363228,0.9122807017543859,0.9122807017543859
groove_midi/drummer3_session1_3_rock_105_beat_4-4/track.npy,groove_midi,7,0.963855421686747,0.9302325581395349,0.9302325581395349,1.0,1.0,1.0
groove_midi/drummer3_session1_7_rock_105_beat_4-4/track.npy,groove_midi,7,1.0,1.0,1.0,1.0,1.0,1.0
groove_midi/drummer3_session2_16_rock_100_beat_4-4/track.npy,groove_midi,7,1.0,1.0,1.0,1.0,1.0,1.0
groove_midi/drummer4_session1_4_latin-brazilian_92_beat_4-4/track.npy,groove_midi,7,0.6588235294117647,0.0,0.8070175438596491,0.6363636363636364,0.0,0.8666666666666667
groove_midi/drummer5_eval_session_7_pop-groove7_138_beat_4-4/track.npy,groove_midi,7,1.0,1.0,1.0,1.0,1.0,1.0
groove_midi/drummer5_session1_11_latin-brazilian-sambareggae_96_beat_4-4/track.npy,groove_midi,7,0.9981024667931689,0.9962121212121212,0.9962121212121212,1.0,1.0,1.0
groove_midi/drummer5_session1_6_latin-brazilian-maracatu_96_beat_4-4/track.npy,groove_midi,7,0.8294573643410852,0.43875278396436523,0.43875278396436523,0.6095238095238096,0.3828125,0.3828125
groove_midi/drummer5_session1_8_latin-venezuelan-merengue_162_beat_5-8/track.npy,groove_midi,7,0.6646341463414634,0.07894736842105263,0.5707762557077626,0.2344139650872818,0.0,0.008595988538681949
groove_midi/drummer5_session2_17_latin-brazilian-samba_110_beat_4-4/track.npy,groove_midi,7,0.9915254237288136,0.9957627118644068,0.9957627118644068,0.7966101694915254,0.7966101694915254,0.7966101694915254
groove_midi/drummer5_session2_22_latin-brazilian-frevo_133_beat_4-4/track.npy,groove_midi,7,0.9348171701112878,0.8660436137071651,0.8660436137071651,0.9473684210526316,0.935064935064935,0.935064935064935
groove_midi/drummer5_session2_2_latin-brazilian_101_beat_4-4/track.npy,groove_midi,7,0.9949748743718593,0.99,0.99,0.9795918367346939,0.96,0.96
groove_midi/drummer5_session2_7_neworleans-secondline_124_beat_4-4/track.npy,groove_midi,7,0.9945652173913043,0.9891891891891892,0.9891891891891892,1.0,1.0,1.0
groove_midi/drummer6_session3_3_rock_100_beat_4-4/track.npy,groove_midi,7,0.9774436090225564,0.996996996996997,0.996996996996997,0.9101123595505617,0.7473684210526316,0.7473684210526316
groove_midi/drummer6_session3_4_rock_127_beat_4-4/track.npy,groove_midi,7,0.9852507374631269,0.9736070381231672,0.9736070381231672,0.5431034482758621,0.006756756756756757,0.7425149700598802
groove_midi/drummer6_session3_5_rock_180_beat_4-4/track.npy,groove_midi,7,0.9916367980884111,0.9714964370546318,0.9714964370546318,0.0,0.0,0.9428571428571428
groove_midi/drummer6_session3_7_rock_88_beat_4-4/track.npy,groove_midi,7,0.9740634005763689,0.9942528735632183,0.9942528735632183,0.88,0.5714285714285714,0.5714285714285714
groove_midi/drummer7_session1_39_hiphop_100_beat_4-4/track.npy,groove_midi,7,0.967741935483871,1.0,1.0,0.0,0.0,0.0
groove_midi/drummer7_session2_36_rock_75_fill_4-4/track.npy,groove_midi,7,1.0,1.0,1.0,1.0,1.0,1.0
groove_midi/drummer7_session2_63_soul-motown_148_beat_4-4/track.npy,groove_midi,7,0.3047619047619048,0.3018867924528302,0.6226415094339622,0.3076923076923077,1.0,1.0
groove_midi/drummer7_session2_6_rock_120_beat_4-4/track.npy,groove_midi,7,0.9875,0.9753086419753086,0.9753086419753086,1.0,1.0,1.0
groove_midi/drummer7_session3_106_hiphop_70_beat_4-4/track.npy,groove_midi,7,1.0,1.0,1.0,1.0,1.0,1.0
groove_midi/drummer7_session3_119_rock_95_beat_4-4/track.npy,groove_midi,7,0.9795918367346939,0.96,0.96,0.923076923076923,0.8571428571428571,0.8571428571428571
groove_midi/drummer7_session3_23_pop-soft_83_beat_4-4/track.npy,groove_midi,7,0.983050847457627,0.9666666666666667,0.9666666666666667,0.9333333333333333,0.875,0.875
groove_midi/drummer7_session3_39_rock-indie_63_beat_4-4/track.npy,groove_midi,7,0.983388704318937,0.9933774834437086,0.9933774834437086,0.9866666666666666,0.9736842105263158,0.9736842105263158
groove_midi/drummer7_session3_49_funk_112_beat_4-4/track.npy,groove_midi,7,0.9906542056074767,0.9814814814814815,0.9814814814814815,1.0,1.0,1.0
groove_midi/drummer8_session1_11_neworleans-funk_82_beat_4-4/track.npy,groove_midi,7,0.9013333333333333,0.6407766990291263,0.6407766990291263,0.9032258064516129,0.6470588235294118,0.6470588235294118
groove_midi/drummer8_session1_25_funk-latin_100_beat_4-4/track.npy,groove_midi,7,0.9975062344139651,0.9950248756218906,0.9950248756218906,1.0,1.0,1.0
groove_midi/drummer8_session1_3_hiphop_90_beat_4-4/track.npy,groove_midi,7,1.0,1.0,1.0,1.0,1.0,1.0
groove_midi/drummer9_session1_19_rock_120_beat_4-4/track.npy,groove_midi,7,0.9923664122137404,0.9848484848484849,0.9848484848484849,1.0,1.0,1.0
groove_midi/drummer9_session1_26_rock_90_beat_4-4/track.npy,groove_midi,7,1.0,1.0,1.0,1.0,1.0,1.0
groove_midi/drummer9_session1_5_rock_100_beat_4-4/track.npy,groove_midi,7,0.9955156950672646,0.9910714285714286,0.9910714285714286,0.9818181818181818,0.9642857142857143,0.9642857142857143
groove_midi/drummer9_session1_7_rock_100_beat_4-4/track.npy,groove_midi,7,0.9841269841269841,0.96875,0.96875,0.0,0.0,0.75
guitarset/00_BN1-147-Gb_comp_mix/track.npy,guitarset,7,0.6909090909090908,0.08571428571428572,0.8,0.9333333333333333,0.875,0.875
guitarset/00_Jazz2-110-Bb_comp_mix/track.npy,guitarset,7,0.9908256880733944,0.9818181818181818,0.9818181818181818,0.962962962962963,0.9285714285714286,0.9285714285714286
guitarset/00_Rock2-142-D_comp_mix/track.npy,guitarset,7,0.9904761904761905,0.9811320754716981,0.9811320754716981,0.962962962962963,0.9285714285714286,0.9285714285714286
guitarset/01_Funk1-97-C_comp_mix/track.npy,guitarset,7,0.9873417721518987,0.975,0.975,0.9473684210526316,0.9,0.9
guitarset/01_Rock3-117-Bb_comp_mix/track.npy,guitarset,7,0.9908256880733944,0.9818181818181818,0.9818181818181818,0.962962962962963,0.9285714285714286,0.9285714285714286
guitarset/02_Funk3-98-A_comp_mix/track.npy,guitarset,7,1.0,1.0,1.0,1.0,1.0,1.0
guitarset/02_Jazz2-110-Bb_comp_mix/track.npy,guitarset,7,0.9908256880733944,0.9818181818181818,0.9818181818181818,0.962962962962963,0.9285714285714286,0.9285714285714286
guitarset/02_SS2-88-F_comp_mix/track.npy,guitarset,7,0.9734513274336283,0.9824561403508771,0.9824561403508771,0.9655172413793104,0.9333333333333333,0.9333333333333333
guitarset/03_BN2-131-B_comp_mix/track.npy,guitarset,7,0.9906542056074767,0.9814814814814815,0.9814814814814815,0.962962962962963,0.9285714285714286,0.9285714285714286
guitarset/03_Funk2-119-G_comp_mix/track.npy,guitarset,7,0.9908256880733944,0.9818181818181818,0.9818181818181818,0.962962962962963,0.9285714285714286,0.9285714285714286
guitarset/03_Jazz1-130-D_comp_mix/track.npy,guitarset,7,0.935064935064935,0.875,0.875,1.0,1.0,1.0
guitarset/03_Jazz1-200-B_comp_mix/track.npy,guitarset,7,0.8771929824561403,0.4838709677419355,0.4838709677419355,0.2,0.0,0.15384615384615385
guitarset/03_Jazz3-137-Eb_comp_mix/track.npy,guitarset,7,0.7722772277227722,0.5769230769230769,0.5769230769230769,0.4347826086956522,0.3076923076923077,0.3076923076923077
guitarset/03_SS2-107-Ab_comp_mix/track.npy,guitarset,7,0.9909909909909909,0.9821428571428571,0.9821428571428571,0.962962962962963,0.9285714285714286,0.9285714285714286
guitarset/04_BN1-147-Gb_comp_mix/track.npy,guitarset,7,0.9859154929577464,0.9722222222222222,0.9722222222222222,0.9411764705882353,0.8888888888888888,0.8888888888888888
guitarset/04_Funk2-119-G_comp_mix/track.npy,guitarset,7,0.9908256880733944,0.9818181818181818,0.9818181818181818,0.962962962962963,0.9285714285714286,0.9285714285714286
guitarset/04_Funk3-112-C#_comp_mix/track.npy,guitarset,7,1.0,1.0,1.0,1.0,1.0,1.0
guitarset/04_SS3-98-C_comp_mix/track.npy,guitarset,7,1.0,1.0,1.0,1.0,1.0,1.0
guitarset/05_BN1-147-Gb_comp_mix/track.npy,guitarset,7,0.6415094339622641,0.0,0.9444444444444444,0.6153846153846154,0.0,0.8
guitarset/05_Funk1-97-C_comp_mix/track.npy,guitarset,7,0.8717948717948718,0.8461538461538461,0.8461538461538461,0.7777777777777778,1.0,1.0
guitarset/05_Rock2-142-D_comp_mix/track.npy,guitarset,7,0.9904761904761905,0.9811320754716981,0.9811320754716981,0.962962962962963,0.9285714285714286,0.9285714285714286
guitarset/05_SS3-98-C_comp_mix/track.npy,guitarset,7,0.9909909909909909,0.9821428571428571,0.9821428571428571,0.962962962962963,0.9285714285714286,0.9285714285714286
hainsworth/hainsworth_003/track.npy,hainsworth,7,0.8170212765957446,0.7966101694915254,0.7966101694915254,0.4819277108433735,0.03773584905660377,0.03773584905660377
hainsworth/hainsworth_009/track.npy,hainsworth,7,1.0,1.0,1.0,1.0,1.0,1.0
hainsworth/hainsworth_012/track.npy,hainsworth,7,0.8915662650602408,0.8117647058823529,0.8117647058823529,0.2692307692307692,0.125,0.125
hainsworth/hainsworth_017/track.npy,hainsworth,7,1.0,1.0,1.0,1.0,1.0,1.0
hainsworth/hainsworth_023/track.npy,hainsworth,7,1.0,1.0,1.0,1.0,1.0,1.0
hainsworth/hainsworth_055/track.npy,hainsworth,7,0.9656862745098039,0.8720379146919431,0.8720379146919431,0.8749999999999999,0.6833333333333333,0.6833333333333333
hainsworth/hainsworth_057/track.npy,hainsworth,7,0.9166666666666666,0.8372093023255814,0.8372093023255814,0.7017543859649124,0.16216216216216217,0.5897435897435898
hainsworth/hainsworth_059/track.npy,hainsworth,7,0.7704280155642024,0.25949367088607594,0.5786802030456852,0.8493150684931509,0.6,0.6
hainsworth/hainsworth_082/track.npy,hainsworth,7,1.0,1.0,1.0,1.0,1.0,1.0
hainsworth/hainsworth_083/track.npy,hainsworth,7,0.9951690821256038,0.9807692307692307,0.9807692307692307,1.0,1.0,1.0
hainsworth/hainsworth_085/track.npy,hainsworth,7,1.0,1.0,1.0,1.0,1.0,1.0
hainsworth/hainsworth_093/track.npy,hainsworth,7,1.0,1.0,1.0,0.5853658536585366,0.22916666666666666,0.3880597014925373
hainsworth/hainsworth_111/track.npy,hainsworth,7,0.65,0.0,0.9572192513368984,0.6571428571428571,0.0,0.9574468085106383
hainsworth/hainsworth_129/track.npy,hainsworth,7,0.8079470198675497,0.7283950617283951,0.7283950617283951,0.5306122448979592,0.0,0.7714285714285715
hainsworth/hainsworth_132/track.npy,hainsworth,7,0.9425287356321839,0.8888888888888888,0.8888888888888888,0.1818181818181818,0.0,0.18181818181818182
hainsworth/hainsworth_135/track.npy,hainsworth,7,0.8208955223880597,0.8970588235294118,0.8970588235294118,0.5833333333333334,0.0,0.90625
hainsworth/hainsworth_145/track.npy,hainsworth,7,0.5736434108527132,0.0,0.8021978021978022,0.3125,0.05,0.34782608695652173
hainsworth/hainsworth_149/track.npy,hainsworth,7,0.9947089947089947,0.9894736842105263,0.9894736842105263,1.0,1.0,1.0
hainsworth/hainsworth_155/track.npy,hainsworth,7,1.0,1.0,1.0,0.37209302325581395,0.3181818181818182,0.6190476190476191
hainsworth/hainsworth_166/track.npy,hainsworth,7,0.8727272727272727,0.532258064516129,0.532258064516129,0.9166666666666666,0.8333333333333334,0.8333333333333334
hainsworth/hainsworth_171/track.npy,hainsworth,7,1.0,1.0,1.0,1.0,1.0,1.0
hainsworth/hainsworth_190/track.npy,hainsworth,7,0.6637554585152838,0.0,0.954248366013072,0.6608695652173914,0.0,0.961038961038961
hainsworth/hainsworth_198/track.npy,hainsworth,7,1.0,1.0,1.0,1.0,1.0,1.0
hainsworth/hainsworth_201/track.npy,hainsworth,7,0.993006993006993,0.9861111111111112,0.9861111111111112,1.0,1.0,1.0
hainsworth/hainsworth_211/track.npy,hainsworth,7,1.0,1.0,1.0,0.6111111111111112,0.04,0.16
hainsworth/hainsworth_214/track.npy,hainsworth,7,1.0,1.0,1.0,1.0,1.0,1.0
hainsworth/hainsworth_220/track.npy,hainsworth,7,0.8333333333333333,0.9069767441860465,0.9069767441860465,0.5365853658536585,0.5238095238095238,0.5238095238095238
harmonix/0003_6foot7foot/track.npy,harmonix,7,1.0,1.0,1.0,1.0,1.0,1.0
harmonix/0017_badromance/track.npy,harmonix,7,0.9983079526226735,0.9966216216216216,0.9966216216216216,1.0,1.0,1.0
harmonix/0026_blackandyellow/track.npy,harmonix,7,0.9912126537785589,0.9825783972125436,0.9825783972125436,0.993006993006993,0.9861111111111112,0.9861111111111112
harmonix/0027_blackened/track.npy,harmonix,7,0.7415937356057115,0.6259057971014492,0.6259057971014492,0.5269841269841269,0.2813299232736573,0.2813299232736573
harmonix/0044_cameraeye/track.npy,harmonix,7,0.9048582995951416,0.7752234993614304,0.7752234993614304,0.7804195804195805,0.6556473829201102,0.6556473829201102
harmonix/0065_deadandbloated/track.npy,harmonix,7,0.6854565952649381,0.05163511187607573,0.8952536824877251,0.625,0.07801418439716312,0.49645390070921985
harmonix/0071_dirtypool/track.npy,harmonix,7,0.9901547116736991,0.9804741980474198,0.9804741980474198,0.8591885441527446,0.5230125523012552,0.5230125523012552
harmonix/0085_electricboogie/track.npy,harmonix,7,1.0,1.0,1.0,1.0,1.0,1.0
harmonix/0095_firework/track.npy,harmonix,7,0.9724770642201835,1.0,1.0,0.975609756097561,1.0,1.0
harmonix/0104_getbusy/track.npy,harmonix,7,0.9980582524271845,0.9961240310077519,0.9961240310077519,0.9922480620155039,0.9846153846153847,0.9846153846153847
harmonix/0108_getup/track.npy,harmonix,7,0.8152350081037277,0.5545722713864307,0.5545722713864307,0.8106312292358804,0.654320987654321,0.654320987654321
harmonix/0116_goodies/track.npy,harmonix,7,0.998639455782313,0.9972826086956522,0.9972826086956522,1.0,1.0,1.0
harmonix/0119_gunpowderandlead/track.npy,harmonix,7,0.957169459962756,0.9592592592592593,0.9592592592592593,0.9323308270676692,0.9253731343283582,0.9253731343283582
harmonix/0124_hello/track.npy,harmonix,7,0.9956076134699853,0.9912536443148688,0.9912536443148688,0.9941520467836257,0.9883720930232558,0.9883720930232558
harmonix/0125_hellogoodmorning/track.npy,harmonix,7,0.998211091234347,0.9892857142857143,0.9892857142857143,1.0,1.0,1.0
harmonix/0140_impacto/track.npy,harmonix,7,0.9978858350951374,0.9957805907172996,0.9957805907172996,0.9915966386554621,0.9833333333333333,0.9833333333333333
harmonix/0151_kingofdancehall/track.npy,harmonix,7,0.8594164456233421,0.7661691542288557,0.7661691542288557,0.8444444444444444,0.8043478260869565,0.8043478260869565
harmonix/0184_myprerogative/track.npy,harmonix,7,1.0,1.0,1.0,1.0,1.0,1.0
harmonix/0185_nasty/track.npy,harmonix,7,1.0,1.0,1.0,1.0,1.0,1.0
harmonix/0194_nomoretears/track.npy,harmonix,7,0.9472241261137766,0.8877005347593583,0.8877005347593583,0.8449197860962567,0.7602040816326531,0.7602040816326531
harmonix/0226_rendezvu/track.npy,harmonix,7,0.9336283185840708,0.8755186721991701,0.8755186721991701,0.9380530973451328,0.8833333333333333,0.8833333333333333
harmonix/0229_ridingonthewind/track.npy,harmonix,7,0.8656987295825772,0.817531305903399,0.817531305903399,0.8278388278388278,0.9347826086956522,0.9347826086956522
harmonix/0233_rocknrollnightmare/track.npy,harmonix,7,0.9958847736625513,0.9877049180327869,0.9877049180327869,0.8677685950413223,0.7903225806451613,0.7903225806451613
harmonix/0243_saucyjack/track.npy,harmonix,7,0.9853372434017595,0.9707602339181286,0.9707602339181286,0.780952380952381,0.43103448275862066,0.43103448275862066
harmonix/0247_scream/track.npy,harmonix,7,1.0,1.0,1.0,1.0,1.0,1.0
harmonix/0259_spiceupyourlife/track.npy,harmonix,7,0.980797636632201,0.9623188405797102,0.9623188405797102,0.9822485207100593,0.9651162790697675,0.9651162790697675
harmonix/0262_stash/track.npy,harmonix,7,0.9190751445086706,0.7371273712737128,0.7371273712737128,0.7205882352941178,0.3413654618473896,0.36908517350157727
harmonix/0289_thisisexile/track.npy,harmonix,7,0.6303142329020333,0.3805031446540881,0.3805031446540881,0.44654088050314467,0.14705882352941177,0.43171806167400884
harmonix/0291_thrasher/track.npy,harmonix,7,0.8183118741058655,0.5421530479896238,0.5421530479896238,0.6441717791411042,0.6547619047619048,0.6547619047619048
harmonix/0299_turnthebeataround/track.npy,harmonix,7,0.9988465974625144,0.9976958525345622,0.9976958525345622,0.9953917050691244,0.9908256880733946,0.9908256880733946
harmonix/0301_unclejohnsband/track.npy,harmonix,7,0.9692058346839545,0.9339774557165862,0.9339774557165862,0.8152866242038217,0.75,0.75
harmonix/0320_wolflikeme/track.npy,harmonix,7,0.6895273401297498,0.08941877794336811,0.6662576687116565,0.6666666666666666,0.08641975308641975,0.6551724137931034
harmonix/0321_wonderwall/track.npy,harmonix,7,0.9843971631205674,0.9606741573033708,0.9606741573033708,0.9666666666666666,0.8913043478260869,0.8913043478260869
harmonix/0324_yeah3x/track.npy,harmonix,7,1.0,1.0,1.0,1.0,1.0,1.0
harmonix/0327_youmakemefeel/track.npy,harmonix,7,0.9966703662597114,0.9933481152993349,0.9933481152993349,1.0,1.0,1.0
harmonix/0346_birthdaydress/track.npy,harmonix,7,0.988950276243094,0.9671232876712329,0.9671232876712329,0.9887640449438202,0.9775280898876404,0.9775280898876404
harmonix/0359_cominghome/track.npy,harmonix,7,0.9912280701754387,0.9738372093023255,0.9738372093023255,0.9942196531791908,0.9885057471264368,0.9885057471264368
harmonix/0364_deuces/track.npy,harmonix,7,0.9954614220877459,0.9909638554216867,0.9909638554216867,0.993939393939394,0.9879518072289156,0.9879518072289156
harmonix/0366_domino/track.npy,harmonix,7,0.921443736730361,0.9090909090909091,0.9090909090909091,0.8016877637130803,0.8487394957983193,0.8487394957983193
harmonix/0381_everythingyouwant/track.npy,harmonix,7,0.9670619235836627,0.9362244897959183,0.9362244897959183,0.9528795811518325,0.898989898989899,0.898989898989899
harmonix/0388_gangnamstyle/track.npy,harmonix,7,0.9924160346695559,0.9849462365591398,0.9849462365591398,0.9956709956709957,0.9913793103448276,0.9913793103448276
harmonix/0390_getyourselfbackhome/track.npy,harmonix,7,0.9934924078091106,0.9870689655172413,0.9870689655172413,0.9956709956709957,0.9913793103448276,0.9913793103448276
harmonix/0394_godgavemetoyou/track.npy,harmonix,7,0.9964028776978417,0.9928057553956835,0.9928057553956835,0.9928057553956835,0.9857142857142858,0.9857142857142858
harmonix/0396_goodfeeling/track.npy,harmonix,7,0.9766536964980543,0.9613899613899614,0.9613899613899614,0.984375,0.9921875,0.9921875
harmonix/0417_imtoosexy/track.npy,harmonix,7,1.0,1.0,1.0,1.0,1.0,1.0
harmonix/0423_iwannago/track.npy,harmonix,7,0.9988674971687429,0.997737556561086,0.997737556561086,1.0,1.0,1.0
harmonix/0430_lastfridaynight/track.npy,harmonix,7,0.9956896551724138,0.9914163090128756,0.9914163090128756,0.9957081545064378,0.9914529914529915,0.9914529914529915
harmonix/0436_loveactually/track.npy,harmonix,7,0.991285403050109,0.9827213822894169,0.9827213822894169,0.9913043478260869,0.9827586206896551,0.9827586206896551
harmonix/0438_loverlover/track.npy,harmonix,7,1.0,1.0,1.0,0.6961325966850829,0.6129032258064516,0.6129032258064516
harmonix/0440_loveyoulikealovesong/track.npy,harmonix,7,0.994269340974212,0.9886039886039886,0.9886039886039886,0.9942857142857142,0.9886363636363636,0.9886363636363636
harmonix/0452_myfirstkiss/track.npy,harmonix,7,0.9187935034802784,0.9211136890951276,0.9211136890951276,0.9166666666666666,1.0,1.0
harmonix/0464_oneofus/track.npy,harmonix,7,0.9958275382475661,0.9916897506925207,0.9916897506925207,1.0,1.0,1.0
harmonix/0478_prayforyou/track.npy,harmonix,7,0.9746835443037976,0.9375,0.9375,0.8636363636363635,0.5510204081632653,0.5510204081632653
harmonix/0486_rundatback/track.npy,harmonix,7,0.9956140350877193,0.9912663755458515,0.9912663755458515,0.9956331877729258,0.991304347826087,0.991304347826087
harmonix/0505_takeitoff/track.npy,harmonix,7,1.0,1.0,1.0,1.0,1.0,1.0
harmonix/0506_takemehometonight/track.npy,harmonix,7,0.9830890642615558,0.9662921348314607,0.9662921348314607,0.9773755656108598,0.9459459459459459,0.9459459459459459
harmonix/0509_thelazysong/track.npy,harmonix,7,0.9981167608286252,0.9962406015037594,0.9962406015037594,1.0,1.0,1.0
harmonix/0510_theonethatgotaway/track.npy,harmonix,7,0.993801652892562,0.98559670781893,0.98559670781893,1.0,1.0,1.0
harmonix/0512_theshowgoeson/track.npy,harmonix,7,0.6535626535626535,0.0,0.9530685920577617,0.6730769230769231,0.05925925925925926,0.8493150684931506
harmonix/0517_tilltheworldends/track.npy,harmonix,7,0.9930209371884346,0.9861386138613861,0.9861386138613861,0.9960159362549801,0.9920634920634921,0.9920634920634921
harmonix/0525_venus/track.npy,harmonix,7,1.0,1.0,1.0,1.0,1.0,1.0
harmonix/0526_waitingoutsidethelines/track.npy,harmonix,7,0.9124087591240877,0.7239057239057239,0.7239057239057239,0.9007633587786259,0.8235294117647058,0.8235294117647058
harmonix/0527_wantuback/track.npy,harmonix,7,0.9093525179856115,0.8438356164383561,0.8438356164383561,0.5321888412017167,0.03333333333333333,0.6484848484848484
harmonix/0535_withoutyou/track.npy,harmonix,7,0.9929411764705882,0.985981308411215,0.985981308411215,0.9953051643192489,0.9906542056074766,0.9906542056074766
harmonix/0542_yougetwhatyougive/track.npy,harmonix,7,0.9990393852065321,0.9980806142034548,0.9980806142034548,1.0,1.0,1.0
harmonix/0543_yougonnafly/track.npy,harmonix,7,1.0,1.0,1.0,0.5714285714285713,0.5405405405405406,0.5405405405405406
harmonix/0555_allaroundme/track.npy,harmonix,7,0.6666666666666666,0.0,1.0,0.6705882352941176,0.0,1.0
harmonix/0559_alltherightmoves/track.npy,harmonix,7,0.6658739595719382,0.0,0.99644128113879,0.6729857819905213,0.02142857142857143,0.9577464788732394
harmonix/0561_alorsondanse/track.npy,harmonix,7,1.0,1.0,1.0,1.0,1.0,1.0
harmonix/0611_catchingfeelings/track.npy,harmonix,7,0.9879879879879879,0.9762611275964391,0.9762611275964391,0.988095238095238,0.9764705882352941,0.9764705882352941
harmonix/0617_citylights/track.npy,harmonix,7,0.9984591679506933,0.9969230769230769,0.9969230769230769,0.9523809523809523,0.8390804597701149,0.8390804597701149
harmonix/0618_clocks/track.npy,harmonix,7,0.7388987566607459,0.5495049504950495,0.5495049504950495,0.5891472868217055,0.7692307692307693,0.7692307692307693
harmonix/0619_closer/track.npy,harmonix,7,0.9914893617021276,0.9829787234042553,0.9829787234042553,0.9957446808510638,0.9915254237288136,0.9915254237288136
harmonix/0621_clubcanthandleme/track.npy,harmonix,7,0.9926238145416227,0.9853556485355649,0.9853556485355649,0.9957805907172996,0.9915966386554622,0.9915966386554622
harmonix/0622_clumsy/track.npy,harmonix,7,0.998324958123953,0.9966555183946488,0.9966555183946488,0.6607142857142857,0.0,0.98
harmonix/0623_comeongethigher/track.npy,harmonix,7,1.0,1.0,1.0,1.0,1.0,1.0
harmonix/0661_everythingaboutyou/track.npy,harmonix,7,0.9944506104328523,0.9889624724061811,0.9889624724061811,0.9955555555555555,0.9911504424778761,0.9911504424778761
harmonix/0677_fireburning/track.npy,harmonix,7,0.9684873949579832,0.9625,0.9625,0.9279999999999999,0.803030303030303,0.803030303030303
harmonix/0712_heartless/track.npy,harmonix,7,0.6936829558998808,0.09259259259259259,0.8056951423785594,0.6532663316582914,0.13709677419354838,0.6375838926174496
harmonix/0729_hurricane/track.npy,harmonix,7,0.9973404255319148,0.9946949602122016,0.9946949602122016,0.9947089947089947,0.9894736842105263,0.9894736842105263
harmonix/0731_icouldntbeyourfriend/track.npy,harmonix,7,0.9743135518157661,0.9557522123893806,0.9557522123893806,0.9787234042553192,0.971830985915493,0.971830985915493
harmonix/0749_indestructible2/track.npy,harmonix,7,0.998719590268886,0.9974424552429667,0.9974424552429667,0.9948717948717948,0.9897959183673469,0.9897959183673469
harmonix/0755_intothenight/track.npy,harmonix,7,0.9630459126539753,0.9072847682119205,0.9072847682119205,0.9459459459459458,0.8859649122807017,0.8859649122807017
harmonix/0769_killa/track.npy,harmonix,7,0.9189789123196449,0.837782340862423,0.837782340862423,0.875,0.8076923076923077,0.8076923076923077
harmonix/0770_kingofmycastle/track.npy,harmonix,7,0.992108229988726,0.9843400447427293,0.9843400447427293,0.9954751131221719,0.990990990990991,0.990990990990991
harmonix/0771_kisskissmainversion/track.npy,harmonix,7,0.6866840731070496,0.12215320910973085,0.7256637168141593,0.6842105263157894,0.1092436974789916,0.723404255319149
harmonix/0772_kissmebackcrytonight/track.npy,harmonix,7,0.999140154772141,0.9982817869415808,0.9982817869415808,1.0,1.0,1.0
harmonix/0790_locapeople/track.npy,harmonix,7,1.0,1.0,1.0,0.8468468468468469,0.75,0.75
harmonix/0796_loveinthisclub/track.npy,harmonix,7,0.9973082099596231,0.9946308724832215,0.9946308724832215,1.0,1.0,1.0
harmonix/0798_lovelikethis/track.npy,harmonix,7,1.0,1.0,1.0,1.0,1.0,1.0
harmonix/0801_lovesong/track.npy,harmonix,7,0.9990069513406157,0.998015873015873,0.998015873015873,1.0,1.0,1.0
harmonix/0823_mylifewouldsuckwithoutyou/track.npy,harmonix,7,0.8776844070961719,0.6427350427350428,0.6427350427350428,0.9516129032258064,0.9126984126984127,0.9126984126984127
harmonix/0824_mylifewouldsuckwithoutyous/track.npy,harmonix,7,0.9924160346695559,0.9849462365591398,0.9849462365591398,0.9956709956709957,0.9913793103448276,0.9913793103448276
harmonix/0839_nowyouseeit/track.npy,harmonix,7,1.0,1.0,1.0,0.9321266968325792,0.7457627118644068,0.7457627118644068
harmonix/0845_onefoot/track.npy,harmonix,7,0.758282208588957,0.2549800796812749,0.5718849840255591,0.8648648648648649,0.552,0.552
harmonix/0847_onestepatatime/track.npy,harmonix,7,0.9985272459499264,0.9970588235294118,0.9970588235294118,1.0,1.0,1.0
harmonix/0851_openurmind/track.npy,harmonix,7,0.8642925890279114,0.764378478664193,0.764378478664193,0.848,0.984,0.984
harmonix/0852_oursong/track.npy,harmonix,7,0.9911504424778761,0.9824561403508771,0.9824561403508771,0.8933333333333333,0.6790123456790124,0.6790123456790124
harmonix/0858_peoplearepeople/track.npy,harmonix,7,0.9763779527559056,0.9140969162995595,0.9140969162995595,0.9953917050691244,0.9908256880733946,0.9908256880733946
harmonix/0867_pokerfacedos/track.npy,harmonix,7,0.9989023051591658,0.9978070175438597,0.9978070175438597,1.0,1.0,1.0
harmonix/0882_rightroundbenny/track.npy,harmonix,7,0.9715639810426541,0.96,0.96,0.976303317535545,0.9905660377358491,0.9905660377358491
harmonix/0894_sayheyiloveyou/track.npy,harmonix,7,1.0,1.0,1.0,1.0,1.0,1.0
harmonix/0898_sexyback/track.npy,harmonix,7,0.9922992299229924,0.9847161572052402,0.9847161572052402,0.8114754098360656,0.6259541984732825,0.6259541984732825
harmonix/0901_sexydj/track.npy,harmonix,7,1.0,1.0,1.0,1.0,1.0,1.0
harmonix/0911_someday/track.npy,harmonix,7,0.9957264957264957,0.9914529914529915,0.9914529914529915,1.0,1.0,1.0
harmonix/0920_stopandstare/track.npy,harmonix,7,1.0,1.0,1.0,1.0,1.0,1.0
harmonix/0930_takeyourtime/track.npy,harmonix,7,0.8686244204018548,0.581267217630854,0.581267217630854,0.7483870967741935,0.5,0.5
harmonix/0937_thatsnotmyname/track.npy,harmonix,7,0.890371782650143,0.6708407871198568,0.6708407871198568,0.8215767634854771,0.7338709677419355,0.7338709677419355
harmonix/0941_theocean/track.npy,harmonix,7,0.9983606557377049,0.9950900163666121,0.9950900163666121,1.0,1.0,1.0
harmonix/0954_timeaftertimevan/track.npy,harmonix,7,0.9954545454545455,0.9819004524886877,0.9819004524886877,0.9954751131221719,0.990990990990991,0.990990990990991
harmonix/0977_wheelsnow/track.npy,harmonix,7,0.9897750511247444,0.9675456389452333,0.9675456389452333,1.0,1.0,1.0
harmonix/0992_wrongthinwhiteduke/track.npy,harmonix,7,0.9236471460340994,0.8011126564673157,0.8011126564673157,0.5783132530120483,0.5459770114942529,0.5459770114942529
harmonix/0998_youregonnamissthis/track.npy,harmonix,7,1.0,1.0,1.0,1.0,1.0,1.0
hjdb/hjdb_4_Am/track.npy,hjdb,7,1.0,1.0,1.0,1.0,1.0,1.0
hjdb/hjdb_Beyond_Control/track.npy,hjdb,7,1.0,1.0,1.0,1.0,1.0,1.0
hjdb/hjdb_Bish_Bosh/track.npy,hjdb,7,1.0,1.0,1.0,1.0,1.0,1.0
hjdb/hjdb_Crystalize/track.npy,hjdb,7,0.9962962962962962,0.985239852398524,0.985239852398524,1.0,1.0,1.0
hjdb/hjdb_DJ_Business/track.npy,hjdb,7,1.0,1.0,1.0,1.0,1.0,1.0
hjdb/hjdb_Dam_Tuff/track.npy,hjdb,7,1.0,1.0,1.0,1.0,1.0,1.0
hjdb/hjdb_Dark_Stranger_(Origin_Unknown_Remix)/track.npy,hjdb,7,1.0,1.0,1.0,1.0,1.0,1.0
hjdb/hjdb_Darkman/track.npy,hjdb,7,1.0,1.0,1.0,1.0,1.0,1.0
hjdb/hjdb_Dont_Come_No_Ruffer_(Ruff_Mix)/track.npy,hjdb,7,1.0,0.9879518072289156,0.9879518072289156,1.0,1.0,1.0
hjdb/hjdb_Dream_Sequence/track.npy,hjdb,7,1.0,1.0,1.0,1.0,1.0,1.0
hjdb/hjdb_Finest_Illusion_(Legal_Mix)/track.npy,hjdb,7,1.0,1.0,1.0,1.0,1.0,1.0
hjdb/hjdb_Get_High_(New_Jack_London)/track.npy,hjdb,7,1.0,1.0,1.0,1.0,1.0,1.0
hjdb/hjdb_Happiness/track.npy,hjdb,7,1.0,1.0,1.0,1.0,1.0,1.0
hjdb/hjdb_Hardcore_Will_Never_Die/track.npy,hjdb,7,1.0,1.0,1.0,1.0,1.0,1.0
hjdb/hjdb_Horizons/track.npy,hjdb,7,1.0,1.0,1.0,1.0,1.0,1.0
hjdb/hjdb_In_Complete_Darkness_(Slipmatt_remix)/track.npy,hjdb,7,1.0,1.0,1.0,1.0,1.0,1.0
hjdb/hjdb_Inna_Year_4000/track.npy,hjdb,7,1.0,1.0,1.0,1.0,1.0,1.0
hjdb/hjdb_Let_Me_Be_Your_Fantasy/track.npy,hjdb,7,1.0,1.0,1.0,1.0,1.0,1.0
hjdb/hjdb_NHS_(Midday_Mix)/track.npy,hjdb,7,1.0,1.0,1.0,1.0,1.0,1.0
hjdb/hjdb_No_Worries/track.npy,hjdb,7,1.0,1.0,1.0,1.0,1.0,1.0
hjdb/hjdb_Peakin_Thru_The_Window/track.npy,hjdb,7,1.0,1.0,1.0,1.0,1.0,1.0
hjdb/hjdb_Phizical_(Moody_Mix)/track.npy,hjdb,7,0.8946015424164524,0.6139534883720931,0.6139534883720931,0.9423076923076924,0.8518518518518519,0.8518518518518519
hjdb/hjdb_R-type/track.npy,hjdb,7,0.9779411764705883,0.920863309352518,0.920863309352518,0.9565217391304348,0.9428571428571428,0.9428571428571428
hjdb/hjdb_Return_Of_The_Donut_Pt2/track.npy,hjdb,7,1.0,1.0,1.0,1.0,1.0,1.0
hjdb/hjdb_Scottie/track.npy,hjdb,7,0.8862275449101796,0.8117647058823529,0.8117647058823529,0.8780487804878048,0.9523809523809523,0.9523809523809523
hjdb/hjdb_Spiritual_Aura/track.npy,hjdb,7,1.0,1.0,1.0,1.0,1.0,1.0
hjdb/hjdb_The_Slammer/track.npy,hjdb,7,1.0,1.0,1.0,1.0,1.0,1.0
hjdb/hjdb_Too_Much_(Ray_Keith_Rmx)/track.npy,hjdb,7,0.9919999999999999,0.9841269841269841,0.9841269841269841,1.0,1.0,1.0
hjdb/hjdb_You_Got_Me_Burnin_(A.A.S_Mix)/track.npy,hjdb,7,0.9911504424778761,0.9824561403508771,0.9824561403508771,1.0,1.0,1.0
jaah/jaah_002-thelonious_monk-bags_groove/track.npy,jaah,7,0.998819362455726,0.9976415094339622,0.9976415094339622,0.9259259259259259,0.8727272727272727,0.8727272727272727
jaah/jaah_011-charlie_parker-blues_for_alice/track.npy,jaah,7,0.9921962095875141,0.9844097995545658,0.9844097995545658,0.9910714285714286,1.0,1.0
jaah/jaah_022-jelly_roll_mortons_red_hot_peppers-dead_man_blues/track.npy,jaah,7,0.9930843706777317,0.988950276243094,0.988950276243094,0.994475138121547,0.989010989010989,0.989010989010989
jaah/jaah_035-jimmie_lunceford_and_his_orchestra-for_dancers_only/track.npy,jaah,7,0.9961389961389961,0.9923076923076923,0.9923076923076923,0.7053140096618357,0.5135135135135135,0.5135135135135135
jaah/jaah_039-john_coltrane-giant_steps/track.npy,jaah,7,0.9608513873052071,0.8176382660687593,0.8176382660687593,0.8493975903614457,0.7940298507462686,0.7940298507462686
jaah/jaah_046-benny_goodman_and_his_orchestra-honeysuckle_rose/track.npy,jaah,7,1.0,1.0,1.0,0.8787878787878787,0.7660818713450293,0.7660818713450293
jaah/jaah_054-duke_ellington_his_orchestra-in_a_mellotone/track.npy,jaah,7,0.9987639060568604,0.9975308641975309,0.9975308641975309,1.0,1.0,1.0
jaah/jaah_068-billie_holiday_teddy_wilson_and_his_orchestra-mean_to_me/track.npy,jaah,7,0.9969604863221885,0.990909090909091,0.990909090909091,1.0,1.0,1.0
jaah/jaah_077-art_blakey_the_jazz_messengers-one_by_one/track.npy,jaah,7,0.9975429975429976,0.9950920245398773,0.9950920245398773,0.892018779342723,0.7702702702702703,0.7702702702702703
jaah/jaah_085-the_george_shearing_quintet-september_in_the_rain/track.npy,jaah,7,0.8481439820022498,0.6254980079681275,0.6254980079681275,0.33000000000000007,0.2524271844660194,0.2524271844660194
jaah/jaah_088-bessie_smith_louis_armstrong-st_louis_blues/track.npy,jaah,7,0.6487804878048781,0.8446601941747572,0.8446601941747572,0.5760000000000001,0.3783783783783784,0.44554455445544555
jaah/jaah_090-louis_armstrong_ella_fitzgerald-stompin_at_the_savoy/track.npy,jaah,7,0.9941644562334219,0.9809322033898306,0.9809322033898306,0.9808917197452229,0.9703389830508474,0.9703389830508474
jaah/jaah_097-count_basie_octet-the_golden_bullet/track.npy,jaah,7,0.9919354838709677,0.984,0.984,0.9919354838709677,0.984,0.984
jaah/jaah_104-herbie_hancock-watermelon_man/track.npy,jaah,7,0.7086720867208672,0.15492957746478872,0.6473779385171791,0.7511961722488039,0.5064935064935064,0.5064935064935064
rwc/rwc_classical_CD1_06/track.npy,rwc_classical,7,0.6300429184549357,0.336322869955157,0.336322869955157,0.4699140401146132,0.09333333333333334,0.3157894736842105
rwc/rwc_classical_CD3_01/track.npy,rwc_classical,7,0.8414239482200647,0.5525812619502868,0.5525812619502868,0.8253164556962026,0.8168316831683168,0.8168316831683168
rwc/rwc_classical_CD4_08/track.npy,rwc_classical,7,0.6404199475065617,0.23353293413173654,0.23353293413173654,0.5208333333333333,0.10179640718562874,0.2231404958677686
rwc/rwc_classical_CD4_10/track.npy,rwc_classical,7,0.9972299168975068,0.9834254143646409,0.9834254143646409,0.9917355371900827,0.9836065573770492,0.9836065573770492
rwc/rwc_classical_CD5_04/track.npy,rwc_classical,7,0.853658536585366,0.7661290322580645,0.7661290322580645,0.4742268041237114,0.030303030303030304,0.2727272727272727
rwc/rwc_classical_CD5_05/track.npy,rwc_classical,7,0.542016806722689,0.0641399416909621,0.0641399416909621,0.34285714285714286,0.0,0.018691588785046728
rwc/rwc_classical_CD6_08/track.npy,rwc_classical,7,0.7335640138408304,0.47619047619047616,0.47619047619047616,0.5145631067961165,0.09836065573770492,0.5209580838323353
rwc/rwc_jazz_CD1_08/track.npy,rwc_jazz,7,0.6980392156862745,0.3137254901960784,0.35872235872235875,0.5894736842105264,0.49019607843137253,0.49019607843137253
rwc/rwc_jazz_CD1_11/track.npy,rwc_jazz,7,0.962772785622593,0.982051282051282,0.982051282051282,0.958974358974359,1.0,1.0
rwc/rwc_jazz_CD1_12/track.npy,rwc_jazz,7,0.8144796380090498,0.7768361581920904,0.7768361581920904,0.6521739130434783,0.4375,0.4375
rwc/rwc_jazz_CD3_02/track.npy,rwc_jazz,7,0.9629629629629628,0.9861751152073732,0.9861751152073732,0.9811320754716981,1.0,1.0
rwc/rwc_jazz_CD3_05/track.npy,rwc_jazz,7,0.927536231884058,0.9798270893371758,0.9798270893371758,0.9082969432314411,0.991304347826087,0.991304347826087
rwc/rwc_jazz_CD4_12/track.npy,rwc_jazz,7,0.9288990825688074,0.9541284403669725,0.9541284403669725,0.9147982062780269,0.9035087719298246,0.9035087719298246
rwc/rwc_popular_CD1_01/track.npy,rwc_popular,7,0.9988826815642458,0.9977678571428571,0.9977678571428571,1.0,1.0,1.0
rwc/rwc_popular_CD1_15/track.npy,rwc_popular,7,0.9970238095238095,0.9940652818991098,0.9940652818991098,1.0,1.0,1.0
rwc/rwc_popular_CD2_02/track.npy,rwc_popular,7,0.7909800520381615,0.3122302158273381,0.521311475409836,0.7549668874172186,0.2127659574468085,0.6475770925110133
rwc/rwc_popular_CD2_07/track.npy,rwc_popular,7,0.9964243146603098,0.9952380952380953,0.9952380952380953,1.0,1.0,1.0
rwc/rwc_popular_CD2_08/track.npy,rwc_popular,7,1.0,1.0,1.0,1.0,1.0,1.0
rwc/rwc_popular_CD2_14/track.npy,rwc_popular,7,0.9984917043740573,0.9969879518072289,0.9969879518072289,0.993939393939394,0.9879518072289156,0.9879518072289156
rwc/rwc_popular_CD3_10/track.npy,rwc_popular,7,0.997979797979798,0.9959677419354839,0.9959677419354839,1.0,1.0,1.0
rwc/rwc_popular_CD4_10/track.npy,rwc_popular,7,0.9988023952095809,0.9976076555023924,0.9976076555023924,1.0,1.0,1.0
rwc/rwc_popular_CD4_12/track.npy,rwc_popular,7,0.7778981581798483,0.2730496453900709,0.5710306406685237,0.9288389513108614,0.7730496453900709,0.7730496453900709
rwc/rwc_popular_CD4_14/track.npy,rwc_popular,7,0.8430335097001762,0.4691358024691358,0.4691358024691358,0.8769230769230769,0.6285714285714286,0.6285714285714286
rwc/rwc_popular_CD5_05/track.npy,rwc_popular,7,0.7377220480668758,0.18561872909698995,0.6722454672245467,0.7136929460580913,0.152317880794702,0.6871508379888268
rwc/rwc_popular_CD5_15/track.npy,rwc_popular,7,0.9765625,0.9434447300771208,0.9434447300771208,0.9846153846153847,0.9795918367346939,0.9795918367346939
rwc/rwc_popular_CD7_01/track.npy,rwc_popular,7,0.9988700564971752,0.9977426636568849,0.9977426636568849,1.0,1.0,1.0
rwc/rwc_royalty-free_CD1_06/track.npy,rwc_royalty-free,7,0.9859813084112149,0.9813953488372092,0.9813953488372092,0.6666666666666666,0.3787878787878788,0.3787878787878788
rwc/rwc_royalty-free_CD1_14/track.npy,rwc_royalty-free,7,0.664092664092664,0.0,0.9942196531791907,0.847682119205298,0.4827586206896552,0.4827586206896552
simac/simac_Albedo_0.39_06-Alpha/track.npy,simac,7,1.0,1.0,1.0,nan,nan,nan
simac/simac_Alfagamabetizado_07-Bog_La_Bag/track.npy,simac,7,1.0,1.0,1.0,nan,nan,nan
simac/simac_Amber_02-Montreal/track.npy,simac,7,1.0,1.0,1.0,nan,nan,nan
simac/simac_Amber_10-Nil/track.npy,simac,7,0.5660377358490566,0.2857142857142857,0.2857142857142857,nan,nan,nan
simac/simac_As_time_goes_by_disk_3_05-This_cant_be_love/track.npy,simac,7,0.65625,0.0,0.9302325581395349,nan,nan,nan
simac/simac_Bach_The_Well-Tempered_Clavier_II_(Disc_1)_12-Prelude_and_Fugue_No._6_in_D_minor_BWV_875_-_2._Fuga/track.npy,simac,7,1.0,1.0,1.0,nan,nan,nan
simac/simac_Bach_The_Well-Tempered_Clavier_II_(Disc_1)_17-Prelude_and_Fugue_No._9_in_E_major_BWV_878_-_1._Praeludium/track.npy,simac,7,0.9818181818181818,0.9642857142857143,0.9642857142857143,nan,nan,nan
simac/simac_Bach_The_Well-Tempered_Clavier_II_(Disc_1)_19-Prelude_and_Fugue_No._10_in_E_minor_BWV_879_-_1._Praeludium/track.npy,simac,7,0.4590163934426229,0.0,0.024390243902439025,nan,nan,nan
simac/simac_Bach_The_Well-Tempered_Clavier_II_(Disc_1)_20-Prelude_and_Fugue_No._10_in_E_minor_BWV_879_-_2._Fuga/track.npy,simac,7,0.6923076923076924,0.029411764705882353,0.9428571428571428,nan,nan,nan
simac/simac_Bach_The_Well-Tempered_Clavier_II_(Disc_1)_21-Prelude_and_Fugue_No._11_in_F_major_BWV_880_-_1._Praeludium/track.npy,simac,7,1.0,1.0,1.0,nan,nan,nan
simac/simac_Bach_The_Well-Tempered_Clavier_II_(Disc_2)_07-Prelude_and_Fugue_No._16_G_minor_BWV_885_-_1._Praeludium/track.npy,simac,7,1.0,1.0,1.0,nan,nan,nan
simac/simac_Bela_Bartok_06-The_Miraculous_Mandarin_6.1_Sempre_vivo_6.2_Adagio/track.npy,simac,7,0.0,0.0,0.0,nan,nan,nan
simac/simac_Bela_Bartok_09-Music_for_Strings_Percussion_and_Celesta_I_Andante_tranquillo/track.npy,simac,7,0.5490196078431373,0.8846153846153846,0.8846153846153846,nan,nan,nan
simac/simac_Bernstein_conducts_Stravinsky_12-Summoning_of_the_ancestors/track.npy,simac,7,0.8000000000000002,0.75,0.75,nan,nan,nan
simac/simac_Bernstein_conducts_Stravinsky_14-Sacrifical_dance-_the_chosen_victim/track.npy,simac,7,0.96875,1.0,1.0,nan,nan,nan
simac/simac_Billie_Holiday_CD1_02-Carelessly/track.npy,simac,7,1.0,1.0,1.0,nan,nan,nan
simac/simac_Billie_Holiday_CD1_06-Who_loves_you/track.npy,simac,7,0.6451612903225806,0.0,0.9285714285714286,nan,nan,nan
simac/simac_Cafe_Zimmermann_03-Concerto_pour_deux_violons_&_cordes_en_r_mineur_BWV_1043_-_Vivace/track.npy,simac,7,0.962962962962963,0.8928571428571429,0.8928571428571429,nan,nan,nan
simac/simac_Cafe_Zimmermann_14-Concerto_pour_hautbois_&_violon_en_ut_mineur_BWV_1060_-_Adagio/track.npy,simac,7,1.0,1.0,1.0,nan,nan,nan
simac/simac_Classic_Borodin_-_String_quartet_2_D_01/track.npy,simac,7,0.7027027027027027,0.8421052631578947,0.8421052631578947,nan,nan,nan
simac/simac_Classic_Track_01/track.npy,simac,7,0.7222222222222223,0.5,0.5,nan,nan,nan
simac/simac_Concert_04-4._Bourre/track.npy,simac,7,0.9846153846153847,0.9696969696969697,0.9696969696969697,nan,nan,nan
simac/simac_Concert_18-2._Allegro/track.npy,simac,7,0.9523809523809523,0.8787878787878788,0.8787878787878788,nan,nan,nan
simac/simac_DGG_419_047-2_09-Toccata_Adagio_u._Fuge_C-dur_BWV_564_-_III_Fuge/track.npy,simac,7,1.0,1.0,1.0,nan,nan,nan
simac/simac_Ella_&_Louis_02-We_Cant_Go_On_This_Way/track.npy,simac,7,1.0,1.0,1.0,nan,nan,nan
simac/simac_Ella_&_Louis_03-A_Tisket-A_Tasket/track.npy,simac,7,0.65625,0.0,0.9302325581395349,nan,nan,nan
simac/simac_Ella_&_Louis_04-Sing_Song_Swing/track.npy,simac,7,0.6666666666666666,0.0,0.9736842105263158,nan,nan,nan
simac/simac_Ella_&_Louis_14-Coochi_Coochi_Coo/track.npy,simac,7,1.0,1.0,1.0,nan,nan,nan
simac/simac_Eres_luz_04-Como_tu_ninguna_(Rumba)/track.npy,simac,7,0.96,0.96,0.96,nan,nan,nan
simac/simac_Fado_09-AudioTrack_09/track.npy,simac,7,0.6,0.0,0.8888888888888888,nan,nan,nan
simac/simac_Family_Tree_-_Greatest_Hits_As_Chosen_By_Bjork_09-Scatterheart/track.npy,simac,7,0.96,1.0,1.0,nan,nan,nan
simac/simac_Gold_-_Greatest_Hits_06-Super_Trouper/track.npy,simac,7,1.0,1.0,1.0,nan,nan,nan
simac/simac_Gold_-_Greatest_Hits_07-I_Have_A_Dream/track.npy,simac,7,0.9803921568627451,0.9615384615384616,0.9615384615384616,nan,nan,nan
simac/simac_Gold_-_Greatest_Hits_14-Gimme_Gimme_Gimme_(A_Man_After_Midnight)/track.npy,simac,7,1.0,1.0,1.0,nan,nan,nan
simac/simac_Gold_-_Greatest_Hits_16-One_Of_Us/track.npy,simac,7,0.6557377049180327,0.0,1.0,nan,nan,nan
simac/simac_Kocani_Orkester_Kocani_Orkestar_-_Burkan_Cocek/track.npy,simac,7,0.6285714285714286,0.0,0.8936170212765957,nan,nan,nan
simac/simac_Niandra_LaDes_and_Usually_Just_a_T-Shirt_06-Running_Away_Into_You/track.npy,simac,7,0.5531914893617021,0.0,0.875,nan,nan,nan
simac/simac_Niandra_LaDes_and_Usually_Just_a_T-Shirt_19-Usually_Just_a_T-Shirt_Untitled_7/track.npy,simac,7,0.6551724137931034,0.0,1.0,nan,nan,nan
simac/simac_Papakonstantinou_15-AudioTrack_15/track.npy,simac,7,0.9090909090909091,1.0,1.0,nan,nan,nan
simac/simac_Primer_Aliento_05-Programa_en_espiral/track.npy,simac,7,0.8761904761904762,0.4406779661016949,0.4406779661016949,nan,nan,nan
simac/simac_Primer_Aliento_06-La_persecucion/track.npy,simac,7,0.6779661016949152,0.2777777777777778,0.4222222222222222,nan,nan,nan
simac/simac_Primer_Aliento_08-El_ultimo_asalto_a_la_Bastilla/track.npy,simac,7,0.6666666666666666,0.0,0.9772727272727273,nan,nan,nan
simac/simac_Samba_na_Madrugada_04-Sofreguidao/track.npy,simac,7,1.0,1.0,1.0,nan,nan,nan
simac/simac_Samba_na_Madrugada_06-Minha_Cofissao/track.npy,simac,7,0.9,0.95,0.95,nan,nan,nan
simac/simac_Samba_na_Madrugada_09-Depois_de_Tanto_Amor/track.npy,simac,7,0.26666666666666666,0.0,0.0,nan,nan,nan
simac/simac_Samba_na_Madrugada_10-Samba_Original/track.npy,simac,7,1.0,1.0,1.0,nan,nan,nan
simac/simac_So_Cartola_03-Sala_de_Recepcao/track.npy,simac,7,0.9206349206349206,0.96875,0.96875,nan,nan,nan
simac/simac_Songs_Afrocuba_-_A_Luisa/track.npy,simac,7,0.26666666666666666,0.24242424242424243,0.24242424242424243,nan,nan,nan
simac/simac_Songs_Alejandro_(Alex_Benson)_-_Tengo_una_penita/track.npy,simac,7,0.96875,1.0,1.0,nan,nan,nan
simac/simac_Songs_Alfredo_-_La_rumba_de_Alfredo/track.npy,simac,7,0.9818181818181818,0.9642857142857143,0.9642857142857143,nan,nan,nan
simac/simac_Songs_Caracas_Latin_Brothers_-_El_espectaculo/track.npy,simac,7,0.9818181818181818,0.9642857142857143,0.9642857142857143,nan,nan,nan
simac/simac_Tanto_Tempo_08-Lonely/track.npy,simac,7,0.9545454545454546,1.0,1.0,nan,nan,nan
simac/simac_The_Crackdown_09-Crackdown/track.npy,simac,7,1.0,1.0,1.0,nan,nan,nan
simac/simac_Tomatito_Tomatito-02.La_voz_del_tiempo/track.npy,simac,7,0.0,0.16,0.16,nan,nan,nan
simac/simac_VOL.3_Musiques_pour_guitare_et_violoncelle_04-4._Hommage_ade_Falla_(Allegro)/track.npy,simac,7,0.983050847457627,0.9666666666666667,0.9666666666666667,nan,nan,nan
simac/simac_VOL.3_Musiques_pour_guitare_et_violoncelle_12-Cancion/track.npy,simac,7,0.4905660377358491,0.02631578947368421,0.02631578947368421,nan,nan,nan
simac/simac_Xatzidakis_22-AudioTrack_22/track.npy,simac,7,0.6153846153846155,0.0,0.9615384615384616,nan,nan,nan
simac/simac_greek_Gkoles_-_Mou_fages_ta_daxtylidia/track.npy,simac,7,0.9333333333333332,0.9130434782608695,0.9130434782608695,nan,nan,nan
simac/simac_greek_Perdika(xwris_logia)/track.npy,simac,7,0.5454545454545455,0.0,0.9545454545454546,nan,nan,nan
simac/simac_more_greek_07_Psevdoixos/track.npy,simac,7,0.6666666666666666,0.0,0.9444444444444444,nan,nan,nan
simac/simac_more_greek_Dionysiou_-_Na_eixa_to_kouragio/track.npy,simac,7,0.30434782608695654,0.43478260869565216,0.43478260869565216,nan,nan,nan
simac/simac_more_greek_Gkoles_-_Mortissa_ki_alanis/track.npy,simac,7,0.9795918367346939,0.96,0.96,nan,nan,nan
simac/simac_more_greek_Gkoles_-_Peristeriwtissa/track.npy,simac,7,0.7727272727272727,0.25925925925925924,0.5757575757575758,nan,nan,nan
simac/simac_more_greek_Marinella_-_Pes_pws_m_antamwses/track.npy,simac,7,0.6666666666666666,0.0,0.9642857142857143,nan,nan,nan
simac/simac_more_greek_Marinella_-_Stalia_stalia/track.npy,simac,7,0.6666666666666666,0.0,0.9642857142857143,nan,nan,nan
simac/simac_more_greek_Mpellou_-_Anastenazw_kai_ponw/track.npy,simac,7,0.6666666666666666,0.0,0.9666666666666667,nan,nan,nan
simac/simac_more_greek_Mpellou_-_Apopse_kaneis_mpam/track.npy,simac,7,0.6666666666666666,0.0,0.96875,nan,nan,nan
simac/simac_more_greek_Mpellou_-_Kardia_paraponiara/track.npy,simac,7,0.653061224489796,0.0,0.9090909090909091,nan,nan,nan
simac/simac_more_greek_Mpellou_-_Prin_to_xarama_monaxos/track.npy,simac,7,0.9090909090909091,0.8823529411764706,0.8823529411764706,nan,nan,nan
simac/simac_more_greek_Mpi8ikwtsis_-_Drapetswna/track.npy,simac,7,0.5882352941176471,0.0,0.9411764705882353,nan,nan,nan
simac/simac_more_greek_Mpi8ikwtsis_-_Eimai_aitos_xwris_ftera/track.npy,simac,7,0.6799999999999999,0.0,1.0,nan,nan,nan
simac/simac_more_greek_Mpi8ikwtsis_-_Sta_xeria_sou_megalwsan/track.npy,simac,7,0.6521739130434783,0.0,0.9354838709677419,nan,nan,nan
simac/simac_selected_ambient_works_8592_hedphelym/track.npy,simac,7,0.6451612903225806,0.8064516129032258,0.8064516129032258,nan,nan,nan
simac/simac_selected_ambient_works_8592_heliosphan/track.npy,simac,7,0.9538461538461539,0.9393939393939394,0.9393939393939394,nan,nan,nan
smc/smc_008/track.npy,smc,7,0.5185185185185185,0.12658227848101267,0.12658227848101267,nan,nan,nan
smc/smc_010/track.npy,smc,7,0.8888888888888888,0.9777777777777777,0.9777777777777777,nan,nan,nan
smc/smc_014/track.npy,smc,7,0.8275862068965518,0.7777777777777778,0.7777777777777778,nan,nan,nan
smc/smc_015/track.npy,smc,7,0.43076923076923074,0.0,0.5227272727272727,nan,nan,nan
smc/smc_023/track.npy,smc,7,0.6451612903225806,0.0,0.9024390243902439,nan,nan,nan
smc/smc_024/track.npy,smc,7,0.7096774193548387,0.21333333333333335,0.42857142857142855,nan,nan,nan
smc/smc_036/track.npy,smc,7,0.736842105263158,0.22033898305084745,0.6056338028169014,nan,nan,nan
smc/smc_046/track.npy,smc,7,0.6410256410256411,0.825,0.825,nan,nan,nan
smc/smc_064/track.npy,smc,7,0.0,0.018518518518518517,0.2222222222222222,nan,nan,nan
smc/smc_079/track.npy,smc,7,0.6971428571428571,0.1574074074074074,0.5373134328358209,nan,nan,nan
smc/smc_080/track.npy,smc,7,0.3636363636363636,0.0,0.23404255319148937,nan,nan,nan
smc/smc_092/track.npy,smc,7,0.7479674796747967,0.2972972972972973,0.5306122448979592,nan,nan,nan
smc/smc_119/track.npy,smc,7,0.3908045977011494,0.32727272727272727,0.32727272727272727,nan,nan,nan
smc/smc_146/track.npy,smc,7,0.696969696969697,0.9090909090909091,0.9090909090909091,nan,nan,nan
smc/smc_148/track.npy,smc,7,0.14035087719298245,0.0,0.11904761904761904,nan,nan,nan
smc/smc_151/track.npy,smc,7,0.7384615384615384,0.38961038961038963,0.38961038961038963,nan,nan,nan
smc/smc_153/track.npy,smc,7,0.31578947368421056,0.1864406779661017,0.5084745762711864,nan,nan,nan
smc/smc_159/track.npy,smc,7,0.4444444444444444,0.0,1.0,nan,nan,nan
smc/smc_182/track.npy,smc,7,0.8048780487804877,1.0,1.0,nan,nan,nan
smc/smc_192/track.npy,smc,7,0.28571428571428575,0.4444444444444444,0.4444444444444444,nan,nan,nan
smc/smc_193/track.npy,smc,7,0.8809523809523809,0.8837209302325582,0.8837209302325582,nan,nan,nan
smc/smc_195/track.npy,smc,7,0.34567901234567905,0.0,0.3695652173913043,nan,nan,nan
smc/smc_205/track.npy,smc,7,0.8636363636363636,0.782608695652174,0.782608695652174,nan,nan,nan
smc/smc_211/track.npy,smc,7,0.5494505494505494,0.6530612244897959,0.6530612244897959,nan,nan,nan
smc/smc_236/track.npy,smc,7,0.7384615384615385,0.7941176470588235,0.7941176470588235,nan,nan,nan
smc/smc_257/track.npy,smc,7,0.576271186440678,0.14705882352941177,0.36,nan,nan,nan
smc/smc_272/track.npy,smc,7,0.6408839779005524,0.0,0.5245901639344263,nan,nan,nan
smc/smc_285/track.npy,smc,7,0.35374149659863946,0.14285714285714285,0.4675324675324675,nan,nan,nan
tapcorrect/015_youtube_ltRgb4SJ1uk/track.npy,tapcorrect,7,0.9964260185847034,0.9857549857549858,0.9857549857549858,1.0,1.0,1.0
tapcorrect/021_youtube_lzdGpNGH9BI/track.npy,tapcorrect,7,0.9611829944547134,0.9379562043795621,0.9379562043795621,0.9402985074626865,0.9104477611940298,0.9104477611940298
tapcorrect/025_youtube_8jsFGdeWNPo/track.npy,tapcorrect,7,0.9027777777777778,0.8712871287128713,0.8712871287128713,0.6372549019607843,0.06666666666666667,0.8686131386861314
tapcorrect/053_youtube_yuxchcK5Gek/track.npy,tapcorrect,7,1.0,1.0,1.0,1.0,1.0,1.0
tapcorrect/062_youtube_Yi3GJEEMX4s/track.npy,tapcorrect,7,0.9967170059093893,0.994750656167979,0.994750656167979,0.9921259842519685,0.9842931937172775,0.9842931937172775
tapcorrect/073_youtube_qZuH-5St80A/track.npy,tapcorrect,7,0.9681528662420382,0.9382716049382716,0.9382716049382716,0.8145161290322581,0.6616541353383458,0.6616541353383458
tapcorrect/076_youtube_pjcOzqxu4JQ/track.npy,tapcorrect,7,0.9644268774703558,0.8697318007662835,0.8697318007662835,0.8960000000000001,0.8153846153846154,0.8153846153846154
tapcorrect/084_youtube_zH9sXggRlxc/track.npy,tapcorrect,7,1.0,1.0,1.0,1.0,1.0,1.0
tapcorrect/088_youtube_D1ACUFvxAGQ/track.npy,tapcorrect,7,0.9156626506024096,0.937799043062201,0.937799043062201,0.9320388349514563,0.9056603773584906,0.9056603773584906
tapcorrect/089_youtube_Ghg70fI6HLI/track.npy,tapcorrect,7,0.998109640831758,0.9962264150943396,0.9962264150943396,0.9924812030075187,0.9850746268656716,0.9850746268656716
tapcorrect/094_youtube_FrGARptU-kQ/track.npy,tapcorrect,7,0.984045290787442,0.9794661190965093,0.9794661190965093,0.7423076923076923,0.5808823529411765,0.5808823529411765
tapcorrect/101_youtube_O64IDCVI3eM/track.npy,tapcorrect,7,0.9682242990654205,0.9591078066914498,0.9591078066914498,0.955223880597015,0.9705882352941176,0.9705882352941176
