panel,method,piece,dataset,beat_fmeasure,beat_cemgil,beat_cemgil_max,beat_cemgil_bt_legacy,beat_cmlc,beat_cmlt,beat_amlc,beat_amlt,downbeat_fmeasure,downbeat_cemgil,downbeat_cemgil_max,downbeat_cemgil_bt_legacy,downbeat_cmlc,downbeat_cmlt,downbeat_amlc,downbeat_amlt,beat_diag_count,beat_diag_ibi_lt_140ms,beat_diag_ibi_lt_200ms,beat_diag_log_ibi_jump_p95,downbeat_diag_count,downbeat_diag_ibi_lt_140ms,downbeat_diag_ibi_lt_200ms,downbeat_diag_log_ibi_jump_p95,downbeats_off_beat,source_path
bt_gtzan_seed0,direct,gtzan/gtzan_blues_00000/track.npy,gtzan,0.9811320754716981,0.9048277640896614,0.9048277640896614,0.9048277640896614,0.9811320754716981,0.9811320754716981,0.9811320754716981,0.9811320754716981,0.65,0.608734858598942,0.8539495970632808,0.7313422278311115,0.038461538461538464,0.038461538461538464,0.8518518518518519,0.9259259259259259,63.0,0.0,0.0,0.04255961441879497,31.0,0.0,0.0,0.41193809969345707,0.0,/media/mengh/SharedData/zhanh/auto_structbeat/caches/pilot/beat_this_final0_gtzan/gtzan__gtzan_blues_00000__track.npy.npz
bt_gtzan_seed0,direct,gtzan/gtzan_blues_00001/track.npy,gtzan,0.9824561403508771,0.9459178028210458,0.9459178028210458,0.9459178028210458,0.9655172413793104,0.9655172413793104,0.9655172413793104,0.9655172413793104,0.5384615384615384,0.5223292532169823,0.7839727917340428,0.6531510224755126,0.0,0.0,0.3684210526315789,0.42105263157894735,36.0,0.0,0.0,0.5306105883361976,24.0,0.0,0.0,0.7161108656660121,0.0,/media/mengh/SharedData/zhanh/auto_structbeat/caches/pilot/beat_this_final0_gtzan/gtzan__gtzan_blues_00001__track.npy.npz
bt_gtzan_seed0,direct,gtzan/gtzan_blues_00002/track.npy,gtzan,0.9923664122137404,0.9493609873095881,0.9493609873095881,0.9493609873095881,0.9848484848484849,0.9848484848484849,0.9848484848484849,0.9848484848484849,0.9696969696969697,0.9336573636585425,0.9336573636585425,0.9336573636585425,0.9411764705882353,0.9411764705882353,0.9411764705882353,0.9411764705882353,79.0,0.0,0.0,0.10536051565782412,20.0,0.0,0.0,0.028709094890527434,0.0,/media/mengh/SharedData/zhanh/auto_structbeat/caches/pilot/beat_this_final0_gtzan/gtzan__gtzan_blues_00002__track.npy.npz
bt_gtzan_seed0,direct,gtzan/gtzan_blues_00003/track.npy,gtzan,0.5,0.459028265352762,0.459028265352762,0.459028265352762,0.0,0.0,0.0,0.0,0.41379310344827586,0.38669088122767614,0.5762694728732879,0.481480177050482,0.0,0.0,0.043478260869565216,0.13043478260869565,94.0,0.0,0.0,0.15548696650076727,28.0,0.0,0.0,0.6983551457948083,0.0,/media/mengh/SharedData/zhanh/auto_structbeat/caches/pilot/beat_this_final0_gtzan/gtzan__gtzan_blues_00003__track.npy.npz
bt_gtzan_seed0,direct,gtzan/gtzan_blues_00004/track.npy,gtzan,0.9464285714285714,0.8097706387559399,0.8097706387559399,0.8097706387559399,1.0,1.0,1.0,1.0,0.1935483870967742,0.1535161161811537,0.1535161161811537,0.1535161161811537,0.058823529411764705,0.058823529411764705,0.058823529411764705,0.058823529411764705,67.0,0.0,0.0,0.044451762570840825,22.0,0.0,0.0,1.3753652905877005,0.0,/media/mengh/SharedData/zhanh/auto_structbeat/caches/pilot/beat_this_final0_gtzan/gtzan__gtzan_blues_00004__track.npy.npz
bt_gtzan_seed0,direct,gtzan/gtzan_blues_00005/track.npy,gtzan,0.9655172413793104,0.8262011514108795,0.8262011514108795,0.8262011514108795,1.0,1.0,1.0,1.0,0.3846153846153846,0.32496391703602234,0.32496391703602234,0.32496391703602234,0.0,0.0,0.05263157894736842,0.05263157894736842,35.0,0.0,0.0,0.1017248787860042,22.0,0.0,0.0,1.1640753514417286,0.0,/media/mengh/SharedData/zhanh/auto_structbeat/caches/pilot/beat_this_final0_gtzan/gtzan__gtzan_blues_00005__track.npy.npz
bt_gtzan_seed0,direct,gtzan/gtzan_blues_00006/track.npy,gtzan,0.7457627118644068,0.6679417709002003,0.6679417709002003,0.6679417709002003,0.3870967741935484,0.8064516129032258,0.3870967741935484,0.8064516129032258,0.3333333333333333,0.32552084982365365,0.36352186857226837,0.344521359197961,0.0,0.0,0.045454545454545456,0.13636363636363635,34.0,0.0,0.0,0.4606339713204102,27.0,0.0,0.0,0.7537718023763801,0.0,/media/mengh/SharedData/zhanh/auto_structbeat/caches/pilot/beat_this_final0_gtzan/gtzan__gtzan_blues_00006__track.npy.npz
bt_gtzan_seed0,direct,gtzan/gtzan_blues_00007/track.npy,gtzan,0.9610389610389611,0.8977245240072755,0.8977245240072755,0.8977245240072755,0.6923076923076923,0.9230769230769231,0.6923076923076923,0.9230769230769231,0.32,0.276418816733521,0.276418816733521,0.276418816733521,0.0,0.0,0.0,0.0,46.0,0.0,0.0,0.09305211543846345,21.0,0.0,0.0,1.1341268463589684,0.0,/media/mengh/SharedData/zhanh/auto_structbeat/caches/pilot/beat_this_final0_gtzan/gtzan__gtzan_blues_00007__track.npy.npz
bt_gtzan_seed0,direct,gtzan/gtzan_blues_00008/track.npy,gtzan,0.9859154929577465,0.8178240957848567,0.8178240957848567,0.8178240957848567,0.971830985915493,0.971830985915493,0.971830985915493,0.971830985915493,1.0,0.8197137758881035,0.8197137758881035,0.8197137758881035,1.0,1.0,1.0,1.0,85.0,0.0,0.0,0.05715841383995675,22.0,0.0,0.0,0.06141969214636107,0.0,/media/mengh/SharedData/zhanh/auto_structbeat/caches/pilot/beat_this_final0_gtzan/gtzan__gtzan_blues_00008__track.npy.npz
bt_gtzan_seed0,direct,gtzan/gtzan_blues_00009/track.npy,gtzan,0.8059701492537314,0.6983638065127155,0.6983638065127155,0.6983638065127155,0.9705882352941176,0.9705882352941176,0.9705882352941176,0.9705882352941176,0.33333333333333337,0.3180177318521303,0.4447019853486726,0.38135985860040145,0.13333333333333333,0.13333333333333333,0.13333333333333333,0.13333333333333333,41.0,0.0,0.0,0.05823667586303043,18.0,0.0,0.0,1.158746112174628,0.0,/media/mengh/SharedData/zhanh/auto_structbeat/caches/pilot/beat_this_final0_gtzan/gtzan__gtzan_blues_00009__track.npy.npz
bt_gtzan_seed0,direct,gtzan/gtzan_blues_00010/track.npy,gtzan,0.6732673267326732,0.6243703731912903,0.9219633134659437,0.773166843328617,0.0,0.0,1.0,1.0,0.19999999999999998,0.17048725813879395,0.22202650462918205,0.196256881383988,0.0,0.0,0.03225806451612903,0.03225806451612903,80.0,0.0,0.0,0.05406722127028396,35.0,0.0,0.0,0.7205461547480638,0.0,/media/mengh/SharedData/zhanh/auto_structbeat/caches/pilot/beat_this_final0_gtzan/gtzan__gtzan_blues_00010__track.npy.npz
bt_gtzan_seed0,direct,gtzan/gtzan_blues_00011/track.npy,gtzan,0.5106382978723404,0.4888803532541461,0.4888803532541461,0.4888803532541461,0.0,0.0,0.0,0.0,0.6666666666666666,0.6332926426902225,0.9394734256038848,0.7863830341470537,0.0,0.0,0.9583333333333334,0.9583333333333334,84.0,0.0,0.0,0.11122563511022496,28.0,0.0,0.0,0.03245398701330009,0.0,/media/mengh/SharedData/zhanh/auto_structbeat/caches/pilot/beat_this_final0_gtzan/gtzan__gtzan_blues_00011__track.npy.npz
bt_gtzan_seed0,direct,gtzan/gtzan_blues_00012/track.npy,gtzan,0.8717948717948718,0.7733344011571879,0.7733344011571879,0.7733344011571879,1.0,1.0,1.0,1.0,0.6,0.4926537709884769,0.5682241111196091,0.530438941054043,0.15,0.15,0.15,0.25,47.0,0.0,0.0,0.05484943711606269,22.0,0.0,0.0,1.1095208062742485,0.0,/media/mengh/SharedData/zhanh/auto_structbeat/caches/pilot/beat_this_final0_gtzan/gtzan__gtzan_blues_00012__track.npy.npz
bt_gtzan_seed0,direct,gtzan/gtzan_blues_00013/track.npy,gtzan,0.5839416058394161,0.5216742260609311,0.7728056063795843,0.6472399162202577,0.0,0.0,0.5978260869565217,0.8043478260869565,0.2978723404255319,0.267166798784694,0.4557626573510736,0.36146472806788377,0.0,0.0,0.2,0.2857142857142857,110.0,0.009174311926605505,0.01834862385321101,0.15028323716194356,42.0,0.0,0.024390243902439025,1.4300587844009507,0.0,/media/mengh/SharedData/zhanh/auto_structbeat/caches/pilot/beat_this_final0_gtzan/gtzan__gtzan_blues_00013__track.npy.npz
bt_gtzan_seed0,direct,gtzan/gtzan_blues_00014/track.npy,gtzan,0.8857142857142857,0.7220766372396851,0.7220766372396851,0.7220766372396851,0.9714285714285714,0.9714285714285714,0.9714285714285714,0.9714285714285714,0.08333333333333333,0.02410781662496121,0.32204724819851466,0.17307753241173793,0.0,0.0,0.0625,0.0625,42.0,0.0,0.0,0.13804859942917092,20.0,0.0,0.0,1.3592716840544885,0.0,/media/mengh/SharedData/zhanh/auto_structbeat/caches/pilot/beat_this_final0_gtzan/gtzan__gtzan_blues_00014__track.npy.npz
bt_gtzan_seed0,direct,gtzan/gtzan_blues_00015/track.npy,gtzan,0.9024390243902439,0.8104365588867807,0.8104365588867807,0.8104365588867807,1.0,1.0,1.0,1.0,0.2222222222222222,0.23212071262263625,0.2614974312430118,0.24680907193282403,0.0625,0.0625,0.14285714285714285,0.14285714285714285,49.0,0.0,0.0,0.06393307189069851,22.0,0.0,0.0,0.6939736456575066,0.0,/media/mengh/SharedData/zhanh/auto_structbeat/caches/pilot/beat_this_final0_gtzan/gtzan__gtzan_blues_00015__track.npy.npz
bt_gtzan_seed0,direct,gtzan/gtzan_blues_00016/track.npy,gtzan,0.656,0.5345465584344664,0.7997602097452428,0.6671533840898546,0.0,0.0,0.6506024096385542,0.9036144578313253,0.6451612903225806,0.5289848267102948,0.7907491530853369,0.6598669898978158,0.0,0.0,0.8095238095238095,0.8095238095238095,100.0,0.0,0.0,0.1335313926245194,29.0,0.0,0.0,1.2955595615222917,0.0,/media/mengh/SharedData/zhanh/auto_structbeat/caches/pilot/beat_this_final0_gtzan/gtzan__gtzan_blues_00016__track.npy.npz
bt_gtzan_seed0,direct,gtzan/gtzan_blues_00017/track.npy,gtzan,1.0,0.8025133179034146,0.8025133179034146,0.8025133179034146,0.43661971830985913,0.971830985915493,0.43661971830985913,0.971830985915493,0.1904761904761905,0.16687367999294236,0.16687367999294236,0.16687367999294236,0.0,0.0,0.0,0.0,85.0,0.0,0.0,0.05715841383995675,27.0,0.0,0.0,1.3481302423320165,0.0,/media/mengh/SharedData/zhanh/auto_structbeat/caches/pilot/beat_this_final0_gtzan/gtzan__gtzan_blues_00017__track.npy.npz
bt_gtzan_seed0,direct,gtzan/gtzan_blues_00018/track.npy,gtzan,0.9117647058823528,0.7043990060505757,0.7043990060505757,0.7043990060505757,1.0,1.0,1.0,1.0,0.64,0.5020004678209753,0.5020004678209753,0.5020004678209753,0.125,0.125,0.125,0.125,41.0,0.0,0.0,0.05572870742332571,18.0,0.0,0.0,1.3639669590248187,0.0,/media/mengh/SharedData/zhanh/auto_structbeat/caches/pilot/beat_this_final0_gtzan/gtzan__gtzan_blues_00018__track.npy.npz
bt_gtzan_seed0,direct,gtzan/gtzan_blues_00019/track.npy,gtzan,0.6103896103896104,0.5014335054894248,0.7348607657991776,0.6181471356443011,0.0,0.0,0.2912621359223301,0.8155339805825242,0.0,3.540784747445547e-05,0.00010645452313322129,7.093118530383838e-05,0.0,0.0,0.11538461538461539,0.11538461538461539,124.0,0.0,0.008130081300813009,0.1670540846631774,35.0,0.0,0.0,1.2823313283554694,0.0,/media/mengh/SharedData/zhanh/auto_structbeat/caches/pilot/beat_this_final0_gtzan/gtzan__gtzan_blues_00019__track.npy.npz
bt_gtzan_seed0,direct,gtzan/gtzan_blues_00020/track.npy,gtzan,0.6011560693641619,0.4828479387138059,0.7223802175525055,0.6026140781331557,0.0,0.0,0.3103448275862069,0.6379310344827587,0.10169491525423728,0.0873903663503641,0.11997269095034643,0.10368152865035526,0.0,0.0,0.0,0.0,139.0,0.007246376811594203,0.2028985507246377,0.30369061398648156,58.0,0.0,0.03508771929824561,1.3862943611198917,0.0,/media/mengh/SharedData/zhanh/auto_structbeat/caches/pilot/beat_this_final0_gtzan/gtzan__gtzan_blues_00020__track.npy.npz
bt_gtzan_seed0,direct,gtzan/gtzan_blues_00021/track.npy,gtzan,1.0,0.6943732737566277,0.6943732737566277,0.6943732737566277,1.0,1.0,1.0,1.0,1.0,0.7233699637519512,0.7233699637519512,0.7233699637519512,1.0,1.0,1.0,1.0,50.0,0.0,0.0,0.0689928714869561,14.0,0.0,0.0,1.2265834279316616,0.0,/media/mengh/SharedData/zhanh/auto_structbeat/caches/pilot/beat_this_final0_gtzan/gtzan__gtzan_blues_00021__track.npy.npz
bt_gtzan_seed0,direct,gtzan/gtzan_blues_00022/track.npy,gtzan,0.975609756097561,0.7855584370307873,0.7855584370307873,0.7855584370307873,1.0,1.0,1.0,1.0,1.0,0.801430662671957,0.801430662671957,0.801430662671957,1.0,1.0,1.0,1.0,49.0,0.0,0.0,0.05685442765177541,13.0,0.0,0.0,0.02884368722235786,0.0,/media/mengh/SharedData/zhanh/auto_structbeat/caches/pilot/beat_this_final0_gtzan/gtzan__gtzan_blues_00022__track.npy.npz
bt_gtzan_seed0,direct,gtzan/gtzan_blues_00023/track.npy,gtzan,0.6976744186046511,0.516913258098467,0.516913258098467,0.516913258098467,0.6444444444444445,0.7111111111111111,0.6444444444444445,0.7111111111111111,0.5185185185185185,0.3767962620270289,0.3767962620270289,0.3767962620270289,0.47058823529411764,0.47058823529411764,0.47058823529411764,0.47058823529411764,53.0,0.0,0.0,0.6116578835845323,19.0,0.0,0.0,1.1921286805379356,0.0,/media/mengh/SharedData/zhanh/auto_structbeat/caches/pilot/beat_this_final0_gtzan/gtzan__gtzan_blues_00023__track.npy.npz
bt_gtzan_seed0,direct,gtzan/gtzan_blues_00024/track.npy,gtzan,0.6307692307692309,0.4771794630820776,0.7124934961210142,0.594836479601546,0.0,0.0,0.41379310344827586,0.8045977011494253,0.9523809523809523,0.7196628824338167,0.7196628824338167,0.7196628824338167,1.0,1.0,1.0,1.0,103.0,0.0,0.0,0.14310084364068332,26.0,0.0,0.0,0.03509131981127069,0.0,/media/mengh/SharedData/zhanh/auto_structbeat/caches/pilot/beat_this_final0_gtzan/gtzan__gtzan_blues_00024__track.npy.npz
bt_gtzan_seed0,direct,gtzan/gtzan_blues_00025/track.npy,gtzan,0.631578947368421,0.48766911104218785,0.48766911104218785,0.48766911104218785,0.36363636363636365,0.4,0.36363636363636365,0.4,0.1951219512195122,0.15242776457866344,0.16796319733823104,0.16019548095844724,0.0,0.0,0.03225806451612903,0.03225806451612903,64.0,0.015873015873015872,0.015873015873015872,0.7259370033829368,36.0,0.02857142857142857,0.02857142857142857,1.3327538324074029,0.0,/media/mengh/SharedData/zhanh/auto_structbeat/caches/pilot/beat_this_final0_gtzan/gtzan__gtzan_blues_00025__track.npy.npz
bt_gtzan_seed0,direct,gtzan/gtzan_blues_00026/track.npy,gtzan,0.9393939393939394,0.8306391173037928,0.8306391173037928,0.8306391173037928,1.0,1.0,1.0,1.0,0.2105263157894737,0.13575063147036998,0.13575063147036998,0.13575063147036998,0.0,0.0,0.0,0.0,40.0,0.0,0.0,0.15764172835720514,13.0,0.0,0.0,1.3292005813207184,0.0,/media/mengh/SharedData/zhanh/auto_structbeat/caches/pilot/beat_this_final0_gtzan/gtzan__gtzan_blues_00026__track.npy.npz
bt_gtzan_seed0,direct,gtzan/gtzan_blues_00027/track.npy,gtzan,0.6075949367088608,0.46676949329362866,0.46676949329362866,0.46676949329362866,0.675,0.875,0.675,0.875,0.13333333333333333,0.1154743319366709,0.1819693497962698,0.14872184086647033,0.0,0.0,0.1,0.1,48.0,0.0,0.0,0.06453852113756964,22.0,0.0,0.0,1.1526795099383822,0.0,/media/mengh/SharedData/zhanh/auto_structbeat/caches/pilot/beat_this_final0_gtzan/gtzan__gtzan_blues_00027__track.npy.npz
bt_gtzan_seed0,direct,gtzan/gtzan_blues_00028/track.npy,gtzan,0.6615384615384615,0.5612619836148359,0.841302707843121,0.7012823457289785,0.0,0.0,0.7011494252873564,0.9425287356321839,1.0,0.8520546229996873,0.8520546229996873,0.8520546229996873,1.0,1.0,1.0,1.0,104.0,0.0,0.0,0.14310084364066897,26.0,0.0,0.0,0.033901551675680514,0.0,/media/mengh/SharedData/zhanh/auto_structbeat/caches/pilot/beat_this_final0_gtzan/gtzan__gtzan_blues_00028__track.npy.npz
bt_gtzan_seed0,direct,gtzan/gtzan_blues_00029/track.npy,gtzan,0.536231884057971,0.40604975653786174,0.536914460170863,0.47148210835436233,0.046511627906976744,0.12790697674418605,0.21359223300970873,0.33980582524271846,0.2926829268292683,0.2366401839558935,0.26387527085369555,0.2502577274047945,0.03571428571428571,0.07142857142857142,0.21428571428571427,0.2857142857142857,108.0,0.0,0.018691588785046728,0.6931471805599532,34.0,0.0,0.030303030303030304,1.8232809187130679,0.0,/media/mengh/SharedData/zhanh/auto_structbeat/caches/pilot/beat_this_final0_gtzan/gtzan__gtzan_blues_00029__track.npy.npz
bt_gtzan_seed0,direct,gtzan/gtzan_blues_00030/track.npy,gtzan,0.0,1.696636074636179e-05,0.4205558218371022,0.2102863940989243,0.0,0.0,0.5,0.9130434782608695,0.0,7.845604130993267e-06,1.0063698892570432e-05,8.95465151178185e-06,1.0,1.0,1.0,1.0,55.0,0.0,0.0,0.109199291964996,14.0,0.0,0.0,0.036701366850429365,0.0,/media/mengh/SharedData/zhanh/auto_structbeat/caches/pilot/beat_this_final0_gtzan/gtzan__gtzan_blues_00030__track.npy.npz
bt_gtzan_seed0,direct,gtzan/gtzan_blues_00031/track.npy,gtzan,0.29565217391304355,0.2584299951703156,0.5803554190219143,0.419392707096115,0.030303030303030304,0.06060606060606061,0.2727272727272727,0.3787878787878788,0.06451612903225808,0.023265222236843155,0.06270587153658322,0.04298554688671319,0.21052631578947367,0.2631578947368421,0.21052631578947367,0.2631578947368421,77.0,0.02631578947368421,0.02631578947368421,0.925513075402066,24.0,0.043478260869565216,0.043478260869565216,2.1429309141916884,0.0,/media/mengh/SharedData/zhanh/auto_structbeat/caches/pilot/beat_this_final0_gtzan/gtzan__gtzan_blues_00031__track.npy.npz
bt_gtzan_seed0,direct,gtzan/gtzan_blues_00032/track.npy,gtzan,0.32941176470588235,0.25240029022053,0.2753962168210125,0.26389825352077123,0.038461538461538464,0.038461538461538464,0.15151515151515152,0.3939393939393939,0.060606060606060615,0.044139113398304085,0.212998052161211,0.12856858277975755,0.05,0.05,0.08,0.2,41.0,0.0,0.075,1.658228076603531,22.0,0.0,0.0,1.2088696885018606,0.0,/media/mengh/SharedData/zhanh/auto_structbeat/caches/pilot/beat_this_final0_gtzan/gtzan__gtzan_blues_00032__track.npy.npz
bt_gtzan_seed0,direct,gtzan/gtzan_blues_00033/track.npy,gtzan,0.653061224489796,0.4763267474067583,0.7072730491797292,0.5917998982932438,0.0,0.0,1.0,1.0,0.8148148148148148,0.5661077719595462,0.6066882584639166,0.5863980152117314,0.3125,0.3125,0.5454545454545454,0.5454545454545454,39.0,0.0,0.0,0.05731216818392297,12.0,0.0,0.0,0.3957016495435089,0.0,/media/mengh/SharedData/zhanh/auto_structbeat/caches/pilot/beat_this_final0_gtzan/gtzan__gtzan_blues_00033__track.npy.npz
bt_gtzan_seed0,direct,gtzan/gtzan_blues_00034/track.npy,gtzan,0.9743589743589743,0.7543204342545171,0.7543204342545171,0.7543204342545171,1.0,1.0,1.0,1.0,0.6206896551724138,0.49577100684135345,0.7695554677541625,0.632663237297758,0.0,0.0,1.0,1.0,47.0,0.0,0.0,0.0625203569813377,21.0,0.0,0.0,0.11275756782421224,0.0,/media/mengh/SharedData/zhanh/auto_structbeat/caches/pilot/beat_this_final0_gtzan/gtzan__gtzan_blues_00034__track.npy.npz
bt_gtzan_seed0,direct,gtzan/gtzan_blues_00035/track.npy,gtzan,0.6984126984126985,0.5525092341006205,0.5974072463825881,0.5749582402416042,0.07042253521126761,0.2535211267605634,0.07042253521126761,0.27522935779816515,0.3902439024390244,0.29654145721632474,0.4577868859652381,0.3771641715907814,0.037037037037037035,0.07407407407407407,0.07407407407407407,0.2222222222222222,92.0,0.0,0.03296703296703297,0.9227370737443005,34.0,0.0,0.030303030303030304,2.051713555377831,0.0,/media/mengh/SharedData/zhanh/auto_structbeat/caches/pilot/beat_this_final0_gtzan/gtzan__gtzan_blues_00035__track.npy.npz
bt_gtzan_seed0,direct,gtzan/gtzan_blues_00036/track.npy,gtzan,0.0,0.0017245751153309695,0.5631433446309957,0.28243395987316333,0.020833333333333332,0.020833333333333332,0.7708333333333334,0.7916666666666666,0.0,0.0023008154713915793,0.0029023788734420016,0.0026015971724167907,1.0,1.0,1.0,1.0,58.0,0.0,0.0,0.07696104113612845,15.0,0.0,0.0,0.05661889399950741,0.0,/media/mengh/SharedData/zhanh/auto_structbeat/caches/pilot/beat_this_final0_gtzan/gtzan__gtzan_blues_00036__track.npy.npz
bt_gtzan_seed0,direct,gtzan/gtzan_blues_00037/track.npy,gtzan,0.9523809523809523,0.708691450610146,0.708691450610146,0.708691450610146,0.96875,0.96875,0.96875,0.96875,0.1904761904761905,0.15906727058102968,0.40524750537924464,0.2821573879801372,0.0,0.0,0.23076923076923078,0.26666666666666666,38.0,0.0,0.0,0.07457745585977082,18.0,0.0,0.0,0.8161227448064092,0.0,/media/mengh/SharedData/zhanh/auto_structbeat/caches/pilot/beat_this_final0_gtzan/gtzan__gtzan_blues_00037__track.npy.npz
bt_gtzan_seed0,direct,gtzan/gtzan_blues_00038/track.npy,gtzan,0.2765957446808511,0.2504330535890173,0.26517560280445807,0.2578043281967377,0.0,0.0,0.017241379310344827,0.017241379310344827,0.0,3.9141244059547796e-05,0.06091011268864098,0.030474626966350265,0.0,0.0,0.0,0.0,69.0,0.029411764705882353,0.07352941176470588,1.1065393890170097,28.0,0.0,0.0,0.5092301266909404,0.0,/media/mengh/SharedData/zhanh/auto_structbeat/caches/pilot/beat_this_final0_gtzan/gtzan__gtzan_blues_00038__track.npy.npz
bt_gtzan_seed0,direct,gtzan/gtzan_blues_00039/track.npy,gtzan,0.9583333333333334,0.8218478395779977,0.8218478395779977,0.8218478395779977,1.0,1.0,1.0,1.0,1.0,0.8487635768992723,0.8487635768992723,0.8487635768992723,1.0,1.0,1.0,1.0,58.0,0.0,0.0,0.08004270767353783,20.0,0.0,0.0,0.051959738930710174,0.0,/media/mengh/SharedData/zhanh/auto_structbeat/caches/pilot/beat_this_final0_gtzan/gtzan__gtzan_blues_00039__track.npy.npz
bt_gtzan_seed0,direct,gtzan/gtzan_blues_00040/track.npy,gtzan,0.9859154929577464,0.9181517304163173,0.9181517304163173,0.9181517304163173,0.9722222222222222,0.9722222222222222,0.9722222222222222,0.9722222222222222,0.972972972972973,0.9226009665314079,0.9226009665314079,0.9226009665314079,0.7368421052631579,0.8947368421052632,0.7368421052631579,0.8947368421052632,87.0,0.0,0.0,0.05715841383995235,26.0,0.0,0.0,0.7033978494501107,0.0,/media/mengh/SharedData/zhanh/auto_structbeat/caches/pilot/beat_this_final0_gtzan/gtzan__gtzan_blues_00040__track.npy.npz
bt_gtzan_seed0,direct,gtzan/gtzan_blues_00041/track.npy,gtzan,0.9906542056074767,0.8728444780425128,0.8728444780425128,0.8728444780425128,0.9814814814814815,0.9814814814814815,0.9814814814814815,0.9814814814814815,0.0,3.068473326064242e-111,0.8516610354080004,0.4258305177040002,0.0,0.0,0.9230769230769231,0.9230769230769231,64.0,0.0,0.0,0.04445176257083234,16.0,0.0,0.0,0.04638478910506217,0.0,/media/mengh/SharedData/zhanh/auto_structbeat/caches/pilot/beat_this_final0_gtzan/gtzan__gtzan_blues_00041__track.npy.npz
bt_gtzan_seed0,direct,gtzan/gtzan_blues_00042/track.npy,gtzan,0.4600000000000001,0.37969196885391165,0.37969196885391165,0.37969196885391165,0.0,0.0,0.0,0.0,0.45454545454545453,0.37878096256308813,0.583155445405149,0.48096820398411855,0.0,0.0,0.3125,0.5,90.0,0.0,0.0,0.11778303565638344,19.0,0.0,0.0,0.7152211068622693,0.0,/media/mengh/SharedData/zhanh/auto_structbeat/caches/pilot/beat_this_final0_gtzan/gtzan__gtzan_blues_00042__track.npy.npz
bt_gtzan_seed0,direct,gtzan/gtzan_blues_00043/track.npy,gtzan,0.9906542056074767,0.9405001609895874,0.9405001609895874,0.9405001609895874,0.9814814814814815,0.9814814814814815,0.9814814814814815,0.9814814814814815,1.0,0.9572441636122602,0.9572441636122602,0.9572441636122602,1.0,1.0,1.0,1.0,64.0,0.0,0.0,0.04255961441879885,16.0,0.0,0.0,0.021506205220963137,0.0,/media/mengh/SharedData/zhanh/auto_structbeat/caches/pilot/beat_this_final0_gtzan/gtzan__gtzan_blues_00043__track.npy.npz
bt_gtzan_seed0,direct,gtzan/gtzan_blues_00044/track.npy,gtzan,0.6666666666666666,0.5246457498726737,0.78696862192748,0.6558071859000768,0.0,0.0,1.0,1.0,0.0,2.488790017733514e-09,2.839232927571569e-09,2.6640114726525415e-09,0.0,0.0,0.5,0.5,51.0,0.0,0.0,0.06807227269163695,19.0,0.0,0.0,0.6676856997823399,0.0,/media/mengh/SharedData/zhanh/auto_structbeat/caches/pilot/beat_this_final0_gtzan/gtzan__gtzan_blues_00044__track.npy.npz
bt_gtzan_seed0,direct,gtzan/gtzan_blues_00045/track.npy,gtzan,0.6666666666666666,0.6338781615799338,0.9508164075452694,0.7923472845626016,0.0,0.0,1.0,1.0,0.6222222222222222,0.586719995234674,0.8516903156632365,0.7192051554489552,0.0,0.0,0.47058823529411764,0.6470588235294118,66.0,0.0,0.0,0.0806274348268032,21.0,0.0,0.0,1.3798104668447835,0.0,/media/mengh/SharedData/zhanh/auto_structbeat/caches/pilot/beat_this_final0_gtzan/gtzan__gtzan_blues_00045__track.npy.npz
bt_gtzan_seed0,direct,gtzan/gtzan_blues_00046/track.npy,gtzan,1.0,0.9562136290348624,0.9562136290348624,0.9562136290348624,1.0,1.0,1.0,1.0,1.0,0.9410489572343221,0.9410489572343221,0.9410489572343221,1.0,1.0,1.0,1.0,61.0,0.0,0.0,0.04082199452025622,15.0,0.0,0.0,0.02040887163120695,0.0,/media/mengh/SharedData/zhanh/auto_structbeat/caches/pilot/beat_this_final0_gtzan/gtzan__gtzan_blues_00046__track.npy.npz
bt_gtzan_seed0,direct,gtzan/gtzan_blues_00047/track.npy,gtzan,0.9841269841269841,0.8245102185873587,0.8245102185873587,0.8245102185873587,0.7936507936507936,0.9682539682539683,0.7936507936507936,0.9682539682539683,0.9523809523809523,0.8152103492414602,0.8152103492414602,0.8152103492414602,1.0,1.0,1.0,1.0,76.0,0.0,0.0,0.10008345855698644,26.0,0.0,0.0,0.04803915199353258,0.0,/media/mengh/SharedData/zhanh/auto_structbeat/caches/pilot/beat_this_final0_gtzan/gtzan__gtzan_blues_00047__track.npy.npz
bt_gtzan_seed0,direct,gtzan/gtzan_blues_00048/track.npy,gtzan,1.0,0.7511672023280562,0.7511672023280562,0.7511672023280562,1.0,1.0,1.0,1.0,1.0,0.7671381244214177,0.7671381244214177,0.7671381244214177,1.0,1.0,1.0,1.0,61.0,0.0,0.0,0.0800427076735349,18.0,0.0,0.0,0.20789627421091092,0.0,/media/mengh/SharedData/zhanh/auto_structbeat/caches/pilot/beat_this_final0_gtzan/gtzan__gtzan_blues_00048__track.npy.npz
bt_gtzan_seed0,direct,gtzan/gtzan_blues_00049/track.npy,gtzan,0.9230769230769231,0.7273161874466307,0.7273161874466307,0.7273161874466307,1.0,1.0,1.0,1.0,0.6666666666666665,0.5843313726697843,0.7161756433667134,0.6502535080182488,0.18181818181818182,0.2727272727272727,0.6153846153846154,0.6153846153846154,31.0,0.0,0.0,0.053398618857383146,13.0,0.0,0.0,0.7392812819338477,0.0,/media/mengh/SharedData/zhanh/auto_structbeat/caches/pilot/beat_this_final0_gtzan/gtzan__gtzan_blues_00049__track.npy.npz
bt_gtzan_seed0,direct,gtzan/gtzan_blues_00050/track.npy,gtzan,1.0,0.8849822744364051,0.8849822744364051,0.8849822744364051,1.0,1.0,1.0,1.0,1.0,0.872865710801715,0.872865710801715,0.872865710801715,1.0,1.0,1.0,1.0,68.0,0.0,0.0,0.04652001563489183,17.0,0.0,0.0,0.026998744130517338,0.0,/media/mengh/SharedData/zhanh/auto_structbeat/caches/pilot/beat_this_final0_gtzan/gtzan__gtzan_blues_00050__track.npy.npz
bt_gtzan_seed0,direct,gtzan/gtzan_blues_00051/track.npy,gtzan,0.9878048780487805,0.9302761804024334,0.9302761804024334,0.9302761804024334,0.9518072289156626,0.9518072289156626,0.9518072289156626,0.9518072289156626,0.9047619047619048,0.8332269023094008,0.8332269023094008,0.8332269023094008,0.8636363636363636,0.8636363636363636,0.8636363636363636,0.8636363636363636,99.0,0.0,0.0,0.06899287148695091,26.0,0.0,0.0,0.049596941139372276,0.0,/media/mengh/SharedData/zhanh/auto_structbeat/caches/pilot/beat_this_final0_gtzan/gtzan__gtzan_blues_00051__track.npy.npz
bt_gtzan_seed0,direct,gtzan/gtzan_blues_00052/track.npy,gtzan,0.5,0.42763902660383896,0.42763902660383896,0.42763902660383896,0.0,0.0,0.0,0.0,0.3846153846153846,0.36996492763605665,0.5508996187093879,0.4604322731727223,0.0,0.0,0.0,0.0,75.0,0.0,0.0,0.10008345855698413,25.0,0.0,0.0,0.033901551675683296,0.0,/media/mengh/SharedData/zhanh/auto_structbeat/caches/pilot/beat_this_final0_gtzan/gtzan__gtzan_blues_00052__track.npy.npz
bt_gtzan_seed0,direct,gtzan/gtzan_blues_00053/track.npy,gtzan,1.0,0.8635696567459556,0.8635696567459556,0.8635696567459556,1.0,1.0,1.0,1.0,1.0,0.8634622332052361,0.8634622332052361,0.8634622332052361,1.0,1.0,1.0,1.0,51.0,0.0,0.0,0.0666913744986708,12.0,0.0,0.0,0.021606519345212422,0.0,/media/mengh/SharedData/zhanh/auto_structbeat/caches/pilot/beat_this_final0_gtzan/gtzan__gtzan_blues_00053__track.npy.npz
bt_gtzan_seed0,direct,gtzan/gtzan_blues_00054/track.npy,gtzan,1.0,0.9012522249515167,0.9012522249515167,0.9012522249515167,0.9868421052631579,0.9868421052631579,0.9868421052631579,0.9868421052631579,1.0,0.9193791316916524,0.9193791316916524,0.9193791316916524,1.0,1.0,1.0,1.0,91.0,0.0,0.0,0.1177830356563847,22.0,0.0,0.0,0.030305349495328315,0.0,/media/mengh/SharedData/zhanh/auto_structbeat/caches/pilot/beat_this_final0_gtzan/gtzan__gtzan_blues_00054__track.npy.npz
bt_gtzan_seed0,direct,gtzan/gtzan_blues_00055/track.npy,gtzan,1.0,0.8477260645596253,0.8477260645596253,0.8477260645596253,1.0,1.0,1.0,1.0,0.896551724137931,0.7586235886828088,0.7586235886828088,0.7586235886828088,0.6875,0.6875,0.6875,0.6875,67.0,0.0,0.0,0.04652001563489183,19.0,0.0,0.0,0.1764008134059723,0.0,/media/mengh/SharedData/zhanh/auto_structbeat/caches/pilot/beat_this_final0_gtzan/gtzan__gtzan_blues_00055__track.npy.npz
bt_gtzan_seed0,direct,gtzan/gtzan_blues_00056/track.npy,gtzan,0.5111111111111112,0.46756743758928854,0.46756743758928854,0.46756743758928854,0.0,0.0,0.0,0.0,0.625,0.578904468989176,0.8233452338334833,0.7011248514113297,0.0,0.0,0.8181818181818182,0.8181818181818182,81.0,0.0,0.0,0.10594702760306787,14.0,0.0,0.0,0.31577008276804747,0.0,/media/mengh/SharedData/zhanh/auto_structbeat/caches/pilot/beat_this_final0_gtzan/gtzan__gtzan_blues_00056__track.npy.npz
bt_gtzan_seed0,direct,gtzan/gtzan_blues_00057/track.npy,gtzan,1.0,0.9578058144857121,0.9578058144857121,0.9578058144857121,1.0,1.0,1.0,1.0,1.0,0.9651027338551913,0.9651027338551913,0.9651027338551913,1.0,1.0,1.0,1.0,93.0,0.0,0.0,0.12516314295400344,23.0,0.0,0.0,0.031252543504104086,0.0,/media/mengh/SharedData/zhanh/auto_structbeat/caches/pilot/beat_this_final0_gtzan/gtzan__gtzan_blues_00057__track.npy.npz
bt_gtzan_seed0,direct,gtzan/gtzan_blues_00058/track.npy,gtzan,1.0,0.9308987848093108,0.9308987848093108,0.9308987848093108,1.0,1.0,1.0,1.0,1.0,0.9196223565486717,0.9196223565486717,0.9196223565486717,1.0,1.0,1.0,1.0,53.0,0.0,0.0,0.036367644170874625,13.0,0.0,0.0,0.02643325706815558,0.0,/media/mengh/SharedData/zhanh/auto_structbeat/caches/pilot/beat_this_final0_gtzan/gtzan__gtzan_blues_00058__track.npy.npz
bt_gtzan_seed0,direct,gtzan/gtzan_blues_00059/track.npy,gtzan,1.0,0.8930808261005767,0.8930808261005767,0.8930808261005767,1.0,1.0,1.0,1.0,1.0,0.8686104837491541,0.8686104837491541,0.8686104837491541,1.0,1.0,1.0,1.0,54.0,0.0,0.0,0.036367644170878684,14.0,0.0,0.0,0.02221822057543303,0.0,/media/mengh/SharedData/zhanh/auto_structbeat/caches/pilot/beat_this_final0_gtzan/gtzan__gtzan_blues_00059__track.npy.npz
bt_gtzan_seed0,direct,gtzan/gtzan_blues_00060/track.npy,gtzan,0.9919999999999999,0.8347008347854997,0.8347008347854997,0.8347008347854997,0.9841269841269841,0.9841269841269841,0.9841269841269841,0.9841269841269841,0.967741935483871,0.8216414300110074,0.8216414300110074,0.8216414300110074,0.9375,0.9375,0.9375,0.9375,75.0,0.0,0.0,0.10008345855697143,19.0,0.0,0.0,0.027455320723779778,0.0,/media/mengh/SharedData/zhanh/auto_structbeat/caches/pilot/beat_this_final0_gtzan/gtzan__gtzan_blues_00060__track.npy.npz
bt_gtzan_seed0,direct,gtzan/gtzan_blues_00061/track.npy,gtzan,1.0,0.9586654704472135,0.9586654704472135,0.9586654704472135,1.0,1.0,1.0,1.0,0.9333333333333333,0.9019323215194106,0.9019323215194106,0.9019323215194106,0.75,0.75,0.75,0.75,66.0,0.0,0.0,0.044451762570840825,19.0,0.0,0.0,0.1606083428307598,0.0,/media/mengh/SharedData/zhanh/auto_structbeat/caches/pilot/beat_this_final0_gtzan/gtzan__gtzan_blues_00061__track.npy.npz
bt_gtzan_seed0,direct,gtzan/gtzan_blues_00062/track.npy,gtzan,1.0,0.8971140053838478,0.8971140053838478,0.8971140053838478,1.0,1.0,1.0,1.0,0.7692307692307692,0.6676915110396471,0.680225699255178,0.6739586051474125,0.5714285714285714,0.5714285714285714,0.5714285714285714,0.5714285714285714,57.0,0.0,0.0,0.03774032798285287,17.0,0.0,0.0,0.685777145942647,0.0,/media/mengh/SharedData/zhanh/auto_structbeat/caches/pilot/beat_this_final0_gtzan/gtzan__gtzan_blues_00062__track.npy.npz
bt_gtzan_seed0,direct,gtzan/gtzan_blues_00063/track.npy,gtzan,1.0,0.8861637103452216,0.8861637103452216,0.8861637103452216,1.0,1.0,1.0,1.0,0.0,1.8690876477998195e-225,0.7767214748180115,0.38836073740900573,0.0,0.0,0.8,0.8,46.0,0.0,0.0,0.06062462181643358,12.0,0.0,0.0,0.015215421931204514,0.0,/media/mengh/SharedData/zhanh/auto_structbeat/caches/pilot/beat_this_final0_gtzan/gtzan__gtzan_blues_00063__track.npy.npz
bt_gtzan_seed0,direct,gtzan/gtzan_blues_00064/track.npy,gtzan,1.0,0.9645273825084509,0.9645273825084509,0.9645273825084509,1.0,1.0,1.0,1.0,0.6470588235294118,0.6153316853890853,0.702612047070435,0.6589718662297601,0.5,0.5,0.5,0.5,78.0,0.0,0.0,0.10536051565782856,22.0,0.0,0.0,0.7062192621272958,0.0,/media/mengh/SharedData/zhanh/auto_structbeat/caches/pilot/beat_this_final0_gtzan/gtzan__gtzan_blues_00064__track.npy.npz
bt_gtzan_seed0,direct,gtzan/gtzan_blues_00065/track.npy,gtzan,1.0,0.8674574754582858,0.8674574754582858,0.8674574754582858,1.0,1.0,1.0,1.0,1.0,0.8044132178406671,0.8044132178406671,0.8044132178406671,1.0,1.0,1.0,1.0,54.0,0.0,0.0,0.07145896398214803,14.0,0.0,0.0,0.02621824691319346,0.0,/media/mengh/SharedData/zhanh/auto_structbeat/caches/pilot/beat_this_final0_gtzan/gtzan__gtzan_blues_00065__track.npy.npz
bt_gtzan_seed0,direct,gtzan/gtzan_blues_00066/track.npy,gtzan,1.0,0.9023431576884944,0.9023431576884944,0.9023431576884944,1.0,1.0,1.0,1.0,1.0,0.9009226395606686,0.9009226395606686,0.9009226395606686,1.0,1.0,1.0,1.0,82.0,0.0,0.0,0.1112256351102221,21.0,0.0,0.0,0.02777956410707766,0.0,/media/mengh/SharedData/zhanh/auto_structbeat/caches/pilot/beat_this_final0_gtzan/gtzan__gtzan_blues_00066__track.npy.npz
bt_gtzan_seed0,direct,gtzan/gtzan_blues_00067/track.npy,gtzan,1.0,0.9086542411409327,0.9086542411409327,0.9086542411409327,0.6176470588235294,0.9705882352941176,0.6176470588235294,0.9705882352941176,0.17142857142857143,0.1610691625798897,0.8149854400099926,0.48802730129494115,0.05555555555555555,0.05555555555555555,0.7777777777777778,0.7777777777777778,81.0,0.0,0.0,0.2244680739892072,22.0,0.0,0.0,0.6815917598163569,0.0,/media/mengh/SharedData/zhanh/auto_structbeat/caches/pilot/beat_this_final0_gtzan/gtzan__gtzan_blues_00067__track.npy.npz
bt_gtzan_seed0,direct,gtzan/gtzan_blues_00068/track.npy,gtzan,1.0,0.9149953037243707,0.9149953037243707,0.9149953037243707,1.0,1.0,1.0,1.0,0.9714285714285714,0.8646043533946226,0.8646043533946226,0.8646043533946226,0.8888888888888888,0.8888888888888888,0.8888888888888888,0.8888888888888888,81.0,0.0,0.0,0.05406722127028396,21.0,0.0,0.0,0.08293913711942798,0.0,/media/mengh/SharedData/zhanh/auto_structbeat/caches/pilot/beat_this_final0_gtzan/gtzan__gtzan_blues_00068__track.npy.npz
bt_gtzan_seed0,direct,gtzan/gtzan_blues_00069/track.npy,gtzan,1.0,0.8852020721933149,0.8852020721933149,0.8852020721933149,1.0,1.0,1.0,1.0,0.6666666666666666,0.5671912610143787,0.8459386175576539,0.7065649392860163,0.0,0.0,0.9375,0.9375,40.0,0.0,0.0,0.05264373348542118,19.0,0.0,0.0,0.029282663395631195,0.0,/media/mengh/SharedData/zhanh/auto_structbeat/caches/pilot/beat_this_final0_gtzan/gtzan__gtzan_blues_00069__track.npy.npz
bt_gtzan_seed0,direct,gtzan/gtzan_blues_00070/track.npy,gtzan,1.0,0.8420373031228173,0.8420373031228173,0.8420373031228173,1.0,1.0,1.0,1.0,1.0,0.8363157013649265,0.8363157013649265,0.8363157013649265,1.0,1.0,1.0,1.0,74.0,0.0,0.0,0.10008345855698209,18.0,0.0,0.0,0.024692612590370977,0.0,/media/mengh/SharedData/zhanh/auto_structbeat/caches/pilot/beat_this_final0_gtzan/gtzan__gtzan_blues_00070__track.npy.npz
bt_gtzan_seed0,direct,gtzan/gtzan_blues_00071/track.npy,gtzan,0.9838709677419355,0.8223756979868343,0.8223756979868343,0.8223756979868343,0.9032258064516129,0.9838709677419355,0.9032258064516129,0.9838709677419355,0.41025641025641024,0.3430831239779924,0.6935534859882125,0.5183183049831025,0.0,0.0,0.45161290322580644,0.5161290322580645,74.0,0.0,0.0,0.1466034741918809,29.0,0.0,0.0,0.6808770879681312,0.0,/media/mengh/SharedData/zhanh/auto_structbeat/caches/pilot/beat_this_final0_gtzan/gtzan__gtzan_blues_00071__track.npy.npz
bt_gtzan_seed0,direct,gtzan/gtzan_blues_00072/track.npy,gtzan,0.38926174496644295,0.2985385633569322,0.2985385633569322,0.2985385633569322,0.0,0.0,0.0,0.0,0.358974358974359,0.2716946439262692,0.41757988579392585,0.3446372648600975,0.0,0.0,0.0,0.0,141.0,0.2714285714285714,0.40714285714285714,1.2527629684953645,38.0,0.08108108108108109,0.08108108108108109,2.0588999112452404,0.0,/media/mengh/SharedData/zhanh/auto_structbeat/caches/pilot/beat_this_final0_gtzan/gtzan__gtzan_blues_00072__track.npy.npz
bt_gtzan_seed0,direct,gtzan/gtzan_blues_00073/track.npy,gtzan,1.0,0.8451561722242462,0.8451561722242462,0.8451561722242462,1.0,1.0,1.0,1.0,1.0,0.8528763070314966,0.8528763070314966,0.8528763070314966,1.0,1.0,1.0,1.0,49.0,0.0,0.0,0.08672453821262739,12.0,0.0,0.0,0.0206782153052758,0.0,/media/mengh/SharedData/zhanh/auto_structbeat/caches/pilot/beat_this_final0_gtzan/gtzan__gtzan_blues_00073__track.npy.npz
bt_gtzan_seed0,direct,gtzan/gtzan_blues_00074/track.npy,gtzan,0.9787234042553191,0.9069383886000872,0.9069383886000872,0.9069383886000872,0.9787234042553191,0.9787234042553191,0.9787234042553191,0.9787234042553191,1.0,0.966203215426111,0.966203215426111,0.966203215426111,1.0,1.0,1.0,1.0,56.0,0.0,0.0,0.05046900344265741,15.0,0.0,0.0,0.6860227393003077,0.0,/media/mengh/SharedData/zhanh/auto_structbeat/caches/pilot/beat_this_final0_gtzan/gtzan__gtzan_blues_00074__track.npy.npz
bt_gtzan_seed0,direct,gtzan/gtzan_blues_00075/track.npy,gtzan,1.0,0.9059456329954648,0.9059456329954648,0.9059456329954648,1.0,1.0,1.0,1.0,1.0,0.896744820247267,0.896744820247267,0.896744820247267,1.0,1.0,1.0,1.0,59.0,0.0,0.0,0.039220713153287345,15.0,0.0,0.0,0.019494240069612024,0.0,/media/mengh/SharedData/zhanh/auto_structbeat/caches/pilot/beat_this_final0_gtzan/gtzan__gtzan_blues_00075__track.npy.npz
bt_gtzan_seed0,direct,gtzan/gtzan_blues_00076/track.npy,gtzan,1.0,0.9189661962513579,0.9189661962513579,0.9189661962513579,1.0,1.0,1.0,1.0,1.0,0.9085655709163939,0.9085655709163939,0.9085655709163939,1.0,1.0,1.0,1.0,58.0,0.0,0.0,0.076961041136128,19.0,0.0,0.0,0.025709041771323483,0.0,/media/mengh/SharedData/zhanh/auto_structbeat/caches/pilot/beat_this_final0_gtzan/gtzan__gtzan_blues_00076__track.npy.npz
bt_gtzan_seed0,direct,gtzan/gtzan_blues_00077/track.npy,gtzan,0.9838709677419355,0.8672950545127779,0.8672950545127779,0.8672950545127779,0.9838709677419355,0.9838709677419355,0.9838709677419355,0.9838709677419355,1.0,0.8847472162179614,0.8847472162179614,0.8847472162179614,1.0,1.0,1.0,1.0,74.0,0.0,0.0,0.10008345855698497,18.0,0.0,0.0,0.02439145312415969,0.0,/media/mengh/SharedData/zhanh/auto_structbeat/caches/pilot/beat_this_final0_gtzan/gtzan__gtzan_blues_00077__track.npy.npz
bt_gtzan_seed0,direct,gtzan/gtzan_blues_00078/track.npy,gtzan,1.0,0.9654113235615039,0.9654113235615039,0.9654113235615039,1.0,1.0,1.0,1.0,0.9433962264150945,0.9139212532833456,0.9139212532833456,0.9139212532833456,0.39285714285714285,0.7857142857142857,0.39285714285714285,0.7857142857142857,121.0,0.0,0.008333333333333333,0.24116205681688285,34.0,0.0,0.0,0.7224085231069586,0.0,/media/mengh/SharedData/zhanh/auto_structbeat/caches/pilot/beat_this_final0_gtzan/gtzan__gtzan_blues_00078__track.npy.npz
bt_gtzan_seed0,direct,gtzan/gtzan_blues_00079/track.npy,gtzan,0.9924812030075187,0.9159183583564091,0.9159183583564091,0.9159183583564091,0.9850746268656716,0.9850746268656716,0.9850746268656716,0.9850746268656716,0.9696969696969697,0.8837271865736631,0.8837271865736631,0.8837271865736631,0.9411764705882353,0.9411764705882353,0.9411764705882353,0.9411764705882353,80.0,0.0,0.0,0.05406722127028396,20.0,0.0,0.0,0.015619105105599388,0.0,/media/mengh/SharedData/zhanh/auto_structbeat/caches/pilot/beat_this_final0_gtzan/gtzan__gtzan_blues_00079__track.npy.npz
bt_gtzan_seed0,direct,gtzan/gtzan_blues_00080/track.npy,gtzan,1.0,0.8974012904827092,0.8974012904827092,0.8974012904827092,1.0,1.0,1.0,1.0,1.0,0.8769181653185559,0.8769181653185559,0.8769181653185559,1.0,1.0,1.0,1.0,58.0,0.0,0.0,0.03922071315328435,14.0,0.0,0.0,0.019608471388376736,0.0,/media/mengh/SharedData/zhanh/auto_structbeat/caches/pilot/beat_this_final0_gtzan/gtzan__gtzan_blues_00080__track.npy.npz
bt_gtzan_seed0,direct,gtzan/gtzan_blues_00081/track.npy,gtzan,0.853932584269663,0.7645843956244928,0.7645843956244928,0.7645843956244928,0.6630434782608695,0.6956521739130435,0.6630434782608695,0.6956521739130435,0.7234042553191491,0.6649834281984914,0.6649834281984914,0.6649834281984914,0.76,0.76,0.76,0.76,109.0,0.037037037037037035,0.10185185185185185,0.46789537067378095,29.0,0.0,0.03571428571428571,1.5345387380783992,0.0,/media/mengh/SharedData/zhanh/auto_structbeat/caches/pilot/beat_this_final0_gtzan/gtzan__gtzan_blues_00081__track.npy.npz
bt_gtzan_seed0,direct,gtzan/gtzan_blues_00082/track.npy,gtzan,0.9811320754716981,0.9408911817563331,0.9408911817563331,0.9408911817563331,0.9811320754716981,0.9811320754716981,0.9811320754716981,0.9811320754716981,0.9285714285714286,0.8845270648612888,0.8845270648612888,0.8845270648612888,1.0,1.0,1.0,1.0,63.0,0.0,0.0,0.08338160893904922,16.0,0.0,0.0,0.021053409197833717,0.0,/media/mengh/SharedData/zhanh/auto_structbeat/caches/pilot/beat_this_final0_gtzan/gtzan__gtzan_blues_00082__track.npy.npz
bt_gtzan_seed0,direct,gtzan/gtzan_blues_00083/track.npy,gtzan,1.0,0.9798737138940368,0.9798737138940368,0.9798737138940368,1.0,1.0,1.0,1.0,1.0,0.9825719309342222,0.9825719309342222,0.9825719309342222,1.0,1.0,1.0,1.0,66.0,0.0,0.0,0.044451762570840825,16.0,0.0,0.0,0.014960491395929983,0.0,/media/mengh/SharedData/zhanh/auto_structbeat/caches/pilot/beat_this_final0_gtzan/gtzan__gtzan_blues_00083__track.npy.npz
bt_gtzan_seed0,direct,gtzan/gtzan_blues_00084/track.npy,gtzan,1.0,0.8684390734010207,0.8684390734010207,0.8684390734010207,1.0,1.0,1.0,1.0,1.0,0.893111453277795,0.893111453277795,0.893111453277795,1.0,1.0,1.0,1.0,56.0,0.0,0.0,0.07410797215372247,14.0,0.0,0.0,0.01834913866819654,0.0,/media/mengh/SharedData/zhanh/auto_structbeat/caches/pilot/beat_this_final0_gtzan/gtzan__gtzan_blues_00084__track.npy.npz
bt_gtzan_seed0,direct,gtzan/gtzan_blues_00085/track.npy,gtzan,0.6813186813186815,0.6387288126236667,0.9201629351804587,0.7794458739020627,0.03333333333333333,0.03333333333333333,0.9354838709677419,0.9354838709677419,0.888888888888889,0.8420846666225374,0.8420846666225374,0.8420846666225374,0.5333333333333333,0.6666666666666666,0.5333333333333333,0.6666666666666666,37.0,0.0,0.0,0.04879016416943512,15.0,0.0,0.0,0.7039801509740582,0.0,/media/mengh/SharedData/zhanh/auto_structbeat/caches/pilot/beat_this_final0_gtzan/gtzan__gtzan_blues_00085__track.npy.npz
bt_gtzan_seed0,direct,gtzan/gtzan_blues_00086/track.npy,gtzan,0.9902912621359222,0.8557184433903189,0.8557184433903189,0.8557184433903189,0.9807692307692307,0.9807692307692307,0.9807692307692307,0.9807692307692307,1.0,0.8585999130678251,0.8585999130678251,0.8585999130678251,1.0,1.0,1.0,1.0,62.0,0.0,0.0,0.08338160893904942,16.0,0.0,0.0,0.024035847093649094,0.0,/media/mengh/SharedData/zhanh/auto_structbeat/caches/pilot/beat_this_final0_gtzan/gtzan__gtzan_blues_00086__track.npy.npz
bt_gtzan_seed0,direct,gtzan/gtzan_blues_00087/track.npy,gtzan,1.0,0.9275692885628387,0.9275692885628387,0.9275692885628387,1.0,1.0,1.0,1.0,0.972972972972973,0.8900189828379373,0.8900189828379373,0.8900189828379373,0.7894736842105263,0.8947368421052632,0.7894736842105263,0.8947368421052632,88.0,0.0,0.0,0.11778303565638348,26.0,0.0,0.0,0.6865767871611863,0.0,/media/mengh/SharedData/zhanh/auto_structbeat/caches/pilot/beat_this_final0_gtzan/gtzan__gtzan_blues_00087__track.npy.npz
bt_gtzan_seed0,direct,gtzan/gtzan_blues_00088/track.npy,gtzan,0.6666666666666666,0.5360933269383319,0.7743992415409682,0.65524628423965,0.0,0.0,0.15492957746478872,0.5985915492957746,0.5,0.3964490425217497,0.5203618087706835,0.45840542564621656,0.023809523809523808,0.07142857142857142,0.16666666666666666,0.35714285714285715,172.0,0.023391812865497075,0.935672514619883,0.356674943938732,53.0,0.0,0.21153846153846154,1.7606336812771035,0.0,/media/mengh/SharedData/zhanh/auto_structbeat/caches/pilot/beat_this_final0_gtzan/gtzan__gtzan_blues_00088__track.npy.npz
bt_gtzan_seed0,direct,gtzan/gtzan_blues_00089/track.npy,gtzan,1.0,0.846031787053823,0.846031787053823,0.846031787053823,1.0,1.0,1.0,1.0,0.0,5.434625238933661e-41,6.13140534095122e-37,3.0659744017375567e-37,0.0,0.0,0.0,0.0,54.0,0.0,0.0,0.07410797215372356,15.0,0.0,0.0,1.1490164607634923,0.0,/media/mengh/SharedData/zhanh/auto_structbeat/caches/pilot/beat_this_final0_gtzan/gtzan__gtzan_blues_00089__track.npy.npz
bt_gtzan_seed0,direct,gtzan/gtzan_blues_00090/track.npy,gtzan,1.0,0.908658811974588,0.908658811974588,0.908658811974588,1.0,1.0,1.0,1.0,1.0,0.8794850753026201,0.8794850753026201,0.8794850753026201,1.0,1.0,1.0,1.0,71.0,0.0,0.0,0.04879016416942892,18.0,0.0,0.0,0.026630816473107166,0.0,/media/mengh/SharedData/zhanh/auto_structbeat/caches/pilot/beat_this_final0_gtzan/gtzan__gtzan_blues_00090__track.npy.npz
bt_gtzan_seed0,direct,gtzan/gtzan_blues_00091/track.npy,gtzan,1.0,0.9157378397529528,0.9157378397529528,0.9157378397529528,1.0,1.0,1.0,1.0,0.5714285714285714,0.5402091781748022,0.8482457260268529,0.6942274521008276,0.045454545454545456,0.045454545454545456,0.68,0.68,63.0,0.0,0.0,0.08338160893904922,25.0,0.0,0.0,0.6165136335431709,0.0,/media/mengh/SharedData/zhanh/auto_structbeat/caches/pilot/beat_this_final0_gtzan/gtzan__gtzan_blues_00091__track.npy.npz
bt_gtzan_seed0,direct,gtzan/gtzan_blues_00092/track.npy,gtzan,0.38554216867469876,0.34932620715257956,0.43398624574939737,0.39165622645098846,0.0,0.0,0.0,0.0,0.42857142857142855,0.3894379900292392,0.46938199037117184,0.42940999020020554,0.0,0.0,0.0,0.0,40.0,0.0,0.0,0.057963544230766904,13.0,0.0,0.0,0.03560548942999053,0.0,/media/mengh/SharedData/zhanh/auto_structbeat/caches/pilot/beat_this_final0_gtzan/gtzan__gtzan_blues_00092__track.npy.npz
bt_gtzan_seed0,direct,gtzan/gtzan_blues_00093/track.npy,gtzan,0.3050847457627119,0.258126747737092,0.3174348548821978,0.2877808013096449,0.0,0.0,0.09090909090909091,0.09090909090909091,0.39999999999999997,0.3047054116403601,0.4062738821871468,0.3554896469137534,0.0,0.0,0.09090909090909091,0.09090909090909091,26.0,0.0,0.04,1.7775857803580304,13.0,0.0,0.0,1.0409203111836713,0.0,/media/mengh/SharedData/zhanh/auto_structbeat/caches/pilot/beat_this_final0_gtzan/gtzan__gtzan_blues_00093__track.npy.npz
bt_gtzan_seed0,direct,gtzan/gtzan_blues_00094/track.npy,gtzan,0.9767441860465116,0.8488275261151457,0.8488275261151457,0.8488275261151457,1.0,1.0,1.0,1.0,0.9090909090909091,0.7921021013129419,0.7921021013129419,0.7921021013129419,1.0,1.0,1.0,1.0,52.0,0.0,0.0,0.0689928714869534,14.0,0.0,0.0,0.14214376197731027,0.0,/media/mengh/SharedData/zhanh/auto_structbeat/caches/pilot/beat_this_final0_gtzan/gtzan__gtzan_blues_00094__track.npy.npz
bt_gtzan_seed0,direct,gtzan/gtzan_blues_00095/track.npy,gtzan,0.6666666666666666,0.5592819137338798,0.8297319250111387,0.6945069193725093,0.0,0.0,0.16666666666666666,0.8333333333333334,0.6511627906976745,0.49368701488779637,0.7763006707258595,0.6349938428068279,0.0,0.0,0.9310344827586207,0.9310344827586207,138.0,0.0072992700729927005,0.20437956204379562,0.3076927493701709,35.0,0.0,0.0,0.06899287148695493,0.0,/media/mengh/SharedData/zhanh/auto_structbeat/caches/pilot/beat_this_final0_gtzan/gtzan__gtzan_blues_00095__track.npy.npz
bt_gtzan_seed0,direct,gtzan/gtzan_blues_00096/track.npy,gtzan,0.71875,0.5711474010505051,0.6052911487828108,0.5882192749166579,0.1282051282051282,0.23076923076923078,0.1282051282051282,0.40816326530612246,0.6,0.5380909735132736,0.7290163216952197,0.6335536476042467,0.0,0.0,0.8461538461538461,0.8461538461538461,47.0,0.0,0.0,1.248264097933354,18.0,0.0,0.0,2.1227511189133823,0.0,/media/mengh/SharedData/zhanh/auto_structbeat/caches/pilot/beat_this_final0_gtzan/gtzan__gtzan_blues_00096__track.npy.npz
bt_gtzan_seed0,direct,gtzan/gtzan_blues_00097/track.npy,gtzan,0.9949748743718593,0.866159018919534,0.866159018919534,0.866159018919534,0.64,0.88,0.64,0.88,0.888888888888889,0.7779812402318339,0.7779812402318339,0.7779812402318339,0.5517241379310345,0.6896551724137931,0.5517241379310345,0.6896551724137931,120.0,0.0,0.008403361344537815,0.09708227241528442,34.0,0.0,0.0,1.2163981178630052,0.0,/media/mengh/SharedData/zhanh/auto_structbeat/caches/pilot/beat_this_final0_gtzan/gtzan__gtzan_blues_00097__track.npy.npz
bt_gtzan_seed0,direct,gtzan/gtzan_blues_00098/track.npy,gtzan,1.0,0.9391191546486858,0.9391191546486858,0.9391191546486858,1.0,1.0,1.0,1.0,1.0,0.9420936143024071,0.9420936143024071,0.9420936143024071,1.0,1.0,1.0,1.0,63.0,0.0,0.0,0.08338160893904922,16.0,0.0,0.0,0.020910849706089134,0.0,/media/mengh/SharedData/zhanh/auto_structbeat/caches/pilot/beat_this_final0_gtzan/gtzan__gtzan_blues_00098__track.npy.npz
bt_gtzan_seed0,direct,gtzan/gtzan_blues_00099/track.npy,gtzan,1.0,0.8787456960774691,0.8787456960774691,0.8787456960774691,1.0,1.0,1.0,1.0,0.9285714285714286,0.8350863333780304,0.8350863333780304,0.8350863333780304,0.8,0.8,0.8,0.8,47.0,0.0,0.0,0.03174869831458238,17.0,0.0,0.0,0.6821233306822473,0.0,/media/mengh/SharedData/zhanh/auto_structbeat/caches/pilot/beat_this_final0_gtzan/gtzan__gtzan_blues_00099__track.npy.npz
bt_gtzan_seed0,direct,gtzan/gtzan_classical_00000/track.npy,gtzan,1.0,0.9136820085407978,0.9136820085407978,0.9136820085407978,1.0,1.0,1.0,1.0,0.6666666666666666,0.6106506478752286,0.896382923335951,0.7535167856055898,0.0,0.0,0.95,0.95,47.0,0.0,0.0,0.06252035698133372,24.0,0.0,0.0,0.04647767552374775,0.0,/media/mengh/SharedData/zhanh/auto_structbeat/caches/pilot/beat_this_final0_gtzan/gtzan__gtzan_classical_00000__track.npy.npz
bt_gtzan_seed0,direct,gtzan/gtzan_classical_00001/track.npy,gtzan,0.5205479452054794,0.4479097922660442,0.4890511690339543,0.46848048064999925,0.06382978723404255,0.1276595744680851,0.3076923076923077,0.46153846153846156,0.34285714285714286,0.3104974818565853,0.3272655064872331,0.31888149417190925,0.10526315789473684,0.15789473684210525,0.10526315789473684,0.15789473684210525,33.0,0.0,0.0,0.8414185310019342,26.0,0.0,0.0,0.8180438681545338,0.0,/media/mengh/SharedData/zhanh/auto_structbeat/caches/pilot/beat_this_final0_gtzan/gtzan__gtzan_classical_00001__track.npy.npz
bt_gtzan_seed0,direct,gtzan/gtzan_classical_00002/track.npy,gtzan,0.75,0.5953968492209395,0.5953968492209395,0.5953968492209395,0.03614457831325301,0.27710843373493976,0.03773584905660377,0.3584905660377358,0.3111111111111111,0.2500586837069253,0.32389076590305615,0.28697472480499076,0.0,0.0,0.0,0.0,63.0,0.016129032258064516,0.016129032258064516,1.1205911953868963,29.0,0.0,0.0,0.6976734791555317,0.0,/media/mengh/SharedData/zhanh/auto_structbeat/caches/pilot/beat_this_final0_gtzan/gtzan__gtzan_classical_00002__track.npy.npz
bt_gtzan_seed0,direct,gtzan/gtzan_classical_00003/track.npy,gtzan,0.8679245283018868,0.6522791100013777,0.6522791100013777,0.6522791100013777,0.5555555555555556,0.9259259259259259,0.5555555555555556,0.9259259259259259,1.0,0.7962500991976277,0.7962500991976277,0.7962500991976277,1.0,1.0,1.0,1.0,31.0,0.0,0.0,0.7527278530828194,9.0,0.0,0.0,0.24077067544238429,0.0,/media/mengh/SharedData/zhanh/auto_structbeat/caches/pilot/beat_this_final0_gtzan/gtzan__gtzan_classical_00003__track.npy.npz
bt_gtzan_seed0,direct,gtzan/gtzan_classical_00004/track.npy,gtzan,0.6666666666666666,0.5054923533188969,0.7582385299783421,0.6318654416486195,0.0,0.0,1.0,1.0,1.0,0.7553304375263065,0.7553304375263065,0.7553304375263065,1.0,1.0,1.0,1.0,41.0,0.0,0.0,0.054067221270275155,21.0,0.0,0.0,0.039326031751746815,0.0,/media/mengh/SharedData/zhanh/auto_structbeat/caches/pilot/beat_this_final0_gtzan/gtzan__gtzan_classical_00004__track.npy.npz
bt_gtzan_seed0,direct,gtzan/gtzan_classical_00005/track.npy,gtzan,0.864406779661017,0.6587100870862951,0.6587100870862951,0.6587100870862951,0.48333333333333334,0.8333333333333334,0.48333333333333334,0.8333333333333334,0.8500000000000001,0.6257038432347377,0.6257038432347377,0.6257038432347377,0.8095238095238095,0.8571428571428571,0.8095238095238095,0.8571428571428571,72.0,0.028169014084507043,0.028169014084507043,0.8908945327652179,25.0,0.0,0.0,0.6705347626147063,0.0,/media/mengh/SharedData/zhanh/auto_structbeat/caches/pilot/beat_this_final0_gtzan/gtzan__gtzan_classical_00005__track.npy.npz
bt_gtzan_seed0,direct,gtzan/gtzan_classical_00006/track.npy,gtzan,0.47058823529411764,0.30923728387689425,0.30923728387689425,0.30923728387689425,0.15,0.35,0.17857142857142858,0.35,0.2,0.12672599410480853,0.13321511240648584,0.1299705532556472,0.05,0.05,0.05,0.05,36.0,0.0,0.0,0.8214666467650175,28.0,0.0,0.0,1.4082105149359352,0.0,/media/mengh/SharedData/zhanh/auto_structbeat/caches/pilot/beat_this_final0_gtzan/gtzan__gtzan_classical_00006__track.npy.npz
bt_gtzan_seed0,direct,gtzan/gtzan_classical_00007/track.npy,gtzan,0.5255474452554745,0.4184660796559579,0.5868093933084543,0.5026377364822061,0.0,0.0,0.11956521739130435,0.5108695652173914,0.27450980392156865,0.18899377956633578,0.21725169422520962,0.2031227368957727,0.034482758620689655,0.034482758620689655,0.034482758620689655,0.034482758620689655,109.0,0.10185185185185185,0.1574074074074074,1.1786549963416646,35.0,0.0,0.0,0.7783379499010432,0.0,/media/mengh/SharedData/zhanh/auto_structbeat/caches/pilot/beat_this_final0_gtzan/gtzan__gtzan_classical_00007__track.npy.npz
bt_gtzan_seed0,direct,gtzan/gtzan_classical_00008/track.npy,gtzan,0.9821428571428571,0.72597320551478,0.72597320551478,0.72597320551478,0.75,0.9821428571428571,0.75,0.9821428571428571,0.9655172413793104,0.6735292821468348,0.6735292821468348,0.6735292821468348,0.8,0.8,0.8,0.8,68.0,0.0,0.0,0.09097177820572752,20.0,0.0,0.0,0.7319903995158347,0.0,/media/mengh/SharedData/zhanh/auto_structbeat/caches/pilot/beat_this_final0_gtzan/gtzan__gtzan_classical_00008__track.npy.npz
bt_gtzan_seed0,direct,gtzan/gtzan_classical_00009/track.npy,gtzan,0.20408163265306126,0.1568230621035699,0.1568230621035699,0.1568230621035699,0.36,0.72,0.36,0.72,0.1111111111111111,0.08700182662344637,0.08724290119807297,0.08712236391075967,0.08333333333333333,0.08333333333333333,0.25,0.3333333333333333,30.0,0.034482758620689655,0.034482758620689655,1.4284139920578967,14.0,0.0,0.0,1.1272628593589078,0.0,/media/mengh/SharedData/zhanh/auto_structbeat/caches/pilot/beat_this_final0_gtzan/gtzan__gtzan_classical_00009__track.npy.npz
bt_gtzan_seed0,direct,gtzan/gtzan_classical_00010/track.npy,gtzan,0.5982905982905983,0.4147367860238177,0.4968432875029193,0.4557900367633685,0.0821917808219178,0.1506849315068493,0.16091954022988506,0.39080459770114945,0.2142857142857143,0.1636478123293845,0.2822286300512969,0.22293822119034068,0.0,0.0,0.022222222222222223,0.022222222222222223,88.0,0.0,0.0,0.7282385003712084,54.0,0.0,0.0,1.0606662093502828,0.0,/media/mengh/SharedData/zhanh/auto_structbeat/caches/pilot/beat_this_final0_gtzan/gtzan__gtzan_classical_00010__track.npy.npz
bt_gtzan_seed0,direct,gtzan/gtzan_classical_00011/track.npy,gtzan,0.8571428571428571,0.6386710175330579,0.6386710175330579,0.6386710175330579,0.96875,0.96875,0.96875,0.96875,0.608695652173913,0.35940617528016416,0.5300770063687105,0.4447415908244373,0.06666666666666667,0.06666666666666667,0.26666666666666666,0.6,37.0,0.0,0.0,0.1020520365599424,18.0,0.0,0.0,0.8312228562738684,0.0,/media/mengh/SharedData/zhanh/auto_structbeat/caches/pilot/beat_this_final0_gtzan/gtzan__gtzan_classical_00011__track.npy.npz
bt_gtzan_seed0,direct,gtzan/gtzan_classical_00012/track.npy,gtzan,0.7887323943661972,0.6405512772578069,0.6405512772578069,0.6405512772578069,0.7368421052631579,0.7894736842105263,0.7368421052631579,0.7894736842105263,0.18181818181818185,0.08878055529596818,0.21412247923025848,0.15145151726311334,0.0,0.0,0.0,0.0,40.0,0.0,0.0,0.5933695326848926,16.0,0.0,0.0,1.0852362373779807,0.0,/media/mengh/SharedData/zhanh/auto_structbeat/caches/pilot/beat_this_final0_gtzan/gtzan__gtzan_classical_00012__track.npy.npz
bt_gtzan_seed0,direct,gtzan/gtzan_classical_00013/track.npy,gtzan,0.8461538461538461,0.5932255735960376,0.5932255735960376,0.5932255735960376,0.75,0.9038461538461539,0.75,0.9038461538461539,0.5789473684210527,0.424122770248413,0.424122770248413,0.424122770248413,0.3,0.55,0.3,0.55,63.0,0.0,0.0,0.08004270767353472,23.0,0.0,0.0,1.3862943611198897,0.0,/media/mengh/SharedData/zhanh/auto_structbeat/caches/pilot/beat_this_final0_gtzan/gtzan__gtzan_classical_00013__track.npy.npz
bt_gtzan_seed0,direct,gtzan/gtzan_classical_00014/track.npy,gtzan,0.9180327868852459,0.6120749063259509,0.6120749063259509,0.6120749063259509,0.6721311475409836,0.9508196721311475,0.6721311475409836,0.9508196721311475,0.8125,0.5729832645023716,0.5729832645023716,0.5729832645023716,0.6470588235294118,0.8235294117647058,0.6470588235294118,0.8235294117647058,73.0,0.0,0.0,0.09769681918065587,22.0,0.0,0.0,0.6937683065598732,0.0,/media/mengh/SharedData/zhanh/auto_structbeat/caches/pilot/beat_this_final0_gtzan/gtzan__gtzan_classical_00014__track.npy.npz
bt_gtzan_seed0,direct,gtzan/gtzan_classical_00015/track.npy,gtzan,0.6551724137931034,0.5379868212416127,0.5379868212416127,0.5379868212416127,0.5151515151515151,0.5151515151515151,0.5151515151515151,0.5151515151515151,0.761904761904762,0.5440993657376882,0.5440993657376882,0.5440993657376882,0.4166666666666667,0.5,0.4166666666666667,0.5,29.0,0.0,0.0,0.5348612629729644,15.0,0.0,0.0,1.1744495674759394,0.0,/media/mengh/SharedData/zhanh/auto_structbeat/caches/pilot/beat_this_final0_gtzan/gtzan__gtzan_classical_00015__track.npy.npz
bt_gtzan_seed0,direct,gtzan/gtzan_classical_00016/track.npy,gtzan,0.9047619047619048,0.5472929043254069,0.5472929043254069,0.5472929043254069,0.9285714285714286,0.9285714285714286,0.9285714285714286,0.9285714285714286,0.6341463414634146,0.3404257222835544,0.3404257222835544,0.3404257222835544,0.07407407407407407,0.07407407407407407,0.07407407407407407,0.07407407407407407,50.0,0.02040816326530612,0.02040816326530612,0.06252035698133401,34.0,0.0,0.0,1.1142645278720116,0.0,/media/mengh/SharedData/zhanh/auto_structbeat/caches/pilot/beat_this_final0_gtzan/gtzan__gtzan_classical_00016__track.npy.npz
bt_gtzan_seed0,direct,gtzan/gtzan_classical_00017/track.npy,gtzan,0.6944444444444443,0.4725002076436785,0.4725002076436785,0.4725002076436785,0.3698630136986301,0.5753424657534246,0.3698630136986301,0.5753424657534246,0.4814814814814815,0.303108060191174,0.45054132164042565,0.37682469091579984,0.0,0.0,0.3888888888888889,0.8611111111111112,81.0,0.0,0.0,0.6417046081039917,43.0,0.0,0.0,0.05884050002293473,0.0,/media/mengh/SharedData/zhanh/auto_structbeat/caches/pilot/beat_this_final0_gtzan/gtzan__gtzan_classical_00017__track.npy.npz
bt_gtzan_seed0,direct,gtzan/gtzan_classical_00018/track.npy,gtzan,0.3492063492063492,0.24715057577498797,0.24715057577498797,0.24715057577498797,0.12121212121212122,0.36363636363636365,0.12121212121212122,0.36363636363636365,0.375,0.34550925819525946,0.34550925819525946,0.34550925819525946,1.0,1.0,1.0,1.0,37.0,0.0,0.0,0.6970688050301501,10.0,0.0,0.0,0.06624938554120097,0.0,/media/mengh/SharedData/zhanh/auto_structbeat/caches/pilot/beat_this_final0_gtzan/gtzan__gtzan_classical_00018__track.npy.npz
bt_gtzan_seed0,direct,gtzan/gtzan_classical_00019/track.npy,gtzan,0.6486486486486486,0.3742035692314299,0.3742035692314299,0.3742035692314299,0.35,0.7,0.35,0.7,0.10000000000000002,0.07877892069233909,0.10251813999077242,0.09064853034155576,0.3,0.3,0.3,0.3,39.0,0.0,0.0,0.7448614107693521,13.0,0.0,0.0,0.35922847237692,0.0,/media/mengh/SharedData/zhanh/auto_structbeat/caches/pilot/beat_this_final0_gtzan/gtzan__gtzan_classical_00019__track.npy.npz
bt_gtzan_seed0,direct,gtzan/gtzan_classical_00020/track.npy,gtzan,0.8135593220338985,0.5570542728394267,0.5570542728394267,0.5570542728394267,0.6949152542372882,0.847457627118644,0.6949152542372882,0.847457627118644,0.85,0.5694590131980519,0.5694590131980519,0.5694590131980519,1.0,1.0,1.0,1.0,70.0,0.0,0.0,0.09097177820572477,23.0,0.0,0.0,0.04725288485054732,0.0,/media/mengh/SharedData/zhanh/auto_structbeat/caches/pilot/beat_this_final0_gtzan/gtzan__gtzan_classical_00020__track.npy.npz
bt_gtzan_seed0,direct,gtzan/gtzan_classical_00021/track.npy,gtzan,0.5714285714285714,0.4375756822879355,0.6536282010800359,0.5456019416839857,0.0,0.0,0.5535714285714286,0.875,0.5714285714285714,0.44366647888938293,0.6654997183340744,0.5545830986117286,0.0,0.0,1.0,1.0,68.0,0.0,0.0,0.09097177820573135,18.0,0.0,0.0,0.6987037112580636,0.0,/media/mengh/SharedData/zhanh/auto_structbeat/caches/pilot/beat_this_final0_gtzan/gtzan__gtzan_classical_00021__track.npy.npz
bt_gtzan_seed0,direct,gtzan/gtzan_classical_00022/track.npy,gtzan,0.558139534883721,0.40909529469289757,0.6014808362474118,0.5052880654701547,0.0,0.0,0.17045454545454544,0.6363636363636364,0.4375,0.28733772603382346,0.41426119259440736,0.3507994593141154,0.0,0.0,0.6363636363636364,0.6363636363636364,106.0,0.009523809523809525,0.009523809523809525,0.2231435513142106,26.0,0.0,0.0,0.13991918973592748,0.0,/media/mengh/SharedData/zhanh/auto_structbeat/caches/pilot/beat_this_final0_gtzan/gtzan__gtzan_classical_00022__track.npy.npz
bt_gtzan_seed0,direct,gtzan/gtzan_classical_00023/track.npy,gtzan,0.41025641025641024,0.27232271515690404,0.27232271515690404,0.27232271515690404,0.3333333333333333,0.48717948717948717,0.3333333333333333,0.48717948717948717,0.4000000000000001,0.3294332038118864,0.3294332038118864,0.3294332038118864,0.6470588235294118,0.6470588235294118,0.6470588235294118,0.6470588235294118,45.0,0.022727272727272728,0.022727272727272728,0.868088460378586,19.0,0.05555555555555555,0.05555555555555555,2.2364204826975365,0.0,/media/mengh/SharedData/zhanh/auto_structbeat/caches/pilot/beat_this_final0_gtzan/gtzan__gtzan_classical_00023__track.npy.npz
bt_gtzan_seed0,direct,gtzan/gtzan_classical_00024/track.npy,gtzan,0.9763779527559054,0.7173531748834763,0.7173531748834763,0.7173531748834763,0.96875,0.96875,0.96875,0.96875,0.9767441860465117,0.7054552277055844,0.7054552277055844,0.7054552277055844,0.9545454545454546,0.9545454545454546,0.9545454545454546,0.9545454545454546,76.0,0.0,0.0,0.10008345855698418,26.0,0.0,0.0,0.033901551675680625,0.0,/media/mengh/SharedData/zhanh/auto_structbeat/caches/pilot/beat_this_final0_gtzan/gtzan__gtzan_classical_00024__track.npy.npz
bt_gtzan_seed0,direct,gtzan/gtzan_classical_00025/track.npy,gtzan,0.5421686746987953,0.3800881710220276,0.6678801531675855,0.5239841620948066,0.0,0.0,0.13513513513513514,0.5495495495495496,0.5365853658536585,0.35483516770481616,0.5228268839658606,0.4388310258353384,0.0,0.0,1.0,1.0,133.0,0.0,0.32575757575757575,0.36772478012532495,33.0,0.0,0.0,0.04396843725528833,0.0,/media/mengh/SharedData/zhanh/auto_structbeat/caches/pilot/beat_this_final0_gtzan/gtzan__gtzan_classical_00025__track.npy.npz
bt_gtzan_seed0,direct,gtzan/gtzan_classical_00026/track.npy,gtzan,0.6,0.35349193995267486,0.35349193995267486,0.35349193995267486,0.1746031746031746,0.5079365079365079,0.1746031746031746,0.5079365079365079,0.40909090909090917,0.21610331803230884,0.3149884334930078,0.2655458757626583,0.03571428571428571,0.03571428571428571,0.3870967741935484,0.8064516129032258,70.0,0.0,0.0,0.405465108108168,35.0,0.0,0.0,0.8661387110725123,0.0,/media/mengh/SharedData/zhanh/auto_structbeat/caches/pilot/beat_this_final0_gtzan/gtzan__gtzan_classical_00026__track.npy.npz
bt_gtzan_seed0,direct,gtzan/gtzan_classical_00027/track.npy,gtzan,0.0,0.0002529464675462592,0.4795066940785162,0.23987982027303123,0.03225806451612903,0.03225806451612903,0.7,0.7,0.0,1.3411994829824712e-05,3.090188816060197e-05,2.215694149521334e-05,0.18181818181818182,0.18181818181818182,0.26666666666666666,0.26666666666666666,33.0,0.0,0.0,0.6419936414744791,12.0,0.0,0.0,0.6562844754493948,0.0,/media/mengh/SharedData/zhanh/auto_structbeat/caches/pilot/beat_this_final0_gtzan/gtzan__gtzan_classical_00027__track.npy.npz
bt_gtzan_seed0,direct,gtzan/gtzan_classical_00028/track.npy,gtzan,0.6336633663366337,0.47901078471484254,0.7119003462039266,0.5954555654593846,0.0,0.0,0.582089552238806,0.8955223880597015,0.6470588235294118,0.48373580232301155,0.7504821216862677,0.6171089620046396,0.0,0.0,0.9130434782608695,0.9130434782608695,80.0,0.0,0.0,0.10624028357568377,27.0,0.0,0.0,0.06140169359142411,0.0,/media/mengh/SharedData/zhanh/auto_structbeat/caches/pilot/beat_this_final0_gtzan/gtzan__gtzan_classical_00028__track.npy.npz
bt_gtzan_seed0,direct,gtzan/gtzan_classical_00029/track.npy,gtzan,0.4251968503937008,0.31350101043555495,0.510520084309087,0.412010547372321,0.0,0.0,0.05102040816326531,0.21428571428571427,0.3783783783783784,0.29223747542063255,0.46233512181699565,0.37728629861881413,0.0,0.0,0.0,0.0,111.0,0.02727272727272727,0.37272727272727274,0.8938178760220993,35.0,0.0,0.0,0.04588543070001338,0.0,/media/mengh/SharedData/zhanh/auto_structbeat/caches/pilot/beat_this_final0_gtzan/gtzan__gtzan_classical_00029__track.npy.npz
bt_gtzan_seed0,direct,gtzan/gtzan_classical_00030/track.npy,gtzan,0.46938775510204084,0.3572624521143693,0.3572624521143693,0.3572624521143693,0.34,0.46,0.34,0.46,0.2777777777777778,0.22309711816212235,0.23664725255601546,0.2298721853590689,0.041666666666666664,0.041666666666666664,0.20833333333333334,0.20833333333333334,59.0,0.017241379310344827,0.017241379310344827,0.17761434463375264,30.0,0.034482758620689655,0.034482758620689655,1.3564277381603989,0.0,/media/mengh/SharedData/zhanh/auto_structbeat/caches/pilot/beat_this_final0_gtzan/gtzan__gtzan_classical_00030__track.npy.npz
bt_gtzan_seed0,direct,gtzan/gtzan_classical_00031/track.npy,gtzan,0.4597701149425288,0.40307352415874087,0.4665493982739932,0.43481146121636705,0.0,0.0,0.015625,0.03125,0.24096385542168677,0.20090131079819865,0.3271849263647227,0.2640431185814607,0.0,0.0,0.0,0.0,157.0,0.04487179487179487,0.7435897435897436,0.624124075900352,86.0,0.0,0.4,1.0173913263537269,0.0,/media/mengh/SharedData/zhanh/auto_structbeat/caches/pilot/beat_this_final0_gtzan/gtzan__gtzan_classical_00031__track.npy.npz
bt_gtzan_seed0,direct,gtzan/gtzan_classical_00032/track.npy,gtzan,0.08695652173913043,0.07690091731571833,0.10138634233186365,0.08914362982379098,0.125,0.2916666666666667,0.2608695652173913,0.34782608695652173,0.0,0.00025343664223880365,0.00028079697364275685,0.0002671168079407802,0.15384615384615385,0.15384615384615385,0.15384615384615385,0.15384615384615385,28.0,0.037037037037037035,0.037037037037037035,2.1896204172032827,18.0,0.058823529411764705,0.058823529411764705,2.771180238176267,0.0,/media/mengh/SharedData/zhanh/auto_structbeat/caches/pilot/beat_this_final0_gtzan/gtzan__gtzan_classical_00032__track.npy.npz
bt_gtzan_seed0,direct,gtzan/gtzan_classical_00033/track.npy,gtzan,0.21052631578947364,0.17083878952241827,0.21777760706837263,0.19430819829539545,0.022727272727272728,0.022727272727272728,0.13636363636363635,0.2727272727272727,0.1111111111111111,0.026194008506263675,0.1741928808191926,0.10019344466272814,0.0,0.0,0.0,0.0,16.0,0.0,0.0,1.8834981101090316,10.0,0.0,0.0,1.1333168101288231,0.0,/media/mengh/SharedData/zhanh/auto_structbeat/caches/pilot/beat_this_final0_gtzan/gtzan__gtzan_classical_00033__track.npy.npz
bt_gtzan_seed0,direct,gtzan/gtzan_classical_00034/track.npy,gtzan,0.1509433962264151,0.10662038860772893,0.10662038860772893,0.10662038860772893,0.2222222222222222,0.2222222222222222,0.2222222222222222,0.2222222222222222,0.08333333333333333,0.024107817220751476,0.07745425106641017,0.050781034143580824,0.11764705882352941,0.11764705882352941,0.11764705882352941,0.11764705882352941,31.0,0.06666666666666667,0.06666666666666667,2.718807074830144,22.0,0.0,0.0,0.8505713887709077,0.0,/media/mengh/SharedData/zhanh/auto_structbeat/caches/pilot/beat_this_final0_gtzan/gtzan__gtzan_classical_00034__track.npy.npz
bt_gtzan_seed0,direct,gtzan/gtzan_classical_00035/track.npy,gtzan,0.912,0.7435865522430898,0.7435865522430898,0.7435865522430898,0.47619047619047616,0.9206349206349206,0.47619047619047616,0.9206349206349206,0.9047619047619048,0.7154327010249621,0.7154327010249621,0.7154327010249621,0.9523809523809523,0.9523809523809523,0.9523809523809523,0.9523809523809523,75.0,0.0,0.0,0.10008345855698364,26.0,0.0,0.0,0.059942975718285385,0.0,/media/mengh/SharedData/zhanh/auto_structbeat/caches/pilot/beat_this_final0_gtzan/gtzan__gtzan_classical_00035__track.npy.npz
bt_gtzan_seed0,direct,gtzan/gtzan_classical_00036/track.npy,gtzan,0.4186046511627907,0.2992706477406049,0.32474806225996306,0.312009355000284,0.09090909090909091,0.2727272727272727,0.21951219512195122,0.2727272727272727,0.1111111111111111,0.03346539800649731,0.03760224429465903,0.03553382115057817,0.07692307692307693,0.07692307692307693,0.07692307692307693,0.07692307692307693,26.0,0.0,0.0,0.7376492262015883,15.0,0.0,0.0,1.2661334212998878,0.0,/media/mengh/SharedData/zhanh/auto_structbeat/caches/pilot/beat_this_final0_gtzan/gtzan__gtzan_classical_00036__track.npy.npz
bt_gtzan_seed0,direct,gtzan/gtzan_classical_00037/track.npy,gtzan,0.4065040650406504,0.301709899705916,0.33412607866516475,0.3179179891855404,0.028985507246376812,0.18840579710144928,0.028985507246376812,0.18840579710144928,0.17391304347826086,0.16934512048625636,0.2036181659250349,0.18648164320564564,0.0,0.0,0.030303030303030304,0.030303030303030304,80.0,0.02531645569620253,0.11392405063291139,1.1187790140229206,39.0,0.0,0.07894736842105263,1.417888194496557,0.0,/media/mengh/SharedData/zhanh/auto_structbeat/caches/pilot/beat_this_final0_gtzan/gtzan__gtzan_classical_00037__track.npy.npz
bt_gtzan_seed0,direct,gtzan/gtzan_classical_00038/track.npy,gtzan,0.3050847457627119,0.22683523160207808,0.22683523160207808,0.22683523160207808,0.12903225806451613,0.22580645161290322,0.12903225806451613,0.22580645161290322,0.07407407407407407,0.05713324944327461,0.09020143144838244,0.07366734044582852,0.0,0.0,0.05263157894736842,0.05263157894736842,32.0,0.0,0.0,0.8864884401897714,22.0,0.0,0.0,1.675036516560391,0.0,/media/mengh/SharedData/zhanh/auto_structbeat/caches/pilot/beat_this_final0_gtzan/gtzan__gtzan_classical_00038__track.npy.npz
bt_gtzan_seed0,direct,gtzan/gtzan_classical_00039/track.npy,gtzan,0.0,0.016860854280853887,0.02028489692868815,0.01857287560477102,0.0,0.0,0.0,0.0,0.0,1.511661926697063e-97,2.4186590827153006e-97,1.9651605047061817e-97,0.0,0.0,0.0,0.0,6.0,0.0,0.0,1.4846785135849667,3.0,0.0,0.0,1.5558536662999942,0.0,/media/mengh/SharedData/zhanh/auto_structbeat/caches/pilot/beat_this_final0_gtzan/gtzan__gtzan_classical_00039__track.npy.npz
bt_gtzan_seed0,direct,gtzan/gtzan_classical_00040/track.npy,gtzan,0.2716049382716049,0.18905968914036608,0.24343099686091094,0.21624534300063852,0.07142857142857142,0.23809523809523808,0.09523809523809523,0.23809523809523808,0.0,0.010759508858027091,0.10291998743586843,0.05683974814694776,0.0,0.0,0.0,0.0,50.0,0.04081632653061224,0.061224489795918366,2.250188557719844,39.0,0.05263157894736842,0.07894736842105263,2.840150455653793,0.0,/media/mengh/SharedData/zhanh/auto_structbeat/caches/pilot/beat_this_final0_gtzan/gtzan__gtzan_classical_00040__track.npy.npz
bt_gtzan_seed0,direct,gtzan/gtzan_classical_00041/track.npy,gtzan,0.06666666666666667,0.030664661472615384,0.04841788648487888,0.039541273978747134,0.0,0.0,0.08333333333333333,0.16666666666666666,0.0,4.7836577228856234e-117,1.2392864620247838e-14,6.196432310123919e-15,0.0,0.0,0.2,0.2,13.0,0.0,0.0,1.5162788441948813,8.0,0.0,0.0,1.3543372140298544,0.0,/media/mengh/SharedData/zhanh/auto_structbeat/caches/pilot/beat_this_final0_gtzan/gtzan__gtzan_classical_00041__track.npy.npz
bt_gtzan_seed0,direct,gtzan/gtzan_classical_00042/track.npy,gtzan,0.6190476190476191,0.43556073185234145,0.6433479138308269,0.5394543228415842,0.0,0.0,0.18823529411764706,0.7647058823529411,0.6,0.4049229331996863,0.6288354439433983,0.5168791885715422,0.0,0.0,0.9259259259259259,0.9259259259259259,103.0,0.058823529411764705,0.06862745098039216,1.0116009116784959,32.0,0.0,0.0,0.061312551862343904,0.0,/media/mengh/SharedData/zhanh/auto_structbeat/caches/pilot/beat_this_final0_gtzan/gtzan__gtzan_classical_00042__track.npy.npz
bt_gtzan_seed0,direct,gtzan/gtzan_classical_00043/track.npy,gtzan,0.8118811881188118,0.6449208866484838,0.6449208866484838,0.6449208866484838,0.3333333333333333,0.7647058823529411,0.3333333333333333,0.7647058823529411,0.8,0.7198749197848247,0.7198749197848247,0.7198749197848247,0.9230769230769231,0.9230769230769231,0.9230769230769231,0.9230769230769231,61.0,0.0,0.0,0.2406381414934424,15.0,0.0,0.0,0.149622970695629,0.0,/media/mengh/SharedData/zhanh/auto_structbeat/caches/pilot/beat_this_final0_gtzan/gtzan__gtzan_classical_00043__track.npy.npz
bt_gtzan_seed0,direct,gtzan/gtzan_classical_00044/track.npy,gtzan,0.20000000000000004,0.16378774649013936,0.19817244943774334,0.18098009796394135,0.0,0.0,0.07692307692307693,0.09090909090909091,0.09523809523809525,0.059584184319808005,0.10777296746106503,0.08367857589043652,0.0,0.0,0.16666666666666666,0.16666666666666666,31.0,0.03333333333333333,0.03333333333333333,1.4752026688243394,14.0,0.07692307692307693,0.07692307692307693,3.340331572705923,0.0,/media/mengh/SharedData/zhanh/auto_structbeat/caches/pilot/beat_this_final0_gtzan/gtzan__gtzan_classical_00044__track.npy.npz
bt_gtzan_seed0,direct,gtzan/gtzan_classical_00045/track.npy,gtzan,0.8354430379746836,0.6579497724713625,0.6579497724713625,0.6579497724713625,0.975,0.975,0.975,0.975,0.45714285714285713,0.36199199712655306,0.5697682920977514,0.4658801446121522,0.0,0.0,0.48,0.48,47.0,0.0,0.0,0.06669137449867306,30.0,0.0,0.0,0.6977129768694754,0.0,/media/mengh/SharedData/zhanh/auto_structbeat/caches/pilot/beat_this_final0_gtzan/gtzan__gtzan_classical_00045__track.npy.npz
bt_gtzan_seed0,direct,gtzan/gtzan_classical_00046/track.npy,gtzan,0.36585365853658536,0.28621646580827814,0.28621646580827814,0.28621646580827814,0.16981132075471697,0.16981132075471697,0.16981132075471697,0.16981132075471697,0.2758620689655172,0.22775539441451376,0.25507991800083973,0.24141765620767675,0.2,0.3333333333333333,0.2,0.3333333333333333,40.0,0.0,0.02564102564102564,1.5358536017195354,23.0,0.0,0.045454545454545456,2.3025850929940455,0.0,/media/mengh/SharedData/zhanh/auto_structbeat/caches/pilot/beat_this_final0_gtzan/gtzan__gtzan_classical_00046__track.npy.npz
bt_gtzan_seed0,direct,gtzan/gtzan_classical_00047/track.npy,gtzan,0.186046511627907,0.16685528040497016,0.17971139096152022,0.1732833356832452,0.08333333333333333,0.16666666666666666,0.08333333333333333,0.16666666666666666,0.0,0.0011592723244134484,0.10848830110204181,0.05482378671322763,0.0,0.0,0.125,0.125,30.0,0.0,0.0,0.5738232093536222,20.0,0.0,0.0,1.178028369573939,0.0,/media/mengh/SharedData/zhanh/auto_structbeat/caches/pilot/beat_this_final0_gtzan/gtzan__gtzan_classical_00047__track.npy.npz
bt_gtzan_seed0,direct,gtzan/gtzan_classical_00048/track.npy,gtzan,0.275,0.19630021884709753,0.2840039509912387,0.24015208491916812,0.045454545454545456,0.06818181818181818,0.15492957746478872,0.22727272727272727,0.20512820512820512,0.16018621267083238,0.1762272450831535,0.16820672887699295,0.0,0.0,0.0,0.0,53.0,0.038461538461538464,0.057692307692307696,1.5699163087638919,34.0,0.06060606060606061,0.06060606060606061,1.9093003564110218,0.0,/media/mengh/SharedData/zhanh/auto_structbeat/caches/pilot/beat_this_final0_gtzan/gtzan__gtzan_classical_00048__track.npy.npz
bt_gtzan_seed0,direct,gtzan/gtzan_classical_00049/track.npy,gtzan,0.39999999999999997,0.238708170816008,0.26702341462874224,0.25286579272237514,0.03225806451612903,0.03225806451612903,0.22950819672131148,0.2459016393442623,0.33333333333333326,0.19868695739047917,0.26088780802671485,0.229787382708597,0.1,0.1,0.3333333333333333,0.3333333333333333,40.0,0.0,0.02564102564102564,0.9636787145472078,13.0,0.0,0.0,1.1828218624964015,0.0,/media/mengh/SharedData/zhanh/auto_structbeat/caches/pilot/beat_this_final0_gtzan/gtzan__gtzan_classical_00049__track.npy.npz
bt_gtzan_seed0,direct,gtzan/gtzan_classical_00050/track.npy,gtzan,0.5777777777777778,0.4586164927542378,0.4586164927542378,0.4586164927542378,0.5384615384615384,0.5769230769230769,0.5384615384615384,0.5769230769230769,0.18181818181818182,0.17911726777251416,0.21820202443440537,0.19865964610345976,0.0,0.0,0.07142857142857142,0.07142857142857142,20.0,0.0,0.0,1.4058638875539373,15.0,0.0,0.0,1.6018477717588493,0.0,/media/mengh/SharedData/zhanh/auto_structbeat/caches/pilot/beat_this_final0_gtzan/gtzan__gtzan_classical_00050__track.npy.npz
bt_gtzan_seed0,direct,gtzan/gtzan_classical_00051/track.npy,gtzan,0.7073170731707318,0.5972334887191179,0.5972334887191179,0.5972334887191179,0.34782608695652173,0.5434782608695652,0.34782608695652173,0.5434782608695652,0.5161290322580645,0.45265114616862934,0.6439867809530095,0.5483189635608194,0.05,0.1,0.3333333333333333,0.6666666666666666,42.0,0.0,0.0,0.7072588039441551,25.0,0.0,0.0,0.951808403039227,0.0,/media/mengh/SharedData/zhanh/auto_structbeat/caches/pilot/beat_this_final0_gtzan/gtzan__gtzan_classical_00051__track.npy.npz
bt_gtzan_seed0,direct,gtzan/gtzan_classical_00052/track.npy,gtzan,1.0,0.7777159745661024,0.7777159745661024,0.7777159745661024,1.0,1.0,1.0,1.0,0.4594594594594595,0.3288440703964901,0.5621091745016282,0.44547662244905917,0.023809523809523808,0.023809523809523808,0.1111111111111111,0.3968253968253968,91.0,0.0,0.18888888888888888,0.21415440897338725,55.0,0.0,0.0,1.0879925424084687,0.0,/media/mengh/SharedData/zhanh/auto_structbeat/caches/pilot/beat_this_final0_gtzan/gtzan__gtzan_classical_00052__track.npy.npz
bt_gtzan_seed0,direct,gtzan/gtzan_classical_00053/track.npy,gtzan,0.8901734104046242,0.5594872414724381,0.5594872414724381,0.5594872414724381,0.17777777777777778,0.5444444444444444,0.17777777777777778,0.5444444444444444,0.8070175438596491,0.4690118877878326,0.4690118877878326,0.4690118877878326,0.9,0.9,0.9,0.9,104.0,0.02912621359223301,0.05825242718446602,0.48473260645490085,34.0,0.0,0.0,0.09395867365971411,0.0,/media/mengh/SharedData/zhanh/auto_structbeat/caches/pilot/beat_this_final0_gtzan/gtzan__gtzan_classical_00053__track.npy.npz
bt_gtzan_seed0,direct,gtzan/gtzan_classical_00054/track.npy,gtzan,0.8533333333333334,0.6746475570649928,0.6746475570649928,0.6746475570649928,0.8157894736842105,0.8421052631578947,0.8157894736842105,0.8421052631578947,0.7999999999999999,0.6707824481952455,0.6707824481952455,0.6707824481952455,0.6363636363636364,0.6363636363636364,0.6363636363636364,0.6363636363636364,45.0,0.0,0.0,0.7636588702530496,16.0,0.0,0.0,1.1956356400949053,0.0,/media/mengh/SharedData/zhanh/auto_structbeat/caches/pilot/beat_this_final0_gtzan/gtzan__gtzan_classical_00054__track.npy.npz
bt_gtzan_seed0,direct,gtzan/gtzan_classical_00055/track.npy,gtzan,0.7727272727272727,0.5653980732849778,0.5653980732849778,0.5653980732849778,0.7727272727272727,0.8636363636363636,0.7727272727272727,0.8636363636363636,0.6666666666666666,0.5018878674782202,0.5018878674782202,0.5018878674782202,0.45454545454545453,0.45454545454545453,0.45454545454545453,0.45454545454545453,26.0,0.0,0.0,0.6051408329000431,12.0,0.0,0.0,0.6529201996422188,0.0,/media/mengh/SharedData/zhanh/auto_structbeat/caches/pilot/beat_this_final0_gtzan/gtzan__gtzan_classical_00055__track.npy.npz
bt_gtzan_seed0,direct,gtzan/gtzan_classical_00056/track.npy,gtzan,0.5135135135135135,0.3455642481248721,0.3720051130505772,0.3587846805877246,0.08695652173913043,0.13043478260869565,0.35714285714285715,0.35714285714285715,0.6956521739130435,0.5519016704881389,0.5519016704881389,0.5519016704881389,0.14285714285714285,0.2857142857142857,0.2222222222222222,0.3333333333333333,34.0,0.030303030303030304,0.030303030303030304,1.5188737296647439,13.0,0.0,0.0,0.7099085265792662,0.0,/media/mengh/SharedData/zhanh/auto_structbeat/caches/pilot/beat_this_final0_gtzan/gtzan__gtzan_classical_00056__track.npy.npz
bt_gtzan_seed0,direct,gtzan/gtzan_classical_00057/track.npy,gtzan,0.4615384615384615,0.36486486450824507,0.36486486450824507,0.36486486450824507,0.05,0.15,0.05,0.15,0.2040816326530612,0.18225812336316916,0.26780132940349305,0.2250297263833311,0.0,0.0,0.05263157894736842,0.07894736842105263,72.0,0.056338028169014086,0.22535211267605634,1.5361796733605535,47.0,0.0,0.06521739130434782,1.4794050874263853,0.0,/media/mengh/SharedData/zhanh/auto_structbeat/caches/pilot/beat_this_final0_gtzan/gtzan__gtzan_classical_00057__track.npy.npz
bt_gtzan_seed0,direct,gtzan/gtzan_classical_00058/track.npy,gtzan,0.8928571428571429,0.7261563730564943,0.7261563730564943,0.7261563730564943,0.7857142857142857,0.9642857142857143,0.7857142857142857,0.9642857142857143,0.8571428571428571,0.7279315336903163,0.7279315336903163,0.7279315336903163,0.4166666666666667,0.5,0.4166666666666667,0.5,33.0,0.0,0.03125,0.8806592218634052,15.0,0.0,0.0,0.8716664417477807,0.0,/media/mengh/SharedData/zhanh/auto_structbeat/caches/pilot/beat_this_final0_gtzan/gtzan__gtzan_classical_00058__track.npy.npz
bt_gtzan_seed0,direct,gtzan/gtzan_classical_00059/track.npy,gtzan,0.7205882352941176,0.6121093821996312,0.822919509949364,0.7175144460744975,0.022988505747126436,0.11494252873563218,0.25773195876288657,0.7731958762886598,0.6842105263157895,0.603084631334131,0.858113413541041,0.730599022437586,0.0,0.0,1.0,1.0,105.0,0.0,0.0,0.6931471805599438,29.0,0.0,0.0,0.01941808585710289,0.0,/media/mengh/SharedData/zhanh/auto_structbeat/caches/pilot/beat_this_final0_gtzan/gtzan__gtzan_classical_00059__track.npy.npz
bt_gtzan_seed0,direct,gtzan/gtzan_classical_00060/track.npy,gtzan,0.99009900990099,0.8478068892609872,0.8478068892609872,0.8478068892609872,0.9803921568627451,0.9803921568627451,0.9803921568627451,0.9803921568627451,0.6486486486486487,0.5721970846961673,0.842117024147146,0.7071570544216566,0.0,0.0,0.92,0.92,61.0,0.0,0.0,0.08004270767353472,30.0,0.0,0.0,0.040005334613698304,0.0,/media/mengh/SharedData/zhanh/auto_structbeat/caches/pilot/beat_this_final0_gtzan/gtzan__gtzan_classical_00060__track.npy.npz
bt_gtzan_seed0,direct,gtzan/gtzan_classical_00061/track.npy,gtzan,1.0,0.9348797644330713,0.9348797644330713,0.9348797644330713,1.0,1.0,1.0,1.0,1.0,0.9262244025570714,0.9262244025570714,0.9262244025570714,1.0,1.0,1.0,1.0,77.0,0.0,0.0,0.10536051565782634,20.0,0.0,0.0,0.14701924997993354,0.0,/media/mengh/SharedData/zhanh/auto_structbeat/caches/pilot/beat_this_final0_gtzan/gtzan__gtzan_classical_00061__track.npy.npz
bt_gtzan_seed0,direct,gtzan/gtzan_classical_00062/track.npy,gtzan,0.47619047619047616,0.3533677393450012,0.3865275120704499,0.36994762570772555,0.044444444444444446,0.08888888888888889,0.09090909090909091,0.18181818181818182,0.6666666666666667,0.4347409188535159,0.4347409188535159,0.4347409188535159,0.3888888888888889,0.3888888888888889,0.3888888888888889,0.3888888888888889,60.0,0.03389830508474576,0.03389830508474576,1.1835706359543712,25.0,0.0,0.0,1.4499737493190261,0.0,/media/mengh/SharedData/zhanh/auto_structbeat/caches/pilot/beat_this_final0_gtzan/gtzan__gtzan_classical_00062__track.npy.npz
bt_gtzan_seed0,direct,gtzan/gtzan_classical_00063/track.npy,gtzan,0.9473684210526315,0.8687978533196031,0.8687978533196031,0.8687978533196031,0.9487179487179487,0.9487179487179487,0.9487179487179487,0.9487179487179487,0.8571428571428572,0.7842411635796003,0.7842411635796003,0.7842411635796003,0.6363636363636364,0.6363636363636364,0.6363636363636364,0.6363636363636364,45.0,0.0,0.0,0.24337608007366424,13.0,0.0,0.0,1.4572844332233943,0.0,/media/mengh/SharedData/zhanh/auto_structbeat/caches/pilot/beat_this_final0_gtzan/gtzan__gtzan_classical_00063__track.npy.npz
bt_gtzan_seed0,direct,gtzan/gtzan_classical_00064/track.npy,gtzan,0.8125,0.6853180047242643,0.6853180047242643,0.6853180047242643,0.35135135135135137,0.5135135135135135,0.35135135135135137,0.5135135135135135,0.6923076923076923,0.6067280449892251,0.6067280449892251,0.6067280449892251,0.07692307692307693,0.15384615384615385,0.07692307692307693,0.15384615384615385,34.0,0.0,0.0,0.9318915637742574,15.0,0.0,0.0,1.6446280081597933,0.0,/media/mengh/SharedData/zhanh/auto_structbeat/caches/pilot/beat_this_final0_gtzan/gtzan__gtzan_classical_00064__track.npy.npz
bt_gtzan_seed0,direct,gtzan/gtzan_classical_00065/track.npy,gtzan,0.5035971223021583,0.4333418899274855,0.4333418899274855,0.4333418899274855,0.0,0.0,0.0,0.0,0.392156862745098,0.3289125205355352,0.3289125205355352,0.3289125205355352,0.0,0.0,0.0,0.0,125.0,0.0,0.04032258064516129,0.28768207245178967,47.0,0.0,0.0,0.7731898882334799,0.0,/media/mengh/SharedData/zhanh/auto_structbeat/caches/pilot/beat_this_final0_gtzan/gtzan__gtzan_classical_00065__track.npy.npz
bt_gtzan_seed0,direct,gtzan/gtzan_classical_00066/track.npy,gtzan,0.9908256880733944,0.8846965897251018,0.8846965897251018,0.8846965897251018,0.9818181818181818,0.9818181818181818,0.9818181818181818,0.9818181818181818,0.9032258064516129,0.7941931724343606,0.7941931724343606,0.7941931724343606,0.4117647058823529,0.6470588235294118,0.4117647058823529,0.6470588235294118,61.0,0.0,0.0,0.18924199963852847,19.0,0.0,0.0,0.7599731104772449,0.0,/media/mengh/SharedData/zhanh/auto_structbeat/caches/pilot/beat_this_final0_gtzan/gtzan__gtzan_classical_00066__track.npy.npz
bt_gtzan_seed0,direct,gtzan/gtzan_classical_00067/track.npy,gtzan,0.8602150537634408,0.7378553697838509,0.7378553697838509,0.7378553697838509,0.4375,0.7291666666666666,0.4375,0.7291666666666666,0.7857142857142858,0.7188274923122852,0.7188274923122852,0.7188274923122852,0.29411764705882354,0.4117647058823529,0.29411764705882354,0.4117647058823529,57.0,0.017857142857142856,0.017857142857142856,1.1136422194489597,22.0,0.0,0.0,0.8238104470770558,0.0,/media/mengh/SharedData/zhanh/auto_structbeat/caches/pilot/beat_this_final0_gtzan/gtzan__gtzan_classical_00067__track.npy.npz
bt_gtzan_seed0,direct,gtzan/gtzan_classical_00068/track.npy,gtzan,0.6538461538461539,0.531923639436836,0.8017399782814897,0.6668318088591628,0.0,0.0,0.9714285714285714,0.9714285714285714,0.9714285714285714,0.802753809899308,0.802753809899308,0.802753809899308,0.9444444444444444,0.9444444444444444,0.9444444444444444,0.9444444444444444,42.0,0.0,0.0,0.05556985115480487,21.0,0.0,0.0,0.01666995136098277,0.0,/media/mengh/SharedData/zhanh/auto_structbeat/caches/pilot/beat_this_final0_gtzan/gtzan__gtzan_classical_00068__track.npy.npz
bt_gtzan_seed0,direct,gtzan/gtzan_classical_00069/track.npy,gtzan,0.6909090909090909,0.3869372158171689,0.3869372158171689,0.3869372158171689,0.5,0.9285714285714286,0.5,0.9285714285714286,0.5,0.3376291451961895,0.3376291451961895,0.3376291451961895,0.6666666666666666,0.6666666666666666,0.6666666666666666,0.6666666666666666,33.0,0.0,0.0,0.2973535538733474,13.0,0.0,0.0,1.0868470399630124,0.0,/media/mengh/SharedData/zhanh/auto_structbeat/caches/pilot/beat_this_final0_gtzan/gtzan__gtzan_classical_00069__track.npy.npz
bt_gtzan_seed0,direct,gtzan/gtzan_classical_00070/track.npy,gtzan,0.9696969696969697,0.7478171705251287,0.7478171705251287,0.7478171705251287,0.4090909090909091,0.9696969696969697,0.4090909090909091,0.9696969696969697,1.0,0.8053994904424807,0.8053994904424807,0.8053994904424807,1.0,1.0,1.0,1.0,80.0,0.0,0.0,0.10536051565782734,28.0,0.0,0.0,0.4465494504380089,0.0,/media/mengh/SharedData/zhanh/auto_structbeat/caches/pilot/beat_this_final0_gtzan/gtzan__gtzan_classical_00070__track.npy.npz
bt_gtzan_seed0,direct,gtzan/gtzan_classical_00071/track.npy,gtzan,0.7801418439716312,0.6491154038195307,0.6692939485389217,0.6592046761792262,0.3253012048192771,0.37349397590361444,0.3253012048192771,0.37349397590361444,0.7037037037037037,0.5889193291486835,0.5889193291486835,0.5889193291486835,0.38235294117647056,0.4117647058823529,0.38235294117647056,0.4117647058823529,96.0,0.0,0.18947368421052632,0.51144560603551,38.0,0.0,0.08108108108108109,1.6332654573851875,0.0,/media/mengh/SharedData/zhanh/auto_structbeat/caches/pilot/beat_this_final0_gtzan/gtzan__gtzan_classical_00071__track.npy.npz
bt_gtzan_seed0,direct,gtzan/gtzan_classical_00072/track.npy,gtzan,0.7916666666666666,0.6517853310612339,0.6517853310612339,0.6517853310612339,0.5416666666666666,0.8958333333333334,0.5416666666666666,0.8958333333333334,0.8333333333333334,0.6651627998288553,0.6651627998288553,0.6651627998288553,1.0,1.0,1.0,1.0,59.0,0.0,0.0,0.109199291964993,17.0,0.0,0.0,1.0671308833611708,0.0,/media/mengh/SharedData/zhanh/auto_structbeat/caches/pilot/beat_this_final0_gtzan/gtzan__gtzan_classical_00072__track.npy.npz
bt_gtzan_seed0,direct,gtzan/gtzan_classical_00073/track.npy,gtzan,0.9629629629629629,0.7686954789748636,0.7686954789748636,0.7686954789748636,0.9259259259259259,0.9814814814814815,0.9259259259259259,0.9814814814814815,0.923076923076923,0.6926512284183968,0.6926512284183968,0.6926512284183968,0.38095238095238093,0.7619047619047619,0.38095238095238093,0.7619047619047619,65.0,0.0,0.0,0.08701137698963102,25.0,0.0,0.0,1.1129414845882302,0.0,/media/mengh/SharedData/zhanh/auto_structbeat/caches/pilot/beat_this_final0_gtzan/gtzan__gtzan_classical_00073__track.npy.npz
bt_gtzan_seed0,direct,gtzan/gtzan_classical_00074/track.npy,gtzan,1.0,0.8268229388228114,0.8268229388228114,0.8268229388228114,0.7761194029850746,0.9701492537313433,0.7761194029850746,0.9701492537313433,0.5333333333333333,0.45724851284739587,0.7097366736332084,0.5834925932403021,0.0,0.0,0.4418604651162791,0.5348837209302325,81.0,0.0,0.0,0.11122563511022229,50.0,0.0,0.0,0.6838132940811905,0.0,/media/mengh/SharedData/zhanh/auto_structbeat/caches/pilot/beat_this_final0_gtzan/gtzan__gtzan_classical_00074__track.npy.npz
bt_gtzan_seed0,direct,gtzan/gtzan_classical_00075/track.npy,gtzan,0.4571428571428571,0.33695150443748734,0.5018426661832099,0.41939708531034864,0.0,0.0,0.9583333333333334,0.9583333333333334,0.5833333333333334,0.44078076829073276,0.44078076829073276,0.44078076829073276,0.3333333333333333,0.5,0.3333333333333333,0.5,28.0,0.0,0.037037037037037035,0.24401381881382678,15.0,0.0,0.0,0.8824682097035703,0.0,/media/mengh/SharedData/zhanh/auto_structbeat/caches/pilot/beat_this_final0_gtzan/gtzan__gtzan_classical_00075__track.npy.npz
bt_gtzan_seed0,direct,gtzan/gtzan_classical_00076/track.npy,gtzan,0.993006993006993,0.7507876528744835,0.7507876528744835,0.7507876528744835,0.5694444444444444,0.9722222222222222,0.5694444444444444,0.9722222222222222,1.0,0.7992926429835886,0.7992926429835886,0.7992926429835886,1.0,1.0,1.0,1.0,81.0,0.0,0.0,0.5873282675767459,21.0,0.0,0.0,0.02857337244405554,0.0,/media/mengh/SharedData/zhanh/auto_structbeat/caches/pilot/beat_this_final0_gtzan/gtzan__gtzan_classical_00076__track.npy.npz
bt_gtzan_seed0,direct,gtzan/gtzan_classical_00077/track.npy,gtzan,0.5263157894736842,0.35906726527664506,0.35906726527664506,0.35906726527664506,0.0,0.0,0.45,0.45,0.47619047619047616,0.30707148198314255,0.30707148198314255,0.30707148198314255,0.09090909090909091,0.09090909090909091,0.09090909090909091,0.10526315789473684,20.0,0.0,0.0,0.6795468904154702,12.0,0.0,0.0,1.112164451195394,0.0,/media/mengh/SharedData/zhanh/auto_structbeat/caches/pilot/beat_this_final0_gtzan/gtzan__gtzan_classical_00077__track.npy.npz
bt_gtzan_seed0,direct,gtzan/gtzan_classical_00078/track.npy,gtzan,0.6153846153846153,0.5382904253688561,0.8074356380532841,0.6728630317110701,0.0,0.0,0.5,0.7857142857142857,0.75,0.6699092623722983,0.6699092623722983,0.6699092623722983,0.4444444444444444,0.4444444444444444,0.4444444444444444,0.4444444444444444,15.0,0.0,0.0,0.6342345195802024,12.0,0.0,0.0,0.7362837969261407,0.0,/media/mengh/SharedData/zhanh/auto_structbeat/caches/pilot/beat_this_final0_gtzan/gtzan__gtzan_classical_00078__track.npy.npz
bt_gtzan_seed0,direct,gtzan/gtzan_classical_00079/track.npy,gtzan,0.8809523809523809,0.7640450577989629,0.7640450577989629,0.7640450577989629,0.5116279069767442,0.9069767441860465,0.5116279069767442,0.9069767441860465,0.6249999999999999,0.5415787640977225,0.7877370019415713,0.6646578830196469,0.0,0.0,1.0,1.0,54.0,0.018867924528301886,0.018867924528301886,0.7089382744750142,25.0,0.0,0.0,0.1281609049068819,0.0,/media/mengh/SharedData/zhanh/auto_structbeat/caches/pilot/beat_this_final0_gtzan/gtzan__gtzan_classical_00079__track.npy.npz
bt_gtzan_seed0,direct,gtzan/gtzan_classical_00080/track.npy,gtzan,0.32,0.23282752886653513,0.29341916580426997,0.26312334733540255,0.2777777777777778,0.2777777777777778,0.2777777777777778,0.2777777777777778,0.0,3.1230677283646016e-34,2.136839107934524e-22,1.0684195539688236e-22,0.0,0.0,0.0,0.0,8.0,0.0,0.0,2.4014394194370743,4.0,0.0,0.0,2.224395825204997,0.0,/media/mengh/SharedData/zhanh/auto_structbeat/caches/pilot/beat_this_final0_gtzan/gtzan__gtzan_classical_00080__track.npy.npz
bt_gtzan_seed0,direct,gtzan/gtzan_classical_00081/track.npy,gtzan,0.9917355371900827,0.8094347545500598,0.8094347545500598,0.8094347545500598,0.9836065573770492,0.9836065573770492,0.9836065573770492,0.9836065573770492,0.26666666666666666,0.2030404834461394,0.2030404834461394,0.2030404834461394,0.0,0.0,0.0,0.0,73.0,0.0,0.0,0.09531017980433143,39.0,0.0,0.0,1.0863983109634767,0.0,/media/mengh/SharedData/zhanh/auto_structbeat/caches/pilot/beat_this_final0_gtzan/gtzan__gtzan_classical_00081__track.npy.npz
bt_gtzan_seed0,direct,gtzan/gtzan_classical_00082/track.npy,gtzan,1.0,0.8154884932543579,0.8154884932543579,0.8154884932543579,1.0,1.0,1.0,1.0,0.4848484848484849,0.38546655619268133,0.7230351985572059,0.5542508773749436,0.0,0.0,0.30434782608695654,0.6086956521739131,57.0,0.0,0.017857142857142856,0.109199291964996,26.0,0.0,0.04,1.3994771981750103,0.0,/media/mengh/SharedData/zhanh/auto_structbeat/caches/pilot/beat_this_final0_gtzan/gtzan__gtzan_classical_00082__track.npy.npz
bt_gtzan_seed0,direct,gtzan/gtzan_classical_00083/track.npy,gtzan,0.7,0.5347068527164338,0.5347068527164338,0.5347068527164338,0.38235294117647056,0.4117647058823529,0.38235294117647056,0.4117647058823529,0.2222222222222222,0.1899016086744975,0.34775016846822804,0.2688258885713628,0.0,0.0,0.05555555555555555,0.1111111111111111,29.0,0.0,0.0,0.622986490142658,20.0,0.0,0.0,0.7295169620661207,0.0,/media/mengh/SharedData/zhanh/auto_structbeat/caches/pilot/beat_this_final0_gtzan/gtzan__gtzan_classical_00083__track.npy.npz
bt_gtzan_seed0,direct,gtzan/gtzan_classical_00084/track.npy,gtzan,0.7032967032967032,0.5655372045208468,0.5655372045208468,0.5655372045208468,0.6956521739130435,0.6956521739130435,0.6956521739130435,0.6956521739130435,0.36363636363636365,0.27327809127644137,0.4529184143144163,0.36309825279542884,0.0,0.0,0.2727272727272727,0.3333333333333333,55.0,0.0,0.0,0.13735917303098605,38.0,0.0,0.0,0.7121953755306427,0.0,/media/mengh/SharedData/zhanh/auto_structbeat/caches/pilot/beat_this_final0_gtzan/gtzan__gtzan_classical_00084__track.npy.npz
bt_gtzan_seed0,direct,gtzan/gtzan_classical_00085/track.npy,gtzan,0.9777777777777777,0.8128944532538286,0.8128944532538286,0.8128944532538286,1.0,1.0,1.0,1.0,0.4313725490196079,0.34573025724175815,0.5731749838762228,0.4594526205589905,0.0,0.0,0.05,0.125,54.0,0.0,0.0,0.08817161673056512,47.0,0.0,0.0,0.7114963192281437,0.0,/media/mengh/SharedData/zhanh/auto_structbeat/caches/pilot/beat_this_final0_gtzan/gtzan__gtzan_classical_00085__track.npy.npz
bt_gtzan_seed0,direct,gtzan/gtzan_classical_00086/track.npy,gtzan,0.6666666666666666,0.5944603181422942,0.8832787224791441,0.7388695203107192,0.0,0.0,0.6190476190476191,0.9761904761904762,0.3846153846153846,0.30929243105666815,0.4993800682990127,0.40433624967784043,0.0,0.0,0.0,0.0,102.0,0.009900990099009901,0.009900990099009901,0.14310084364067024,51.0,0.0,0.0,0.06807227269164434,0.0,/media/mengh/SharedData/zhanh/auto_structbeat/caches/pilot/beat_this_final0_gtzan/gtzan__gtzan_classical_00086__track.npy.npz
bt_gtzan_seed0,direct,gtzan/gtzan_classical_00087/track.npy,gtzan,0.8571428571428572,0.6886721928220759,0.6886721928220759,0.6886721928220759,0.56,0.92,0.56,0.92,0.4999999999999999,0.4353911727562636,0.4353911727562636,0.4353911727562636,0.0,0.0,0.0,0.0,29.0,0.0,0.0,0.5133138143366744,24.0,0.0,0.0,0.8743697920179618,0.0,/media/mengh/SharedData/zhanh/auto_structbeat/caches/pilot/beat_this_final0_gtzan/gtzan__gtzan_classical_00087__track.npy.npz
bt_gtzan_seed0,direct,gtzan/gtzan_classical_00088/track.npy,gtzan,1.0,0.8392678708308069,0.8392678708308069,0.8392678708308069,1.0,1.0,1.0,1.0,1.0,0.8428270821299076,0.8428270821299076,0.8428270821299076,1.0,1.0,1.0,1.0,52.0,0.0,0.0,0.06453852113757132,13.0,0.0,0.0,0.03517165529241145,0.0,/media/mengh/SharedData/zhanh/auto_structbeat/caches/pilot/beat_this_final0_gtzan/gtzan__gtzan_classical_00088__track.npy.npz
bt_gtzan_seed0,direct,gtzan/gtzan_classical_00089/track.npy,gtzan,0.923076923076923,0.809658074531081,0.809658074531081,0.809658074531081,0.7560975609756098,0.8780487804878049,0.7560975609756098,0.8780487804878049,0.6206896551724138,0.5374512800395441,0.8093021919614053,0.6733767360004748,0.0,0.0,0.9473684210526315,0.9473684210526315,45.0,0.0,0.0,0.0922330139376479,23.0,0.0,0.0,0.08269171584511445,0.0,/media/mengh/SharedData/zhanh/auto_structbeat/caches/pilot/beat_this_final0_gtzan/gtzan__gtzan_classical_00089__track.npy.npz
bt_gtzan_seed0,direct,gtzan/gtzan_classical_00090/track.npy,gtzan,0.6792452830188678,0.545223145611,0.5497639804816905,0.5474935630463453,0.125,0.375,0.125,0.3902439024390244,0.35714285714285715,0.27883961103380955,0.27883961103380955,0.27883961103380955,0.0,0.0,0.0,0.0,38.0,0.02702702702702703,0.02702702702702703,0.9872949474322855,24.0,0.043478260869565216,0.043478260869565216,1.9808455874444029,0.0,/media/mengh/SharedData/zhanh/auto_structbeat/caches/pilot/beat_this_final0_gtzan/gtzan__gtzan_classical_00090__track.npy.npz
bt_gtzan_seed0,direct,gtzan/gtzan_classical_00091/track.npy,gtzan,0.9599999999999999,0.8740626234513487,0.8740626234513487,0.8740626234513487,0.42105263157894735,0.8947368421052632,0.42105263157894735,0.8947368421052632,0.5714285714285715,0.5234934042985802,0.6298743740515613,0.5766838891750707,0.04,0.04,0.24,0.4,45.0,0.0,0.022727272727272728,1.1256814648615203,32.0,0.0,0.03225806451612903,1.019463388236124,0.0,/media/mengh/SharedData/zhanh/auto_structbeat/caches/pilot/beat_this_final0_gtzan/gtzan__gtzan_classical_00091__track.npy.npz
bt_gtzan_seed0,direct,gtzan/gtzan_classical_00092/track.npy,gtzan,0.5287356321839081,0.3999609238116212,0.5999413857174317,0.49995115476452645,0.0,0.0,1.0,1.0,0.38709677419354843,0.2899007988712613,0.443663962622348,0.36678238074680464,0.3125,0.4375,0.3125,0.4375,35.0,0.0,0.0,0.24997917898757024,20.0,0.0,0.0,0.7989681609317205,0.0,/media/mengh/SharedData/zhanh/auto_structbeat/caches/pilot/beat_this_final0_gtzan/gtzan__gtzan_classical_00092__track.npy.npz
bt_gtzan_seed0,direct,gtzan/gtzan_classical_00093/track.npy,gtzan,0.983050847457627,0.9216060134140108,0.9216060134140108,0.9216060134140108,0.6666666666666666,0.95,0.6666666666666666,0.95,0.6829268292682926,0.6266834274839902,0.8583188276089364,0.7425011275464632,0.07407407407407407,0.07407407407407407,0.7407407407407407,0.8518518518518519,72.0,0.04225352112676056,0.04225352112676056,1.5338143684749246,33.0,0.0625,0.0625,2.703726000625188,0.0,/media/mengh/SharedData/zhanh/auto_structbeat/caches/pilot/beat_this_final0_gtzan/gtzan__gtzan_classical_00093__track.npy.npz
bt_gtzan_seed0,direct,gtzan/gtzan_classical_00094/track.npy,gtzan,0.5230769230769231,0.33647353562543963,0.33647353562543963,0.33647353562543963,0.38235294117647056,0.6176470588235294,0.38235294117647056,0.6176470588235294,0.4999999999999999,0.30642863148841604,0.30642863148841604,0.30642863148841604,0.5384615384615384,0.6153846153846154,0.5384615384615384,0.6153846153846154,39.0,0.02631578947368421,0.02631578947368421,1.4630825792355597,16.0,0.0,0.0,1.0587311425713375,0.0,/media/mengh/SharedData/zhanh/auto_structbeat/caches/pilot/beat_this_final0_gtzan/gtzan__gtzan_classical_00094__track.npy.npz
bt_gtzan_seed0,direct,gtzan/gtzan_classical_00095/track.npy,gtzan,0.3333333333333333,0.22352784727357733,0.22352784727357733,0.22352784727357733,0.09090909090909091,0.36363636363636365,0.09090909090909091,0.36363636363636365,0.35294117647058826,0.2559411283176218,0.271138416357073,0.2635397723373474,0.2222222222222222,0.3333333333333333,0.2222222222222222,0.3333333333333333,33.0,0.0,0.0,1.0468289490156877,11.0,0.0,0.0,1.5447403383480336,0.0,/media/mengh/SharedData/zhanh/auto_structbeat/caches/pilot/beat_this_final0_gtzan/gtzan__gtzan_classical_00095__track.npy.npz
bt_gtzan_seed0,direct,gtzan/gtzan_classical_00096/track.npy,gtzan,0.9380530973451328,0.8147218723730888,0.8147218723730888,0.8147218723730888,0.9473684210526315,0.9473684210526315,0.9473684210526315,0.9473684210526315,0.9230769230769231,0.7993288631571925,0.7993288631571925,0.7993288631571925,0.95,0.95,0.95,0.95,68.0,0.014925373134328358,0.014925373134328358,0.18032951438165715,24.0,0.043478260869565216,0.043478260869565216,0.13050607974403827,0.0,/media/mengh/SharedData/zhanh/auto_structbeat/caches/pilot/beat_this_final0_gtzan/gtzan__gtzan_classical_00096__track.npy.npz
bt_gtzan_seed0,direct,gtzan/gtzan_classical_00097/track.npy,gtzan,0.7924528301886793,0.5580883789027159,0.6216129395105994,0.5898506592066577,0.2857142857142857,0.3492063492063492,0.2857142857142857,0.38823529411764707,0.6285714285714286,0.450670651087629,0.6148645613955607,0.5327676062415948,0.0,0.0,0.4583333333333333,0.6666666666666666,73.0,0.013888888888888888,0.013888888888888888,0.7282385003712115,57.0,0.0,0.0,0.8336620249356945,0.0,/media/mengh/SharedData/zhanh/auto_structbeat/caches/pilot/beat_this_final0_gtzan/gtzan__gtzan_classical_00097__track.npy.npz
bt_gtzan_seed0,direct,gtzan/gtzan_classical_00098/track.npy,gtzan,1.0,0.8693111559928368,0.8693111559928368,0.8693111559928368,1.0,1.0,1.0,1.0,0.6666666666666666,0.6088690399932785,0.8802935697941927,0.7445813048937355,0.0,0.0,0.95,0.95,48.0,0.0,0.0,0.06453852113757488,24.0,0.0,0.0,0.04447745662735714,0.0,/media/mengh/SharedData/zhanh/auto_structbeat/caches/pilot/beat_this_final0_gtzan/gtzan__gtzan_classical_00098__track.npy.npz
bt_gtzan_seed0,direct,gtzan/gtzan_classical_00099/track.npy,gtzan,0.6538461538461539,0.5779821318983858,0.8839726723151782,0.730977402106782,0.0,0.0,1.0,1.0,0.9411764705882353,0.8354586763505288,0.8354586763505288,0.8354586763505288,0.8888888888888888,0.8888888888888888,0.8888888888888888,0.8888888888888888,21.0,0.0,0.0,0.1314159598498877,11.0,0.0,0.0,0.5654780351903734,0.0,/media/mengh/SharedData/zhanh/auto_structbeat/caches/pilot/beat_this_final0_gtzan/gtzan__gtzan_classical_00099__track.npy.npz
bt_gtzan_seed0,direct,gtzan/gtzan_country_00000/track.npy,gtzan,0.9577464788732395,0.9232808423574288,0.9232808423574288,0.9232808423574288,0.9444444444444444,0.9444444444444444,0.9444444444444444,0.9444444444444444,1.0,0.9089720932065464,0.9089720932065464,0.9089720932065464,1.0,1.0,1.0,1.0,42.0,0.0,0.0,0.02817087696670073,11.0,0.0,0.0,0.011277710818280126,0.0,/media/mengh/SharedData/zhanh/auto_structbeat/caches/pilot/beat_this_final0_gtzan/gtzan__gtzan_country_00000__track.npy.npz
bt_gtzan_seed0,direct,gtzan/gtzan_country_00001/track.npy,gtzan,1.0,0.9686875083199082,0.9686875083199082,0.9686875083199082,1.0,1.0,1.0,1.0,1.0,0.9786861118506186,0.9786861118506186,0.9786861118506186,1.0,1.0,1.0,1.0,65.0,0.0,0.0,0.04255961441880263,16.0,0.0,0.0,0.021506205220963737,0.0,/media/mengh/SharedData/zhanh/auto_structbeat/caches/pilot/beat_this_final0_gtzan/gtzan__gtzan_country_00001__track.npy.npz
bt_gtzan_seed0,direct,gtzan/gtzan_country_00002/track.npy,gtzan,1.0,0.9420615306561135,0.9420615306561135,0.9420615306561135,1.0,1.0,1.0,1.0,1.0,0.9373880349335649,0.9373880349335649,0.9373880349335649,1.0,1.0,1.0,1.0,83.0,0.0,0.0,0.1112256351102221,20.0,0.0,0.0,0.013793322132334307,0.0,/media/mengh/SharedData/zhanh/auto_structbeat/caches/pilot/beat_this_final0_gtzan/gtzan__gtzan_country_00002__track.npy.npz
bt_gtzan_seed0,direct,gtzan/gtzan_country_00003/track.npy,gtzan,0.9850746268656716,0.9440618400312258,0.9440618400312258,0.9440618400312258,0.9705882352941176,0.9705882352941176,0.9705882352941176,0.9705882352941176,0.9411764705882353,0.8825004788464481,0.8825004788464481,0.8825004788464481,0.7777777777777778,0.7777777777777778,0.7777777777777778,0.7777777777777778,40.0,0.0,0.0,0.054067221270275974,11.0,0.0,0.0,0.4172441235783444,0.0,/media/mengh/SharedData/zhanh/auto_structbeat/caches/pilot/beat_this_final0_gtzan/gtzan__gtzan_country_00003__track.npy.npz
bt_gtzan_seed0,direct,gtzan/gtzan_country_00004/track.npy,gtzan,1.0,0.9598518397722592,0.9598518397722592,0.9598518397722592,1.0,1.0,1.0,1.0,1.0,0.9547864849102788,0.9547864849102788,0.9547864849102788,1.0,1.0,1.0,1.0,59.0,0.0,0.0,0.039220713153283904,15.0,0.0,0.0,0.02335900443430624,0.0,/media/mengh/SharedData/zhanh/auto_structbeat/caches/pilot/beat_this_final0_gtzan/gtzan__gtzan_country_00004__track.npy.npz
bt_gtzan_seed0,direct,gtzan/gtzan_country_00005/track.npy,gtzan,1.0,0.9811925209570415,0.9811925209570415,0.9811925209570415,1.0,1.0,1.0,1.0,1.0,0.9741317530609105,0.9741317530609105,0.9741317530609105,1.0,1.0,1.0,1.0,66.0,0.0,0.0,0.08701137698962659,16.0,0.0,0.0,0.010929070532190055,0.0,/media/mengh/SharedData/zhanh/auto_structbeat/caches/pilot/beat_this_final0_gtzan/gtzan__gtzan_country_00005__track.npy.npz
bt_gtzan_seed0,direct,gtzan/gtzan_country_00006/track.npy,gtzan,1.0,0.9461246776243588,0.9461246776243588,0.9461246776243588,1.0,1.0,1.0,1.0,1.0,0.928205173765921,0.928205173765921,0.928205173765921,1.0,1.0,1.0,1.0,57.0,0.0,0.0,0.07410797215372045,14.0,0.0,0.0,0.009302392662313957,0.0,/media/mengh/SharedData/zhanh/auto_structbeat/caches/pilot/beat_this_final0_gtzan/gtzan__gtzan_country_00006__track.npy.npz
bt_gtzan_seed0,direct,gtzan/gtzan_country_00007/track.npy,gtzan,0.634920634920635,0.6014298054464676,0.8937058562730161,0.7475678308597419,0.0,0.0,0.9523809523809523,0.9523809523809523,0.5882352941176471,0.577138701042841,0.8156704481005964,0.6964045745717187,0.0,0.0,1.0,1.0,51.0,0.0,0.0,0.06669137449867305,13.0,0.0,0.0,0.021133683149031468,0.0,/media/mengh/SharedData/zhanh/auto_structbeat/caches/pilot/beat_this_final0_gtzan/gtzan__gtzan_country_00007__track.npy.npz
bt_gtzan_seed0,direct,gtzan/gtzan_country_00008/track.npy,gtzan,1.0,0.9667022577489668,0.9667022577489668,0.9667022577489668,1.0,1.0,1.0,1.0,0.9333333333333333,0.882747107646896,0.882747107646896,0.882747107646896,0.625,0.625,0.625,0.625,33.0,0.0,0.0,0.03346230921144792,11.0,0.0,0.0,0.42363235103597024,0.0,/media/mengh/SharedData/zhanh/auto_structbeat/caches/pilot/beat_this_final0_gtzan/gtzan__gtzan_country_00008__track.npy.npz
bt_gtzan_seed0,direct,gtzan/gtzan_country_00009/track.npy,gtzan,1.0,0.9840452539211452,0.9840452539211452,0.9840452539211452,1.0,1.0,1.0,1.0,1.0,0.982997284306054,0.982997284306054,0.982997284306054,1.0,1.0,1.0,1.0,49.0,0.0,0.0,0.031748698314583684,13.0,0.0,0.0,0.3466381105716936,0.0,/media/mengh/SharedData/zhanh/auto_structbeat/caches/pilot/beat_this_final0_gtzan/gtzan__gtzan_country_00009__track.npy.npz
bt_gtzan_seed0,direct,gtzan/gtzan_country_00010/track.npy,gtzan,0.9846153846153847,0.9312967800252475,0.9312967800252475,0.9312967800252475,0.9696969696969697,0.9696969696969697,0.9696969696969697,0.9696969696969697,0.7000000000000001,0.6486155470341124,0.7756302892866107,0.7121229181603616,0.25,0.25,0.3333333333333333,0.4666666666666667,40.0,0.0,0.0,0.08004270767353944,14.0,0.0,0.0,0.6931471805599452,0.0,/media/mengh/SharedData/zhanh/auto_structbeat/caches/pilot/beat_this_final0_gtzan/gtzan__gtzan_country_00010__track.npy.npz
bt_gtzan_seed0,direct,gtzan/gtzan_country_00011/track.npy,gtzan,0.9787234042553191,0.9241468759726759,0.9241468759726759,0.9241468759726759,0.9583333333333334,0.9583333333333334,0.9583333333333334,0.9583333333333334,1.0,0.9508470336166762,0.9508470336166762,0.9508470336166762,1.0,1.0,1.0,1.0,58.0,0.0,0.0,0.04865579514899329,14.0,0.0,0.0,0.013784996911812397,0.0,/media/mengh/SharedData/zhanh/auto_structbeat/caches/pilot/beat_this_final0_gtzan/gtzan__gtzan_country_00011__track.npy.npz
bt_gtzan_seed0,direct,gtzan/gtzan_country_00012/track.npy,gtzan,0.6605504587155963,0.5658108376917498,0.8565747403943625,0.7111927890430562,0.0,0.0,1.0,1.0,1.0,0.8457224823695584,0.8457224823695584,0.8457224823695584,1.0,1.0,1.0,1.0,44.0,0.0,0.0,0.0588405000229346,22.0,0.0,0.0,0.029413885206292678,0.0,/media/mengh/SharedData/zhanh/auto_structbeat/caches/pilot/beat_this_final0_gtzan/gtzan__gtzan_country_00012__track.npy.npz
bt_gtzan_seed0,direct,gtzan/gtzan_country_00013/track.npy,gtzan,1.0,0.8897676730466775,0.8897676730466775,0.8897676730466775,1.0,1.0,1.0,1.0,1.0,0.8384410022763226,0.8384410022763226,0.8384410022763226,1.0,1.0,1.0,1.0,64.0,0.0,0.0,0.08338160893904922,16.0,0.0,0.0,0.035753269505053774,0.0,/media/mengh/SharedData/zhanh/auto_structbeat/caches/pilot/beat_this_final0_gtzan/gtzan__gtzan_country_00013__track.npy.npz
bt_gtzan_seed0,direct,gtzan/gtzan_country_00014/track.npy,gtzan,0.9913043478260869,0.8940701085832018,0.8940701085832018,0.8940701085832018,0.9827586206896551,0.9827586206896551,0.9827586206896551,0.9827586206896551,1.0,0.9064685300184959,0.9064685300184959,0.9064685300184959,1.0,1.0,1.0,1.0,69.0,0.0,0.0,0.09097177820572547,17.0,0.0,0.0,0.026379384800877814,0.0,/media/mengh/SharedData/zhanh/auto_structbeat/caches/pilot/beat_this_final0_gtzan/gtzan__gtzan_country_00014__track.npy.npz
bt_gtzan_seed0,direct,gtzan/gtzan_country_00015/track.npy,gtzan,0.9354838709677419,0.8371877898560364,0.8371877898560364,0.8371877898560364,0.8709677419354839,0.9354838709677419,0.8709677419354839,0.9354838709677419,0.7777777777777777,0.685862435218818,0.685862435218818,0.685862435218818,0.55,0.6,0.55,0.6,74.0,0.0,0.0,0.0711008928251021,23.0,0.0,0.0,1.115141590619323,0.0,/media/mengh/SharedData/zhanh/auto_structbeat/caches/pilot/beat_this_final0_gtzan/gtzan__gtzan_country_00015__track.npy.npz
bt_gtzan_seed0,direct,gtzan/gtzan_country_00016/track.npy,gtzan,0.6716417910447761,0.6394944091532822,0.9521361200551479,0.795815264604215,0.0,0.0,1.0,1.0,0.6470588235294118,0.6094688463648794,0.941906398927541,0.7756876226462102,0.0,0.0,1.0,1.0,54.0,0.0,0.0,0.07145896398214803,13.0,0.0,0.0,0.0221839120907808,0.0,/media/mengh/SharedData/zhanh/auto_structbeat/caches/pilot/beat_this_final0_gtzan/gtzan__gtzan_country_00016__track.npy.npz
bt_gtzan_seed0,direct,gtzan/gtzan_country_00017/track.npy,gtzan,0.9240506329113923,0.878968193613274,0.878968193613274,0.878968193613274,0.25882352941176473,0.7294117647058823,0.25882352941176473,0.7294117647058823,1.0,0.9543583114520156,0.9543583114520156,0.9543583114520156,1.0,1.0,1.0,1.0,102.0,0.12871287128712872,0.12871287128712872,1.446918982936324,22.0,0.0,0.0,0.014598799421154884,0.0,/media/mengh/SharedData/zhanh/auto_structbeat/caches/pilot/beat_this_final0_gtzan/gtzan__gtzan_country_00017__track.npy.npz
bt_gtzan_seed0,direct,gtzan/gtzan_country_00018/track.npy,gtzan,0.993006993006993,0.9487348974061044,0.9487348974061044,0.9487348974061044,0.9861111111111112,0.9861111111111112,0.9861111111111112,0.9861111111111112,0.972972972972973,0.9119358666458242,0.9119358666458242,0.9119358666458242,0.9473684210526315,0.9473684210526315,0.9473684210526315,0.9473684210526315,86.0,0.0,0.0,0.11778303565638115,21.0,0.0,0.0,0.014388737452100692,0.0,/media/mengh/SharedData/zhanh/auto_structbeat/caches/pilot/beat_this_final0_gtzan/gtzan__gtzan_country_00018__track.npy.npz
bt_gtzan_seed0,direct,gtzan/gtzan_country_00019/track.npy,gtzan,1.0,0.9326856074617551,0.9326856074617551,0.9326856074617551,1.0,1.0,1.0,1.0,1.0,0.9491160440286506,0.9491160440286506,0.9491160440286506,1.0,1.0,1.0,1.0,43.0,0.0,0.0,0.057158413839952404,10.0,0.0,0.0,0.023347128136587098,0.0,/media/mengh/SharedData/zhanh/auto_structbeat/caches/pilot/beat_this_final0_gtzan/gtzan__gtzan_country_00019__track.npy.npz
bt_gtzan_seed0,direct,gtzan/gtzan_country_00020/track.npy,gtzan,1.0,0.9380973204484542,0.9380973204484542,0.9380973204484542,1.0,1.0,1.0,1.0,1.0,0.9029702849806971,0.9029702849806971,0.9029702849806971,1.0,1.0,1.0,1.0,52.0,0.0,0.0,0.06899287148694865,13.0,0.0,0.0,0.017241806434505902,0.0,/media/mengh/SharedData/zhanh/auto_structbeat/caches/pilot/beat_this_final0_gtzan/gtzan__gtzan_country_00020__track.npy.npz
bt_gtzan_seed0,direct,gtzan/gtzan_country_00021/track.npy,gtzan,0.9438202247191012,0.8355876966290294,0.8355876966290294,0.8355876966290294,0.9777777777777777,0.9777777777777777,0.9777777777777777,0.9777777777777777,1.0,0.8596696583379678,0.8596696583379678,0.8596696583379678,1.0,1.0,1.0,1.0,54.0,0.0,0.0,0.03636764417088045,13.0,0.0,0.0,0.009132483563273175,0.0,/media/mengh/SharedData/zhanh/auto_structbeat/caches/pilot/beat_this_final0_gtzan/gtzan__gtzan_country_00021__track.npy.npz
bt_gtzan_seed0,direct,gtzan/gtzan_country_00022/track.npy,gtzan,0.9615384615384616,0.7287677767183693,0.7287677767183693,0.7287677767183693,0.9615384615384616,0.9615384615384616,0.9615384615384616,0.9615384615384616,0.7777777777777778,0.5467748558301955,0.6632654771888572,0.6050201665095263,0.18181818181818182,0.18181818181818182,0.5384615384615384,0.6923076923076923,31.0,0.0,0.0,0.0742783792571715,13.0,0.0,0.0,0.7008199653972758,0.0,/media/mengh/SharedData/zhanh/auto_structbeat/caches/pilot/beat_this_final0_gtzan/gtzan__gtzan_country_00022__track.npy.npz
bt_gtzan_seed0,direct,gtzan/gtzan_country_00023/track.npy,gtzan,1.0,0.8102652041606324,0.8102652041606324,0.8102652041606324,1.0,1.0,1.0,1.0,1.0,0.7705590288907258,0.7705590288907258,0.7705590288907258,1.0,1.0,1.0,1.0,41.0,0.0,0.0,0.02817087696669074,10.0,0.0,0.0,0.018289889966835945,0.0,/media/mengh/SharedData/zhanh/auto_structbeat/caches/pilot/beat_this_final0_gtzan/gtzan__gtzan_country_00023__track.npy.npz
bt_gtzan_seed0,direct,gtzan/gtzan_country_00024/track.npy,gtzan,0.9906542056074767,0.9173269356869591,0.9173269356869591,0.9173269356869591,0.9814814814814815,0.9814814814814815,0.9814814814814815,0.9814814814814815,0.962962962962963,0.9018171978597843,0.9018171978597843,0.9018171978597843,0.9285714285714286,0.9285714285714286,0.9285714285714286,0.9285714285714286,64.0,0.0,0.0,0.08682988858710074,16.0,0.0,0.0,0.02127739844728444,0.0,/media/mengh/SharedData/zhanh/auto_structbeat/caches/pilot/beat_this_final0_gtzan/gtzan__gtzan_country_00024__track.npy.npz
bt_gtzan_seed0,direct,gtzan/gtzan_country_00025/track.npy,gtzan,0.9333333333333333,0.8162905337552685,0.8162905337552685,0.8162905337552685,0.8333333333333334,0.9666666666666667,0.8333333333333334,0.9666666666666667,1.0,0.8394047182488054,0.8394047182488054,0.8394047182488054,1.0,1.0,1.0,1.0,36.0,0.0,0.0,0.04879016416943094,9.0,0.0,0.0,0.048918711869501044,0.0,/media/mengh/SharedData/zhanh/auto_structbeat/caches/pilot/beat_this_final0_gtzan/gtzan__gtzan_country_00025__track.npy.npz
bt_gtzan_seed0,direct,gtzan/gtzan_country_00026/track.npy,gtzan,1.0,0.8966675422428729,0.8966675422428729,0.8966675422428729,1.0,1.0,1.0,1.0,1.0,0.8742908244215203,0.8742908244215203,0.8742908244215203,1.0,1.0,1.0,1.0,54.0,0.0,0.0,0.07145896398214968,14.0,0.0,0.0,0.018018505502679045,0.0,/media/mengh/SharedData/zhanh/auto_structbeat/caches/pilot/beat_this_final0_gtzan/gtzan__gtzan_country_00026__track.npy.npz
bt_gtzan_seed0,direct,gtzan/gtzan_country_00027/track.npy,gtzan,1.0,0.9027358618747772,0.9027358618747772,0.9027358618747772,1.0,1.0,1.0,1.0,0.608695652173913,0.5440364071272967,0.6515640366882111,0.5978002219077538,0.3076923076923077,0.3076923076923077,0.3076923076923077,0.3157894736842105,47.0,0.0,0.0,0.06214120994835064,15.0,0.0,0.0,0.704115807612434,0.0,/media/mengh/SharedData/zhanh/auto_structbeat/caches/pilot/beat_this_final0_gtzan/gtzan__gtzan_country_00027__track.npy.npz
bt_gtzan_seed0,direct,gtzan/gtzan_country_00028/track.npy,gtzan,1.0,0.9599172314871295,0.9599172314871295,0.9599172314871295,1.0,1.0,1.0,1.0,1.0,0.945302295668373,0.945302295668373,0.945302295668373,1.0,1.0,1.0,1.0,45.0,0.0,0.0,0.02985296314968583,11.0,0.0,0.0,0.012041608672877532,0.0,/media/mengh/SharedData/zhanh/auto_structbeat/caches/pilot/beat_this_final0_gtzan/gtzan__gtzan_country_00028__track.npy.npz
bt_gtzan_seed0,direct,gtzan/gtzan_country_00029/track.npy,gtzan,0.8421052631578947,0.6558619274459304,0.6558619274459304,0.6558619274459304,0.9736842105263158,0.9736842105263158,0.9736842105263158,0.9736842105263158,0.6206896551724138,0.4963730721511715,0.6765751279472046,0.5864741000491881,0.0,0.0,1.0,1.0,46.0,0.0,0.0,0.06062462181643358,23.0,0.0,0.0,0.030771658666753687,0.0,/media/mengh/SharedData/zhanh/auto_structbeat/caches/pilot/beat_this_final0_gtzan/gtzan__gtzan_country_00029__track.npy.npz
bt_gtzan_seed0,direct,gtzan/gtzan_country_00030/track.npy,gtzan,1.0,0.890915477635585,0.890915477635585,0.890915477635585,1.0,1.0,1.0,1.0,1.0,0.9345705802502354,0.9345705802502354,0.9345705802502354,1.0,1.0,1.0,1.0,39.0,0.0,0.0,0.052643733485421985,10.0,0.0,0.0,0.015197297694052085,0.0,/media/mengh/SharedData/zhanh/auto_structbeat/caches/pilot/beat_this_final0_gtzan/gtzan__gtzan_country_00030__track.npy.npz
bt_gtzan_seed0,direct,gtzan/gtzan_country_00031/track.npy,gtzan,1.0,0.9205914894975187,0.9205914894975187,0.9205914894975187,1.0,1.0,1.0,1.0,1.0,0.9336775606942473,0.9336775606942473,0.9336775606942473,1.0,1.0,1.0,1.0,55.0,0.0,0.0,0.07410797215372263,13.0,0.0,0.0,0.00930239266231253,0.0,/media/mengh/SharedData/zhanh/auto_structbeat/caches/pilot/beat_this_final0_gtzan/gtzan__gtzan_country_00031__track.npy.npz
bt_gtzan_seed0,direct,gtzan/gtzan_country_00032/track.npy,gtzan,1.0,0.9003746254941363,0.9003746254941363,0.9003746254941363,1.0,1.0,1.0,1.0,1.0,0.8866863433652676,0.8866863433652676,0.8866863433652676,1.0,1.0,1.0,1.0,49.0,0.0,0.0,0.05501391164319744,17.0,0.0,0.0,0.025011729068592524,0.0,/media/mengh/SharedData/zhanh/auto_structbeat/caches/pilot/beat_this_final0_gtzan/gtzan__gtzan_country_00032__track.npy.npz
bt_gtzan_seed0,direct,gtzan/gtzan_country_00033/track.npy,gtzan,1.0,0.9691463491334842,0.9691463491334842,0.9691463491334842,1.0,1.0,1.0,1.0,0.6896551724137931,0.664695475516712,0.9697096082224852,0.8172025418695986,0.0,0.0,1.0,1.0,46.0,0.0,0.0,0.06062462181643358,23.0,0.0,0.0,0.015267472130788107,0.0,/media/mengh/SharedData/zhanh/auto_structbeat/caches/pilot/beat_this_final0_gtzan/gtzan__gtzan_country_00033__track.npy.npz
bt_gtzan_seed0,direct,gtzan/gtzan_country_00034/track.npy,gtzan,0.6588235294117647,0.6165406305173416,0.9275367846386584,0.772038707578,0.0,0.0,0.9824561403508771,0.9824561403508771,0.7272727272727273,0.6782112280914021,0.8813105650480355,0.7797608965697188,0.07142857142857142,0.14285714285714285,0.375,0.75,68.0,0.0,0.0,0.0909717782057276,19.0,0.0,0.0,0.6729342357586746,0.0,/media/mengh/SharedData/zhanh/auto_structbeat/caches/pilot/beat_this_final0_gtzan/gtzan__gtzan_country_00034__track.npy.npz
bt_gtzan_seed0,direct,gtzan/gtzan_country_00035/track.npy,gtzan,0.9101796407185628,0.36886094700857297,0.36886094700857297,0.36886094700857297,0.09523809523809523,0.32142857142857145,0.09523809523809523,0.32142857142857145,1.0,0.37000015861388685,0.37000015861388685,0.37000015861388685,1.0,1.0,1.0,1.0,99.0,0.0,0.0,0.13353139262452193,25.0,0.0,0.0,0.031163770735811145,0.0,/media/mengh/SharedData/zhanh/auto_structbeat/caches/pilot/beat_this_final0_gtzan/gtzan__gtzan_country_00035__track.npy.npz
bt_gtzan_seed0,direct,gtzan/gtzan_country_00036/track.npy,gtzan,0.967032967032967,0.8997646818006892,0.8997646818006892,0.8997646818006892,0.5957446808510638,0.851063829787234,0.5957446808510638,0.851063829787234,1.0,0.9023165686141109,0.9023165686141109,0.9023165686141109,1.0,1.0,1.0,1.0,54.0,0.0,0.0,0.6154382490602219,14.0,0.0,0.0,0.05657049288605135,0.0,/media/mengh/SharedData/zhanh/auto_structbeat/caches/pilot/beat_this_final0_gtzan/gtzan__gtzan_country_00036__track.npy.npz
bt_gtzan_seed0,direct,gtzan/gtzan_country_00037/track.npy,gtzan,1.0,0.8952790541722923,0.8952790541722923,0.8952790541722923,1.0,1.0,1.0,1.0,1.0,0.8523130026811163,0.8523130026811163,0.8523130026811163,1.0,1.0,1.0,1.0,49.0,0.0,0.0,0.06453852113757216,16.0,0.0,0.0,0.02173998663640565,0.0,/media/mengh/SharedData/zhanh/auto_structbeat/caches/pilot/beat_this_final0_gtzan/gtzan__gtzan_country_00037__track.npy.npz
bt_gtzan_seed0,direct,gtzan/gtzan_country_00038/track.npy,gtzan,0.9922480620155039,0.9003125868655063,0.9003125868655063,0.9003125868655063,0.9846153846153847,0.9846153846153847,0.9846153846153847,0.9846153846153847,1.0,0.9456267916184703,0.9456267916184703,0.9456267916184703,1.0,1.0,1.0,1.0,78.0,0.0,0.0,0.051293294387558364,20.0,0.0,0.0,0.025975486403260636,0.0,/media/mengh/SharedData/zhanh/auto_structbeat/caches/pilot/beat_this_final0_gtzan/gtzan__gtzan_country_00038__track.npy.npz
bt_gtzan_seed0,direct,gtzan/gtzan_country_00039/track.npy,gtzan,0.8571428571428571,0.692558346615103,0.692558346615103,0.692558346615103,0.6103896103896104,0.8441558441558441,0.6103896103896104,0.8441558441558441,0.39999999999999997,0.33428993818478386,0.4962911225707303,0.4152905303777571,0.0,0.0,0.3170731707317073,0.5365853658536586,92.0,0.0,0.0,0.12516314295400344,54.0,0.0,0.0,0.7069944269599828,0.0,/media/mengh/SharedData/zhanh/auto_structbeat/caches/pilot/beat_this_final0_gtzan/gtzan__gtzan_country_00039__track.npy.npz
bt_gtzan_seed0,direct,gtzan/gtzan_country_00040/track.npy,gtzan,1.0,0.9403879600635492,0.9403879600635492,0.9403879600635492,1.0,1.0,1.0,1.0,1.0,0.9234164381849995,0.9234164381849995,0.9234164381849995,1.0,1.0,1.0,1.0,70.0,0.0,0.0,0.04652001563490016,17.0,0.0,0.0,0.0232568621642665,0.0,/media/mengh/SharedData/zhanh/auto_structbeat/caches/pilot/beat_this_final0_gtzan/gtzan__gtzan_country_00040__track.npy.npz
bt_gtzan_seed0,direct,gtzan/gtzan_country_00041/track.npy,gtzan,1.0,0.9085611103602041,0.9085611103602041,0.9085611103602041,1.0,1.0,1.0,1.0,0.9655172413793104,0.8684972679959352,0.8684972679959352,0.8684972679959352,0.9333333333333333,0.9333333333333333,0.9333333333333333,0.9333333333333333,66.0,0.0,0.0,0.044451762570840825,17.0,0.0,0.0,0.23666491764237443,0.0,/media/mengh/SharedData/zhanh/auto_structbeat/caches/pilot/beat_this_final0_gtzan/gtzan__gtzan_country_00041__track.npy.npz
bt_gtzan_seed0,direct,gtzan/gtzan_country_00042/track.npy,gtzan,0.9941520467836257,0.9645704542053654,0.9645704542053654,0.9645704542053654,0.9883720930232558,0.9883720930232558,0.9883720930232558,0.9883720930232558,1.0,0.9677263169395074,0.9677263169395074,0.9677263169395074,1.0,1.0,1.0,1.0,102.0,0.0,0.0,0.06899287148696231,26.0,0.0,0.0,0.017094433359301216,0.0,/media/mengh/SharedData/zhanh/auto_structbeat/caches/pilot/beat_this_final0_gtzan/gtzan__gtzan_country_00042__track.npy.npz
bt_gtzan_seed0,direct,gtzan/gtzan_country_00043/track.npy,gtzan,1.0,0.9290901608833481,0.9290901608833481,0.9290901608833481,1.0,1.0,1.0,1.0,1.0,0.9381126287582348,0.9381126287582348,0.9381126287582348,1.0,1.0,1.0,1.0,69.0,0.0,0.0,0.0776362494344786,17.0,0.0,0.0,0.014989431148164244,0.0,/media/mengh/SharedData/zhanh/auto_structbeat/caches/pilot/beat_this_final0_gtzan/gtzan__gtzan_country_00043__track.npy.npz
bt_gtzan_seed0,direct,gtzan/gtzan_country_00044/track.npy,gtzan,0.9846153846153847,0.9344982741807228,0.9344982741807228,0.9344982741807228,0.9696969696969697,0.9696969696969697,0.9696969696969697,0.9696969696969697,1.0,0.934465944052296,0.934465944052296,0.934465944052296,1.0,1.0,1.0,1.0,39.0,0.0,0.0,0.052643733485421694,10.0,0.0,0.0,0.017392627241287026,0.0,/media/mengh/SharedData/zhanh/auto_structbeat/caches/pilot/beat_this_final0_gtzan/gtzan__gtzan_country_00044__track.npy.npz
bt_gtzan_seed0,direct,gtzan/gtzan_country_00045/track.npy,gtzan,0.9846153846153847,0.9659756628905081,0.9659756628905081,0.9659756628905081,0.9696969696969697,0.9696969696969697,0.9696969696969697,0.9696969696969697,0.9411764705882353,0.9308284203217444,0.9308284203217444,0.9308284203217444,0.8888888888888888,0.8888888888888888,0.8888888888888888,0.8888888888888888,39.0,0.0,0.0,0.025975486403264747,9.0,0.0,0.0,0.006514681021193569,0.0,/media/mengh/SharedData/zhanh/auto_structbeat/caches/pilot/beat_this_final0_gtzan/gtzan__gtzan_country_00045__track.npy.npz
bt_gtzan_seed0,direct,gtzan/gtzan_country_00046/track.npy,gtzan,0.9923664122137404,0.9593953533902965,0.9593953533902965,0.9593953533902965,0.9848484848484849,0.9848484848484849,0.9848484848484849,0.9848484848484849,0.8717948717948718,0.8485537812009227,0.8485537812009227,0.8485537812009227,0.5454545454545454,0.5454545454545454,0.5454545454545454,0.5454545454545454,79.0,0.0,0.0,0.10536051565782856,25.0,0.0,0.0,0.05004618484509951,0.0,/media/mengh/SharedData/zhanh/auto_structbeat/caches/pilot/beat_this_final0_gtzan/gtzan__gtzan_country_00046__track.npy.npz
bt_gtzan_seed0,direct,gtzan/gtzan_country_00047/track.npy,gtzan,0.9838709677419355,0.895463687613641,0.895463687613641,0.895463687613641,0.9838709677419355,0.9838709677419355,0.9838709677419355,0.9838709677419355,1.0,0.9161908949355343,0.9161908949355343,0.9161908949355343,1.0,1.0,1.0,1.0,75.0,0.0,0.0,0.10008345855698275,18.0,0.0,0.0,0.02818605864977633,0.0,/media/mengh/SharedData/zhanh/auto_structbeat/caches/pilot/beat_this_final0_gtzan/gtzan__gtzan_country_00047__track.npy.npz
bt_gtzan_seed0,direct,gtzan/gtzan_country_00048/track.npy,gtzan,0.9696969696969697,0.8219199227800087,0.8219199227800087,0.8219199227800087,0.98,0.98,0.98,0.98,1.0,0.8287648258453552,0.8287648258453552,0.8287648258453552,1.0,1.0,1.0,1.0,60.0,0.0,0.0,0.046242851512636594,15.0,0.0,0.0,0.03135927111697421,0.0,/media/mengh/SharedData/zhanh/auto_structbeat/caches/pilot/beat_this_final0_gtzan/gtzan__gtzan_country_00048__track.npy.npz
bt_gtzan_seed0,direct,gtzan/gtzan_country_00049/track.npy,gtzan,1.0,0.9549336075544188,0.9549336075544188,0.9549336075544188,1.0,1.0,1.0,1.0,0.9600000000000001,0.8727709267365572,0.8727709267365572,0.8727709267365572,0.9230769230769231,0.9230769230769231,0.9230769230769231,0.9230769230769231,57.0,0.0,0.0,0.03774032798285287,15.0,0.0,0.0,0.2980775295562331,0.0,/media/mengh/SharedData/zhanh/auto_structbeat/caches/pilot/beat_this_final0_gtzan/gtzan__gtzan_country_00049__track.npy.npz
bt_gtzan_seed0,direct,gtzan/gtzan_country_00050/track.npy,gtzan,1.0,0.9581990965354662,0.9581990965354662,0.9581990965354662,1.0,1.0,1.0,1.0,1.0,0.9628013319947658,0.9628013319947658,0.9628013319947658,1.0,1.0,1.0,1.0,59.0,0.0,0.0,0.039220713153287345,15.0,0.0,0.0,0.1236071670649824,0.0,/media/mengh/SharedData/zhanh/auto_structbeat/caches/pilot/beat_this_final0_gtzan/gtzan__gtzan_country_00050__track.npy.npz
bt_gtzan_seed0,direct,gtzan/gtzan_country_00051/track.npy,gtzan,1.0,0.9547258341196625,0.9547258341196625,0.9547258341196625,1.0,1.0,1.0,1.0,1.0,0.9693965941207965,0.9693965941207965,0.9693965941207965,1.0,1.0,1.0,1.0,32.0,0.0,0.0,0.021978906718775965,8.0,0.0,0.0,0.005420067469339429,0.0,/media/mengh/SharedData/zhanh/auto_structbeat/caches/pilot/beat_this_final0_gtzan/gtzan__gtzan_country_00051__track.npy.npz
bt_gtzan_seed0,direct,gtzan/gtzan_country_00052/track.npy,gtzan,0.9333333333333333,0.619830028660509,0.619830028660509,0.619830028660509,1.0,1.0,1.0,1.0,0.5714285714285715,0.4634748028850129,0.4634748028850129,0.4634748028850129,0.0,0.0,0.0,0.0,36.0,0.0,0.0,0.0643167947745305,30.0,0.0,0.0,0.7159565384372717,0.0,/media/mengh/SharedData/zhanh/auto_structbeat/caches/pilot/beat_this_final0_gtzan/gtzan__gtzan_country_00052__track.npy.npz
bt_gtzan_seed0,direct,gtzan/gtzan_country_00053/track.npy,gtzan,1.0,0.9834277832072991,0.9834277832072991,0.9834277832072991,1.0,1.0,1.0,1.0,1.0,0.9845133030812384,0.9845133030812384,0.9845133030812384,1.0,1.0,1.0,1.0,90.0,0.0,0.0,0.09777759081240278,22.0,0.0,0.0,0.015037877364540542,0.0,/media/mengh/SharedData/zhanh/auto_structbeat/caches/pilot/beat_this_final0_gtzan/gtzan__gtzan_country_00053__track.npy.npz
bt_gtzan_seed0,direct,gtzan/gtzan_country_00054/track.npy,gtzan,1.0,0.962995063913289,0.962995063913289,0.962995063913289,1.0,1.0,1.0,1.0,0.5,0.4761282709542838,0.6649736725260845,0.5705509717401842,0.375,0.375,0.375,0.375,37.0,0.0,0.0,0.050010420574660916,10.0,0.0,0.0,0.9665642916202994,0.0,/media/mengh/SharedData/zhanh/auto_structbeat/caches/pilot/beat_this_final0_gtzan/gtzan__gtzan_country_00054__track.npy.npz
bt_gtzan_seed0,direct,gtzan/gtzan_country_00055/track.npy,gtzan,1.0,0.9559877719688812,0.9559877719688812,0.9559877719688812,1.0,1.0,1.0,1.0,1.0,0.9499231416964566,0.9499231416964566,0.9499231416964566,1.0,1.0,1.0,1.0,66.0,0.0,0.0,0.044451762570840825,17.0,0.0,0.0,0.011049836186584727,0.0,/media/mengh/SharedData/zhanh/auto_structbeat/caches/pilot/beat_this_final0_gtzan/gtzan__gtzan_country_00055__track.npy.npz
bt_gtzan_seed0,direct,gtzan/gtzan_country_00056/track.npy,gtzan,0.9855072463768115,0.8693969537292853,0.8693969537292853,0.8693969537292853,0.9714285714285714,0.9714285714285714,0.9714285714285714,0.9714285714285714,1.0,0.8700770366711749,0.8700770366711749,0.8700770366711749,1.0,1.0,1.0,1.0,41.0,0.0,0.0,0.054217484258732136,14.0,0.0,0.0,0.018182319083191005,0.0,/media/mengh/SharedData/zhanh/auto_structbeat/caches/pilot/beat_this_final0_gtzan/gtzan__gtzan_country_00056__track.npy.npz
bt_gtzan_seed0,direct,gtzan/gtzan_country_00057/track.npy,gtzan,1.0,0.9205917254047454,0.9205917254047454,0.9205917254047454,1.0,1.0,1.0,1.0,0.47058823529411764,0.4341963354377317,0.7334680429396228,0.5838321891886772,0.1,0.1,0.38461538461538464,0.38461538461538464,34.0,0.0,0.0,0.03310230335812664,11.0,0.0,0.0,0.6965466230813508,0.0,/media/mengh/SharedData/zhanh/auto_structbeat/caches/pilot/beat_this_final0_gtzan/gtzan__gtzan_country_00057__track.npy.npz
bt_gtzan_seed0,direct,gtzan/gtzan_country_00058/track.npy,gtzan,0.9894736842105264,0.9701398550595177,0.9701398550595177,0.9701398550595177,0.9791666666666666,0.9791666666666666,0.9791666666666666,0.9791666666666666,1.0,0.9761823240293236,0.9761823240293236,0.9761823240293236,1.0,1.0,1.0,1.0,57.0,0.0,0.0,0.03774032798284954,14.0,0.0,0.0,0.009478743954544311,0.0,/media/mengh/SharedData/zhanh/auto_structbeat/caches/pilot/beat_this_final0_gtzan/gtzan__gtzan_country_00058__track.npy.npz
bt_gtzan_seed0,direct,gtzan/gtzan_country_00059/track.npy,gtzan,1.0,0.970571392611205,0.970571392611205,0.970571392611205,1.0,1.0,1.0,1.0,1.0,0.9732199327659662,0.9732199327659662,0.9732199327659662,1.0,1.0,1.0,1.0,34.0,0.0,0.0,0.0229895182247012,8.0,0.0,0.0,0.015661764682053936,0.0,/media/mengh/SharedData/zhanh/auto_structbeat/caches/pilot/beat_this_final0_gtzan/gtzan__gtzan_country_00059__track.npy.npz
bt_gtzan_seed0,direct,gtzan/gtzan_country_00060/track.npy,gtzan,0.983050847457627,0.9215222124408601,0.9215222124408601,0.9215222124408601,0.9666666666666667,0.9666666666666667,0.9666666666666667,0.9666666666666667,0.8333333333333333,0.7882844040492595,0.7882844040492595,0.7882844040492595,0.35714285714285715,0.5,0.35714285714285715,0.5,36.0,0.0,0.0,0.046520015634893275,17.0,0.0,0.0,0.9408014249746621,0.0,/media/mengh/SharedData/zhanh/auto_structbeat/caches/pilot/beat_this_final0_gtzan/gtzan__gtzan_country_00060__track.npy.npz
bt_gtzan_seed0,direct,gtzan/gtzan_country_00061/track.npy,gtzan,1.0,0.9293119162018074,0.9293119162018074,0.9293119162018074,1.0,1.0,1.0,1.0,0.8235294117647058,0.7560538366717958,0.8179633185277118,0.7870085775997537,0.4,0.4,0.46153846153846156,0.46153846153846156,31.0,0.0,0.0,0.052703570897963625,12.0,0.0,0.0,0.6936623234558266,0.0,/media/mengh/SharedData/zhanh/auto_structbeat/caches/pilot/beat_this_final0_gtzan/gtzan__gtzan_country_00061__track.npy.npz
bt_gtzan_seed0,direct,gtzan/gtzan_country_00062/track.npy,gtzan,1.0,0.9692992054598423,0.9692992054598423,0.9692992054598423,1.0,1.0,1.0,1.0,0.972972972972973,0.9512800196175117,0.9512800196175117,0.9512800196175117,0.9473684210526315,0.9473684210526315,0.9473684210526315,0.9473684210526315,88.0,0.0,0.0,0.11778303565639142,23.0,0.0,0.0,0.014815085785140347,0.0,/media/mengh/SharedData/zhanh/auto_structbeat/caches/pilot/beat_this_final0_gtzan/gtzan__gtzan_country_00062__track.npy.npz
bt_gtzan_seed0,direct,gtzan/gtzan_country_00063/track.npy,gtzan,0.9859154929577464,0.9606747163776737,0.9606747163776737,0.9606747163776737,0.9722222222222222,0.9722222222222222,0.9722222222222222,0.9722222222222222,0.9411764705882353,0.9251293010300445,0.9251293010300445,0.9251293010300445,0.8888888888888888,0.8888888888888888,0.8888888888888888,0.8888888888888888,42.0,0.0,0.0,0.05556985115481095,10.0,0.0,0.0,0.007017572658646554,0.0,/media/mengh/SharedData/zhanh/auto_structbeat/caches/pilot/beat_this_final0_gtzan/gtzan__gtzan_country_00063__track.npy.npz
bt_gtzan_seed0,direct,gtzan/gtzan_country_00064/track.npy,gtzan,1.0,0.9642497707054056,0.9642497707054056,0.9642497707054056,1.0,1.0,1.0,1.0,1.0,0.9559365402748323,0.9559365402748323,0.9559365402748323,1.0,1.0,1.0,1.0,33.0,0.0,0.0,0.04445176257083586,8.0,0.0,0.0,0.015144256857306748,0.0,/media/mengh/SharedData/zhanh/auto_structbeat/caches/pilot/beat_this_final0_gtzan/gtzan__gtzan_country_00064__track.npy.npz
bt_gtzan_seed0,direct,gtzan/gtzan_country_00065/track.npy,gtzan,0.6666666666666666,0.6019240658847157,0.9028860988270735,0.7524050823558945,0.0,0.0,1.0,1.0,0.7000000000000001,0.621848387751136,0.8085523709261534,0.7152003793386448,0.15384615384615385,0.15384615384615385,0.8571428571428571,0.8571428571428571,30.0,0.0,0.0,0.0769610411361284,8.0,0.0,0.0,0.5834356697468952,0.0,/media/mengh/SharedData/zhanh/auto_structbeat/caches/pilot/beat_this_final0_gtzan/gtzan__gtzan_country_00065__track.npy.npz
bt_gtzan_seed0,direct,gtzan/gtzan_country_00066/track.npy,gtzan,0.6715328467153284,0.6101020243953063,0.9085214823448354,0.7593117533700708,0.0,0.0,1.0,1.0,1.0,0.8726136794769725,0.8726136794769725,0.8726136794769725,1.0,1.0,1.0,1.0,55.0,0.0,0.0,0.07410797215372182,27.0,0.0,0.0,0.018623534143364255,0.0,/media/mengh/SharedData/zhanh/auto_structbeat/caches/pilot/beat_this_final0_gtzan/gtzan__gtzan_country_00066__track.npy.npz
bt_gtzan_seed0,direct,gtzan/gtzan_country_00067/track.npy,gtzan,0.9629629629629629,0.7072138765799766,0.7072138765799766,0.7072138765799766,1.0,1.0,1.0,1.0,1.0,0.6687027759368026,0.6687027759368026,0.6687027759368026,1.0,1.0,1.0,1.0,33.0,0.03125,0.03125,0.1868122511262525,8.0,0.0,0.0,0.06351287739372813,0.0,/media/mengh/SharedData/zhanh/auto_structbeat/caches/pilot/beat_this_final0_gtzan/gtzan__gtzan_country_00067__track.npy.npz
bt_gtzan_seed0,direct,gtzan/gtzan_country_00068/track.npy,gtzan,1.0,0.8793647696145379,0.8793647696145379,0.8793647696145379,1.0,1.0,1.0,1.0,1.0,0.8910720894512598,0.8910720894512598,0.8910720894512598,1.0,1.0,1.0,1.0,42.0,0.0,0.0,0.0555698511548145,10.0,0.0,0.0,0.02790585126504015,0.0,/media/mengh/SharedData/zhanh/auto_structbeat/caches/pilot/beat_this_final0_gtzan/gtzan__gtzan_country_00068__track.npy.npz
bt_gtzan_seed0,direct,gtzan/gtzan_country_00069/track.npy,gtzan,1.0,0.887944596583347,0.887944596583347,0.887944596583347,1.0,1.0,1.0,1.0,1.0,0.8927222739834505,0.8927222739834505,0.8927222739834505,1.0,1.0,1.0,1.0,57.0,0.0,0.0,0.0878713343873935,19.0,0.0,0.0,0.040705716819909005,0.0,/media/mengh/SharedData/zhanh/auto_structbeat/caches/pilot/beat_this_final0_gtzan/gtzan__gtzan_country_00069__track.npy.npz
bt_gtzan_seed0,direct,gtzan/gtzan_country_00070/track.npy,gtzan,0.7132867132867133,0.6375399267207142,0.8406738448786967,0.7391068857997054,0.06521739130434782,0.10869565217391304,0.45098039215686275,0.803921568627451,1.0,0.8976872801045906,0.8976872801045906,0.8976872801045906,1.0,1.0,1.0,1.0,61.0,0.0,0.0,0.66419033360444,28.0,0.0,0.0,0.04909268690554767,0.0,/media/mengh/SharedData/zhanh/auto_structbeat/caches/pilot/beat_this_final0_gtzan/gtzan__gtzan_country_00070__track.npy.npz
bt_gtzan_seed0,direct,gtzan/gtzan_country_00071/track.npy,gtzan,1.0,0.8702919548463853,0.8702919548463853,0.8702919548463853,1.0,1.0,1.0,1.0,1.0,0.8971185705924468,0.8971185705924468,0.8971185705924468,1.0,1.0,1.0,1.0,37.0,0.0,0.0,0.07410797215372136,9.0,0.0,0.0,0.022205484093511613,0.0,/media/mengh/SharedData/zhanh/auto_structbeat/caches/pilot/beat_this_final0_gtzan/gtzan__gtzan_country_00071__track.npy.npz
bt_gtzan_seed0,direct,gtzan/gtzan_country_00072/track.npy,gtzan,1.0,0.8857407787070917,0.8857407787070917,0.8857407787070917,1.0,1.0,1.0,1.0,1.0,0.9154550193217954,0.9154550193217954,0.9154550193217954,1.0,1.0,1.0,1.0,75.0,0.0,0.0,0.12171034706509348,19.0,0.0,0.0,0.025001302205417453,0.0,/media/mengh/SharedData/zhanh/auto_structbeat/caches/pilot/beat_this_final0_gtzan/gtzan__gtzan_country_00072__track.npy.npz
bt_gtzan_seed0,direct,gtzan/gtzan_country_00073/track.npy,gtzan,1.0,0.9033953270375324,0.9033953270375324,0.9033953270375324,1.0,1.0,1.0,1.0,1.0,0.9133552363802965,0.9133552363802965,0.9133552363802965,1.0,1.0,1.0,1.0,75.0,0.0,0.0,0.10008345855698497,19.0,0.0,0.0,0.038221212820194694,0.0,/media/mengh/SharedData/zhanh/auto_structbeat/caches/pilot/beat_this_final0_gtzan/gtzan__gtzan_country_00073__track.npy.npz
bt_gtzan_seed0,direct,gtzan/gtzan_country_00074/track.npy,gtzan,1.0,0.8307570644006174,0.8307570644006174,0.8307570644006174,1.0,1.0,1.0,1.0,1.0,0.8641076074898676,0.8641076074898676,0.8641076074898676,1.0,1.0,1.0,1.0,34.0,0.0,0.0,0.044906537748499835,9.0,0.0,0.0,0.02100733147508657,0.0,/media/mengh/SharedData/zhanh/auto_structbeat/caches/pilot/beat_this_final0_gtzan/gtzan__gtzan_country_00074__track.npy.npz
bt_gtzan_seed0,direct,gtzan/gtzan_country_00075/track.npy,gtzan,1.0,0.9096145264789335,0.9096145264789335,0.9096145264789335,1.0,1.0,1.0,1.0,1.0,0.8735809305764594,0.8735809305764594,0.8735809305764594,1.0,1.0,1.0,1.0,48.0,0.0,0.0,0.06453852113757189,12.0,0.0,0.0,0.01607131366733418,0.0,/media/mengh/SharedData/zhanh/auto_structbeat/caches/pilot/beat_this_final0_gtzan/gtzan__gtzan_country_00075__track.npy.npz
bt_gtzan_seed0,direct,gtzan/gtzan_country_00076/track.npy,gtzan,1.0,0.8581276786143742,0.8581276786143742,0.8581276786143742,1.0,1.0,1.0,1.0,1.0,0.8856372339504236,0.8856372339504236,0.8856372339504236,1.0,1.0,1.0,1.0,73.0,0.0,0.0,0.09531017980432288,19.0,0.0,0.0,0.027116884696841762,0.0,/media/mengh/SharedData/zhanh/auto_structbeat/caches/pilot/beat_this_final0_gtzan/gtzan__gtzan_country_00076__track.npy.npz
bt_gtzan_seed0,direct,gtzan/gtzan_country_00077/track.npy,gtzan,0.9934640522875817,0.881206833822379,0.881206833822379,0.881206833822379,0.987012987012987,0.987012987012987,0.987012987012987,0.987012987012987,1.0,0.8314988506028633,0.8314988506028633,0.8314988506028633,1.0,1.0,1.0,1.0,92.0,0.0,0.0,0.11778303565638762,23.0,0.0,0.0,0.015267472130788773,0.0,/media/mengh/SharedData/zhanh/auto_structbeat/caches/pilot/beat_this_final0_gtzan/gtzan__gtzan_country_00077__track.npy.npz
bt_gtzan_seed0,direct,gtzan/gtzan_country_00078/track.npy,gtzan,1.0,0.7508796831112082,0.7508796831112082,0.7508796831112082,1.0,1.0,1.0,1.0,1.0,0.7326158044464341,0.7326158044464341,0.7326158044464341,1.0,1.0,1.0,1.0,35.0,0.0,0.0,0.08142910631496411,9.0,0.0,0.0,0.026881094282271742,0.0,/media/mengh/SharedData/zhanh/auto_structbeat/caches/pilot/beat_this_final0_gtzan/gtzan__gtzan_country_00078__track.npy.npz
bt_gtzan_seed0,direct,gtzan/gtzan_country_00079/track.npy,gtzan,1.0,0.8846876819806803,0.8846876819806803,0.8846876819806803,1.0,1.0,1.0,1.0,1.0,0.8352733344591271,0.8352733344591271,0.8352733344591271,1.0,1.0,1.0,1.0,42.0,0.0,0.0,0.0555698511548145,15.0,0.0,0.0,0.20222489905846977,0.0,/media/mengh/SharedData/zhanh/auto_structbeat/caches/pilot/beat_this_final0_gtzan/gtzan__gtzan_country_00079__track.npy.npz
bt_gtzan_seed0,direct,gtzan/gtzan_country_00080/track.npy,gtzan,1.0,0.9730081282184,0.9730081282184,0.9730081282184,1.0,1.0,1.0,1.0,1.0,0.960955175201426,0.960955175201426,0.960955175201426,1.0,1.0,1.0,1.0,98.0,0.0,0.0,0.06453852113758152,25.0,0.0,0.0,0.0327898228229899,0.0,/media/mengh/SharedData/zhanh/auto_structbeat/caches/pilot/beat_this_final0_gtzan/gtzan__gtzan_country_00080__track.npy.npz
bt_gtzan_seed0,direct,gtzan/gtzan_country_00081/track.npy,gtzan,1.0,0.9770395099337823,0.9770395099337823,0.9770395099337823,1.0,1.0,1.0,1.0,1.0,0.9863435460236504,0.9863435460236504,0.9863435460236504,1.0,1.0,1.0,1.0,90.0,0.0,0.0,0.1823215567939509,22.0,0.0,0.0,0.03030534949532898,0.0,/media/mengh/SharedData/zhanh/auto_structbeat/caches/pilot/beat_this_final0_gtzan/gtzan__gtzan_country_00081__track.npy.npz
bt_gtzan_seed0,direct,gtzan/gtzan_country_00082/track.npy,gtzan,0.6802721088435374,0.6559968830722113,0.954079934020265,0.8050384085462381,0.020618556701030927,0.020618556701030927,0.96,0.96,0.7692307692307693,0.7497456766442447,0.8632642074132991,0.806504942028772,0.25,0.25,0.6,0.6,60.0,0.0,0.0,0.03922071315328442,18.0,0.0,0.0,0.19284767014554424,0.0,/media/mengh/SharedData/zhanh/auto_structbeat/caches/pilot/beat_this_final0_gtzan/gtzan__gtzan_country_00082__track.npy.npz
bt_gtzan_seed0,direct,gtzan/gtzan_country_00083/track.npy,gtzan,1.0,0.9676942378938013,0.9676942378938013,0.9676942378938013,1.0,1.0,1.0,1.0,1.0,0.9634933118085607,0.9634933118085607,0.9634933118085607,1.0,1.0,1.0,1.0,37.0,0.0,0.0,0.03192187806408965,10.0,0.0,0.0,0.012169403697302317,0.0,/media/mengh/SharedData/zhanh/auto_structbeat/caches/pilot/beat_this_final0_gtzan/gtzan__gtzan_country_00083__track.npy.npz
bt_gtzan_seed0,direct,gtzan/gtzan_country_00084/track.npy,gtzan,1.0,0.9747179747628955,0.9747179747628955,0.9747179747628955,1.0,1.0,1.0,1.0,1.0,0.9757754070233151,0.9757754070233151,0.9757754070233151,1.0,1.0,1.0,1.0,87.0,0.0,0.0,0.057158413839957234,22.0,0.0,0.0,0.015318236293756062,0.0,/media/mengh/SharedData/zhanh/auto_structbeat/caches/pilot/beat_this_final0_gtzan/gtzan__gtzan_country_00084__track.npy.npz
bt_gtzan_seed0,direct,gtzan/gtzan_country_00085/track.npy,gtzan,0.9836065573770492,0.9509220917236793,0.9509220917236793,0.9509220917236793,0.967741935483871,0.967741935483871,0.967741935483871,0.967741935483871,0.888888888888889,0.8796009963260116,0.8796009963260116,0.8796009963260116,0.5,0.5,0.5,0.5,37.0,0.0,0.0,0.04879016416943305,13.0,0.0,0.0,0.36794388617615004,0.0,/media/mengh/SharedData/zhanh/auto_structbeat/caches/pilot/beat_this_final0_gtzan/gtzan__gtzan_country_00085__track.npy.npz
bt_gtzan_seed0,direct,gtzan/gtzan_country_00086/track.npy,gtzan,0.6621621621621622,0.6382229082135649,0.9541109861053391,0.7961669471594519,0.0,0.0,0.98,0.98,0.6842105263157895,0.661215949672618,0.966392541829211,0.8138042457509145,0.0,0.0,1.0,1.0,60.0,0.0,0.0,0.04670510149324627,15.0,0.0,0.0,0.01968613375149777,0.0,/media/mengh/SharedData/zhanh/auto_structbeat/caches/pilot/beat_this_final0_gtzan/gtzan__gtzan_country_00086__track.npy.npz
bt_gtzan_seed0,direct,gtzan/gtzan_country_00087/track.npy,gtzan,1.0,0.9486940191660723,0.9486940191660723,0.9486940191660723,1.0,1.0,1.0,1.0,1.0,0.9765062072004261,0.9765062072004261,0.9765062072004261,1.0,1.0,1.0,1.0,36.0,0.0,0.0,0.04879016416943113,9.0,0.0,0.0,0.012048338516175105,0.0,/media/mengh/SharedData/zhanh/auto_structbeat/caches/pilot/beat_this_final0_gtzan/gtzan__gtzan_country_00087__track.npy.npz
bt_gtzan_seed0,direct,gtzan/gtzan_country_00088/track.npy,gtzan,1.0,0.9806626243498858,0.9806626243498858,0.9806626243498858,1.0,1.0,1.0,1.0,1.0,0.9861754486955475,0.9861754486955475,0.9861754486955475,1.0,1.0,1.0,1.0,53.0,0.0,0.0,0.035091319811275556,13.0,0.0,0.0,0.013177469666533492,0.0,/media/mengh/SharedData/zhanh/auto_structbeat/caches/pilot/beat_this_final0_gtzan/gtzan__gtzan_country_00088__track.npy.npz
bt_gtzan_seed0,direct,gtzan/gtzan_country_00089/track.npy,gtzan,1.0,0.9419853568811518,0.9419853568811518,0.9419853568811518,1.0,1.0,1.0,1.0,1.0,0.9753339243068155,0.9753339243068155,0.9753339243068155,1.0,1.0,1.0,1.0,37.0,0.0,0.0,0.04879016416943094,10.0,0.0,0.0,0.006079046076382211,0.0,/media/mengh/SharedData/zhanh/auto_structbeat/caches/pilot/beat_this_final0_gtzan/gtzan__gtzan_country_00089__track.npy.npz
bt_gtzan_seed0,direct,gtzan/gtzan_country_00090/track.npy,gtzan,1.0,0.9680053658867819,0.9680053658867819,0.9680053658867819,1.0,1.0,1.0,1.0,1.0,0.953078015987963,0.953078015987963,0.953078015987963,1.0,1.0,1.0,1.0,68.0,0.0,0.0,0.044451762570840825,17.0,0.0,0.0,0.022549474419707494,0.0,/media/mengh/SharedData/zhanh/auto_structbeat/caches/pilot/beat_this_final0_gtzan/gtzan__gtzan_country_00090__track.npy.npz
bt_gtzan_seed0,direct,gtzan/gtzan_country_00091/track.npy,gtzan,0.5,0.4662516990522098,0.4662516990522098,0.4662516990522098,0.0,0.0,0.0,0.0,0.4,0.37042715097721535,0.565885560811087,0.46815635589415117,0.0,0.0,0.0,0.0,58.0,0.0,0.0,0.07696104113613,20.0,0.0,0.0,0.053156672387334576,0.0,/media/mengh/SharedData/zhanh/auto_structbeat/caches/pilot/beat_this_final0_gtzan/gtzan__gtzan_country_00091__track.npy.npz
bt_gtzan_seed0,direct,gtzan/gtzan_country_00092/track.npy,gtzan,0.4692737430167598,0.44255898912537045,0.8036353188848243,0.6230971540050974,0.0,0.0,0.13333333333333333,0.5555555555555556,0.4912280701754386,0.4703118144256056,0.4703118144256056,0.4703118144256056,0.025,0.2,0.025,0.2,125.0,0.0,0.5564516129032258,0.74721440183022,50.0,0.0,0.42857142857142855,2.0949457282158006,0.0,/media/mengh/SharedData/zhanh/auto_structbeat/caches/pilot/beat_this_final0_gtzan/gtzan__gtzan_country_00092__track.npy.npz
bt_gtzan_seed0,direct,gtzan/gtzan_country_00093/track.npy,gtzan,1.0,0.8340405582808661,0.8340405582808661,0.8340405582808661,1.0,1.0,1.0,1.0,1.0,0.7829486975573671,0.7829486975573671,0.7829486975573671,1.0,1.0,1.0,1.0,43.0,0.0,0.0,0.05884050002293345,15.0,0.0,0.0,0.03617531535905938,0.0,/media/mengh/SharedData/zhanh/auto_structbeat/caches/pilot/beat_this_final0_gtzan/gtzan__gtzan_country_00093__track.npy.npz
bt_gtzan_seed0,direct,gtzan/gtzan_country_00094/track.npy,gtzan,1.0,0.9520811642115632,0.9520811642115632,0.9520811642115632,1.0,1.0,1.0,1.0,1.0,0.9707704688029534,0.9707704688029534,0.9707704688029534,1.0,1.0,1.0,1.0,57.0,0.0,0.0,0.03774032798285398,14.0,0.0,0.0,0.009478743954544034,0.0,/media/mengh/SharedData/zhanh/auto_structbeat/caches/pilot/beat_this_final0_gtzan/gtzan__gtzan_country_00094__track.npy.npz
bt_gtzan_seed0,direct,gtzan/gtzan_country_00095/track.npy,gtzan,1.0,0.9586883057854664,0.9586883057854664,0.9586883057854664,1.0,1.0,1.0,1.0,1.0,0.9397122399904764,0.9397122399904764,0.9397122399904764,1.0,1.0,1.0,1.0,45.0,0.0,0.0,0.02985296314968177,11.0,0.0,0.0,0.015037877364540209,0.0,/media/mengh/SharedData/zhanh/auto_structbeat/caches/pilot/beat_this_final0_gtzan/gtzan__gtzan_country_00095__track.npy.npz
bt_gtzan_seed0,direct,gtzan/gtzan_country_00096/track.npy,gtzan,1.0,0.9690883678712536,0.9690883678712536,0.9690883678712536,1.0,1.0,1.0,1.0,1.0,0.979698270105767,0.979698270105767,0.979698270105767,1.0,1.0,1.0,1.0,58.0,0.0,0.0,0.039220713153284764,14.0,0.0,0.0,0.013968163869005361,0.0,/media/mengh/SharedData/zhanh/auto_structbeat/caches/pilot/beat_this_final0_gtzan/gtzan__gtzan_country_00096__track.npy.npz
bt_gtzan_seed0,direct,gtzan/gtzan_country_00097/track.npy,gtzan,0.5079365079365079,0.4771610233866495,0.4771610233866495,0.4771610233866495,0.0,0.0,0.0,0.0,0.4,0.37550714985264755,0.5485154914600758,0.4620113206563617,0.0,0.0,0.0,0.0,57.0,0.0,0.0,0.03774032798285287,19.0,0.0,0.0,0.037740327982845615,0.0,/media/mengh/SharedData/zhanh/auto_structbeat/caches/pilot/beat_this_final0_gtzan/gtzan__gtzan_country_00097__track.npy.npz
bt_gtzan_seed0,direct,gtzan/gtzan_country_00098/track.npy,gtzan,1.0,0.9551993482109044,0.9551993482109044,0.9551993482109044,1.0,1.0,1.0,1.0,1.0,0.9673016970877487,0.9673016970877487,0.9673016970877487,1.0,1.0,1.0,1.0,60.0,0.0,0.0,0.08004270767353472,15.0,0.0,0.0,0.023941585283874474,0.0,/media/mengh/SharedData/zhanh/auto_structbeat/caches/pilot/beat_this_final0_gtzan/gtzan__gtzan_country_00098__track.npy.npz
bt_gtzan_seed0,direct,gtzan/gtzan_country_00099/track.npy,gtzan,0.991869918699187,0.9023634682380366,0.9023634682380366,0.9023634682380366,0.9838709677419355,0.9838709677419355,0.9838709677419355,0.9838709677419355,1.0,0.9132016913245447,0.9132016913245447,0.9132016913245447,1.0,1.0,1.0,1.0,74.0,0.0,0.0,0.07187214664383312,18.0,0.0,0.0,0.024692612590371046,0.0,/media/mengh/SharedData/zhanh/auto_structbeat/caches/pilot/beat_this_final0_gtzan/gtzan__gtzan_country_00099__track.npy.npz
bt_gtzan_seed0,direct,gtzan/gtzan_disco_00000/track.npy,gtzan,1.0,0.9308327014069532,0.9308327014069532,0.9308327014069532,1.0,1.0,1.0,1.0,1.0,0.943583984165068,0.943583984165068,0.943583984165068,1.0,1.0,1.0,1.0,58.0,0.0,0.0,0.0769610411361289,15.0,0.0,0.0,0.009661910911737936,0.0,/media/mengh/SharedData/zhanh/auto_structbeat/caches/pilot/beat_this_final0_gtzan/gtzan__gtzan_disco_00000__track.npy.npz
bt_gtzan_seed0,direct,gtzan/gtzan_disco_00001/track.npy,gtzan,0.6666666666666666,0.6457046808915655,0.9585718910865549,0.8021382859890602,0.0,0.0,0.9795918367346939,0.9795918367346939,0.6666666666666666,0.6394212027336041,0.9591318041004063,0.7992765034170053,0.0,0.0,1.0,1.0,59.0,0.0,0.0,0.039220713153283904,14.0,0.0,0.0,0.009756174945364926,0.0,/media/mengh/SharedData/zhanh/auto_structbeat/caches/pilot/beat_this_final0_gtzan/gtzan__gtzan_disco_00001__track.npy.npz
bt_gtzan_seed0,direct,gtzan/gtzan_disco_00002/track.npy,gtzan,0.631578947368421,0.5582557554831867,0.8081412741483471,0.6831985148157669,0.0,0.0,0.19298245614035087,0.8421052631578947,0.6486486486486487,0.606606640296316,0.8977778276385476,0.7521922339674318,0.0,0.0,0.8461538461538461,0.9230769230769231,67.0,0.15151515151515152,0.15151515151515152,1.8718021769015925,16.0,0.06666666666666667,0.06666666666666667,3.242420097382037,0.0,/media/mengh/SharedData/zhanh/auto_structbeat/caches/pilot/beat_this_final0_gtzan/gtzan__gtzan_disco_00002__track.npy.npz
bt_gtzan_seed0,direct,gtzan/gtzan_disco_00003/track.npy,gtzan,1.0,0.9690422917976502,0.9690422917976502,0.9690422917976502,1.0,1.0,1.0,1.0,1.0,0.9749470915595807,0.9749470915595807,0.9749470915595807,1.0,1.0,1.0,1.0,64.0,0.0,0.0,0.04255961441880263,16.0,0.0,0.0,0.014247064284090618,0.0,/media/mengh/SharedData/zhanh/auto_structbeat/caches/pilot/beat_this_final0_gtzan/gtzan__gtzan_disco_00003__track.npy.npz
bt_gtzan_seed0,direct,gtzan/gtzan_disco_00004/track.npy,gtzan,1.0,0.9685417700225623,0.9685417700225623,0.9685417700225623,1.0,1.0,1.0,1.0,1.0,0.9616762918241961,0.9616762918241961,0.9616762918241961,1.0,1.0,1.0,1.0,61.0,0.0,0.0,0.040821994520261584,15.0,0.0,0.0,0.020202707317519053,0.0,/media/mengh/SharedData/zhanh/auto_structbeat/caches/pilot/beat_this_final0_gtzan/gtzan__gtzan_disco_00004__track.npy.npz
bt_gtzan_seed0,direct,gtzan/gtzan_disco_00005/track.npy,gtzan,0.9777777777777777,0.925801991371295,0.925801991371295,0.925801991371295,0.9565217391304348,0.9565217391304348,0.9565217391304348,0.9565217391304348,1.0,0.9166842120337587,0.9166842120337587,0.9166842120337587,1.0,1.0,1.0,1.0,55.0,0.0,0.0,0.051227782382565576,13.0,0.0,0.0,0.040812117879497734,0.0,/media/mengh/SharedData/zhanh/auto_structbeat/caches/pilot/beat_this_final0_gtzan/gtzan__gtzan_disco_00005__track.npy.npz
bt_gtzan_seed0,direct,gtzan/gtzan_disco_00006/track.npy,gtzan,1.0,0.9620459540403735,0.9620459540403735,0.9620459540403735,1.0,1.0,1.0,1.0,0.8666666666666666,0.8235295951773765,0.8235295951773765,0.8235295951773765,0.5294117647058824,0.5294117647058824,0.5294117647058824,0.5294117647058824,62.0,0.0,0.0,0.0444337690815328,22.0,0.0,0.0,0.07139715409622822,0.0,/media/mengh/SharedData/zhanh/auto_structbeat/caches/pilot/beat_this_final0_gtzan/gtzan__gtzan_disco_00006__track.npy.npz
bt_gtzan_seed0,direct,gtzan/gtzan_disco_00007/track.npy,gtzan,1.0,0.887366171472926,0.887366171472926,0.887366171472926,1.0,1.0,1.0,1.0,1.0,0.9425943492137778,0.9425943492137778,0.9425943492137778,1.0,1.0,1.0,1.0,64.0,0.0,0.0,0.1743533871447821,16.0,0.0,0.0,0.010810916104215362,0.0,/media/mengh/SharedData/zhanh/auto_structbeat/caches/pilot/beat_this_final0_gtzan/gtzan__gtzan_disco_00007__track.npy.npz
bt_gtzan_seed0,direct,gtzan/gtzan_disco_00008/track.npy,gtzan,1.0,0.9626696821704499,0.9626696821704499,0.9626696821704499,1.0,1.0,1.0,1.0,0.07692307692307691,0.05585761823643774,0.8509754116075606,0.4534165149219992,0.0,0.0,0.7142857142857143,0.7142857142857143,61.0,0.0,0.0,0.040821994520261584,17.0,0.0,0.0,0.7063146527800146,0.0,/media/mengh/SharedData/zhanh/auto_structbeat/caches/pilot/beat_this_final0_gtzan/gtzan__gtzan_disco_00008__track.npy.npz
bt_gtzan_seed0,direct,gtzan/gtzan_disco_00009/track.npy,gtzan,1.0,0.9310156896061207,0.9310156896061207,0.9310156896061207,1.0,1.0,1.0,1.0,1.0,0.9025619643776247,0.9025619643776247,0.9025619643776247,1.0,1.0,1.0,1.0,65.0,0.0,0.0,0.04255961441880225,16.0,0.0,0.0,0.01455426729507744,0.0,/media/mengh/SharedData/zhanh/auto_structbeat/caches/pilot/beat_this_final0_gtzan/gtzan__gtzan_disco_00009__track.npy.npz
bt_gtzan_seed0,direct,gtzan/gtzan_disco_00010/track.npy,gtzan,1.0,0.9691436142117922,0.9691436142117922,0.9691436142117922,1.0,1.0,1.0,1.0,1.0,0.9779039911482179,0.9779039911482179,0.9779039911482179,1.0,1.0,1.0,1.0,54.0,0.0,0.0,0.052158738085942645,14.0,0.0,0.0,0.012924848909489094,0.0,/media/mengh/SharedData/zhanh/auto_structbeat/caches/pilot/beat_this_final0_gtzan/gtzan__gtzan_disco_00010__track.npy.npz
bt_gtzan_seed0,direct,gtzan/gtzan_disco_00011/track.npy,gtzan,1.0,0.9692738733024692,0.9692738733024692,0.9692738733024692,1.0,1.0,1.0,1.0,1.0,0.9595829212912008,0.9595829212912008,0.9595829212912008,1.0,1.0,1.0,1.0,47.0,0.0,0.0,0.031748698314585266,12.0,0.0,0.0,0.015748356968138512,0.0,/media/mengh/SharedData/zhanh/auto_structbeat/caches/pilot/beat_this_final0_gtzan/gtzan__gtzan_disco_00011__track.npy.npz
bt_gtzan_seed0,direct,gtzan/gtzan_disco_00012/track.npy,gtzan,1.0,0.9406554521326769,0.9406554521326769,0.9406554521326769,1.0,1.0,1.0,1.0,0.923076923076923,0.8638467522236759,0.8638467522236759,0.8638467522236759,0.6428571428571429,0.6428571428571429,0.6428571428571429,0.6428571428571429,57.0,0.0,0.0,0.03774032798285054,16.0,0.0,0.0,0.7025369209097839,0.0,/media/mengh/SharedData/zhanh/auto_structbeat/caches/pilot/beat_this_final0_gtzan/gtzan__gtzan_disco_00012__track.npy.npz
bt_gtzan_seed0,direct,gtzan/gtzan_disco_00013/track.npy,gtzan,0.9315068493150684,0.8416085450855797,0.8416085450855797,0.8416085450855797,0.972972972972973,0.972972972972973,0.972972972972973,0.972972972972973,0.8888888888888888,0.8881664463807287,0.8881664463807287,0.8881664463807287,1.0,1.0,1.0,1.0,45.0,0.0,0.0,0.056033615887314404,11.0,0.0,0.0,0.026439893811286815,0.0,/media/mengh/SharedData/zhanh/auto_structbeat/caches/pilot/beat_this_final0_gtzan/gtzan__gtzan_disco_00013__track.npy.npz
bt_gtzan_seed0,direct,gtzan/gtzan_disco_00014/track.npy,gtzan,0.9767441860465116,0.9481945595440984,0.9481945595440984,0.9481945595440984,1.0,1.0,1.0,1.0,0.9090909090909091,0.8864058910483755,0.8864058910483755,0.8864058910483755,1.0,1.0,1.0,1.0,52.0,0.0,0.0,0.05373717323289298,13.0,0.0,0.0,0.008658062743114647,0.0,/media/mengh/SharedData/zhanh/auto_structbeat/caches/pilot/beat_this_final0_gtzan/gtzan__gtzan_disco_00014__track.npy.npz
bt_gtzan_seed0,direct,gtzan/gtzan_disco_00015/track.npy,gtzan,0.9215686274509803,0.8848639971602126,0.8848639971602126,0.8848639971602126,0.9215686274509803,0.9215686274509803,0.9215686274509803,0.9215686274509803,0.9230769230769231,0.9010195496400714,0.9010195496400714,0.9010195496400714,1.0,1.0,1.0,1.0,61.0,0.0,0.0,0.04082199452025792,15.0,0.0,0.0,0.010152371464018173,0.0,/media/mengh/SharedData/zhanh/auto_structbeat/caches/pilot/beat_this_final0_gtzan/gtzan__gtzan_disco_00015__track.npy.npz
bt_gtzan_seed0,direct,gtzan/gtzan_disco_00016/track.npy,gtzan,1.0,0.9345596351016829,0.9345596351016829,0.9345596351016829,1.0,1.0,1.0,1.0,1.0,0.9095306061899318,0.9095306061899318,0.9095306061899318,1.0,1.0,1.0,1.0,62.0,0.0,0.0,0.040821994520261584,15.0,0.0,0.0,0.020408871631207925,0.0,/media/mengh/SharedData/zhanh/auto_structbeat/caches/pilot/beat_this_final0_gtzan/gtzan__gtzan_disco_00016__track.npy.npz
bt_gtzan_seed0,direct,gtzan/gtzan_disco_00017/track.npy,gtzan,0.99009900990099,0.9355912216641368,0.9355912216641368,0.9355912216641368,0.9803921568627451,0.9803921568627451,0.9803921568627451,0.9803921568627451,1.0,0.9378111790759485,0.9378111790759485,0.9378111790759485,1.0,1.0,1.0,1.0,62.0,0.0,0.0,0.040821994520261584,16.0,0.0,0.0,0.013952562094062766,0.0,/media/mengh/SharedData/zhanh/auto_structbeat/caches/pilot/beat_this_final0_gtzan/gtzan__gtzan_disco_00017__track.npy.npz
bt_gtzan_seed0,direct,gtzan/gtzan_disco_00018/track.npy,gtzan,1.0,0.9840602583520194,0.9840602583520194,0.9840602583520194,1.0,1.0,1.0,1.0,1.0,0.9864848031966099,0.9864848031966099,0.9864848031966099,1.0,1.0,1.0,1.0,62.0,0.0,0.0,0.04082199452025613,15.0,0.0,0.0,0.01036278703554816,0.0,/media/mengh/SharedData/zhanh/auto_structbeat/caches/pilot/beat_this_final0_gtzan/gtzan__gtzan_disco_00018__track.npy.npz
bt_gtzan_seed0,direct,gtzan/gtzan_disco_00019/track.npy,gtzan,1.0,0.927941370650981,0.927941370650981,0.927941370650981,1.0,1.0,1.0,1.0,1.0,0.8805012522807698,0.8805012522807698,0.8805012522807698,1.0,1.0,1.0,1.0,59.0,0.0,0.0,0.039220713153283904,17.0,0.0,0.0,0.21877151086632488,0.0,/media/mengh/SharedData/zhanh/auto_structbeat/caches/pilot/beat_this_final0_gtzan/gtzan__gtzan_disco_00019__track.npy.npz
bt_gtzan_seed0,direct,gtzan/gtzan_disco_00020/track.npy,gtzan,0.9850746268656716,0.9293672490612894,0.9293672490612894,0.9293672490612894,0.9705882352941176,0.9705882352941176,0.9705882352941176,0.9705882352941176,0.7272727272727274,0.6738795491216812,0.8206686865530207,0.747274117837351,0.15384615384615385,0.15384615384615385,0.5294117647058824,0.6470588235294118,40.0,0.0,0.0,0.05285725665315291,15.0,0.0,0.0,0.6931471805599452,0.0,/media/mengh/SharedData/zhanh/auto_structbeat/caches/pilot/beat_this_final0_gtzan/gtzan__gtzan_disco_00020__track.npy.npz
bt_gtzan_seed0,direct,gtzan/gtzan_disco_00021/track.npy,gtzan,0.989010989010989,0.8943659758239452,0.8943659758239452,0.8943659758239452,0.9782608695652174,0.9782608695652174,0.9782608695652174,0.9782608695652174,1.0,0.8987124662150546,0.8987124662150546,0.8987124662150546,1.0,1.0,1.0,1.0,55.0,0.0,0.0,0.03636764417088045,14.0,0.0,0.0,0.013204909547236632,0.0,/media/mengh/SharedData/zhanh/auto_structbeat/caches/pilot/beat_this_final0_gtzan/gtzan__gtzan_disco_00021__track.npy.npz
bt_gtzan_seed0,direct,gtzan/gtzan_disco_00022/track.npy,gtzan,1.0,0.9574093801525398,0.9574093801525398,0.9574093801525398,1.0,1.0,1.0,1.0,1.0,0.9083851268933397,0.9083851268933397,0.9083851268933397,1.0,1.0,1.0,1.0,60.0,0.0,0.0,0.08004270767353472,15.0,0.0,0.0,0.014030468194768438,0.0,/media/mengh/SharedData/zhanh/auto_structbeat/caches/pilot/beat_this_final0_gtzan/gtzan__gtzan_disco_00022__track.npy.npz
bt_gtzan_seed0,direct,gtzan/gtzan_disco_00023/track.npy,gtzan,1.0,0.9555987306028869,0.9555987306028869,0.9555987306028869,1.0,1.0,1.0,1.0,1.0,0.9352086107265656,0.9352086107265656,0.9352086107265656,1.0,1.0,1.0,1.0,57.0,0.0,0.0,0.07696104113612678,15.0,0.0,0.0,0.2848962916245766,0.0,/media/mengh/SharedData/zhanh/auto_structbeat/caches/pilot/beat_this_final0_gtzan/gtzan__gtzan_disco_00023__track.npy.npz
bt_gtzan_seed0,direct,gtzan/gtzan_disco_00024/track.npy,gtzan,1.0,0.9312193736138811,0.9312193736138811,0.9312193736138811,1.0,1.0,1.0,1.0,1.0,0.8939616097588506,0.8939616097588506,0.8939616097588506,1.0,1.0,1.0,1.0,64.0,0.0,0.0,0.04255961441879885,16.0,0.0,0.0,0.014399027382436888,0.0,/media/mengh/SharedData/zhanh/auto_structbeat/caches/pilot/beat_this_final0_gtzan/gtzan__gtzan_disco_00024__track.npy.npz
bt_gtzan_seed0,direct,gtzan/gtzan_disco_00025/track.npy,gtzan,1.0,0.8813814555414579,0.8813814555414579,0.8813814555414579,1.0,1.0,1.0,1.0,1.0,0.8692299307696552,0.8692299307696552,0.8692299307696552,1.0,1.0,1.0,1.0,62.0,0.0,0.0,0.04082199452025613,15.0,0.0,0.0,0.01036278703554816,0.0,/media/mengh/SharedData/zhanh/auto_structbeat/caches/pilot/beat_this_final0_gtzan/gtzan__gtzan_disco_00025__track.npy.npz
bt_gtzan_seed0,direct,gtzan/gtzan_disco_00026/track.npy,gtzan,1.0,0.968995778775197,0.968995778775197,0.968995778775197,1.0,1.0,1.0,1.0,1.0,0.9614148739621365,0.9614148739621365,0.9614148739621365,1.0,1.0,1.0,1.0,60.0,0.0,0.0,0.08004270767353472,15.0,0.0,0.0,0.009950330853168942,0.0,/media/mengh/SharedData/zhanh/auto_structbeat/caches/pilot/beat_this_final0_gtzan/gtzan__gtzan_disco_00026__track.npy.npz
bt_gtzan_seed0,direct,gtzan/gtzan_disco_00027/track.npy,gtzan,1.0,0.9622655153223455,0.9622655153223455,0.9622655153223455,1.0,1.0,1.0,1.0,1.0,0.9386992426114976,0.9386992426114976,0.9386992426114976,1.0,1.0,1.0,1.0,56.0,0.0,0.0,0.03774032798284795,14.0,0.0,0.0,0.02790878811707618,0.0,/media/mengh/SharedData/zhanh/auto_structbeat/caches/pilot/beat_this_final0_gtzan/gtzan__gtzan_disco_00027__track.npy.npz
bt_gtzan_seed0,direct,gtzan/gtzan_disco_00028/track.npy,gtzan,1.0,0.9080987408848814,0.9080987408848814,0.9080987408848814,1.0,1.0,1.0,1.0,1.0,0.8535188711461138,0.8535188711461138,0.8535188711461138,1.0,1.0,1.0,1.0,61.0,0.0,0.0,0.040821994520261584,15.0,0.0,0.0,0.020408871631206103,0.0,/media/mengh/SharedData/zhanh/auto_structbeat/caches/pilot/beat_this_final0_gtzan/gtzan__gtzan_disco_00028__track.npy.npz
bt_gtzan_seed0,direct,gtzan/gtzan_disco_00029/track.npy,gtzan,1.0,0.9394077963280535,0.9394077963280535,0.9394077963280535,1.0,1.0,1.0,1.0,1.0,0.9282008777190879,0.9282008777190879,0.9282008777190879,1.0,1.0,1.0,1.0,53.0,0.0,0.0,0.035091319811275556,14.0,0.0,0.0,0.012629808203157077,0.0,/media/mengh/SharedData/zhanh/auto_structbeat/caches/pilot/beat_this_final0_gtzan/gtzan__gtzan_disco_00029__track.npy.npz
bt_gtzan_seed0,direct,gtzan/gtzan_disco_00030/track.npy,gtzan,1.0,0.9738504145978254,0.9738504145978254,0.9738504145978254,1.0,1.0,1.0,1.0,1.0,0.9574516305677729,0.9574516305677729,0.9574516305677729,1.0,1.0,1.0,1.0,68.0,0.0,0.0,0.09097177820572655,17.0,0.0,0.0,0.014818562399802703,0.0,/media/mengh/SharedData/zhanh/auto_structbeat/caches/pilot/beat_this_final0_gtzan/gtzan__gtzan_disco_00030__track.npy.npz
bt_gtzan_seed0,direct,gtzan/gtzan_disco_00031/track.npy,gtzan,1.0,0.9021850134795606,0.9021850134795606,0.9021850134795606,1.0,1.0,1.0,1.0,0.0,5.765937247761813e-120,0.833972861663208,0.416986430831604,0.0,0.0,0.9230769230769231,0.9230769230769231,62.0,0.0,0.0,0.08338160893905311,15.0,0.0,0.0,0.03109058707003167,0.0,/media/mengh/SharedData/zhanh/auto_structbeat/caches/pilot/beat_this_final0_gtzan/gtzan__gtzan_disco_00031__track.npy.npz
bt_gtzan_seed0,direct,gtzan/gtzan_disco_00032/track.npy,gtzan,0.989247311827957,0.8892457937035902,0.8892457937035902,0.8892457937035902,0.9787234042553191,0.9787234042553191,0.9787234042553191,0.9787234042553191,1.0,0.8918525635428382,0.8918525635428382,0.8918525635428382,1.0,1.0,1.0,1.0,55.0,0.0,0.0,0.03636764417087577,14.0,0.0,0.0,0.009216655104923754,0.0,/media/mengh/SharedData/zhanh/auto_structbeat/caches/pilot/beat_this_final0_gtzan/gtzan__gtzan_disco_00032__track.npy.npz
bt_gtzan_seed0,direct,gtzan/gtzan_disco_00033/track.npy,gtzan,0.24299065420560748,0.20879361629534987,0.6099653509432815,0.4093794836193157,0.24074074074074073,0.24074074074074073,0.7222222222222222,0.7222222222222222,0.23076923076923078,0.17504787643007313,0.17504787643007313,0.17504787643007313,1.0,1.0,1.0,1.0,64.0,0.0,0.0,0.08338160893904922,16.0,0.0,0.0,0.025209943486651582,0.0,/media/mengh/SharedData/zhanh/auto_structbeat/caches/pilot/beat_this_final0_gtzan/gtzan__gtzan_disco_00033__track.npy.npz
bt_gtzan_seed0,direct,gtzan/gtzan_disco_00034/track.npy,gtzan,0.8396946564885496,0.6780843826470968,0.6780843826470968,0.6780843826470968,0.07894736842105263,0.6052631578947368,0.07894736842105263,0.6052631578947368,0.8387096774193548,0.7377427475348639,0.7377427475348639,0.7377427475348639,0.16666666666666666,0.7222222222222222,0.16666666666666666,0.7222222222222222,90.0,0.2696629213483146,0.2696629213483146,1.7491998548092598,21.0,0.25,0.25,3.1365753075395943,0.0,/media/mengh/SharedData/zhanh/auto_structbeat/caches/pilot/beat_this_final0_gtzan/gtzan__gtzan_disco_00034__track.npy.npz
bt_gtzan_seed0,direct,gtzan/gtzan_disco_00035/track.npy,gtzan,0.9803921568627451,0.9236642067775538,0.9236642067775538,0.9236642067775538,0.9803921568627451,0.9803921568627451,0.9803921568627451,0.9803921568627451,1.0,0.9293279658148593,0.9293279658148593,0.9293279658148593,1.0,1.0,1.0,1.0,61.0,0.0,0.0,0.040821994520259884,15.0,0.0,0.0,0.014172505805419363,0.0,/media/mengh/SharedData/zhanh/auto_structbeat/caches/pilot/beat_this_final0_gtzan/gtzan__gtzan_disco_00035__track.npy.npz
bt_gtzan_seed0,direct,gtzan/gtzan_disco_00036/track.npy,gtzan,1.0,0.9445312638285311,0.9445312638285311,0.9445312638285311,1.0,1.0,1.0,1.0,1.0,0.9403886839053085,0.9403886839053085,0.9403886839053085,1.0,1.0,1.0,1.0,68.0,0.0,0.0,0.07934177429700495,17.0,0.0,0.0,0.011299555253935112,0.0,/media/mengh/SharedData/zhanh/auto_structbeat/caches/pilot/beat_this_final0_gtzan/gtzan__gtzan_disco_00036__track.npy.npz
bt_gtzan_seed0,direct,gtzan/gtzan_disco_00037/track.npy,gtzan,1.0,0.9462934615362749,0.9462934615362749,0.9462934615362749,1.0,1.0,1.0,1.0,1.0,0.9328384853402862,0.9328384853402862,0.9328384853402862,1.0,1.0,1.0,1.0,66.0,0.0,0.0,0.08701137698962769,16.0,0.0,0.0,0.021739986636405417,0.0,/media/mengh/SharedData/zhanh/auto_structbeat/caches/pilot/beat_this_final0_gtzan/gtzan__gtzan_disco_00037__track.npy.npz
bt_gtzan_seed0,direct,gtzan/gtzan_disco_00038/track.npy,gtzan,0.9902912621359222,0.9541425119293957,0.9541425119293957,0.9541425119293957,0.9807692307692307,0.9807692307692307,0.9807692307692307,0.9807692307692307,0.6896551724137931,0.6673659953565799,0.751994905727089,0.7096804505418345,0.4375,0.4375,0.4375,0.4375,62.0,0.01639344262295082,0.01639344262295082,0.0858890981233264,19.0,0.0,0.0,0.674600450764318,0.0,/media/mengh/SharedData/zhanh/auto_structbeat/caches/pilot/beat_this_final0_gtzan/gtzan__gtzan_disco_00038__track.npy.npz
bt_gtzan_seed0,direct,gtzan/gtzan_disco_00039/track.npy,gtzan,0.968421052631579,0.9209875436831698,0.9209875436831698,0.9209875436831698,0.7291666666666666,0.9583333333333334,0.7291666666666666,0.9583333333333334,1.0,0.9300226795763553,0.9300226795763553,0.9300226795763553,1.0,1.0,1.0,1.0,58.0,0.03508771929824561,0.03508771929824561,1.7598397584139627,14.0,0.0,0.0,0.018519047767237118,0.0,/media/mengh/SharedData/zhanh/auto_structbeat/caches/pilot/beat_this_final0_gtzan/gtzan__gtzan_disco_00039__track.npy.npz
bt_gtzan_seed0,direct,gtzan/gtzan_disco_00040/track.npy,gtzan,1.0,0.9657191705148314,0.9657191705148314,0.9657191705148314,1.0,1.0,1.0,1.0,1.0,0.9805957181595782,0.9805957181595782,0.9805957181595782,1.0,1.0,1.0,1.0,69.0,0.0,0.0,0.04652001563490016,18.0,0.0,0.0,0.02298951822469819,0.0,/media/mengh/SharedData/zhanh/auto_structbeat/caches/pilot/beat_this_final0_gtzan/gtzan__gtzan_disco_00040__track.npy.npz
bt_gtzan_seed0,direct,gtzan/gtzan_disco_00041/track.npy,gtzan,0.4943820224719101,0.4794032565888312,0.4794032565888312,0.4794032565888312,0.0,0.0,0.0,0.0,0.7058823529411764,0.6810595290798143,0.9612207031225299,0.8211401161011721,0.0,0.0,1.0,1.0,80.0,0.0,0.0,0.0540672212702793,14.0,0.0,0.0,0.008888947417245885,0.0,/media/mengh/SharedData/zhanh/auto_structbeat/caches/pilot/beat_this_final0_gtzan/gtzan__gtzan_disco_00041__track.npy.npz
bt_gtzan_seed0,direct,gtzan/gtzan_disco_00042/track.npy,gtzan,0.9885057471264368,0.9096169296717258,0.9096169296717258,0.9096169296717258,0.9772727272727273,0.9772727272727273,0.9772727272727273,0.9772727272727273,1.0,0.9268583279795393,0.9268583279795393,0.9268583279795393,1.0,1.0,1.0,1.0,52.0,0.0,0.0,0.07145896398214528,13.0,0.0,0.0,0.030380801244338285,0.0,/media/mengh/SharedData/zhanh/auto_structbeat/caches/pilot/beat_this_final0_gtzan/gtzan__gtzan_disco_00042__track.npy.npz
bt_gtzan_seed0,direct,gtzan/gtzan_disco_00043/track.npy,gtzan,1.0,0.9671503438374809,0.9671503438374809,0.9671503438374809,1.0,1.0,1.0,1.0,1.0,0.945670527938623,0.945670527938623,0.945670527938623,1.0,1.0,1.0,1.0,64.0,0.0,0.0,0.04255961441880263,16.0,0.0,0.0,0.010695289116749013,0.0,/media/mengh/SharedData/zhanh/auto_structbeat/caches/pilot/beat_this_final0_gtzan/gtzan__gtzan_disco_00043__track.npy.npz
bt_gtzan_seed0,direct,gtzan/gtzan_disco_00044/track.npy,gtzan,1.0,0.9511286972864178,0.9511286972864178,0.9511286972864178,1.0,1.0,1.0,1.0,1.0,0.9193435429199529,0.9193435429199529,0.9193435429199529,1.0,1.0,1.0,1.0,61.0,0.0,0.0,0.08338160893905111,15.0,0.0,0.0,0.010256500167190707,0.0,/media/mengh/SharedData/zhanh/auto_structbeat/caches/pilot/beat_this_final0_gtzan/gtzan__gtzan_disco_00044__track.npy.npz
bt_gtzan_seed0,direct,gtzan/gtzan_disco_00045/track.npy,gtzan,1.0,0.9291886571219469,0.9291886571219469,0.9291886571219469,1.0,1.0,1.0,1.0,1.0,0.9407400439267329,0.9407400439267329,0.9407400439267329,1.0,1.0,1.0,1.0,62.0,0.0,0.0,0.0408219945202581,15.0,0.0,0.0,0.010256500167190707,0.0,/media/mengh/SharedData/zhanh/auto_structbeat/caches/pilot/beat_this_final0_gtzan/gtzan__gtzan_disco_00045__track.npy.npz
bt_gtzan_seed0,direct,gtzan/gtzan_disco_00046/track.npy,gtzan,1.0,0.9302415734881975,0.9302415734881975,0.9302415734881975,1.0,1.0,1.0,1.0,1.0,0.9229588119470648,0.9229588119470648,0.9229588119470648,1.0,1.0,1.0,1.0,61.0,0.0,0.0,0.040821994520255145,15.0,0.0,0.0,0.024061615292276493,0.0,/media/mengh/SharedData/zhanh/auto_structbeat/caches/pilot/beat_this_final0_gtzan/gtzan__gtzan_disco_00046__track.npy.npz
bt_gtzan_seed0,direct,gtzan/gtzan_disco_00047/track.npy,gtzan,0.12765957446808512,0.10790376134036822,0.10790376134036822,0.10790376134036822,0.038461538461538464,0.038461538461538464,0.038461538461538464,0.07692307692307693,0.0,1.592083401706553e-07,1.8815531111077446e-07,1.736818256407149e-07,0.0,0.0,0.125,0.125,31.0,0.0,0.03333333333333333,1.0672518629299348,11.0,0.0,0.0,0.8885794749787652,0.0,/media/mengh/SharedData/zhanh/auto_structbeat/caches/pilot/beat_this_final0_gtzan/gtzan__gtzan_disco_00047__track.npy.npz
bt_gtzan_seed0,direct,gtzan/gtzan_disco_00048/track.npy,gtzan,1.0,0.9353178081382105,0.9353178081382105,0.9353178081382105,1.0,1.0,1.0,1.0,1.0,0.9102530452261717,0.9102530452261717,0.9102530452261717,1.0,1.0,1.0,1.0,51.0,0.0,0.0,0.03390155167568665,13.0,0.0,0.0,0.01694955831377143,0.0,/media/mengh/SharedData/zhanh/auto_structbeat/caches/pilot/beat_this_final0_gtzan/gtzan__gtzan_disco_00048__track.npy.npz
bt_gtzan_seed0,direct,gtzan/gtzan_disco_00049/track.npy,gtzan,1.0,0.895584735985887,0.895584735985887,0.895584735985887,1.0,1.0,1.0,1.0,1.0,0.8771875512345715,0.8771875512345715,0.8771875512345715,1.0,1.0,1.0,1.0,60.0,0.0,0.0,0.08004270767354031,15.0,0.0,0.0,0.009950330853169653,0.0,/media/mengh/SharedData/zhanh/auto_structbeat/caches/pilot/beat_this_final0_gtzan/gtzan__gtzan_disco_00049__track.npy.npz
bt_gtzan_seed0,direct,gtzan/gtzan_disco_00050/track.npy,gtzan,0.989010989010989,0.8909444998592837,0.8909444998592837,0.8909444998592837,0.9782608695652174,0.9782608695652174,0.9782608695652174,0.9782608695652174,1.0,0.900636122863867,0.900636122863867,0.900636122863867,1.0,1.0,1.0,1.0,55.0,0.0,0.0,0.07251856725077381,14.0,0.0,0.0,0.02242156465215979,0.0,/media/mengh/SharedData/zhanh/auto_structbeat/caches/pilot/beat_this_final0_gtzan/gtzan__gtzan_disco_00050__track.npy.npz
bt_gtzan_seed0,direct,gtzan/gtzan_disco_00051/track.npy,gtzan,0.9887640449438202,0.9191956768805405,0.9191956768805405,0.9191956768805405,0.9777777777777777,0.9777777777777777,0.9777777777777777,0.9777777777777777,0.9565217391304348,0.8886164120250035,0.8886164120250035,0.8886164120250035,0.9166666666666666,0.9166666666666666,0.9166666666666666,0.9166666666666666,55.0,0.0,0.0,0.037740327982848945,14.0,0.0,0.0,0.02670109135467261,0.0,/media/mengh/SharedData/zhanh/auto_structbeat/caches/pilot/beat_this_final0_gtzan/gtzan__gtzan_disco_00051__track.npy.npz
bt_gtzan_seed0,direct,gtzan/gtzan_disco_00052/track.npy,gtzan,1.0,0.9675195871800877,0.9675195871800877,0.9675195871800877,1.0,1.0,1.0,1.0,1.0,0.9791106841047793,0.9791106841047793,0.9791106841047793,1.0,1.0,1.0,1.0,63.0,0.0,0.0,0.08338160893905111,16.0,0.0,0.0,0.010582109330537376,0.0,/media/mengh/SharedData/zhanh/auto_structbeat/caches/pilot/beat_this_final0_gtzan/gtzan__gtzan_disco_00052__track.npy.npz
bt_gtzan_seed0,direct,gtzan/gtzan_disco_00053/track.npy,gtzan,0.9913043478260869,0.9624496444913488,0.9624496444913488,0.9624496444913488,0.9827586206896551,0.9827586206896551,0.9827586206896551,0.9827586206896551,1.0,0.9628738623966567,0.9628738623966567,0.9628738623966567,1.0,1.0,1.0,1.0,70.0,0.0,0.0,0.09097177820572327,18.0,0.0,0.0,0.19361964736345563,0.0,/media/mengh/SharedData/zhanh/auto_structbeat/caches/pilot/beat_this_final0_gtzan/gtzan__gtzan_disco_00053__track.npy.npz
bt_gtzan_seed0,direct,gtzan/gtzan_disco_00054/track.npy,gtzan,1.0,0.9675230075818145,0.9675230075818145,0.9675230075818145,1.0,1.0,1.0,1.0,1.0,0.9727031697095182,0.9727031697095182,0.9727031697095182,1.0,1.0,1.0,1.0,57.0,0.0,0.0,0.03774032798285054,14.0,0.0,0.0,0.01383488579569515,0.0,/media/mengh/SharedData/zhanh/auto_structbeat/caches/pilot/beat_this_final0_gtzan/gtzan__gtzan_disco_00054__track.npy.npz
bt_gtzan_seed0,direct,gtzan/gtzan_disco_00055/track.npy,gtzan,1.0,0.727667946140686,0.727667946140686,0.727667946140686,1.0,1.0,1.0,1.0,1.0,0.5891063832955076,0.5891063832955076,0.5891063832955076,1.0,1.0,1.0,1.0,65.0,0.0,0.0,0.12783337150988375,16.0,0.0,0.0,0.021739986636406767,0.0,/media/mengh/SharedData/zhanh/auto_structbeat/caches/pilot/beat_this_final0_gtzan/gtzan__gtzan_disco_00055__track.npy.npz
bt_gtzan_seed0,direct,gtzan/gtzan_disco_00056/track.npy,gtzan,1.0,0.9576751064086435,0.9576751064086435,0.9576751064086435,1.0,1.0,1.0,1.0,1.0,0.9772556987694117,0.9772556987694117,0.9772556987694117,1.0,1.0,1.0,1.0,44.0,0.0,0.0,0.05884050002293223,12.0,0.0,0.0,0.39193795380146706,0.0,/media/mengh/SharedData/zhanh/auto_structbeat/caches/pilot/beat_this_final0_gtzan/gtzan__gtzan_disco_00056__track.npy.npz
bt_gtzan_seed0,direct,gtzan/gtzan_disco_00057/track.npy,gtzan,1.0,0.9582310716157334,0.9582310716157334,0.9582310716157334,1.0,1.0,1.0,1.0,1.0,0.954113748090588,0.954113748090588,0.954113748090588,1.0,1.0,1.0,1.0,59.0,0.0,0.0,0.039220713153283904,15.0,0.0,0.0,0.009852296443012332,0.0,/media/mengh/SharedData/zhanh/auto_structbeat/caches/pilot/beat_this_final0_gtzan/gtzan__gtzan_disco_00057__track.npy.npz
bt_gtzan_seed0,direct,gtzan/gtzan_disco_00058/track.npy,gtzan,1.0,0.9238102261725903,0.9238102261725903,0.9238102261725903,1.0,1.0,1.0,1.0,1.0,0.8971387175986958,0.8971387175986958,0.8971387175986958,1.0,1.0,1.0,1.0,66.0,0.0,0.0,0.08701137698962957,17.0,0.0,0.0,0.010929070532190121,0.0,/media/mengh/SharedData/zhanh/auto_structbeat/caches/pilot/beat_this_final0_gtzan/gtzan__gtzan_disco_00058__track.npy.npz
bt_gtzan_seed0,direct,gtzan/gtzan_disco_00059/track.npy,gtzan,1.0,0.9541002018016408,0.9541002018016408,0.9541002018016408,1.0,1.0,1.0,1.0,1.0,0.9510324841348118,0.9510324841348118,0.9510324841348118,1.0,1.0,1.0,1.0,63.0,0.0,0.0,0.04255961441879885,15.0,0.0,0.0,0.010471299867296469,0.0,/media/mengh/SharedData/zhanh/auto_structbeat/caches/pilot/beat_this_final0_gtzan/gtzan__gtzan_disco_00059__track.npy.npz
bt_gtzan_seed0,direct,gtzan/gtzan_disco_00060/track.npy,gtzan,1.0,0.6424893076738184,0.6424893076738184,0.6424893076738184,1.0,1.0,1.0,1.0,0.962962962962963,0.47529896953686623,0.47529896953686623,0.47529896953686623,0.9285714285714286,0.9285714285714286,0.9285714285714286,0.9285714285714286,65.0,0.0,0.0,0.08701137698963579,17.0,0.0,0.0,0.0972059911453886,0.0,/media/mengh/SharedData/zhanh/auto_structbeat/caches/pilot/beat_this_final0_gtzan/gtzan__gtzan_disco_00060__track.npy.npz
bt_gtzan_seed0,direct,gtzan/gtzan_disco_00061/track.npy,gtzan,1.0,0.8705056043169122,0.8705056043169122,0.8705056043169122,1.0,1.0,1.0,1.0,1.0,0.8416267925769734,0.8416267925769734,0.8416267925769734,1.0,1.0,1.0,1.0,63.0,0.0,0.0,0.042559614418796854,16.0,0.0,0.0,0.010471299867296424,0.0,/media/mengh/SharedData/zhanh/auto_structbeat/caches/pilot/beat_this_final0_gtzan/gtzan__gtzan_disco_00061__track.npy.npz
bt_gtzan_seed0,direct,gtzan/gtzan_disco_00062/track.npy,gtzan,1.0,0.9667760554486574,0.9667760554486574,0.9667760554486574,1.0,1.0,1.0,1.0,1.0,0.9589354068757688,0.9589354068757688,0.9589354068757688,1.0,1.0,1.0,1.0,54.0,0.0,0.0,0.03636764417088045,14.0,0.0,0.0,0.013204909547235914,0.0,/media/mengh/SharedData/zhanh/auto_structbeat/caches/pilot/beat_this_final0_gtzan/gtzan__gtzan_disco_00062__track.npy.npz
bt_gtzan_seed0,direct,gtzan/gtzan_disco_00063/track.npy,gtzan,1.0,0.9656417740348991,0.9656417740348991,0.9656417740348991,1.0,1.0,1.0,1.0,1.0,0.9663357441395879,0.9663357441395879,0.9663357441395879,1.0,1.0,1.0,1.0,65.0,0.0,0.0,0.08701137698963518,16.0,0.0,0.0,0.014712891168665934,0.0,/media/mengh/SharedData/zhanh/auto_structbeat/caches/pilot/beat_this_final0_gtzan/gtzan__gtzan_disco_00063__track.npy.npz
bt_gtzan_seed0,direct,gtzan/gtzan_disco_00064/track.npy,gtzan,1.0,0.9660108929080609,0.9660108929080609,0.9660108929080609,1.0,1.0,1.0,1.0,1.0,0.9670778822100762,0.9670778822100762,0.9670778822100762,1.0,1.0,1.0,1.0,61.0,0.0,0.0,0.040821994520261584,15.0,0.0,0.0,0.010256500167189441,0.0,/media/mengh/SharedData/zhanh/auto_structbeat/caches/pilot/beat_this_final0_gtzan/gtzan__gtzan_disco_00064__track.npy.npz
bt_gtzan_seed0,direct,gtzan/gtzan_disco_00065/track.npy,gtzan,1.0,0.9503447023081019,0.9503447023081019,0.9503447023081019,1.0,1.0,1.0,1.0,1.0,0.9307919998412354,0.9307919998412354,0.9307919998412354,1.0,1.0,1.0,1.0,66.0,0.0,0.0,0.0806274348268113,16.0,0.0,0.0,0.014875010872851592,0.0,/media/mengh/SharedData/zhanh/auto_structbeat/caches/pilot/beat_this_final0_gtzan/gtzan__gtzan_disco_00065__track.npy.npz
bt_gtzan_seed0,direct,gtzan/gtzan_disco_00066/track.npy,gtzan,1.0,0.966599345782493,0.966599345782493,0.966599345782493,1.0,1.0,1.0,1.0,1.0,0.9555245057865953,0.9555245057865953,0.9555245057865953,1.0,1.0,1.0,1.0,67.0,0.0,0.0,0.044451762570840825,16.0,0.0,0.0,0.0038674426653059497,0.0,/media/mengh/SharedData/zhanh/auto_structbeat/caches/pilot/beat_this_final0_gtzan/gtzan__gtzan_disco_00066__track.npy.npz
bt_gtzan_seed0,direct,gtzan/gtzan_disco_00067/track.npy,gtzan,1.0,0.8664274875146577,0.8664274875146577,0.8664274875146577,1.0,1.0,1.0,1.0,1.0,0.8483492938226697,0.8483492938226697,0.8483492938226697,1.0,1.0,1.0,1.0,50.0,0.0,0.0,0.06669137449867313,12.0,0.0,0.0,0.0084388686458652,0.0,/media/mengh/SharedData/zhanh/auto_structbeat/caches/pilot/beat_this_final0_gtzan/gtzan__gtzan_disco_00067__track.npy.npz
bt_gtzan_seed0,direct,gtzan/gtzan_disco_00068/track.npy,gtzan,1.0,0.8753873526009719,0.8753873526009719,0.8753873526009719,1.0,1.0,1.0,1.0,1.0,0.8565058216258195,0.8565058216258195,0.8565058216258195,1.0,1.0,1.0,1.0,54.0,0.0,0.0,0.03636764417087697,13.0,0.0,0.0,0.013374706309660367,0.0,/media/mengh/SharedData/zhanh/auto_structbeat/caches/pilot/beat_this_final0_gtzan/gtzan__gtzan_disco_00068__track.npy.npz
bt_gtzan_seed0,direct,gtzan/gtzan_disco_00069/track.npy,gtzan,1.0,0.881207085358032,0.881207085358032,0.881207085358032,1.0,1.0,1.0,1.0,1.0,0.8060557329861371,0.8060557329861371,0.8060557329861371,1.0,1.0,1.0,1.0,54.0,0.0,0.0,0.07145896398214668,13.0,0.0,0.0,0.01801850550267753,0.0,/media/mengh/SharedData/zhanh/auto_structbeat/caches/pilot/beat_this_final0_gtzan/gtzan__gtzan_disco_00069__track.npy.npz
bt_gtzan_seed0,direct,gtzan/gtzan_disco_00070/track.npy,gtzan,1.0,0.8738063326450711,0.8738063326450711,0.8738063326450711,1.0,1.0,1.0,1.0,1.0,0.8267917577040776,0.8267917577040776,0.8267917577040776,1.0,1.0,1.0,1.0,55.0,0.0,0.0,0.03636764417088045,14.0,0.0,0.0,0.013326272708396302,0.0,/media/mengh/SharedData/zhanh/auto_structbeat/caches/pilot/beat_this_final0_gtzan/gtzan__gtzan_disco_00070__track.npy.npz
bt_gtzan_seed0,direct,gtzan/gtzan_disco_00071/track.npy,gtzan,1.0,0.9196299574728546,0.9196299574728546,0.9196299574728546,1.0,1.0,1.0,1.0,1.0,0.9081873214690918,0.9081873214690918,0.9081873214690918,1.0,1.0,1.0,1.0,57.0,0.0,0.0,0.05054281154813487,14.0,0.0,0.0,0.013784996911811858,0.0,/media/mengh/SharedData/zhanh/auto_structbeat/caches/pilot/beat_this_final0_gtzan/gtzan__gtzan_disco_00071__track.npy.npz
bt_gtzan_seed0,direct,gtzan/gtzan_disco_00072/track.npy,gtzan,1.0,0.9084406282586621,0.9084406282586621,0.9084406282586621,1.0,1.0,1.0,1.0,0.9655172413793104,0.8794553750540465,0.8794553750540465,0.8794553750540465,0.4666666666666667,0.8666666666666667,0.4666666666666667,0.8666666666666667,69.0,0.0,0.0,0.04652001563490016,18.0,0.0,0.0,0.6820399182270765,0.0,/media/mengh/SharedData/zhanh/auto_structbeat/caches/pilot/beat_this_final0_gtzan/gtzan__gtzan_disco_00072__track.npy.npz
bt_gtzan_seed0,direct,gtzan/gtzan_disco_00073/track.npy,gtzan,1.0,0.8396288609717705,0.8396288609717705,0.8396288609717705,1.0,1.0,1.0,1.0,1.0,0.8508481465659455,0.8508481465659455,0.8508481465659455,1.0,1.0,1.0,1.0,57.0,0.0,0.0,0.03774032798285054,14.0,0.0,0.0,0.009478743954545288,0.0,/media/mengh/SharedData/zhanh/auto_structbeat/caches/pilot/beat_this_final0_gtzan/gtzan__gtzan_disco_00073__track.npy.npz
bt_gtzan_seed0,direct,gtzan/gtzan_disco_00074/track.npy,gtzan,1.0,0.8960503713366994,0.8960503713366994,0.8960503713366994,1.0,1.0,1.0,1.0,1.0,0.8920806762493032,0.8920806762493032,0.8920806762493032,1.0,1.0,1.0,1.0,56.0,0.0,0.0,0.07410797215372356,14.0,0.0,0.0,0.00938974034983973,0.0,/media/mengh/SharedData/zhanh/auto_structbeat/caches/pilot/beat_this_final0_gtzan/gtzan__gtzan_disco_00074__track.npy.npz
bt_gtzan_seed0,direct,gtzan/gtzan_disco_00075/track.npy,gtzan,1.0,0.9628718732552818,0.9628718732552818,0.9628718732552818,1.0,1.0,1.0,1.0,1.0,0.9545219976209768,0.9545219976209768,0.9545219976209768,1.0,1.0,1.0,1.0,67.0,0.0,0.0,0.044451762570840825,17.0,0.0,0.0,0.02222313678471014,0.0,/media/mengh/SharedData/zhanh/auto_structbeat/caches/pilot/beat_this_final0_gtzan/gtzan__gtzan_disco_00075__track.npy.npz
bt_gtzan_seed0,direct,gtzan/gtzan_disco_00076/track.npy,gtzan,1.0,0.9486676581004388,0.9486676581004388,0.9486676581004388,1.0,1.0,1.0,1.0,0.9285714285714286,0.8686422654284635,0.8686422654284635,0.8686422654284635,0.7333333333333333,0.7333333333333333,0.7333333333333333,0.7333333333333333,63.0,0.0,0.0,0.04255961441880263,19.0,0.0,0.0,0.7827058896460068,0.0,/media/mengh/SharedData/zhanh/auto_structbeat/caches/pilot/beat_this_final0_gtzan/gtzan__gtzan_disco_00076__track.npy.npz
bt_gtzan_seed0,direct,gtzan/gtzan_disco_00077/track.npy,gtzan,0.9896907216494846,0.9323607144415214,0.9323607144415214,0.9323607144415214,0.9795918367346939,0.9795918367346939,0.9795918367346939,0.9795918367346939,0.9600000000000001,0.9026255797970996,0.9026255797970996,0.9026255797970996,0.9230769230769231,0.9230769230769231,0.9230769230769231,0.9230769230769231,59.0,0.0,0.0,0.039220713153283904,15.0,0.0,0.0,0.00975617494536618,0.0,/media/mengh/SharedData/zhanh/auto_structbeat/caches/pilot/beat_this_final0_gtzan/gtzan__gtzan_disco_00077__track.npy.npz
bt_gtzan_seed0,direct,gtzan/gtzan_disco_00078/track.npy,gtzan,1.0,0.9454348194167814,0.9454348194167814,0.9454348194167814,1.0,1.0,1.0,1.0,1.0,0.9039013788210123,0.9039013788210123,0.9039013788210123,1.0,1.0,1.0,1.0,69.0,0.058823529411764705,0.07352941176470588,0.9699189597604628,17.0,0.0,0.0625,2.4487988969354926,0.0,/media/mengh/SharedData/zhanh/auto_structbeat/caches/pilot/beat_this_final0_gtzan/gtzan__gtzan_disco_00078__track.npy.npz
bt_gtzan_seed0,direct,gtzan/gtzan_disco_00079/track.npy,gtzan,1.0,0.9443465902734319,0.9443465902734319,0.9443465902734319,1.0,1.0,1.0,1.0,1.0,0.9515548800460744,0.9515548800460744,0.9515548800460744,1.0,1.0,1.0,1.0,61.0,0.0,0.0,0.04082199452025603,16.0,0.0,0.0,0.010050335853501235,0.0,/media/mengh/SharedData/zhanh/auto_structbeat/caches/pilot/beat_this_final0_gtzan/gtzan__gtzan_disco_00079__track.npy.npz
bt_gtzan_seed0,direct,gtzan/gtzan_disco_00080/track.npy,gtzan,1.0,0.9498134079395547,0.9498134079395547,0.9498134079395547,1.0,1.0,1.0,1.0,1.0,0.9525052912867711,0.9525052912867711,0.9525052912867711,1.0,1.0,1.0,1.0,49.0,0.0,0.0,0.032789822822996084,12.0,0.0,0.0,0.008163310639162202,0.0,/media/mengh/SharedData/zhanh/auto_structbeat/caches/pilot/beat_this_final0_gtzan/gtzan__gtzan_disco_00080__track.npy.npz
bt_gtzan_seed0,direct,gtzan/gtzan_disco_00081/track.npy,gtzan,1.0,0.8731862280755789,0.8731862280755789,0.8731862280755789,1.0,1.0,1.0,1.0,1.0,0.8569368792492467,0.8569368792492467,0.8569368792492467,1.0,1.0,1.0,1.0,65.0,0.0,0.0,0.08701137698963539,17.0,0.0,0.0,0.02484448501093405,0.0,/media/mengh/SharedData/zhanh/auto_structbeat/caches/pilot/beat_this_final0_gtzan/gtzan__gtzan_disco_00081__track.npy.npz
bt_gtzan_seed0,direct,gtzan/gtzan_disco_00082/track.npy,gtzan,1.0,0.9809323687565126,0.9809323687565126,0.9809323687565126,1.0,1.0,1.0,1.0,1.0,0.9682229718366014,0.9682229718366014,0.9682229718366014,1.0,1.0,1.0,1.0,62.0,0.0,0.0,0.0408219945202581,15.0,0.0,0.0,0.010256500167190707,0.0,/media/mengh/SharedData/zhanh/auto_structbeat/caches/pilot/beat_this_final0_gtzan/gtzan__gtzan_disco_00082__track.npy.npz
bt_gtzan_seed0,direct,gtzan/gtzan_disco_00083/track.npy,gtzan,1.0,0.8879338212926945,0.8879338212926945,0.8879338212926945,1.0,1.0,1.0,1.0,1.0,0.8790900728822532,0.8790900728822532,0.8790900728822532,1.0,1.0,1.0,1.0,58.0,0.0,0.0,0.03922071315328257,14.0,0.0,0.0,0.00975617494536618,0.0,/media/mengh/SharedData/zhanh/auto_structbeat/caches/pilot/beat_this_final0_gtzan/gtzan__gtzan_disco_00083__track.npy.npz
bt_gtzan_seed0,direct,gtzan/gtzan_disco_00084/track.npy,gtzan,1.0,0.966344788953809,0.966344788953809,0.966344788953809,1.0,1.0,1.0,1.0,0.9565217391304348,0.9110917018404108,0.9110917018404108,0.9110917018404108,0.9166666666666666,0.9166666666666666,0.9166666666666666,0.9166666666666666,57.0,0.0,0.0,0.03774032798284954,15.0,0.0,0.0,0.11571888927943222,0.0,/media/mengh/SharedData/zhanh/auto_structbeat/caches/pilot/beat_this_final0_gtzan/gtzan__gtzan_disco_00084__track.npy.npz
bt_gtzan_seed0,direct,gtzan/gtzan_disco_00085/track.npy,gtzan,1.0,0.940927315634911,0.940927315634911,0.940927315634911,1.0,1.0,1.0,1.0,1.0,0.9615786880535215,0.9615786880535215,0.9615786880535215,1.0,1.0,1.0,1.0,62.0,0.0,0.0,0.04082199452025613,16.0,0.0,0.0,1.887379141862766e-15,0.0,/media/mengh/SharedData/zhanh/auto_structbeat/caches/pilot/beat_this_final0_gtzan/gtzan__gtzan_disco_00085__track.npy.npz
bt_gtzan_seed0,direct,gtzan/gtzan_disco_00086/track.npy,gtzan,1.0,0.913500689245946,0.913500689245946,0.913500689245946,1.0,1.0,1.0,1.0,1.0,0.9348399648340833,0.9348399648340833,0.9348399648340833,1.0,1.0,1.0,1.0,63.0,0.0,0.0,0.04255961441879885,16.0,0.0,0.0,0.024566421453102234,0.0,/media/mengh/SharedData/zhanh/auto_structbeat/caches/pilot/beat_this_final0_gtzan/gtzan__gtzan_disco_00086__track.npy.npz
bt_gtzan_seed0,direct,gtzan/gtzan_disco_00087/track.npy,gtzan,1.0,0.9655963276004367,0.9655963276004367,0.9655963276004367,1.0,1.0,1.0,1.0,1.0,0.9776427986050255,0.9776427986050255,0.9776427986050255,1.0,1.0,1.0,1.0,53.0,0.0,0.0,0.03636764417087246,13.0,0.0,0.0,0.0220664170837786,0.0,/media/mengh/SharedData/zhanh/auto_structbeat/caches/pilot/beat_this_final0_gtzan/gtzan__gtzan_disco_00087__track.npy.npz
bt_gtzan_seed0,direct,gtzan/gtzan_disco_00088/track.npy,gtzan,1.0,0.9622759950837629,0.9622759950837629,0.9622759950837629,1.0,1.0,1.0,1.0,1.0,0.9369044999153713,0.9369044999153713,0.9369044999153713,1.0,1.0,1.0,1.0,62.0,0.0,0.0,0.08338160893904922,15.0,0.0,0.0,0.01036278703554816,0.0,/media/mengh/SharedData/zhanh/auto_structbeat/caches/pilot/beat_this_final0_gtzan/gtzan__gtzan_disco_00088__track.npy.npz
bt_gtzan_seed0,direct,gtzan/gtzan_disco_00089/track.npy,gtzan,0.9814814814814815,0.7377669943204418,0.7377669943204418,0.7377669943204418,0.9814814814814815,0.9814814814814815,0.9814814814814815,0.9814814814814815,0.962962962962963,0.5984838618348969,0.5984838618348969,0.5984838618348969,0.9285714285714286,0.9285714285714286,0.9285714285714286,0.9285714285714286,65.0,0.0,0.0,0.08701137698963579,17.0,0.0,0.0,0.024784926380620652,0.0,/media/mengh/SharedData/zhanh/auto_structbeat/caches/pilot/beat_this_final0_gtzan/gtzan__gtzan_disco_00089__track.npy.npz
bt_gtzan_seed0,direct,gtzan/gtzan_disco_00090/track.npy,gtzan,1.0,0.9587848490875641,0.9587848490875641,0.9587848490875641,1.0,1.0,1.0,1.0,1.0,0.9730139731031382,0.9730139731031382,0.9730139731031382,1.0,1.0,1.0,1.0,64.0,0.0,0.0,0.04255961441880263,16.0,0.0,0.0,0.01455426729507708,0.0,/media/mengh/SharedData/zhanh/auto_structbeat/caches/pilot/beat_this_final0_gtzan/gtzan__gtzan_disco_00090__track.npy.npz
bt_gtzan_seed0,direct,gtzan/gtzan_disco_00091/track.npy,gtzan,1.0,0.9193638701901551,0.9193638701901551,0.9193638701901551,1.0,1.0,1.0,1.0,1.0,0.9082493948844682,0.9082493948844682,0.9082493948844682,1.0,1.0,1.0,1.0,50.0,0.0,0.0,0.03390155167568502,12.0,0.0,0.0,0.008368249670517558,0.0,/media/mengh/SharedData/zhanh/auto_structbeat/caches/pilot/beat_this_final0_gtzan/gtzan__gtzan_disco_00091__track.npy.npz
bt_gtzan_seed0,direct,gtzan/gtzan_disco_00092/track.npy,gtzan,1.0,0.9755939545783349,0.9755939545783349,0.9755939545783349,1.0,1.0,1.0,1.0,1.0,0.9772142625411734,0.9772142625411734,0.9772142625411734,1.0,1.0,1.0,1.0,58.0,0.0,0.0,0.07696104113612845,14.0,0.0,0.0,0.01923136192788776,0.0,/media/mengh/SharedData/zhanh/auto_structbeat/caches/pilot/beat_this_final0_gtzan/gtzan__gtzan_disco_00092__track.npy.npz
bt_gtzan_seed0,direct,gtzan/gtzan_disco_00093/track.npy,gtzan,1.0,0.9798838798760683,0.9798838798760683,0.9798838798760683,1.0,1.0,1.0,1.0,1.0,0.9782473552764848,0.9782473552764848,0.9782473552764848,1.0,1.0,1.0,1.0,55.0,0.0,0.0,0.03774032798284799,13.0,0.0,0.0,0.013954394058538211,0.0,/media/mengh/SharedData/zhanh/auto_structbeat/caches/pilot/beat_this_final0_gtzan/gtzan__gtzan_disco_00093__track.npy.npz
bt_gtzan_seed0,direct,gtzan/gtzan_disco_00094/track.npy,gtzan,1.0,0.9726521027854647,0.9726521027854647,0.9726521027854647,1.0,1.0,1.0,1.0,0.8571428571428571,0.826943555937107,0.826943555937107,0.826943555937107,0.5,0.5,0.5,0.5,70.0,0.0,0.0,0.04652001563490016,23.0,0.0,0.0,0.0229895182247023,0.0,/media/mengh/SharedData/zhanh/auto_structbeat/caches/pilot/beat_this_final0_gtzan/gtzan__gtzan_disco_00094__track.npy.npz
bt_gtzan_seed0,direct,gtzan/gtzan_disco_00095/track.npy,gtzan,1.0,0.9640565169840144,0.9640565169840144,0.9640565169840144,1.0,1.0,1.0,1.0,1.0,0.9589569668755799,0.9589569668755799,0.9589569668755799,1.0,1.0,1.0,1.0,60.0,0.0,0.0,0.040821994520261584,15.0,0.0,0.0,0.01005033585350248,0.0,/media/mengh/SharedData/zhanh/auto_structbeat/caches/pilot/beat_this_final0_gtzan/gtzan__gtzan_disco_00095__track.npy.npz
bt_gtzan_seed0,direct,gtzan/gtzan_disco_00096/track.npy,gtzan,1.0,0.9112644552960837,0.9112644552960837,0.9112644552960837,1.0,1.0,1.0,1.0,1.0,0.905329199546271,0.905329199546271,0.905329199546271,1.0,1.0,1.0,1.0,51.0,0.0,0.0,0.03390155167568665,13.0,0.0,0.0,0.008510689667909133,0.0,/media/mengh/SharedData/zhanh/auto_structbeat/caches/pilot/beat_this_final0_gtzan/gtzan__gtzan_disco_00096__track.npy.npz
bt_gtzan_seed0,direct,gtzan/gtzan_disco_00097/track.npy,gtzan,1.0,0.9554327546276354,0.9554327546276354,0.9554327546276354,1.0,1.0,1.0,1.0,1.0,0.9637375770048358,0.9637375770048358,0.9637375770048358,1.0,1.0,1.0,1.0,65.0,0.0,0.0,0.04426254775562971,16.0,0.0,0.0,0.010810916104215362,0.0,/media/mengh/SharedData/zhanh/auto_structbeat/caches/pilot/beat_this_final0_gtzan/gtzan__gtzan_disco_00097__track.npy.npz
bt_gtzan_seed0,direct,gtzan/gtzan_disco_00098/track.npy,gtzan,0.9902912621359222,0.9708917064938059,0.9708917064938059,0.9708917064938059,0.9807692307692307,0.9807692307692307,0.9807692307692307,0.9807692307692307,1.0,0.9710462640292981,0.9710462640292981,0.9710462640292981,1.0,1.0,1.0,1.0,62.0,0.0,0.0,0.040821994520261584,15.0,0.0,0.0,0.010152371464017684,0.0,/media/mengh/SharedData/zhanh/auto_structbeat/caches/pilot/beat_this_final0_gtzan/gtzan__gtzan_disco_00098__track.npy.npz
bt_gtzan_seed0,direct,gtzan/gtzan_disco_00099/track.npy,gtzan,0.9902912621359222,0.9706583227083014,0.9706583227083014,0.9706583227083014,0.9807692307692307,0.9807692307692307,0.9807692307692307,0.9807692307692307,1.0,0.9670891755990241,0.9670891755990241,0.9670891755990241,1.0,1.0,1.0,1.0,62.0,0.0,0.0,0.040821994520261584,15.0,0.0,0.0,0.010152371464017684,0.0,/media/mengh/SharedData/zhanh/auto_structbeat/caches/pilot/beat_this_final0_gtzan/gtzan__gtzan_disco_00099__track.npy.npz
bt_gtzan_seed0,direct,gtzan/gtzan_hiphop_00000/track.npy,gtzan,1.0,0.9117232835809947,0.9117232835809947,0.9117232835809947,1.0,1.0,1.0,1.0,1.0,0.8983124960895812,0.8983124960895812,0.8983124960895812,1.0,1.0,1.0,1.0,60.0,0.0,0.0,0.08004270767353674,15.0,0.0,0.0,0.019802627296179764,0.0,/media/mengh/SharedData/zhanh/auto_structbeat/caches/pilot/beat_this_final0_gtzan/gtzan__gtzan_hiphop_00000__track.npy.npz
bt_gtzan_seed0,direct,gtzan/gtzan_hiphop_00001/track.npy,gtzan,0.9870129870129869,0.929445291764433,0.929445291764433,0.929445291764433,0.9743589743589743,0.9743589743589743,0.9743589743589743,0.9743589743589743,1.0,0.9132100238979908,0.9132100238979908,0.9132100238979908,1.0,1.0,1.0,1.0,45.0,0.0,0.0,0.06062462181643913,11.0,0.0,0.0,0.015221205286714246,0.0,/media/mengh/SharedData/zhanh/auto_structbeat/caches/pilot/beat_this_final0_gtzan/gtzan__gtzan_hiphop_00001__track.npy.npz
bt_gtzan_seed0,direct,gtzan/gtzan_hiphop_00002/track.npy,gtzan,1.0,0.8329381347533491,0.8329381347533491,0.8329381347533491,1.0,1.0,1.0,1.0,1.0,0.7634748153896004,0.7634748153896004,0.7634748153896004,1.0,1.0,1.0,1.0,50.0,0.0,0.0,0.06669137449866863,12.0,0.0,0.0,0.008298802814696415,0.0,/media/mengh/SharedData/zhanh/auto_structbeat/caches/pilot/beat_this_final0_gtzan/gtzan__gtzan_hiphop_00002__track.npy.npz
bt_gtzan_seed0,direct,gtzan/gtzan_hiphop_00003/track.npy,gtzan,0.9873417721518987,0.9099157708002646,0.9099157708002646,0.9099157708002646,0.975,0.975,0.975,0.975,0.5714285714285714,0.5410321571159779,0.8397644024806332,0.6903982797983055,0.0,0.0,0.631578947368421,0.7894736842105263,46.0,0.0,0.0,0.030771658666758156,20.0,0.0,0.0,0.6877507624464287,0.0,/media/mengh/SharedData/zhanh/auto_structbeat/caches/pilot/beat_this_final0_gtzan/gtzan__gtzan_hiphop_00003__track.npy.npz
bt_gtzan_seed0,direct,gtzan/gtzan_hiphop_00004/track.npy,gtzan,1.0,0.9497307643003425,0.9497307643003425,0.9497307643003425,1.0,1.0,1.0,1.0,1.0,0.9521239249321498,0.9521239249321498,0.9521239249321498,1.0,1.0,1.0,1.0,48.0,0.0,0.0,0.06453852113756964,12.0,0.0,0.0,0.016129381929883224,0.0,/media/mengh/SharedData/zhanh/auto_structbeat/caches/pilot/beat_this_final0_gtzan/gtzan__gtzan_hiphop_00004__track.npy.npz
bt_gtzan_seed0,direct,gtzan/gtzan_hiphop_00005/track.npy,gtzan,0.9747899159663865,0.8597630815609394,0.8597630815609394,0.8597630815609394,0.9666666666666667,0.9666666666666667,0.9666666666666667,0.9666666666666667,0.9333333333333333,0.8360111738417383,0.8360111738417383,0.8360111738417383,1.0,1.0,1.0,1.0,70.0,0.0,0.0,0.04799561218233961,18.0,0.0,0.0,0.02353049741019353,0.0,/media/mengh/SharedData/zhanh/auto_structbeat/caches/pilot/beat_this_final0_gtzan/gtzan__gtzan_hiphop_00005__track.npy.npz
bt_gtzan_seed0,direct,gtzan/gtzan_hiphop_00006/track.npy,gtzan,0.9879518072289156,0.9248404316477847,0.9248404316477847,0.9248404316477847,0.9761904761904762,0.9761904761904762,0.9761904761904762,0.9761904761904762,1.0,0.9599967958483013,0.9599967958483013,0.9599967958483013,1.0,1.0,1.0,1.0,50.0,0.0,0.0,0.0666913744986717,12.0,0.0,0.0,0.01666705248521172,0.0,/media/mengh/SharedData/zhanh/auto_structbeat/caches/pilot/beat_this_final0_gtzan/gtzan__gtzan_hiphop_00006__track.npy.npz
bt_gtzan_seed0,direct,gtzan/gtzan_hiphop_00007/track.npy,gtzan,0.94,0.8241760246786305,0.8241760246786305,0.8241760246786305,0.94,0.94,0.94,0.94,0.6486486486486487,0.5502844683551171,0.7869618461671631,0.6686231572611401,0.041666666666666664,0.041666666666666664,0.72,0.92,60.0,0.0,0.0,0.04082199452025792,29.0,0.0,0.0,0.5054057337094808,0.0,/media/mengh/SharedData/zhanh/auto_structbeat/caches/pilot/beat_this_final0_gtzan/gtzan__gtzan_hiphop_00007__track.npy.npz
bt_gtzan_seed0,direct,gtzan/gtzan_hiphop_00008/track.npy,gtzan,1.0,0.8604454006211086,0.8604454006211086,0.8604454006211086,1.0,1.0,1.0,1.0,0.9,0.7472673483876214,0.7472673483876214,0.7472673483876214,0.6363636363636364,0.6363636363636364,0.6363636363636364,0.6363636363636364,43.0,0.0,0.0,0.055569851154810834,13.0,0.0,0.0,1.1041896158317124,0.0,/media/mengh/SharedData/zhanh/auto_structbeat/caches/pilot/beat_this_final0_gtzan/gtzan__gtzan_hiphop_00008__track.npy.npz
bt_gtzan_seed0,direct,gtzan/gtzan_hiphop_00009/track.npy,gtzan,0.9655172413793104,0.8649295813787188,0.8649295813787188,0.8649295813787188,0.9545454545454546,0.9545454545454546,0.9545454545454546,0.9545454545454546,0.9523809523809523,0.8012536134615876,0.8012536134615876,0.8012536134615876,0.9090909090909091,0.9090909090909091,0.9090909090909091,0.9090909090909091,52.0,0.0,0.0,0.06899287148694805,13.0,0.0,0.0,0.01724180643450568,0.0,/media/mengh/SharedData/zhanh/auto_structbeat/caches/pilot/beat_this_final0_gtzan/gtzan__gtzan_hiphop_00009__track.npy.npz
bt_gtzan_seed0,direct,gtzan/gtzan_hiphop_00010/track.npy,gtzan,0.975609756097561,0.9161302043504005,0.9161302043504005,0.9161302043504005,0.975609756097561,0.975609756097561,0.975609756097561,0.975609756097561,1.0,0.9685558142390225,0.9685558142390225,0.9685558142390225,1.0,1.0,1.0,1.0,49.0,0.0,0.0,0.05470157429067839,12.0,0.0,0.0,0.004382493307047399,0.0,/media/mengh/SharedData/zhanh/auto_structbeat/caches/pilot/beat_this_final0_gtzan/gtzan__gtzan_hiphop_00010__track.npy.npz
bt_gtzan_seed0,direct,gtzan/gtzan_hiphop_00011/track.npy,gtzan,1.0,0.9354056601997043,0.9354056601997043,0.9354056601997043,1.0,1.0,1.0,1.0,1.0,0.9653150530536099,0.9653150530536099,0.9653150530536099,1.0,1.0,1.0,1.0,50.0,0.0,0.0,0.0339015516756856,12.0,0.0,0.0,0.008298802814694506,0.0,/media/mengh/SharedData/zhanh/auto_structbeat/caches/pilot/beat_this_final0_gtzan/gtzan__gtzan_hiphop_00011__track.npy.npz
bt_gtzan_seed0,direct,gtzan/gtzan_hiphop_00012/track.npy,gtzan,0.9879518072289156,0.845319089084059,0.845319089084059,0.845319089084059,0.9761904761904762,0.9761904761904762,0.9761904761904762,0.9761904761904762,1.0,0.8250180033895328,0.8250180033895328,0.8250180033895328,1.0,1.0,1.0,1.0,49.0,0.0,0.0,0.03278982282299215,12.0,0.0,0.0,0.016393809775676487,0.0,/media/mengh/SharedData/zhanh/auto_structbeat/caches/pilot/beat_this_final0_gtzan/gtzan__gtzan_hiphop_00012__track.npy.npz
bt_gtzan_seed0,direct,gtzan/gtzan_hiphop_00013/track.npy,gtzan,1.0,0.9468867584222613,0.9468867584222613,0.9468867584222613,1.0,1.0,1.0,1.0,1.0,0.9466501605867731,0.9466501605867731,0.9466501605867731,1.0,1.0,1.0,1.0,51.0,0.0,0.0,0.03390155167568665,13.0,0.0,0.0,0.01694955831377304,0.0,/media/mengh/SharedData/zhanh/auto_structbeat/caches/pilot/beat_this_final0_gtzan/gtzan__gtzan_hiphop_00013__track.npy.npz
bt_gtzan_seed0,direct,gtzan/gtzan_hiphop_00014/track.npy,gtzan,1.0,0.8858835301708813,0.8858835301708813,0.8858835301708813,1.0,1.0,1.0,1.0,0.7647058823529412,0.702252224494464,0.702252224494464,0.702252224494464,0.45,0.45,0.45,0.45,67.0,0.0,0.0,0.044451762570840825,27.0,0.0,0.0,0.71562003641201,0.0,/media/mengh/SharedData/zhanh/auto_structbeat/caches/pilot/beat_this_final0_gtzan/gtzan__gtzan_hiphop_00014__track.npy.npz
bt_gtzan_seed0,direct,gtzan/gtzan_hiphop_00015/track.npy,gtzan,1.0,0.8855033727868875,0.8855033727868875,0.8855033727868875,1.0,1.0,1.0,1.0,1.0,0.8603880405613389,0.8603880405613389,0.8603880405613389,1.0,1.0,1.0,1.0,50.0,0.0,0.0,0.06669137449866863,12.0,0.0,0.0,0.016529301951209198,0.0,/media/mengh/SharedData/zhanh/auto_structbeat/caches/pilot/beat_this_final0_gtzan/gtzan__gtzan_hiphop_00015__track.npy.npz
bt_gtzan_seed0,direct,gtzan/gtzan_hiphop_00016/track.npy,gtzan,1.0,0.9168787531987975,0.9168787531987975,0.9168787531987975,1.0,1.0,1.0,1.0,1.0,0.889026660258174,0.889026660258174,0.889026660258174,1.0,1.0,1.0,1.0,51.0,0.0,0.0,0.03390155167568665,13.0,0.0,0.0,0.008438868645865183,0.0,/media/mengh/SharedData/zhanh/auto_structbeat/caches/pilot/beat_this_final0_gtzan/gtzan__gtzan_hiphop_00016__track.npy.npz
bt_gtzan_seed0,direct,gtzan/gtzan_hiphop_00017/track.npy,gtzan,0.9876543209876543,0.9050292723492542,0.9050292723492542,0.9050292723492542,0.975609756097561,0.975609756097561,0.975609756097561,0.975609756097561,1.0,0.9013815919300562,0.9013815919300562,0.9013815919300562,1.0,1.0,1.0,1.0,49.0,0.0,0.0,0.06453852113756797,12.0,0.0,0.0,0.01633382976892168,0.0,/media/mengh/SharedData/zhanh/auto_structbeat/caches/pilot/beat_this_final0_gtzan/gtzan__gtzan_hiphop_00017__track.npy.npz
bt_gtzan_seed0,direct,gtzan/gtzan_hiphop_00018/track.npy,gtzan,0.7959183673469388,0.6723717962628367,0.6723717962628367,0.6723717962628367,0.4444444444444444,0.6296296296296297,0.4444444444444444,0.6296296296296297,0.5128205128205129,0.4476230272499384,0.5992661845398972,0.5234446058949178,0.03571428571428571,0.03571428571428571,0.21428571428571427,0.5,72.0,0.1267605633802817,0.18309859154929578,1.4942102215953559,42.0,0.14634146341463414,0.1951219512195122,2.1067373985138045,0.0,/media/mengh/SharedData/zhanh/auto_structbeat/caches/pilot/beat_this_final0_gtzan/gtzan__gtzan_hiphop_00018__track.npy.npz
bt_gtzan_seed0,direct,gtzan/gtzan_hiphop_00019/track.npy,gtzan,1.0,0.9319244035629382,0.9319244035629382,0.9319244035629382,1.0,1.0,1.0,1.0,1.0,0.9632879236104127,0.9632879236104127,0.9632879236104127,1.0,1.0,1.0,1.0,51.0,0.0,0.0,0.0666913744986756,13.0,0.0,0.0,0.012622993481123335,0.0,/media/mengh/SharedData/zhanh/auto_structbeat/caches/pilot/beat_this_final0_gtzan/gtzan__gtzan_hiphop_00019__track.npy.npz
bt_gtzan_seed0,direct,gtzan/gtzan_hiphop_00020/track.npy,gtzan,0.9896907216494846,0.853467828701552,0.853467828701552,0.853467828701552,0.9795918367346939,0.9795918367346939,0.9795918367346939,0.9795918367346939,0.9600000000000001,0.788520549783656,0.788520549783656,0.788520549783656,0.9230769230769231,0.9230769230769231,0.9230769230769231,0.9230769230769231,58.0,0.0,0.0,0.039220713153283904,14.0,0.0,0.0,0.01941808585710203,0.0,/media/mengh/SharedData/zhanh/auto_structbeat/caches/pilot/beat_this_final0_gtzan/gtzan__gtzan_hiphop_00020__track.npy.npz
bt_gtzan_seed0,direct,gtzan/gtzan_hiphop_00021/track.npy,gtzan,1.0,0.8936899647625116,0.8936899647625116,0.8936899647625116,1.0,1.0,1.0,1.0,1.0,0.8935690676932987,0.8935690676932987,0.8935690676932987,1.0,1.0,1.0,1.0,50.0,0.0,0.0,0.0552149365106263,12.0,0.0,0.0,0.008438868645864833,0.0,/media/mengh/SharedData/zhanh/auto_structbeat/caches/pilot/beat_this_final0_gtzan/gtzan__gtzan_hiphop_00021__track.npy.npz
bt_gtzan_seed0,direct,gtzan/gtzan_hiphop_00022/track.npy,gtzan,1.0,0.9370905309811787,0.9370905309811787,0.9370905309811787,1.0,1.0,1.0,1.0,1.0,0.8988467768951417,0.8988467768951417,0.8988467768951417,1.0,1.0,1.0,1.0,50.0,0.0,0.0,0.06669137449866874,13.0,0.0,0.0,0.008438868645865516,0.0,/media/mengh/SharedData/zhanh/auto_structbeat/caches/pilot/beat_this_final0_gtzan/gtzan__gtzan_hiphop_00022__track.npy.npz
bt_gtzan_seed0,direct,gtzan/gtzan_hiphop_00023/track.npy,gtzan,0.9873417721518987,0.9201774884749332,0.9201774884749332,0.9201774884749332,0.975,0.975,0.975,0.975,1.0,0.9301079075584257,0.9301079075584257,0.9301079075584257,1.0,1.0,1.0,1.0,47.0,0.0,0.0,0.06252035698133372,12.0,0.0,0.0,0.00784317746102598,0.0,/media/mengh/SharedData/zhanh/auto_structbeat/caches/pilot/beat_this_final0_gtzan/gtzan__gtzan_hiphop_00023__track.npy.npz
bt_gtzan_seed0,direct,gtzan/gtzan_hiphop_00024/track.npy,gtzan,1.0,0.9632369355552179,0.9632369355552179,0.9632369355552179,1.0,1.0,1.0,1.0,1.0,0.9758367053169043,0.9758367053169043,0.9758367053169043,1.0,1.0,1.0,1.0,51.0,0.0,0.0,0.03390155167568665,13.0,0.0,0.0,0.02124143015946861,0.0,/media/mengh/SharedData/zhanh/auto_structbeat/caches/pilot/beat_this_final0_gtzan/gtzan__gtzan_hiphop_00024__track.npy.npz
bt_gtzan_seed0,direct,gtzan/gtzan_hiphop_00025/track.npy,gtzan,0.9772727272727273,0.897646759665138,0.897646759665138,0.897646759665138,1.0,1.0,1.0,1.0,0.9090909090909091,0.888494601453013,0.888494601453013,0.888494601453013,1.0,1.0,1.0,1.0,53.0,0.0,0.0,0.0539133040765023,13.0,0.0,0.0,0.017739438382157746,0.0,/media/mengh/SharedData/zhanh/auto_structbeat/caches/pilot/beat_this_final0_gtzan/gtzan__gtzan_hiphop_00025__track.npy.npz
bt_gtzan_seed0,direct,gtzan/gtzan_hiphop_00026/track.npy,gtzan,1.0,0.9165361892007603,0.9165361892007603,0.9165361892007603,1.0,1.0,1.0,1.0,1.0,0.9334846859783487,0.9334846859783487,0.9334846859783487,1.0,1.0,1.0,1.0,52.0,0.0,0.0,0.03390155167568665,13.0,0.0,0.0,0.008510689667908466,0.0,/media/mengh/SharedData/zhanh/auto_structbeat/caches/pilot/beat_this_final0_gtzan/gtzan__gtzan_hiphop_00026__track.npy.npz
bt_gtzan_seed0,direct,gtzan/gtzan_hiphop_00027/track.npy,gtzan,1.0,0.9337610561155669,0.9337610561155669,0.9337610561155669,1.0,1.0,1.0,1.0,0.0,6.905797294604146e-227,0.8836367884459753,0.44181839422298763,0.0,0.0,1.0,1.0,46.0,0.0,0.0,0.06062462181643839,11.0,0.0,0.0,0.007604599385220512,0.0,/media/mengh/SharedData/zhanh/auto_structbeat/caches/pilot/beat_this_final0_gtzan/gtzan__gtzan_hiphop_00027__track.npy.npz
bt_gtzan_seed0,direct,gtzan/gtzan_hiphop_00028/track.npy,gtzan,0.868421052631579,0.6017433289244059,0.6017433289244059,0.6017433289244059,1.0,1.0,1.0,1.0,0.6666666666666666,0.48408397584825025,0.48408397584825025,0.48408397584825025,0.4166666666666667,0.4166666666666667,0.4166666666666667,0.4166666666666667,45.0,0.0,0.0,0.05884050002293223,16.0,0.0,0.0,0.7005821590474631,0.0,/media/mengh/SharedData/zhanh/auto_structbeat/caches/pilot/beat_this_final0_gtzan/gtzan__gtzan_hiphop_00028__track.npy.npz
bt_gtzan_seed0,direct,gtzan/gtzan_hiphop_00029/track.npy,gtzan,1.0,0.949057561680507,0.949057561680507,0.949057561680507,1.0,1.0,1.0,1.0,1.0,0.9517625513519832,0.9517625513519832,0.9517625513519832,1.0,1.0,1.0,1.0,47.0,0.0,0.0,0.06252035698133257,12.0,0.0,0.0,0.012029265793706731,0.0,/media/mengh/SharedData/zhanh/auto_structbeat/caches/pilot/beat_this_final0_gtzan/gtzan__gtzan_hiphop_00029__track.npy.npz
bt_gtzan_seed0,direct,gtzan/gtzan_hiphop_00030/track.npy,gtzan,0.6571428571428571,0.6265703706050592,0.9103061571489311,0.7684382638769951,0.037037037037037035,0.06666666666666667,0.12751677852348994,0.7651006711409396,0.6037735849056604,0.5900525771898443,0.5900525771898443,0.5900525771898443,0.11764705882352941,0.5294117647058824,0.11764705882352941,0.5294117647058824,151.0,0.013333333333333334,0.8066666666666666,0.6931471805599415,40.0,0.0,0.3333333333333333,2.0324116616884838,0.0,/media/mengh/SharedData/zhanh/auto_structbeat/caches/pilot/beat_this_final0_gtzan/gtzan__gtzan_hiphop_00030__track.npy.npz
bt_gtzan_seed0,direct,gtzan/gtzan_hiphop_00031/track.npy,gtzan,1.0,0.9649095563568906,0.9649095563568906,0.9649095563568906,1.0,1.0,1.0,1.0,1.0,0.9703500475860214,0.9703500475860214,0.9703500475860214,1.0,1.0,1.0,1.0,50.0,0.0,0.0,0.0552149365106272,12.0,0.0,0.0,0.008368249670517042,0.0,/media/mengh/SharedData/zhanh/auto_structbeat/caches/pilot/beat_this_final0_gtzan/gtzan__gtzan_hiphop_00031__track.npy.npz
bt_gtzan_seed0,direct,gtzan/gtzan_hiphop_00032/track.npy,gtzan,0.9397590361445782,0.6922007994421977,0.6922007994421977,0.6922007994421977,0.9761904761904762,0.9761904761904762,0.9761904761904762,0.9761904761904762,1.0,0.7389211451758174,0.7389211451758174,0.7389211451758174,1.0,1.0,1.0,1.0,51.0,0.0,0.0,0.05456188236755805,13.0,0.0,0.0,0.02092355496775017,0.0,/media/mengh/SharedData/zhanh/auto_structbeat/caches/pilot/beat_this_final0_gtzan/gtzan__gtzan_hiphop_00032__track.npy.npz
bt_gtzan_seed0,direct,gtzan/gtzan_hiphop_00033/track.npy,gtzan,1.0,0.9233495004223746,0.9233495004223746,0.9233495004223746,1.0,1.0,1.0,1.0,1.0,0.9234200014038857,0.9234200014038857,0.9234200014038857,1.0,1.0,1.0,1.0,49.0,0.0,0.0,0.032789822822996084,12.0,0.0,0.0,0.008097210232620255,0.0,/media/mengh/SharedData/zhanh/auto_structbeat/caches/pilot/beat_this_final0_gtzan/gtzan__gtzan_hiphop_00033__track.npy.npz
bt_gtzan_seed0,direct,gtzan/gtzan_hiphop_00034/track.npy,gtzan,0.926829268292683,0.7900511330223097,0.7900511330223097,0.7900511330223097,1.0,1.0,1.0,1.0,0.9,0.7936901525062002,0.7936901525062002,0.7936901525062002,1.0,1.0,1.0,1.0,50.0,0.0,0.0,0.0552149365106263,12.0,0.0,0.0,0.025087909043955997,0.0,/media/mengh/SharedData/zhanh/auto_structbeat/caches/pilot/beat_this_final0_gtzan/gtzan__gtzan_hiphop_00034__track.npy.npz
bt_gtzan_seed0,direct,gtzan/gtzan_hiphop_00035/track.npy,gtzan,1.0,0.9804463586921186,0.9804463586921186,0.9804463586921186,1.0,1.0,1.0,1.0,1.0,0.9779670249138134,0.9779670249138134,0.9779670249138134,1.0,1.0,1.0,1.0,43.0,0.0,0.0,0.05556985115481211,11.0,0.0,0.0,0.00701757265864682,0.0,/media/mengh/SharedData/zhanh/auto_structbeat/caches/pilot/beat_this_final0_gtzan/gtzan__gtzan_hiphop_00035__track.npy.npz
bt_gtzan_seed0,direct,gtzan/gtzan_hiphop_00036/track.npy,gtzan,1.0,0.9057758590232602,0.9057758590232602,0.9057758590232602,1.0,1.0,1.0,1.0,1.0,0.8772114557338271,0.8772114557338271,0.8772114557338271,1.0,1.0,1.0,1.0,58.0,0.0,0.0,0.048655795148994624,15.0,0.0,0.0,0.03846628082779602,0.0,/media/mengh/SharedData/zhanh/auto_structbeat/caches/pilot/beat_this_final0_gtzan/gtzan__gtzan_hiphop_00036__track.npy.npz
bt_gtzan_seed0,direct,gtzan/gtzan_hiphop_00037/track.npy,gtzan,1.0,0.9539945500219945,0.9539945500219945,0.9539945500219945,1.0,1.0,1.0,1.0,1.0,0.9492061938080736,0.9492061938080736,0.9492061938080736,1.0,1.0,1.0,1.0,36.0,0.0,0.0,0.03233322567263082,9.0,0.0,0.0,0.006006024060212001,0.0,/media/mengh/SharedData/zhanh/auto_structbeat/caches/pilot/beat_this_final0_gtzan/gtzan__gtzan_hiphop_00037__track.npy.npz
bt_gtzan_seed0,direct,gtzan/gtzan_hiphop_00038/track.npy,gtzan,1.0,0.9627269492636941,0.9627269492636941,0.9627269492636941,1.0,1.0,1.0,1.0,1.0,0.9488036802069401,0.9488036802069401,0.9488036802069401,1.0,1.0,1.0,1.0,43.0,0.0,0.0,0.030771658666754353,11.0,0.0,0.0,0.015267472130788717,0.0,/media/mengh/SharedData/zhanh/auto_structbeat/caches/pilot/beat_this_final0_gtzan/gtzan__gtzan_hiphop_00038__track.npy.npz
bt_gtzan_seed0,direct,gtzan/gtzan_hiphop_00039/track.npy,gtzan,1.0,0.9405117656179969,0.9405117656179969,0.9405117656179969,1.0,1.0,1.0,1.0,1.0,0.9120116916965659,0.9120116916965659,0.9120116916965659,1.0,1.0,1.0,1.0,49.0,0.0,0.0,0.031748698314585266,13.0,0.0,0.0,0.007905179507113447,0.0,/media/mengh/SharedData/zhanh/auto_structbeat/caches/pilot/beat_this_final0_gtzan/gtzan__gtzan_hiphop_00039__track.npy.npz
bt_gtzan_seed0,direct,gtzan/gtzan_hiphop_00040/track.npy,gtzan,1.0,0.9007247798174337,0.9007247798174337,0.9007247798174337,1.0,1.0,1.0,1.0,1.0,0.9641001773479039,0.9641001773479039,0.9641001773479039,1.0,1.0,1.0,1.0,41.0,0.0,0.0,0.05406722127027458,10.0,0.0,0.0,6.661338147750939e-16,0.0,/media/mengh/SharedData/zhanh/auto_structbeat/caches/pilot/beat_this_final0_gtzan/gtzan__gtzan_hiphop_00040__track.npy.npz
bt_gtzan_seed0,direct,gtzan/gtzan_hiphop_00041/track.npy,gtzan,0.9873417721518987,0.9523955746295019,0.9523955746295019,0.9523955746295019,0.975,0.975,0.975,0.975,1.0,0.9380130721704866,0.9380130721704866,0.9380130721704866,1.0,1.0,1.0,1.0,49.0,0.020833333333333332,0.020833333333333332,0.23740016622832735,12.0,0.0,0.0,0.038380665882785464,0.0,/media/mengh/SharedData/zhanh/auto_structbeat/caches/pilot/beat_this_final0_gtzan/gtzan__gtzan_hiphop_00041__track.npy.npz
bt_gtzan_seed0,direct,gtzan/gtzan_hiphop_00042/track.npy,gtzan,1.0,0.7832657983260832,0.7832657983260832,0.7832657983260832,1.0,1.0,1.0,1.0,0.0,3.016344159540897e-219,0.7169400291509809,0.35847001457549044,0.0,0.0,0.9,0.9,47.0,0.0,0.0,0.06062462181643358,12.0,0.0,0.0,0.015215421931204575,0.0,/media/mengh/SharedData/zhanh/auto_structbeat/caches/pilot/beat_this_final0_gtzan/gtzan__gtzan_hiphop_00042__track.npy.npz
bt_gtzan_seed0,direct,gtzan/gtzan_hiphop_00043/track.npy,gtzan,1.0,0.9449258454581557,0.9449258454581557,0.9449258454581557,1.0,1.0,1.0,1.0,1.0,0.9694003682927953,0.9694003682927953,0.9694003682927953,1.0,1.0,1.0,1.0,46.0,0.0,0.0,0.06062462181643358,12.0,0.0,0.0,0.007490671729157405,0.0,/media/mengh/SharedData/zhanh/auto_structbeat/caches/pilot/beat_this_final0_gtzan/gtzan__gtzan_hiphop_00043__track.npy.npz
bt_gtzan_seed0,direct,gtzan/gtzan_hiphop_00044/track.npy,gtzan,0.8541666666666666,0.7174310250642458,0.7174310250642458,0.7174310250642458,0.68,0.86,0.68,0.86,0.07407407407407408,0.05510912042394994,0.05510912042394994,0.05510912042394994,0.0,0.0,0.0,0.0,47.0,0.0,0.0,0.5478820891929512,15.0,0.0,0.0,1.2931834778159295,0.0,/media/mengh/SharedData/zhanh/auto_structbeat/caches/pilot/beat_this_final0_gtzan/gtzan__gtzan_hiphop_00044__track.npy.npz
bt_gtzan_seed0,direct,gtzan/gtzan_hiphop_00045/track.npy,gtzan,1.0,0.9405117656179969,0.9405117656179969,0.9405117656179969,1.0,1.0,1.0,1.0,1.0,0.9120116916965659,0.9120116916965659,0.9120116916965659,1.0,1.0,1.0,1.0,49.0,0.0,0.0,0.031748698314585266,13.0,0.0,0.0,0.007905179507113447,0.0,/media/mengh/SharedData/zhanh/auto_structbeat/caches/pilot/beat_this_final0_gtzan/gtzan__gtzan_hiphop_00045__track.npy.npz
bt_gtzan_seed0,direct,gtzan/gtzan_hiphop_00046/track.npy,gtzan,0.9876543209876543,0.9288440007402,0.9288440007402,0.9288440007402,0.975609756097561,0.975609756097561,0.975609756097561,0.975609756097561,0.7692307692307692,0.7401329661914036,0.7401329661914036,0.7401329661914036,0.4,0.4,0.4,0.4,48.0,0.0,0.0,0.031748698314584545,19.0,0.0,0.0,0.7011793522572082,0.0,/media/mengh/SharedData/zhanh/auto_structbeat/caches/pilot/beat_this_final0_gtzan/gtzan__gtzan_hiphop_00046__track.npy.npz
bt_gtzan_seed0,direct,gtzan/gtzan_hiphop_00047/track.npy,gtzan,0.9876543209876543,0.9688850404940638,0.9688850404940638,0.9688850404940638,0.975609756097561,0.975609756097561,0.975609756097561,0.975609756097561,1.0,0.9862659388299392,0.9862659388299392,0.9862659388299392,1.0,1.0,1.0,1.0,48.0,0.0,0.0,0.06453852113757264,12.0,0.0,0.0,0.008097210232620555,0.0,/media/mengh/SharedData/zhanh/auto_structbeat/caches/pilot/beat_this_final0_gtzan/gtzan__gtzan_hiphop_00047__track.npy.npz
bt_gtzan_seed0,direct,gtzan/gtzan_hiphop_00048/track.npy,gtzan,1.0,0.9029584813072326,0.9029584813072326,0.9029584813072326,1.0,1.0,1.0,1.0,1.0,0.9019037606588876,0.9019037606588876,0.9019037606588876,1.0,1.0,1.0,1.0,49.0,0.0,0.0,0.05501391164319567,12.0,0.0,0.0,0.008032171697264478,0.0,/media/mengh/SharedData/zhanh/auto_structbeat/caches/pilot/beat_this_final0_gtzan/gtzan__gtzan_hiphop_00048__track.npy.npz
bt_gtzan_seed0,direct,gtzan/gtzan_hiphop_00049/track.npy,gtzan,0.9523809523809523,0.9415250967235348,0.9415250967235348,0.9415250967235348,0.7619047619047619,0.9285714285714286,0.7619047619047619,0.9285714285714286,0.9090909090909091,0.904356383242753,0.904356383242753,0.904356383242753,1.0,1.0,1.0,1.0,51.0,0.0,0.0,0.03390155167568665,13.0,0.0,0.0,1.0547118733938987e-15,0.0,/media/mengh/SharedData/zhanh/auto_structbeat/caches/pilot/beat_this_final0_gtzan/gtzan__gtzan_hiphop_00049__track.npy.npz
bt_gtzan_seed0,direct,gtzan/gtzan_hiphop_00050/track.npy,gtzan,0.9879518072289156,0.8670260139963896,0.8670260139963896,0.8670260139963896,0.9761904761904762,0.9761904761904762,0.9761904761904762,0.9761904761904762,1.0,0.8855512241520156,0.8855512241520156,0.8855512241520156,1.0,1.0,1.0,1.0,49.0,0.0,0.0,0.032789822822996084,12.0,0.0,0.0,0.012690085164245309,0.0,/media/mengh/SharedData/zhanh/auto_structbeat/caches/pilot/beat_this_final0_gtzan/gtzan__gtzan_hiphop_00050__track.npy.npz
bt_gtzan_seed0,direct,gtzan/gtzan_hiphop_00051/track.npy,gtzan,1.0,0.9204155157019077,0.9204155157019077,0.9204155157019077,1.0,1.0,1.0,1.0,1.0,0.8745050472400421,0.8745050472400421,0.8745050472400421,1.0,1.0,1.0,1.0,53.0,0.0,0.0,0.06899287148695454,13.0,0.0,0.0,0.008733679968755959,0.0,/media/mengh/SharedData/zhanh/auto_structbeat/caches/pilot/beat_this_final0_gtzan/gtzan__gtzan_hiphop_00051__track.npy.npz
bt_gtzan_seed0,direct,gtzan/gtzan_hiphop_00052/track.npy,gtzan,1.0,0.9282505257900223,0.9282505257900223,0.9282505257900223,1.0,1.0,1.0,1.0,1.0,0.9553950282709384,0.9553950282709384,0.9553950282709384,1.0,1.0,1.0,1.0,53.0,0.0,0.0,0.035091319811275556,13.0,0.0,0.0,0.01317746966653116,0.0,/media/mengh/SharedData/zhanh/auto_structbeat/caches/pilot/beat_this_final0_gtzan/gtzan__gtzan_hiphop_00052__track.npy.npz
bt_gtzan_seed0,direct,gtzan/gtzan_hiphop_00053/track.npy,gtzan,1.0,0.9462694243999078,0.9462694243999078,0.9462694243999078,1.0,1.0,1.0,1.0,1.0,0.9115592347818048,0.9115592347818048,0.9115592347818048,1.0,1.0,1.0,1.0,54.0,0.0,0.0,0.03636764417088045,13.0,0.0,0.0,0.018018505502678694,0.0,/media/mengh/SharedData/zhanh/auto_structbeat/caches/pilot/beat_this_final0_gtzan/gtzan__gtzan_hiphop_00053__track.npy.npz
bt_gtzan_seed0,direct,gtzan/gtzan_hiphop_00054/track.npy,gtzan,1.0,0.9503638830992124,0.9503638830992124,0.9503638830992124,1.0,1.0,1.0,1.0,1.0,0.9559713069779968,0.9559713069779968,0.9559713069779968,1.0,1.0,1.0,1.0,56.0,0.0,0.0,0.03774032798284954,14.0,0.0,0.0,0.013575817047881533,0.0,/media/mengh/SharedData/zhanh/auto_structbeat/caches/pilot/beat_this_final0_gtzan/gtzan__gtzan_hiphop_00054__track.npy.npz
bt_gtzan_seed0,direct,gtzan/gtzan_hiphop_00055/track.npy,gtzan,1.0,0.9550449448530621,0.9550449448530621,0.9550449448530621,1.0,1.0,1.0,1.0,1.0,0.9122979856088046,0.9122979856088046,0.9122979856088046,1.0,1.0,1.0,1.0,41.0,0.0,0.0,0.03006579889633457,10.0,0.0,0.0,0.006825965070401008,0.0,/media/mengh/SharedData/zhanh/auto_structbeat/caches/pilot/beat_this_final0_gtzan/gtzan__gtzan_hiphop_00055__track.npy.npz
bt_gtzan_seed0,direct,gtzan/gtzan_hiphop_00056/track.npy,gtzan,1.0,0.9771533691478932,0.9771533691478932,0.9771533691478932,1.0,1.0,1.0,1.0,0.6875000000000001,0.6698726879444524,0.9661364492228625,0.8180045685836574,0.0,0.0,1.0,1.0,50.0,0.0,0.0,0.06669137449866491,25.0,0.0,0.0,0.016807118316383696,0.0,/media/mengh/SharedData/zhanh/auto_structbeat/caches/pilot/beat_this_final0_gtzan/gtzan__gtzan_hiphop_00056__track.npy.npz
bt_gtzan_seed0,direct,gtzan/gtzan_hiphop_00057/track.npy,gtzan,0.989247311827957,0.7865582243373681,0.7865582243373681,0.7865582243373681,0.9787234042553191,0.9787234042553191,0.9787234042553191,0.9787234042553191,1.0,0.7493390894798221,0.7493390894798221,0.7493390894798221,1.0,1.0,1.0,1.0,55.0,0.0,0.0,0.1091992919649905,14.0,0.0,0.0,0.018349138668196197,0.0,/media/mengh/SharedData/zhanh/auto_structbeat/caches/pilot/beat_this_final0_gtzan/gtzan__gtzan_hiphop_00057__track.npy.npz
bt_gtzan_seed0,direct,gtzan/gtzan_hiphop_00058/track.npy,gtzan,0.9866666666666666,0.8822063501993688,0.8822063501993688,0.8822063501993688,0.9736842105263158,0.9736842105263158,0.9736842105263158,0.9736842105263158,1.0,0.8593967401680105,0.8593967401680105,0.8593967401680105,1.0,1.0,1.0,1.0,45.0,0.0,0.0,0.06062462181643478,11.0,0.0,0.0,0.007604599385219468,0.0,/media/mengh/SharedData/zhanh/auto_structbeat/caches/pilot/beat_this_final0_gtzan/gtzan__gtzan_hiphop_00058__track.npy.npz
bt_gtzan_seed0,direct,gtzan/gtzan_hiphop_00059/track.npy,gtzan,1.0,0.8780508863395322,0.8780508863395322,0.8780508863395322,1.0,1.0,1.0,1.0,1.0,0.8703011489722943,0.8703011489722943,0.8703011489722943,1.0,1.0,1.0,1.0,46.0,0.0,0.0,0.030771658666758572,11.0,0.0,0.0,0.015384918839479633,0.0,/media/mengh/SharedData/zhanh/auto_structbeat/caches/pilot/beat_this_final0_gtzan/gtzan__gtzan_hiphop_00059__track.npy.npz
bt_gtzan_seed0,direct,gtzan/gtzan_hiphop_00060/track.npy,gtzan,1.0,0.863322947649446,0.863322947649446,0.863322947649446,1.0,1.0,1.0,1.0,1.0,0.8154743611828363,0.8154743611828363,0.8154743611828363,1.0,1.0,1.0,1.0,46.0,0.0,0.0,0.06062462181643358,11.0,0.0,0.0,0.015037877364540608,0.0,/media/mengh/SharedData/zhanh/auto_structbeat/caches/pilot/beat_this_final0_gtzan/gtzan__gtzan_hiphop_00060__track.npy.npz
bt_gtzan_seed0,direct,gtzan/gtzan_hiphop_00061/track.npy,gtzan,1.0,0.9595842322099636,0.9595842322099636,0.9595842322099636,1.0,1.0,1.0,1.0,1.0,0.9215651151252106,0.9215651151252106,0.9215651151252106,1.0,1.0,1.0,1.0,46.0,0.0,0.0,0.06252035698133257,12.0,0.0,0.0,0.015504186535965853,0.0,/media/mengh/SharedData/zhanh/auto_structbeat/caches/pilot/beat_this_final0_gtzan/gtzan__gtzan_hiphop_00061__track.npy.npz
bt_gtzan_seed0,direct,gtzan/gtzan_hiphop_00062/track.npy,gtzan,1.0,0.9067976231538553,0.9067976231538553,0.9067976231538553,1.0,1.0,1.0,1.0,1.0,0.8689652048846437,0.8689652048846437,0.8689652048846437,1.0,1.0,1.0,1.0,46.0,0.0,0.0,0.030771658666758572,11.0,0.0,0.0,0.007662872745570315,0.0,/media/mengh/SharedData/zhanh/auto_structbeat/caches/pilot/beat_this_final0_gtzan/gtzan__gtzan_hiphop_00062__track.npy.npz
bt_gtzan_seed0,direct,gtzan/gtzan_hiphop_00063/track.npy,gtzan,1.0,0.9722505248542851,0.9722505248542851,0.9722505248542851,1.0,1.0,1.0,1.0,0.0,1.930652163152373e-214,0.8495582873075841,0.42477914365379205,0.0,0.0,0.8,0.8,47.0,0.0,0.0,0.0625203569813373,12.0,0.0,0.0,0.01647120343306873,0.0,/media/mengh/SharedData/zhanh/auto_structbeat/caches/pilot/beat_this_final0_gtzan/gtzan__gtzan_hiphop_00063__track.npy.npz
bt_gtzan_seed0,direct,gtzan/gtzan_hiphop_00064/track.npy,gtzan,0.9859154929577464,0.9403662571248235,0.9403662571248235,0.9403662571248235,0.9722222222222222,0.9722222222222222,0.9722222222222222,0.9722222222222222,1.0,0.9485053082207978,0.9485053082207978,0.9485053082207978,1.0,1.0,1.0,1.0,44.0,0.0,0.0,0.02898753687325417,11.0,0.0,0.0,0.007168489478612816,0.0,/media/mengh/SharedData/zhanh/auto_structbeat/caches/pilot/beat_this_final0_gtzan/gtzan__gtzan_hiphop_00064__track.npy.npz
bt_gtzan_seed0,direct,gtzan/gtzan_hiphop_00065/track.npy,gtzan,0.6956521739130436,0.6636517817381407,0.9184750291400818,0.7910634054391112,0.02666666666666667,0.06666666666666667,0.7848101265822784,0.8734177215189873,0.7692307692307693,0.7485387753833892,0.8829467511990043,0.8157427632911968,0.25,0.25,0.631578947368421,0.631578947368421,86.0,0.0,0.0,0.661398482245376,19.0,0.0,0.0,0.1482296409198556,0.0,/media/mengh/SharedData/zhanh/auto_structbeat/caches/pilot/beat_this_final0_gtzan/gtzan__gtzan_hiphop_00065__track.npy.npz
bt_gtzan_seed0,direct,gtzan/gtzan_hiphop_00066/track.npy,gtzan,0.9866666666666666,0.944155217351382,0.944155217351382,0.944155217351382,0.9736842105263158,0.9736842105263158,0.9736842105263158,0.9736842105263158,1.0,0.9132654919839805,0.9132654919839805,0.9132654919839805,1.0,1.0,1.0,1.0,46.0,0.0,0.0,0.060624621816435936,11.0,0.0,0.0,0.007662872745569116,0.0,/media/mengh/SharedData/zhanh/auto_structbeat/caches/pilot/beat_this_final0_gtzan/gtzan__gtzan_hiphop_00066__track.npy.npz
bt_gtzan_seed0,direct,gtzan/gtzan_hiphop_00067/track.npy,gtzan,0.6833333333333332,0.6662594207925264,0.9591316007534274,0.812695510772977,0.02531645569620253,0.02531645569620253,0.9506172839506173,0.9506172839506173,1.0,0.9859083444249723,0.9859083444249723,0.9859083444249723,1.0,1.0,1.0,1.0,94.0,0.0,0.0,0.3896597046826057,12.0,0.0,0.0,0.00809721023261969,0.0,/media/mengh/SharedData/zhanh/auto_structbeat/caches/pilot/beat_this_final0_gtzan/gtzan__gtzan_hiphop_00067__track.npy.npz
bt_gtzan_seed0,direct,gtzan/gtzan_hiphop_00068/track.npy,gtzan,1.0,0.9176497797559204,0.9176497797559204,0.9176497797559204,1.0,1.0,1.0,1.0,1.0,0.9230091891466785,0.9230091891466785,0.9230091891466785,1.0,1.0,1.0,1.0,48.0,0.0,0.0,0.056601346558926416,12.0,0.0,0.0,0.008032171697265295,0.0,/media/mengh/SharedData/zhanh/auto_structbeat/caches/pilot/beat_this_final0_gtzan/gtzan__gtzan_hiphop_00068__track.npy.npz
bt_gtzan_seed0,direct,gtzan/gtzan_hiphop_00069/track.npy,gtzan,0.988235294117647,0.7746924365698171,0.7746924365698171,0.7746924365698171,0.9767441860465116,0.9767441860465116,0.9767441860465116,0.9767441860465116,1.0,0.7556836924911393,0.7556836924911393,0.7556836924911393,1.0,1.0,1.0,1.0,50.0,0.0,0.0,0.03390155167568665,13.0,0.0,0.0,0.012730123990841169,0.0,/media/mengh/SharedData/zhanh/auto_structbeat/caches/pilot/beat_this_final0_gtzan/gtzan__gtzan_hiphop_00069__track.npy.npz
bt_gtzan_seed0,direct,gtzan/gtzan_hiphop_00070/track.npy,gtzan,0.6666666666666666,0.6390757990113392,0.9312334672736435,0.7851546331424913,0.0,0.0,0.9875,0.9875,0.6666666666666666,0.6456793947531662,0.9332690053076825,0.7894742000304243,0.0,0.0,0.95,0.95,97.0,0.0,0.0,0.1941560144409531,25.0,0.0,0.0,0.03066082808357922,0.0,/media/mengh/SharedData/zhanh/auto_structbeat/caches/pilot/beat_this_final0_gtzan/gtzan__gtzan_hiphop_00070__track.npy.npz
bt_gtzan_seed0,direct,gtzan/gtzan_hiphop_00071/track.npy,gtzan,0.9367088607594937,0.9021824406854452,0.9021824406854452,0.9021824406854452,0.95,0.95,0.95,0.95,0.9,0.8552730680277781,0.8552730680277781,0.8552730680277781,1.0,1.0,1.0,1.0,48.0,0.0,0.0,0.032789822822996084,12.0,0.0,0.0,0.008003370775626151,0.0,/media/mengh/SharedData/zhanh/auto_structbeat/caches/pilot/beat_this_final0_gtzan/gtzan__gtzan_hiphop_00071__track.npy.npz
bt_gtzan_seed0,direct,gtzan/gtzan_hiphop_00072/track.npy,gtzan,1.0,0.8783064634298862,0.8783064634298862,0.8783064634298862,1.0,1.0,1.0,1.0,1.0,0.890938575659425,0.890938575659425,0.890938575659425,1.0,1.0,1.0,1.0,49.0,0.0,0.0,0.032789822822996084,12.0,0.0,0.0,0.01269008516424435,0.0,/media/mengh/SharedData/zhanh/auto_structbeat/caches/pilot/beat_this_final0_gtzan/gtzan__gtzan_hiphop_00072__track.npy.npz
bt_gtzan_seed0,direct,gtzan/gtzan_hiphop_00073/track.npy,gtzan,1.0,0.9561014572644481,0.9561014572644481,0.9561014572644481,1.0,1.0,1.0,1.0,1.0,0.935248628133588,0.935248628133588,0.935248628133588,1.0,1.0,1.0,1.0,47.0,0.0,0.0,0.030771658666755797,12.0,0.0,0.0,0.007722046093911583,0.0,/media/mengh/SharedData/zhanh/auto_structbeat/caches/pilot/beat_this_final0_gtzan/gtzan__gtzan_hiphop_00073__track.npy.npz
bt_gtzan_seed0,direct,gtzan/gtzan_hiphop_00074/track.npy,gtzan,1.0,0.8617266131308443,0.8617266131308443,0.8617266131308443,1.0,1.0,1.0,1.0,1.0,0.8010637823420008,0.8010637823420008,0.8010637823420008,1.0,1.0,1.0,1.0,49.0,0.0,0.0,0.06669137449867223,12.0,0.0,0.0,0.016529301951210284,0.0,/media/mengh/SharedData/zhanh/auto_structbeat/caches/pilot/beat_this_final0_gtzan/gtzan__gtzan_hiphop_00074__track.npy.npz
bt_gtzan_seed0,direct,gtzan/gtzan_hiphop_00075/track.npy,gtzan,1.0,0.940580244821303,0.940580244821303,0.940580244821303,1.0,1.0,1.0,1.0,1.0,0.9096717282663224,0.9096717282663224,0.9096717282663224,1.0,1.0,1.0,1.0,46.0,0.0,0.0,0.030771658666755797,11.0,0.0,0.0,0.007662872745570049,0.0,/media/mengh/SharedData/zhanh/auto_structbeat/caches/pilot/beat_this_final0_gtzan/gtzan__gtzan_hiphop_00075__track.npy.npz
bt_gtzan_seed0,direct,gtzan/gtzan_hiphop_00076/track.npy,gtzan,1.0,0.9412528485350781,0.9412528485350781,0.9412528485350781,1.0,1.0,1.0,1.0,1.0,0.926207791125799,0.926207791125799,0.926207791125799,1.0,1.0,1.0,1.0,49.0,0.0,0.0,0.032789822822996084,12.0,0.0,0.0,0.008163310639160943,0.0,/media/mengh/SharedData/zhanh/auto_structbeat/caches/pilot/beat_this_final0_gtzan/gtzan__gtzan_hiphop_00076__track.npy.npz
bt_gtzan_seed0,direct,gtzan/gtzan_hiphop_00077/track.npy,gtzan,1.0,0.9571926092212975,0.9571926092212975,0.9571926092212975,1.0,1.0,1.0,1.0,0.8666666666666666,0.8497397738722573,0.8497397738722573,0.8497397738722573,0.5294117647058824,0.5294117647058824,0.5294117647058824,0.5294117647058824,59.0,0.0,0.0,0.07696104113612875,19.0,0.0,0.0,1.0857088838322042,0.0,/media/mengh/SharedData/zhanh/auto_structbeat/caches/pilot/beat_this_final0_gtzan/gtzan__gtzan_hiphop_00077__track.npy.npz
bt_gtzan_seed0,direct,gtzan/gtzan_hiphop_00078/track.npy,gtzan,1.0,0.9412528485350781,0.9412528485350781,0.9412528485350781,1.0,1.0,1.0,1.0,1.0,0.926207791125799,0.926207791125799,0.926207791125799,1.0,1.0,1.0,1.0,49.0,0.0,0.0,0.032789822822996084,12.0,0.0,0.0,0.008163310639160943,0.0,/media/mengh/SharedData/zhanh/auto_structbeat/caches/pilot/beat_this_final0_gtzan/gtzan__gtzan_hiphop_00078__track.npy.npz
bt_gtzan_seed0,direct,gtzan/gtzan_hiphop_00079/track.npy,gtzan,1.0,0.8980435065201248,0.8980435065201248,0.8980435065201248,1.0,1.0,1.0,1.0,1.0,0.8922820144547502,0.8922820144547502,0.8922820144547502,1.0,1.0,1.0,1.0,53.0,0.0,0.0,0.035091319811275556,14.0,0.0,0.0,0.01739174271186953,0.0,/media/mengh/SharedData/zhanh/auto_structbeat/caches/pilot/beat_this_final0_gtzan/gtzan__gtzan_hiphop_00079__track.npy.npz
bt_gtzan_seed0,direct,gtzan/gtzan_hiphop_00080/track.npy,gtzan,0.9876543209876543,0.8179725731608974,0.8179725731608974,0.8179725731608974,0.975609756097561,0.975609756097561,0.975609756097561,0.975609756097561,0.8333333333333333,0.6723066268410931,0.6723066268410931,0.6723066268410931,0.5714285714285714,0.5714285714285714,0.5714285714285714,0.5714285714285714,50.0,0.0,0.0,0.4632675763909999,20.0,0.0,0.0,1.129992500895759,0.0,/media/mengh/SharedData/zhanh/auto_structbeat/caches/pilot/beat_this_final0_gtzan/gtzan__gtzan_hiphop_00080__track.npy.npz
bt_gtzan_seed0,direct,gtzan/gtzan_hiphop_00081/track.npy,gtzan,0.988235294117647,0.8085803559115848,0.8085803559115848,0.8085803559115848,0.9767441860465116,0.9767441860465116,0.9767441860465116,0.9767441860465116,1.0,0.8487498177471278,0.8487498177471278,0.8487498177471278,1.0,1.0,1.0,1.0,52.0,0.0,0.0,0.05247134988933861,13.0,0.0,0.0,0.021313867682232313,0.0,/media/mengh/SharedData/zhanh/auto_structbeat/caches/pilot/beat_this_final0_gtzan/gtzan__gtzan_hiphop_00081__track.npy.npz
bt_gtzan_seed0,direct,gtzan/gtzan_hiphop_00082/track.npy,gtzan,1.0,0.88159807893222,0.88159807893222,0.88159807893222,1.0,1.0,1.0,1.0,1.0,0.8016756034048247,0.8016756034048247,0.8016756034048247,1.0,1.0,1.0,1.0,53.0,0.0,0.0,0.035091319811275556,13.0,0.0,0.0,0.017544309650908585,0.0,/media/mengh/SharedData/zhanh/auto_structbeat/caches/pilot/beat_this_final0_gtzan/gtzan__gtzan_hiphop_00082__track.npy.npz
bt_gtzan_seed0,direct,gtzan/gtzan_hiphop_00083/track.npy,gtzan,1.0,0.9271532933003246,0.9271532933003246,0.9271532933003246,1.0,1.0,1.0,1.0,1.0,0.9111090340400861,0.9111090340400861,0.9111090340400861,1.0,1.0,1.0,1.0,52.0,0.0,0.0,0.03509131981126945,13.0,0.0,0.0,0.017241806434505902,0.0,/media/mengh/SharedData/zhanh/auto_structbeat/caches/pilot/beat_this_final0_gtzan/gtzan__gtzan_hiphop_00083__track.npy.npz
bt_gtzan_seed0,direct,gtzan/gtzan_hiphop_00084/track.npy,gtzan,0.9894736842105264,0.8341107955471597,0.8341107955471597,0.8341107955471597,0.9791666666666666,0.9791666666666666,0.9791666666666666,0.9791666666666666,1.0,0.8276650839466964,0.8276650839466964,0.8276650839466964,1.0,1.0,1.0,1.0,57.0,0.0,0.0,0.03818444353398114,14.0,0.0,0.0,0.009478743954544155,0.0,/media/mengh/SharedData/zhanh/auto_structbeat/caches/pilot/beat_this_final0_gtzan/gtzan__gtzan_hiphop_00084__track.npy.npz
bt_gtzan_seed0,direct,gtzan/gtzan_hiphop_00085/track.npy,gtzan,1.0,0.8037653920403579,0.8037653920403579,0.8037653920403579,1.0,1.0,1.0,1.0,1.0,0.7439001657899386,0.7439001657899386,0.7439001657899386,1.0,1.0,1.0,1.0,55.0,0.0,0.0,0.07410797215372045,14.0,0.0,0.0,0.013326272708396425,0.0,/media/mengh/SharedData/zhanh/auto_structbeat/caches/pilot/beat_this_final0_gtzan/gtzan__gtzan_hiphop_00085__track.npy.npz
bt_gtzan_seed0,direct,gtzan/gtzan_hiphop_00086/track.npy,gtzan,1.0,0.9460325879890139,0.9460325879890139,0.9460325879890139,1.0,1.0,1.0,1.0,1.0,0.9588104027821599,0.9588104027821599,0.9588104027821599,1.0,1.0,1.0,1.0,49.0,0.0,0.0,0.032789822822996084,12.0,0.0,0.0,0.008230499136516745,0.0,/media/mengh/SharedData/zhanh/auto_structbeat/caches/pilot/beat_this_final0_gtzan/gtzan__gtzan_hiphop_00086__track.npy.npz
bt_gtzan_seed0,direct,gtzan/gtzan_hiphop_00087/track.npy,gtzan,1.0,0.9659133017588459,0.9659133017588459,0.9659133017588459,1.0,1.0,1.0,1.0,1.0,0.9605158748335857,0.9605158748335857,0.9605158748335857,1.0,1.0,1.0,1.0,51.0,0.0,0.0,0.03390155167568665,13.0,0.0,0.0,0.008438868645865183,0.0,/media/mengh/SharedData/zhanh/auto_structbeat/caches/pilot/beat_this_final0_gtzan/gtzan__gtzan_hiphop_00087__track.npy.npz
bt_gtzan_seed0,direct,gtzan/gtzan_hiphop_00088/track.npy,gtzan,1.0,0.9466149590242372,0.9466149590242372,0.9466149590242372,1.0,1.0,1.0,1.0,1.0,0.9691018822509242,0.9691018822509242,0.9691018822509242,1.0,1.0,1.0,1.0,58.0,0.0,0.0,0.0769610411361272,14.0,0.0,0.0,0.009661910911737976,0.0,/media/mengh/SharedData/zhanh/auto_structbeat/caches/pilot/beat_this_final0_gtzan/gtzan__gtzan_hiphop_00088__track.npy.npz
bt_gtzan_seed0,direct,gtzan/gtzan_hiphop_00089/track.npy,gtzan,0.9904761904761905,0.9473115947901606,0.9473115947901606,0.9473115947901606,0.9811320754716981,0.9811320754716981,0.9811320754716981,0.9811320754716981,1.0,0.9598596845645575,0.9598596845645575,0.9598596845645575,1.0,1.0,1.0,1.0,64.0,0.0,0.0,0.04255961441880263,16.0,0.0,0.0,0.010471299867295225,0.0,/media/mengh/SharedData/zhanh/auto_structbeat/caches/pilot/beat_this_final0_gtzan/gtzan__gtzan_hiphop_00089__track.npy.npz
bt_gtzan_seed0,direct,gtzan/gtzan_hiphop_00090/track.npy,gtzan,0.9896907216494846,0.9549439144564824,0.9549439144564824,0.9549439144564824,0.8571428571428571,0.9795918367346939,0.8571428571428571,0.9795918367346939,1.0,0.9800173185011872,0.9800173185011872,0.9800173185011872,1.0,1.0,1.0,1.0,59.0,0.017241379310344827,0.017241379310344827,0.10252771543810948,15.0,0.0,0.0,0.009569451016152253,0.0,/media/mengh/SharedData/zhanh/auto_structbeat/caches/pilot/beat_this_final0_gtzan/gtzan__gtzan_hiphop_00090__track.npy.npz
bt_gtzan_seed0,direct,gtzan/gtzan_hiphop_00091/track.npy,gtzan,1.0,0.8171430585770899,0.8171430585770899,0.8171430585770899,1.0,1.0,1.0,1.0,1.0,0.8334733653001819,0.8334733653001819,0.8334733653001819,1.0,1.0,1.0,1.0,51.0,0.0,0.0,0.03461541255703685,13.0,0.0,0.0,0.016949558313772872,0.0,/media/mengh/SharedData/zhanh/auto_structbeat/caches/pilot/beat_this_final0_gtzan/gtzan__gtzan_hiphop_00091__track.npy.npz
bt_gtzan_seed0,direct,gtzan/gtzan_hiphop_00092/track.npy,gtzan,1.0,0.8881007616100665,0.8881007616100665,0.8881007616100665,1.0,1.0,1.0,1.0,1.0,0.8526366156592661,0.8526366156592661,0.8526366156592661,1.0,1.0,1.0,1.0,57.0,0.0,0.0,0.03774032798285287,14.0,0.0,0.0,0.013834885795695449,0.0,/media/mengh/SharedData/zhanh/auto_structbeat/caches/pilot/beat_this_final0_gtzan/gtzan__gtzan_hiphop_00092__track.npy.npz
bt_gtzan_seed0,direct,gtzan/gtzan_hiphop_00093/track.npy,gtzan,1.0,0.9755257116850592,0.9755257116850592,0.9755257116850592,1.0,1.0,1.0,1.0,1.0,0.9478570093199905,0.9478570093199905,0.9478570093199905,1.0,1.0,1.0,1.0,59.0,0.0,0.0,0.039220713153283904,15.0,0.0,0.0,1.6653345369377348e-15,0.0,/media/mengh/SharedData/zhanh/auto_structbeat/caches/pilot/beat_this_final0_gtzan/gtzan__gtzan_hiphop_00093__track.npy.npz
bt_gtzan_seed0,direct,gtzan/gtzan_hiphop_00094/track.npy,gtzan,0.9841269841269841,0.9301964313404687,0.9301964313404687,0.9301964313404687,0.65625,0.9375,0.65625,0.9375,0.11764705882352941,0.11750009187348028,0.782807535973461,0.45015381392347065,0.0,0.0,0.5555555555555556,0.5555555555555556,38.0,0.0,0.0,0.43797839017021367,11.0,0.0,0.0,0.7055697005585019,0.0,/media/mengh/SharedData/zhanh/auto_structbeat/caches/pilot/beat_this_final0_gtzan/gtzan__gtzan_hiphop_00094__track.npy.npz
bt_gtzan_seed0,direct,gtzan/gtzan_hiphop_00095/track.npy,gtzan,1.0,0.917951104187154,0.917951104187154,0.917951104187154,1.0,1.0,1.0,1.0,1.0,0.8993600207194957,0.8993600207194957,0.8993600207194957,1.0,1.0,1.0,1.0,55.0,0.0,0.0,0.037740327982850874,14.0,0.0,0.0,0.013449887459529047,0.0,/media/mengh/SharedData/zhanh/auto_structbeat/caches/pilot/beat_this_final0_gtzan/gtzan__gtzan_hiphop_00095__track.npy.npz
bt_gtzan_seed0,direct,gtzan/gtzan_hiphop_00096/track.npy,gtzan,0.9183673469387755,0.892602535372529,0.892602535372529,0.892602535372529,0.33962264150943394,0.8490566037735849,0.33962264150943394,0.8490566037735849,0.9166666666666666,0.8766513662480379,0.8766513662480379,0.8766513662480379,0.6923076923076923,0.8461538461538461,0.6923076923076923,0.8461538461538461,62.0,0.11475409836065574,0.11475409836065574,1.9095425048844357,15.0,0.07142857142857142,0.07142857142857142,3.2975950858742182,0.0,/media/mengh/SharedData/zhanh/auto_structbeat/caches/pilot/beat_this_final0_gtzan/gtzan__gtzan_hiphop_00096__track.npy.npz
bt_gtzan_seed0,direct,gtzan/gtzan_hiphop_00097/track.npy,gtzan,1.0,0.8376270044727387,0.8376270044727387,0.8376270044727387,1.0,1.0,1.0,1.0,0.9565217391304348,0.8294248952838079,0.8294248952838079,0.8294248952838079,0.9166666666666666,0.9166666666666666,0.9166666666666666,0.9166666666666666,56.0,0.0,0.0,0.03774032798284954,15.0,0.0,0.0,0.12891758724064845,0.0,/media/mengh/SharedData/zhanh/auto_structbeat/caches/pilot/beat_this_final0_gtzan/gtzan__gtzan_hiphop_00097__track.npy.npz
bt_gtzan_seed0,direct,gtzan/gtzan_hiphop_00098/track.npy,gtzan,1.0,0.8645683586026144,0.8645683586026144,0.8645683586026144,1.0,1.0,1.0,1.0,1.0,0.8678703093203048,0.8678703093203048,0.8678703093203048,1.0,1.0,1.0,1.0,54.0,0.0,0.0,0.035091319811275556,14.0,0.0,0.0,0.008845872662946608,0.0,/media/mengh/SharedData/zhanh/auto_structbeat/caches/pilot/beat_this_final0_gtzan/gtzan__gtzan_hiphop_00098__track.npy.npz
bt_gtzan_seed0,direct,gtzan/gtzan_hiphop_00099/track.npy,gtzan,1.0,0.8197596017761608,0.8197596017761608,0.8197596017761608,1.0,1.0,1.0,1.0,0.0,1.6500890850369933e-41,0.7098045271501089,0.35490226357505444,0.0,0.0,0.8333333333333334,0.8333333333333334,54.0,0.0,0.0,0.03636764417088045,14.0,0.0,0.0,0.13533120913753333,0.0,/media/mengh/SharedData/zhanh/auto_structbeat/caches/pilot/beat_this_final0_gtzan/gtzan__gtzan_hiphop_00099__track.npy.npz
bt_gtzan_seed0,direct,gtzan/gtzan_jazz_00000/track.npy,gtzan,0.5095541401273886,0.387500132753805,0.5874968797192038,0.4874985062365044,0.0,0.0,0.13333333333333333,0.5142857142857142,0.10344827586206898,0.07627960027713412,0.1024812435943921,0.08938042193576312,0.0,0.0,0.0,0.0,125.0,0.03225806451612903,0.08064516129032258,0.48395739712810293,52.0,0.0,0.0,1.0869233197866397,0.0,/media/mengh/SharedData/zhanh/auto_structbeat/caches/pilot/beat_this_final0_gtzan/gtzan__gtzan_jazz_00000__track.npy.npz
bt_gtzan_seed0,direct,gtzan/gtzan_jazz_00001/track.npy,gtzan,0.39999999999999997,0.2626648503991843,0.37644050922445427,0.3195526798118193,0.0,0.0,0.19298245614035087,0.5263157894736842,0.19047619047619047,0.1134840131942089,0.1821081686745535,0.1477960909343812,0.0,0.0,0.029411764705882353,0.029411764705882353,67.0,0.0,0.045454545454545456,1.1762680018575196,42.0,0.0,0.024390243902439025,1.2077899521637079,0.0,/media/mengh/SharedData/zhanh/auto_structbeat/caches/pilot/beat_this_final0_gtzan/gtzan__gtzan_jazz_00001__track.npy.npz
bt_gtzan_seed0,direct,gtzan/gtzan_jazz_00002/track.npy,gtzan,0.638888888888889,0.5241547778162751,0.5241547778162751,0.5241547778162751,0.3170731707317073,0.4146341463414634,0.3170731707317073,0.4146341463414634,0.4000000000000001,0.3491338749421077,0.3491338749421077,0.3491338749421077,0.7,0.7,0.7,0.7,38.0,0.0,0.02702702702702703,0.7338741779615787,12.0,0.0,0.0,0.041158072493507655,0.0,/media/mengh/SharedData/zhanh/auto_structbeat/caches/pilot/beat_this_final0_gtzan/gtzan__gtzan_jazz_00002__track.npy.npz
bt_gtzan_seed0,direct,gtzan/gtzan_jazz_00004/track.npy,gtzan,0.9056603773584906,0.7233305354703363,0.7233305354703363,0.7233305354703363,0.7777777777777778,0.9629629629629629,0.7777777777777778,0.9629629629629629,0.6956521739130436,0.516199689589194,0.516199689589194,0.516199689589194,0.13333333333333333,0.26666666666666666,0.13333333333333333,0.26666666666666666,32.0,0.03225806451612903,0.03225806451612903,1.2184936827424835,18.0,0.058823529411764705,0.058823529411764705,3.0594892572223014,0.0,/media/mengh/SharedData/zhanh/auto_structbeat/caches/pilot/beat_this_final0_gtzan/gtzan__gtzan_jazz_00004__track.npy.npz
bt_gtzan_seed0,direct,gtzan/gtzan_jazz_00005/track.npy,gtzan,0.6029411764705883,0.5441106658211069,0.8120630542792798,0.6780868600501934,0.0,0.0,0.6847826086956522,0.8478260869565217,0.27027027027027023,0.24484152630131759,0.3019712154217212,0.27340637086151937,0.0,0.0,0.0,0.0,112.0,0.0,0.0,0.15415067982725758,28.0,0.0,0.0,0.03164308341583433,0.0,/media/mengh/SharedData/zhanh/auto_structbeat/caches/pilot/beat_this_final0_gtzan/gtzan__gtzan_jazz_00005__track.npy.npz
bt_gtzan_seed0,direct,gtzan/gtzan_jazz_00006/track.npy,gtzan,1.0,0.9413594101070036,0.9413594101070036,0.9413594101070036,1.0,1.0,1.0,1.0,0.0,2.589808318123359e-107,0.9320737851728705,0.46603689258643527,0.0,0.0,0.9285714285714286,0.9285714285714286,67.0,0.0,0.0,0.044451762570840825,17.0,0.0,0.0,0.02205217573855468,0.0,/media/mengh/SharedData/zhanh/auto_structbeat/caches/pilot/beat_this_final0_gtzan/gtzan__gtzan_jazz_00006__track.npy.npz
bt_gtzan_seed0,direct,gtzan/gtzan_jazz_00007/track.npy,gtzan,0.9803921568627451,0.765897274973161,0.765897274973161,0.765897274973161,0.9615384615384616,0.9615384615384616,0.9615384615384616,0.9615384615384616,0.7999999999999999,0.5800184036269384,0.5908104887442308,0.5854144461855846,0.625,0.625,0.625,0.625,31.0,0.0,0.0,0.09204631629942166,9.0,0.0,0.0,0.5000221934298359,0.0,/media/mengh/SharedData/zhanh/auto_structbeat/caches/pilot/beat_this_final0_gtzan/gtzan__gtzan_jazz_00007__track.npy.npz
bt_gtzan_seed0,direct,gtzan/gtzan_jazz_00008/track.npy,gtzan,1.0,0.9194816290948588,0.9194816290948588,0.9194816290948588,1.0,1.0,1.0,1.0,1.0,0.9119391303430421,0.9119391303430421,0.9119391303430421,1.0,1.0,1.0,1.0,55.0,0.0,0.0,0.07410797215372097,14.0,0.0,0.0,0.027398974188115127,0.0,/media/mengh/SharedData/zhanh/auto_structbeat/caches/pilot/beat_this_final0_gtzan/gtzan__gtzan_jazz_00008__track.npy.npz
bt_gtzan_seed0,direct,gtzan/gtzan_jazz_00011/track.npy,gtzan,1.0,0.8804331373570016,0.8804331373570016,0.8804331373570016,1.0,1.0,1.0,1.0,1.0,0.8943577388150347,0.8943577388150347,0.8943577388150347,1.0,1.0,1.0,1.0,101.0,0.0,0.0,0.13353139262452,25.0,0.0,0.0,0.016807118316382347,0.0,/media/mengh/SharedData/zhanh/auto_structbeat/caches/pilot/beat_this_final0_gtzan/gtzan__gtzan_jazz_00011__track.npy.npz
bt_gtzan_seed0,direct,gtzan/gtzan_jazz_00012/track.npy,gtzan,1.0,0.8850771499568737,0.8850771499568737,0.8850771499568737,1.0,1.0,1.0,1.0,0.9600000000000001,0.8269546455516632,0.8269546455516632,0.8269546455516632,0.7692307692307693,0.7692307692307693,0.7692307692307693,0.7692307692307693,57.0,0.0,0.0,0.03774032798285287,18.0,0.0,0.0,0.1965658213152531,0.0,/media/mengh/SharedData/zhanh/auto_structbeat/caches/pilot/beat_this_final0_gtzan/gtzan__gtzan_jazz_00012__track.npy.npz
bt_gtzan_seed0,direct,gtzan/gtzan_jazz_00013/track.npy,gtzan,0.6594594594594595,0.5862197229842628,0.8877217791772168,0.7369707510807398,0.0,0.0,0.12903225806451613,0.7983870967741935,0.07142857142857142,0.060231515081808365,0.27933417866057764,0.169782846871193,0.0,0.0,0.05128205128205128,0.07692307692307693,149.0,0.0,0.46621621621621623,0.40546510810816183,45.0,0.0,0.0,0.09520444214004604,0.0,/media/mengh/SharedData/zhanh/auto_structbeat/caches/pilot/beat_this_final0_gtzan/gtzan__gtzan_jazz_00013__track.npy.npz
bt_gtzan_seed0,direct,gtzan/gtzan_jazz_00015/track.npy,gtzan,0.5753424657534246,0.44389787047626306,0.6549746349371965,0.5494362527067298,0.0,0.0,0.40816326530612246,0.7142857142857143,0.2926829268292683,0.20405312418876614,0.25352054823452763,0.2287868362116469,0.0,0.0,0.04,0.04,119.0,0.0,0.0,0.08004270767354904,30.0,0.0,0.0,0.039220713153280476,0.0,/media/mengh/SharedData/zhanh/auto_structbeat/caches/pilot/beat_this_final0_gtzan/gtzan__gtzan_jazz_00015__track.npy.npz
bt_gtzan_seed0,direct,gtzan/gtzan_jazz_00016/track.npy,gtzan,0.8813559322033899,0.7122042959994914,0.7122042959994914,0.7122042959994914,0.9666666666666667,0.9666666666666667,0.9666666666666667,0.9666666666666667,0.608695652173913,0.5309785265953664,0.7602637386590738,0.6456211326272201,0.0,0.0,1.0,1.0,37.0,0.0,0.0,0.056192564566450866,18.0,0.0,0.0,0.060624621816435326,0.0,/media/mengh/SharedData/zhanh/auto_structbeat/caches/pilot/beat_this_final0_gtzan/gtzan__gtzan_jazz_00016__track.npy.npz
bt_gtzan_seed0,direct,gtzan/gtzan_jazz_00017/track.npy,gtzan,1.0,0.7936470404899001,0.7936470404899001,0.7936470404899001,0.2808988764044944,0.9101123595505618,0.2808988764044944,0.9101123595505618,0.9777777777777777,0.7164339575633459,0.7164339575633459,0.7164339575633459,0.5652173913043478,0.9130434782608695,0.5652173913043478,0.9130434782608695,106.0,0.0,0.0,0.2231435513142186,27.0,0.0,0.0,1.0062272204934009,0.0,/media/mengh/SharedData/zhanh/auto_structbeat/caches/pilot/beat_this_final0_gtzan/gtzan__gtzan_jazz_00017__track.npy.npz
bt_gtzan_seed0,direct,gtzan/gtzan_jazz_00019/track.npy,gtzan,0.40625000000000006,0.28938448212284906,0.31637203401129177,0.3028782580670704,0.0,0.0,0.038461538461538464,0.038461538461538464,1.0,0.7008400609058741,0.7008400609058741,0.7008400609058741,1.0,1.0,1.0,1.0,35.0,0.0,0.0,0.7213575547457556,15.0,0.0,0.0,0.03479179300815368,0.0,/media/mengh/SharedData/zhanh/auto_structbeat/caches/pilot/beat_this_final0_gtzan/gtzan__gtzan_jazz_00019__track.npy.npz
bt_gtzan_seed0,direct,gtzan/gtzan_jazz_00021/track.npy,gtzan,0.46268656716417905,0.3825181374946983,0.4530369989320646,0.41777756821338147,0.10843373493975904,0.18072289156626506,0.10843373493975904,0.18072289156626506,0.391304347826087,0.30304692631169905,0.4035912547627821,0.3533190905372406,0.0,0.0,0.21212121212121213,0.30303030303030304,101.0,0.06,0.22,1.0504451794737384,41.0,0.025,0.075,1.6186922961893129,0.0,/media/mengh/SharedData/zhanh/auto_structbeat/caches/pilot/beat_this_final0_gtzan/gtzan__gtzan_jazz_00021__track.npy.npz
bt_gtzan_seed0,direct,gtzan/gtzan_jazz_00022/track.npy,gtzan,0.6582278481012659,0.5001763766993148,0.759883341523959,0.6300298591116369,0.0,0.0,1.0,1.0,0.24999999999999994,0.17655578576064837,0.5158608538013923,0.34620831978102035,0.15384615384615385,0.15384615384615385,0.3333333333333333,0.3333333333333333,32.0,0.0,0.0,0.06317890162153192,14.0,0.0,0.0,1.251062362776162,0.0,/media/mengh/SharedData/zhanh/auto_structbeat/caches/pilot/beat_this_final0_gtzan/gtzan__gtzan_jazz_00022__track.npy.npz
bt_gtzan_seed0,direct,gtzan/gtzan_jazz_00023/track.npy,gtzan,0.6792452830188679,0.581455107022221,0.875836234208255,0.728645670615238,0.014285714285714285,0.014285714285714285,0.647887323943662,0.971830985915493,0.6666666666666666,0.5953088494280321,0.8646931255616161,0.7300009874948241,0.0,0.0,0.9444444444444444,0.9444444444444444,83.0,0.0,0.0,0.17185025692666045,21.0,0.0,0.0,0.059294325071761335,0.0,/media/mengh/SharedData/zhanh/auto_structbeat/caches/pilot/beat_this_final0_gtzan/gtzan__gtzan_jazz_00023__track.npy.npz
bt_gtzan_seed0,direct,gtzan/gtzan_jazz_00024/track.npy,gtzan,1.0,0.7858982160317556,0.7858982160317556,0.7858982160317556,1.0,1.0,1.0,1.0,0.9565217391304348,0.7029768045457349,0.7029768045457349,0.7029768045457349,0.5833333333333334,0.8333333333333334,0.5833333333333334,0.8333333333333334,54.0,0.0,0.0,0.11332868530700375,14.0,0.0,0.0,0.6746999742509903,0.0,/media/mengh/SharedData/zhanh/auto_structbeat/caches/pilot/beat_this_final0_gtzan/gtzan__gtzan_jazz_00024__track.npy.npz
bt_gtzan_seed0,direct,gtzan/gtzan_jazz_00025/track.npy,gtzan,1.0,0.877807125357,0.877807125357,0.877807125357,1.0,1.0,1.0,1.0,0.31034482758620685,0.2647385275136381,0.6484520433141117,0.45659528541387484,0.0,0.0,0.25,0.32558139534883723,102.0,0.0,0.0,0.1335313926245229,44.0,0.0,0.0,1.1451323043029973,0.0,/media/mengh/SharedData/zhanh/auto_structbeat/caches/pilot/beat_this_final0_gtzan/gtzan__gtzan_jazz_00025__track.npy.npz
bt_gtzan_seed0,direct,gtzan/gtzan_jazz_00026/track.npy,gtzan,0.23333333333333334,0.2052482156809003,0.2052482156809003,0.2052482156809003,0.025,0.025,0.05,0.05,0.1818181818181818,0.17858032553733236,0.17858032553733236,0.17858032553733236,0.0,0.0,0.0,0.0,22.0,0.0,0.047619047619047616,1.612216404991836,13.0,0.0,0.08333333333333333,2.7280528684090553,0.0,/media/mengh/SharedData/zhanh/auto_structbeat/caches/pilot/beat_this_final0_gtzan/gtzan__gtzan_jazz_00026__track.npy.npz
bt_gtzan_seed0,direct,gtzan/gtzan_jazz_00027/track.npy,gtzan,0.6555555555555556,0.6133870339337899,0.8813631064421925,0.7473750701879912,0.0,0.0,0.175,0.725,0.38596491228070173,0.3543400832560094,0.5142866157728727,0.43431334951444106,0.0,0.0,0.11904761904761904,0.21428571428571427,144.0,0.013986013986013986,0.38461538461538464,0.4855078157817164,49.0,0.0,0.0,0.7096185287470808,0.0,/media/mengh/SharedData/zhanh/auto_structbeat/caches/pilot/beat_this_final0_gtzan/gtzan__gtzan_jazz_00027__track.npy.npz
bt_gtzan_seed0,direct,gtzan/gtzan_jazz_00028/track.npy,gtzan,1.0,0.9172966150174284,0.9172966150174284,0.9172966150174284,0.6867469879518072,0.9759036144578314,0.6867469879518072,0.9759036144578314,0.9767441860465117,0.9161811908213845,0.9161811908213845,0.9161811908213845,0.6363636363636364,0.9090909090909091,0.6363636363636364,0.9090909090909091,100.0,0.0,0.0,0.13353139262451985,28.0,0.0,0.0,1.3072632309493528,0.0,/media/mengh/SharedData/zhanh/auto_structbeat/caches/pilot/beat_this_final0_gtzan/gtzan__gtzan_jazz_00028__track.npy.npz
bt_gtzan_seed0,direct,gtzan/gtzan_jazz_00029/track.npy,gtzan,0.9214659685863874,0.7878062012766109,0.7878062012766109,0.7878062012766109,0.3979591836734694,0.7448979591836735,0.3979591836734694,0.7448979591836735,0.46376811594202894,0.4049869915729894,0.4049869915729894,0.4049869915729894,0.06521739130434782,0.08695652173913043,0.06521739130434782,0.10869565217391304,117.0,0.04310344827586207,0.06896551724137931,0.4054651081081433,57.0,0.0,0.0,1.148622709242774,0.0,/media/mengh/SharedData/zhanh/auto_structbeat/caches/pilot/beat_this_final0_gtzan/gtzan__gtzan_jazz_00029__track.npy.npz
bt_gtzan_seed0,direct,gtzan/gtzan_jazz_00030/track.npy,gtzan,0.23529411764705885,0.15448066454272757,0.16183284377225923,0.15815675415749342,0.023255813953488372,0.023255813953488372,0.24,0.24,0.25,0.13443855545703928,0.14170632991431362,0.13807244268567645,0.14285714285714285,0.21428571428571427,0.14285714285714285,0.21428571428571427,29.0,0.0,0.0,0.6859179150862273,16.0,0.0,0.0,0.7415536365609593,0.0,/media/mengh/SharedData/zhanh/auto_structbeat/caches/pilot/beat_this_final0_gtzan/gtzan__gtzan_jazz_00030__track.npy.npz
bt_gtzan_seed0,direct,gtzan/gtzan_jazz_00031/track.npy,gtzan,0.939068100358423,0.7738641106481382,0.7738641106481382,0.7738641106481382,0.1048951048951049,0.5174825174825175,0.1048951048951049,0.5174825174825175,0.4731182795698925,0.337906008278962,0.4607127349947577,0.39930937163685987,0.05084745762711865,0.1016949152542373,0.11940298507462686,0.23880597014925373,170.0,0.047337278106508875,0.9171597633136095,0.4700036292457399,66.0,0.03076923076923077,0.2,1.3820687295748861,0.0,/media/mengh/SharedData/zhanh/auto_structbeat/caches/pilot/beat_this_final0_gtzan/gtzan__gtzan_jazz_00031__track.npy.npz
bt_gtzan_seed0,direct,gtzan/gtzan_jazz_00032/track.npy,gtzan,0.8672566371681415,0.7191499149359533,0.7191499149359533,0.7191499149359533,0.5254237288135594,0.7796610169491526,0.5254237288135594,0.7796610169491526,0.8387096774193548,0.6765961731250328,0.6765961731250328,0.6765961731250328,0.3333333333333333,0.5555555555555556,0.3333333333333333,0.5555555555555556,71.0,0.05714285714285714,0.08571428571428572,1.3657770433648588,25.0,0.08333333333333333,0.125,2.6532419646071994,0.0,/media/mengh/SharedData/zhanh/auto_structbeat/caches/pilot/beat_this_final0_gtzan/gtzan__gtzan_jazz_00032__track.npy.npz
bt_gtzan_seed0,direct,gtzan/gtzan_jazz_00033/track.npy,gtzan,1.0,0.9397019903874974,0.9397019903874974,0.9397019903874974,1.0,1.0,1.0,1.0,1.0,0.9580523644171766,0.9580523644171766,0.9580523644171766,1.0,1.0,1.0,1.0,48.0,0.0,0.0,0.031748698314585266,12.0,0.0,0.0,0.015748356968140143,0.0,/media/mengh/SharedData/zhanh/auto_structbeat/caches/pilot/beat_this_final0_gtzan/gtzan__gtzan_jazz_00033__track.npy.npz
bt_gtzan_seed0,direct,gtzan/gtzan_jazz_00034/track.npy,gtzan,0.9937888198757764,0.9122385819553591,0.9122385819553591,0.9122385819553591,0.9876543209876543,0.9876543209876543,0.9876543209876543,0.9876543209876543,1.0,0.9595916726383388,0.9595916726383388,0.9595916726383388,1.0,1.0,1.0,1.0,98.0,0.0,0.0,0.06453852113758152,25.0,0.0,0.0,0.01626052087178284,0.0,/media/mengh/SharedData/zhanh/auto_structbeat/caches/pilot/beat_this_final0_gtzan/gtzan__gtzan_jazz_00034__track.npy.npz
bt_gtzan_seed0,direct,gtzan/gtzan_jazz_00035/track.npy,gtzan,1.0,0.916231058214558,0.916231058214558,0.916231058214558,1.0,1.0,1.0,1.0,0.3157894736842105,0.3065816564231309,0.3065816564231309,0.3065816564231309,0.09090909090909091,0.09090909090909091,0.09090909090909091,0.09090909090909091,35.0,0.0,0.0,0.070617567213953,13.0,0.0,0.0,1.3627638637096973,0.0,/media/mengh/SharedData/zhanh/auto_structbeat/caches/pilot/beat_this_final0_gtzan/gtzan__gtzan_jazz_00035__track.npy.npz
bt_gtzan_seed0,direct,gtzan/gtzan_jazz_00036/track.npy,gtzan,0.4102564102564103,0.21105837622150558,0.3368635327676151,0.27396095449456037,0.0,0.0,0.057692307692307696,0.20192307692307693,0.0,0.0019576880772832587,0.0022284248288944775,0.002093056453088868,0.0,0.0,0.19230769230769232,0.2692307692307692,126.0,0.0,0.0,0.16705408466317603,31.0,0.0,0.0,0.021053409197835646,0.0,/media/mengh/SharedData/zhanh/auto_structbeat/caches/pilot/beat_this_final0_gtzan/gtzan__gtzan_jazz_00036__track.npy.npz
bt_gtzan_seed0,direct,gtzan/gtzan_jazz_00037/track.npy,gtzan,1.0,0.9401369980350707,0.9401369980350707,0.9401369980350707,1.0,1.0,1.0,1.0,1.0,0.9505540880825155,0.9505540880825155,0.9505540880825155,1.0,1.0,1.0,1.0,49.0,0.0,0.0,0.032789822822990686,12.0,0.0,0.0,0.024692612590370384,0.0,/media/mengh/SharedData/zhanh/auto_structbeat/caches/pilot/beat_this_final0_gtzan/gtzan__gtzan_jazz_00037__track.npy.npz
bt_gtzan_seed0,direct,gtzan/gtzan_jazz_00038/track.npy,gtzan,0.9838709677419355,0.8839492525419677,0.8839492525419677,0.8839492525419677,0.9838709677419355,0.9838709677419355,0.9838709677419355,0.9838709677419355,1.0,0.8923009122152802,0.8923009122152802,0.8923009122152802,1.0,1.0,1.0,1.0,75.0,0.0,0.0,0.13976194237515893,19.0,0.0,0.0,0.05256657150732886,0.0,/media/mengh/SharedData/zhanh/auto_structbeat/caches/pilot/beat_this_final0_gtzan/gtzan__gtzan_jazz_00038__track.npy.npz
bt_gtzan_seed0,direct,gtzan/gtzan_jazz_00039/track.npy,gtzan,1.0,0.9749393107212941,0.9749393107212941,0.9749393107212941,1.0,1.0,1.0,1.0,0.975609756097561,0.9490897107619585,0.9490897107619585,0.9490897107619585,0.9523809523809523,0.9523809523809523,0.9523809523809523,0.9523809523809523,99.0,0.0,0.0,0.06453852113757552,25.0,0.0,0.0,0.03278982282299306,0.0,/media/mengh/SharedData/zhanh/auto_structbeat/caches/pilot/beat_this_final0_gtzan/gtzan__gtzan_jazz_00039__track.npy.npz
bt_gtzan_seed0,direct,gtzan/gtzan_jazz_00040/track.npy,gtzan,1.0,0.9012080668964332,0.9012080668964332,0.9012080668964332,1.0,1.0,1.0,1.0,1.0,0.9050621167870936,0.9050621167870936,0.9050621167870936,1.0,1.0,1.0,1.0,50.0,0.0,0.0,0.03390155167568556,12.0,0.0,0.0,0.013041405964648397,0.0,/media/mengh/SharedData/zhanh/auto_structbeat/caches/pilot/beat_this_final0_gtzan/gtzan__gtzan_jazz_00040__track.npy.npz
bt_gtzan_seed0,direct,gtzan/gtzan_jazz_00041/track.npy,gtzan,1.0,0.9394617066210867,0.9394617066210867,0.9394617066210867,1.0,1.0,1.0,1.0,0.0,2.1668489087796603e-12,2.804002094189545e-12,2.4854255014846027e-12,0.0,0.0,0.0,0.0,95.0,0.0,0.0,0.12516314295400344,23.0,0.0,0.0,0.03125254350410378,0.0,/media/mengh/SharedData/zhanh/auto_structbeat/caches/pilot/beat_this_final0_gtzan/gtzan__gtzan_jazz_00041__track.npy.npz
bt_gtzan_seed0,direct,gtzan/gtzan_jazz_00042/track.npy,gtzan,1.0,0.868700040652256,0.868700040652256,0.868700040652256,1.0,1.0,1.0,1.0,1.0,0.9405549755784138,0.9405549755784138,0.9405549755784138,1.0,1.0,1.0,1.0,37.0,0.0,0.0,0.04879016416943119,9.0,0.0,0.0,0.022578758787370253,0.0,/media/mengh/SharedData/zhanh/auto_structbeat/caches/pilot/beat_this_final0_gtzan/gtzan__gtzan_jazz_00042__track.npy.npz
bt_gtzan_seed0,direct,gtzan/gtzan_jazz_00043/track.npy,gtzan,0.953125,0.8514341421627566,0.8514341421627566,0.8514341421627566,0.875,0.953125,0.875,0.953125,1.0,0.8551727034855653,0.8551727034855653,0.8551727034855653,1.0,1.0,1.0,1.0,77.0,0.0,0.0,0.1053605156578239,19.0,0.0,0.0,0.05130592061080729,0.0,/media/mengh/SharedData/zhanh/auto_structbeat/caches/pilot/beat_this_final0_gtzan/gtzan__gtzan_jazz_00043__track.npy.npz
bt_gtzan_seed0,direct,gtzan/gtzan_jazz_00044/track.npy,gtzan,1.0,0.9103262608837531,0.9103262608837531,0.9103262608837531,1.0,1.0,1.0,1.0,1.0,0.9078229395942934,0.9078229395942934,0.9078229395942934,1.0,1.0,1.0,1.0,52.0,0.0,0.0,0.05431151919471281,13.0,0.0,0.0,0.030646846102647285,0.0,/media/mengh/SharedData/zhanh/auto_structbeat/caches/pilot/beat_this_final0_gtzan/gtzan__gtzan_jazz_00044__track.npy.npz
bt_gtzan_seed0,direct,gtzan/gtzan_jazz_00045/track.npy,gtzan,0.9180327868852459,0.8225592880462944,0.8225592880462944,0.8225592880462944,0.967741935483871,0.967741935483871,0.967741935483871,0.967741935483871,0.875,0.7976200068065238,0.7976200068065238,0.7976200068065238,1.0,1.0,1.0,1.0,37.0,0.0,0.0,0.04915624109100128,9.0,0.0,0.0,0.018462062839735106,0.0,/media/mengh/SharedData/zhanh/auto_structbeat/caches/pilot/beat_this_final0_gtzan/gtzan__gtzan_jazz_00045__track.npy.npz
bt_gtzan_seed0,direct,gtzan/gtzan_jazz_00046/track.npy,gtzan,1.0,0.9313090820835546,0.9313090820835546,0.9313090820835546,1.0,1.0,1.0,1.0,1.0,0.9225947257719987,0.9225947257719987,0.9225947257719987,1.0,1.0,1.0,1.0,108.0,0.0,0.0,0.1431008436406695,27.0,0.0,0.0,0.01801850550268115,0.0,/media/mengh/SharedData/zhanh/auto_structbeat/caches/pilot/beat_this_final0_gtzan/gtzan__gtzan_jazz_00046__track.npy.npz
bt_gtzan_seed0,direct,gtzan/gtzan_jazz_00047/track.npy,gtzan,0.9824561403508771,0.9275398099571177,0.9275398099571177,0.9275398099571177,0.7816091954022989,0.9310344827586207,0.7816091954022989,0.9310344827586207,0.7857142857142858,0.7336047451864166,0.8257511803814943,0.7796779627839554,0.2647058823529412,0.2647058823529412,0.5813953488372093,0.5813953488372093,101.0,0.0,0.0,0.14310084364068332,42.0,0.0,0.0,0.06911617611171145,0.0,/media/mengh/SharedData/zhanh/auto_structbeat/caches/pilot/beat_this_final0_gtzan/gtzan__gtzan_jazz_00047__track.npy.npz
bt_gtzan_seed0,direct,gtzan/gtzan_jazz_00048/track.npy,gtzan,1.0,0.8044404689940903,0.8044404689940903,0.8044404689940903,1.0,1.0,1.0,1.0,1.0,0.7988802539371128,0.7988802539371128,0.7988802539371128,1.0,1.0,1.0,1.0,65.0,0.0,0.0,0.08338160893905272,17.0,0.0,0.0,0.025182690114746987,0.0,/media/mengh/SharedData/zhanh/auto_structbeat/caches/pilot/beat_this_final0_gtzan/gtzan__gtzan_jazz_00048__track.npy.npz
bt_gtzan_seed0,direct,gtzan/gtzan_jazz_00049/track.npy,gtzan,0.4999999999999999,0.43110132722955197,0.5159543049739012,0.47352781610172656,0.08823529411764706,0.11764705882352941,0.34285714285714286,0.5428571428571428,0.3157894736842105,0.2647994464658069,0.28569961370378805,0.27524953008479747,0.0,0.0,0.14285714285714285,0.21428571428571427,39.0,0.0,0.02631578947368421,1.2846193592368624,17.0,0.0,0.0,0.656476352908432,0.0,/media/mengh/SharedData/zhanh/auto_structbeat/caches/pilot/beat_this_final0_gtzan/gtzan__gtzan_jazz_00049__track.npy.npz
bt_gtzan_seed0,direct,gtzan/gtzan_jazz_00050/track.npy,gtzan,1.0,0.929722753368429,0.929722753368429,0.929722753368429,0.6666666666666666,0.9848484848484849,0.6666666666666666,0.9848484848484849,0.5853658536585366,0.5107935464579682,0.5107935464579682,0.5107935464579682,0.18181818181818182,0.3181818181818182,0.18181818181818182,0.3181818181818182,79.0,0.0,0.0,0.1011388699771562,23.0,0.0,0.0,0.7191226669632031,0.0,/media/mengh/SharedData/zhanh/auto_structbeat/caches/pilot/beat_this_final0_gtzan/gtzan__gtzan_jazz_00050__track.npy.npz
bt_gtzan_seed0,direct,gtzan/gtzan_jazz_00051/track.npy,gtzan,1.0,0.9397019903874974,0.9397019903874974,0.9397019903874974,1.0,1.0,1.0,1.0,1.0,0.9580523644171766,0.9580523644171766,0.9580523644171766,1.0,1.0,1.0,1.0,48.0,0.0,0.0,0.031748698314585266,12.0,0.0,0.0,0.015748356968140143,0.0,/media/mengh/SharedData/zhanh/auto_structbeat/caches/pilot/beat_this_final0_gtzan/gtzan__gtzan_jazz_00051__track.npy.npz
bt_gtzan_seed0,direct,gtzan/gtzan_jazz_00052/track.npy,gtzan,0.9887640449438202,0.8580193141824278,0.8580193141824278,0.8580193141824278,0.9777777777777777,0.9777777777777777,0.9777777777777777,0.9777777777777777,1.0,0.8933719844194828,0.8933719844194828,0.8933719844194828,1.0,1.0,1.0,1.0,54.0,0.0,0.0,0.07145896398214711,13.0,0.0,0.0,0.022462979211301193,0.0,/media/mengh/SharedData/zhanh/auto_structbeat/caches/pilot/beat_this_final0_gtzan/gtzan__gtzan_jazz_00052__track.npy.npz
bt_gtzan_seed0,direct,gtzan/gtzan_jazz_00053/track.npy,gtzan,0.9937888198757764,0.9200417659451258,0.9200417659451258,0.9200417659451258,0.9876543209876543,0.9876543209876543,0.9876543209876543,0.9876543209876543,1.0,0.9589860871979864,0.9589860871979864,0.9589860871979864,1.0,1.0,1.0,1.0,98.0,0.0,0.0,0.06453852113758152,25.0,0.0,0.0,0.01626052087178028,0.0,/media/mengh/SharedData/zhanh/auto_structbeat/caches/pilot/beat_this_final0_gtzan/gtzan__gtzan_jazz_00053__track.npy.npz
bt_gtzan_seed0,direct,gtzan/gtzan_jazz_00054/track.npy,gtzan,0.7083333333333333,0.6495188221063297,0.6495188221063297,0.6495188221063297,0.5,0.5,0.5,0.5,0.9090909090909091,0.844903645311759,0.844903645311759,0.844903645311759,0.5454545454545454,0.8181818181818182,0.5454545454545454,0.8181818181818182,62.0,0.0,0.0,0.16251892949777202,14.0,0.0,0.0,0.3827711600354676,0.0,/media/mengh/SharedData/zhanh/auto_structbeat/caches/pilot/beat_this_final0_gtzan/gtzan__gtzan_jazz_00054__track.npy.npz
bt_gtzan_seed0,direct,gtzan/gtzan_jazz_00055/track.npy,gtzan,1.0,0.9149071792058338,0.9149071792058338,0.9149071792058338,1.0,1.0,1.0,1.0,0.75,0.6479578628939724,0.6479578628939724,0.6479578628939724,0.5555555555555556,0.5555555555555556,0.5555555555555556,0.5555555555555556,35.0,0.0,0.0,0.05682385627913464,12.0,0.0,0.0,1.3950058631815012,0.0,/media/mengh/SharedData/zhanh/auto_structbeat/caches/pilot/beat_this_final0_gtzan/gtzan__gtzan_jazz_00055__track.npy.npz
bt_gtzan_seed0,direct,gtzan/gtzan_jazz_00056/track.npy,gtzan,0.6624203821656051,0.5739740766233632,0.8609604988283153,0.7174672877258392,0.0,0.0,0.6285714285714286,0.9523809523809523,0.6666666666666666,0.5503791557410097,0.840493830689084,0.6954364932150469,0.0,0.0,0.9615384615384616,0.9615384615384616,125.0,0.0,0.008064516129032258,0.16705408466314742,31.0,0.0,0.0,0.04167269640056637,0.0,/media/mengh/SharedData/zhanh/auto_structbeat/caches/pilot/beat_this_final0_gtzan/gtzan__gtzan_jazz_00056__track.npy.npz
bt_gtzan_seed0,direct,gtzan/gtzan_jazz_00057/track.npy,gtzan,0.9873417721518987,0.9159157724664374,0.9159157724664374,0.9159157724664374,0.975,0.975,0.975,0.975,1.0,0.9173895268529038,0.9173895268529038,0.9173895268529038,1.0,1.0,1.0,1.0,48.0,0.0,0.0,0.06252035698133368,12.0,0.0,0.0,0.020084780695937023,0.0,/media/mengh/SharedData/zhanh/auto_structbeat/caches/pilot/beat_this_final0_gtzan/gtzan__gtzan_jazz_00057__track.npy.npz
bt_gtzan_seed0,direct,gtzan/gtzan_jazz_00058/track.npy,gtzan,0.6666666666666666,0.5597643420425343,0.8411732662055366,0.7004688041240354,0.0,0.0,0.7403846153846154,0.9711538461538461,0.6666666666666666,0.5816096321687032,0.8238605753532646,0.7027351037609839,0.0,0.0,0.9615384615384616,0.9615384615384616,126.0,0.0,0.0,0.1670540846631665,31.0,0.0,0.0,0.041672696400565284,0.0,/media/mengh/SharedData/zhanh/auto_structbeat/caches/pilot/beat_this_final0_gtzan/gtzan__gtzan_jazz_00058__track.npy.npz
bt_gtzan_seed0,direct,gtzan/gtzan_jazz_00059/track.npy,gtzan,1.0,0.9006883850313078,0.9006883850313078,0.9006883850313078,1.0,1.0,1.0,1.0,1.0,0.8575871689515812,0.8575871689515812,0.8575871689515812,1.0,1.0,1.0,1.0,54.0,0.0,0.0,0.07145896398214711,14.0,0.0,0.0,0.03032938530255729,0.0,/media/mengh/SharedData/zhanh/auto_structbeat/caches/pilot/beat_this_final0_gtzan/gtzan__gtzan_jazz_00059__track.npy.npz
bt_gtzan_seed0,direct,gtzan/gtzan_jazz_00060/track.npy,gtzan,1.0,0.9418905622498526,0.9418905622498526,0.9418905622498526,1.0,1.0,1.0,1.0,1.0,0.9577437013631215,0.9577437013631215,0.9577437013631215,1.0,1.0,1.0,1.0,49.0,0.0,0.0,0.032789822822990686,12.0,0.0,0.0,0.024692612590370384,0.0,/media/mengh/SharedData/zhanh/auto_structbeat/caches/pilot/beat_this_final0_gtzan/gtzan__gtzan_jazz_00060__track.npy.npz
bt_gtzan_seed0,direct,gtzan/gtzan_jazz_00061/track.npy,gtzan,0.9932885906040269,0.8241493074020746,0.8241493074020746,0.8241493074020746,0.6266666666666667,0.9733333333333334,0.6266666666666667,0.9733333333333334,0.5306122448979592,0.442130785927031,0.4675335194947371,0.45483215271088406,0.12,0.2,0.12,0.2,90.0,0.0,0.0,0.11778303565638115,29.0,0.0,0.0,0.9676222803376966,0.0,/media/mengh/SharedData/zhanh/auto_structbeat/caches/pilot/beat_this_final0_gtzan/gtzan__gtzan_jazz_00061__track.npy.npz
bt_gtzan_seed0,direct,gtzan/gtzan_jazz_00062/track.npy,gtzan,0.9838709677419355,0.8905002530496731,0.8905002530496731,0.8905002530496731,0.9838709677419355,0.9838709677419355,0.9838709677419355,0.9838709677419355,1.0,0.9040932539595751,0.9040932539595751,0.9040932539595751,1.0,1.0,1.0,1.0,75.0,0.0,0.0,0.13976194237515854,19.0,0.0,0.0,0.05163912862694893,0.0,/media/mengh/SharedData/zhanh/auto_structbeat/caches/pilot/beat_this_final0_gtzan/gtzan__gtzan_jazz_00062__track.npy.npz
bt_gtzan_seed0,direct,gtzan/gtzan_jazz_00063/track.npy,gtzan,1.0,0.822628299408531,0.822628299408531,0.822628299408531,0.27450980392156865,0.9019607843137255,0.27450980392156865,0.9019607843137255,1.0,0.7995080782292665,0.7995080782292665,0.7995080782292665,1.0,1.0,1.0,1.0,122.0,0.0,0.0,0.16705408466316668,30.0,0.0,0.0,0.040821994520256644,0.0,/media/mengh/SharedData/zhanh/auto_structbeat/caches/pilot/beat_this_final0_gtzan/gtzan__gtzan_jazz_00063__track.npy.npz
bt_gtzan_seed0,direct,gtzan/gtzan_jazz_00064/track.npy,gtzan,1.0,0.9320639339249931,0.9320639339249931,0.9320639339249931,1.0,1.0,1.0,1.0,1.0,0.9542713986504449,0.9542713986504449,0.9542713986504449,1.0,1.0,1.0,1.0,102.0,0.0,0.0,0.13353139262451955,25.0,0.0,0.0,0.03390155167568095,0.0,/media/mengh/SharedData/zhanh/auto_structbeat/caches/pilot/beat_this_final0_gtzan/gtzan__gtzan_jazz_00064__track.npy.npz
bt_gtzan_seed0,direct,gtzan/gtzan_jazz_00065/track.npy,gtzan,1.0,0.9766555846051724,0.9766555846051724,0.9766555846051724,1.0,1.0,1.0,1.0,0.975609756097561,0.947328087716114,0.947328087716114,0.947328087716114,0.9523809523809523,0.9523809523809523,0.9523809523809523,0.9523809523809523,99.0,0.0,0.0,0.06453852113757552,25.0,0.0,0.0,0.03278982282299306,0.0,/media/mengh/SharedData/zhanh/auto_structbeat/caches/pilot/beat_this_final0_gtzan/gtzan__gtzan_jazz_00065__track.npy.npz
bt_gtzan_seed0,direct,gtzan/gtzan_jazz_00066/track.npy,gtzan,0.6071428571428572,0.5186542953528251,0.7849902845032332,0.6518222899280292,0.0,0.0,1.0,1.0,0.9444444444444444,0.7532254095163732,0.7532254095163732,0.7532254095163732,1.0,1.0,1.0,1.0,45.0,0.0,0.0,0.09237332013101512,22.0,0.0,0.0,0.04580643851759287,0.0,/media/mengh/SharedData/zhanh/auto_structbeat/caches/pilot/beat_this_final0_gtzan/gtzan__gtzan_jazz_00066__track.npy.npz
bt_gtzan_seed0,direct,gtzan/gtzan_jazz_00067/track.npy,gtzan,1.0,0.8959150498646571,0.8959150498646571,0.8959150498646571,1.0,1.0,1.0,1.0,1.0,0.9050621167870936,0.9050621167870936,0.9050621167870936,1.0,1.0,1.0,1.0,50.0,0.0,0.0,0.03390155167568665,12.0,0.0,0.0,0.013041405964648397,0.0,/media/mengh/SharedData/zhanh/auto_structbeat/caches/pilot/beat_this_final0_gtzan/gtzan__gtzan_jazz_00067__track.npy.npz
bt_gtzan_seed0,direct,gtzan/gtzan_jazz_00068/track.npy,gtzan,1.0,0.8570777344934529,0.8570777344934529,0.8570777344934529,1.0,1.0,1.0,1.0,1.0,0.9248805419104602,0.9248805419104602,0.9248805419104602,1.0,1.0,1.0,1.0,37.0,0.0,0.0,0.0491562410910005,9.0,0.0,0.0,0.022578758787370253,0.0,/media/mengh/SharedData/zhanh/auto_structbeat/caches/pilot/beat_this_final0_gtzan/gtzan__gtzan_jazz_00068__track.npy.npz
bt_gtzan_seed0,direct,gtzan/gtzan_jazz_00069/track.npy,gtzan,0.953125,0.8338659182894008,0.8338659182894008,0.8338659182894008,0.875,0.953125,0.875,0.953125,1.0,0.8525327553376891,0.8525327553376891,0.8525327553376891,1.0,1.0,1.0,1.0,77.0,0.0,0.0,0.10008345855698045,19.0,0.0,0.0,0.041367904611961784,0.0,/media/mengh/SharedData/zhanh/auto_structbeat/caches/pilot/beat_this_final0_gtzan/gtzan__gtzan_jazz_00069__track.npy.npz
bt_gtzan_seed0,direct,gtzan/gtzan_jazz_00070/track.npy,gtzan,1.0,0.9056177709616503,0.9056177709616503,0.9056177709616503,1.0,1.0,1.0,1.0,0.88,0.8131742287474176,0.8131742287474176,0.8131742287474176,0.5714285714285714,0.5714285714285714,0.5714285714285714,0.5714285714285714,52.0,0.0,0.0,0.06899287148694999,16.0,0.0,0.0,0.6848993357862937,0.0,/media/mengh/SharedData/zhanh/auto_structbeat/caches/pilot/beat_this_final0_gtzan/gtzan__gtzan_jazz_00070__track.npy.npz
bt_gtzan_seed0,direct,gtzan/gtzan_jazz_00071/track.npy,gtzan,0.9836065573770492,0.8323820010723642,0.8323820010723642,0.8323820010723642,0.967741935483871,0.967741935483871,0.967741935483871,0.967741935483871,1.0,0.8246370697588509,0.8246370697588509,0.8246370697588509,1.0,1.0,1.0,1.0,37.0,0.0,0.0,0.0500104205746616,9.0,0.0,0.0,0.016627194734504355,0.0,/media/mengh/SharedData/zhanh/auto_structbeat/caches/pilot/beat_this_final0_gtzan/gtzan__gtzan_jazz_00071__track.npy.npz
bt_gtzan_seed0,direct,gtzan/gtzan_jazz_00072/track.npy,gtzan,1.0,0.9449119552585958,0.9449119552585958,0.9449119552585958,1.0,1.0,1.0,1.0,1.0,0.9548888302745321,0.9548888302745321,0.9548888302745321,1.0,1.0,1.0,1.0,108.0,0.0,0.0,0.07410797215372678,27.0,0.0,0.0,0.018018505502680825,0.0,/media/mengh/SharedData/zhanh/auto_structbeat/caches/pilot/beat_this_final0_gtzan/gtzan__gtzan_jazz_00072__track.npy.npz
bt_gtzan_seed0,direct,gtzan/gtzan_jazz_00073/track.npy,gtzan,1.0,0.8764729241817081,0.8764729241817081,0.8764729241817081,0.6145833333333334,0.9166666666666666,0.6145833333333334,0.9166666666666666,0.0,4.072443597089593e-32,0.862479144961864,0.431239572480932,0.0,0.0,0.9583333333333334,0.9583333333333334,115.0,0.0,0.0,0.08004270767354904,29.0,0.0,0.0,0.03275182233658924,0.0,/media/mengh/SharedData/zhanh/auto_structbeat/caches/pilot/beat_this_final0_gtzan/gtzan__gtzan_jazz_00073__track.npy.npz
bt_gtzan_seed0,direct,gtzan/gtzan_jazz_00074/track.npy,gtzan,0.9705882352941176,0.818267646503575,0.818267646503575,0.818267646503575,1.0,1.0,1.0,1.0,1.0,0.813976939119737,0.813976939119737,0.813976939119737,1.0,1.0,1.0,1.0,41.0,0.0,0.0,0.02747616446597666,11.0,0.0,0.0,0.4091568343941096,0.0,/media/mengh/SharedData/zhanh/auto_structbeat/caches/pilot/beat_this_final0_gtzan/gtzan__gtzan_jazz_00074__track.npy.npz
bt_gtzan_seed0,direct,gtzan/gtzan_jazz_00075/track.npy,gtzan,1.0,0.6796545699299859,0.6796545699299859,0.6796545699299859,0.21839080459770116,0.7816091954022989,0.21839080459770116,0.7816091954022989,1.0,0.6861817176141728,0.6861817176141728,0.6861817176141728,1.0,1.0,1.0,1.0,105.0,0.0,0.0,0.06899287148696231,26.0,0.0,0.0,0.0350005482502529,0.0,/media/mengh/SharedData/zhanh/auto_structbeat/caches/pilot/beat_this_final0_gtzan/gtzan__gtzan_jazz_00075__track.npy.npz
bt_gtzan_seed0,direct,gtzan/gtzan_jazz_00076/track.npy,gtzan,0.923076923076923,0.7644516841050666,0.7644516841050666,0.7644516841050666,0.5925925925925926,0.9259259259259259,0.5925925925925926,0.9259259259259259,0.923076923076923,0.7782509379769291,0.7782509379769291,0.7782509379769291,0.8571428571428571,0.8571428571428571,0.8571428571428571,0.8571428571428571,33.0,0.03125,0.03125,0.9707318605490948,9.0,0.0,0.0,1.0321160587125133,0.0,/media/mengh/SharedData/zhanh/auto_structbeat/caches/pilot/beat_this_final0_gtzan/gtzan__gtzan_jazz_00076__track.npy.npz
bt_gtzan_seed0,direct,gtzan/gtzan_jazz_00077/track.npy,gtzan,0.9419354838709677,0.7216347186284318,0.7216347186284318,0.7216347186284318,0.38461538461538464,0.8461538461538461,0.38461538461538464,0.8461538461538461,0.20512820512820512,0.18112284695590158,0.18112284695590158,0.18112284695590158,0.25,0.25,0.25,0.25,94.0,0.010752688172043012,0.010752688172043012,0.1876470627351048,25.0,0.041666666666666664,0.041666666666666664,0.07570371198643736,0.0,/media/mengh/SharedData/zhanh/auto_structbeat/caches/pilot/beat_this_final0_gtzan/gtzan__gtzan_jazz_00077__track.npy.npz
bt_gtzan_seed0,direct,gtzan/gtzan_jazz_00078/track.npy,gtzan,1.0,0.9098108422430358,0.9098108422430358,0.9098108422430358,1.0,1.0,1.0,1.0,1.0,0.8672542621524664,0.8672542621524664,0.8672542621524664,1.0,1.0,1.0,1.0,81.0,0.0,0.0,0.11122563511021291,21.0,0.0,0.0,0.028741276221327886,0.0,/media/mengh/SharedData/zhanh/auto_structbeat/caches/pilot/beat_this_final0_gtzan/gtzan__gtzan_jazz_00078__track.npy.npz
bt_gtzan_seed0,direct,gtzan/gtzan_jazz_00079/track.npy,gtzan,1.0,0.936009738124875,0.936009738124875,0.936009738124875,1.0,1.0,1.0,1.0,0.7741935483870968,0.73603019351812,0.8544054105065784,0.7952178020123493,0.10526315789473684,0.2631578947368421,0.34782608695652173,0.6086956521739131,54.0,0.0,0.0,0.07265101765935651,23.0,0.0,0.0,0.7021970160798638,0.0,/media/mengh/SharedData/zhanh/auto_structbeat/caches/pilot/beat_this_final0_gtzan/gtzan__gtzan_jazz_00079__track.npy.npz
bt_gtzan_seed0,direct,gtzan/gtzan_jazz_00080/track.npy,gtzan,0.6719999999999999,0.6350571439092544,0.9450255117293571,0.7900413278193057,0.0,0.0,1.0,1.0,1.0,0.9456751104227249,0.9456751104227249,0.9456751104227249,1.0,1.0,1.0,1.0,50.0,0.0,0.0,0.06669137449867218,26.0,0.0,0.0,0.5942603362273048,0.0,/media/mengh/SharedData/zhanh/auto_structbeat/caches/pilot/beat_this_final0_gtzan/gtzan__gtzan_jazz_00080__track.npy.npz
bt_gtzan_seed0,direct,gtzan/gtzan_jazz_00081/track.npy,gtzan,1.0,0.9418798253059156,0.9418798253059156,0.9418798253059156,1.0,1.0,1.0,1.0,1.0,0.9544719634938126,0.9544719634938126,0.9544719634938126,1.0,1.0,1.0,1.0,57.0,0.0,0.0,0.07696104113612783,14.0,0.0,0.0,0.013968163869005245,0.0,/media/mengh/SharedData/zhanh/auto_structbeat/caches/pilot/beat_this_final0_gtzan/gtzan__gtzan_jazz_00081__track.npy.npz
bt_gtzan_seed0,direct,gtzan/gtzan_jazz_00082/track.npy,gtzan,0.9938650306748467,0.9367466943466849,0.9367466943466849,0.9367466943466849,0.8658536585365854,0.975609756097561,0.8658536585365854,0.975609756097561,1.0,0.9193750384267405,0.9193750384267405,0.9193750384267405,1.0,1.0,1.0,1.0,98.0,0.0,0.0,0.1941560144409547,24.0,0.0,0.0,0.03333642026759178,0.0,/media/mengh/SharedData/zhanh/auto_structbeat/caches/pilot/beat_this_final0_gtzan/gtzan__gtzan_jazz_00082__track.npy.npz
bt_gtzan_seed0,direct,gtzan/gtzan_jazz_00083/track.npy,gtzan,0.989010989010989,0.7492964825565145,0.7492964825565145,0.7492964825565145,0.9782608695652174,0.9782608695652174,0.9782608695652174,0.9782608695652174,0.5161290322580645,0.4153872620566731,0.4153872620566731,0.4153872620566731,0.19047619047619047,0.19047619047619047,0.19047619047619047,0.19047619047619047,55.0,0.0,0.0,0.07145896398214502,24.0,0.0,0.0,0.7187092608338732,0.0,/media/mengh/SharedData/zhanh/auto_structbeat/caches/pilot/beat_this_final0_gtzan/gtzan__gtzan_jazz_00083__track.npy.npz
bt_gtzan_seed0,direct,gtzan/gtzan_jazz_00084/track.npy,gtzan,1.0,0.93497974315368,0.93497974315368,0.93497974315368,1.0,1.0,1.0,1.0,1.0,0.935431052031599,0.935431052031599,0.935431052031599,1.0,1.0,1.0,1.0,62.0,0.0,0.0,0.08338160893904922,15.0,0.0,0.0,0.02468023578834356,0.0,/media/mengh/SharedData/zhanh/auto_structbeat/caches/pilot/beat_this_final0_gtzan/gtzan__gtzan_jazz_00084__track.npy.npz
bt_gtzan_seed0,direct,gtzan/gtzan_jazz_00085/track.npy,gtzan,0.8141592920353982,0.6842612939461201,0.6842612939461201,0.6842612939461201,0.3181818181818182,0.4393939393939394,0.3181818181818182,0.4393939393939394,0.8333333333333333,0.7144276828405688,0.7144276828405688,0.7144276828405688,0.6842105263157895,0.6842105263157895,0.6842105263157895,0.6842105263157895,56.0,0.0,0.0,0.7196208876879089,22.0,0.0,0.0,1.3770683608492549,0.0,/media/mengh/SharedData/zhanh/auto_structbeat/caches/pilot/beat_this_final0_gtzan/gtzan__gtzan_jazz_00085__track.npy.npz
bt_gtzan_seed0,direct,gtzan/gtzan_jazz_00086/track.npy,gtzan,0.8695652173913043,0.6865498098713951,0.6865498098713951,0.6865498098713951,0.2857142857142857,0.7755102040816326,0.2857142857142857,0.7755102040816326,0.6060606060606061,0.5138682496389667,0.6769695261069012,0.595418887872934,0.047619047619047616,0.09523809523809523,0.391304347826087,0.8260869565217391,64.0,0.015873015873015872,0.015873015873015872,0.7282385003712264,28.0,0.0,0.0,1.0600048025316582,0.0,/media/mengh/SharedData/zhanh/auto_structbeat/caches/pilot/beat_this_final0_gtzan/gtzan__gtzan_jazz_00086__track.npy.npz
bt_gtzan_seed0,direct,gtzan/gtzan_jazz_00087/track.npy,gtzan,1.0,0.8772057461025724,0.8772057461025724,0.8772057461025724,1.0,1.0,1.0,1.0,0.6666666666666666,0.5957797135648469,0.8841481368920459,0.7399639252284465,0.0,0.0,0.9642857142857143,0.9642857142857143,65.0,0.0,0.0,0.09097177820573227,35.0,0.0,0.0,0.6701576623352462,0.0,/media/mengh/SharedData/zhanh/auto_structbeat/caches/pilot/beat_this_final0_gtzan/gtzan__gtzan_jazz_00087__track.npy.npz
bt_gtzan_seed0,direct,gtzan/gtzan_jazz_00088/track.npy,gtzan,1.0,0.8745505294069932,0.8745505294069932,0.8745505294069932,1.0,1.0,1.0,1.0,1.0,0.8576979861858434,0.8576979861858434,0.8576979861858434,1.0,1.0,1.0,1.0,64.0,0.0,0.0,0.04255961441880263,16.0,0.0,0.0,0.01455426729507708,0.0,/media/mengh/SharedData/zhanh/auto_structbeat/caches/pilot/beat_this_final0_gtzan/gtzan__gtzan_jazz_00088__track.npy.npz
bt_gtzan_seed0,direct,gtzan/gtzan_jazz_00089/track.npy,gtzan,1.0,0.7087024377061195,0.7087024377061195,0.7087024377061195,1.0,1.0,1.0,1.0,0.8,0.49475374914298664,0.5155045075072515,0.5051291283251191,0.3333333333333333,0.3333333333333333,0.3333333333333333,0.45454545454545453,28.0,0.0,0.0,0.05608946665104568,11.0,0.0,0.0,0.6932365390325723,0.0,/media/mengh/SharedData/zhanh/auto_structbeat/caches/pilot/beat_this_final0_gtzan/gtzan__gtzan_jazz_00089__track.npy.npz
bt_gtzan_seed0,direct,gtzan/gtzan_jazz_00090/track.npy,gtzan,1.0,0.872027733379879,0.872027733379879,0.872027733379879,1.0,1.0,1.0,1.0,1.0,0.8709690753739212,0.8709690753739212,0.8709690753739212,1.0,1.0,1.0,1.0,68.0,0.0,0.0,0.09097177820572253,23.0,0.0,0.0,0.015267472130788773,0.0,/media/mengh/SharedData/zhanh/auto_structbeat/caches/pilot/beat_this_final0_gtzan/gtzan__gtzan_jazz_00090__track.npy.npz
bt_gtzan_seed0,direct,gtzan/gtzan_jazz_00091/track.npy,gtzan,0.9583333333333334,0.7953380736204146,0.7953380736204146,0.7953380736204146,1.0,1.0,1.0,1.0,1.0,0.757037538265318,0.757037538265318,0.757037538265318,1.0,1.0,1.0,1.0,29.0,0.0,0.0,0.10645099851845553,7.0,0.0,0.0,0.03845700127083069,0.0,/media/mengh/SharedData/zhanh/auto_structbeat/caches/pilot/beat_this_final0_gtzan/gtzan__gtzan_jazz_00091__track.npy.npz
bt_gtzan_seed0,direct,gtzan/gtzan_jazz_00092/track.npy,gtzan,0.8636363636363636,0.6421167712218628,0.6421167712218628,0.6421167712218628,1.0,1.0,1.0,1.0,0.5454545454545454,0.4728339297670297,0.4728339297670297,0.4728339297670297,0.6666666666666666,0.6666666666666666,0.6666666666666666,0.6666666666666666,26.0,0.0,0.0,0.08855339734144507,7.0,0.0,0.0,0.9371664827345769,0.0,/media/mengh/SharedData/zhanh/auto_structbeat/caches/pilot/beat_this_final0_gtzan/gtzan__gtzan_jazz_00092__track.npy.npz
bt_gtzan_seed0,direct,gtzan/gtzan_jazz_00093/track.npy,gtzan,0.6601941747572816,0.5984638123883956,0.9064966570000691,0.7524802346942323,0.0,0.0,1.0,1.0,1.0,0.8970962232823344,0.8970962232823344,0.8970962232823344,1.0,1.0,1.0,1.0,41.0,0.0,0.0,0.055569851154810154,21.0,0.0,0.0,0.029550209179931758,0.0,/media/mengh/SharedData/zhanh/auto_structbeat/caches/pilot/beat_this_final0_gtzan/gtzan__gtzan_jazz_00093__track.npy.npz
bt_gtzan_seed0,direct,gtzan/gtzan_jazz_00094/track.npy,gtzan,0.98989898989899,0.8830040090980962,0.8830040090980962,0.8830040090980962,0.78,0.96,0.78,0.96,0.7499999999999999,0.6583982510768248,0.7512508172817963,0.7048245341793106,0.21052631578947367,0.2631578947368421,0.28,0.52,60.0,0.0,0.0,0.08926471591204325,22.0,0.0,0.0,0.7143400192422733,0.0,/media/mengh/SharedData/zhanh/auto_structbeat/caches/pilot/beat_this_final0_gtzan/gtzan__gtzan_jazz_00094__track.npy.npz
bt_gtzan_seed0,direct,gtzan/gtzan_jazz_00095/track.npy,gtzan,0.819672131147541,0.6614759124585683,0.6907895598576079,0.6761327361580881,0.2361111111111111,0.3888888888888889,0.2828282828282828,0.41414141414141414,0.43478260869565216,0.34742653972767545,0.5512929746249661,0.44935975717632076,0.0,0.0,0.3939393939393939,0.3939393939393939,82.0,0.0,0.0,0.2658024127300336,38.0,0.0,0.0,0.6931471805599453,0.0,/media/mengh/SharedData/zhanh/auto_structbeat/caches/pilot/beat_this_final0_gtzan/gtzan__gtzan_jazz_00095__track.npy.npz
bt_gtzan_seed0,direct,gtzan/gtzan_jazz_00096/track.npy,gtzan,1.0,0.9061744038840189,0.9061744038840189,0.9061744038840189,1.0,1.0,1.0,1.0,1.0,0.8743276813750851,0.8743276813750851,0.8743276813750851,1.0,1.0,1.0,1.0,67.0,0.0,0.0,0.08208142569155837,17.0,0.0,0.0,0.02212709145875963,0.0,/media/mengh/SharedData/zhanh/auto_structbeat/caches/pilot/beat_this_final0_gtzan/gtzan__gtzan_jazz_00096__track.npy.npz
bt_gtzan_seed0,direct,gtzan/gtzan_jazz_00097/track.npy,gtzan,0.7391304347826088,0.615505150597189,0.615505150597189,0.615505150597189,0.7083333333333334,0.9166666666666666,0.7083333333333334,0.9166666666666666,0.6,0.45179014557948155,0.45179014557948155,0.45179014557948155,1.0,1.0,1.0,1.0,28.0,0.037037037037037035,0.07407407407407407,2.055228567934729,6.0,0.0,0.0,0.029651498658866637,0.0,/media/mengh/SharedData/zhanh/auto_structbeat/caches/pilot/beat_this_final0_gtzan/gtzan__gtzan_jazz_00097__track.npy.npz
bt_gtzan_seed0,direct,gtzan/gtzan_jazz_00098/track.npy,gtzan,1.0,0.832065710141803,0.832065710141803,0.832065710141803,1.0,1.0,1.0,1.0,1.0,0.8395116370504687,0.8395116370504687,0.8395116370504687,1.0,1.0,1.0,1.0,81.0,0.0,0.0,0.10536051565782434,20.0,0.0,0.0,0.02702867238791873,0.0,/media/mengh/SharedData/zhanh/auto_structbeat/caches/pilot/beat_this_final0_gtzan/gtzan__gtzan_jazz_00098__track.npy.npz
bt_gtzan_seed0,direct,gtzan/gtzan_jazz_00099/track.npy,gtzan,1.0,0.8243444216918042,0.8243444216918042,0.8243444216918042,1.0,1.0,1.0,1.0,1.0,0.8429601310856625,0.8429601310856625,0.8429601310856625,1.0,1.0,1.0,1.0,69.0,0.0,0.0,0.09097177820572466,23.0,0.0,0.0,0.030305349495328315,0.0,/media/mengh/SharedData/zhanh/auto_structbeat/caches/pilot/beat_this_final0_gtzan/gtzan__gtzan_jazz_00099__track.npy.npz
bt_gtzan_seed0,direct,gtzan/gtzan_metal_00000/track.npy,gtzan,1.0,0.9162072478624744,0.9162072478624744,0.9162072478624744,1.0,1.0,1.0,1.0,0.7692307692307693,0.6779362674273628,0.8373669110215033,0.7576515892244331,0.125,0.25,0.42105263157894735,0.631578947368421,47.0,0.0,0.0,0.056366025247985285,18.0,0.0,0.0,0.7108410726385985,0.0,/media/mengh/SharedData/zhanh/auto_structbeat/caches/pilot/beat_this_final0_gtzan/gtzan__gtzan_metal_00000__track.npy.npz
bt_gtzan_seed0,direct,gtzan/gtzan_metal_00001/track.npy,gtzan,0.0,6.131740094839061e-05,0.9269258044780297,0.46349356093948907,0.0,0.0,0.9846153846153847,0.9846153846153847,0.0,4.1137679757556825e-05,4.1137679757556825e-05,4.1137679757556825e-05,0.9411764705882353,0.9411764705882353,0.9411764705882353,0.9411764705882353,81.0,0.0,0.0375,0.11023953207477516,21.0,0.0,0.0,0.2274999706488957,0.0,/media/mengh/SharedData/zhanh/auto_structbeat/caches/pilot/beat_this_final0_gtzan/gtzan__gtzan_metal_00001__track.npy.npz
bt_gtzan_seed0,direct,gtzan/gtzan_metal_00002/track.npy,gtzan,1.0,0.8920830656652875,0.8920830656652875,0.8920830656652875,1.0,1.0,1.0,1.0,1.0,0.8658728613334881,0.8658728613334881,0.8658728613334881,1.0,1.0,1.0,1.0,56.0,0.0,0.0,0.07410797215372092,14.0,0.0,0.0,0.018596936127449264,0.0,/media/mengh/SharedData/zhanh/auto_structbeat/caches/pilot/beat_this_final0_gtzan/gtzan__gtzan_metal_00002__track.npy.npz
bt_gtzan_seed0,direct,gtzan/gtzan_metal_00003/track.npy,gtzan,0.9815950920245399,0.8786632769909036,0.8786632769909036,0.8786632769909036,0.963855421686747,0.963855421686747,0.963855421686747,0.963855421686747,0.888888888888889,0.8083450250173524,0.8083450250173524,0.8083450250173524,0.6,0.6,0.6,0.6,99.0,0.0,0.0,0.1335313926245194,33.0,0.0,0.0,1.142097400607848,0.0,/media/mengh/SharedData/zhanh/auto_structbeat/caches/pilot/beat_this_final0_gtzan/gtzan__gtzan_metal_00003__track.npy.npz
bt_gtzan_seed0,direct,gtzan/gtzan_metal_00004/track.npy,gtzan,0.017391304347826087,0.015135065616471849,0.21868306641208585,0.11690906601427885,0.017241379310344827,0.017241379310344827,0.22413793103448276,0.5172413793103449,0.0689655172413793,0.02530247885593781,0.029058002874779106,0.02718024086535846,0.9333333333333333,0.9333333333333333,0.9333333333333333,0.9333333333333333,79.0,0.0,0.02564102564102564,0.13976194237514913,20.0,0.0,0.0,1.9347988797230624,0.0,/media/mengh/SharedData/zhanh/auto_structbeat/caches/pilot/beat_this_final0_gtzan/gtzan__gtzan_metal_00004__track.npy.npz
bt_gtzan_seed0,direct,gtzan/gtzan_metal_00005/track.npy,gtzan,0.9922480620155039,0.9268477128203868,0.9268477128203868,0.9268477128203868,0.9846153846153847,0.9846153846153847,0.9846153846153847,0.9846153846153847,0.9411764705882353,0.8739064319100611,0.8739064319100611,0.8739064319100611,0.3888888888888889,0.7777777777777778,0.3888888888888889,0.7777777777777778,78.0,0.0,0.0,0.051293294387558364,22.0,0.0,0.0,1.387593135440057,0.0,/media/mengh/SharedData/zhanh/auto_structbeat/caches/pilot/beat_this_final0_gtzan/gtzan__gtzan_metal_00005__track.npy.npz
bt_gtzan_seed0,direct,gtzan/gtzan_metal_00006/track.npy,gtzan,0.96,0.8320730455906995,0.8320730455906995,0.8320730455906995,0.98,0.98,0.98,0.98,1.0,0.8430531828159841,0.8430531828159841,0.8430531828159841,1.0,1.0,1.0,1.0,60.0,0.0,0.0,0.08004270767354893,15.0,0.0,0.0,0.030153038170689418,0.0,/media/mengh/SharedData/zhanh/auto_structbeat/caches/pilot/beat_this_final0_gtzan/gtzan__gtzan_metal_00006__track.npy.npz
bt_gtzan_seed0,direct,gtzan/gtzan_metal_00007/track.npy,gtzan,0.9682539682539683,0.8498831989503624,0.8498831989503624,0.8498831989503624,0.746031746031746,0.9682539682539683,0.746031746031746,0.9682539682539683,0.25,0.19882990951061158,0.3713851928349316,0.2851075511727716,0.08333333333333333,0.08333333333333333,0.12903225806451613,0.22580645161290322,76.0,0.0,0.0,0.10008345855698919,28.0,0.0,0.0,1.2389830523831655,0.0,/media/mengh/SharedData/zhanh/auto_structbeat/caches/pilot/beat_this_final0_gtzan/gtzan__gtzan_metal_00007__track.npy.npz
bt_gtzan_seed0,direct,gtzan/gtzan_metal_00008/track.npy,gtzan,1.0,0.962510598736029,0.962510598736029,0.962510598736029,1.0,1.0,1.0,1.0,1.0,0.9499307930816645,0.9499307930816645,0.9499307930816645,1.0,1.0,1.0,1.0,59.0,0.0,0.0,0.03922071315328459,15.0,0.0,0.0,0.023705097274325067,0.0,/media/mengh/SharedData/zhanh/auto_structbeat/caches/pilot/beat_this_final0_gtzan/gtzan__gtzan_metal_00008__track.npy.npz
bt_gtzan_seed0,direct,gtzan/gtzan_metal_00009/track.npy,gtzan,0.8073394495412843,0.6866993619282724,0.6866993619282724,0.6866993619282724,0.45901639344262296,0.5081967213114754,0.45901639344262296,0.5081967213114754,0.6666666666666667,0.5356881216500681,0.5356881216500681,0.5356881216500681,0.3888888888888889,0.4444444444444444,0.3888888888888889,0.4444444444444444,75.0,0.0,0.17567567567567569,0.9389273122914269,22.0,0.0,0.047619047619047616,0.9774336103022219,0.0,/media/mengh/SharedData/zhanh/auto_structbeat/caches/pilot/beat_this_final0_gtzan/gtzan__gtzan_metal_00009__track.npy.npz
bt_gtzan_seed0,direct,gtzan/gtzan_metal_00010/track.npy,gtzan,0.4936708860759494,0.3902745216149013,0.4196441108124293,0.4049593162136653,0.20689655172413793,0.28735632183908044,0.20689655172413793,0.28735632183908044,0.0975609756097561,0.08538498417019455,0.11460847585651854,0.09999673001335654,0.13043478260869565,0.13043478260869565,0.13043478260869565,0.13043478260869565,87.0,0.011627906976744186,0.046511627906976744,0.3459398027388158,22.0,0.047619047619047616,0.047619047619047616,2.007220585925266,0.0,/media/mengh/SharedData/zhanh/auto_structbeat/caches/pilot/beat_this_final0_gtzan/gtzan__gtzan_metal_00010__track.npy.npz
bt_gtzan_seed0,direct,gtzan/gtzan_metal_00011/track.npy,gtzan,0.4774193548387097,0.38507320437335424,0.5158549864790715,0.45046409542621285,0.0449438202247191,0.1797752808988764,0.1297709923664122,0.21374045801526717,0.25531914893617014,0.23070134030192593,0.25484822318060685,0.24277478174126638,0.0967741935483871,0.16129032258064516,0.0967741935483871,0.16129032258064516,104.0,0.019417475728155338,0.32038834951456313,0.8109302162163567,39.0,0.0,0.13157894736842105,1.8257392765871363,0.0,/media/mengh/SharedData/zhanh/auto_structbeat/caches/pilot/beat_this_final0_gtzan/gtzan__gtzan_metal_00011__track.npy.npz
bt_gtzan_seed0,direct,gtzan/gtzan_metal_00012/track.npy,gtzan,1.0,0.9582096398493387,0.9582096398493387,0.9582096398493387,1.0,1.0,1.0,1.0,1.0,0.9652652404619166,0.9652652404619166,0.9652652404619166,1.0,1.0,1.0,1.0,84.0,0.0,0.0,0.11122563511022676,21.0,0.0,0.0,0.04332476430461001,0.0,/media/mengh/SharedData/zhanh/auto_structbeat/caches/pilot/beat_this_final0_gtzan/gtzan__gtzan_metal_00012__track.npy.npz
bt_gtzan_seed0,direct,gtzan/gtzan_metal_00013/track.npy,gtzan,0.9739130434782608,0.8012794470152743,0.8012794470152743,0.8012794470152743,0.603448275862069,0.9655172413793104,0.603448275862069,0.9655172413793104,0.8666666666666666,0.7463261046713627,0.7463261046713627,0.7463261046713627,0.75,0.75,0.75,0.75,70.0,0.0,0.0,0.12015396813745356,21.0,0.0,0.0,1.1510626088098979,0.0,/media/mengh/SharedData/zhanh/auto_structbeat/caches/pilot/beat_this_final0_gtzan/gtzan__gtzan_metal_00013__track.npy.npz
bt_gtzan_seed0,direct,gtzan/gtzan_metal_00014/track.npy,gtzan,0.6595744680851063,0.5892495794395765,0.8766880251902769,0.7329688023149267,0.0,0.0,0.9682539682539683,0.9682539682539683,0.6666666666666666,0.6304140550284179,0.8865890937350207,0.7585015743817193,0.0,0.0,0.9375,0.9375,76.0,0.0,0.0,0.10536051565781435,19.0,0.0,0.0,0.0403210089500259,0.0,/media/mengh/SharedData/zhanh/auto_structbeat/caches/pilot/beat_this_final0_gtzan/gtzan__gtzan_metal_00014__track.npy.npz
bt_gtzan_seed0,direct,gtzan/gtzan_metal_00015/track.npy,gtzan,0.7166666666666667,0.6229316282295965,0.6343653366070757,0.628648482418336,0.2328767123287671,0.3013698630136986,0.3225806451612903,0.3333333333333333,0.6875000000000001,0.5665684413792932,0.5665684413792932,0.5665684413792932,0.38095238095238093,0.38095238095238093,0.38095238095238093,0.38095238095238093,85.0,0.05952380952380952,0.11904761904761904,1.2237754316221188,26.0,0.0,0.0,1.077367972685413,0.0,/media/mengh/SharedData/zhanh/auto_structbeat/caches/pilot/beat_this_final0_gtzan/gtzan__gtzan_metal_00015__track.npy.npz
bt_gtzan_seed0,direct,gtzan/gtzan_metal_00016/track.npy,gtzan,0.6724137931034482,0.6241159122852658,0.924954061684021,0.7745349869846434,0.0,0.0,1.0,1.0,0.6896551724137931,0.6423518962595842,0.9462917863042555,0.7943218412819198,0.0,0.0,1.0,1.0,92.0,0.0,0.0,0.1251631429540079,23.0,0.0,0.0,0.03125254350410098,0.0,/media/mengh/SharedData/zhanh/auto_structbeat/caches/pilot/beat_this_final0_gtzan/gtzan__gtzan_metal_00016__track.npy.npz
bt_gtzan_seed0,direct,gtzan/gtzan_metal_00017/track.npy,gtzan,0.16129032258064518,0.1405459583483325,0.6710713677731471,0.4058086630607398,0.07216494845360824,0.07216494845360824,0.5154639175257731,0.6597938144329897,0.1568627450980392,0.15144956289513,0.15144956289513,0.15144956289513,0.75,0.75,0.75,0.75,115.0,0.043859649122807015,0.11403508771929824,0.47000362924573635,32.0,0.03225806451612903,0.06451612903225806,1.538151262478618,0.0,/media/mengh/SharedData/zhanh/auto_structbeat/caches/pilot/beat_this_final0_gtzan/gtzan__gtzan_metal_00017__track.npy.npz
bt_gtzan_seed0,direct,gtzan/gtzan_metal_00018/track.npy,gtzan,0.42276422764227645,0.35198362404722056,0.5335088523313013,0.44274623818926095,0.024691358024691357,0.037037037037037035,0.24096385542168675,0.5180722891566265,0.32432432432432434,0.2706007433485177,0.3346113234288759,0.3026060333886968,0.07407407407407407,0.07407407407407407,0.07407407407407407,0.14814814814814814,97.0,0.020833333333333332,0.052083333333333336,0.9781390390649987,33.0,0.0,0.0,1.3521412140957003,0.0,/media/mengh/SharedData/zhanh/auto_structbeat/caches/pilot/beat_this_final0_gtzan/gtzan__gtzan_metal_00018__track.npy.npz
bt_gtzan_seed0,direct,gtzan/gtzan_metal_00019/track.npy,gtzan,0.03508771929824562,0.03267891556631142,0.7940232182108193,0.4133510668885654,0.011111111111111112,0.011111111111111112,0.11235955056179775,0.7078651685393258,0.0,0.005370620417150649,0.005370620417150649,0.005370620417150649,0.4782608695652174,0.7391304347826086,0.4782608695652174,0.7391304347826086,98.0,0.010309278350515464,0.05154639175257732,0.782624970229186,30.0,0.0,0.034482758620689655,1.344310313297988,0.0,/media/mengh/SharedData/zhanh/auto_structbeat/caches/pilot/beat_this_final0_gtzan/gtzan__gtzan_metal_00019__track.npy.npz
bt_gtzan_seed0,direct,gtzan/gtzan_metal_00020/track.npy,gtzan,0.6259541984732824,0.5421485403995014,0.5437460397381292,0.5429472900688153,0.2077922077922078,0.22077922077922077,0.2077922077922078,0.3333333333333333,0.45,0.42365180571314165,0.42365180571314165,0.42365180571314165,0.2,0.25,0.2,0.25,65.0,0.125,0.140625,1.6533490601865883,23.0,0.13636363636363635,0.13636363636363635,2.0281482472922705,0.0,/media/mengh/SharedData/zhanh/auto_structbeat/caches/pilot/beat_this_final0_gtzan/gtzan__gtzan_metal_00020__track.npy.npz
bt_gtzan_seed0,direct,gtzan/gtzan_metal_00021/track.npy,gtzan,1.0,0.9365757295593676,0.9365757295593676,0.9365757295593676,1.0,1.0,1.0,1.0,1.0,0.9442459036561993,0.9442459036561993,0.9442459036561993,1.0,1.0,1.0,1.0,54.0,0.0,0.0,0.07145896398213997,13.0,0.0,0.0,0.018349138668196208,0.0,/media/mengh/SharedData/zhanh/auto_structbeat/caches/pilot/beat_this_final0_gtzan/gtzan__gtzan_metal_00021__track.npy.npz
bt_gtzan_seed0,direct,gtzan/gtzan_metal_00022/track.npy,gtzan,0.9401709401709402,0.8540040257436876,0.8540040257436876,0.8540040257436876,0.7166666666666667,0.9,0.7166666666666667,0.9,1.0,0.8980846487422658,0.8980846487422658,0.8980846487422658,1.0,1.0,1.0,1.0,73.0,0.05555555555555555,0.05555555555555555,1.5311110074114125,17.0,0.0,0.0,0.04041954750605435,0.0,/media/mengh/SharedData/zhanh/auto_structbeat/caches/pilot/beat_this_final0_gtzan/gtzan__gtzan_metal_00022__track.npy.npz
bt_gtzan_seed0,direct,gtzan/gtzan_metal_00023/track.npy,gtzan,0.9836065573770492,0.9074035579590249,0.9074035579590249,0.9074035579590249,0.9836065573770492,0.9836065573770492,0.9836065573770492,0.9836065573770492,0.5945945945945945,0.5599048207387233,0.8161473061063046,0.6880260634225139,0.13636363636363635,0.13636363636363635,0.3448275862068966,0.5172413793103449,73.0,0.0,0.0,0.04879016416943971,25.0,0.0,0.0,0.7016466498811492,0.0,/media/mengh/SharedData/zhanh/auto_structbeat/caches/pilot/beat_this_final0_gtzan/gtzan__gtzan_metal_00023__track.npy.npz
bt_gtzan_seed0,direct,gtzan/gtzan_metal_00024/track.npy,gtzan,1.0,0.9292890987496208,0.9292890987496208,0.9292890987496208,1.0,1.0,1.0,1.0,1.0,0.9216796326303619,0.9216796326303619,0.9216796326303619,1.0,1.0,1.0,1.0,56.0,0.0,0.0,0.07410797215371648,14.0,0.0,0.0,0.018519047767237867,0.0,/media/mengh/SharedData/zhanh/auto_structbeat/caches/pilot/beat_this_final0_gtzan/gtzan__gtzan_metal_00024__track.npy.npz
bt_gtzan_seed0,direct,gtzan/gtzan_metal_00025/track.npy,gtzan,1.0,0.9656524709307559,0.9656524709307559,0.9656524709307559,1.0,1.0,1.0,1.0,1.0,0.9854968436762448,0.9854968436762448,0.9854968436762448,1.0,1.0,1.0,1.0,69.0,0.0,0.0,0.04652001563490016,17.0,0.0,0.0,0.011560822401077808,0.0,/media/mengh/SharedData/zhanh/auto_structbeat/caches/pilot/beat_this_final0_gtzan/gtzan__gtzan_metal_00025__track.npy.npz
bt_gtzan_seed0,direct,gtzan/gtzan_metal_00026/track.npy,gtzan,0.985645933014354,0.916624623463355,0.916624623463355,0.916624623463355,0.6509433962264151,0.9245283018867925,0.6509433962264151,0.9245283018867925,1.0,0.9303422312170964,0.9303422312170964,0.9303422312170964,1.0,1.0,1.0,1.0,128.0,0.015748031496062992,0.05511811023622047,0.1823215567939569,33.0,0.0,0.0,0.3779704741713533,0.0,/media/mengh/SharedData/zhanh/auto_structbeat/caches/pilot/beat_this_final0_gtzan/gtzan__gtzan_metal_00026__track.npy.npz
bt_gtzan_seed0,direct,gtzan/gtzan_metal_00027/track.npy,gtzan,0.9488372093023255,0.7912103122079727,0.7912103122079727,0.7912103122079727,0.2962962962962963,0.8333333333333334,0.2962962962962963,0.8333333333333334,0.48571428571428565,0.40725706033601106,0.40725706033601106,0.40725706033601106,0.13636363636363635,0.20454545454545456,0.13636363636363635,0.20454545454545456,129.0,0.0,0.0390625,0.23835145216543696,50.0,0.0,0.0,1.6625477377480482,0.0,/media/mengh/SharedData/zhanh/auto_structbeat/caches/pilot/beat_this_final0_gtzan/gtzan__gtzan_metal_00027__track.npy.npz
bt_gtzan_seed0,direct,gtzan/gtzan_metal_00028/track.npy,gtzan,0.6863905325443787,0.6183027891578933,0.869358218750177,0.7438305039540352,0.05405405405405406,0.05405405405405406,0.40869565217391307,0.8347826086956521,0.5,0.45956285293669913,0.45956285293669913,0.45956285293669913,0.1,0.36666666666666664,0.1,0.36666666666666664,134.0,0.0,0.18796992481203006,0.1905786691946437,36.0,0.0,0.11428571428571428,2.0241140784533473,0.0,/media/mengh/SharedData/zhanh/auto_structbeat/caches/pilot/beat_this_final0_gtzan/gtzan__gtzan_metal_00028__track.npy.npz
bt_gtzan_seed0,direct,gtzan/gtzan_metal_00029/track.npy,gtzan,0.9803921568627451,0.8151791680351181,0.8151791680351181,0.8151791680351181,1.0,1.0,1.0,1.0,1.0,0.8107044520700993,0.8107044520700993,0.8107044520700993,1.0,1.0,1.0,1.0,61.0,0.0,0.0,0.04099575651011491,15.0,0.0,0.0,0.02443278758991801,0.0,/media/mengh/SharedData/zhanh/auto_structbeat/caches/pilot/beat_this_final0_gtzan/gtzan__gtzan_metal_00029__track.npy.npz
bt_gtzan_seed0,direct,gtzan/gtzan_metal_00030/track.npy,gtzan,1.0,0.9822935748392958,0.9822935748392958,0.9822935748392958,1.0,1.0,1.0,1.0,1.0,0.9886438963112979,0.9886438963112979,0.9886438963112979,1.0,1.0,1.0,1.0,66.0,0.0,0.0,0.044451762570840825,16.0,0.0,0.0,0.011049836186585282,0.0,/media/mengh/SharedData/zhanh/auto_structbeat/caches/pilot/beat_this_final0_gtzan/gtzan__gtzan_metal_00030__track.npy.npz
bt_gtzan_seed0,direct,gtzan/gtzan_metal_00031/track.npy,gtzan,1.0,0.9199334639390715,0.9199334639390715,0.9199334639390715,1.0,1.0,1.0,1.0,1.0,0.9098961094897305,0.9098961094897305,0.9098961094897305,1.0,1.0,1.0,1.0,69.0,0.0,0.0,0.04652001563489594,18.0,0.0,0.0,0.03509131981127034,0.0,/media/mengh/SharedData/zhanh/auto_structbeat/caches/pilot/beat_this_final0_gtzan/gtzan__gtzan_metal_00031__track.npy.npz
bt_gtzan_seed0,direct,gtzan/gtzan_metal_00032/track.npy,gtzan,0.9864864864864865,0.7743908412723908,0.7743908412723908,0.7743908412723908,0.9594594594594594,0.9594594594594594,0.9594594594594594,0.9594594594594594,0.972972972972973,0.7542229048197556,0.7542229048197556,0.7542229048197556,0.9473684210526315,0.9473684210526315,0.9473684210526315,0.9473684210526315,88.0,0.011494252873563218,0.011494252873563218,0.11614368551984255,21.0,0.0,0.0,0.03040600037244848,0.0,/media/mengh/SharedData/zhanh/auto_structbeat/caches/pilot/beat_this_final0_gtzan/gtzan__gtzan_metal_00032__track.npy.npz
bt_gtzan_seed0,direct,gtzan/gtzan_metal_00033/track.npy,gtzan,0.962962962962963,0.9145898063304864,0.9145898063304864,0.9145898063304864,0.8392857142857143,0.8392857142857143,0.8392857142857143,0.8392857142857143,0.14285714285714288,0.13826996506793232,0.5116935752807875,0.3249817701743599,0.034482758620689655,0.034482758620689655,0.06896551724137931,0.10344827586206896,70.0,0.0,0.0,0.49528734739242264,34.0,0.0,0.0,1.4069136483226239,0.0,/media/mengh/SharedData/zhanh/auto_structbeat/caches/pilot/beat_this_final0_gtzan/gtzan__gtzan_metal_00033__track.npy.npz
bt_gtzan_seed0,direct,gtzan/gtzan_metal_00034/track.npy,gtzan,0.557142857142857,0.48306756704616455,0.5142506741738917,0.49865912061002815,0.36,0.48,0.36,0.48,0.0,9.460129672784802e-21,0.3514626346668111,0.17573131733340555,0.0,0.0,0.6666666666666666,0.7777777777777778,89.0,0.045454545454545456,0.11363636363636363,0.7309942354491415,22.0,0.047619047619047616,0.09523809523809523,2.4291976127917216,0.0,/media/mengh/SharedData/zhanh/auto_structbeat/caches/pilot/beat_this_final0_gtzan/gtzan__gtzan_metal_00034__track.npy.npz
bt_gtzan_seed0,direct,gtzan/gtzan_metal_00035/track.npy,gtzan,0.98989898989899,0.8985182954539965,0.8985182954539965,0.8985182954539965,0.98,0.98,0.98,0.98,1.0,0.9285443820881333,0.9285443820881333,0.9285443820881333,1.0,1.0,1.0,1.0,59.0,0.0,0.0,0.08004270767353472,15.0,0.0,0.0,0.03762019749252098,0.0,/media/mengh/SharedData/zhanh/auto_structbeat/caches/pilot/beat_this_final0_gtzan/gtzan__gtzan_metal_00035__track.npy.npz
bt_gtzan_seed0,direct,gtzan/gtzan_metal_00036/track.npy,gtzan,1.0,0.9065774136408447,0.9065774136408447,0.9065774136408447,1.0,1.0,1.0,1.0,1.0,0.9245908637665485,0.9245908637665485,0.9245908637665485,1.0,1.0,1.0,1.0,71.0,0.0,0.0,0.09531017980431444,20.0,0.0,0.0,0.12750257449418442,0.0,/media/mengh/SharedData/zhanh/auto_structbeat/caches/pilot/beat_this_final0_gtzan/gtzan__gtzan_metal_00036__track.npy.npz
bt_gtzan_seed0,direct,gtzan/gtzan_metal_00037/track.npy,gtzan,1.0,0.9005777876814894,0.9005777876814894,0.9005777876814894,1.0,1.0,1.0,1.0,0.9032258064516129,0.7669121138202958,0.7669121138202958,0.7669121138202958,0.5882352941176471,0.7058823529411765,0.5882352941176471,0.7058823529411765,69.0,0.0,0.0,0.04652001563490016,20.0,0.0,0.0,0.728238500371215,0.0,/media/mengh/SharedData/zhanh/auto_structbeat/caches/pilot/beat_this_final0_gtzan/gtzan__gtzan_metal_00037__track.npy.npz
bt_gtzan_seed0,direct,gtzan/gtzan_metal_00038/track.npy,gtzan,0.8048780487804876,0.7214222480518685,0.7214222480518685,0.7214222480518685,0.7619047619047619,0.7619047619047619,0.7619047619047619,0.7619047619047619,0.23999999999999996,0.15920810131341548,0.22396063114016734,0.19158436622679142,0.0,0.0,0.07142857142857142,0.07142857142857142,48.0,0.0,0.0,0.09844007281325629,17.0,0.0,0.0,0.3134506522108363,0.0,/media/mengh/SharedData/zhanh/auto_structbeat/caches/pilot/beat_this_final0_gtzan/gtzan__gtzan_metal_00038__track.npy.npz
bt_gtzan_seed0,direct,gtzan/gtzan_metal_00039/track.npy,gtzan,0.6666666666666666,0.6299908312045676,0.9469636359825,0.7884772335935337,0.0,0.0,0.98,0.98,0.6666666666666666,0.6381089938361723,0.9242891209579378,0.7811990573970551,0.0,0.0,0.9166666666666666,0.9166666666666666,60.0,0.0,0.0,0.08004270767353491,15.0,0.0,0.0,0.020000666706669112,0.0,/media/mengh/SharedData/zhanh/auto_structbeat/caches/pilot/beat_this_final0_gtzan/gtzan__gtzan_metal_00039__track.npy.npz
bt_gtzan_seed0,direct,gtzan/gtzan_metal_00040/track.npy,gtzan,0.6433566433566433,0.5833229266371213,0.8687798846886318,0.7260514056628765,0.0,0.0,0.5360824742268041,0.865979381443299,0.0,1.3638091119687898e-11,3.3873415133432856e-11,2.3755753126560377e-11,0.0,0.0,0.0,0.0,115.0,0.043859649122807015,0.10526315789473684,0.3152792210465624,32.0,0.0,0.03225806451612903,1.5923212214027633,0.0,/media/mengh/SharedData/zhanh/auto_structbeat/caches/pilot/beat_this_final0_gtzan/gtzan__gtzan_metal_00040__track.npy.npz
bt_gtzan_seed0,direct,gtzan/gtzan_metal_00041/track.npy,gtzan,1.0,0.9537237536220412,0.9537237536220412,0.9537237536220412,1.0,1.0,1.0,1.0,1.0,0.9319441163729963,0.9319441163729963,0.9319441163729963,1.0,1.0,1.0,1.0,59.0,0.0,0.0,0.07696104113612845,15.0,0.0,0.0,0.028987536873252506,0.0,/media/mengh/SharedData/zhanh/auto_structbeat/caches/pilot/beat_this_final0_gtzan/gtzan__gtzan_metal_00041__track.npy.npz
bt_gtzan_seed0,direct,gtzan/gtzan_metal_00042/track.npy,gtzan,1.0,0.9263349818947283,0.9263349818947283,0.9263349818947283,1.0,1.0,1.0,1.0,1.0,0.9116706401428425,0.9116706401428425,0.9116706401428425,1.0,1.0,1.0,1.0,65.0,0.0,0.0,0.08701137698962788,17.0,0.0,0.0,0.0324352757531543,0.0,/media/mengh/SharedData/zhanh/auto_structbeat/caches/pilot/beat_this_final0_gtzan/gtzan__gtzan_metal_00042__track.npy.npz
bt_gtzan_seed0,direct,gtzan/gtzan_metal_00043/track.npy,gtzan,0.9873417721518987,0.9662618684324713,0.9662618684324713,0.9662618684324713,0.975,0.975,0.975,0.975,1.0,0.9790302625912236,0.9790302625912236,0.9790302625912236,1.0,1.0,1.0,1.0,47.0,0.0,0.0,0.03174869831458749,12.0,0.0,0.0,0.015748356968139542,0.0,/media/mengh/SharedData/zhanh/auto_structbeat/caches/pilot/beat_this_final0_gtzan/gtzan__gtzan_metal_00043__track.npy.npz
bt_gtzan_seed0,direct,gtzan/gtzan_metal_00044/track.npy,gtzan,0.8807339449541285,0.7946220847720666,0.7946220847720666,0.7946220847720666,0.6333333333333333,0.6333333333333333,0.6333333333333333,0.6333333333333333,0.8275862068965517,0.7545770915440638,0.7545770915440638,0.7545770915440638,0.6875,0.8125,0.6875,0.8125,70.0,0.0,0.0,0.16705408466317256,18.0,0.0,0.0,1.9952550535036968,0.0,/media/mengh/SharedData/zhanh/auto_structbeat/caches/pilot/beat_this_final0_gtzan/gtzan__gtzan_metal_00044__track.npy.npz
bt_gtzan_seed0,direct,gtzan/gtzan_metal_00045/track.npy,gtzan,0.6578947368421052,0.6135284527769654,0.9158300251438857,0.7646792389604256,0.0,0.0,0.9607843137254902,0.9607843137254902,0.631578947368421,0.5990354993644305,0.8732786906111859,0.7361570949878082,0.0,0.0,0.8461538461538461,0.8461538461538461,60.0,0.0,0.0,0.040821994520261584,15.0,0.0,0.0,0.020285173042995507,0.0,/media/mengh/SharedData/zhanh/auto_structbeat/caches/pilot/beat_this_final0_gtzan/gtzan__gtzan_metal_00045__track.npy.npz
bt_gtzan_seed0,direct,gtzan/gtzan_metal_00046/track.npy,gtzan,0.9289617486338797,0.8583429884317001,0.8583429884317001,0.8583429884317001,0.4166666666666667,0.78125,0.4166666666666667,0.78125,0.4615384615384615,0.39566395077201943,0.39566395077201943,0.39566395077201943,0.14285714285714285,0.32142857142857145,0.14285714285714285,0.32142857142857145,107.0,0.009433962264150943,0.009433962264150943,0.7233394429462168,35.0,0.0,0.0,1.4738024828137002,0.0,/media/mengh/SharedData/zhanh/auto_structbeat/caches/pilot/beat_this_final0_gtzan/gtzan__gtzan_metal_00046__track.npy.npz
bt_gtzan_seed0,direct,gtzan/gtzan_metal_00047/track.npy,gtzan,0.8324324324324324,0.7577010469984634,0.7577010469984634,0.7577010469984634,0.5612244897959183,0.6428571428571429,0.5612244897959183,0.6428571428571429,0.6206896551724138,0.5477559044958978,0.5477559044958978,0.5477559044958978,0.2702702702702703,0.2702702702702703,0.2702702702702703,0.2702702702702703,115.0,0.07017543859649122,0.16666666666666666,0.5303416894337546,45.0,0.022727272727272728,0.06818181818181818,1.3811650316811386,0.0,/media/mengh/SharedData/zhanh/auto_structbeat/caches/pilot/beat_this_final0_gtzan/gtzan__gtzan_metal_00047__track.npy.npz
bt_gtzan_seed0,direct,gtzan/gtzan_metal_00048/track.npy,gtzan,0.9411764705882353,0.8553403705735068,0.8553403705735068,0.8553403705735068,0.5833333333333334,0.84375,0.5833333333333334,0.84375,0.9565217391304348,0.8711170243609894,0.8711170243609894,0.8711170243609894,0.875,0.875,0.875,0.875,114.0,0.035398230088495575,0.08849557522123894,0.4528773401541828,30.0,0.0,0.0,1.2654594641323496,0.0,/media/mengh/SharedData/zhanh/auto_structbeat/caches/pilot/beat_this_final0_gtzan/gtzan__gtzan_metal_00048__track.npy.npz
bt_gtzan_seed0,direct,gtzan/gtzan_metal_00049/track.npy,gtzan,1.0,0.9510105761581228,0.9510105761581228,0.9510105761581228,1.0,1.0,1.0,1.0,0.9767441860465117,0.9407092300865002,0.9407092300865002,0.9407092300865002,0.45454545454545453,0.9090909090909091,0.45454545454545453,0.9090909090909091,99.0,0.0,0.01020408163265306,0.06899287148695148,26.0,0.0,0.0,0.9550339869192219,0.0,/media/mengh/SharedData/zhanh/auto_structbeat/caches/pilot/beat_this_final0_gtzan/gtzan__gtzan_metal_00049__track.npy.npz
bt_gtzan_seed0,direct,gtzan/gtzan_metal_00050/track.npy,gtzan,0.9842931937172774,0.9398220215893014,0.9398220215893014,0.9398220215893014,0.422680412371134,0.9484536082474226,0.422680412371134,0.9484536082474226,0.92,0.8830960933700086,0.8830960933700086,0.8830960933700086,0.5925925925925926,0.7407407407407407,0.5925925925925926,0.7407407407407407,116.0,0.008695652173913044,0.034782608695652174,0.18460466177363027,33.0,0.0,0.0,0.8910950091059506,0.0,/media/mengh/SharedData/zhanh/auto_structbeat/caches/pilot/beat_this_final0_gtzan/gtzan__gtzan_metal_00050__track.npy.npz
bt_gtzan_seed0,direct,gtzan/gtzan_metal_00051/track.npy,gtzan,0.9891304347826088,0.948115035388769,0.948115035388769,0.948115035388769,0.6129032258064516,0.967741935483871,0.6129032258064516,0.967741935483871,0.2692307692307693,0.2530142033421219,0.2530142033421219,0.2530142033421219,0.0,0.0,0.0,0.0,111.0,0.00909090909090909,0.01818181818181818,0.15415067982725833,36.0,0.0,0.0,1.3063242387443963,0.0,/media/mengh/SharedData/zhanh/auto_structbeat/caches/pilot/beat_this_final0_gtzan/gtzan__gtzan_metal_00051__track.npy.npz
bt_gtzan_seed0,direct,gtzan/gtzan_metal_00052/track.npy,gtzan,1.0,0.9113993253055122,0.9113993253055122,0.9113993253055122,0.7424242424242424,0.9848484848484849,0.7424242424242424,0.9848484848484849,0.9696969696969697,0.8951367614101133,0.8951367614101133,0.8951367614101133,0.9411764705882353,0.9411764705882353,0.9411764705882353,0.9411764705882353,80.0,0.0,0.0,0.0540672212702793,21.0,0.0,0.0,0.17667643933695104,0.0,/media/mengh/SharedData/zhanh/auto_structbeat/caches/pilot/beat_this_final0_gtzan/gtzan__gtzan_metal_00052__track.npy.npz
bt_gtzan_seed0,direct,gtzan/gtzan_metal_00053/track.npy,gtzan,0.9615384615384616,0.883970834304503,0.883970834304503,0.883970834304503,0.5192307692307693,0.9230769230769231,0.5192307692307693,0.9230769230769231,0.6666666666666667,0.6288663571705656,0.6288663571705656,0.6288663571705656,0.47058823529411764,0.5,0.47058823529411764,0.5,125.0,0.0,0.024193548387096774,0.18232155679396483,41.0,0.0,0.0,1.232411740693539,0.0,/media/mengh/SharedData/zhanh/auto_structbeat/caches/pilot/beat_this_final0_gtzan/gtzan__gtzan_metal_00053__track.npy.npz
bt_gtzan_seed0,direct,gtzan/gtzan_metal_00054/track.npy,gtzan,0.6666666666666666,0.6115069955369522,0.9172602150029555,0.7643836052699539,0.0,0.0,1.0,1.0,0.0,1.9655269011015625e-07,2.9482903516523436e-07,2.456908626376953e-07,0.0,0.0,1.0,1.0,62.0,0.0,0.0,0.0870113769896279,15.0,0.0,0.0,0.020834086902840408,0.0,/media/mengh/SharedData/zhanh/auto_structbeat/caches/pilot/beat_this_final0_gtzan/gtzan__gtzan_metal_00054__track.npy.npz
bt_gtzan_seed0,direct,gtzan/gtzan_metal_00055/track.npy,gtzan,1.0,0.9645160449235933,0.9645160449235933,0.9645160449235933,1.0,1.0,1.0,1.0,1.0,0.9686958828772837,0.9686958828772837,0.9686958828772837,1.0,1.0,1.0,1.0,85.0,0.0,0.0,0.057158413839957234,21.0,0.0,0.0,0.043802622658392146,0.0,/media/mengh/SharedData/zhanh/auto_structbeat/caches/pilot/beat_this_final0_gtzan/gtzan__gtzan_metal_00055__track.npy.npz
bt_gtzan_seed0,direct,gtzan/gtzan_metal_00056/track.npy,gtzan,1.0,0.9354271218263203,0.9354271218263203,0.9354271218263203,0.6111111111111112,0.9888888888888889,0.6111111111111112,0.9888888888888889,0.6769230769230768,0.6248574583569882,0.6248574583569882,0.6248574583569882,0.047619047619047616,0.047619047619047616,0.047619047619047616,0.047619047619047616,109.0,0.0,0.0,0.14310084364067002,49.0,0.0,0.0,1.380888809469082,0.0,/media/mengh/SharedData/zhanh/auto_structbeat/caches/pilot/beat_this_final0_gtzan/gtzan__gtzan_metal_00056__track.npy.npz
bt_gtzan_seed0,direct,gtzan/gtzan_metal_00057/track.npy,gtzan,1.0,0.9358556755959948,0.9358556755959948,0.9358556755959948,1.0,1.0,1.0,1.0,1.0,0.9126333978382483,0.9126333978382483,0.9126333978382483,1.0,1.0,1.0,1.0,64.0,0.0,0.0,0.04255961441879885,19.0,0.0,0.0,0.15999884670899578,0.0,/media/mengh/SharedData/zhanh/auto_structbeat/caches/pilot/beat_this_final0_gtzan/gtzan__gtzan_metal_00057__track.npy.npz
bt_gtzan_seed0,direct,gtzan/gtzan_metal_00058/track.npy,gtzan,1.0,0.9411130933428922,0.9411130933428922,0.9411130933428922,1.0,1.0,1.0,1.0,1.0,0.9581814793529548,0.9581814793529548,0.9581814793529548,1.0,1.0,1.0,1.0,73.0,0.0,0.0,0.09531017980431444,19.0,0.0,0.0,0.02711688469684022,0.0,/media/mengh/SharedData/zhanh/auto_structbeat/caches/pilot/beat_this_final0_gtzan/gtzan__gtzan_metal_00058__track.npy.npz
bt_gtzan_seed0,direct,gtzan/gtzan_metal_00059/track.npy,gtzan,1.0,0.9202643135701686,0.9202643135701686,0.9202643135701686,1.0,1.0,1.0,1.0,1.0,0.89064471376504,0.89064471376504,0.89064471376504,1.0,1.0,1.0,1.0,49.0,0.0,0.0,0.06453852113757072,12.0,0.0,0.0,0.016260520871780298,0.0,/media/mengh/SharedData/zhanh/auto_structbeat/caches/pilot/beat_this_final0_gtzan/gtzan__gtzan_metal_00059__track.npy.npz
bt_gtzan_seed0,direct,gtzan/gtzan_metal_00060/track.npy,gtzan,1.0,0.9518913140345377,0.9518913140345377,0.9518913140345377,1.0,1.0,1.0,1.0,1.0,0.9683752472837892,0.9683752472837892,0.9683752472837892,1.0,1.0,1.0,1.0,45.0,0.0,0.0,0.06062462181643634,12.0,0.0,0.0,0.019127115532675012,0.0,/media/mengh/SharedData/zhanh/auto_structbeat/caches/pilot/beat_this_final0_gtzan/gtzan__gtzan_metal_00060__track.npy.npz
bt_gtzan_seed0,direct,gtzan/gtzan_metal_00061/track.npy,gtzan,0.9680851063829787,0.9238783201127281,0.9238783201127281,0.9238783201127281,0.5360824742268041,0.8762886597938144,0.5360824742268041,0.8762886597938144,0.9565217391304348,0.9221008014084475,0.9221008014084475,0.9221008014084475,0.5416666666666666,0.875,0.5416666666666666,0.875,115.0,0.043859649122807015,0.10526315789473684,0.3152792210465624,32.0,0.0,0.03225806451612903,1.5923212214027633,0.0,/media/mengh/SharedData/zhanh/auto_structbeat/caches/pilot/beat_this_final0_gtzan/gtzan__gtzan_metal_00061__track.npy.npz
bt_gtzan_seed0,direct,gtzan/gtzan_metal_00062/track.npy,gtzan,1.0,0.9566050651712065,0.9566050651712065,0.9566050651712065,1.0,1.0,1.0,1.0,1.0,0.9319441163729963,0.9319441163729963,0.9319441163729963,1.0,1.0,1.0,1.0,59.0,0.0,0.0,0.07696104113612845,15.0,0.0,0.0,0.028987536873252506,0.0,/media/mengh/SharedData/zhanh/auto_structbeat/caches/pilot/beat_this_final0_gtzan/gtzan__gtzan_metal_00062__track.npy.npz
bt_gtzan_seed0,direct,gtzan/gtzan_metal_00063/track.npy,gtzan,1.0,0.9376596112080171,0.9376596112080171,0.9376596112080171,1.0,1.0,1.0,1.0,1.0,0.9116706401428425,0.9116706401428425,0.9116706401428425,1.0,1.0,1.0,1.0,65.0,0.0,0.0,0.08701137698962788,17.0,0.0,0.0,0.0324352757531543,0.0,/media/mengh/SharedData/zhanh/auto_structbeat/caches/pilot/beat_this_final0_gtzan/gtzan__gtzan_metal_00063__track.npy.npz
bt_gtzan_seed0,direct,gtzan/gtzan_metal_00064/track.npy,gtzan,1.0,0.978644706309384,0.978644706309384,0.978644706309384,1.0,1.0,1.0,1.0,1.0,0.9790302625912236,0.9790302625912236,0.9790302625912236,1.0,1.0,1.0,1.0,47.0,0.0,0.0,0.03174869831458749,12.0,0.0,0.0,0.015748356968139542,0.0,/media/mengh/SharedData/zhanh/auto_structbeat/caches/pilot/beat_this_final0_gtzan/gtzan__gtzan_metal_00064__track.npy.npz
bt_gtzan_seed0,direct,gtzan/gtzan_metal_00065/track.npy,gtzan,0.8807339449541285,0.8251691759253312,0.8251691759253312,0.8251691759253312,0.6333333333333333,0.6333333333333333,0.6333333333333333,0.6333333333333333,0.8275862068965517,0.7860917317734809,0.7860917317734809,0.7860917317734809,0.6875,0.8125,0.6875,0.8125,70.0,0.0,0.0,0.16705408466317256,18.0,0.0,0.0,1.9952550535036968,0.0,/media/mengh/SharedData/zhanh/auto_structbeat/caches/pilot/beat_this_final0_gtzan/gtzan__gtzan_metal_00065__track.npy.npz
bt_gtzan_seed0,direct,gtzan/gtzan_metal_00066/track.npy,gtzan,0.6666666666666666,0.6427372433608658,0.9553369786105066,0.7990371109856862,0.0,0.0,0.98,0.98,0.631578947368421,0.6008274353537261,0.8582798301944462,0.7295536327740861,0.0,0.0,0.8461538461538461,0.8461538461538461,60.0,0.0,0.0,0.040821994520261584,15.0,0.0,0.0,0.020285173042995507,0.0,/media/mengh/SharedData/zhanh/auto_structbeat/caches/pilot/beat_this_final0_gtzan/gtzan__gtzan_metal_00066__track.npy.npz
bt_gtzan_seed0,direct,gtzan/gtzan_metal_00067/track.npy,gtzan,1.0,0.9428917324224291,0.9428917324224291,0.9428917324224291,1.0,1.0,1.0,1.0,1.0,0.9445457854657076,0.9445457854657076,0.9445457854657076,1.0,1.0,1.0,1.0,67.0,0.0,0.0,0.044451762570840825,17.0,0.0,0.0,0.011049836186586027,0.0,/media/mengh/SharedData/zhanh/auto_structbeat/caches/pilot/beat_this_final0_gtzan/gtzan__gtzan_metal_00067__track.npy.npz
bt_gtzan_seed0,direct,gtzan/gtzan_metal_00068/track.npy,gtzan,1.0,0.9664691028573738,0.9664691028573738,0.9664691028573738,1.0,1.0,1.0,1.0,1.0,0.9801711595346932,0.9801711595346932,0.9801711595346932,1.0,1.0,1.0,1.0,83.0,0.0,0.0,0.11122563511022676,20.0,0.0,0.0,0.04328751692896674,0.0,/media/mengh/SharedData/zhanh/auto_structbeat/caches/pilot/beat_this_final0_gtzan/gtzan__gtzan_metal_00068__track.npy.npz
bt_gtzan_seed0,direct,gtzan/gtzan_metal_00069/track.npy,gtzan,1.0,0.9396064484050274,0.9396064484050274,0.9396064484050274,1.0,1.0,1.0,1.0,1.0,0.9302398956110856,0.9302398956110856,0.9302398956110856,1.0,1.0,1.0,1.0,82.0,0.0,0.0,0.057158413839947464,20.0,0.0,0.0,0.04291993081646622,0.0,/media/mengh/SharedData/zhanh/auto_structbeat/caches/pilot/beat_this_final0_gtzan/gtzan__gtzan_metal_00069__track.npy.npz
bt_gtzan_seed0,direct,gtzan/gtzan_metal_00070/track.npy,gtzan,1.0,0.9319703480643127,0.9319703480643127,0.9319703480643127,1.0,1.0,1.0,1.0,1.0,0.9259183913632429,0.9259183913632429,0.9259183913632429,1.0,1.0,1.0,1.0,58.0,0.0,0.0,0.039220713153288234,15.0,0.0,0.0,0.01930605149957314,0.0,/media/mengh/SharedData/zhanh/auto_structbeat/caches/pilot/beat_this_final0_gtzan/gtzan__gtzan_metal_00070__track.npy.npz
bt_gtzan_seed0,direct,gtzan/gtzan_metal_00071/track.npy,gtzan,1.0,0.9430784119786442,0.9430784119786442,0.9430784119786442,1.0,1.0,1.0,1.0,0.9473684210526316,0.8928093627474548,0.8928093627474548,0.8928093627474548,0.8,0.8,0.8,0.8,42.0,0.0,0.0,0.02817087696670073,12.0,0.0,0.0,0.38052423258566065,0.0,/media/mengh/SharedData/zhanh/auto_structbeat/caches/pilot/beat_this_final0_gtzan/gtzan__gtzan_metal_00071__track.npy.npz
bt_gtzan_seed0,direct,gtzan/gtzan_metal_00072/track.npy,gtzan,1.0,0.9681026276401771,0.9681026276401771,0.9681026276401771,1.0,1.0,1.0,1.0,0.9600000000000001,0.9239253524366485,0.9239253524366485,0.9239253524366485,0.8461538461538461,0.8461538461538461,0.8461538461538461,0.8461538461538461,60.0,0.0,0.0,0.04670510149324665,16.0,0.0,0.0,0.25221565540364255,0.0,/media/mengh/SharedData/zhanh/auto_structbeat/caches/pilot/beat_this_final0_gtzan/gtzan__gtzan_metal_00072__track.npy.npz
bt_gtzan_seed0,direct,gtzan/gtzan_metal_00073/track.npy,gtzan,0.673913043478261,0.6299481940307846,0.9285795984018338,0.7792638962163092,0.0,0.0,1.0,1.0,0.6399999999999999,0.6005930807206128,0.875935069628661,0.7382640751746369,0.0,0.0,0.8823529411764706,0.8823529411764706,73.0,0.0,0.0,0.09531017980432288,20.0,0.0,0.0,0.42904297067269037,0.0,/media/mengh/SharedData/zhanh/auto_structbeat/caches/pilot/beat_this_final0_gtzan/gtzan__gtzan_metal_00073__track.npy.npz
bt_gtzan_seed0,direct,gtzan/gtzan_metal_00074/track.npy,gtzan,0.9714285714285714,0.9341235697653634,0.9341235697653634,0.9341235697653634,0.9074074074074074,0.9074074074074074,0.9074074074074074,0.9074074074074074,0.6842105263157895,0.6724385097774273,0.9362998979964648,0.8043692038869461,0.04,0.04,0.6,0.92,67.0,0.0,0.0,0.5160502526111024,33.0,0.0,0.0,0.9010611281318007,0.0,/media/mengh/SharedData/zhanh/auto_structbeat/caches/pilot/beat_this_final0_gtzan/gtzan__gtzan_metal_00074__track.npy.npz
bt_gtzan_seed0,direct,gtzan/gtzan_metal_00075/track.npy,gtzan,1.0,0.9549535183538261,0.9549535183538261,0.9549535183538261,1.0,1.0,1.0,1.0,1.0,0.9862718951577508,0.9862718951577508,0.9862718951577508,1.0,1.0,1.0,1.0,56.0,0.0,0.0,0.03774032798285071,14.0,0.0,0.0,0.019048194970694654,0.0,/media/mengh/SharedData/zhanh/auto_structbeat/caches/pilot/beat_this_final0_gtzan/gtzan__gtzan_metal_00075__track.npy.npz
bt_gtzan_seed0,direct,gtzan/gtzan_metal_00076/track.npy,gtzan,1.0,0.9682243720406919,0.9682243720406919,0.9682243720406919,1.0,1.0,1.0,1.0,0.9655172413793104,0.9170376522787531,0.9170376522787531,0.9170376522787531,0.9333333333333333,0.9333333333333333,0.9333333333333333,0.9333333333333333,70.0,0.0,0.0,0.04879016416943134,18.0,0.0,0.0,0.09440413188137425,0.0,/media/mengh/SharedData/zhanh/auto_structbeat/caches/pilot/beat_this_final0_gtzan/gtzan__gtzan_metal_00076__track.npy.npz
bt_gtzan_seed0,direct,gtzan/gtzan_metal_00077/track.npy,gtzan,0.9919999999999999,0.9042369948656316,0.9042369948656316,0.9042369948656316,0.9841269841269841,0.9841269841269841,0.9841269841269841,0.9841269841269841,1.0,0.9027047433208524,0.9027047433208524,0.9027047433208524,1.0,1.0,1.0,1.0,76.0,0.0,0.0,0.10008345855698196,19.0,0.0,0.0,0.015063286206569017,0.0,/media/mengh/SharedData/zhanh/auto_structbeat/caches/pilot/beat_this_final0_gtzan/gtzan__gtzan_metal_00077__track.npy.npz
bt_gtzan_seed0,direct,gtzan/gtzan_metal_00078/track.npy,gtzan,1.0,0.9666324319308994,0.9666324319308994,0.9666324319308994,1.0,1.0,1.0,1.0,0.6,0.5778373891004829,0.5778373891004829,0.5778373891004829,0.05128205128205128,0.10256410256410256,0.05128205128205128,0.10256410256410256,100.0,0.0,0.0,0.13353139262452274,49.0,0.0,0.0,1.306583411399986,0.0,/media/mengh/SharedData/zhanh/auto_structbeat/caches/pilot/beat_this_final0_gtzan/gtzan__gtzan_metal_00078__track.npy.npz
bt_gtzan_seed0,direct,gtzan/gtzan_metal_00079/track.npy,gtzan,1.0,0.9597904080372088,0.9597904080372088,0.9597904080372088,1.0,1.0,1.0,1.0,1.0,0.9551223205541344,0.9551223205541344,0.9551223205541344,1.0,1.0,1.0,1.0,62.0,0.0,0.0,0.040821994520261584,15.0,0.0,0.0,0.010256500167190107,0.0,/media/mengh/SharedData/zhanh/auto_structbeat/caches/pilot/beat_this_final0_gtzan/gtzan__gtzan_metal_00079__track.npy.npz
bt_gtzan_seed0,direct,gtzan/gtzan_metal_00080/track.npy,gtzan,0.8000000000000002,0.7787201103662449,0.7787201103662449,0.7787201103662449,0.18181818181818182,0.38181818181818183,0.18181818181818182,0.38181818181818183,0.8666666666666666,0.8431366508036336,0.8431366508036336,0.8431366508036336,0.47058823529411764,0.47058823529411764,0.47058823529411764,0.47058823529411764,68.0,0.0,0.0,0.7205461547480609,21.0,0.0,0.0,0.02739897418811278,0.0,/media/mengh/SharedData/zhanh/auto_structbeat/caches/pilot/beat_this_final0_gtzan/gtzan__gtzan_metal_00080__track.npy.npz
bt_gtzan_seed0,direct,gtzan/gtzan_metal_00081/track.npy,gtzan,1.0,0.9150133197072061,0.9150133197072061,0.9150133197072061,1.0,1.0,1.0,1.0,0.8823529411764706,0.7837916482810272,0.7837916482810272,0.7837916482810272,0.5789473684210527,0.5789473684210527,0.5789473684210527,0.5789473684210527,73.0,0.0,0.0,0.051293294387558364,23.0,0.0,0.0,1.1298648321722147,0.0,/media/mengh/SharedData/zhanh/auto_structbeat/caches/pilot/beat_this_final0_gtzan/gtzan__gtzan_metal_00081__track.npy.npz
bt_gtzan_seed0,direct,gtzan/gtzan_metal_00082/track.npy,gtzan,1.0,0.9463187489095657,0.9463187489095657,0.9463187489095657,1.0,1.0,1.0,1.0,1.0,0.969347354140417,0.969347354140417,0.969347354140417,1.0,1.0,1.0,1.0,61.0,0.0,0.0,0.08004270767353472,16.0,0.0,0.0,0.02034851027734516,0.0,/media/mengh/SharedData/zhanh/auto_structbeat/caches/pilot/beat_this_final0_gtzan/gtzan__gtzan_metal_00082__track.npy.npz
bt_gtzan_seed0,direct,gtzan/gtzan_metal_00083/track.npy,gtzan,1.0,0.9585075074622146,0.9585075074622146,0.9585075074622146,1.0,1.0,1.0,1.0,1.0,0.9390259274922085,0.9390259274922085,0.9390259274922085,1.0,1.0,1.0,1.0,59.0,0.0,0.0,0.07696104113612845,15.0,0.0,0.0,0.02927038230011294,0.0,/media/mengh/SharedData/zhanh/auto_structbeat/caches/pilot/beat_this_final0_gtzan/gtzan__gtzan_metal_00083__track.npy.npz
bt_gtzan_seed0,direct,gtzan/gtzan_metal_00084/track.npy,gtzan,0.9919999999999999,0.9122846503479296,0.9122846503479296,0.9122846503479296,0.9841269841269841,0.9841269841269841,0.9841269841269841,0.9841269841269841,0.967741935483871,0.8672305871663382,0.8672305871663382,0.8672305871663382,0.9375,0.9375,0.9375,0.9375,75.0,0.0,0.0,0.04979141625667987,20.0,0.0,0.0,0.12892707584715174,0.0,/media/mengh/SharedData/zhanh/auto_structbeat/caches/pilot/beat_this_final0_gtzan/gtzan__gtzan_metal_00084__track.npy.npz
bt_gtzan_seed0,direct,gtzan/gtzan_metal_00085/track.npy,gtzan,1.0,0.9097517814449155,0.9097517814449155,0.9097517814449155,1.0,1.0,1.0,1.0,1.0,0.8683303176042466,0.8683303176042466,0.8683303176042466,1.0,1.0,1.0,1.0,51.0,0.0,0.0,0.03390155167568665,12.0,0.0,0.0,0.030393873857639562,0.0,/media/mengh/SharedData/zhanh/auto_structbeat/caches/pilot/beat_this_final0_gtzan/gtzan__gtzan_metal_00085__track.npy.npz
bt_gtzan_seed0,direct,gtzan/gtzan_metal_00086/track.npy,gtzan,1.0,0.9407279003365027,0.9407279003365027,0.9407279003365027,1.0,1.0,1.0,1.0,1.0,0.9295281379903592,0.9295281379903592,0.9295281379903592,1.0,1.0,1.0,1.0,61.0,0.0,0.0,0.04082199452025829,15.0,0.0,0.0,0.02040887163120699,0.0,/media/mengh/SharedData/zhanh/auto_structbeat/caches/pilot/beat_this_final0_gtzan/gtzan__gtzan_metal_00086__track.npy.npz
bt_gtzan_seed0,direct,gtzan/gtzan_metal_00087/track.npy,gtzan,1.0,0.9527269855514101,0.9527269855514101,0.9527269855514101,1.0,1.0,1.0,1.0,0.9302325581395349,0.8807879220620447,0.8807879220620447,0.8807879220620447,0.6956521739130435,0.6956521739130435,0.6956521739130435,0.6956521739130435,96.0,0.0,0.0,0.12516314295400344,29.0,0.0,0.0,1.254689971633917,0.0,/media/mengh/SharedData/zhanh/auto_structbeat/caches/pilot/beat_this_final0_gtzan/gtzan__gtzan_metal_00087__track.npy.npz
bt_gtzan_seed0,direct,gtzan/gtzan_metal_00088/track.npy,gtzan,1.0,0.9215616526934666,0.9215616526934666,0.9215616526934666,1.0,1.0,1.0,1.0,1.0,0.896315041955913,0.896315041955913,0.896315041955913,1.0,1.0,1.0,1.0,58.0,0.0,0.0,0.07696104113612678,15.0,0.0,0.0,0.01960847138837709,0.0,/media/mengh/SharedData/zhanh/auto_structbeat/caches/pilot/beat_this_final0_gtzan/gtzan__gtzan_metal_00088__track.npy.npz
bt_gtzan_seed0,direct,gtzan/gtzan_metal_00089/track.npy,gtzan,0.6736842105263158,0.6252465047082041,0.9366348401599224,0.7809406724340633,0.0,0.0,1.0,1.0,0.6666666666666666,0.6031706581128071,0.8965167584865178,0.7498437082996625,0.0,0.0,0.9375,0.9375,76.0,0.0,0.0,0.10008345855698275,19.0,0.0,0.0,0.05064373281875606,0.0,/media/mengh/SharedData/zhanh/auto_structbeat/caches/pilot/beat_this_final0_gtzan/gtzan__gtzan_metal_00089__track.npy.npz
bt_gtzan_seed0,direct,gtzan/gtzan_metal_00090/track.npy,gtzan,1.0,0.9121673363002464,0.9121673363002464,0.9121673363002464,1.0,1.0,1.0,1.0,1.0,0.9079289621317495,0.9079289621317495,0.9079289621317495,1.0,1.0,1.0,1.0,89.0,0.0,0.0,0.060624621816438795,23.0,0.0,0.0,0.02941388520629351,0.0,/media/mengh/SharedData/zhanh/auto_structbeat/caches/pilot/beat_this_final0_gtzan/gtzan__gtzan_metal_00090__track.npy.npz
bt_gtzan_seed0,direct,gtzan/gtzan_metal_00091/track.npy,gtzan,1.0,0.9363344027200008,0.9363344027200008,0.9363344027200008,1.0,1.0,1.0,1.0,1.0,0.9362964303703766,0.9362964303703766,0.9362964303703766,1.0,1.0,1.0,1.0,68.0,0.0,0.0,0.09097177820572866,17.0,0.0,0.0,0.034289073478633414,0.0,/media/mengh/SharedData/zhanh/auto_structbeat/caches/pilot/beat_this_final0_gtzan/gtzan__gtzan_metal_00091__track.npy.npz
bt_gtzan_seed0,direct,gtzan/gtzan_metal_00092/track.npy,gtzan,0.9649122807017544,0.9369745693530209,0.9369745693530209,0.9369745693530209,0.49122807017543857,0.9473684210526315,0.49122807017543857,0.9473684210526315,0.42857142857142855,0.4027791547566228,0.4027791547566228,0.4027791547566228,0.42857142857142855,0.42857142857142855,0.42857142857142855,0.42857142857142855,67.0,0.0,0.0,0.057158413839957234,17.0,0.0,0.0,0.38803608409254364,0.0,/media/mengh/SharedData/zhanh/auto_structbeat/caches/pilot/beat_this_final0_gtzan/gtzan__gtzan_metal_00092__track.npy.npz
bt_gtzan_seed0,direct,gtzan/gtzan_metal_00093/track.npy,gtzan,1.0,0.9512176364608638,0.9512176364608638,0.9512176364608638,1.0,1.0,1.0,1.0,1.0,0.9424208582602149,0.9424208582602149,0.9424208582602149,1.0,1.0,1.0,1.0,86.0,0.0,0.0,0.1177830356563853,21.0,0.0,0.0,0.01576695140355902,0.0,/media/mengh/SharedData/zhanh/auto_structbeat/caches/pilot/beat_this_final0_gtzan/gtzan__gtzan_metal_00093__track.npy.npz
bt_gtzan_seed0,direct,gtzan/gtzan_metal_00094/track.npy,gtzan,0.6808510638297872,0.5485878907580027,0.5711583807032579,0.5598731357306304,0.4266666666666667,0.5466666666666666,0.4266666666666667,0.5466666666666666,0.7058823529411765,0.5117187362967421,0.5117187362967421,0.5117187362967421,0.6666666666666666,0.8888888888888888,0.6666666666666666,0.8888888888888888,89.0,0.045454545454545456,0.11363636363636363,0.7309942354491415,22.0,0.047619047619047616,0.09523809523809523,2.4291976127917216,0.0,/media/mengh/SharedData/zhanh/auto_structbeat/caches/pilot/beat_this_final0_gtzan/gtzan__gtzan_metal_00094__track.npy.npz
bt_gtzan_seed0,direct,gtzan/gtzan_metal_00095/track.npy,gtzan,0.6236559139784946,0.5381376068746232,0.7522083209067542,0.6451729638906887,0.01639344262295082,0.03278688524590164,0.36507936507936506,0.8412698412698413,0.5833333333333334,0.49669269946921263,0.7527186387433416,0.6247056691062771,0.0,0.0,0.9375,0.9375,72.0,0.0,0.0,0.6931471805599448,19.0,0.0,0.0,0.02564243061333704,0.0,/media/mengh/SharedData/zhanh/auto_structbeat/caches/pilot/beat_this_final0_gtzan/gtzan__gtzan_metal_00095__track.npy.npz
bt_gtzan_seed0,direct,gtzan/gtzan_metal_00096/track.npy,gtzan,0.8266666666666665,0.7405542283189983,0.7405542283189983,0.7405542283189983,0.6842105263157895,0.6842105263157895,0.6842105263157895,0.6842105263157895,0.6666666666666666,0.6134842308288303,0.6134842308288303,0.6134842308288303,0.2727272727272727,0.45454545454545453,0.2727272727272727,0.45454545454545453,52.0,0.0,0.058823529411764705,0.709090325840234,14.0,0.0,0.0,0.7162027773204882,0.0,/media/mengh/SharedData/zhanh/auto_structbeat/caches/pilot/beat_this_final0_gtzan/gtzan__gtzan_metal_00096__track.npy.npz
bt_gtzan_seed0,direct,gtzan/gtzan_metal_00097/track.npy,gtzan,1.0,0.9248274405214127,0.9248274405214127,0.9248274405214127,1.0,1.0,1.0,1.0,1.0,0.9225730883796727,0.9225730883796727,0.9225730883796727,1.0,1.0,1.0,1.0,41.0,0.0,0.0,0.07796154146971018,12.0,0.0,0.0,0.45217405864517657,0.0,/media/mengh/SharedData/zhanh/auto_structbeat/caches/pilot/beat_this_final0_gtzan/gtzan__gtzan_metal_00097__track.npy.npz
bt_gtzan_seed0,direct,gtzan/gtzan_metal_00098/track.npy,gtzan,1.0,0.9686126921692181,0.9686126921692181,0.9686126921692181,1.0,1.0,1.0,1.0,1.0,0.9838015204212307,0.9838015204212307,0.9838015204212307,1.0,1.0,1.0,1.0,39.0,0.0,0.0,0.05264373348542556,10.0,0.0,0.0,0.01716727424149976,0.0,/media/mengh/SharedData/zhanh/auto_structbeat/caches/pilot/beat_this_final0_gtzan/gtzan__gtzan_metal_00098__track.npy.npz
bt_gtzan_seed0,direct,gtzan/gtzan_metal_00099/track.npy,gtzan,1.0,0.8605917696487195,0.8605917696487195,0.8605917696487195,1.0,1.0,1.0,1.0,0.6956521739130436,0.5617472243774081,0.8574885956052115,0.7096179099913098,0.0,0.0,1.0,1.0,36.0,0.0,0.0,0.033553845384870634,17.0,0.0,0.0,0.02448180096402374,0.0,/media/mengh/SharedData/zhanh/auto_structbeat/caches/pilot/beat_this_final0_gtzan/gtzan__gtzan_metal_00099__track.npy.npz
bt_gtzan_seed0,direct,gtzan/gtzan_pop_00000/track.npy,gtzan,1.0,0.9630363167904502,0.9630363167904502,0.9630363167904502,1.0,1.0,1.0,1.0,1.0,0.9725079836192793,0.9725079836192793,0.9725079836192793,1.0,1.0,1.0,1.0,33.0,0.0,0.0,0.044451762570833386,8.0,0.0,0.0,0.005540180375616155,0.0,/media/mengh/SharedData/zhanh/auto_structbeat/caches/pilot/beat_this_final0_gtzan/gtzan__gtzan_pop_00000__track.npy.npz
bt_gtzan_seed0,direct,gtzan/gtzan_pop_00001/track.npy,gtzan,0.9887640449438202,0.9017318188580353,0.9017318188580353,0.9017318188580353,0.9777777777777777,0.9777777777777777,0.9777777777777777,0.9777777777777777,0.9565217391304348,0.8729260424305517,0.8729260424305517,0.8729260424305517,0.9166666666666666,0.9166666666666666,0.9166666666666666,0.9166666666666666,54.0,0.0,0.0,0.035091319811275556,14.0,0.0,0.0,0.008810629682155435,0.0,/media/mengh/SharedData/zhanh/auto_structbeat/caches/pilot/beat_this_final0_gtzan/gtzan__gtzan_pop_00001__track.npy.npz
bt_gtzan_seed0,direct,gtzan/gtzan_pop_00002/track.npy,gtzan,1.0,0.9802537321225295,0.9802537321225295,0.9802537321225295,1.0,1.0,1.0,1.0,1.0,0.9710216658791212,0.9710216658791212,0.9710216658791212,1.0,1.0,1.0,1.0,63.0,0.0,0.0,0.083381608939051,16.0,0.0,0.0,0.010471299867295747,0.0,/media/mengh/SharedData/zhanh/auto_structbeat/caches/pilot/beat_this_final0_gtzan/gtzan__gtzan_pop_00002__track.npy.npz
bt_gtzan_seed0,direct,gtzan/gtzan_pop_00003/track.npy,gtzan,0.9870129870129869,0.9087359092561499,0.9087359092561499,0.9087359092561499,0.9743589743589743,0.9743589743589743,0.9743589743589743,0.9743589743589743,0.9473684210526316,0.8454098939771263,0.8454098939771263,0.8454098939771263,0.9,0.9,0.9,0.9,46.0,0.0,0.0,0.030771658666758572,11.0,0.0,0.0,0.012319769741250994,0.0,/media/mengh/SharedData/zhanh/auto_structbeat/caches/pilot/beat_this_final0_gtzan/gtzan__gtzan_pop_00003__track.npy.npz
bt_gtzan_seed0,direct,gtzan/gtzan_pop_00004/track.npy,gtzan,1.0,0.953989965719199,0.953989965719199,0.953989965719199,1.0,1.0,1.0,1.0,1.0,0.9509791219076702,0.9509791219076702,0.9509791219076702,1.0,1.0,1.0,1.0,40.0,0.0,0.0,0.026668247082165475,10.0,0.0,0.0,0.006688988150796327,0.0,/media/mengh/SharedData/zhanh/auto_structbeat/caches/pilot/beat_this_final0_gtzan/gtzan__gtzan_pop_00004__track.npy.npz
bt_gtzan_seed0,direct,gtzan/gtzan_pop_00005/track.npy,gtzan,1.0,0.91391622235215,0.91391622235215,0.91391622235215,1.0,1.0,1.0,1.0,1.0,0.8991877873377953,0.8991877873377953,0.8991877873377953,1.0,1.0,1.0,1.0,42.0,0.0,0.0,0.030396080721587053,11.0,0.0,0.0,0.014184634991956768,0.0,/media/mengh/SharedData/zhanh/auto_structbeat/caches/pilot/beat_this_final0_gtzan/gtzan__gtzan_pop_00005__track.npy.npz
bt_gtzan_seed0,direct,gtzan/gtzan_pop_00006/track.npy,gtzan,0.9870129870129869,0.9457530758749785,0.9457530758749785,0.9457530758749785,0.9743589743589743,0.9743589743589743,0.9743589743589743,0.9743589743589743,0.9473684210526316,0.895519101950952,0.895519101950952,0.895519101950952,0.9,0.9,0.9,0.9,46.0,0.0,0.0,0.030771658666758156,11.0,0.0,0.0,0.0077220460939112275,0.0,/media/mengh/SharedData/zhanh/auto_structbeat/caches/pilot/beat_this_final0_gtzan/gtzan__gtzan_pop_00006__track.npy.npz
bt_gtzan_seed0,direct,gtzan/gtzan_pop_00007/track.npy,gtzan,1.0,0.9409240257421702,0.9409240257421702,0.9409240257421702,1.0,1.0,1.0,1.0,1.0,0.917043106163601,0.917043106163601,0.917043106163601,1.0,1.0,1.0,1.0,32.0,0.0,0.0,0.05464801311412341,8.0,0.0,0.0,0.015831465216679996,0.0,/media/mengh/SharedData/zhanh/auto_structbeat/caches/pilot/beat_this_final0_gtzan/gtzan__gtzan_pop_00007__track.npy.npz
bt_gtzan_seed0,direct,gtzan/gtzan_pop_00008/track.npy,gtzan,1.0,0.981793675984156,0.981793675984156,0.981793675984156,1.0,1.0,1.0,1.0,1.0,0.984938491353697,0.984938491353697,0.984938491353697,1.0,1.0,1.0,1.0,42.0,0.0,0.0,0.0295408256761061,10.0,0.0,0.0,0.0070175726586469865,0.0,/media/mengh/SharedData/zhanh/auto_structbeat/caches/pilot/beat_this_final0_gtzan/gtzan__gtzan_pop_00008__track.npy.npz
bt_gtzan_seed0,direct,gtzan/gtzan_pop_00009/track.npy,gtzan,0.9885057471264368,0.9638592125123604,0.9638592125123604,0.9638592125123604,0.9772727272727273,0.9772727272727273,0.9772727272727273,0.9772727272727273,0.9523809523809523,0.9427747537146071,0.9427747537146071,0.9427747537146071,0.9090909090909091,0.9090909090909091,0.9090909090909091,0.9090909090909091,52.0,0.0,0.0,0.07145896398214437,14.0,0.0,0.0,0.1417456066648804,0.0,/media/mengh/SharedData/zhanh/auto_structbeat/caches/pilot/beat_this_final0_gtzan/gtzan__gtzan_pop_00009__track.npy.npz
bt_gtzan_seed0,direct,gtzan/gtzan_pop_00010/track.npy,gtzan,0.9887640449438202,0.9172683447194508,0.9172683447194508,0.9172683447194508,0.9777777777777777,0.9777777777777777,0.9777777777777777,0.9777777777777777,1.0,0.9448179947407662,0.9448179947407662,0.9448179947407662,1.0,1.0,1.0,1.0,53.0,0.0,0.0,0.07145896398214585,13.0,0.0,0.0,0.013373282408625953,0.0,/media/mengh/SharedData/zhanh/auto_structbeat/caches/pilot/beat_this_final0_gtzan/gtzan__gtzan_pop_00010__track.npy.npz
bt_gtzan_seed0,direct,gtzan/gtzan_pop_00011/track.npy,gtzan,0.17241379310344826,0.1383927972113959,0.17391417848875163,0.15615348785007377,0.09090909090909091,0.15151515151515152,0.09090909090909091,0.15151515151515152,0.0,0.010607934495763775,0.013259918119704719,0.011933926307734247,0.2222222222222222,0.2222222222222222,0.2222222222222222,0.2222222222222222,40.0,0.0,0.0,0.26275439559543934,11.0,0.0,0.0,1.333110744814172,0.0,/media/mengh/SharedData/zhanh/auto_structbeat/caches/pilot/beat_this_final0_gtzan/gtzan__gtzan_pop_00011__track.npy.npz
bt_gtzan_seed0,direct,gtzan/gtzan_pop_00012/track.npy,gtzan,0.963855421686747,0.7733234839857481,0.7733234839857481,0.7733234839857481,0.9761904761904762,0.9761904761904762,0.9761904761904762,0.9761904761904762,0.962962962962963,0.8137354711608403,0.8137354711608403,0.8137354711608403,0.9285714285714286,0.9285714285714286,0.9285714285714286,0.9285714285714286,50.0,0.0,0.0,0.06669137449867074,17.0,0.0,0.0,0.02205217573855528,0.0,/media/mengh/SharedData/zhanh/auto_structbeat/caches/pilot/beat_this_final0_gtzan/gtzan__gtzan_pop_00012__track.npy.npz
bt_gtzan_seed0,direct,gtzan/gtzan_pop_00013/track.npy,gtzan,1.0,0.9581761865753076,0.9581761865753076,0.9581761865753076,1.0,1.0,1.0,1.0,1.0,0.9315429415378336,0.9315429415378336,0.9315429415378336,1.0,1.0,1.0,1.0,36.0,0.0,0.0,0.024097551579062137,9.0,0.0,0.0,0.01197619104671548,0.0,/media/mengh/SharedData/zhanh/auto_structbeat/caches/pilot/beat_this_final0_gtzan/gtzan__gtzan_pop_00013__track.npy.npz
bt_gtzan_seed0,direct,gtzan/gtzan_pop_00014/track.npy,gtzan,0.9896907216494846,0.966427172756212,0.966427172756212,0.966427172756212,0.9795918367346939,0.9795918367346939,0.9795918367346939,0.9795918367346939,1.0,0.9692780844326666,0.9692780844326666,0.9692780844326666,1.0,1.0,1.0,1.0,58.0,0.0,0.0,0.03922071315328088,14.0,0.0,0.0,0.009661910911738403,0.0,/media/mengh/SharedData/zhanh/auto_structbeat/caches/pilot/beat_this_final0_gtzan/gtzan__gtzan_pop_00014__track.npy.npz
bt_gtzan_seed0,direct,gtzan/gtzan_pop_00015/track.npy,gtzan,1.0,0.935522493736795,0.935522493736795,0.935522493736795,1.0,1.0,1.0,1.0,1.0,0.9618376217371477,0.9618376217371477,0.9618376217371477,1.0,1.0,1.0,1.0,52.0,0.0,0.0,0.0689928714869561,13.0,0.0,0.0,0.008658062743116257,0.0,/media/mengh/SharedData/zhanh/auto_structbeat/caches/pilot/beat_this_final0_gtzan/gtzan__gtzan_pop_00015__track.npy.npz
bt_gtzan_seed0,direct,gtzan/gtzan_pop_00016/track.npy,gtzan,0.9782608695652174,0.8603688027166667,0.8603688027166667,0.8603688027166667,1.0,1.0,1.0,1.0,1.0,0.9330176705829939,0.9330176705829939,0.9330176705829939,1.0,1.0,1.0,1.0,55.0,0.0,0.0,0.037740327982846635,14.0,0.0,0.0,0.018349138668196197,0.0,/media/mengh/SharedData/zhanh/auto_structbeat/caches/pilot/beat_this_final0_gtzan/gtzan__gtzan_pop_00016__track.npy.npz
bt_gtzan_seed0,direct,gtzan/gtzan_pop_00017/track.npy,gtzan,0.9782608695652174,0.860655027576719,0.860655027576719,0.860655027576719,0.9782608695652174,0.9782608695652174,0.9782608695652174,0.9782608695652174,1.0,0.8541850374315735,0.8541850374315735,0.8541850374315735,1.0,1.0,1.0,1.0,56.0,0.0,0.0,0.08638993408766657,14.0,0.0,0.0,0.02670109135467261,0.0,/media/mengh/SharedData/zhanh/auto_structbeat/caches/pilot/beat_this_final0_gtzan/gtzan__gtzan_pop_00017__track.npy.npz
bt_gtzan_seed0,direct,gtzan/gtzan_pop_00018/track.npy,gtzan,1.0,0.9777145456534778,0.9777145456534778,0.9777145456534778,1.0,1.0,1.0,1.0,1.0,0.9699117550621238,0.9699117550621238,0.9699117550621238,1.0,1.0,1.0,1.0,61.0,0.0,0.0,0.040821994520261584,15.0,0.0,0.0,0.010152371464019061,0.0,/media/mengh/SharedData/zhanh/auto_structbeat/caches/pilot/beat_this_final0_gtzan/gtzan__gtzan_pop_00018__track.npy.npz
bt_gtzan_seed0,direct,gtzan/gtzan_pop_00019/track.npy,gtzan,1.0,0.9272578178201988,0.9272578178201988,0.9272578178201988,1.0,1.0,1.0,1.0,1.0,0.9014725594479648,0.9014725594479648,0.9014725594479648,1.0,1.0,1.0,1.0,47.0,0.0,0.0,0.030771658666758572,12.0,0.0,0.0,0.007782140442055052,0.0,/media/mengh/SharedData/zhanh/auto_structbeat/caches/pilot/beat_this_final0_gtzan/gtzan__gtzan_pop_00019__track.npy.npz
bt_gtzan_seed0,direct,gtzan/gtzan_pop_00020/track.npy,gtzan,1.0,0.9341453337823403,0.9341453337823403,0.9341453337823403,1.0,1.0,1.0,1.0,1.0,0.951769532767941,0.951769532767941,0.951769532767941,1.0,1.0,1.0,1.0,54.0,0.0,0.0,0.07145896398214968,13.0,0.0,0.0,0.008968669982761801,0.0,/media/mengh/SharedData/zhanh/auto_structbeat/caches/pilot/beat_this_final0_gtzan/gtzan__gtzan_pop_00020__track.npy.npz
bt_gtzan_seed0,direct,gtzan/gtzan_pop_00021/track.npy,gtzan,0.988235294117647,0.9069502666362671,0.9069502666362671,0.9069502666362671,0.9767441860465116,0.9767441860465116,0.9767441860465116,0.9767441860465116,1.0,0.9155011932930581,0.9155011932930581,0.9155011932930581,1.0,1.0,1.0,1.0,50.0,0.0,0.0,0.05563135535808028,13.0,0.0,0.0,0.01694955831377326,0.0,/media/mengh/SharedData/zhanh/auto_structbeat/caches/pilot/beat_this_final0_gtzan/gtzan__gtzan_pop_00021__track.npy.npz
bt_gtzan_seed0,direct,gtzan/gtzan_pop_00022/track.npy,gtzan,1.0,0.7990385978574934,0.7990385978574934,0.7990385978574934,1.0,1.0,1.0,1.0,1.0,0.7509906704258694,0.7509906704258694,0.7509906704258694,1.0,1.0,1.0,1.0,52.0,0.0,0.0,0.035091319811275556,13.0,0.0,0.0,0.008658062743115591,0.0,/media/mengh/SharedData/zhanh/auto_structbeat/caches/pilot/beat_this_final0_gtzan/gtzan__gtzan_pop_00022__track.npy.npz
bt_gtzan_seed0,direct,gtzan/gtzan_pop_00023/track.npy,gtzan,1.0,0.9285822104998176,0.9285822104998176,0.9285822104998176,1.0,1.0,1.0,1.0,1.0,0.8921262021805396,0.8921262021805396,0.8921262021805396,1.0,1.0,1.0,1.0,52.0,0.0,0.0,0.03390155167568665,13.0,0.0,0.0,0.008583743691392087,0.0,/media/mengh/SharedData/zhanh/auto_structbeat/caches/pilot/beat_this_final0_gtzan/gtzan__gtzan_pop_00023__track.npy.npz
bt_gtzan_seed0,direct,gtzan/gtzan_pop_00024/track.npy,gtzan,1.0,0.9457302558964065,0.9457302558964065,0.9457302558964065,1.0,1.0,1.0,1.0,1.0,0.9349875932594393,0.9349875932594393,0.9349875932594393,1.0,1.0,1.0,1.0,59.0,0.0,0.0,0.03922071315328459,15.0,0.0,0.0,0.00975617494536618,0.0,/media/mengh/SharedData/zhanh/auto_structbeat/caches/pilot/beat_this_final0_gtzan/gtzan__gtzan_pop_00024__track.npy.npz
bt_gtzan_seed0,direct,gtzan/gtzan_pop_00025/track.npy,gtzan,1.0,0.9794564897637918,0.9794564897637918,0.9794564897637918,1.0,1.0,1.0,1.0,1.0,0.9742823786231373,0.9742823786231373,0.9742823786231373,1.0,1.0,1.0,1.0,38.0,0.0,0.0,0.024848911438851054,9.0,0.0,0.0,4.440892098500626e-16,0.0,/media/mengh/SharedData/zhanh/auto_structbeat/caches/pilot/beat_this_final0_gtzan/gtzan__gtzan_pop_00025__track.npy.npz
bt_gtzan_seed0,direct,gtzan/gtzan_pop_00026/track.npy,gtzan,0.9841269841269841,0.9657000986058492,0.9657000986058492,0.9657000986058492,0.96875,0.96875,0.96875,0.96875,0.9411764705882353,0.9180902315989424,0.9180902315989424,0.9180902315989424,0.8888888888888888,0.8888888888888888,0.8888888888888888,0.8888888888888888,38.0,0.0,0.0,0.02531780798429384,12.0,0.0,0.0,0.3822135574638643,0.0,/media/mengh/SharedData/zhanh/auto_structbeat/caches/pilot/beat_this_final0_gtzan/gtzan__gtzan_pop_00026__track.npy.npz
bt_gtzan_seed0,direct,gtzan/gtzan_pop_00027/track.npy,gtzan,1.0,0.9775760634268307,0.9775760634268307,0.9775760634268307,1.0,1.0,1.0,1.0,1.0,0.9834063624792763,0.9834063624792763,0.9834063624792763,1.0,1.0,1.0,1.0,42.0,0.0,0.0,0.02817087696670073,10.0,0.0,0.0,0.007017572658647419,0.0,/media/mengh/SharedData/zhanh/auto_structbeat/caches/pilot/beat_this_final0_gtzan/gtzan__gtzan_pop_00027__track.npy.npz
bt_gtzan_seed0,direct,gtzan/gtzan_pop_00028/track.npy,gtzan,1.0,0.9602496745986147,0.9602496745986147,0.9602496745986147,1.0,1.0,1.0,1.0,1.0,0.9584774212824325,0.9584774212824325,0.9584774212824325,1.0,1.0,1.0,1.0,51.0,0.0,0.0,0.03390155167568665,13.0,0.0,0.0,0.00843886864586535,0.0,/media/mengh/SharedData/zhanh/auto_structbeat/caches/pilot/beat_this_final0_gtzan/gtzan__gtzan_pop_00028__track.npy.npz
bt_gtzan_seed0,direct,gtzan/gtzan_pop_00029/track.npy,gtzan,1.0,0.9616833575318066,0.9616833575318066,0.9616833575318066,1.0,1.0,1.0,1.0,1.0,0.9296367660883246,0.9296367660883246,0.9296367660883246,1.0,1.0,1.0,1.0,40.0,0.0,0.0,0.026668247082165475,10.0,0.0,0.0,0.01333353086946546,0.0,/media/mengh/SharedData/zhanh/auto_structbeat/caches/pilot/beat_this_final0_gtzan/gtzan__gtzan_pop_00029__track.npy.npz
bt_gtzan_seed0,direct,gtzan/gtzan_pop_00030/track.npy,gtzan,1.0,0.9508098246092966,0.9508098246092966,0.9508098246092966,1.0,1.0,1.0,1.0,1.0,0.9582846785700638,0.9582846785700638,0.9582846785700638,1.0,1.0,1.0,1.0,48.0,0.0,0.0,0.03174869831458238,12.0,0.0,0.0,0.007905179507112853,0.0,/media/mengh/SharedData/zhanh/auto_structbeat/caches/pilot/beat_this_final0_gtzan/gtzan__gtzan_pop_00030__track.npy.npz
bt_gtzan_seed0,direct,gtzan/gtzan_pop_00031/track.npy,gtzan,1.0,0.8740849318753409,0.8740849318753409,0.8740849318753409,1.0,1.0,1.0,1.0,1.0,0.8760085833341421,0.8760085833341421,0.8760085833341421,1.0,1.0,1.0,1.0,48.0,0.0,0.0,0.03174869831458238,12.0,0.0,0.0,0.00790517950711378,0.0,/media/mengh/SharedData/zhanh/auto_structbeat/caches/pilot/beat_this_final0_gtzan/gtzan__gtzan_pop_00031__track.npy.npz
bt_gtzan_seed0,direct,gtzan/gtzan_pop_00032/track.npy,gtzan,1.0,0.9235875549248433,0.9235875549248433,0.9235875549248433,1.0,1.0,1.0,1.0,1.0,0.8968159608914812,0.8968159608914812,0.8968159608914812,1.0,1.0,1.0,1.0,48.0,0.0,0.0,0.031748698314585266,12.0,0.0,0.0,0.007905179507113797,0.0,/media/mengh/SharedData/zhanh/auto_structbeat/caches/pilot/beat_this_final0_gtzan/gtzan__gtzan_pop_00032__track.npy.npz
bt_gtzan_seed0,direct,gtzan/gtzan_pop_00033/track.npy,gtzan,0.5853658536585366,0.5398966449480341,0.5748263071682316,0.5573614760581329,0.6097560975609756,0.6097560975609756,0.6097560975609756,0.6097560975609756,0.5454545454545454,0.5190651519957666,0.5190651519957666,0.5190651519957666,1.0,1.0,1.0,1.0,50.0,0.0,0.0,0.055214936510628136,13.0,0.0,0.0,0.012517651077863567,0.0,/media/mengh/SharedData/zhanh/auto_structbeat/caches/pilot/beat_this_final0_gtzan/gtzan__gtzan_pop_00033__track.npy.npz
bt_gtzan_seed0,direct,gtzan/gtzan_pop_00034/track.npy,gtzan,0.9873417721518987,0.9646343003733541,0.9646343003733541,0.9646343003733541,0.975,0.975,0.975,0.975,1.0,0.9762117967711585,0.9762117967711585,0.9762117967711585,1.0,1.0,1.0,1.0,48.0,0.0,0.0,0.03174869831458238,12.0,0.0,0.0,6.661338147750939e-16,0.0,/media/mengh/SharedData/zhanh/auto_structbeat/caches/pilot/beat_this_final0_gtzan/gtzan__gtzan_pop_00034__track.npy.npz
bt_gtzan_seed0,direct,gtzan/gtzan_pop_00035/track.npy,gtzan,1.0,0.9375876932266195,0.9375876932266195,0.9375876932266195,1.0,1.0,1.0,1.0,1.0,0.9507226302820321,0.9507226302820321,0.9507226302820321,1.0,1.0,1.0,1.0,54.0,0.0,0.0,0.07145896398213997,13.0,0.0,0.0,0.013534170511296129,0.0,/media/mengh/SharedData/zhanh/auto_structbeat/caches/pilot/beat_this_final0_gtzan/gtzan__gtzan_pop_00035__track.npy.npz
bt_gtzan_seed0,direct,gtzan/gtzan_pop_00036/track.npy,gtzan,1.0,0.9374082862743104,0.9374082862743104,0.9374082862743104,1.0,1.0,1.0,1.0,1.0,0.9422705791918353,0.9422705791918353,0.9422705791918353,1.0,1.0,1.0,1.0,49.0,0.0,0.0,0.032789822822996084,12.0,0.0,0.0,0.008163310639161902,0.0,/media/mengh/SharedData/zhanh/auto_structbeat/caches/pilot/beat_this_final0_gtzan/gtzan__gtzan_pop_00036__track.npy.npz
bt_gtzan_seed0,direct,gtzan/gtzan_pop_00037/track.npy,gtzan,1.0,0.9192439969380957,0.9192439969380957,0.9192439969380957,1.0,1.0,1.0,1.0,1.0,0.9545675960441952,0.9545675960441952,0.9545675960441952,1.0,1.0,1.0,1.0,52.0,0.0,0.0,0.06899287148695299,13.0,0.0,0.0,0.008658062743115202,0.0,/media/mengh/SharedData/zhanh/auto_structbeat/caches/pilot/beat_this_final0_gtzan/gtzan__gtzan_pop_00037__track.npy.npz
bt_gtzan_seed0,direct,gtzan/gtzan_pop_00038/track.npy,gtzan,1.0,0.9263307567216651,0.9263307567216651,0.9263307567216651,1.0,1.0,1.0,1.0,1.0,0.9187779046887832,0.9187779046887832,0.9187779046887832,1.0,1.0,1.0,1.0,47.0,0.0,0.0,0.030771658666755797,11.0,0.0,0.0,0.007782140442055718,0.0,/media/mengh/SharedData/zhanh/auto_structbeat/caches/pilot/beat_this_final0_gtzan/gtzan__gtzan_pop_00038__track.npy.npz
bt_gtzan_seed0,direct,gtzan/gtzan_pop_00039/track.npy,gtzan,1.0,0.9399202041365166,0.9399202041365166,0.9399202041365166,1.0,1.0,1.0,1.0,1.0,0.9408205808606829,0.9408205808606829,0.9408205808606829,1.0,1.0,1.0,1.0,41.0,0.0,0.0,0.05556985115481089,11.0,0.0,0.0,0.00692044284457447,0.0,/media/mengh/SharedData/zhanh/auto_structbeat/caches/pilot/beat_this_final0_gtzan/gtzan__gtzan_pop_00039__track.npy.npz
bt_gtzan_seed0,direct,gtzan/gtzan_pop_00040/track.npy,gtzan,1.0,0.9548218283984121,0.9548218283984121,0.9548218283984121,1.0,1.0,1.0,1.0,1.0,0.9458921274288706,0.9458921274288706,0.9458921274288706,1.0,1.0,1.0,1.0,32.0,0.0,0.0,0.04348511193974177,8.0,0.0,0.0,0.010810916104215307,0.0,/media/mengh/SharedData/zhanh/auto_structbeat/caches/pilot/beat_this_final0_gtzan/gtzan__gtzan_pop_00040__track.npy.npz
bt_gtzan_seed0,direct,gtzan/gtzan_pop_00041/track.npy,gtzan,0.6176470588235294,0.5482756473710504,0.8006042782674563,0.6744399628192533,0.0,0.0,0.9777777777777777,0.9777777777777777,0.5555555555555556,0.5224651528132938,0.7263818424339409,0.6244234976236174,0.0,0.0,0.9166666666666666,0.9166666666666666,54.0,0.0,0.0,0.07145896398214668,14.0,0.0,0.0,0.017857617400007686,0.0,/media/mengh/SharedData/zhanh/auto_structbeat/caches/pilot/beat_this_final0_gtzan/gtzan__gtzan_pop_00041__track.npy.npz
bt_gtzan_seed0,direct,gtzan/gtzan_pop_00042/track.npy,gtzan,1.0,0.9369753078717232,0.9369753078717232,0.9369753078717232,1.0,1.0,1.0,1.0,1.0,0.9289076781943031,0.9289076781943031,0.9289076781943031,1.0,1.0,1.0,1.0,47.0,0.0,0.0,0.030771658666755797,12.0,0.0,0.0,0.015504186535966002,0.0,/media/mengh/SharedData/zhanh/auto_structbeat/caches/pilot/beat_this_final0_gtzan/gtzan__gtzan_pop_00042__track.npy.npz
bt_gtzan_seed0,direct,gtzan/gtzan_pop_00043/track.npy,gtzan,0.6666666666666666,0.5616223930876678,0.834840584677718,0.6982314888826929,0.0,0.0,0.9821428571428571,0.9821428571428571,0.7272727272727272,0.6089559250993175,0.7212005130044254,0.6650782190518715,0.2222222222222222,0.2222222222222222,0.5882352941176471,0.5882352941176471,67.0,0.0,0.0,0.044451762570840825,23.0,0.0,0.0,0.044451762570833636,0.0,/media/mengh/SharedData/zhanh/auto_structbeat/caches/pilot/beat_this_final0_gtzan/gtzan__gtzan_pop_00043__track.npy.npz
bt_gtzan_seed0,direct,gtzan/gtzan_pop_00044/track.npy,gtzan,0.98989898989899,0.9325454895100384,0.9325454895100384,0.9325454895100384,0.98,0.98,0.98,0.98,1.0,0.9340346316947928,0.9340346316947928,0.9340346316947928,1.0,1.0,1.0,1.0,60.0,0.0,0.0,0.039220713153283904,15.0,0.0,0.0,0.01980262729618021,0.0,/media/mengh/SharedData/zhanh/auto_structbeat/caches/pilot/beat_this_final0_gtzan/gtzan__gtzan_pop_00044__track.npy.npz
bt_gtzan_seed0,direct,gtzan/gtzan_pop_00045/track.npy,gtzan,1.0,0.9649977227602649,0.9649977227602649,0.9649977227602649,1.0,1.0,1.0,1.0,1.0,0.9602337194582768,0.9602337194582768,0.9602337194582768,1.0,1.0,1.0,1.0,44.0,0.0,0.0,0.02985296314968049,11.0,0.0,0.0,0.007326040092074049,0.0,/media/mengh/SharedData/zhanh/auto_structbeat/caches/pilot/beat_this_final0_gtzan/gtzan__gtzan_pop_00045__track.npy.npz
bt_gtzan_seed0,direct,gtzan/gtzan_pop_00046/track.npy,gtzan,1.0,0.9755518875837605,0.9755518875837605,0.9755518875837605,1.0,1.0,1.0,1.0,1.0,0.9463396382989089,0.9463396382989089,0.9463396382989089,1.0,1.0,1.0,1.0,44.0,0.0,0.0,0.05884050002293223,11.0,0.0,0.0,0.0073260400920737824,0.0,/media/mengh/SharedData/zhanh/auto_structbeat/caches/pilot/beat_this_final0_gtzan/gtzan__gtzan_pop_00046__track.npy.npz
bt_gtzan_seed0,direct,gtzan/gtzan_pop_00047/track.npy,gtzan,0.9782608695652174,0.871754268159374,0.871754268159374,0.871754268159374,0.9782608695652174,0.9782608695652174,0.9782608695652174,0.9782608695652174,1.0,0.8954330238054653,0.8954330238054653,0.8954330238054653,1.0,1.0,1.0,1.0,56.0,0.0,0.0,0.07410797215371871,14.0,0.0,0.0,0.01332627270839673,0.0,/media/mengh/SharedData/zhanh/auto_structbeat/caches/pilot/beat_this_final0_gtzan/gtzan__gtzan_pop_00047__track.npy.npz
bt_gtzan_seed0,direct,gtzan/gtzan_pop_00048/track.npy,gtzan,0.9811320754716981,0.9321592887846921,0.9321592887846921,0.9321592887846921,0.9629629629629629,0.9629629629629629,0.9629629629629629,0.9629629629629629,0.962962962962963,0.8851512840304485,0.8851512840304485,0.8851512840304485,0.9285714285714286,0.9285714285714286,0.9285714285714286,0.9285714285714286,64.0,0.0,0.0,0.04255961441880244,16.0,0.0,0.0,0.010695289116749013,0.0,/media/mengh/SharedData/zhanh/auto_structbeat/caches/pilot/beat_this_final0_gtzan/gtzan__gtzan_pop_00048__track.npy.npz
bt_gtzan_seed0,direct,gtzan/gtzan_pop_00049/track.npy,gtzan,0.8771929824561403,0.8430657315904416,0.8430657315904416,0.8430657315904416,0.21875,0.5625,0.21875,0.5625,0.8571428571428571,0.8254956304677262,0.8254956304677262,0.8254956304677262,0.25,0.375,0.2727272727272727,0.45454545454545453,39.0,0.0,0.0,0.7129498078561253,11.0,0.0,0.0,0.6990585584257525,0.0,/media/mengh/SharedData/zhanh/auto_structbeat/caches/pilot/beat_this_final0_gtzan/gtzan__gtzan_pop_00049__track.npy.npz
bt_gtzan_seed0,direct,gtzan/gtzan_pop_00050/track.npy,gtzan,1.0,0.938559826170965,0.938559826170965,0.938559826170965,1.0,1.0,1.0,1.0,1.0,0.9162169138336164,0.9162169138336164,0.9162169138336164,1.0,1.0,1.0,1.0,35.0,0.0,0.0,0.023530497410196527,9.0,0.0,0.0,0.005830920310792931,0.0,/media/mengh/SharedData/zhanh/auto_structbeat/caches/pilot/beat_this_final0_gtzan/gtzan__gtzan_pop_00050__track.npy.npz
bt_gtzan_seed0,direct,gtzan/gtzan_pop_00051/track.npy,gtzan,0.9787234042553191,0.8338000735178778,0.8338000735178778,0.8338000735178778,0.9583333333333334,0.9583333333333334,0.9583333333333334,0.9583333333333334,0.9565217391304348,0.8180396171244616,0.8180396171244616,0.8180396171244616,0.9166666666666666,0.9166666666666666,0.9166666666666666,0.9166666666666666,56.0,0.0,0.0,0.07410797215372356,14.0,0.0,0.0,0.01869213301215389,0.0,/media/mengh/SharedData/zhanh/auto_structbeat/caches/pilot/beat_this_final0_gtzan/gtzan__gtzan_pop_00051__track.npy.npz
bt_gtzan_seed0,direct,gtzan/gtzan_pop_00052/track.npy,gtzan,0.9772727272727273,0.8979996816173622,0.8979996816173622,0.8979996816173622,0.9772727272727273,0.9772727272727273,0.9772727272727273,0.9772727272727273,0.6666666666666666,0.6133642871902892,0.8933910156217156,0.7533776514060024,0.0,0.0,0.9545454545454546,0.9545454545454546,52.0,0.0,0.0,0.05373717323289713,26.0,0.0,0.0,0.01709443335930044,0.0,/media/mengh/SharedData/zhanh/auto_structbeat/caches/pilot/beat_this_final0_gtzan/gtzan__gtzan_pop_00052__track.npy.npz
bt_gtzan_seed0,direct,gtzan/gtzan_pop_00053/track.npy,gtzan,0.20689655172413793,0.16184080371935636,0.20526864660478103,0.1835547251620687,0.03225806451612903,0.06451612903225806,0.03225806451612903,0.0967741935483871,0.2,0.09412274403969625,0.21175829312188368,0.15294051858078997,0.0,0.0,0.07142857142857142,0.07142857142857142,36.0,0.0,0.0,1.3452468679310003,18.0,0.0,0.0,2.114802303970297,0.0,/media/mengh/SharedData/zhanh/auto_structbeat/caches/pilot/beat_this_final0_gtzan/gtzan__gtzan_pop_00053__track.npy.npz
bt_gtzan_seed0,direct,gtzan/gtzan_pop_00054/track.npy,gtzan,1.0,0.9324160032639235,0.9324160032639235,0.9324160032639235,1.0,1.0,1.0,1.0,1.0,0.9654242247866229,0.9654242247866229,0.9654242247866229,1.0,1.0,1.0,1.0,49.0,0.0,0.0,0.032789822822996084,12.0,0.0,0.0,0.008163310639161186,0.0,/media/mengh/SharedData/zhanh/auto_structbeat/caches/pilot/beat_this_final0_gtzan/gtzan__gtzan_pop_00054__track.npy.npz
bt_gtzan_seed0,direct,gtzan/gtzan_pop_00055/track.npy,gtzan,0.9885057471264368,0.9530371041589889,0.9530371041589889,0.9530371041589889,0.9772727272727273,0.9772727272727273,0.9772727272727273,0.9772727272727273,0.9523809523809523,0.9329702570525009,0.9329702570525009,0.9329702570525009,0.9090909090909091,0.9090909090909091,0.9090909090909091,0.9090909090909091,52.0,0.0,0.0,0.035091319811275556,13.0,0.0,0.0,0.017391742711869385,0.0,/media/mengh/SharedData/zhanh/auto_structbeat/caches/pilot/beat_this_final0_gtzan/gtzan__gtzan_pop_00055__track.npy.npz
bt_gtzan_seed0,direct,gtzan/gtzan_pop_00056/track.npy,gtzan,1.0,0.9295568622715314,0.9295568622715314,0.9295568622715314,1.0,1.0,1.0,1.0,1.0,0.9103552572922199,0.9103552572922199,0.9103552572922199,1.0,1.0,1.0,1.0,45.0,0.0,0.0,0.029852963149683033,12.0,0.0,0.0,0.0114940375012102,0.0,/media/mengh/SharedData/zhanh/auto_structbeat/caches/pilot/beat_this_final0_gtzan/gtzan__gtzan_pop_00056__track.npy.npz
bt_gtzan_seed0,direct,gtzan/gtzan_pop_00057/track.npy,gtzan,0.9655172413793104,0.9128384564350229,0.9128384564350229,0.9128384564350229,0.9772727272727273,0.9772727272727273,0.9772727272727273,0.9772727272727273,0.5517241379310345,0.5081089177903444,0.8639810101903124,0.6860449639903283,0.0,0.0,0.38095238095238093,0.7142857142857143,52.0,0.0,0.0,0.06899287148695135,23.0,0.0,0.0,0.6931471805599438,0.0,/media/mengh/SharedData/zhanh/auto_structbeat/caches/pilot/beat_this_final0_gtzan/gtzan__gtzan_pop_00057__track.npy.npz
bt_gtzan_seed0,direct,gtzan/gtzan_pop_00058/track.npy,gtzan,0.9879518072289156,0.850494097644683,0.850494097644683,0.850494097644683,0.9761904761904762,0.9761904761904762,0.9761904761904762,0.9761904761904762,1.0,0.8727711245340455,0.8727711245340455,0.8727711245340455,1.0,1.0,1.0,1.0,50.0,0.0,0.0,0.032789822822996084,12.0,0.0,0.0,0.004489820851539852,0.0,/media/mengh/SharedData/zhanh/auto_structbeat/caches/pilot/beat_this_final0_gtzan/gtzan__gtzan_pop_00058__track.npy.npz
bt_gtzan_seed0,direct,gtzan/gtzan_pop_00059/track.npy,gtzan,1.0,0.9330191439666078,0.9330191439666078,0.9330191439666078,1.0,1.0,1.0,1.0,1.0,0.9362030170895224,0.9362030170895224,0.9362030170895224,1.0,1.0,1.0,1.0,45.0,0.0,0.0,0.029852963149681166,12.0,0.0,0.0,0.011494037501210445,0.0,/media/mengh/SharedData/zhanh/auto_structbeat/caches/pilot/beat_this_final0_gtzan/gtzan__gtzan_pop_00059__track.npy.npz
bt_gtzan_seed0,direct,gtzan/gtzan_pop_00060/track.npy,gtzan,0.926829268292683,0.8596570811411037,0.8596570811411037,0.8596570811411037,0.9512195121951219,0.9512195121951219,0.9512195121951219,0.9512195121951219,1.0,0.8939829572315906,0.8939829572315906,0.8939829572315906,1.0,1.0,1.0,1.0,49.0,0.0,0.0,0.032789822822996084,12.0,0.0,0.0,0.008163310639161186,0.0,/media/mengh/SharedData/zhanh/auto_structbeat/caches/pilot/beat_this_final0_gtzan/gtzan__gtzan_pop_00060__track.npy.npz
bt_gtzan_seed0,direct,gtzan/gtzan_pop_00061/track.npy,gtzan,1.0,0.9692293079550016,0.9692293079550016,0.9692293079550016,1.0,1.0,1.0,1.0,1.0,0.9745642192648264,0.9745642192648264,0.9745642192648264,1.0,1.0,1.0,1.0,48.0,0.0,0.0,0.031748698314584545,12.0,0.0,0.0,0.007968169649177459,0.0,/media/mengh/SharedData/zhanh/auto_structbeat/caches/pilot/beat_this_final0_gtzan/gtzan__gtzan_pop_00061__track.npy.npz
bt_gtzan_seed0,direct,gtzan/gtzan_pop_00062/track.npy,gtzan,0.9850746268656716,0.7692025693562033,0.7692025693562033,0.7692025693562033,0.9705882352941176,0.9705882352941176,0.9705882352941176,0.9705882352941176,0.9411764705882353,0.7410040607978514,0.7410040607978514,0.7410040607978514,0.8888888888888888,0.8888888888888888,0.8888888888888888,0.8888888888888888,41.0,0.0,0.0,0.05406722127027935,11.0,0.0,0.0,0.00676142506376447,0.0,/media/mengh/SharedData/zhanh/auto_structbeat/caches/pilot/beat_this_final0_gtzan/gtzan__gtzan_pop_00062__track.npy.npz
bt_gtzan_seed0,direct,gtzan/gtzan_pop_00063/track.npy,gtzan,0.6753246753246753,0.5650059776070848,0.8717927466364724,0.7183993621217786,0.0,0.0,1.0,1.0,0.7000000000000001,0.6700371061174156,0.8919327561274663,0.7809849311224409,0.0,0.0,1.0,1.0,61.0,0.0,0.0,0.08004270767354893,15.0,0.0,0.0,0.03045920748470814,0.0,/media/mengh/SharedData/zhanh/auto_structbeat/caches/pilot/beat_this_final0_gtzan/gtzan__gtzan_pop_00063__track.npy.npz
bt_gtzan_seed0,direct,gtzan/gtzan_pop_00064/track.npy,gtzan,0.9464285714285714,0.8296915781573845,0.8296915781573845,0.8296915781573845,0.3793103448275862,0.8620689655172413,0.3793103448275862,0.8620689655172413,0.7058823529411765,0.6391898610916132,0.6391898610916132,0.6391898610916132,0.3157894736842105,0.42105263157894735,0.3157894736842105,0.42105263157894735,70.0,0.014492753623188406,0.014492753623188406,0.6324551884508878,22.0,0.0,0.0,2.069931206791785,0.0,/media/mengh/SharedData/zhanh/auto_structbeat/caches/pilot/beat_this_final0_gtzan/gtzan__gtzan_pop_00064__track.npy.npz
bt_gtzan_seed0,direct,gtzan/gtzan_pop_00065/track.npy,gtzan,0.6666666666666666,0.6267909463914105,0.9247818152483083,0.7757863808198594,0.0,0.0,0.9791666666666666,0.9791666666666666,0.6666666666666666,0.6383648669063354,0.9078841708201758,0.7731245188632556,0.0,0.0,0.9166666666666666,0.9166666666666666,58.0,0.0,0.0,0.03774032798284954,14.0,0.0,0.0,0.009569451016152253,0.0,/media/mengh/SharedData/zhanh/auto_structbeat/caches/pilot/beat_this_final0_gtzan/gtzan__gtzan_pop_00065__track.npy.npz
bt_gtzan_seed0,direct,gtzan/gtzan_pop_00066/track.npy,gtzan,1.0,0.9476863092254824,0.9476863092254824,0.9476863092254824,1.0,1.0,1.0,1.0,1.0,0.9682327890295271,0.9682327890295271,0.9682327890295271,1.0,1.0,1.0,1.0,41.0,0.0,0.0,0.08223809823697305,11.0,0.0,0.0,0.006825965070399809,0.0,/media/mengh/SharedData/zhanh/auto_structbeat/caches/pilot/beat_this_final0_gtzan/gtzan__gtzan_pop_00066__track.npy.npz
bt_gtzan_seed0,direct,gtzan/gtzan_pop_00067/track.npy,gtzan,1.0,0.9611983383705733,0.9611983383705733,0.9611983383705733,1.0,1.0,1.0,1.0,0.9600000000000001,0.9226783880103205,0.9226783880103205,0.9226783880103205,0.7692307692307693,0.7692307692307693,0.7692307692307693,0.7692307692307693,57.0,0.0,0.0,0.03774032798285287,15.0,0.0,0.0,0.6931471805599446,0.0,/media/mengh/SharedData/zhanh/auto_structbeat/caches/pilot/beat_this_final0_gtzan/gtzan__gtzan_pop_00067__track.npy.npz
bt_gtzan_seed0,direct,gtzan/gtzan_pop_00068/track.npy,gtzan,0.6749999999999999,0.6268488257992132,0.9279897877014573,0.7774193067503352,0.0,0.0,1.0,1.0,0.9333333333333333,0.8925762359087152,0.8925762359087152,0.8925762359087152,0.5,0.75,0.5,0.75,64.0,0.0,0.0,0.04255961441880263,10.0,0.0,0.0,0.700099118485831,0.0,/media/mengh/SharedData/zhanh/auto_structbeat/caches/pilot/beat_this_final0_gtzan/gtzan__gtzan_pop_00068__track.npy.npz
bt_gtzan_seed0,direct,gtzan/gtzan_pop_00069/track.npy,gtzan,1.0,0.9354627369336661,0.9354627369336661,0.9354627369336661,1.0,1.0,1.0,1.0,1.0,0.9446741196282035,0.9446741196282035,0.9446741196282035,1.0,1.0,1.0,1.0,53.0,0.0,0.0,0.035091319811275556,13.0,0.0,0.0,0.00881062968215629,0.0,/media/mengh/SharedData/zhanh/auto_structbeat/caches/pilot/beat_this_final0_gtzan/gtzan__gtzan_pop_00069__track.npy.npz
bt_gtzan_seed0,direct,gtzan/gtzan_pop_00070/track.npy,gtzan,1.0,0.9828537696866513,0.9828537696866513,0.9828537696866513,1.0,1.0,1.0,1.0,1.0,0.9790989123384884,0.9790989123384884,0.9790989123384884,1.0,1.0,1.0,1.0,62.0,0.0,0.0,7.327471962526033e-15,16.0,0.0,0.0,0.003626975462442502,0.0,/media/mengh/SharedData/zhanh/auto_structbeat/caches/pilot/beat_this_final0_gtzan/gtzan__gtzan_pop_00070__track.npy.npz
bt_gtzan_seed0,direct,gtzan/gtzan_pop_00071/track.npy,gtzan,1.0,0.9682951833872965,0.9682951833872965,0.9682951833872965,1.0,1.0,1.0,1.0,0.9600000000000001,0.9326939476263432,0.9326939476263432,0.9326939476263432,0.7692307692307693,0.7692307692307693,0.7692307692307693,0.7692307692307693,57.0,0.0,0.0,0.03774032798285287,15.0,0.0,0.0,0.6931471805599446,0.0,/media/mengh/SharedData/zhanh/auto_structbeat/caches/pilot/beat_this_final0_gtzan/gtzan__gtzan_pop_00071__track.npy.npz
bt_gtzan_seed0,direct,gtzan/gtzan_pop_00072/track.npy,gtzan,1.0,0.9207302935937977,0.9207302935937977,0.9207302935937977,1.0,1.0,1.0,1.0,0.6666666666666665,0.6011007041628362,0.6699399933358968,0.6355203487493666,0.4666666666666667,0.4666666666666667,0.4666666666666667,0.4666666666666667,58.0,0.0,0.0,0.07696104113612678,17.0,0.0,0.0,0.6759209417470899,0.0,/media/mengh/SharedData/zhanh/auto_structbeat/caches/pilot/beat_this_final0_gtzan/gtzan__gtzan_pop_00072__track.npy.npz
bt_gtzan_seed0,direct,gtzan/gtzan_pop_00073/track.npy,gtzan,1.0,0.9356754682807672,0.9356754682807672,0.9356754682807672,1.0,1.0,1.0,1.0,1.0,0.9104096831853977,0.9104096831853977,0.9104096831853977,1.0,1.0,1.0,1.0,64.0,0.0,0.0,0.04255961441880244,16.0,0.0,0.0,0.010695289116748085,0.0,/media/mengh/SharedData/zhanh/auto_structbeat/caches/pilot/beat_this_final0_gtzan/gtzan__gtzan_pop_00073__track.npy.npz
bt_gtzan_seed0,direct,gtzan/gtzan_pop_00074/track.npy,gtzan,1.0,0.9587001942591501,0.9587001942591501,0.9587001942591501,1.0,1.0,1.0,1.0,1.0,0.9641516972040395,0.9641516972040395,0.9641516972040395,1.0,1.0,1.0,1.0,42.0,0.0,0.0,0.05556985115480499,10.0,0.0,0.0,0.006968669316093745,0.0,/media/mengh/SharedData/zhanh/auto_structbeat/caches/pilot/beat_this_final0_gtzan/gtzan__gtzan_pop_00074__track.npy.npz
bt_gtzan_seed0,direct,gtzan/gtzan_pop_00075/track.npy,gtzan,1.0,0.9540983548148139,0.9540983548148139,0.9540983548148139,1.0,1.0,1.0,1.0,1.0,0.922910314154549,0.922910314154549,0.922910314154549,1.0,1.0,1.0,1.0,47.0,0.0,0.0,0.05636602524798302,12.0,0.0,0.0,0.007843177461026474,0.0,/media/mengh/SharedData/zhanh/auto_structbeat/caches/pilot/beat_this_final0_gtzan/gtzan__gtzan_pop_00075__track.npy.npz
bt_gtzan_seed0,direct,gtzan/gtzan_pop_00076/track.npy,gtzan,0.6666666666666666,0.6336514286322119,0.928776246147657,0.7812138373899344,0.0,0.0,0.9782608695652174,0.9782608695652174,0.6666666666666666,0.6575199464343477,0.9404897883055142,0.799004867369931,0.0,0.0,0.9166666666666666,0.9166666666666666,55.0,0.0,0.0,0.07410797215372038,14.0,0.0,0.0,0.009132483563274008,0.0,/media/mengh/SharedData/zhanh/auto_structbeat/caches/pilot/beat_this_final0_gtzan/gtzan__gtzan_pop_00076__track.npy.npz
bt_gtzan_seed0,direct,gtzan/gtzan_pop_00077/track.npy,gtzan,1.0,0.9774584695231558,0.9774584695231558,0.9774584695231558,1.0,1.0,1.0,1.0,1.0,0.9858002666626485,0.9858002666626485,0.9858002666626485,1.0,1.0,1.0,1.0,56.0,0.0,0.0,0.07410797215371821,14.0,0.0,0.0,0.009216655104923754,0.0,/media/mengh/SharedData/zhanh/auto_structbeat/caches/pilot/beat_this_final0_gtzan/gtzan__gtzan_pop_00077__track.npy.npz
bt_gtzan_seed0,direct,gtzan/gtzan_pop_00078/track.npy,gtzan,1.0,0.9411757553749972,0.9411757553749972,0.9411757553749972,1.0,1.0,1.0,1.0,1.0,0.9436147528778377,0.9436147528778377,0.9436147528778377,1.0,1.0,1.0,1.0,53.0,0.0,0.0,0.035091319811275556,14.0,0.0,0.0,0.008733679968755226,0.0,/media/mengh/SharedData/zhanh/auto_structbeat/caches/pilot/beat_this_final0_gtzan/gtzan__gtzan_pop_00078__track.npy.npz
bt_gtzan_seed0,direct,gtzan/gtzan_pop_00079/track.npy,gtzan,1.0,0.9473667440437615,0.9473667440437615,0.9473667440437615,1.0,1.0,1.0,1.0,1.0,0.951777373401184,0.951777373401184,0.951777373401184,1.0,1.0,1.0,1.0,56.0,0.0,0.0,0.03774032798285287,14.0,0.0,0.0,0.018771491093655703,0.0,/media/mengh/SharedData/zhanh/auto_structbeat/caches/pilot/beat_this_final0_gtzan/gtzan__gtzan_pop_00079__track.npy.npz
bt_gtzan_seed0,direct,gtzan/gtzan_pop_00080/track.npy,gtzan,1.0,0.8864228400674985,0.8864228400674985,0.8864228400674985,1.0,1.0,1.0,1.0,1.0,0.8660481663564162,0.8660481663564162,0.8660481663564162,1.0,1.0,1.0,1.0,55.0,0.0,0.0,0.052287385651197164,14.0,0.0,0.0,0.013326272708396425,0.0,/media/mengh/SharedData/zhanh/auto_structbeat/caches/pilot/beat_this_final0_gtzan/gtzan__gtzan_pop_00080__track.npy.npz
bt_gtzan_seed0,direct,gtzan/gtzan_pop_00081/track.npy,gtzan,1.0,0.9824968488027485,0.9824968488027485,0.9824968488027485,1.0,1.0,1.0,1.0,1.0,0.9863779572023929,0.9863779572023929,0.9863779572023929,1.0,1.0,1.0,1.0,36.0,0.0,0.0,0.024305822933019257,9.0,0.0,0.0,0.006079046076382988,0.0,/media/mengh/SharedData/zhanh/auto_structbeat/caches/pilot/beat_this_final0_gtzan/gtzan__gtzan_pop_00081__track.npy.npz
bt_gtzan_seed0,direct,gtzan/gtzan_pop_00082/track.npy,gtzan,1.0,0.9699826842237443,0.9699826842237443,0.9699826842237443,1.0,1.0,1.0,1.0,1.0,0.970066008192526,0.970066008192526,0.970066008192526,1.0,1.0,1.0,1.0,63.0,0.0,0.0,0.04255961441880263,16.0,0.0,0.0,0.010582109330537316,0.0,/media/mengh/SharedData/zhanh/auto_structbeat/caches/pilot/beat_this_final0_gtzan/gtzan__gtzan_pop_00082__track.npy.npz
bt_gtzan_seed0,direct,gtzan/gtzan_pop_00083/track.npy,gtzan,1.0,0.9845975997620334,0.9845975997620334,0.9845975997620334,1.0,1.0,1.0,1.0,1.0,0.9882181773858569,0.9882181773858569,0.9882181773858569,1.0,1.0,1.0,1.0,62.0,0.0,0.0,0.0408219945202581,16.0,0.0,0.0,0.010362787035547055,0.0,/media/mengh/SharedData/zhanh/auto_structbeat/caches/pilot/beat_this_final0_gtzan/gtzan__gtzan_pop_00083__track.npy.npz
bt_gtzan_seed0,direct,gtzan/gtzan_pop_00084/track.npy,gtzan,1.0,0.9051374815933142,0.9051374815933142,0.9051374815933142,1.0,1.0,1.0,1.0,1.0,0.8627630117189209,0.8627630117189209,0.8627630117189209,1.0,1.0,1.0,1.0,50.0,0.0,0.0,0.06669137449867218,12.0,0.0,0.0,0.008368249670516659,0.0,/media/mengh/SharedData/zhanh/auto_structbeat/caches/pilot/beat_this_final0_gtzan/gtzan__gtzan_pop_00084__track.npy.npz
bt_gtzan_seed0,direct,gtzan/gtzan_pop_00085/track.npy,gtzan,1.0,0.9816514368301363,0.9816514368301363,0.9816514368301363,1.0,1.0,1.0,1.0,1.0,0.9856498772102251,0.9856498772102251,0.9856498772102251,1.0,1.0,1.0,1.0,60.0,0.0,0.0,0.08004270767354893,15.0,0.0,0.0,0.01403046819477086,0.0,/media/mengh/SharedData/zhanh/auto_structbeat/caches/pilot/beat_this_final0_gtzan/gtzan__gtzan_pop_00085__track.npy.npz
bt_gtzan_seed0,direct,gtzan/gtzan_pop_00086/track.npy,gtzan,1.0,0.979107188117222,0.979107188117222,0.979107188117222,1.0,1.0,1.0,1.0,1.0,0.9774039507578658,0.9774039507578658,0.9774039507578658,1.0,1.0,1.0,1.0,66.0,0.0,0.0,0.044451762570840825,17.0,0.0,0.0,0.011049836186584727,0.0,/media/mengh/SharedData/zhanh/auto_structbeat/caches/pilot/beat_this_final0_gtzan/gtzan__gtzan_pop_00086__track.npy.npz
bt_gtzan_seed0,direct,gtzan/gtzan_pop_00087/track.npy,gtzan,1.0,0.873668284510785,0.873668284510785,0.873668284510785,1.0,1.0,1.0,1.0,1.0,0.8346055411165115,0.8346055411165115,0.8346055411165115,1.0,1.0,1.0,1.0,51.0,0.0,0.0,0.03390155167568665,13.0,0.0,0.0,0.008510689667908966,0.0,/media/mengh/SharedData/zhanh/auto_structbeat/caches/pilot/beat_this_final0_gtzan/gtzan__gtzan_pop_00087__track.npy.npz
bt_gtzan_seed0,direct,gtzan/gtzan_pop_00088/track.npy,gtzan,1.0,0.9111048986070995,0.9111048986070995,0.9111048986070995,1.0,1.0,1.0,1.0,1.0,0.9158672432998808,0.9158672432998808,0.9158672432998808,1.0,1.0,1.0,1.0,50.0,0.0,0.0,0.03390155167568276,12.0,0.0,0.0,0.008298802814695106,0.0,/media/mengh/SharedData/zhanh/auto_structbeat/caches/pilot/beat_this_final0_gtzan/gtzan__gtzan_pop_00088__track.npy.npz
bt_gtzan_seed0,direct,gtzan/gtzan_pop_00089/track.npy,gtzan,1.0,0.9129264302963158,0.9129264302963158,0.9129264302963158,1.0,1.0,1.0,1.0,1.0,0.9026344257306509,0.9026344257306509,0.9026344257306509,1.0,1.0,1.0,1.0,50.0,0.0,0.0,0.03390155167568665,13.0,0.0,0.0,0.008368249670516414,0.0,/media/mengh/SharedData/zhanh/auto_structbeat/caches/pilot/beat_this_final0_gtzan/gtzan__gtzan_pop_00089__track.npy.npz
bt_gtzan_seed0,direct,gtzan/gtzan_pop_00090/track.npy,gtzan,1.0,0.8944336650083468,0.8944336650083468,0.8944336650083468,1.0,1.0,1.0,1.0,1.0,0.8826809984649402,0.8826809984649402,0.8826809984649402,1.0,1.0,1.0,1.0,51.0,0.0,0.0,0.03390155167568665,13.0,0.0,0.0,0.0085106896679088,0.0,/media/mengh/SharedData/zhanh/auto_structbeat/caches/pilot/beat_this_final0_gtzan/gtzan__gtzan_pop_00090__track.npy.npz
bt_gtzan_seed0,direct,gtzan/gtzan_pop_00091/track.npy,gtzan,1.0,0.96431614147795,0.96431614147795,0.96431614147795,1.0,1.0,1.0,1.0,1.0,0.98370960006946,0.98370960006946,0.98370960006946,1.0,1.0,1.0,1.0,58.0,0.0,0.0,0.0769610411361272,14.0,0.0,0.0,0.009569451016152253,0.0,/media/mengh/SharedData/zhanh/auto_structbeat/caches/pilot/beat_this_final0_gtzan/gtzan__gtzan_pop_00091__track.npy.npz
bt_gtzan_seed0,direct,gtzan/gtzan_pop_00092/track.npy,gtzan,1.0,0.9409294458475107,0.9409294458475107,0.9409294458475107,1.0,1.0,1.0,1.0,1.0,0.9277057594485671,0.9277057594485671,0.9277057594485671,1.0,1.0,1.0,1.0,55.0,0.0,0.0,0.03636764417088045,13.0,0.0,0.0,0.018182319083190235,0.0,/media/mengh/SharedData/zhanh/auto_structbeat/caches/pilot/beat_this_final0_gtzan/gtzan__gtzan_pop_00092__track.npy.npz
bt_gtzan_seed0,direct,gtzan/gtzan_pop_00093/track.npy,gtzan,1.0,0.9786600922657644,0.9786600922657644,0.9786600922657644,1.0,1.0,1.0,1.0,1.0,0.9735536613896576,0.9735536613896576,0.9735536613896576,1.0,1.0,1.0,1.0,67.0,0.0,0.0,0.044451762570840825,17.0,0.0,0.0,0.011173300598127045,0.0,/media/mengh/SharedData/zhanh/auto_structbeat/caches/pilot/beat_this_final0_gtzan/gtzan__gtzan_pop_00093__track.npy.npz
bt_gtzan_seed0,direct,gtzan/gtzan_pop_00094/track.npy,gtzan,1.0,0.9637334448257052,0.9637334448257052,0.9637334448257052,1.0,1.0,1.0,1.0,1.0,0.9685177676119274,0.9685177676119274,0.9685177676119274,1.0,1.0,1.0,1.0,38.0,0.0,0.0,0.050010420574660534,9.0,0.0,0.0,0.010630997839040398,0.0,/media/mengh/SharedData/zhanh/auto_structbeat/caches/pilot/beat_this_final0_gtzan/gtzan__gtzan_pop_00094__track.npy.npz
bt_gtzan_seed0,direct,gtzan/gtzan_pop_00095/track.npy,gtzan,1.0,0.9571151547045272,0.9571151547045272,0.9571151547045272,1.0,1.0,1.0,1.0,1.0,0.9694757937872797,0.9694757937872797,0.9694757937872797,1.0,1.0,1.0,1.0,53.0,0.0,0.0,0.035091319811275556,14.0,0.0,0.0,0.008733679968755959,0.0,/media/mengh/SharedData/zhanh/auto_structbeat/caches/pilot/beat_this_final0_gtzan/gtzan__gtzan_pop_00095__track.npy.npz
bt_gtzan_seed0,direct,gtzan/gtzan_pop_00096/track.npy,gtzan,1.0,0.9455107626824052,0.9455107626824052,0.9455107626824052,1.0,1.0,1.0,1.0,1.0,0.957282427738706,0.957282427738706,0.957282427738706,1.0,1.0,1.0,1.0,46.0,0.0,0.0,0.06062462181643358,12.0,0.0,0.0,0.0076045993852192125,0.0,/media/mengh/SharedData/zhanh/auto_structbeat/caches/pilot/beat_this_final0_gtzan/gtzan__gtzan_pop_00096__track.npy.npz
bt_gtzan_seed0,direct,gtzan/gtzan_pop_00097/track.npy,gtzan,1.0,0.8349943094439574,0.8349943094439574,0.8349943094439574,1.0,1.0,1.0,1.0,1.0,0.8432212595592576,0.8432212595592576,0.8432212595592576,1.0,1.0,1.0,1.0,50.0,0.0,0.0,0.06669137449867218,12.0,0.0,0.0,0.012794840684598116,0.0,/media/mengh/SharedData/zhanh/auto_structbeat/caches/pilot/beat_this_final0_gtzan/gtzan__gtzan_pop_00097__track.npy.npz
bt_gtzan_seed0,direct,gtzan/gtzan_pop_00098/track.npy,gtzan,1.0,0.9699733755570601,0.9699733755570601,0.9699733755570601,1.0,1.0,1.0,1.0,1.0,0.9615794549230342,0.9615794549230342,0.9615794549230342,1.0,1.0,1.0,1.0,57.0,0.0,0.0,0.03774032798284736,15.0,0.0,0.0,0.009569451016152253,0.0,/media/mengh/SharedData/zhanh/auto_structbeat/caches/pilot/beat_this_final0_gtzan/gtzan__gtzan_pop_00098__track.npy.npz
bt_gtzan_seed0,direct,gtzan/gtzan_pop_00099/track.npy,gtzan,1.0,0.9267986897821475,0.9267986897821475,0.9267986897821475,1.0,1.0,1.0,1.0,1.0,0.9449433754419102,0.9449433754419102,0.9449433754419102,1.0,1.0,1.0,1.0,39.0,0.0,0.0,0.052643733485423186,10.0,0.0,0.0,0.006600684031352821,0.0,/media/mengh/SharedData/zhanh/auto_structbeat/caches/pilot/beat_this_final0_gtzan/gtzan__gtzan_pop_00099__track.npy.npz
bt_gtzan_seed0,direct,gtzan/gtzan_reggae_00000/track.npy,gtzan,1.0,0.9385234402453817,0.9385234402453817,0.9385234402453817,1.0,1.0,1.0,1.0,0.888888888888889,0.8412600129293462,0.8412600129293462,0.8412600129293462,0.4666666666666667,0.5333333333333333,0.4666666666666667,0.5333333333333333,61.0,0.0,0.0,0.04082199452025792,23.0,0.0,0.0,1.3660916538023706,0.0,/media/mengh/SharedData/zhanh/auto_structbeat/caches/pilot/beat_this_final0_gtzan/gtzan__gtzan_reggae_00000__track.npy.npz
bt_gtzan_seed0,direct,gtzan/gtzan_reggae_00001/track.npy,gtzan,0.9846153846153847,0.8783477827566039,0.8783477827566039,0.8783477827566039,0.9696969696969697,0.9696969696969697,0.9696969696969697,0.9696969696969697,0.8421052631578948,0.7380471839163086,0.7380471839163086,0.7380471839163086,0.36363636363636365,0.36363636363636365,0.4666666666666667,0.4666666666666667,39.0,0.0,0.0,0.031039048000121562,14.0,0.0,0.0,0.3355995744334006,0.0,/media/mengh/SharedData/zhanh/auto_structbeat/caches/pilot/beat_this_final0_gtzan/gtzan__gtzan_reggae_00001__track.npy.npz
bt_gtzan_seed0,direct,gtzan/gtzan_reggae_00002/track.npy,gtzan,0.6666666666666666,0.6240189847624659,0.9360284770631141,0.78002373091279,0.0,0.0,1.0,1.0,0.6666666666666666,0.627694517758521,0.9415417766377815,0.7846181471981513,0.0,0.0,1.0,1.0,51.0,0.0,0.0,0.035091319811267854,13.0,0.0,0.0,0.01294993458881033,0.0,/media/mengh/SharedData/zhanh/auto_structbeat/caches/pilot/beat_this_final0_gtzan/gtzan__gtzan_reggae_00002__track.npy.npz
bt_gtzan_seed0,direct,gtzan/gtzan_reggae_00003/track.npy,gtzan,0.991869918699187,0.9150220674419671,0.9150220674419671,0.9150220674419671,0.9838709677419355,0.9838709677419355,0.9838709677419355,0.9838709677419355,0.125,0.11576655801747637,0.782696563085372,0.4492315605514242,0.0,0.0,0.7058823529411765,0.7058823529411765,75.0,0.0,0.0,0.09531017980433143,24.0,0.0,0.0,0.05001042057466082,0.0,/media/mengh/SharedData/zhanh/auto_structbeat/caches/pilot/beat_this_final0_gtzan/gtzan__gtzan_reggae_00003__track.npy.npz
bt_gtzan_seed0,direct,gtzan/gtzan_reggae_00004/track.npy,gtzan,0.9807692307692307,0.9273685770612714,0.9273685770612714,0.9273685770612714,0.9807692307692307,0.9807692307692307,0.9807692307692307,0.9807692307692307,1.0,0.936690036296704,0.936690036296704,0.936690036296704,1.0,1.0,1.0,1.0,63.0,0.0,0.0,0.08338160893904922,16.0,0.0,0.0,0.024284242156289573,0.0,/media/mengh/SharedData/zhanh/auto_structbeat/caches/pilot/beat_this_final0_gtzan/gtzan__gtzan_reggae_00004__track.npy.npz
bt_gtzan_seed0,direct,gtzan/gtzan_reggae_00005/track.npy,gtzan,1.0,0.9650217237290982,0.9650217237290982,0.9650217237290982,1.0,1.0,1.0,1.0,0.058823529411764705,0.058365761074132154,0.8895419439262999,0.47395385250021604,0.0,0.0,0.7777777777777778,0.7777777777777778,79.0,0.0,0.0,0.10536051565782856,21.0,0.0,0.0,0.6723667914373355,0.0,/media/mengh/SharedData/zhanh/auto_structbeat/caches/pilot/beat_this_final0_gtzan/gtzan__gtzan_reggae_00005__track.npy.npz
bt_gtzan_seed0,direct,gtzan/gtzan_reggae_00006/track.npy,gtzan,1.0,0.9657393893949241,0.9657393893949241,0.9657393893949241,1.0,1.0,1.0,1.0,0.9411764705882353,0.9089010339020973,0.9089010339020973,0.9089010339020973,0.6111111111111112,0.7777777777777778,0.6111111111111112,0.7777777777777778,75.0,0.0,0.0,0.10008345855698919,24.0,0.0,0.0,0.6799314470642138,0.0,/media/mengh/SharedData/zhanh/auto_structbeat/caches/pilot/beat_this_final0_gtzan/gtzan__gtzan_reggae_00006__track.npy.npz
bt_gtzan_seed0,direct,gtzan/gtzan_reggae_00007/track.npy,gtzan,0.9841269841269841,0.9336426646913868,0.9336426646913868,0.9336426646913868,0.96875,0.96875,0.96875,0.96875,0.22222222222222224,0.21685662603880668,0.8222515749757077,0.5195541005072571,0.0,0.0,0.55,0.55,76.0,0.0,0.0,0.06836985184685265,26.0,0.0,0.0,0.025317807984291563,0.0,/media/mengh/SharedData/zhanh/auto_structbeat/caches/pilot/beat_this_final0_gtzan/gtzan__gtzan_reggae_00007__track.npy.npz
bt_gtzan_seed0,direct,gtzan/gtzan_reggae_00008/track.npy,gtzan,0.9876543209876543,0.9233295726921973,0.9233295726921973,0.9233295726921973,0.9753086419753086,0.9753086419753086,0.9753086419753086,0.9753086419753086,0.9523809523809523,0.8937273196526112,0.8937273196526112,0.8937273196526112,1.0,1.0,1.0,1.0,97.0,0.0,0.0,0.07377001873760221,25.0,0.0,0.0,0.016234502919248918,0.0,/media/mengh/SharedData/zhanh/auto_structbeat/caches/pilot/beat_this_final0_gtzan/gtzan__gtzan_reggae_00008__track.npy.npz
bt_gtzan_seed0,direct,gtzan/gtzan_reggae_00009/track.npy,gtzan,1.0,0.9754519136015493,0.9754519136015493,0.9754519136015493,1.0,1.0,1.0,1.0,1.0,0.9632714888170403,0.9632714888170403,0.9632714888170403,1.0,1.0,1.0,1.0,79.0,0.0,0.0,0.10536051565782589,20.0,0.0,0.0,0.026317308317373174,0.0,/media/mengh/SharedData/zhanh/auto_structbeat/caches/pilot/beat_this_final0_gtzan/gtzan__gtzan_reggae_00009__track.npy.npz
bt_gtzan_seed0,direct,gtzan/gtzan_reggae_00010/track.npy,gtzan,1.0,0.9360654741129903,0.9360654741129903,0.9360654741129903,1.0,1.0,1.0,1.0,1.0,0.9475734653572725,0.9475734653572725,0.9475734653572725,1.0,1.0,1.0,1.0,57.0,0.0,0.0,0.07410797215372239,14.0,0.0,0.0,0.01904819497069445,0.0,/media/mengh/SharedData/zhanh/auto_structbeat/caches/pilot/beat_this_final0_gtzan/gtzan__gtzan_reggae_00010__track.npy.npz
bt_gtzan_seed0,direct,gtzan/gtzan_reggae_00011/track.npy,gtzan,1.0,0.8743606613442739,0.8743606613442739,0.8743606613442739,1.0,1.0,1.0,1.0,0.13333333333333333,0.12828695520872097,0.49504910538849384,0.3116680302986074,0.0,0.0,0.16129032258064516,0.16129032258064516,63.0,0.0,0.0,0.04255961441880263,38.0,0.0,0.0,1.105755631779124,0.0,/media/mengh/SharedData/zhanh/auto_structbeat/caches/pilot/beat_this_final0_gtzan/gtzan__gtzan_reggae_00011__track.npy.npz
bt_gtzan_seed0,direct,gtzan/gtzan_reggae_00012/track.npy,gtzan,0.6707317073170732,0.585089353401739,0.872313078671279,0.728701216036509,0.0,0.0,1.0,1.0,0.49056603773584906,0.4029561179914613,0.5623169121556632,0.4826365150735622,0.1111111111111111,0.2222222222222222,0.11538461538461539,0.2222222222222222,66.0,0.0,0.0,0.044451762570840825,29.0,0.0,0.0,1.0840134892469546,0.0,/media/mengh/SharedData/zhanh/auto_structbeat/caches/pilot/beat_this_final0_gtzan/gtzan__gtzan_reggae_00012__track.npy.npz
bt_gtzan_seed0,direct,gtzan/gtzan_reggae_00013/track.npy,gtzan,1.0,0.9632190367681622,0.9632190367681622,0.9632190367681622,1.0,1.0,1.0,1.0,1.0,0.9729348766778292,0.9729348766778292,0.9729348766778292,1.0,1.0,1.0,1.0,61.0,0.0,0.0,0.04082199452025603,16.0,0.0,0.0,0.013952562094062468,0.0,/media/mengh/SharedData/zhanh/auto_structbeat/caches/pilot/beat_this_final0_gtzan/gtzan__gtzan_reggae_00013__track.npy.npz
bt_gtzan_seed0,direct,gtzan/gtzan_reggae_00014/track.npy,gtzan,0.9908256880733944,0.7660247168175208,0.7660247168175208,0.7660247168175208,0.9818181818181818,0.9818181818181818,0.9818181818181818,0.9818181818181818,0.0,1.2580013980057332e-106,0.8646907264519474,0.4323453632259737,0.0,0.0,0.9285714285714286,0.9285714285714286,66.0,0.0,0.0,0.0870113769896318,17.0,0.0,0.0,0.01417234536345534,0.0,/media/mengh/SharedData/zhanh/auto_structbeat/caches/pilot/beat_this_final0_gtzan/gtzan__gtzan_reggae_00014__track.npy.npz
bt_gtzan_seed0,direct,gtzan/gtzan_reggae_00015/track.npy,gtzan,1.0,0.9522224123531309,0.9522224123531309,0.9522224123531309,1.0,1.0,1.0,1.0,0.7027027027027027,0.6730055225985725,0.6730055225985725,0.6730055225985725,0.25,0.25,0.25,0.25,63.0,0.0,0.0,0.04255961441880263,30.0,0.0,0.0,1.0937171039769493,0.0,/media/mengh/SharedData/zhanh/auto_structbeat/caches/pilot/beat_this_final0_gtzan/gtzan__gtzan_reggae_00015__track.npy.npz
bt_gtzan_seed0,direct,gtzan/gtzan_reggae_00016/track.npy,gtzan,0.6741573033707866,0.6543894754975778,0.9393247865425954,0.7968571310200866,0.034482758620689655,0.034482758620689655,0.5806451612903226,0.9032258064516129,0.9285714285714286,0.9058003127573573,0.9058003127573573,0.9058003127573573,0.7857142857142857,0.8571428571428571,0.7857142857142857,0.8571428571428571,37.0,0.0,0.0,0.24128378846045892,16.0,0.0,0.0,0.6990819160797598,0.0,/media/mengh/SharedData/zhanh/auto_structbeat/caches/pilot/beat_this_final0_gtzan/gtzan__gtzan_reggae_00016__track.npy.npz
bt_gtzan_seed0,direct,gtzan/gtzan_reggae_00017/track.npy,gtzan,0.9904761904761905,0.8388512999375536,0.8388512999375536,0.8388512999375536,0.9811320754716981,0.9811320754716981,0.9811320754716981,0.9811320754716981,0.0,5.861442088269042e-32,3.2824143869792545e-26,1.6412101242106713e-26,0.0,0.0,0.0,0.0,63.0,0.0,0.0,0.08338160893904922,16.0,0.0,0.0,0.014247064284091423,0.0,/media/mengh/SharedData/zhanh/auto_structbeat/caches/pilot/beat_this_final0_gtzan/gtzan__gtzan_reggae_00017__track.npy.npz
bt_gtzan_seed0,direct,gtzan/gtzan_reggae_00018/track.npy,gtzan,0.9922480620155039,0.9106536204153456,0.9106536204153456,0.9106536204153456,0.9846153846153847,0.9846153846153847,0.9846153846153847,0.9846153846153847,0.27027027027027023,0.24373435435989138,0.7759080868853809,0.5098212206226361,0.0,0.0,0.47619047619047616,0.5238095238095238,78.0,0.0,0.0,0.051293294387558364,24.0,0.0,0.0,0.6671716941566829,0.0,/media/mengh/SharedData/zhanh/auto_structbeat/caches/pilot/beat_this_final0_gtzan/gtzan__gtzan_reggae_00018__track.npy.npz
bt_gtzan_seed0,direct,gtzan/gtzan_reggae_00019/track.npy,gtzan,0.6666666666666666,0.6200976704289712,0.9301465056434568,0.775122088036214,0.0,0.0,1.0,1.0,0.6363636363636364,0.586851019895846,0.9221944598363294,0.7545227398660876,0.0,0.0,1.0,1.0,36.0,0.0,0.0,0.033126755643041156,9.0,0.0,0.0,0.006116227017436859,0.0,/media/mengh/SharedData/zhanh/auto_structbeat/caches/pilot/beat_this_final0_gtzan/gtzan__gtzan_reggae_00019__track.npy.npz
bt_gtzan_seed0,direct,gtzan/gtzan_reggae_00020/track.npy,gtzan,1.0,0.9430227006050667,0.9430227006050667,0.9430227006050667,1.0,1.0,1.0,1.0,0.6666666666666666,0.6250293571394991,0.9124759250357072,0.7687526410876031,0.0,0.0,0.9615384615384616,0.9615384615384616,63.0,0.0,0.0,0.04255961441880263,31.0,0.0,0.0,0.021506205220961576,0.0,/media/mengh/SharedData/zhanh/auto_structbeat/caches/pilot/beat_this_final0_gtzan/gtzan__gtzan_reggae_00020__track.npy.npz
bt_gtzan_seed0,direct,gtzan/gtzan_reggae_00021/track.npy,gtzan,0.9692307692307692,0.7906082248526375,0.7906082248526375,0.7906082248526375,0.8307692307692308,0.9538461538461539,0.8307692307692308,0.9538461538461539,0.27027027027027023,0.24902403067640405,0.6729363592076395,0.4609801949420218,0.0,0.0,0.5238095238095238,0.5238095238095238,77.0,0.0,0.0,0.10536051565781435,24.0,0.0,0.0,0.026668247082165475,0.0,/media/mengh/SharedData/zhanh/auto_structbeat/caches/pilot/beat_this_final0_gtzan/gtzan__gtzan_reggae_00021__track.npy.npz
bt_gtzan_seed0,direct,gtzan/gtzan_reggae_00022/track.npy,gtzan,0.991869918699187,0.9615409943381293,0.9615409943381293,0.9615409943381293,0.9838709677419355,0.9838709677419355,0.9838709677419355,0.9838709677419355,0.0,4.928236459482024e-19,6.566886238936592e-19,5.747561349209308e-19,0.0,0.0,0.0,0.0,75.0,0.0,0.0,0.04879016416943971,19.0,0.0,0.0,0.017270353032898283,0.0,/media/mengh/SharedData/zhanh/auto_structbeat/caches/pilot/beat_this_final0_gtzan/gtzan__gtzan_reggae_00022__track.npy.npz
bt_gtzan_seed0,direct,gtzan/gtzan_reggae_00023/track.npy,gtzan,1.0,0.9418239794700808,0.9418239794700808,0.9418239794700808,1.0,1.0,1.0,1.0,0.0,2.9398842352977504e-112,0.9484371849713807,0.47421859248569037,0.0,0.0,1.0,1.0,65.0,0.0,0.0,0.08701137698962791,16.0,0.0,0.0,0.014554267295078811,0.0,/media/mengh/SharedData/zhanh/auto_structbeat/caches/pilot/beat_this_final0_gtzan/gtzan__gtzan_reggae_00023__track.npy.npz
bt_gtzan_seed0,direct,gtzan/gtzan_reggae_00024/track.npy,gtzan,0.9911504424778761,0.9040768587458071,0.9040768587458071,0.9040768587458071,0.9824561403508771,0.9824561403508771,0.9824561403508771,0.9824561403508771,0.5,0.45469974063547297,0.6913568848211883,0.5730283127283307,0.2222222222222222,0.2222222222222222,0.3333333333333333,0.3333333333333333,69.0,0.0,0.0,0.04652001563490016,21.0,0.0,0.0,0.6943032628000533,0.0,/media/mengh/SharedData/zhanh/auto_structbeat/caches/pilot/beat_this_final0_gtzan/gtzan__gtzan_reggae_00024__track.npy.npz
bt_gtzan_seed0,direct,gtzan/gtzan_reggae_00025/track.npy,gtzan,0.98989898989899,0.9175812581818881,0.9175812581818881,0.9175812581818881,0.98,0.98,0.98,0.98,0.6486486486486487,0.5912201850424195,0.8679973456323963,0.7296087653374079,0.0,0.0,0.92,0.92,60.0,0.0,0.0,0.08004270767353579,30.0,0.0,0.0,0.04082199452025484,0.0,/media/mengh/SharedData/zhanh/auto_structbeat/caches/pilot/beat_this_final0_gtzan/gtzan__gtzan_reggae_00025__track.npy.npz
bt_gtzan_seed0,direct,gtzan/gtzan_reggae_00026/track.npy,gtzan,0.9913043478260869,0.8599859760266767,0.8599859760266767,0.8599859760266767,0.9827586206896551,0.9827586206896551,0.9827586206896551,0.9827586206896551,0.6857142857142857,0.6705948312350147,0.8148529109003598,0.7427238710676873,0.14285714285714285,0.23809523809523808,0.2222222222222222,0.48148148148148145,69.0,0.0,0.0,0.04652001563490016,24.0,0.0,0.0,0.7262998414846994,0.0,/media/mengh/SharedData/zhanh/auto_structbeat/caches/pilot/beat_this_final0_gtzan/gtzan__gtzan_reggae_00026__track.npy.npz
bt_gtzan_seed0,direct,gtzan/gtzan_reggae_00027/track.npy,gtzan,0.9649122807017544,0.9008225957203773,0.9008225957203773,0.9008225957203773,0.9824561403508771,0.9824561403508771,0.9824561403508771,0.9824561403508771,1.0,0.92083427775171,0.92083427775171,0.92083427775171,1.0,1.0,1.0,1.0,68.0,0.0,0.0,0.09097177820572769,17.0,0.0,0.0,0.022549474419708792,0.0,/media/mengh/SharedData/zhanh/auto_structbeat/caches/pilot/beat_this_final0_gtzan/gtzan__gtzan_reggae_00027__track.npy.npz
bt_gtzan_seed0,direct,gtzan/gtzan_reggae_00028/track.npy,gtzan,0.6597938144329897,0.6503612873966471,0.9857038262105433,0.8180325568035952,0.0,0.0,1.0,1.0,1.0,0.9858238770566533,0.9858238770566533,0.9858238770566533,1.0,1.0,1.0,1.0,39.0,0.0,0.0,0.025975486403261278,18.0,0.0,0.0,0.18309085631550243,0.0,/media/mengh/SharedData/zhanh/auto_structbeat/caches/pilot/beat_this_final0_gtzan/gtzan__gtzan_reggae_00028__track.npy.npz
bt_gtzan_seed0,direct,gtzan/gtzan_reggae_00029/track.npy,gtzan,1.0,0.9561559361170774,0.9561559361170774,0.9561559361170774,1.0,1.0,1.0,1.0,0.8205128205128205,0.7886621507697752,0.8224776525656564,0.8055699016677158,0.13043478260869565,0.34782608695652173,0.16129032258064516,0.4838709677419355,75.0,0.0,0.0,0.10008345855697498,28.0,0.0,0.0,0.6931471805599453,0.0,/media/mengh/SharedData/zhanh/auto_structbeat/caches/pilot/beat_this_final0_gtzan/gtzan__gtzan_reggae_00029__track.npy.npz
bt_gtzan_seed0,direct,gtzan/gtzan_reggae_00030/track.npy,gtzan,1.0,0.975014412563809,0.975014412563809,0.975014412563809,1.0,1.0,1.0,1.0,0.0,7.173606924708716e-21,7.351004611188615e-21,7.262305767948666e-21,0.0,0.0,0.0,0.0,76.0,0.0,0.0,0.051293294387558364,24.0,0.0,0.0,0.7058862063373758,0.0,/media/mengh/SharedData/zhanh/auto_structbeat/caches/pilot/beat_this_final0_gtzan/gtzan__gtzan_reggae_00030__track.npy.npz
bt_gtzan_seed0,direct,gtzan/gtzan_reggae_00031/track.npy,gtzan,1.0,0.9391265593691933,0.9391265593691933,0.9391265593691933,1.0,1.0,1.0,1.0,1.0,0.9545670693269859,0.9545670693269859,0.9545670693269859,1.0,1.0,1.0,1.0,79.0,0.0,0.0,0.10536051565782412,20.0,0.0,0.0,0.013245226750020498,0.0,/media/mengh/SharedData/zhanh/auto_structbeat/caches/pilot/beat_this_final0_gtzan/gtzan__gtzan_reggae_00031__track.npy.npz
bt_gtzan_seed0,direct,gtzan/gtzan_reggae_00032/track.npy,gtzan,0.6875000000000001,0.6571161958474884,0.8545588449224754,0.7558375203849819,0.047619047619047616,0.09523809523809523,0.7878787878787878,0.7878787878787878,0.9375,0.8978457041088376,0.8978457041088376,0.8978457041088376,0.8125,0.8125,0.8125,0.8125,40.0,0.0,0.0,0.6931471805599444,20.0,0.0,0.0,1.1010916839607905,0.0,/media/mengh/SharedData/zhanh/auto_structbeat/caches/pilot/beat_this_final0_gtzan/gtzan__gtzan_reggae_00032__track.npy.npz
bt_gtzan_seed0,direct,gtzan/gtzan_reggae_00033/track.npy,gtzan,1.0,0.9711541318989578,0.9711541318989578,0.9711541318989578,1.0,1.0,1.0,1.0,1.0,0.9743716106521644,0.9743716106521644,0.9743716106521644,1.0,1.0,1.0,1.0,43.0,0.0,0.0,0.028987536873256725,13.0,0.0,0.0,0.3648361876721402,0.0,/media/mengh/SharedData/zhanh/auto_structbeat/caches/pilot/beat_this_final0_gtzan/gtzan__gtzan_reggae_00033__track.npy.npz
bt_gtzan_seed0,direct,gtzan/gtzan_reggae_00034/track.npy,gtzan,0.6722689075630253,0.6467994528262604,0.9621141860788709,0.8044568194525656,0.0,0.0,1.0,1.0,0.6666666666666666,0.6391963859734755,0.9587945789602133,0.7989954824668444,0.0,0.0,1.0,1.0,47.0,0.0,0.0,0.06252035698133257,12.0,0.0,0.0,0.007843177461025457,0.0,/media/mengh/SharedData/zhanh/auto_structbeat/caches/pilot/beat_this_final0_gtzan/gtzan__gtzan_reggae_00034__track.npy.npz
bt_gtzan_seed0,direct,gtzan/gtzan_reggae_00035/track.npy,gtzan,0.6666666666666666,0.6496277700379289,0.9744416550568935,0.8120347125474112,0.0,0.0,1.0,1.0,0.0,1.7732327662889884e-71,0.7719389944906708,0.3859694972453354,0.0,0.0,0.25,0.375,41.0,0.0,0.0,0.027398974188118708,15.0,0.0,0.0,0.8521558752121758,0.0,/media/mengh/SharedData/zhanh/auto_structbeat/caches/pilot/beat_this_final0_gtzan/gtzan__gtzan_reggae_00035__track.npy.npz
bt_gtzan_seed0,direct,gtzan/gtzan_reggae_00036/track.npy,gtzan,0.6605504587155963,0.6134123191179717,0.9159170244306316,0.7646646717743016,0.0,0.0,0.972972972972973,0.972972972972973,0.5641025641025642,0.5068519072793821,0.6396085623344803,0.5732302348069311,0.047619047619047616,0.09523809523809523,0.05714285714285714,0.3142857142857143,43.0,0.0,0.0,0.02898753687325417,25.0,0.0,0.0,1.1180303745252118,0.0,/media/mengh/SharedData/zhanh/auto_structbeat/caches/pilot/beat_this_final0_gtzan/gtzan__gtzan_reggae_00036__track.npy.npz
bt_gtzan_seed0,direct,gtzan/gtzan_reggae_00037/track.npy,gtzan,0.984375,0.947465243848461,0.947465243848461,0.947465243848461,0.984375,0.984375,0.984375,0.984375,1.0,0.9635380844094352,0.9635380844094352,0.9635380844094352,1.0,1.0,1.0,1.0,77.0,0.0,0.0,0.051293294387558364,19.0,0.0,0.0,0.015254782218803655,0.0,/media/mengh/SharedData/zhanh/auto_structbeat/caches/pilot/beat_this_final0_gtzan/gtzan__gtzan_reggae_00037__track.npy.npz
bt_gtzan_seed0,direct,gtzan/gtzan_reggae_00038/track.npy,gtzan,0.6722689075630253,0.6474181702674117,0.9622577374443365,0.8048379538558741,0.0,0.0,1.0,1.0,0.4,0.3850451271802416,0.6162872215328655,0.5006661743565536,0.0,0.0,0.0,0.0,95.0,0.0,0.0,0.12516314295400344,47.0,0.0,0.0,0.031748698314585266,0.0,/media/mengh/SharedData/zhanh/auto_structbeat/caches/pilot/beat_this_final0_gtzan/gtzan__gtzan_reggae_00038__track.npy.npz
bt_gtzan_seed0,direct,gtzan/gtzan_reggae_00039/track.npy,gtzan,0.6666666666666666,0.5288345732453542,0.7932518598680313,0.6610432165566927,0.0,0.0,1.0,1.0,0.6666666666666666,0.5364471483952813,0.8046707225929219,0.6705589354941016,0.0,0.0,1.0,1.0,39.0,0.0,0.0,0.17460051002517174,10.0,0.0,0.0,0.0064308903302910505,0.0,/media/mengh/SharedData/zhanh/auto_structbeat/caches/pilot/beat_this_final0_gtzan/gtzan__gtzan_reggae_00039__track.npy.npz
bt_gtzan_seed0,direct,gtzan/gtzan_reggae_00040/track.npy,gtzan,0.6666666666666667,0.5682040286199415,0.5682040286199415,0.5682040286199415,0.23076923076923078,0.48717948717948717,0.23076923076923078,0.48717948717948717,0.5454545454545455,0.39773404073856683,0.39773404073856683,0.39773404073856683,0.3076923076923077,0.3076923076923077,0.3076923076923077,0.3076923076923077,37.0,0.05555555555555555,0.05555555555555555,1.90472179903926,18.0,0.0,0.0,1.117210865518257,0.0,/media/mengh/SharedData/zhanh/auto_structbeat/caches/pilot/beat_this_final0_gtzan/gtzan__gtzan_reggae_00040__track.npy.npz
bt_gtzan_seed0,direct,gtzan/gtzan_reggae_00041/track.npy,gtzan,1.0,0.9624336917288514,0.9624336917288514,0.9624336917288514,1.0,1.0,1.0,1.0,1.0,0.9582414397362348,0.9582414397362348,0.9582414397362348,1.0,1.0,1.0,1.0,73.0,0.0,0.0,0.04879016416943971,19.0,0.0,0.0,0.01469436469828477,0.0,/media/mengh/SharedData/zhanh/auto_structbeat/caches/pilot/beat_this_final0_gtzan/gtzan__gtzan_reggae_00041__track.npy.npz
bt_gtzan_seed0,direct,gtzan/gtzan_reggae_00042/track.npy,gtzan,1.0,0.9441912163930282,0.9441912163930282,0.9441912163930282,1.0,1.0,1.0,1.0,0.0,2.5259148582797273e-33,0.41099905737621517,0.20549952868810759,0.0,0.0,0.0,0.0,60.0,0.0,0.0,0.08004270767354182,22.0,0.0,0.0,1.1762762131937694,0.0,/media/mengh/SharedData/zhanh/auto_structbeat/caches/pilot/beat_this_final0_gtzan/gtzan__gtzan_reggae_00042__track.npy.npz
bt_gtzan_seed0,direct,gtzan/gtzan_reggae_00043/track.npy,gtzan,1.0,0.8582011889306256,0.8582011889306256,0.8582011889306256,1.0,1.0,1.0,1.0,1.0,0.8888537777869076,0.8888537777869076,0.8888537777869076,1.0,1.0,1.0,1.0,78.0,0.0,0.0,0.0648100997051248,19.0,0.0,0.0,0.02597548640326125,0.0,/media/mengh/SharedData/zhanh/auto_structbeat/caches/pilot/beat_this_final0_gtzan/gtzan__gtzan_reggae_00043__track.npy.npz
bt_gtzan_seed0,direct,gtzan/gtzan_reggae_00044/track.npy,gtzan,0.927536231884058,0.8896154078937091,0.8896154078937091,0.8896154078937091,0.410958904109589,0.7534246575342466,0.410958904109589,0.7534246575342466,0.9,0.8666064626006611,0.8666064626006611,0.8666064626006611,0.5,0.6818181818181818,0.5,0.6818181818181818,73.0,0.0,0.0,0.7221347174331969,28.0,0.0,0.0,0.7077459799810999,0.0,/media/mengh/SharedData/zhanh/auto_structbeat/caches/pilot/beat_this_final0_gtzan/gtzan__gtzan_reggae_00044__track.npy.npz
bt_gtzan_seed0,direct,gtzan/gtzan_reggae_00045/track.npy,gtzan,0.9925925925925926,0.9486886564996776,0.9486886564996776,0.9486886564996776,0.9705882352941176,0.9705882352941176,0.9705882352941176,0.9705882352941176,1.0,0.948462886594213,0.948462886594213,0.948462886594213,1.0,1.0,1.0,1.0,79.0,0.0,0.0,0.05406722127028396,20.0,0.0,0.0,0.02702867238791915,0.0,/media/mengh/SharedData/zhanh/auto_structbeat/caches/pilot/beat_this_final0_gtzan/gtzan__gtzan_reggae_00045__track.npy.npz
bt_gtzan_seed0,direct,gtzan/gtzan_reggae_00046/track.npy,gtzan,1.0,0.825371659329659,0.825371659329659,0.825371659329659,1.0,1.0,1.0,1.0,0.05555555555555555,0.03369614776181369,0.7238234796255856,0.37875981369369965,0.0,0.0,0.5263157894736842,0.7894736842105263,85.0,0.0,0.0,0.057158413839957234,26.0,0.0,0.0,0.6770332433364109,0.0,/media/mengh/SharedData/zhanh/auto_structbeat/caches/pilot/beat_this_final0_gtzan/gtzan__gtzan_reggae_00046__track.npy.npz
bt_gtzan_seed0,direct,gtzan/gtzan_reggae_00047/track.npy,gtzan,1.0,0.9435011149328566,0.9435011149328566,0.9435011149328566,1.0,1.0,1.0,1.0,0.0,1.7904276374834625e-86,0.8753935270193407,0.43769676350967035,0.0,0.0,0.875,0.875,73.0,0.0,0.0,0.04879016416943971,19.0,0.0,0.0,0.01469436469828477,0.0,/media/mengh/SharedData/zhanh/auto_structbeat/caches/pilot/beat_this_final0_gtzan/gtzan__gtzan_reggae_00047__track.npy.npz
bt_gtzan_seed0,direct,gtzan/gtzan_reggae_00048/track.npy,gtzan,1.0,0.852440453112526,0.852440453112526,0.852440453112526,1.0,1.0,1.0,1.0,0.19999999999999998,0.1577029484431905,0.7433405648118627,0.4505217566275266,0.0,0.0,0.5454545454545454,0.6363636363636364,88.0,0.0,0.0,0.11778303565638337,26.0,0.0,0.0,0.6787584431078482,0.0,/media/mengh/SharedData/zhanh/auto_structbeat/caches/pilot/beat_this_final0_gtzan/gtzan__gtzan_reggae_00048__track.npy.npz
bt_gtzan_seed0,direct,gtzan/gtzan_reggae_00049/track.npy,gtzan,0.6554621848739496,0.6274328647084185,0.9333063862514182,0.7803696254799184,0.0,0.0,0.9512195121951219,0.9512195121951219,0.6896551724137931,0.6639693186771152,0.9627555120818171,0.8133624153794661,0.0,0.0,1.0,1.0,49.0,0.0,0.0,0.03278982282299518,12.0,0.0,0.0,0.008133565456216574,0.0,/media/mengh/SharedData/zhanh/auto_structbeat/caches/pilot/beat_this_final0_gtzan/gtzan__gtzan_reggae_00049__track.npy.npz
bt_gtzan_seed0,direct,gtzan/gtzan_reggae_00050/track.npy,gtzan,0.6666666666666666,0.6493188197690775,0.9739782296535128,0.8116485247112951,0.0,0.0,1.0,1.0,0.6666666666666666,0.6484956490850934,0.97274347362764,0.8106195613563667,0.0,0.0,1.0,1.0,47.0,0.0,0.0,0.031748698314585266,12.0,0.0,0.0,0.012218927110677538,0.0,/media/mengh/SharedData/zhanh/auto_structbeat/caches/pilot/beat_this_final0_gtzan/gtzan__gtzan_reggae_00050__track.npy.npz
bt_gtzan_seed0,direct,gtzan/gtzan_reggae_00051/track.npy,gtzan,1.0,0.9610380776010062,0.9610380776010062,0.9610380776010062,1.0,1.0,1.0,1.0,1.0,0.9451832564164598,0.9451832564164598,0.9451832564164598,1.0,1.0,1.0,1.0,64.0,0.0,0.0,0.04255961441880263,16.0,0.0,0.0,0.010695289116749662,0.0,/media/mengh/SharedData/zhanh/auto_structbeat/caches/pilot/beat_this_final0_gtzan/gtzan__gtzan_reggae_00051__track.npy.npz
bt_gtzan_seed0,direct,gtzan/gtzan_reggae_00052/track.npy,gtzan,1.0,0.8625621828158059,0.8625621828158059,0.8625621828158059,1.0,1.0,1.0,1.0,1.0,0.89139361353234,0.89139361353234,0.89139361353234,1.0,1.0,1.0,1.0,50.0,0.0,0.0,0.0339015516756809,12.0,0.0,0.0,0.008298802814694861,0.0,/media/mengh/SharedData/zhanh/auto_structbeat/caches/pilot/beat_this_final0_gtzan/gtzan__gtzan_reggae_00052__track.npy.npz
bt_gtzan_seed0,direct,gtzan/gtzan_reggae_00053/track.npy,gtzan,1.0,0.9317138192307907,0.9317138192307907,0.9317138192307907,1.0,1.0,1.0,1.0,0.4210526315789474,0.3767430190934611,0.7659781875586249,0.571360603326043,0.045454545454545456,0.045454545454545456,0.41935483870967744,0.41935483870967744,76.0,0.0,0.0,0.06836985184685265,25.0,0.0,0.0,0.6029863055394492,0.0,/media/mengh/SharedData/zhanh/auto_structbeat/caches/pilot/beat_this_final0_gtzan/gtzan__gtzan_reggae_00053__track.npy.npz
bt_gtzan_seed0,direct,gtzan/gtzan_reggae_00054/track.npy,gtzan,0.9579831932773109,0.8849865536408358,0.8849865536408358,0.8849865536408358,0.47540983606557374,0.8688524590163934,0.47540983606557374,0.8688524590163934,0.29411764705882354,0.28930046466736575,0.6863597665957754,0.4878301156315705,0.10526315789473684,0.10526315789473684,0.47368421052631576,0.47368421052631576,69.0,0.0,0.0,0.7104320093732063,24.0,0.0,0.0,0.705569700558502,0.0,/media/mengh/SharedData/zhanh/auto_structbeat/caches/pilot/beat_this_final0_gtzan/gtzan__gtzan_reggae_00054__track.npy.npz
bt_gtzan_seed0,direct,gtzan/gtzan_reggae_00055/track.npy,gtzan,0.8888888888888888,0.8635585203507005,0.8635585203507005,0.8635585203507005,0.8888888888888888,0.8888888888888888,0.8888888888888888,0.8888888888888888,0.8571428571428571,0.8164381058633335,0.8164381058633335,0.8164381058633335,1.0,1.0,1.0,1.0,65.0,0.0,0.0,0.04255961441880196,17.0,0.0,0.0,0.010810916104215362,0.0,/media/mengh/SharedData/zhanh/auto_structbeat/caches/pilot/beat_this_final0_gtzan/gtzan__gtzan_reggae_00055__track.npy.npz
bt_gtzan_seed0,direct,gtzan/gtzan_reggae_00056/track.npy,gtzan,1.0,0.9399099482610305,0.9399099482610305,0.9399099482610305,1.0,1.0,1.0,1.0,0.2631578947368421,0.24450163587863288,0.7133896664427649,0.47894565116069887,0.0,0.0,0.5,0.5,78.0,0.0,0.0,0.10536051565782856,25.0,0.0,0.0,0.025975486403264747,0.0,/media/mengh/SharedData/zhanh/auto_structbeat/caches/pilot/beat_this_final0_gtzan/gtzan__gtzan_reggae_00056__track.npy.npz
bt_gtzan_seed0,direct,gtzan/gtzan_reggae_00057/track.npy,gtzan,1.0,0.9226798021790026,0.9226798021790026,0.9226798021790026,1.0,1.0,1.0,1.0,1.0,0.8927498767058198,0.8927498767058198,0.8927498767058198,1.0,1.0,1.0,1.0,97.0,0.0,0.0,0.08584395292706672,25.0,0.0,0.0,0.03226086221822176,0.0,/media/mengh/SharedData/zhanh/auto_structbeat/caches/pilot/beat_this_final0_gtzan/gtzan__gtzan_reggae_00057__track.npy.npz
bt_gtzan_seed0,direct,gtzan/gtzan_reggae_00058/track.npy,gtzan,1.0,0.9048284930482572,0.9048284930482572,0.9048284930482572,1.0,1.0,1.0,1.0,1.0,0.8931475304985401,0.8931475304985401,0.8931475304985401,1.0,1.0,1.0,1.0,62.0,0.0,0.0,0.04082199452025792,16.0,0.0,0.0,0.01380983017959694,0.0,/media/mengh/SharedData/zhanh/auto_structbeat/caches/pilot/beat_this_final0_gtzan/gtzan__gtzan_reggae_00058__track.npy.npz
bt_gtzan_seed0,direct,gtzan/gtzan_reggae_00059/track.npy,gtzan,1.0,0.9803156969412821,0.9803156969412821,0.9803156969412821,1.0,1.0,1.0,1.0,0.43902439024390244,0.4336089540275766,0.8422245062939396,0.6379167301607581,0.0,0.0,0.25806451612903225,0.5806451612903226,77.0,0.0,0.0,0.051293294387558364,32.0,0.0,0.0,0.7144401622593272,0.0,/media/mengh/SharedData/zhanh/auto_structbeat/caches/pilot/beat_this_final0_gtzan/gtzan__gtzan_reggae_00059__track.npy.npz
bt_gtzan_seed0,direct,gtzan/gtzan_reggae_00060/track.npy,gtzan,1.0,0.9456771290568878,0.9456771290568878,0.9456771290568878,1.0,1.0,1.0,1.0,1.0,0.9772455567266389,0.9772455567266389,0.9772455567266389,1.0,1.0,1.0,1.0,57.0,0.0,0.0,0.07696104113612776,14.0,0.0,0.0,0.02327357812812158,0.0,/media/mengh/SharedData/zhanh/auto_structbeat/caches/pilot/beat_this_final0_gtzan/gtzan__gtzan_reggae_00060__track.npy.npz
bt_gtzan_seed0,direct,gtzan/gtzan_reggae_00061/track.npy,gtzan,1.0,0.9801843407324135,0.9801843407324135,0.9801843407324135,1.0,1.0,1.0,1.0,1.0,0.9798028862739261,0.9798028862739261,0.9798028862739261,1.0,1.0,1.0,1.0,46.0,0.0,0.0,0.030771658666755797,11.0,0.0,0.0,0.007662872745570315,0.0,/media/mengh/SharedData/zhanh/auto_structbeat/caches/pilot/beat_this_final0_gtzan/gtzan__gtzan_reggae_00061__track.npy.npz
bt_gtzan_seed0,direct,gtzan/gtzan_reggae_00062/track.npy,gtzan,1.0,0.9220445013144648,0.9220445013144648,0.9220445013144648,1.0,1.0,1.0,1.0,0.8823529411764706,0.831191107128677,0.831191107128677,0.831191107128677,0.631578947368421,0.631578947368421,0.631578947368421,0.631578947368421,76.0,0.0,0.0,0.11979555114474444,23.0,0.0,0.0,0.03774032798284732,0.0,/media/mengh/SharedData/zhanh/auto_structbeat/caches/pilot/beat_this_final0_gtzan/gtzan__gtzan_reggae_00062__track.npy.npz
bt_gtzan_seed0,direct,gtzan/gtzan_reggae_00063/track.npy,gtzan,0.6725663716814159,0.6455429075113504,0.9598203756418134,0.8026816415765818,0.0,0.0,1.0,1.0,0.9142857142857143,0.867828882745233,0.867828882745233,0.867828882745233,0.47368421052631576,0.6842105263157895,0.47368421052631576,0.6842105263157895,46.0,0.0,0.0,0.030771658666755797,20.0,0.0,0.0,0.7019507432132994,0.0,/media/mengh/SharedData/zhanh/auto_structbeat/caches/pilot/beat_this_final0_gtzan/gtzan__gtzan_reggae_00063__track.npy.npz
bt_gtzan_seed0,direct,gtzan/gtzan_reggae_00064/track.npy,gtzan,0.6728971962616822,0.6446227869208903,0.9579810861185452,0.8013019365197177,0.0,0.0,1.0,1.0,0.6666666666666666,0.6405417719575118,0.9608126579362677,0.8006772149468897,0.0,0.0,1.0,1.0,43.0,0.0,0.0,0.057158413839947464,10.0,0.0,0.0,0.014285957247477143,0.0,/media/mengh/SharedData/zhanh/auto_structbeat/caches/pilot/beat_this_final0_gtzan/gtzan__gtzan_reggae_00064__track.npy.npz
bt_gtzan_seed0,direct,gtzan/gtzan_reggae_00065/track.npy,gtzan,0.6727272727272727,0.6488104905077655,0.9644480264304601,0.8066292584691128,0.0,0.0,1.0,1.0,0.6666666666666666,0.6511758746945652,0.9767638120418477,0.8139698433682064,0.0,0.0,1.0,1.0,44.0,0.0,0.0,0.05884050002293223,11.0,0.0,0.0,0.007380107297623573,0.0,/media/mengh/SharedData/zhanh/auto_structbeat/caches/pilot/beat_this_final0_gtzan/gtzan__gtzan_reggae_00065__track.npy.npz
bt_gtzan_seed0,direct,gtzan/gtzan_reggae_00066/track.npy,gtzan,0.9850746268656716,0.955201799686644,0.955201799686644,0.955201799686644,0.9705882352941176,0.9705882352941176,0.9705882352941176,0.9705882352941176,0.11764705882352941,0.11633094642485087,0.8406227686237073,0.4784768575242791,0.0,0.0,0.7777777777777778,0.7777777777777778,41.0,0.025,0.025,0.058501923647901855,13.0,0.0,0.0,0.35651847501431744,0.0,/media/mengh/SharedData/zhanh/auto_structbeat/caches/pilot/beat_this_final0_gtzan/gtzan__gtzan_reggae_00066__track.npy.npz
bt_gtzan_seed0,direct,gtzan/gtzan_reggae_00067/track.npy,gtzan,1.0,0.9660076892254064,0.9660076892254064,0.9660076892254064,1.0,1.0,1.0,1.0,1.0,0.9559330314697123,0.9559330314697123,0.9559330314697123,1.0,1.0,1.0,1.0,84.0,0.0,0.0,0.05715841383995699,21.0,0.0,0.0,0.028170876966695853,0.0,/media/mengh/SharedData/zhanh/auto_structbeat/caches/pilot/beat_this_final0_gtzan/gtzan__gtzan_reggae_00067__track.npy.npz
bt_gtzan_seed0,direct,gtzan/gtzan_reggae_00068/track.npy,gtzan,1.0,0.891462128821078,0.891462128821078,0.891462128821078,1.0,1.0,1.0,1.0,1.0,0.8494981159920774,0.8494981159920774,0.8494981159920774,1.0,1.0,1.0,1.0,69.0,0.0,0.0,0.09097177820572697,18.0,0.0,0.0,0.02854246661862178,0.0,/media/mengh/SharedData/zhanh/auto_structbeat/caches/pilot/beat_this_final0_gtzan/gtzan__gtzan_reggae_00068__track.npy.npz
bt_gtzan_seed0,direct,gtzan/gtzan_reggae_00069/track.npy,gtzan,1.0,0.9594744556557524,0.9594744556557524,0.9594744556557524,1.0,1.0,1.0,1.0,1.0,0.9602566597012208,0.9602566597012208,0.9602566597012208,1.0,1.0,1.0,1.0,73.0,0.0,0.0,0.04879016416943971,18.0,0.0,0.0,0.024391453124158802,0.0,/media/mengh/SharedData/zhanh/auto_structbeat/caches/pilot/beat_this_final0_gtzan/gtzan__gtzan_reggae_00069__track.npy.npz
bt_gtzan_seed0,direct,gtzan/gtzan_reggae_00070/track.npy,gtzan,0.6666666666666666,0.6124611467471742,0.9186917201207484,0.7655764334339613,0.0,0.0,1.0,1.0,0.6896551724137931,0.6404737330141576,0.9286869128705284,0.7845803229423429,0.0,0.0,1.0,1.0,44.0,0.0,0.0,0.05884050002293473,11.0,0.0,0.0,0.02197890671877545,0.0,/media/mengh/SharedData/zhanh/auto_structbeat/caches/pilot/beat_this_final0_gtzan/gtzan__gtzan_reggae_00070__track.npy.npz
bt_gtzan_seed0,direct,gtzan/gtzan_reggae_00071/track.npy,gtzan,0.6666666666666666,0.6487899587589463,0.9731849381384193,0.8109874484486828,0.0,0.0,1.0,1.0,0.88,0.8590463457901236,0.8590463457901236,0.8590463457901236,0.5714285714285714,0.5714285714285714,0.5714285714285714,0.5714285714285714,35.0,0.0,0.0,0.0327263047000754,13.0,0.0,0.0,0.3612713987112681,0.0,/media/mengh/SharedData/zhanh/auto_structbeat/caches/pilot/beat_this_final0_gtzan/gtzan__gtzan_reggae_00071__track.npy.npz
bt_gtzan_seed0,direct,gtzan/gtzan_reggae_00072/track.npy,gtzan,1.0,0.9576901568833562,0.9576901568833562,0.9576901568833562,1.0,1.0,1.0,1.0,1.0,0.9739519735747009,0.9739519735747009,0.9739519735747009,1.0,1.0,1.0,1.0,42.0,0.0,0.0,0.02817087696670073,11.0,0.0,0.0,0.0070175726586469535,0.0,/media/mengh/SharedData/zhanh/auto_structbeat/caches/pilot/beat_this_final0_gtzan/gtzan__gtzan_reggae_00072__track.npy.npz
bt_gtzan_seed0,direct,gtzan/gtzan_reggae_00073/track.npy,gtzan,0.958904109589041,0.9253409924865927,0.9253409924865927,0.9253409924865927,0.5263157894736842,0.9210526315789473,0.5263157894736842,0.9210526315789473,0.9411764705882353,0.9112910150863627,0.9112910150863627,0.9112910150863627,0.8888888888888888,0.8888888888888888,0.8888888888888888,0.8888888888888888,46.0,0.08888888888888889,0.08888888888888889,2.0794415416798544,11.0,0.0,0.0,0.1837851758583522,0.0,/media/mengh/SharedData/zhanh/auto_structbeat/caches/pilot/beat_this_final0_gtzan/gtzan__gtzan_reggae_00073__track.npy.npz
bt_gtzan_seed0,direct,gtzan/gtzan_reggae_00074/track.npy,gtzan,1.0,0.9666711038870767,0.9666711038870767,0.9666711038870767,1.0,1.0,1.0,1.0,0.9411764705882353,0.9060386671267059,0.9060386671267059,0.9060386671267059,0.8888888888888888,0.8888888888888888,0.8888888888888888,0.8888888888888888,43.0,0.023809523809523808,0.023809523809523808,0.08961215868968703,11.0,0.0,0.0,0.17402253867130918,0.0,/media/mengh/SharedData/zhanh/auto_structbeat/caches/pilot/beat_this_final0_gtzan/gtzan__gtzan_reggae_00074__track.npy.npz
bt_gtzan_seed0,direct,gtzan/gtzan_reggae_00075/track.npy,gtzan,0.9833333333333333,0.6936918977554515,0.6936918977554515,0.6936918977554515,1.0,1.0,1.0,1.0,0.9333333333333333,0.6814086931552424,0.6814086931552424,0.6814086931552424,1.0,1.0,1.0,1.0,72.0,0.0,0.0,0.04879016416943971,19.0,0.0,0.0,0.15814259861131733,0.0,/media/mengh/SharedData/zhanh/auto_structbeat/caches/pilot/beat_this_final0_gtzan/gtzan__gtzan_reggae_00075__track.npy.npz
bt_gtzan_seed0,direct,gtzan/gtzan_reggae_00076/track.npy,gtzan,1.0,0.9034923428988478,0.9034923428988478,0.9034923428988478,1.0,1.0,1.0,1.0,0.0,1.0294156800445344e-306,0.7665015261894097,0.38325076309470485,0.0,0.0,0.7777777777777778,0.7777777777777778,40.0,0.0,0.0,0.025975486403264747,10.0,0.0,0.0,0.00655740054615993,0.0,/media/mengh/SharedData/zhanh/auto_structbeat/caches/pilot/beat_this_final0_gtzan/gtzan__gtzan_reggae_00076__track.npy.npz
bt_gtzan_seed0,direct,gtzan/gtzan_reggae_00077/track.npy,gtzan,0.6593406593406593,0.6437860648837561,0.9764088650736967,0.8100974649787265,0.0,0.0,1.0,1.0,0.8,0.7720476235042915,0.8502049458754513,0.8111262846898714,0.13333333333333333,0.26666666666666666,0.3,0.6,37.0,0.0,0.0,0.049156241091002834,13.0,0.0,0.0,0.7023591596430409,0.0,/media/mengh/SharedData/zhanh/auto_structbeat/caches/pilot/beat_this_final0_gtzan/gtzan__gtzan_reggae_00077__track.npy.npz
bt_gtzan_seed0,direct,gtzan/gtzan_reggae_00078/track.npy,gtzan,0.6666666666666666,0.6287647844607219,0.9431471766910828,0.7859559805759024,0.0,0.0,1.0,1.0,0.7142857142857143,0.6732302823494635,0.7558623408527945,0.714546311601129,0.125,0.1875,0.25,0.5,40.0,0.0,0.0,0.026668247082165475,16.0,0.0,0.0,1.196990774615257,0.0,/media/mengh/SharedData/zhanh/auto_structbeat/caches/pilot/beat_this_final0_gtzan/gtzan__gtzan_reggae_00078__track.npy.npz
bt_gtzan_seed0,direct,gtzan/gtzan_reggae_00079/track.npy,gtzan,0.9921259842519685,0.9229417817618236,0.9229417817618236,0.9229417817618236,0.984375,0.984375,0.984375,0.984375,0.967741935483871,0.9104982413026118,0.9104982413026118,0.9104982413026118,0.9375,0.9375,0.9375,0.9375,75.0,0.0,0.0,0.10008345855698128,18.0,0.0,0.0,0.025317807984289897,0.0,/media/mengh/SharedData/zhanh/auto_structbeat/caches/pilot/beat_this_final0_gtzan/gtzan__gtzan_reggae_00079__track.npy.npz
bt_gtzan_seed0,direct,gtzan/gtzan_reggae_00080/track.npy,gtzan,1.0,0.9849525345070171,0.9849525345070171,0.9849525345070171,1.0,1.0,1.0,1.0,1.0,0.9782497354511458,0.9782497354511458,0.9782497354511458,1.0,1.0,1.0,1.0,50.0,0.0,0.0,0.033901551675686106,12.0,0.0,0.0,0.008368249670517858,0.0,/media/mengh/SharedData/zhanh/auto_structbeat/caches/pilot/beat_this_final0_gtzan/gtzan__gtzan_reggae_00080__track.npy.npz
bt_gtzan_seed0,direct,gtzan/gtzan_reggae_00081/track.npy,gtzan,1.0,0.9775784309604784,0.9775784309604784,0.9775784309604784,1.0,1.0,1.0,1.0,1.0,0.9827619893233674,0.9827619893233674,0.9827619893233674,1.0,1.0,1.0,1.0,51.0,0.0,0.0,0.0666913744986708,13.0,0.0,0.0,0.008368249670517858,0.0,/media/mengh/SharedData/zhanh/auto_structbeat/caches/pilot/beat_this_final0_gtzan/gtzan__gtzan_reggae_00081__track.npy.npz
bt_gtzan_seed0,direct,gtzan/gtzan_reggae_00082/track.npy,gtzan,1.0,0.9775784309604784,0.9775784309604784,0.9775784309604784,1.0,1.0,1.0,1.0,1.0,0.9827619893233674,0.9827619893233674,0.9827619893233674,1.0,1.0,1.0,1.0,51.0,0.0,0.0,0.0666913744986708,13.0,0.0,0.0,0.008368249670517858,0.0,/media/mengh/SharedData/zhanh/auto_structbeat/caches/pilot/beat_this_final0_gtzan/gtzan__gtzan_reggae_00082__track.npy.npz
bt_gtzan_seed0,direct,gtzan/gtzan_reggae_00083/track.npy,gtzan,0.8928571428571429,0.7689802345337621,0.7689802345337621,0.7689802345337621,0.9285714285714286,0.9285714285714286,0.9285714285714286,0.9285714285714286,0.7142857142857143,0.5987899998316145,0.5987899998316145,0.5987899998316145,1.0,1.0,1.0,1.0,33.0,0.0,0.0,1.299566511214694,8.0,0.0,0.0,0.0760418124163601,0.0,/media/mengh/SharedData/zhanh/auto_structbeat/caches/pilot/beat_this_final0_gtzan/gtzan__gtzan_reggae_00083__track.npy.npz
bt_gtzan_seed0,direct,gtzan/gtzan_reggae_00084/track.npy,gtzan,1.0,0.9153097160168916,0.9153097160168916,0.9153097160168916,1.0,1.0,1.0,1.0,0.9565217391304348,0.8164499071347039,0.8164499071347039,0.8164499071347039,0.6666666666666666,0.8333333333333334,0.6666666666666666,0.8333333333333334,50.0,0.0,0.0,0.03390155167568665,14.0,0.0,0.0,0.692342134131801,0.0,/media/mengh/SharedData/zhanh/auto_structbeat/caches/pilot/beat_this_final0_gtzan/gtzan__gtzan_reggae_00084__track.npy.npz
bt_gtzan_seed0,direct,gtzan/gtzan_reggae_00085/track.npy,gtzan,1.0,0.9144471056936848,0.9144471056936848,0.9144471056936848,1.0,1.0,1.0,1.0,0.918918918918919,0.7978030877563572,0.7978030877563572,0.7978030877563572,0.8421052631578947,0.8421052631578947,0.8421052631578947,0.8421052631578947,87.0,0.0,0.0,0.11778303565638115,23.0,0.0,0.0,0.028987536873252895,0.0,/media/mengh/SharedData/zhanh/auto_structbeat/caches/pilot/beat_this_final0_gtzan/gtzan__gtzan_reggae_00085__track.npy.npz
bt_gtzan_seed0,direct,gtzan/gtzan_reggae_00087/track.npy,gtzan,1.0,0.9533446136114669,0.9533446136114669,0.9533446136114669,1.0,1.0,1.0,1.0,1.0,0.9616659787588367,0.9616659787588367,0.9616659787588367,1.0,1.0,1.0,1.0,41.0,0.0,0.0,0.05556985115480991,10.0,0.0,0.0,0.006920442844574826,0.0,/media/mengh/SharedData/zhanh/auto_structbeat/caches/pilot/beat_this_final0_gtzan/gtzan__gtzan_reggae_00087__track.npy.npz
bt_gtzan_seed0,direct,gtzan/gtzan_reggae_00088/track.npy,gtzan,1.0,0.9549659384678509,0.9549659384678509,0.9549659384678509,1.0,1.0,1.0,1.0,1.0,0.9486722668706851,0.9486722668706851,0.9486722668706851,1.0,1.0,1.0,1.0,54.0,0.0,0.0,0.07145896398214346,13.0,0.0,0.0,0.018018505502678306,0.0,/media/mengh/SharedData/zhanh/auto_structbeat/caches/pilot/beat_this_final0_gtzan/gtzan__gtzan_reggae_00088__track.npy.npz
bt_gtzan_seed0,direct,gtzan/gtzan_reggae_00089/track.npy,gtzan,0.9919999999999999,0.8501392966513539,0.8501392966513539,0.8501392966513539,0.9841269841269841,0.9841269841269841,0.9841269841269841,0.9841269841269841,0.6521739130434783,0.5849735795677896,0.8424728397262229,0.7137232096470063,0.0,0.0,0.9354838709677419,0.9354838709677419,75.0,0.0,0.0,0.10008345855698031,37.0,0.0,0.0,0.05001042057466251,0.0,/media/mengh/SharedData/zhanh/auto_structbeat/caches/pilot/beat_this_final0_gtzan/gtzan__gtzan_reggae_00089__track.npy.npz
bt_gtzan_seed0,direct,gtzan/gtzan_reggae_00090/track.npy,gtzan,0.6666666666666666,0.5755632444468114,0.8633448666702171,0.7194540555585143,0.0,0.0,1.0,1.0,0.6923076923076923,0.5718674883584118,0.7620053638875028,0.6669364261229573,0.0625,0.0625,0.7,0.7,39.0,0.0,0.0,0.05129329438754937,12.0,0.0,0.0,0.6966615695142688,0.0,/media/mengh/SharedData/zhanh/auto_structbeat/caches/pilot/beat_this_final0_gtzan/gtzan__gtzan_reggae_00090__track.npy.npz
bt_gtzan_seed0,direct,gtzan/gtzan_reggae_00091/track.npy,gtzan,1.0,0.8774378480770585,0.8774378480770585,0.8774378480770585,1.0,1.0,1.0,1.0,1.0,0.8793914902028086,0.8793914902028086,0.8793914902028086,1.0,1.0,1.0,1.0,72.0,0.0,0.0,0.09531017980432759,19.0,0.0,0.0,0.15814259861131713,0.0,/media/mengh/SharedData/zhanh/auto_structbeat/caches/pilot/beat_this_final0_gtzan/gtzan__gtzan_reggae_00091__track.npy.npz
bt_gtzan_seed0,direct,gtzan/gtzan_reggae_00092/track.npy,gtzan,1.0,0.8791464989025104,0.8791464989025104,0.8791464989025104,1.0,1.0,1.0,1.0,0.7804878048780487,0.6720123444632665,0.7657266141033967,0.7188694792833317,0.24,0.28,0.5161290322580645,0.5806451612903226,73.0,0.0,0.0,0.04879016416943971,29.0,0.0,0.0,0.7052685410922898,0.0,/media/mengh/SharedData/zhanh/auto_structbeat/caches/pilot/beat_this_final0_gtzan/gtzan__gtzan_reggae_00092__track.npy.npz
bt_gtzan_seed0,direct,gtzan/gtzan_reggae_00093/track.npy,gtzan,0.6725663716814159,0.6166890242541616,0.9169192071142465,0.766804115684204,0.0,0.0,1.0,1.0,1.0,0.9255682390414868,0.9255682390414868,0.9255682390414868,1.0,1.0,1.0,1.0,45.0,0.0,0.0,0.03077165866675422,22.0,0.0,0.0,0.693147180559945,0.0,/media/mengh/SharedData/zhanh/auto_structbeat/caches/pilot/beat_this_final0_gtzan/gtzan__gtzan_reggae_00093__track.npy.npz
bt_gtzan_seed0,direct,gtzan/gtzan_reggae_00094/track.npy,gtzan,1.0,0.9506877067695781,0.9506877067695781,0.9506877067695781,1.0,1.0,1.0,1.0,1.0,0.9276133751718368,0.9276133751718368,0.9276133751718368,1.0,1.0,1.0,1.0,64.0,0.0,0.0,0.04255961441880263,16.0,0.0,0.0,0.01424706428409124,0.0,/media/mengh/SharedData/zhanh/auto_structbeat/caches/pilot/beat_this_final0_gtzan/gtzan__gtzan_reggae_00094__track.npy.npz
bt_gtzan_seed0,direct,gtzan/gtzan_reggae_00095/track.npy,gtzan,0.9902912621359222,0.9651312228083897,0.9651312228083897,0.9651312228083897,0.9807692307692307,0.9807692307692307,0.9807692307692307,0.9807692307692307,0.7692307692307693,0.7400771639111264,0.7400771639111264,0.7400771639111264,0.6923076923076923,0.6923076923076923,0.6923076923076923,0.6923076923076923,61.0,0.0,0.0,0.040821994520261584,15.0,0.0,0.0,0.014465387102420055,0.0,/media/mengh/SharedData/zhanh/auto_structbeat/caches/pilot/beat_this_final0_gtzan/gtzan__gtzan_reggae_00095__track.npy.npz
bt_gtzan_seed0,direct,gtzan/gtzan_reggae_00096/track.npy,gtzan,1.0,0.9486533752770425,0.9486533752770425,0.9486533752770425,1.0,1.0,1.0,1.0,0.9473684210526316,0.9086347876974198,0.9086347876974198,0.9086347876974198,0.8,0.85,0.8,0.85,89.0,0.0,0.0,0.11778303565638115,25.0,0.0,0.0,1.0417472010271838,0.0,/media/mengh/SharedData/zhanh/auto_structbeat/caches/pilot/beat_this_final0_gtzan/gtzan__gtzan_reggae_00096__track.npy.npz
bt_gtzan_seed0,direct,gtzan/gtzan_reggae_00097/track.npy,gtzan,0.45977011494252884,0.41505467565193915,0.41505467565193915,0.41505467565193915,0.0,0.0,0.0,0.0,0.37037037037037035,0.33357403554073833,0.5226774080993712,0.4281257218200548,0.0,0.0,0.0,0.0,78.0,0.0,0.0,0.10536051565782689,26.0,0.0,0.0,0.03509131981126934,0.0,/media/mengh/SharedData/zhanh/auto_structbeat/caches/pilot/beat_this_final0_gtzan/gtzan__gtzan_reggae_00097__track.npy.npz
bt_gtzan_seed0,direct,gtzan/gtzan_reggae_00098/track.npy,gtzan,0.6666666666666666,0.5555989188103756,0.8333968650648022,0.6944978919375888,0.0,0.0,1.0,1.0,0.6842105263157895,0.5792929309626288,0.8466588990992268,0.7129759150309278,0.0,0.0,1.0,1.0,61.0,0.0,0.0,0.08004270767353569,16.0,0.0,0.0,0.020202707317519795,0.0,/media/mengh/SharedData/zhanh/auto_structbeat/caches/pilot/beat_this_final0_gtzan/gtzan__gtzan_reggae_00098__track.npy.npz
bt_gtzan_seed0,direct,gtzan/gtzan_reggae_00099/track.npy,gtzan,0.9846153846153847,0.9219181053464167,0.9219181053464167,0.9219181053464167,0.7857142857142857,0.9591836734693877,0.7857142857142857,0.9591836734693877,0.4897959183673469,0.4705105607601295,0.6404171521457318,0.5554638564529306,0.0,0.0,0.20833333333333334,0.25,116.0,0.0,0.0,0.24116205681689729,30.0,0.0,0.0,1.9757147722583983,0.0,/media/mengh/SharedData/zhanh/auto_structbeat/caches/pilot/beat_this_final0_gtzan/gtzan__gtzan_reggae_00099__track.npy.npz
bt_gtzan_seed0,direct,gtzan/gtzan_rock_00000/track.npy,gtzan,0.8235294117647058,0.7060344772630839,0.7060344772630839,0.7060344772630839,0.8235294117647058,0.8235294117647058,0.8235294117647058,0.8235294117647058,0.8461538461538461,0.6513269587618046,0.6513269587618046,0.6513269587618046,1.0,1.0,1.0,1.0,61.0,0.0,0.0,0.08338160893905311,15.0,0.0,0.0,0.024305307384394924,0.0,/media/mengh/SharedData/zhanh/auto_structbeat/caches/pilot/beat_this_final0_gtzan/gtzan__gtzan_rock_00000__track.npy.npz
bt_gtzan_seed0,direct,gtzan/gtzan_rock_00001/track.npy,gtzan,1.0,0.7996171510099022,0.7996171510099022,0.7996171510099022,1.0,1.0,1.0,1.0,1.0,0.7779747884518584,0.7779747884518584,0.7779747884518584,1.0,1.0,1.0,1.0,38.0,0.0,0.0,0.05033113902788624,9.0,0.0,0.0,0.012578782206860683,0.0,/media/mengh/SharedData/zhanh/auto_structbeat/caches/pilot/beat_this_final0_gtzan/gtzan__gtzan_rock_00001__track.npy.npz
bt_gtzan_seed0,direct,gtzan/gtzan_rock_00002/track.npy,gtzan,1.0,0.9369036174594757,0.9369036174594757,0.9369036174594757,1.0,1.0,1.0,1.0,1.0,0.9484477893961408,0.9484477893961408,0.9484477893961408,1.0,1.0,1.0,1.0,53.0,0.0,0.0,0.035091319811275556,13.0,0.0,0.0,0.02183753175133135,0.0,/media/mengh/SharedData/zhanh/auto_structbeat/caches/pilot/beat_this_final0_gtzan/gtzan__gtzan_rock_00002__track.npy.npz
bt_gtzan_seed0,direct,gtzan/gtzan_rock_00003/track.npy,gtzan,1.0,0.905080588723685,0.905080588723685,0.905080588723685,1.0,1.0,1.0,1.0,0.0,1.0929568902815685e-209,0.8346833021398956,0.4173416510699478,0.0,0.0,0.9,0.9,48.0,0.0,0.0,0.031748698314585266,12.0,0.0,0.0,0.012218927110677189,0.0,/media/mengh/SharedData/zhanh/auto_structbeat/caches/pilot/beat_this_final0_gtzan/gtzan__gtzan_rock_00003__track.npy.npz
bt_gtzan_seed0,direct,gtzan/gtzan_rock_00004/track.npy,gtzan,1.0,0.8194751476960758,0.8194751476960758,0.8194751476960758,1.0,1.0,1.0,1.0,1.0,0.7816666611304004,0.7816666611304004,0.7816666611304004,1.0,1.0,1.0,1.0,39.0,0.0,0.0,0.025975486403264747,10.0,0.0,0.0,0.01719698435569002,0.0,/media/mengh/SharedData/zhanh/auto_structbeat/caches/pilot/beat_this_final0_gtzan/gtzan__gtzan_rock_00004__track.npy.npz
bt_gtzan_seed0,direct,gtzan/gtzan_rock_00005/track.npy,gtzan,0.625,0.574158844089815,0.7984571375919449,0.68630799084088,0.07042253521126761,0.08450704225352113,0.5925925925925926,0.691358024691358,0.16666666666666666,0.1561264012725028,0.1561264012725028,0.1561264012725028,0.2857142857142857,0.5,0.2857142857142857,0.5,87.0,0.0,0.0,0.7259370033829298,20.0,0.0,0.0,1.0986122886681096,0.0,/media/mengh/SharedData/zhanh/auto_structbeat/caches/pilot/beat_this_final0_gtzan/gtzan__gtzan_rock_00005__track.npy.npz
bt_gtzan_seed0,direct,gtzan/gtzan_rock_00006/track.npy,gtzan,0.6478873239436619,0.6070345037471877,0.8626513711873157,0.7348429374672517,0.02127659574468085,0.02127659574468085,0.7659574468085106,0.9574468085106383,0.5555555555555556,0.5078530895940121,0.7250302910573931,0.6164416903257026,0.0,0.0,0.9166666666666666,0.9166666666666666,56.0,0.0,0.0,0.07696104113612737,15.0,0.0,0.0,0.03818013011621337,0.0,/media/mengh/SharedData/zhanh/auto_structbeat/caches/pilot/beat_this_final0_gtzan/gtzan__gtzan_rock_00006__track.npy.npz
bt_gtzan_seed0,direct,gtzan/gtzan_rock_00007/track.npy,gtzan,1.0,0.8486696222991882,0.8486696222991882,0.8486696222991882,1.0,1.0,1.0,1.0,1.0,0.8751040743751822,0.8751040743751822,0.8751040743751822,1.0,1.0,1.0,1.0,45.0,0.0,0.0,0.055941746335607695,12.0,0.0,0.0,0.023085918335637546,0.0,/media/mengh/SharedData/zhanh/auto_structbeat/caches/pilot/beat_this_final0_gtzan/gtzan__gtzan_rock_00007__track.npy.npz
bt_gtzan_seed0,direct,gtzan/gtzan_rock_00008/track.npy,gtzan,0.7567567567567567,0.6461388619370585,0.6461388619370585,0.6461388619370585,0.6216216216216216,0.972972972972973,0.6216216216216216,0.972972972972973,0.7,0.6398930435615642,0.6398930435615642,0.6398930435615642,1.0,1.0,1.0,1.0,45.0,0.0,0.0,0.056033615887315924,12.0,0.0,0.0,0.02264247674976072,0.0,/media/mengh/SharedData/zhanh/auto_structbeat/caches/pilot/beat_this_final0_gtzan/gtzan__gtzan_rock_00008__track.npy.npz
bt_gtzan_seed0,direct,gtzan/gtzan_rock_00009/track.npy,gtzan,1.0,0.9022385611579232,0.9022385611579232,0.9022385611579232,1.0,1.0,1.0,1.0,0.0,0.0,0.8240580480766666,0.4120290240383333,0.0,0.0,0.875,0.875,38.0,0.0,0.0,0.050010420574660236,9.0,0.0,0.0,0.010630997839040864,0.0,/media/mengh/SharedData/zhanh/auto_structbeat/caches/pilot/beat_this_final0_gtzan/gtzan__gtzan_rock_00009__track.npy.npz
bt_gtzan_seed0,direct,gtzan/gtzan_rock_00010/track.npy,gtzan,1.0,0.8529064131260494,0.8529064131260494,0.8529064131260494,1.0,1.0,1.0,1.0,1.0,0.8329390977328779,0.8329390977328779,0.8329390977328779,1.0,1.0,1.0,1.0,42.0,0.0,0.0,0.02743756932704756,11.0,0.0,0.0,0.02064860740647374,0.0,/media/mengh/SharedData/zhanh/auto_structbeat/caches/pilot/beat_this_final0_gtzan/gtzan__gtzan_rock_00010__track.npy.npz
bt_gtzan_seed0,direct,gtzan/gtzan_rock_00011/track.npy,gtzan,1.0,0.868604230600558,0.868604230600558,0.868604230600558,1.0,1.0,1.0,1.0,1.0,0.8401918582280503,0.8401918582280503,0.8401918582280503,1.0,1.0,1.0,1.0,58.0,0.0,0.0,0.07696104113612842,14.0,0.0,0.0,0.03727415278285188,0.0,/media/mengh/SharedData/zhanh/auto_structbeat/caches/pilot/beat_this_final0_gtzan/gtzan__gtzan_rock_00011__track.npy.npz
bt_gtzan_seed0,direct,gtzan/gtzan_rock_00012/track.npy,gtzan,1.0,0.879323742567611,0.879323742567611,0.879323742567611,1.0,1.0,1.0,1.0,1.0,0.8593890998935199,0.8593890998935199,0.8593890998935199,1.0,1.0,1.0,1.0,56.0,0.0,0.0,0.07410797215372678,14.0,0.0,0.0,0.01886848430438366,0.0,/media/mengh/SharedData/zhanh/auto_structbeat/caches/pilot/beat_this_final0_gtzan/gtzan__gtzan_rock_00012__track.npy.npz
bt_gtzan_seed0,direct,gtzan/gtzan_rock_00013/track.npy,gtzan,1.0,0.8839594479419551,0.8839594479419551,0.8839594479419551,1.0,1.0,1.0,1.0,1.0,0.8555513116744782,0.8555513116744782,0.8555513116744782,1.0,1.0,1.0,1.0,46.0,0.0,0.0,0.056293233291155514,11.0,0.0,0.0,0.015267472130788185,0.0,/media/mengh/SharedData/zhanh/auto_structbeat/caches/pilot/beat_this_final0_gtzan/gtzan__gtzan_rock_00013__track.npy.npz
bt_gtzan_seed0,direct,gtzan/gtzan_rock_00014/track.npy,gtzan,0.4390243902439025,0.4007398953254771,0.43116007514696664,0.41594998523622184,0.08333333333333333,0.10416666666666667,0.08333333333333333,0.10416666666666667,0.06896551724137931,0.06819524382891362,0.08598530732684508,0.07709027557787934,0.0,0.0,0.058823529411764705,0.058823529411764705,41.0,0.0,0.0,1.0986122886681127,19.0,0.0,0.0,0.6949493810545059,0.0,/media/mengh/SharedData/zhanh/auto_structbeat/caches/pilot/beat_this_final0_gtzan/gtzan__gtzan_rock_00014__track.npy.npz
bt_gtzan_seed0,direct,gtzan/gtzan_rock_00015/track.npy,gtzan,0.9885057471264368,0.8346779802713368,0.8346779802713368,0.8346779802713368,0.9772727272727273,0.9772727272727273,0.9772727272727273,0.9772727272727273,0.9565217391304348,0.8061585826170731,0.8061585826170731,0.8061585826170731,0.8333333333333334,0.8333333333333334,0.8333333333333334,0.8333333333333334,52.0,0.0,0.0,0.10178269430994141,14.0,0.0,0.0,0.6599823874127797,0.0,/media/mengh/SharedData/zhanh/auto_structbeat/caches/pilot/beat_this_final0_gtzan/gtzan__gtzan_rock_00015__track.npy.npz
bt_gtzan_seed0,direct,gtzan/gtzan_rock_00016/track.npy,gtzan,0.7768595041322314,0.6680611895607861,0.6680611895607861,0.6680611895607861,0.7704918032786885,0.7704918032786885,0.7704918032786885,0.7704918032786885,0.7333333333333333,0.6359088671693484,0.6359088671693484,0.6359088671693484,1.0,1.0,1.0,1.0,73.0,0.0,0.0,0.09531017980431444,19.0,0.0,0.0,0.02711688469684022,0.0,/media/mengh/SharedData/zhanh/auto_structbeat/caches/pilot/beat_this_final0_gtzan/gtzan__gtzan_rock_00016__track.npy.npz
bt_gtzan_seed0,direct,gtzan/gtzan_rock_00017/track.npy,gtzan,1.0,0.8418536958094796,0.8418536958094796,0.8418536958094796,1.0,1.0,1.0,1.0,1.0,0.8538379678000833,0.8538379678000833,0.8538379678000833,1.0,1.0,1.0,1.0,61.0,0.0,0.0,0.04474406583558538,16.0,0.0,0.0,0.010152371464018706,0.0,/media/mengh/SharedData/zhanh/auto_structbeat/caches/pilot/beat_this_final0_gtzan/gtzan__gtzan_rock_00017__track.npy.npz
bt_gtzan_seed0,direct,gtzan/gtzan_rock_00018/track.npy,gtzan,0.9795918367346939,0.9200343215895551,0.9200343215895551,0.9200343215895551,0.9795918367346939,0.9795918367346939,0.9795918367346939,0.9795918367346939,1.0,0.9236279333827487,0.9236279333827487,0.9236279333827487,1.0,1.0,1.0,1.0,59.0,0.0,0.0,0.04804980384342925,15.0,0.0,0.0,0.04347390245974053,0.0,/media/mengh/SharedData/zhanh/auto_structbeat/caches/pilot/beat_this_final0_gtzan/gtzan__gtzan_rock_00018__track.npy.npz
bt_gtzan_seed0,direct,gtzan/gtzan_rock_00019/track.npy,gtzan,1.0,0.9017557924185653,0.9017557924185653,0.9017557924185653,1.0,1.0,1.0,1.0,1.0,0.8629728177765165,0.8629728177765165,0.8629728177765165,1.0,1.0,1.0,1.0,60.0,0.0,0.0,0.08004270767353472,17.0,0.0,0.0,0.5239259022192279,0.0,/media/mengh/SharedData/zhanh/auto_structbeat/caches/pilot/beat_this_final0_gtzan/gtzan__gtzan_rock_00019__track.npy.npz
bt_gtzan_seed0,direct,gtzan/gtzan_rock_00020/track.npy,gtzan,0.8163265306122448,0.7032349649228479,0.7032349649228479,0.7032349649228479,0.38596491228070173,0.45614035087719296,0.38596491228070173,0.45614035087719296,0.5882352941176471,0.4983177269234388,0.6215434543740018,0.5599305906487203,0.041666666666666664,0.125,0.2916666666666667,0.4166666666666667,69.0,0.0,0.0,0.6931471805599458,31.0,0.0,0.0,1.94591014905531,0.0,/media/mengh/SharedData/zhanh/auto_structbeat/caches/pilot/beat_this_final0_gtzan/gtzan__gtzan_rock_00020__track.npy.npz
bt_gtzan_seed0,direct,gtzan/gtzan_rock_00021/track.npy,gtzan,0.676923076923077,0.5621243782587171,0.5621243782587171,0.5621243782587171,0.13924050632911392,0.22784810126582278,0.3333333333333333,0.3333333333333333,0.0,0.007570284511349047,0.28732427317382636,0.1474472788425877,0.0,0.0,0.14285714285714285,0.14285714285714285,59.0,0.0,0.0,0.6997051451245422,16.0,0.0,0.0,1.9744566693253713,0.0,/media/mengh/SharedData/zhanh/auto_structbeat/caches/pilot/beat_this_final0_gtzan/gtzan__gtzan_rock_00021__track.npy.npz
bt_gtzan_seed0,direct,gtzan/gtzan_rock_00022/track.npy,gtzan,0.7131782945736435,0.6043763048611129,0.6043763048611129,0.6043763048611129,0.10843373493975904,0.10843373493975904,0.5,0.5,0.25,0.20673836944043084,0.3150298962901803,0.26088413286530554,0.0,0.0,0.6363636363636364,0.8181818181818182,59.0,0.017241379310344827,0.05172413793103448,0.6997051451245373,17.0,0.0,0.0,1.4577631919756988,0.0,/media/mengh/SharedData/zhanh/auto_structbeat/caches/pilot/beat_this_final0_gtzan/gtzan__gtzan_rock_00022__track.npy.npz
bt_gtzan_seed0,direct,gtzan/gtzan_rock_00023/track.npy,gtzan,1.0,0.9093390859601629,0.9093390859601629,0.9093390859601629,1.0,1.0,1.0,1.0,0.888888888888889,0.8178050194477551,0.8178050194477551,0.8178050194477551,0.7,0.7,0.7,0.7,37.0,0.0,0.0,0.050010420574660236,11.0,0.0,0.0,0.4209198212187124,0.0,/media/mengh/SharedData/zhanh/auto_structbeat/caches/pilot/beat_this_final0_gtzan/gtzan__gtzan_rock_00023__track.npy.npz
bt_gtzan_seed0,direct,gtzan/gtzan_rock_00024/track.npy,gtzan,0.8780487804878049,0.5955430663398971,0.5955430663398971,0.5955430663398971,0.7096774193548387,0.8870967741935484,0.7096774193548387,0.8870967741935484,0.9333333333333333,0.6019274583125609,0.6019274583125609,0.6019274583125609,1.0,1.0,1.0,1.0,79.0,0.02564102564102564,0.05128205128205128,0.6470946860995179,19.0,0.0,0.0,0.09928348848136372,0.0,/media/mengh/SharedData/zhanh/auto_structbeat/caches/pilot/beat_this_final0_gtzan/gtzan__gtzan_rock_00024__track.npy.npz
bt_gtzan_seed0,direct,gtzan/gtzan_rock_00025/track.npy,gtzan,0.896551724137931,0.6746989329616414,0.6746989329616414,0.6746989329616414,0.9772727272727273,0.9772727272727273,0.9772727272727273,0.9772727272727273,0.9090909090909091,0.691985447202894,0.691985447202894,0.691985447202894,1.0,1.0,1.0,1.0,52.0,0.0,0.0,0.12339491821046733,13.0,0.0,0.0,0.034636146078292906,0.0,/media/mengh/SharedData/zhanh/auto_structbeat/caches/pilot/beat_this_final0_gtzan/gtzan__gtzan_rock_00025__track.npy.npz
bt_gtzan_seed0,direct,gtzan/gtzan_rock_00026/track.npy,gtzan,1.0,0.8860207464793085,0.8860207464793085,0.8860207464793085,1.0,1.0,1.0,1.0,1.0,0.8669095134783483,0.8669095134783483,0.8669095134783483,1.0,1.0,1.0,1.0,57.0,0.0,0.0,0.07696104113612878,14.0,0.0,0.0,0.02320022080377769,0.0,/media/mengh/SharedData/zhanh/auto_structbeat/caches/pilot/beat_this_final0_gtzan/gtzan__gtzan_rock_00026__track.npy.npz
bt_gtzan_seed0,direct,gtzan/gtzan_rock_00027/track.npy,gtzan,1.0,0.9229195623852107,0.9229195623852107,0.9229195623852107,1.0,1.0,1.0,1.0,0.9696969696969697,0.9129749375559623,0.9129749375559623,0.9129749375559623,0.8823529411764706,0.8823529411764706,0.8823529411764706,0.8823529411764706,76.0,0.0,0.0,0.10008345855698919,22.0,0.0,0.0,1.1922464145303702,0.0,/media/mengh/SharedData/zhanh/auto_structbeat/caches/pilot/beat_this_final0_gtzan/gtzan__gtzan_rock_00027__track.npy.npz
bt_gtzan_seed0,direct,gtzan/gtzan_rock_00028/track.npy,gtzan,1.0,0.9096427200984059,0.9096427200984059,0.9096427200984059,1.0,1.0,1.0,1.0,1.0,0.9081620832401516,0.9081620832401516,0.9081620832401516,1.0,1.0,1.0,1.0,69.0,0.0,0.0,0.04652001563490016,17.0,0.0,0.0,0.022989518224697126,0.0,/media/mengh/SharedData/zhanh/auto_structbeat/caches/pilot/beat_this_final0_gtzan/gtzan__gtzan_rock_00028__track.npy.npz
bt_gtzan_seed0,direct,gtzan/gtzan_rock_00029/track.npy,gtzan,0.31666666666666665,0.27731144139136055,0.7447784699588033,0.5110449556750819,0.029850746268656716,0.029850746268656716,0.22857142857142856,0.47761194029850745,0.2580645161290323,0.2082424201025274,0.21591047936889138,0.21207644973570938,0.47058823529411764,0.7058823529411765,0.47058823529411764,0.7058823529411765,82.0,0.0,0.0,0.6952751612808922,21.0,0.0,0.0,2.032921526044948,0.0,/media/mengh/SharedData/zhanh/auto_structbeat/caches/pilot/beat_this_final0_gtzan/gtzan__gtzan_rock_00029__track.npy.npz
bt_gtzan_seed0,direct,gtzan/gtzan_rock_00030/track.npy,gtzan,0.6875,0.6177278813643334,0.6177278813643334,0.6177278813643334,0.6666666666666666,0.6666666666666666,0.6666666666666666,0.6666666666666666,0.6666666666666666,0.5498601579961754,0.5498601579961754,0.5498601579961754,1.0,1.0,1.0,1.0,58.0,0.0,0.0,0.07696104113612845,15.0,0.0,0.0,0.023022859509705847,0.0,/media/mengh/SharedData/zhanh/auto_structbeat/caches/pilot/beat_this_final0_gtzan/gtzan__gtzan_rock_00030__track.npy.npz
bt_gtzan_seed0,direct,gtzan/gtzan_rock_00031/track.npy,gtzan,1.0,0.9482464757865743,0.9482464757865743,0.9482464757865743,1.0,1.0,1.0,1.0,1.0,0.9068821954426753,0.9068821954426753,0.9068821954426753,1.0,1.0,1.0,1.0,59.0,0.0,0.0,0.07696104113612845,15.0,0.0,0.0,0.019494240069611913,0.0,/media/mengh/SharedData/zhanh/auto_structbeat/caches/pilot/beat_this_final0_gtzan/gtzan__gtzan_rock_00031__track.npy.npz
bt_gtzan_seed0,direct,gtzan/gtzan_rock_00032/track.npy,gtzan,0.9870129870129869,0.8206345793885846,0.8206345793885846,0.8206345793885846,0.9743589743589743,0.9743589743589743,0.9743589743589743,0.9743589743589743,0.9473684210526316,0.749814224467066,0.749814224467066,0.749814224467066,0.9,0.9,0.9,0.9,46.0,0.0,0.0,0.06252035698133257,11.0,0.0,0.0,0.015221205286713358,0.0,/media/mengh/SharedData/zhanh/auto_structbeat/caches/pilot/beat_this_final0_gtzan/gtzan__gtzan_rock_00032__track.npy.npz
bt_gtzan_seed0,direct,gtzan/gtzan_rock_00033/track.npy,gtzan,1.0,0.8592365639058136,0.8592365639058136,0.8592365639058136,1.0,1.0,1.0,1.0,1.0,0.7876759190144981,0.7876759190144981,0.7876759190144981,1.0,1.0,1.0,1.0,63.0,0.0,0.0,0.0800427076735366,16.0,0.0,0.0,1.1676655408657972,0.0,/media/mengh/SharedData/zhanh/auto_structbeat/caches/pilot/beat_this_final0_gtzan/gtzan__gtzan_rock_00033__track.npy.npz
bt_gtzan_seed0,direct,gtzan/gtzan_rock_00034/track.npy,gtzan,1.0,0.9443361117865036,0.9443361117865036,0.9443361117865036,1.0,1.0,1.0,1.0,1.0,0.9648395572270615,0.9648395572270615,0.9648395572270615,1.0,1.0,1.0,1.0,35.0,0.0,0.0,0.04588543070001459,9.0,0.0,0.0,0.011494379425736057,0.0,/media/mengh/SharedData/zhanh/auto_structbeat/caches/pilot/beat_this_final0_gtzan/gtzan__gtzan_rock_00034__track.npy.npz
bt_gtzan_seed0,direct,gtzan/gtzan_rock_00035/track.npy,gtzan,1.0,0.8776762636478421,0.8776762636478421,0.8776762636478421,1.0,1.0,1.0,1.0,1.0,0.8708501765132646,0.8708501765132646,0.8708501765132646,1.0,1.0,1.0,1.0,66.0,0.0,0.0,0.08701137698963579,16.0,0.0,0.0,0.021739986636405417,0.0,/media/mengh/SharedData/zhanh/auto_structbeat/caches/pilot/beat_this_final0_gtzan/gtzan__gtzan_rock_00035__track.npy.npz
bt_gtzan_seed0,direct,gtzan/gtzan_rock_00036/track.npy,gtzan,0.6588235294117647,0.5641713371658078,0.8418066363886954,0.7029889867772516,0.0,0.0,0.9649122807017544,0.9649122807017544,0.6363636363636364,0.5256051926531514,0.8019277606091626,0.6637664766311571,0.0,0.0,0.8666666666666667,0.8666666666666667,68.0,0.0,0.0,0.08701137698963377,18.0,0.0,0.0,0.21795959798247358,0.0,/media/mengh/SharedData/zhanh/auto_structbeat/caches/pilot/beat_this_final0_gtzan/gtzan__gtzan_rock_00036__track.npy.npz
bt_gtzan_seed0,direct,gtzan/gtzan_rock_00037/track.npy,gtzan,0.9906542056074767,0.9116056095810071,0.9116056095810071,0.9116056095810071,0.9814814814814815,0.9814814814814815,0.9814814814814815,0.9814814814814815,1.0,0.8973592075736542,0.8973592075736542,0.8973592075736542,1.0,1.0,1.0,1.0,65.0,0.0,0.0,0.04445176257083372,16.0,0.0,0.0,0.021357480818073253,0.0,/media/mengh/SharedData/zhanh/auto_structbeat/caches/pilot/beat_this_final0_gtzan/gtzan__gtzan_rock_00037__track.npy.npz
bt_gtzan_seed0,direct,gtzan/gtzan_rock_00038/track.npy,gtzan,1.0,0.9448101720061173,0.9448101720061173,0.9448101720061173,1.0,1.0,1.0,1.0,1.0,0.9077464211327043,0.9077464211327043,0.9077464211327043,1.0,1.0,1.0,1.0,34.0,0.0,0.0,0.04445176257083336,9.0,0.0,0.0,0.0055401803756163215,0.0,/media/mengh/SharedData/zhanh/auto_structbeat/caches/pilot/beat_this_final0_gtzan/gtzan__gtzan_rock_00038__track.npy.npz
bt_gtzan_seed0,direct,gtzan/gtzan_rock_00039/track.npy,gtzan,0.9500000000000001,0.8080602032984706,0.8080602032984706,0.8080602032984706,0.9333333333333333,0.95,0.9333333333333333,0.95,0.9333333333333333,0.8131072492944237,0.8131072492944237,0.8131072492944237,1.0,1.0,1.0,1.0,73.0,0.0,0.0,0.07205017198688557,18.0,0.0,0.0,0.027056165990810788,0.0,/media/mengh/SharedData/zhanh/auto_structbeat/caches/pilot/beat_this_final0_gtzan/gtzan__gtzan_rock_00039__track.npy.npz
bt_gtzan_seed0,direct,gtzan/gtzan_rock_00040/track.npy,gtzan,0.6136363636363636,0.49231768338110504,0.49231768338110504,0.49231768338110504,0.3,0.44,0.3,0.44,0.4242424242424242,0.34166370325767903,0.34166370325767903,0.34166370325767903,0.3181818181818182,0.3181818181818182,0.3181818181818182,0.3181818181818182,60.0,0.0,0.0,0.7672551527136589,25.0,0.0,0.0,0.8065627098660595,0.0,/media/mengh/SharedData/zhanh/auto_structbeat/caches/pilot/beat_this_final0_gtzan/gtzan__gtzan_rock_00040__track.npy.npz
bt_gtzan_seed0,direct,gtzan/gtzan_rock_00041/track.npy,gtzan,1.0,0.9560501842800628,0.9560501842800628,0.9560501842800628,1.0,1.0,1.0,1.0,0.7741935483870968,0.7419718223563109,0.8707906925449764,0.8063812574506437,0.15789473684210525,0.21052631578947367,0.34782608695652173,0.6521739130434783,59.0,0.0,0.0,0.07696104113612845,21.0,0.0,0.0,0.7048836182349285,0.0,/media/mengh/SharedData/zhanh/auto_structbeat/caches/pilot/beat_this_final0_gtzan/gtzan__gtzan_rock_00041__track.npy.npz
bt_gtzan_seed0,direct,gtzan/gtzan_rock_00042/track.npy,gtzan,0.9090909090909091,0.8690146401733455,0.8690146401733455,0.8690146401733455,0.9393939393939394,0.9393939393939394,0.9393939393939394,0.9393939393939394,0.9411764705882353,0.9037894644026752,0.9037894644026752,0.9037894644026752,0.8888888888888888,0.8888888888888888,0.8888888888888888,0.8888888888888888,40.0,0.0,0.0,0.17091941868345065,11.0,0.0,0.0,0.017609298208962617,0.0,/media/mengh/SharedData/zhanh/auto_structbeat/caches/pilot/beat_this_final0_gtzan/gtzan__gtzan_rock_00042__track.npy.npz
bt_gtzan_seed0,direct,gtzan/gtzan_rock_00043/track.npy,gtzan,0.6964285714285715,0.6598830333704597,0.7814850150497463,0.720684024210103,0.0273972602739726,0.0547945205479452,0.5897435897435898,0.7435897435897436,0.41379310344827586,0.40424386899589543,0.5861536100440483,0.49519873951997184,0.0,0.0,0.7272727272727273,0.7272727272727273,46.0,0.0,0.0,0.6931471805599452,13.0,0.0,0.0,1.732840917797089,0.0,/media/mengh/SharedData/zhanh/auto_structbeat/caches/pilot/beat_this_final0_gtzan/gtzan__gtzan_rock_00043__track.npy.npz
bt_gtzan_seed0,direct,gtzan/gtzan_rock_00044/track.npy,gtzan,0.9610389610389611,0.8610020665535181,0.8610020665535181,0.8610020665535181,0.9743589743589743,0.9743589743589743,0.9743589743589743,0.9743589743589743,1.0,0.9007482805202944,0.9007482805202944,0.9007482805202944,1.0,1.0,1.0,1.0,46.0,0.0,0.0,0.0625203569813354,11.0,0.0,0.0,0.02490548483279171,0.0,/media/mengh/SharedData/zhanh/auto_structbeat/caches/pilot/beat_this_final0_gtzan/gtzan__gtzan_rock_00044__track.npy.npz
bt_gtzan_seed0,direct,gtzan/gtzan_rock_00045/track.npy,gtzan,0.9253731343283582,0.8164365421538925,0.8164365421538925,0.8164365421538925,0.7428571428571429,0.7714285714285715,0.7428571428571429,0.7714285714285715,0.43478260869565216,0.4246378689036613,0.7489880152870337,0.5868129420953475,0.0,0.0,0.4,0.6,45.0,0.0,0.0,0.7153705318912782,19.0,0.0,0.0,1.5392521542170157,0.0,/media/mengh/SharedData/zhanh/auto_structbeat/caches/pilot/beat_this_final0_gtzan/gtzan__gtzan_rock_00045__track.npy.npz
bt_gtzan_seed0,direct,gtzan/gtzan_rock_00046/track.npy,gtzan,1.0,0.8068379599230213,0.8068379599230213,0.8068379599230213,1.0,1.0,1.0,1.0,1.0,0.7898443836963046,0.7898443836963046,0.7898443836963046,1.0,1.0,1.0,1.0,51.0,0.0,0.0,0.06583023315422688,13.0,0.0,0.0,0.033476515533288176,0.0,/media/mengh/SharedData/zhanh/auto_structbeat/caches/pilot/beat_this_final0_gtzan/gtzan__gtzan_rock_00046__track.npy.npz
bt_gtzan_seed0,direct,gtzan/gtzan_rock_00047/track.npy,gtzan,0.924731182795699,0.8239349233918924,0.8239349233918924,0.8239349233918924,0.8297872340425532,0.8936170212765957,0.8297872340425532,0.8936170212765957,0.9166666666666666,0.7950645864110237,0.7950645864110237,0.7950645864110237,1.0,1.0,1.0,1.0,56.0,0.01818181818181818,0.01818181818181818,0.08783522175737359,14.0,0.0,0.0,0.05358424613410684,0.0,/media/mengh/SharedData/zhanh/auto_structbeat/caches/pilot/beat_this_final0_gtzan/gtzan__gtzan_rock_00047__track.npy.npz
bt_gtzan_seed0,direct,gtzan/gtzan_rock_00048/track.npy,gtzan,1.0,0.8801939359376236,0.8801939359376236,0.8801939359376236,1.0,1.0,1.0,1.0,1.0,0.8701803347174113,0.8701803347174113,0.8701803347174113,1.0,1.0,1.0,1.0,66.0,0.0,0.0,0.044451762570840825,17.0,0.0,0.0,0.6854968311874122,0.0,/media/mengh/SharedData/zhanh/auto_structbeat/caches/pilot/beat_this_final0_gtzan/gtzan__gtzan_rock_00048__track.npy.npz
bt_gtzan_seed0,direct,gtzan/gtzan_rock_00049/track.npy,gtzan,1.0,0.9305379494782993,0.9305379494782993,0.9305379494782993,1.0,1.0,1.0,1.0,1.0,0.959226821683568,0.959226821683568,0.959226821683568,1.0,1.0,1.0,1.0,40.0,0.0,0.0,0.05556985115481211,11.0,0.0,0.0,0.41720684158562127,0.0,/media/mengh/SharedData/zhanh/auto_structbeat/caches/pilot/beat_this_final0_gtzan/gtzan__gtzan_rock_00049__track.npy.npz
bt_gtzan_seed0,direct,gtzan/gtzan_rock_00050/track.npy,gtzan,1.0,0.9611958342177268,0.9611958342177268,0.9611958342177268,1.0,1.0,1.0,1.0,1.0,0.9711050556791487,0.9711050556791487,0.9711050556791487,1.0,1.0,1.0,1.0,62.0,0.0,0.0,0.08338160893904922,16.0,0.0,0.0,0.010471299867295747,0.0,/media/mengh/SharedData/zhanh/auto_structbeat/caches/pilot/beat_this_final0_gtzan/gtzan__gtzan_rock_00050__track.npy.npz
bt_gtzan_seed0,direct,gtzan/gtzan_rock_00051/track.npy,gtzan,1.0,0.9659675147153042,0.9659675147153042,0.9659675147153042,1.0,1.0,1.0,1.0,1.0,0.9770222314932724,0.9770222314932724,0.9770222314932724,1.0,1.0,1.0,1.0,45.0,0.0,0.0,0.05884050002293345,11.0,0.0,0.0,0.0073260400920737824,0.0,/media/mengh/SharedData/zhanh/auto_structbeat/caches/pilot/beat_this_final0_gtzan/gtzan__gtzan_rock_00051__track.npy.npz
bt_gtzan_seed0,direct,gtzan/gtzan_rock_00052/track.npy,gtzan,1.0,0.9356191158625586,0.9356191158625586,0.9356191158625586,1.0,1.0,1.0,1.0,1.0,0.9021339322911013,0.9021339322911013,0.9021339322911013,1.0,1.0,1.0,1.0,48.0,0.0,0.0,0.06453852113757061,12.0,0.0,0.0,0.016260520871780103,0.0,/media/mengh/SharedData/zhanh/auto_structbeat/caches/pilot/beat_this_final0_gtzan/gtzan__gtzan_rock_00052__track.npy.npz
bt_gtzan_seed0,direct,gtzan/gtzan_rock_00053/track.npy,gtzan,1.0,0.9595322184369266,0.9595322184369266,0.9595322184369266,1.0,1.0,1.0,1.0,1.0,0.9622161859406232,0.9622161859406232,0.9622161859406232,1.0,1.0,1.0,1.0,60.0,0.0,0.0,0.04082199452025434,15.0,0.0,0.0,0.009990332853301264,0.0,/media/mengh/SharedData/zhanh/auto_structbeat/caches/pilot/beat_this_final0_gtzan/gtzan__gtzan_rock_00053__track.npy.npz
bt_gtzan_seed0,direct,gtzan/gtzan_rock_00054/track.npy,gtzan,0.989010989010989,0.8648236512500286,0.8648236512500286,0.8648236512500286,0.9782608695652174,0.9782608695652174,0.9782608695652174,0.9782608695652174,1.0,0.8731953682057023,0.8731953682057023,0.8731953682057023,1.0,1.0,1.0,1.0,58.0,0.0,0.0,0.04580272616659045,14.0,0.0,0.0,0.03143487568035647,0.0,/media/mengh/SharedData/zhanh/auto_structbeat/caches/pilot/beat_this_final0_gtzan/gtzan__gtzan_rock_00054__track.npy.npz
bt_gtzan_seed0,direct,gtzan/gtzan_rock_00055/track.npy,gtzan,0.9908256880733944,0.9471273394956872,0.9471273394956872,0.9471273394956872,0.9818181818181818,0.9818181818181818,0.9818181818181818,0.9818181818181818,1.0,0.9353289837216034,0.9353289837216034,0.9353289837216034,1.0,1.0,1.0,1.0,65.0,0.0,0.0,0.08701137698962791,16.0,0.0,0.0,0.021739986636405757,0.0,/media/mengh/SharedData/zhanh/auto_structbeat/caches/pilot/beat_this_final0_gtzan/gtzan__gtzan_rock_00055__track.npy.npz
bt_gtzan_seed0,direct,gtzan/gtzan_rock_00056/track.npy,gtzan,1.0,0.9789586762106394,0.9789586762106394,0.9789586762106394,1.0,1.0,1.0,1.0,1.0,0.9792205622382596,0.9792205622382596,0.9792205622382596,1.0,1.0,1.0,1.0,69.0,0.0,0.0,0.04652001563490016,17.0,0.0,0.0,0.014989431148164577,0.0,/media/mengh/SharedData/zhanh/auto_structbeat/caches/pilot/beat_this_final0_gtzan/gtzan__gtzan_rock_00056__track.npy.npz
bt_gtzan_seed0,direct,gtzan/gtzan_rock_00057/track.npy,gtzan,1.0,0.9605446479634404,0.9605446479634404,0.9605446479634404,1.0,1.0,1.0,1.0,1.0,0.9607892140697829,0.9607892140697829,0.9607892140697829,1.0,1.0,1.0,1.0,63.0,0.0,0.0,0.08338160893904922,16.0,0.0,0.0,0.020834086902843385,0.0,/media/mengh/SharedData/zhanh/auto_structbeat/caches/pilot/beat_this_final0_gtzan/gtzan__gtzan_rock_00057__track.npy.npz
bt_gtzan_seed0,direct,gtzan/gtzan_rock_00058/track.npy,gtzan,0.9791666666666666,0.8120175022807056,0.8120175022807056,0.8120175022807056,1.0,1.0,1.0,1.0,1.0,0.7851153716128697,0.7851153716128697,0.7851153716128697,1.0,1.0,1.0,1.0,58.0,0.0,0.0,0.07696104113613084,14.0,0.0,0.0,0.038466280827796906,0.0,/media/mengh/SharedData/zhanh/auto_structbeat/caches/pilot/beat_this_final0_gtzan/gtzan__gtzan_rock_00058__track.npy.npz
bt_gtzan_seed0,direct,gtzan/gtzan_rock_00059/track.npy,gtzan,1.0,0.9480264750719498,0.9480264750719498,0.9480264750719498,1.0,1.0,1.0,1.0,1.0,0.9435478943750017,0.9435478943750017,0.9435478943750017,1.0,1.0,1.0,1.0,58.0,0.0,0.0,0.07696104113612678,19.0,0.0,0.0,0.025642430613335276,0.0,/media/mengh/SharedData/zhanh/auto_structbeat/caches/pilot/beat_this_final0_gtzan/gtzan__gtzan_rock_00059__track.npy.npz
bt_gtzan_seed0,direct,gtzan/gtzan_rock_00060/track.npy,gtzan,1.0,0.8348932386782788,0.8348932386782788,0.8348932386782788,0.6621621621621622,0.9864864864864865,0.6621621621621622,0.9864864864864865,1.0,0.8381187137215816,0.8381187137215816,0.8381187137215816,1.0,1.0,1.0,1.0,89.0,0.0,0.0,0.1177830356563843,22.0,0.0,0.0,0.02900885428990408,0.0,/media/mengh/SharedData/zhanh/auto_structbeat/caches/pilot/beat_this_final0_gtzan/gtzan__gtzan_rock_00060__track.npy.npz
bt_gtzan_seed0,direct,gtzan/gtzan_rock_00061/track.npy,gtzan,0.8539325842696629,0.8228352255438289,0.8228352255438289,0.8228352255438289,0.3137254901960784,0.47058823529411764,0.3137254901960784,0.47058823529411764,0.0,3.311686172826799e-32,3.311686172826799e-32,3.311686172826799e-32,0.0,0.0,0.0,0.0,46.0,0.0,0.0,0.7137664677626823,16.0,0.0,0.0,0.020408871631205482,0.0,/media/mengh/SharedData/zhanh/auto_structbeat/caches/pilot/beat_this_final0_gtzan/gtzan__gtzan_rock_00061__track.npy.npz
bt_gtzan_seed0,direct,gtzan/gtzan_rock_00062/track.npy,gtzan,1.0,0.9116894042144618,0.9116894042144618,0.9116894042144618,1.0,1.0,1.0,1.0,1.0,0.9090742759134774,0.9090742759134774,0.9090742759134774,1.0,1.0,1.0,1.0,62.0,0.0,0.0,0.08338160893905111,16.0,0.0,0.0,0.020619287202735204,0.0,/media/mengh/SharedData/zhanh/auto_structbeat/caches/pilot/beat_this_final0_gtzan/gtzan__gtzan_rock_00062__track.npy.npz
bt_gtzan_seed0,direct,gtzan/gtzan_rock_00063/track.npy,gtzan,0.9902912621359222,0.9374973161212081,0.9374973161212081,0.9374973161212081,0.5961538461538461,0.9615384615384616,0.5961538461538461,0.9615384615384616,1.0,0.9220027187529958,0.9220027187529958,0.9220027187529958,1.0,1.0,1.0,1.0,62.0,0.0,0.0,0.0833816089390533,15.0,0.0,0.0,0.04042194931263682,0.0,/media/mengh/SharedData/zhanh/auto_structbeat/caches/pilot/beat_this_final0_gtzan/gtzan__gtzan_rock_00063__track.npy.npz
bt_gtzan_seed0,direct,gtzan/gtzan_rock_00064/track.npy,gtzan,1.0,0.7654739045435321,0.7654739045435321,0.7654739045435321,1.0,1.0,1.0,1.0,0.43333333333333335,0.31233675279363243,0.31233675279363243,0.31233675279363243,0.0,0.0,0.0,0.0,76.0,0.0,0.0,0.10008345855698919,54.0,0.0,0.0,1.1499055830556637,0.0,/media/mengh/SharedData/zhanh/auto_structbeat/caches/pilot/beat_this_final0_gtzan/gtzan__gtzan_rock_00064__track.npy.npz
bt_gtzan_seed0,direct,gtzan/gtzan_rock_00065/track.npy,gtzan,0.9811320754716981,0.8673326237822694,0.8673326237822694,0.8673326237822694,0.8148148148148148,0.9259259259259259,0.8148148148148148,0.9259259259259259,0.6666666666666666,0.5891873697994803,0.8626545744443066,0.7259209721218934,0.0,0.0,0.8571428571428571,0.8571428571428571,32.0,0.0,0.0,0.3999836626882233,16.0,0.0,0.0,0.26643737025394154,0.0,/media/mengh/SharedData/zhanh/auto_structbeat/caches/pilot/beat_this_final0_gtzan/gtzan__gtzan_rock_00065__track.npy.npz
bt_gtzan_seed0,direct,gtzan/gtzan_rock_00066/track.npy,gtzan,1.0,0.8747904721081788,0.8747904721081788,0.8747904721081788,1.0,1.0,1.0,1.0,0.22222222222222224,0.19146858611829154,0.757265236868135,0.47436691149321325,0.0,0.0,0.5,0.5,38.0,0.0,0.0,0.05033113902788624,13.0,0.0,0.0,0.3723825487882715,0.0,/media/mengh/SharedData/zhanh/auto_structbeat/caches/pilot/beat_this_final0_gtzan/gtzan__gtzan_rock_00066__track.npy.npz
bt_gtzan_seed0,direct,gtzan/gtzan_rock_00067/track.npy,gtzan,1.0,0.9358921747478416,0.9358921747478416,0.9358921747478416,1.0,1.0,1.0,1.0,0.34782608695652173,0.3312604807543152,0.6139611244431148,0.472610802598715,0.3333333333333333,0.3333333333333333,0.5,0.5,53.0,0.0,0.0,0.06899287148695421,14.0,0.0,0.0,0.6794476297983042,0.0,/media/mengh/SharedData/zhanh/auto_structbeat/caches/pilot/beat_this_final0_gtzan/gtzan__gtzan_rock_00067__track.npy.npz
bt_gtzan_seed0,direct,gtzan/gtzan_rock_00068/track.npy,gtzan,1.0,0.9017226159608408,0.9017226159608408,0.9017226159608408,1.0,1.0,1.0,1.0,0.47058823529411764,0.40172230823955973,0.40172230823955973,0.40172230823955973,0.17647058823529413,0.17647058823529413,0.17647058823529413,0.17647058823529413,63.0,0.0,0.0,0.09097177820573288,22.0,0.0,0.0,1.3976400416799508,0.0,/media/mengh/SharedData/zhanh/auto_structbeat/caches/pilot/beat_this_final0_gtzan/gtzan__gtzan_rock_00068__track.npy.npz
bt_gtzan_seed0,direct,gtzan/gtzan_rock_00069/track.npy,gtzan,1.0,0.9238309232529336,0.9238309232529336,0.9238309232529336,1.0,1.0,1.0,1.0,1.0,0.9503558711998776,0.9503558711998776,0.9503558711998776,1.0,1.0,1.0,1.0,85.0,0.0,0.0,0.11122563511022676,29.0,0.0,0.0,0.03856688071140191,0.0,/media/mengh/SharedData/zhanh/auto_structbeat/caches/pilot/beat_this_final0_gtzan/gtzan__gtzan_rock_00069__track.npy.npz
bt_gtzan_seed0,direct,gtzan/gtzan_rock_00070/track.npy,gtzan,1.0,0.9600776991395735,0.9600776991395735,0.9600776991395735,1.0,1.0,1.0,1.0,0.5185185185185186,0.4999518313535923,0.5503773170419203,0.5251645741977563,0.03333333333333333,0.03333333333333333,0.03333333333333333,0.03333333333333333,85.0,0.0,0.0,0.05715841383995235,36.0,0.0,0.0,0.856579633555936,0.0,/media/mengh/SharedData/zhanh/auto_structbeat/caches/pilot/beat_this_final0_gtzan/gtzan__gtzan_rock_00070__track.npy.npz
bt_gtzan_seed0,direct,gtzan/gtzan_rock_00071/track.npy,gtzan,1.0,0.8980592052261037,0.8980592052261037,0.8980592052261037,1.0,1.0,1.0,1.0,1.0,0.9106024233865271,0.9106024233865271,0.9106024233865271,1.0,1.0,1.0,1.0,56.0,0.0,0.0,0.03774032798284954,14.0,0.0,0.0,0.004186076698041923,0.0,/media/mengh/SharedData/zhanh/auto_structbeat/caches/pilot/beat_this_final0_gtzan/gtzan__gtzan_rock_00071__track.npy.npz
bt_gtzan_seed0,direct,gtzan/gtzan_rock_00072/track.npy,gtzan,0.988235294117647,0.8982730124228171,0.8982730124228171,0.8982730124228171,0.9767441860465116,0.9767441860465116,0.9767441860465116,0.9767441860465116,1.0,0.9334735314990064,0.9334735314990064,0.9334735314990064,1.0,1.0,1.0,1.0,51.0,0.0,0.0,0.0689928714869561,13.0,0.0,0.0,0.00865806274311598,0.0,/media/mengh/SharedData/zhanh/auto_structbeat/caches/pilot/beat_this_final0_gtzan/gtzan__gtzan_rock_00072__track.npy.npz
bt_gtzan_seed0,direct,gtzan/gtzan_rock_00073/track.npy,gtzan,1.0,0.9396152243401812,0.9396152243401812,0.9396152243401812,1.0,1.0,1.0,1.0,1.0,0.9290114570772477,0.9290114570772477,0.9290114570772477,1.0,1.0,1.0,1.0,47.0,0.0,0.0,0.05636602524798302,12.0,0.0,0.0,0.00784317746102664,0.0,/media/mengh/SharedData/zhanh/auto_structbeat/caches/pilot/beat_this_final0_gtzan/gtzan__gtzan_rock_00073__track.npy.npz
bt_gtzan_seed0,direct,gtzan/gtzan_rock_00074/track.npy,gtzan,1.0,0.9508570132379436,0.9508570132379436,0.9508570132379436,1.0,1.0,1.0,1.0,0.6923076923076924,0.6714980288826374,0.7259361732345632,0.6987171010586003,0.2857142857142857,0.5,0.2857142857142857,0.5,56.0,0.0,0.0,0.07410797215372153,16.0,0.0,0.0,0.6903870344518869,0.0,/media/mengh/SharedData/zhanh/auto_structbeat/caches/pilot/beat_this_final0_gtzan/gtzan__gtzan_rock_00074__track.npy.npz
bt_gtzan_seed0,direct,gtzan/gtzan_rock_00075/track.npy,gtzan,1.0,0.9009150693494743,0.9009150693494743,0.9009150693494743,1.0,1.0,1.0,1.0,1.0,0.8968412290490247,0.8968412290490247,0.8968412290490247,1.0,1.0,1.0,1.0,60.0,0.0,0.0,0.03946090535833,15.0,0.0,0.0,4.440892098500626e-16,0.0,/media/mengh/SharedData/zhanh/auto_structbeat/caches/pilot/beat_this_final0_gtzan/gtzan__gtzan_rock_00075__track.npy.npz
bt_gtzan_seed0,direct,gtzan/gtzan_rock_00076/track.npy,gtzan,1.0,0.9548609054075892,0.9548609054075892,0.9548609054075892,1.0,1.0,1.0,1.0,1.0,0.9807543211940393,0.9807543211940393,0.9807543211940393,1.0,1.0,1.0,1.0,48.0,0.0,0.0,0.031748698314585266,12.0,0.0,0.0,0.007968169649177358,0.0,/media/mengh/SharedData/zhanh/auto_structbeat/caches/pilot/beat_this_final0_gtzan/gtzan__gtzan_rock_00076__track.npy.npz
bt_gtzan_seed0,direct,gtzan/gtzan_rock_00077/track.npy,gtzan,0.9662921348314608,0.8990241313693584,0.8990241313693584,0.8990241313693584,0.9555555555555556,0.9555555555555556,0.9555555555555556,0.9555555555555556,1.0,0.9438895524844785,0.9438895524844785,0.9438895524844785,1.0,1.0,1.0,1.0,53.0,0.0,0.0,0.053913304076512014,13.0,0.0,0.0,1.5543122344752192e-15,0.0,/media/mengh/SharedData/zhanh/auto_structbeat/caches/pilot/beat_this_final0_gtzan/gtzan__gtzan_rock_00077__track.npy.npz
bt_gtzan_seed0,direct,gtzan/gtzan_rock_00078/track.npy,gtzan,1.0,0.9473746931835587,0.9473746931835587,0.9473746931835587,1.0,1.0,1.0,1.0,1.0,0.9711703923728429,0.9711703923728429,0.9711703923728429,1.0,1.0,1.0,1.0,49.0,0.0,0.0,0.032789822822996084,13.0,0.0,0.0,0.008163310639162202,0.0,/media/mengh/SharedData/zhanh/auto_structbeat/caches/pilot/beat_this_final0_gtzan/gtzan__gtzan_rock_00078__track.npy.npz
bt_gtzan_seed0,direct,gtzan/gtzan_rock_00079/track.npy,gtzan,1.0,0.915732693810348,0.915732693810348,0.915732693810348,1.0,1.0,1.0,1.0,1.0,0.9082966142530517,0.9082966142530517,0.9082966142530517,1.0,1.0,1.0,1.0,63.0,0.0,0.0,0.08338160893904922,16.0,0.0,0.0,1.7763568394002505e-15,0.0,/media/mengh/SharedData/zhanh/auto_structbeat/caches/pilot/beat_this_final0_gtzan/gtzan__gtzan_rock_00079__track.npy.npz
bt_gtzan_seed0,direct,gtzan/gtzan_rock_00080/track.npy,gtzan,1.0,0.9124701984378181,0.9124701984378181,0.9124701984378181,1.0,1.0,1.0,1.0,1.0,0.924593598032705,0.924593598032705,0.924593598032705,1.0,1.0,1.0,1.0,59.0,0.0,0.0,0.039220713153283904,15.0,0.0,0.0,0.009852296443012243,0.0,/media/mengh/SharedData/zhanh/auto_structbeat/caches/pilot/beat_this_final0_gtzan/gtzan__gtzan_rock_00080__track.npy.npz
bt_gtzan_seed0,direct,gtzan/gtzan_rock_00081/track.npy,gtzan,1.0,0.9516409569440306,0.9516409569440306,0.9516409569440306,1.0,1.0,1.0,1.0,1.0,0.959745325735307,0.959745325735307,0.959745325735307,1.0,1.0,1.0,1.0,60.0,0.0,0.0,0.04082199452025426,15.0,0.0,0.0,0.019881843060375236,0.0,/media/mengh/SharedData/zhanh/auto_structbeat/caches/pilot/beat_this_final0_gtzan/gtzan__gtzan_rock_00081__track.npy.npz
bt_gtzan_seed0,direct,gtzan/gtzan_rock_00082/track.npy,gtzan,1.0,0.9723913207470775,0.9723913207470775,0.9723913207470775,1.0,1.0,1.0,1.0,1.0,0.9755249869074487,0.9755249869074487,0.9755249869074487,1.0,1.0,1.0,1.0,50.0,0.0,0.0,0.032789822822996084,13.0,0.0,0.0,0.00819690488783803,0.0,/media/mengh/SharedData/zhanh/auto_structbeat/caches/pilot/beat_this_final0_gtzan/gtzan__gtzan_rock_00082__track.npy.npz
bt_gtzan_seed0,direct,gtzan/gtzan_rock_00083/track.npy,gtzan,1.0,0.9558777722091446,0.9558777722091446,0.9558777722091446,1.0,1.0,1.0,1.0,1.0,0.9599323027501268,0.9599323027501268,0.9599323027501268,1.0,1.0,1.0,1.0,61.0,0.0,0.0,0.0408219945202581,15.0,0.0,0.0,0.010152371464018307,0.0,/media/mengh/SharedData/zhanh/auto_structbeat/caches/pilot/beat_this_final0_gtzan/gtzan__gtzan_rock_00083__track.npy.npz
bt_gtzan_seed0,direct,gtzan/gtzan_rock_00084/track.npy,gtzan,1.0,0.9277332388011635,0.9277332388011635,0.9277332388011635,1.0,1.0,1.0,1.0,1.0,0.8832950904147323,0.8832950904147323,0.8832950904147323,1.0,1.0,1.0,1.0,65.0,0.0,0.0,0.08664840018456324,17.0,0.0,0.0,0.021506205220963425,0.0,/media/mengh/SharedData/zhanh/auto_structbeat/caches/pilot/beat_this_final0_gtzan/gtzan__gtzan_rock_00084__track.npy.npz
bt_gtzan_seed0,direct,gtzan/gtzan_rock_00085/track.npy,gtzan,1.0,0.9245189875646518,0.9245189875646518,0.9245189875646518,1.0,1.0,1.0,1.0,1.0,0.9426998931554508,0.9426998931554508,0.9426998931554508,1.0,1.0,1.0,1.0,49.0,0.0,0.0,0.06453852113757173,13.0,0.0,0.0,0.01626052087177987,0.0,/media/mengh/SharedData/zhanh/auto_structbeat/caches/pilot/beat_this_final0_gtzan/gtzan__gtzan_rock_00085__track.npy.npz
bt_gtzan_seed0,direct,gtzan/gtzan_rock_00086/track.npy,gtzan,1.0,0.9805223122063883,0.9805223122063883,0.9805223122063883,1.0,1.0,1.0,1.0,0.8125000000000001,0.802885385773858,0.802885385773858,0.802885385773858,0.42105263157894735,0.42105263157894735,0.42105263157894735,0.42105263157894735,69.0,0.0,0.0,0.08701137698962909,25.0,0.0,0.0,1.138618874981867,0.0,/media/mengh/SharedData/zhanh/auto_structbeat/caches/pilot/beat_this_final0_gtzan/gtzan__gtzan_rock_00086__track.npy.npz
bt_gtzan_seed0,direct,gtzan/gtzan_rock_00087/track.npy,gtzan,0.9818181818181818,0.8947023067572011,0.8947023067572011,0.8947023067572011,0.9818181818181818,0.9818181818181818,0.9818181818181818,0.9818181818181818,0.962962962962963,0.8673214523313658,0.8673214523313658,0.8673214523313658,0.9285714285714286,0.9285714285714286,0.9285714285714286,0.9285714285714286,67.0,0.0,0.0,0.08701137698962769,16.0,0.0,0.0,0.02190908918831159,0.0,/media/mengh/SharedData/zhanh/auto_structbeat/caches/pilot/beat_this_final0_gtzan/gtzan__gtzan_rock_00087__track.npy.npz
bt_gtzan_seed0,direct,gtzan/gtzan_rock_00088/track.npy,gtzan,1.0,0.9493541973429748,0.9493541973429748,0.9493541973429748,1.0,1.0,1.0,1.0,1.0,0.9641331926275688,0.9641331926275688,0.9641331926275688,1.0,1.0,1.0,1.0,46.0,0.0,0.0,0.030771658666755797,12.0,0.0,0.0,0.37628213237154184,0.0,/media/mengh/SharedData/zhanh/auto_structbeat/caches/pilot/beat_this_final0_gtzan/gtzan__gtzan_rock_00088__track.npy.npz
bt_gtzan_seed0,direct,gtzan/gtzan_rock_00089/track.npy,gtzan,1.0,0.8843610362363439,0.8843610362363439,0.8843610362363439,1.0,1.0,1.0,1.0,1.0,0.8662694009138395,0.8662694009138395,0.8662694009138395,1.0,1.0,1.0,1.0,54.0,0.0,0.0,0.03698535188626509,13.0,0.0,0.0,0.032176449090470294,0.0,/media/mengh/SharedData/zhanh/auto_structbeat/caches/pilot/beat_this_final0_gtzan/gtzan__gtzan_rock_00089__track.npy.npz
bt_gtzan_seed0,direct,gtzan/gtzan_rock_00090/track.npy,gtzan,0.99009900990099,0.9332397918121168,0.9332397918121168,0.9332397918121168,0.9803921568627451,0.9803921568627451,0.9803921568627451,0.9803921568627451,1.0,0.9544619518510393,0.9544619518510393,0.9544619518510393,1.0,1.0,1.0,1.0,61.0,0.0,0.0,0.040821994520261584,16.0,0.0,0.0,0.013809830179595863,0.0,/media/mengh/SharedData/zhanh/auto_structbeat/caches/pilot/beat_this_final0_gtzan/gtzan__gtzan_rock_00090__track.npy.npz
bt_gtzan_seed0,direct,gtzan/gtzan_rock_00091/track.npy,gtzan,1.0,0.9464913383067303,0.9464913383067303,0.9464913383067303,1.0,1.0,1.0,1.0,1.0,0.948913358085272,0.948913358085272,0.948913358085272,1.0,1.0,1.0,1.0,72.0,0.0,0.0,0.04879016416943971,18.0,0.0,0.0,0.011976191046719764,0.0,/media/mengh/SharedData/zhanh/auto_structbeat/caches/pilot/beat_this_final0_gtzan/gtzan__gtzan_rock_00091__track.npy.npz
bt_gtzan_seed0,direct,gtzan/gtzan_rock_00092/track.npy,gtzan,1.0,0.955516867727508,0.955516867727508,0.955516867727508,1.0,1.0,1.0,1.0,1.0,0.9530065705949541,0.9530065705949541,0.9530065705949541,1.0,1.0,1.0,1.0,66.0,0.0,0.0,0.08701137698962938,16.0,0.0,0.0,0.021978906718774782,0.0,/media/mengh/SharedData/zhanh/auto_structbeat/caches/pilot/beat_this_final0_gtzan/gtzan__gtzan_rock_00092__track.npy.npz
bt_gtzan_seed0,direct,gtzan/gtzan_rock_00093/track.npy,gtzan,0.9885057471264368,0.8453213570248859,0.8453213570248859,0.8453213570248859,0.9772727272727273,0.9772727272727273,0.9772727272727273,0.9772727272727273,1.0,0.825788058685798,0.825788058685798,0.825788058685798,1.0,1.0,1.0,1.0,52.0,0.0,0.0,0.06899287148695475,13.0,0.0,0.0,0.017316774573187865,0.0,/media/mengh/SharedData/zhanh/auto_structbeat/caches/pilot/beat_this_final0_gtzan/gtzan__gtzan_rock_00093__track.npy.npz
bt_gtzan_seed0,direct,gtzan/gtzan_rock_00094/track.npy,gtzan,0.6666666666666666,0.614536795140915,0.9192279326999355,0.7668823639204252,0.0,0.0,0.9891304347826086,0.9891304347826086,0.32432432432432434,0.29775976054412073,0.5440552965930652,0.4209075285685929,0.04,0.04,0.36,0.36,112.0,0.0,0.009009009009009009,0.15415067982725494,35.0,0.0,0.029411764705882353,1.709438796319965,0.0,/media/mengh/SharedData/zhanh/auto_structbeat/caches/pilot/beat_this_final0_gtzan/gtzan__gtzan_rock_00094__track.npy.npz
bt_gtzan_seed0,direct,gtzan/gtzan_rock_00095/track.npy,gtzan,0.5411764705882354,0.5260529749025267,0.6092248847094462,0.5676389298059865,0.5116279069767442,0.5116279069767442,0.5116279069767442,0.5116279069767442,0.5714285714285713,0.5462344390434214,0.5462344390434214,0.5462344390434214,0.9090909090909091,0.9090909090909091,0.9090909090909091,0.9090909090909091,52.0,0.0,0.0,0.06899287148694999,16.0,0.0,0.0,0.9480306556898705,0.0,/media/mengh/SharedData/zhanh/auto_structbeat/caches/pilot/beat_this_final0_gtzan/gtzan__gtzan_rock_00095__track.npy.npz
bt_gtzan_seed0,direct,gtzan/gtzan_rock_00096/track.npy,gtzan,1.0,0.8792884657853891,0.8792884657853891,0.8792884657853891,1.0,1.0,1.0,1.0,1.0,0.8770040334677834,0.8770040334677834,0.8770040334677834,1.0,1.0,1.0,1.0,58.0,0.0,0.0,0.0486557951489974,14.0,0.0,0.0,0.01969584154688816,0.0,/media/mengh/SharedData/zhanh/auto_structbeat/caches/pilot/beat_this_final0_gtzan/gtzan__gtzan_rock_00096__track.npy.npz
bt_gtzan_seed0,direct,gtzan/gtzan_rock_00097/track.npy,gtzan,0.9906542056074767,0.9146291699492216,0.9146291699492216,0.9146291699492216,0.9814814814814815,0.9814814814814815,0.9814814814814815,0.9814814814814815,1.0,0.913194427956536,0.913194427956536,0.913194427956536,1.0,1.0,1.0,1.0,65.0,0.0,0.0,0.07948862430223003,16.0,0.0,0.0,0.021588028716366708,0.0,/media/mengh/SharedData/zhanh/auto_structbeat/caches/pilot/beat_this_final0_gtzan/gtzan__gtzan_rock_00097__track.npy.npz
bt_gtzan_seed0,direct,gtzan/gtzan_rock_00098/track.npy,gtzan,1.0,0.8834816728426438,0.8834816728426438,0.8834816728426438,1.0,1.0,1.0,1.0,1.0,0.8165712894341852,0.8165712894341852,0.8165712894341852,1.0,1.0,1.0,1.0,55.0,0.0,0.0,0.07524919974668677,14.0,0.0,0.0,0.040126733196753576,0.0,/media/mengh/SharedData/zhanh/auto_structbeat/caches/pilot/beat_this_final0_gtzan/gtzan__gtzan_rock_00098__track.npy.npz
bt_gtzan_seed0,direct,gtzan/gtzan_rock_00099/track.npy,gtzan,0.4307692307692308,0.3956929576920567,0.7912984207200927,0.5934956892060748,0.0,0.0,0.33663366336633666,0.5247524752475248,0.13333333333333333,0.12656350685078738,0.18427711105098946,0.15542030895088843,0.5294117647058824,0.5882352941176471,0.5294117647058824,0.5882352941176471,89.0,0.0,0.0,0.6931471805599446,20.0,0.0,0.0,1.4912926980440648,0.0,/media/mengh/SharedData/zhanh/auto_structbeat/caches/pilot/beat_this_final0_gtzan/gtzan__gtzan_rock_00099__track.npy.npz
