panel,method,piece,dataset,beat_fmeasure,beat_cemgil,beat_cemgil_max,beat_cemgil_bt_legacy,beat_cmlc,beat_cmlt,beat_amlc,beat_amlt,downbeat_fmeasure,downbeat_cemgil,downbeat_cemgil_max,downbeat_cemgil_bt_legacy,downbeat_cmlc,downbeat_cmlt,downbeat_amlc,downbeat_amlt,beat_diag_count,beat_diag_ibi_lt_140ms,beat_diag_ibi_lt_200ms,beat_diag_log_ibi_jump_p95,downbeat_diag_count,downbeat_diag_ibi_lt_140ms,downbeat_diag_ibi_lt_200ms,downbeat_diag_log_ibi_jump_p95,downbeats_off_beat,source_path
mscnn_gtzan,direct,gtzan/gtzan_blues_00000/track.npy,gtzan,0.9811320754716981,0.7436868897283994,0.7436868897283994,0.7436868897283994,0.9811320754716981,0.9811320754716981,0.9811320754716981,0.9811320754716981,0.6666666666666666,0.5060185202745738,0.6997294843574363,0.6028740023160051,0.08,0.08,0.8518518518518519,0.8518518518518519,63.0,0.0,0.0,0.04255961441880263,30.0,0.0,0.0,0.034455945879613516,0.0,/media/mengh/SharedData/zhanh/auto_structbeat/caches/pilot/mscnn_final_last_gtzan/gtzan__gtzan_blues_00000__track.npy.npz
mscnn_gtzan,direct,gtzan/gtzan_blues_00001/track.npy,gtzan,1.0,0.9142328439899737,0.9142328439899737,0.9142328439899737,1.0,1.0,1.0,1.0,0.5217391304347825,0.46564899508830865,0.5735191064488623,0.5195840507685855,0.0625,0.0625,0.125,0.25,38.0,0.0,0.0,0.6280899559028237,18.0,0.0,0.0,1.1577866380004667,0.0,/media/mengh/SharedData/zhanh/auto_structbeat/caches/pilot/mscnn_final_last_gtzan/gtzan__gtzan_blues_00001__track.npy.npz
mscnn_gtzan,direct,gtzan/gtzan_blues_00002/track.npy,gtzan,0.9923664122137404,0.8717433522636846,0.8717433522636846,0.8717433522636846,0.9848484848484849,0.9848484848484849,0.9848484848484849,0.9848484848484849,0.8648648648648648,0.733939699446735,0.733939699446735,0.733939699446735,0.3333333333333333,0.6190476190476191,0.3333333333333333,0.6190476190476191,79.0,0.0,0.0,0.1053605156578163,24.0,0.0,0.0,0.7184820152879956,0.0,/media/mengh/SharedData/zhanh/auto_structbeat/caches/pilot/mscnn_final_last_gtzan/gtzan__gtzan_blues_00002__track.npy.npz
mscnn_gtzan,direct,gtzan/gtzan_blues_00003/track.npy,gtzan,0.7761194029850745,0.7001407248066157,0.7001407248066157,0.7001407248066157,0.17073170731707318,0.34146341463414637,0.17073170731707318,0.34146341463414637,0.4166666666666667,0.362932642556341,0.5702612916447397,0.4665969671005403,0.0,0.0,0.3888888888888889,0.3888888888888889,55.0,0.037037037037037035,0.07407407407407407,1.1273126587978526,22.0,0.047619047619047616,0.047619047619047616,1.784372458009752,0.0,/media/mengh/SharedData/zhanh/auto_structbeat/caches/pilot/mscnn_final_last_gtzan/gtzan__gtzan_blues_00003__track.npy.npz
mscnn_gtzan,direct,gtzan/gtzan_blues_00004/track.npy,gtzan,0.9642857142857143,0.8540677994606802,0.8540677994606802,0.8540677994606802,1.0,1.0,1.0,1.0,0.8125000000000001,0.742926456216538,0.742926456216538,0.742926456216538,0.3333333333333333,0.6111111111111112,0.3333333333333333,0.6111111111111112,67.0,0.0,0.0,0.044451762570840825,21.0,0.0,0.0,1.1364694092842873,0.0,/media/mengh/SharedData/zhanh/auto_structbeat/caches/pilot/mscnn_final_last_gtzan/gtzan__gtzan_blues_00004__track.npy.npz
mscnn_gtzan,direct,gtzan/gtzan_blues_00005/track.npy,gtzan,0.8771929824561403,0.7691756363589408,0.7691756363589408,0.7691756363589408,0.9655172413793104,0.9655172413793104,0.9655172413793104,0.9655172413793104,0.19047619047619047,0.18762072899915275,0.3195593170700326,0.25359002303459266,0.0,0.0,0.07142857142857142,0.07142857142857142,34.0,0.0,0.0,0.033399841910147304,16.0,0.0,0.0,1.0384257592484858,0.0,/media/mengh/SharedData/zhanh/auto_structbeat/caches/pilot/mscnn_final_last_gtzan/gtzan__gtzan_blues_00005__track.npy.npz
mscnn_gtzan,direct,gtzan/gtzan_blues_00006/track.npy,gtzan,0.5538461538461539,0.4518843244773236,0.4518843244773236,0.4518843244773236,0.17647058823529413,0.47058823529411764,0.17647058823529413,0.47058823529411764,0.3,0.2412529679232034,0.2412529679232034,0.2412529679232034,0.16666666666666666,0.16666666666666666,0.16666666666666666,0.16666666666666666,39.0,0.0,0.0,0.7651359461764073,13.0,0.0,0.0,0.844217124633243,0.0,/media/mengh/SharedData/zhanh/auto_structbeat/caches/pilot/mscnn_final_last_gtzan/gtzan__gtzan_blues_00006__track.npy.npz
mscnn_gtzan,direct,gtzan/gtzan_blues_00007/track.npy,gtzan,0.9113924050632911,0.8240482903594083,0.8240482903594083,0.8240482903594083,0.375,0.85,0.375,0.85,0.5185185185185185,0.4421992027995954,0.44945136581704975,0.4458252843083226,0.058823529411764705,0.058823529411764705,0.10526315789473684,0.21052631578947367,48.0,0.0,0.02127659574468085,0.6862754531146623,21.0,0.0,0.0,1.3669973934012278,0.0,/media/mengh/SharedData/zhanh/auto_structbeat/caches/pilot/mscnn_final_last_gtzan/gtzan__gtzan_blues_00007__track.npy.npz
mscnn_gtzan,direct,gtzan/gtzan_blues_00008/track.npy,gtzan,0.971830985915493,0.9058908244643985,0.9058908244643985,0.9058908244643985,0.971830985915493,0.971830985915493,0.971830985915493,0.971830985915493,0.6153846153846153,0.5754127958479519,0.6621581747537758,0.6187854853008639,0.36363636363636365,0.36363636363636365,0.36363636363636365,0.36363636363636365,85.0,0.0,0.0,0.11122563511022421,26.0,0.0,0.0,0.7072731186229584,0.0,/media/mengh/SharedData/zhanh/auto_structbeat/caches/pilot/mscnn_final_last_gtzan/gtzan__gtzan_blues_00008__track.npy.npz
mscnn_gtzan,direct,gtzan/gtzan_blues_00009/track.npy,gtzan,0.8115942028985507,0.6498501671126654,0.6498501671126654,0.6498501671126654,0.5277777777777778,0.8888888888888888,0.5277777777777778,0.8888888888888888,0.25,0.22530594409723012,0.3993209285459583,0.3123134363215942,0.06666666666666667,0.06666666666666667,0.17647058823529413,0.17647058823529413,43.0,0.0,0.0,0.3417492937220579,20.0,0.0,0.0,1.952073616614089,0.0,/media/mengh/SharedData/zhanh/auto_structbeat/caches/pilot/mscnn_final_last_gtzan/gtzan__gtzan_blues_00009__track.npy.npz
mscnn_gtzan,direct,gtzan/gtzan_blues_00010/track.npy,gtzan,0.6601941747572816,0.6186122440153339,0.9303118247992359,0.7744620344072849,0.0,0.0,0.5072463768115942,0.9420289855072463,0.10810810810810811,0.10505785565400691,0.16901145184740862,0.13703465375070778,0.0,0.0,0.0,0.0,82.0,0.024691358024691357,0.024691358024691357,0.40147934516655304,32.0,0.0,0.0,1.407246233628662,0.0,/media/mengh/SharedData/zhanh/auto_structbeat/caches/pilot/mscnn_final_last_gtzan/gtzan__gtzan_blues_00010__track.npy.npz
mscnn_gtzan,direct,gtzan/gtzan_blues_00011/track.npy,gtzan,0.8799999999999999,0.7923904497231884,0.7923904497231884,0.7923904497231884,0.7692307692307693,0.7692307692307693,0.7692307692307693,0.7692307692307693,0.42857142857142855,0.3835986473776667,0.6416481063861554,0.5126233768819111,0.125,0.125,0.17391304347826086,0.3125,30.0,0.0,0.0,0.5249574174863848,19.0,0.0,0.0,1.11934125150495,0.0,/media/mengh/SharedData/zhanh/auto_structbeat/caches/pilot/mscnn_final_last_gtzan/gtzan__gtzan_blues_00011__track.npy.npz
mscnn_gtzan,direct,gtzan/gtzan_blues_00012/track.npy,gtzan,0.8500000000000001,0.749036400972397,0.749036400972397,0.749036400972397,0.7804878048780488,0.9024390243902439,0.7804878048780488,0.9024390243902439,0.4,0.31489166240325367,0.545583824681356,0.4302377435423048,0.0,0.0,0.3,0.4,50.0,0.0,0.0,0.7252306459282523,26.0,0.0,0.0,1.1355746338168866,0.0,/media/mengh/SharedData/zhanh/auto_structbeat/caches/pilot/mscnn_final_last_gtzan/gtzan__gtzan_blues_00012__track.npy.npz
mscnn_gtzan,direct,gtzan/gtzan_blues_00013/track.npy,gtzan,0.5942028985507247,0.5045140436120898,0.7372612564905853,0.6208876500513376,0.010752688172043012,0.021505376344086023,0.5913978494623656,0.6666666666666666,0.14634146341463414,0.13805732022466843,0.2198423939459532,0.1789498570853108,0.034482758620689655,0.034482758620689655,0.06896551724137931,0.06896551724137931,107.0,0.03773584905660377,0.1320754716981132,0.9476673023967569,32.0,0.03225806451612903,0.06451612903225806,2.006872241057374,0.0,/media/mengh/SharedData/zhanh/auto_structbeat/caches/pilot/mscnn_final_last_gtzan/gtzan__gtzan_blues_00013__track.npy.npz
mscnn_gtzan,direct,gtzan/gtzan_blues_00014/track.npy,gtzan,0.9142857142857143,0.7872435296050104,0.7872435296050104,0.7872435296050104,0.8,0.9428571428571428,0.8,0.9428571428571428,0.25,0.19072418654789655,0.3291691565527574,0.25994667155032697,0.0,0.0,0.25,0.375,42.0,0.024390243902439025,0.024390243902439025,0.6808656701642382,19.0,0.0,0.0,1.369451633761625,0.0,/media/mengh/SharedData/zhanh/auto_structbeat/caches/pilot/mscnn_final_last_gtzan/gtzan__gtzan_blues_00014__track.npy.npz
mscnn_gtzan,direct,gtzan/gtzan_blues_00015/track.npy,gtzan,0.926829268292683,0.805817867368743,0.805817867368743,0.805817867368743,0.6829268292682927,0.9512195121951219,0.6829268292682927,0.9512195121951219,0.32,0.29745964418146986,0.3308925733418932,0.31417610876168156,0.0,0.0,0.2857142857142857,0.2857142857142857,49.0,0.0,0.0,0.0660455184903453,17.0,0.0,0.0,0.728542357472252,0.0,/media/mengh/SharedData/zhanh/auto_structbeat/caches/pilot/mscnn_final_last_gtzan/gtzan__gtzan_blues_00015__track.npy.npz
mscnn_gtzan,direct,gtzan/gtzan_blues_00016/track.npy,gtzan,0.6612903225806451,0.5335666589413989,0.7753406175385282,0.6544536382399635,0.024390243902439025,0.036585365853658534,0.43373493975903615,0.8433734939759037,0.3181818181818182,0.2479881211795811,0.42757772974073316,0.33778292546015715,0.0,0.0,0.058823529411764705,0.14705882352941177,99.0,0.01020408163265306,0.02040816326530612,0.23340593914683957,40.0,0.0,0.0,1.422121569255099,0.0,/media/mengh/SharedData/zhanh/auto_structbeat/caches/pilot/mscnn_final_last_gtzan/gtzan__gtzan_blues_00016__track.npy.npz
mscnn_gtzan,direct,gtzan/gtzan_blues_00017/track.npy,gtzan,0.9859154929577465,0.8015607063718425,0.8015607063718425,0.8015607063718425,0.7887323943661971,0.9577464788732394,0.7887323943661971,0.9577464788732394,0.09302325581395349,0.07281764033963065,0.11773346510603452,0.09527555272283258,0.0,0.0,0.0,0.0,83.0,0.0,0.0,0.1112256351102221,28.0,0.0,0.0,1.1323165207532238,0.0,/media/mengh/SharedData/zhanh/auto_structbeat/caches/pilot/mscnn_final_last_gtzan/gtzan__gtzan_blues_00017__track.npy.npz
mscnn_gtzan,direct,gtzan/gtzan_blues_00018/track.npy,gtzan,0.7894736842105262,0.6268842594555769,0.6268842594555769,0.6268842594555769,0.40476190476190477,0.6904761904761905,0.40476190476190477,0.6904761904761905,0.35714285714285715,0.2899483070979903,0.43899825846729396,0.3644732827826421,0.05263157894736842,0.05263157894736842,0.3157894736842105,0.42105263157894735,49.0,0.0,0.020833333333333332,0.6855518381646454,24.0,0.0,0.0,1.1151093637522884,0.0,/media/mengh/SharedData/zhanh/auto_structbeat/caches/pilot/mscnn_final_last_gtzan/gtzan__gtzan_blues_00018__track.npy.npz
mscnn_gtzan,direct,gtzan/gtzan_blues_00019/track.npy,gtzan,0.5379310344827586,0.4517182092012116,0.7551042009987547,0.6034112050999831,0.0,0.0,0.49504950495049505,0.6831683168316832,0.2222222222222222,0.18502301673389945,0.27369829330217826,0.22936065501803887,0.0,0.0,0.024390243902439025,0.04878048780487805,115.0,0.0,0.03508771929824561,0.40154917057646144,50.0,0.0,0.0,1.2640318577203384,0.0,/media/mengh/SharedData/zhanh/auto_structbeat/caches/pilot/mscnn_final_last_gtzan/gtzan__gtzan_blues_00019__track.npy.npz
mscnn_gtzan,direct,gtzan/gtzan_blues_00020/track.npy,gtzan,0.5828571428571429,0.4852902331891877,0.7139851042603759,0.5996376687247817,0.0,0.0,0.1694915254237288,0.5677966101694916,0.061538461538461535,0.056783382485256106,0.0764350777102339,0.066609230097745,0.0,0.0,0.0196078431372549,0.0196078431372549,141.0,0.04285714285714286,0.32857142857142857,0.6931471805599437,61.0,0.0,0.05,1.4182982349523823,0.0,/media/mengh/SharedData/zhanh/auto_structbeat/caches/pilot/mscnn_final_last_gtzan/gtzan__gtzan_blues_00020__track.npy.npz
mscnn_gtzan,direct,gtzan/gtzan_blues_00021/track.npy,gtzan,0.9523809523809523,0.5890030173703593,0.5890030173703593,0.5890030173703593,1.0,1.0,1.0,1.0,0.4848484848484849,0.29957871110377443,0.29957871110377443,0.29957871110377443,0.09090909090909091,0.18181818181818182,0.09090909090909091,0.18181818181818182,50.0,0.0,0.0,0.06818734754105227,25.0,0.0,0.0,1.3533300645030368,0.0,/media/mengh/SharedData/zhanh/auto_structbeat/caches/pilot/mscnn_final_last_gtzan/gtzan__gtzan_blues_00021__track.npy.npz
mscnn_gtzan,direct,gtzan/gtzan_blues_00022/track.npy,gtzan,0.8297872340425531,0.607772200975371,0.607772200975371,0.607772200975371,0.2641509433962264,0.6037735849056604,0.2641509433962264,0.6037735849056604,0.27027027027027023,0.21920096260173233,0.37832754389004375,0.29876425324588807,0.0,0.0,0.11538461538461539,0.15384615384615385,71.0,0.07142857142857142,0.15714285714285714,0.8651573832702019,35.0,0.0,0.0,1.1325138403437944,0.0,/media/mengh/SharedData/zhanh/auto_structbeat/caches/pilot/mscnn_final_last_gtzan/gtzan__gtzan_blues_00022__track.npy.npz
mscnn_gtzan,direct,gtzan/gtzan_blues_00023/track.npy,gtzan,0.4912280701754387,0.3760656184315456,0.47385419423149255,0.4249599063315191,0.0684931506849315,0.1095890410958904,0.09876543209876543,0.3950617283950617,0.20512820512820515,0.14916491033100637,0.24659887316587334,0.19788189174843984,0.0,0.0,0.034482758620689655,0.06896551724137931,83.0,0.04878048780487805,0.04878048780487805,0.8266785731844775,31.0,0.1,0.1,2.237452270853814,0.0,/media/mengh/SharedData/zhanh/auto_structbeat/caches/pilot/mscnn_final_last_gtzan/gtzan__gtzan_blues_00023__track.npy.npz
mscnn_gtzan,direct,gtzan/gtzan_blues_00024/track.npy,gtzan,0.64,0.4877716171466756,0.6658605687645268,0.5768160929556012,0.012195121951219513,0.04878048780487805,0.4117647058823529,0.6941176470588235,0.7547169811320755,0.5633395558150178,0.5633395558150178,0.5633395558150178,0.1875,0.34375,0.1875,0.34375,95.0,0.0,0.0,0.693147180559939,38.0,0.0,0.0,1.3478243903292249,0.0,/media/mengh/SharedData/zhanh/auto_structbeat/caches/pilot/mscnn_final_last_gtzan/gtzan__gtzan_blues_00024__track.npy.npz
mscnn_gtzan,direct,gtzan/gtzan_blues_00025/track.npy,gtzan,0.5294117647058822,0.3818580998251251,0.3915109896818292,0.38668454475347713,0.1774193548387097,0.3225806451612903,0.1774193548387097,0.3225806451612903,0.1111111111111111,0.09259471348802367,0.11892317719734742,0.10575894534268554,0.0,0.0,0.038461538461538464,0.07692307692307693,70.0,0.057971014492753624,0.10144927536231885,1.1090421425851777,27.0,0.038461538461538464,0.07692307692307693,2.501402079550185,0.0,/media/mengh/SharedData/zhanh/auto_structbeat/caches/pilot/mscnn_final_last_gtzan/gtzan__gtzan_blues_00025__track.npy.npz
mscnn_gtzan,direct,gtzan/gtzan_blues_00026/track.npy,gtzan,0.8823529411764706,0.7416349125147521,0.7416349125147521,0.7416349125147521,0.5714285714285714,0.8571428571428571,0.5714285714285714,0.8571428571428571,0.3478260869565218,0.2972734730798198,0.2972734730798198,0.2972734730798198,0.0,0.0,0.0,0.0,45.0,0.022727272727272728,0.022727272727272728,1.0901356518419587,19.0,0.0,0.0,1.6206122682030553,0.0,/media/mengh/SharedData/zhanh/auto_structbeat/caches/pilot/mscnn_final_last_gtzan/gtzan__gtzan_blues_00026__track.npy.npz
mscnn_gtzan,direct,gtzan/gtzan_blues_00027/track.npy,gtzan,0.6933333333333334,0.4814677010636509,0.4814677010636509,0.4814677010636509,0.6666666666666666,0.8205128205128205,0.6666666666666666,0.8205128205128205,0.15384615384615385,0.05387063660414396,0.25760251345817253,0.15573657503115823,0.1875,0.1875,0.1875,0.1875,44.0,0.0,0.0,0.31048427929408945,18.0,0.0,0.0,0.8664339756999317,0.0,/media/mengh/SharedData/zhanh/auto_structbeat/caches/pilot/mscnn_final_last_gtzan/gtzan__gtzan_blues_00027__track.npy.npz
mscnn_gtzan,direct,gtzan/gtzan_blues_00028/track.npy,gtzan,0.6666666666666666,0.5707877999612122,0.8741424611119666,0.7224651305365895,0.0,0.0,0.7325581395348837,0.9651162790697675,0.7924528301886793,0.6917013325478345,0.6917013325478345,0.6917013325478345,0.21875,0.34375,0.21875,0.34375,97.0,0.0,0.0,0.13353139262452066,38.0,0.0,0.0,1.3350010667323382,0.0,/media/mengh/SharedData/zhanh/auto_structbeat/caches/pilot/mscnn_final_last_gtzan/gtzan__gtzan_blues_00028__track.npy.npz
mscnn_gtzan,direct,gtzan/gtzan_blues_00029/track.npy,gtzan,0.34,0.24963038348405953,0.3661352939589694,0.30788283872151445,0.07692307692307693,0.23076923076923078,0.21568627450980393,0.23076923076923078,0.2285714285714286,0.19662400625454024,0.19662400625454024,0.19662400625454024,0.22727272727272727,0.22727272727272727,0.22727272727272727,0.22727272727272727,56.0,0.0,0.0,1.3130308767664167,28.0,0.0,0.0,1.828546621689263,0.0,/media/mengh/SharedData/zhanh/auto_structbeat/caches/pilot/mscnn_final_last_gtzan/gtzan__gtzan_blues_00029__track.npy.npz
mscnn_gtzan,direct,gtzan/gtzan_blues_00030/track.npy,gtzan,0.0,2.3216793290009992e-05,0.4179099530029409,0.20896658489811548,0.0,0.0,0.4666666666666667,0.8222222222222222,0.0,1.8538329328794217e-05,1.8538329328794217e-05,1.8538329328794217e-05,0.16666666666666666,0.3333333333333333,0.16666666666666666,0.3333333333333333,54.0,0.0,0.0,0.37237838933294903,22.0,0.0,0.0,1.3731117767206038,0.0,/media/mengh/SharedData/zhanh/auto_structbeat/caches/pilot/mscnn_final_last_gtzan/gtzan__gtzan_blues_00030__track.npy.npz
mscnn_gtzan,direct,gtzan/gtzan_blues_00031/track.npy,gtzan,0.3762376237623762,0.33647065643431284,0.4482943321313762,0.39238249428284455,0.09615384615384616,0.2692307692307692,0.15384615384615385,0.3076923076923077,0.0,5.077811076777003e-10,0.06286498944016343,0.03143249497397227,0.0,0.0,0.15789473684210525,0.21052631578947367,63.0,0.0,0.0,0.7731898882334819,24.0,0.0,0.0,1.9310622358285707,0.0,/media/mengh/SharedData/zhanh/auto_structbeat/caches/pilot/mscnn_final_last_gtzan/gtzan__gtzan_blues_00031__track.npy.npz
mscnn_gtzan,direct,gtzan/gtzan_blues_00032/track.npy,gtzan,0.3,0.24668057180185893,0.24668057180185893,0.24668057180185893,0.09615384615384616,0.09615384615384616,0.09615384615384616,0.14285714285714285,0.0,0.009982139184538837,0.09020453630915669,0.050093337746847766,0.0,0.0,0.2,0.2,35.0,0.029411764705882353,0.058823529411764705,2.0378026778964187,13.0,0.0,0.0,1.347349197848374,0.0,/media/mengh/SharedData/zhanh/auto_structbeat/caches/pilot/mscnn_final_last_gtzan/gtzan__gtzan_blues_00032__track.npy.npz
mscnn_gtzan,direct,gtzan/gtzan_blues_00033/track.npy,gtzan,0.68,0.46669893285502156,0.660948495015904,0.5638237139354628,0.06153846153846154,0.06153846153846154,0.5714285714285714,0.8571428571428571,0.8666666666666666,0.6099617013411803,0.6099617013411803,0.6099617013411803,0.4375,0.5,0.4375,0.5,41.0,0.0,0.0,0.16413918214803946,17.0,0.0,0.0,0.7008399097439469,0.0,/media/mengh/SharedData/zhanh/auto_structbeat/caches/pilot/mscnn_final_last_gtzan/gtzan__gtzan_blues_00033__track.npy.npz
mscnn_gtzan,direct,gtzan/gtzan_blues_00034/track.npy,gtzan,0.7560975609756098,0.6270430168785078,0.6270430168785078,0.6270430168785078,0.37209302325581395,0.6511627906976745,0.37209302325581395,0.6511627906976745,0.14814814814814817,0.12589993376971031,0.45142731622200455,0.2886636249958574,0.058823529411764705,0.058823529411764705,0.23529411764705882,0.35294117647058826,53.0,0.0,0.0,0.7085330098933287,19.0,0.0,0.0,1.9623577687027065,0.0,/media/mengh/SharedData/zhanh/auto_structbeat/caches/pilot/mscnn_final_last_gtzan/gtzan__gtzan_blues_00034__track.npy.npz
mscnn_gtzan,direct,gtzan/gtzan_blues_00035/track.npy,gtzan,0.49056603773584906,0.4109273090449261,0.4580859351390372,0.43450662209198165,0.03636363636363636,0.09090909090909091,0.11764705882352941,0.17647058823529413,0.4210526315789474,0.3664553344316538,0.41934818539572655,0.39290175991369014,0.125,0.16666666666666666,0.125,0.18518518518518517,58.0,0.03508771929824561,0.10526315789473684,1.0986122886681036,29.0,0.0,0.03571428571428571,2.00236112832561,0.0,/media/mengh/SharedData/zhanh/auto_structbeat/caches/pilot/mscnn_final_last_gtzan/gtzan__gtzan_blues_00035__track.npy.npz
mscnn_gtzan,direct,gtzan/gtzan_blues_00036/track.npy,gtzan,0.07843137254901962,0.05264226335779065,0.5365967435134631,0.2946195034356269,0.0,0.0,0.2727272727272727,0.5818181818181818,0.0,0.0004325699420805105,0.0004780819969462919,0.0004553259695134012,0.21052631578947367,0.3157894736842105,0.21052631578947367,0.3157894736842105,65.0,0.015625,0.03125,0.5907825112277272,22.0,0.0,0.0,2.1504543153151996,0.0,/media/mengh/SharedData/zhanh/auto_structbeat/caches/pilot/mscnn_final_last_gtzan/gtzan__gtzan_blues_00036__track.npy.npz
mscnn_gtzan,direct,gtzan/gtzan_blues_00037/track.npy,gtzan,0.8888888888888888,0.7221681452053532,0.7221681452053532,0.7221681452053532,0.34375,0.84375,0.34375,0.84375,0.18181818181818182,0.1696909585785961,0.5203330106137676,0.3450119845961818,0.0,0.0,0.35714285714285715,0.35714285714285715,39.0,0.02631578947368421,0.02631578947368421,0.8895387338382592,17.0,0.0,0.0,0.86149396089165,0.0,/media/mengh/SharedData/zhanh/auto_structbeat/caches/pilot/mscnn_final_last_gtzan/gtzan__gtzan_blues_00037__track.npy.npz
mscnn_gtzan,direct,gtzan/gtzan_blues_00038/track.npy,gtzan,0.29213483146067415,0.27564483886672714,0.27564483886672714,0.27564483886672714,0.0,0.0,0.0,0.0,0.0,5.409227615357656e-06,0.06613653500192546,0.033070972114770406,0.0,0.0,0.0,0.0,64.0,0.0,0.0,0.6498576261700888,27.0,0.0,0.0,1.1542351482850741,0.0,/media/mengh/SharedData/zhanh/auto_structbeat/caches/pilot/mscnn_final_last_gtzan/gtzan__gtzan_blues_00038__track.npy.npz
mscnn_gtzan,direct,gtzan/gtzan_blues_00039/track.npy,gtzan,0.7906976744186046,0.6843629250649068,0.6843629250649068,0.6843629250649068,0.4375,0.5416666666666666,0.4375,0.5416666666666666,0.7999999999999999,0.6822778516322875,0.6822778516322875,0.6822778516322875,0.5625,0.5625,0.5625,0.5625,48.0,0.0,0.0,0.6737290947028441,18.0,0.0,0.0,0.7961421278422856,0.0,/media/mengh/SharedData/zhanh/auto_structbeat/caches/pilot/mscnn_final_last_gtzan/gtzan__gtzan_blues_00039__track.npy.npz
mscnn_gtzan,direct,gtzan/gtzan_blues_00040/track.npy,gtzan,0.9859154929577464,0.9307934033032144,0.9307934033032144,0.9307934033032144,0.9722222222222222,0.9722222222222222,0.9722222222222222,0.9722222222222222,1.0,0.941094020559542,0.941094020559542,0.941094020559542,1.0,1.0,1.0,1.0,87.0,0.0,0.0,0.05715841383995235,25.0,0.0,0.0,0.5999175469791336,0.0,/media/mengh/SharedData/zhanh/auto_structbeat/caches/pilot/mscnn_final_last_gtzan/gtzan__gtzan_blues_00040__track.npy.npz
mscnn_gtzan,direct,gtzan/gtzan_blues_00041/track.npy,gtzan,1.0,0.8659775148410425,0.8659775148410425,0.8659775148410425,1.0,1.0,1.0,1.0,0.5142857142857142,0.4553498332754662,0.7874704853739634,0.6214101593247148,0.0,0.0,0.4,0.68,63.0,0.0,0.0,0.044451762570828834,25.0,0.0,0.0,0.6931471805599462,0.0,/media/mengh/SharedData/zhanh/auto_structbeat/caches/pilot/mscnn_final_last_gtzan/gtzan__gtzan_blues_00041__track.npy.npz
mscnn_gtzan,direct,gtzan/gtzan_blues_00042/track.npy,gtzan,0.4600000000000001,0.39340927630996797,0.39340927630996797,0.39340927630996797,0.0,0.0,0.0,0.0,0.5217391304347826,0.4184505452478295,0.6275046184733594,0.5229775818605944,0.0,0.0,0.23529411764705882,0.4117647058823529,90.0,0.0,0.0,0.11778303565638604,21.0,0.0,0.0,0.7369331477546184,0.0,/media/mengh/SharedData/zhanh/auto_structbeat/caches/pilot/mscnn_final_last_gtzan/gtzan__gtzan_blues_00042__track.npy.npz
mscnn_gtzan,direct,gtzan/gtzan_blues_00043/track.npy,gtzan,0.9906542056074767,0.956299864402859,0.956299864402859,0.956299864402859,0.9814814814814815,0.9814814814814815,0.9814814814814815,0.9814814814814815,0.7647058823529412,0.7519076121040706,0.8473920971970472,0.7996498546505589,0.09523809523809523,0.2857142857142857,0.32,0.56,65.0,0.0,0.0,0.04445176257083372,25.0,0.0,0.0,0.7028770050537372,0.0,/media/mengh/SharedData/zhanh/auto_structbeat/caches/pilot/mscnn_final_last_gtzan/gtzan__gtzan_blues_00043__track.npy.npz
mscnn_gtzan,direct,gtzan/gtzan_blues_00044/track.npy,gtzan,0.776978417266187,0.6366059648402953,0.699166312677063,0.6678861387586792,0.21428571428571427,0.2857142857142857,0.21428571428571427,0.5272727272727272,0.09302325581395349,0.08138847058751376,0.08138847058751376,0.08138847058751376,0.0,0.0,0.13636363636363635,0.13636363636363635,65.0,0.0,0.0,0.6931471805599454,28.0,0.0,0.0,1.3778189732009676,0.0,/media/mengh/SharedData/zhanh/auto_structbeat/caches/pilot/mscnn_final_last_gtzan/gtzan__gtzan_blues_00044__track.npy.npz
mscnn_gtzan,direct,gtzan/gtzan_blues_00045/track.npy,gtzan,0.8043478260869564,0.6831206245941313,0.8124056615323189,0.747763143063225,0.02727272727272727,0.14545454545454545,0.1891891891891892,0.5,0.8666666666666666,0.8206174378213827,0.8206174378213827,0.8206174378213827,0.3125,0.5625,0.3125,0.5625,91.0,0.0,0.2,0.5705448584676154,40.0,0.0,0.0,1.1052800530537354,0.0,/media/mengh/SharedData/zhanh/auto_structbeat/caches/pilot/mscnn_final_last_gtzan/gtzan__gtzan_blues_00045__track.npy.npz
mscnn_gtzan,direct,gtzan/gtzan_blues_00046/track.npy,gtzan,1.0,0.9188008978406517,0.9188008978406517,0.9188008978406517,1.0,1.0,1.0,1.0,1.0,0.8991098718931388,0.8991098718931388,0.8991098718931388,1.0,1.0,1.0,1.0,61.0,0.0,0.0,0.08004270767353472,17.0,0.0,0.0,0.23209699232666914,0.0,/media/mengh/SharedData/zhanh/auto_structbeat/caches/pilot/mscnn_final_last_gtzan/gtzan__gtzan_blues_00046__track.npy.npz
mscnn_gtzan,direct,gtzan/gtzan_blues_00047/track.npy,gtzan,0.9919999999999999,0.8414920545959161,0.8414920545959161,0.8414920545959161,0.9206349206349206,0.9523809523809523,0.9206349206349206,0.9523809523809523,0.975609756097561,0.8324346705212743,0.8324346705212743,0.8324346705212743,0.9523809523809523,0.9523809523809523,0.9523809523809523,0.9523809523809523,75.0,0.0,0.0,0.07080936005532318,25.0,0.0,0.0,0.034486176071170105,0.0,/media/mengh/SharedData/zhanh/auto_structbeat/caches/pilot/mscnn_final_last_gtzan/gtzan__gtzan_blues_00047__track.npy.npz
mscnn_gtzan,direct,gtzan/gtzan_blues_00048/track.npy,gtzan,1.0,0.8366168755622376,0.8366168755622376,0.8366168755622376,1.0,1.0,1.0,1.0,0.9285714285714286,0.7979583155459045,0.7979583155459045,0.7979583155459045,0.5333333333333333,0.7333333333333333,0.5333333333333333,0.7333333333333333,61.0,0.0,0.0,0.040821994520261584,19.0,0.0,0.0,0.6951776548527488,0.0,/media/mengh/SharedData/zhanh/auto_structbeat/caches/pilot/mscnn_final_last_gtzan/gtzan__gtzan_blues_00048__track.npy.npz
mscnn_gtzan,direct,gtzan/gtzan_blues_00049/track.npy,gtzan,0.6764705882352942,0.5680444640411005,0.7065040525559767,0.6372742582985387,0.09523809523809523,0.23809523809523808,0.43137254901960786,0.6274509803921569,0.7777777777777778,0.6106275713124655,0.7813933656493289,0.6960104684808972,0.18181818181818182,0.2727272727272727,0.6153846153846154,0.6153846153846154,52.0,0.0,0.0,0.693147180559947,15.0,0.0,0.0,1.0670030068760226,0.0,/media/mengh/SharedData/zhanh/auto_structbeat/caches/pilot/mscnn_final_last_gtzan/gtzan__gtzan_blues_00049__track.npy.npz
mscnn_gtzan,direct,gtzan/gtzan_blues_00050/track.npy,gtzan,1.0,0.901690528505793,0.901690528505793,0.901690528505793,1.0,1.0,1.0,1.0,0.7692307692307693,0.689969763829864,0.8213242045643407,0.7556469841971023,0.08333333333333333,0.20833333333333334,0.27586206896551724,0.6551724137931034,68.0,0.0,0.0,0.04652001563489491,29.0,0.0,0.0,0.731867697881086,0.0,/media/mengh/SharedData/zhanh/auto_structbeat/caches/pilot/mscnn_final_last_gtzan/gtzan__gtzan_blues_00050__track.npy.npz
mscnn_gtzan,direct,gtzan/gtzan_blues_00051/track.npy,gtzan,0.9878048780487805,0.9433226831377058,0.9433226831377058,0.9433226831377058,0.9518072289156626,0.9518072289156626,0.9518072289156626,0.9518072289156626,0.7804878048780488,0.7358955265172151,0.7358955265172151,0.7358955265172151,0.7142857142857143,0.7142857142857143,0.7142857142857143,0.7142857142857143,99.0,0.0,0.0,0.1335313926245194,26.0,0.0,0.0,0.7071970872184745,0.0,/media/mengh/SharedData/zhanh/auto_structbeat/caches/pilot/mscnn_final_last_gtzan/gtzan__gtzan_blues_00051__track.npy.npz
mscnn_gtzan,direct,gtzan/gtzan_blues_00052/track.npy,gtzan,0.5454545454545454,0.48523621162954866,0.48523621162954866,0.48523621162954866,0.017857142857142856,0.03571428571428571,0.017857142857142856,0.03571428571428571,0.4347826086956522,0.3887185484822229,0.5869787799198255,0.48784866420102424,0.0,0.0,0.05555555555555555,0.05555555555555555,67.0,0.0,0.0,0.6880836189630875,21.0,0.0,0.0,0.7031266952062798,0.0,/media/mengh/SharedData/zhanh/auto_structbeat/caches/pilot/mscnn_final_last_gtzan/gtzan__gtzan_blues_00052__track.npy.npz
mscnn_gtzan,direct,gtzan/gtzan_blues_00053/track.npy,gtzan,1.0,0.8803397731256372,0.8803397731256372,0.8803397731256372,1.0,1.0,1.0,1.0,0.9090909090909091,0.7849656665502146,0.7849656665502146,0.7849656665502146,0.5833333333333334,0.6666666666666666,0.5833333333333334,0.6666666666666666,51.0,0.0,0.0,0.06669137449866834,14.0,0.0,0.0,0.6837452422123305,0.0,/media/mengh/SharedData/zhanh/auto_structbeat/caches/pilot/mscnn_final_last_gtzan/gtzan__gtzan_blues_00053__track.npy.npz
mscnn_gtzan,direct,gtzan/gtzan_blues_00054/track.npy,gtzan,1.0,0.9416769589518875,0.9416769589518875,0.9416769589518875,0.9868421052631579,0.9868421052631579,0.9868421052631579,0.9868421052631579,0.9230769230769231,0.8699830054402835,0.8699830054402835,0.8699830054402835,0.85,0.85,0.85,0.85,91.0,0.0,0.0,0.060624621816442306,23.0,0.0,0.0,0.4155154439616656,0.0,/media/mengh/SharedData/zhanh/auto_structbeat/caches/pilot/mscnn_final_last_gtzan/gtzan__gtzan_blues_00054__track.npy.npz
mscnn_gtzan,direct,gtzan/gtzan_blues_00055/track.npy,gtzan,0.9636363636363636,0.7985435639530553,0.7985435639530553,0.7985435639530553,0.6181818181818182,0.9636363636363636,0.6181818181818182,0.9636363636363636,0.6857142857142856,0.5942957349181988,0.7102247298881976,0.6522602324031982,0.22727272727272727,0.22727272727272727,0.48,0.6,67.0,0.0,0.0,0.08701137698963579,25.0,0.0,0.0,0.692054273506727,0.0,/media/mengh/SharedData/zhanh/auto_structbeat/caches/pilot/mscnn_final_last_gtzan/gtzan__gtzan_blues_00055__track.npy.npz
mscnn_gtzan,direct,gtzan/gtzan_blues_00056/track.npy,gtzan,0.4943820224719101,0.4616533910962661,0.4616533910962661,0.4616533910962661,0.0,0.0,0.0,0.0,0.47619047619047616,0.4607004645029554,0.6653263656142164,0.5630134150585859,0.0,0.0,0.125,0.375,78.0,0.0,0.0,0.177675084951885,18.0,0.0,0.0,0.8551309388338284,0.0,/media/mengh/SharedData/zhanh/auto_structbeat/caches/pilot/mscnn_final_last_gtzan/gtzan__gtzan_blues_00056__track.npy.npz
mscnn_gtzan,direct,gtzan/gtzan_blues_00057/track.npy,gtzan,1.0,0.9677320371557746,0.9677320371557746,0.9677320371557746,1.0,1.0,1.0,1.0,0.9743589743589743,0.9409166336714119,0.9409166336714119,0.9409166336714119,0.95,0.95,0.95,0.95,93.0,0.0,0.0,0.12516314295400344,25.0,0.0,0.0,0.6284844640674393,0.0,/media/mengh/SharedData/zhanh/auto_structbeat/caches/pilot/mscnn_final_last_gtzan/gtzan__gtzan_blues_00057__track.npy.npz
mscnn_gtzan,direct,gtzan/gtzan_blues_00058/track.npy,gtzan,1.0,0.9344765342122149,0.9344765342122149,0.9344765342122149,1.0,1.0,1.0,1.0,1.0,0.9178601782584379,0.9178601782584379,0.9178601782584379,1.0,1.0,1.0,1.0,53.0,0.0,0.0,0.052680257828912225,13.0,0.0,0.0,0.026433257068155414,0.0,/media/mengh/SharedData/zhanh/auto_structbeat/caches/pilot/mscnn_final_last_gtzan/gtzan__gtzan_blues_00058__track.npy.npz
mscnn_gtzan,direct,gtzan/gtzan_blues_00059/track.npy,gtzan,1.0,0.9410316360221914,0.9410316360221914,0.9410316360221914,1.0,1.0,1.0,1.0,1.0,0.9370988313721393,0.9370988313721393,0.9370988313721393,1.0,1.0,1.0,1.0,54.0,0.0,0.0,0.07145896398214968,14.0,0.0,0.0,0.018018505502678465,0.0,/media/mengh/SharedData/zhanh/auto_structbeat/caches/pilot/mscnn_final_last_gtzan/gtzan__gtzan_blues_00059__track.npy.npz
mscnn_gtzan,direct,gtzan/gtzan_blues_00060/track.npy,gtzan,0.9919999999999999,0.8447327228706282,0.8447327228706282,0.8447327228706282,0.9841269841269841,0.9841269841269841,0.9841269841269841,0.9841269841269841,0.8823529411764706,0.7535703914982553,0.7535703914982553,0.7535703914982553,0.5789473684210527,0.5789473684210527,0.5789473684210527,0.5789473684210527,75.0,0.0,0.0,0.05129329438755037,25.0,0.0,0.0,0.7146753295251176,0.0,/media/mengh/SharedData/zhanh/auto_structbeat/caches/pilot/mscnn_final_last_gtzan/gtzan__gtzan_blues_00060__track.npy.npz
mscnn_gtzan,direct,gtzan/gtzan_blues_00061/track.npy,gtzan,1.0,0.9540181255359432,0.9540181255359432,0.9540181255359432,1.0,1.0,1.0,1.0,0.6486486486486486,0.6262038173851129,0.8556408431123788,0.7409223302487458,0.08695652173913043,0.08695652173913043,0.25925925925925924,0.6296296296296297,66.0,0.0,0.0,0.044451762570836544,26.0,0.0,0.0,0.7134867266988916,0.0,/media/mengh/SharedData/zhanh/auto_structbeat/caches/pilot/mscnn_final_last_gtzan/gtzan__gtzan_blues_00061__track.npy.npz
mscnn_gtzan,direct,gtzan/gtzan_blues_00062/track.npy,gtzan,1.0,0.919283223618481,0.919283223618481,0.919283223618481,1.0,1.0,1.0,1.0,0.6451612903225806,0.586786130774424,0.7777608570970882,0.6822734939357561,0.10526315789473684,0.15789473684210525,0.30434782608695654,0.6086956521739131,57.0,0.0,0.0,0.03774032798285287,22.0,0.0,0.0,0.7025369209097858,0.0,/media/mengh/SharedData/zhanh/auto_structbeat/caches/pilot/mscnn_final_last_gtzan/gtzan__gtzan_blues_00062__track.npy.npz
mscnn_gtzan,direct,gtzan/gtzan_blues_00063/track.npy,gtzan,1.0,0.903391940299193,0.903391940299193,0.903391940299193,1.0,1.0,1.0,1.0,0.7499999999999999,0.6889837771987551,0.7716480755468312,0.7303159263727932,0.13333333333333333,0.2,0.35294117647058826,0.6470588235294118,46.0,0.0,0.0,0.03077165866675383,18.0,0.0,0.0,0.7084146526907337,0.0,/media/mengh/SharedData/zhanh/auto_structbeat/caches/pilot/mscnn_final_last_gtzan/gtzan__gtzan_blues_00063__track.npy.npz
mscnn_gtzan,direct,gtzan/gtzan_blues_00064/track.npy,gtzan,1.0,0.9734803195081412,0.9734803195081412,0.9734803195081412,1.0,1.0,1.0,1.0,0.8823529411764706,0.8611756304632313,0.8611756304632313,0.8611756304632313,0.2777777777777778,0.7222222222222222,0.2777777777777778,0.7222222222222222,78.0,0.0,0.0,0.05129329438755226,24.0,0.0,0.0,0.7191226669632064,0.0,/media/mengh/SharedData/zhanh/auto_structbeat/caches/pilot/mscnn_final_last_gtzan/gtzan__gtzan_blues_00064__track.npy.npz
mscnn_gtzan,direct,gtzan/gtzan_blues_00065/track.npy,gtzan,1.0,0.8934575452956783,0.8934575452956783,0.8934575452956783,1.0,1.0,1.0,1.0,0.7333333333333334,0.6400364752217412,0.7599812249397832,0.7000088500807622,0.2222222222222222,0.2777777777777778,0.2608695652173913,0.5217391304347826,54.0,0.0,0.0,0.03636764417088045,21.0,0.0,0.0,0.7111656860626216,0.0,/media/mengh/SharedData/zhanh/auto_structbeat/caches/pilot/mscnn_final_last_gtzan/gtzan__gtzan_blues_00065__track.npy.npz
mscnn_gtzan,direct,gtzan/gtzan_blues_00066/track.npy,gtzan,1.0,0.9094801989422084,0.9094801989422084,0.9094801989422084,1.0,1.0,1.0,1.0,1.0,0.9321173660010507,0.9321173660010507,0.9321173660010507,1.0,1.0,1.0,1.0,82.0,0.0,0.0,0.056925141962280705,21.0,0.0,0.0,0.01379332213233797,0.0,/media/mengh/SharedData/zhanh/auto_structbeat/caches/pilot/mscnn_final_last_gtzan/gtzan__gtzan_blues_00066__track.npy.npz
mscnn_gtzan,direct,gtzan/gtzan_blues_00067/track.npy,gtzan,1.0,0.9434265372679211,0.9434265372679211,0.9434265372679211,1.0,1.0,1.0,1.0,0.7692307692307693,0.7246405342025242,0.7246405342025242,0.7246405342025242,0.22727272727272727,0.45454545454545453,0.22727272727272727,0.45454545454545453,81.0,0.0,0.0,0.05406722127028396,27.0,0.0,0.0,0.703885596825658,0.0,/media/mengh/SharedData/zhanh/auto_structbeat/caches/pilot/mscnn_final_last_gtzan/gtzan__gtzan_blues_00067__track.npy.npz
mscnn_gtzan,direct,gtzan/gtzan_blues_00068/track.npy,gtzan,1.0,0.8031638437921897,0.8031638437921897,0.8031638437921897,1.0,1.0,1.0,1.0,0.9444444444444444,0.7865730648976127,0.7865730648976127,0.7865730648976127,0.7894736842105263,0.7894736842105263,0.7894736842105263,0.7894736842105263,81.0,0.0,0.0,0.05406722127028396,22.0,0.0,0.0,0.6938183315765535,0.0,/media/mengh/SharedData/zhanh/auto_structbeat/caches/pilot/mscnn_final_last_gtzan/gtzan__gtzan_blues_00068__track.npy.npz
mscnn_gtzan,direct,gtzan/gtzan_blues_00069/track.npy,gtzan,1.0,0.9122847997395408,0.9122847997395408,0.9122847997395408,1.0,1.0,1.0,1.0,0.6666666666666666,0.6333526569033964,0.8329659899109138,0.7331593234071551,0.125,0.125,0.75,0.75,40.0,0.0,0.0,0.052643733485423554,19.0,0.0,0.0,0.6891955418785976,0.0,/media/mengh/SharedData/zhanh/auto_structbeat/caches/pilot/mscnn_final_last_gtzan/gtzan__gtzan_blues_00069__track.npy.npz
mscnn_gtzan,direct,gtzan/gtzan_blues_00070/track.npy,gtzan,1.0,0.8857866124809531,0.8857866124809531,0.8857866124809531,1.0,1.0,1.0,1.0,0.9375,0.8112939431625585,0.8112939431625585,0.8112939431625585,0.8235294117647058,0.8235294117647058,0.8235294117647058,0.8235294117647058,74.0,0.0,0.0,0.04879016416943971,21.0,0.0,0.0,0.6845733584863495,0.0,/media/mengh/SharedData/zhanh/auto_structbeat/caches/pilot/mscnn_final_last_gtzan/gtzan__gtzan_blues_00070__track.npy.npz
mscnn_gtzan,direct,gtzan/gtzan_blues_00071/track.npy,gtzan,0.96,0.6647679821617895,0.6647679821617895,0.6647679821617895,0.5079365079365079,0.9523809523809523,0.5079365079365079,0.9523809523809523,0.30303030303030304,0.20492852191746636,0.35914893641321144,0.2820387291653389,0.11764705882352941,0.17647058823529413,0.23529411764705882,0.47058823529411764,75.0,0.013513513513513514,0.013513513513513514,0.24512245803298827,20.0,0.0,0.0,0.8142486881824018,0.0,/media/mengh/SharedData/zhanh/auto_structbeat/caches/pilot/mscnn_final_last_gtzan/gtzan__gtzan_blues_00071__track.npy.npz
mscnn_gtzan,direct,gtzan/gtzan_blues_00072/track.npy,gtzan,1.0,0.9391219140741199,0.9391219140741199,0.9391219140741199,1.0,1.0,1.0,1.0,0.9333333333333333,0.8748405974194485,0.8748405974194485,0.8748405974194485,0.625,0.625,0.625,0.625,35.0,0.0,0.0,0.045885430700011796,10.0,0.0,0.0,0.7039205002220892,0.0,/media/mengh/SharedData/zhanh/auto_structbeat/caches/pilot/mscnn_final_last_gtzan/gtzan__gtzan_blues_00072__track.npy.npz
mscnn_gtzan,direct,gtzan/gtzan_blues_00073/track.npy,gtzan,0.975609756097561,0.7802798534260459,0.7802798534260459,0.7802798534260459,1.0,1.0,1.0,1.0,0.5925925925925927,0.4805777590237414,0.6632506604397324,0.5719142097317369,0.11764705882352941,0.11764705882352941,0.3684210526315789,0.5789473684210527,55.0,0.037037037037037035,0.05555555555555555,1.153344798201692,21.0,0.0,0.0,0.7404998288349647,0.0,/media/mengh/SharedData/zhanh/auto_structbeat/caches/pilot/mscnn_final_last_gtzan/gtzan__gtzan_blues_00073__track.npy.npz
mscnn_gtzan,direct,gtzan/gtzan_blues_00074/track.npy,gtzan,0.967741935483871,0.9030400234160054,0.9030400234160054,0.9030400234160054,0.5319148936170213,0.9361702127659575,0.5319148936170213,0.9361702127659575,0.7857142857142857,0.766682614459671,0.766682614459671,0.766682614459671,0.375,0.5,0.375,0.5,55.0,0.0,0.0,0.07410797215372678,19.0,0.0,0.0,0.6949905115809313,0.0,/media/mengh/SharedData/zhanh/auto_structbeat/caches/pilot/mscnn_final_last_gtzan/gtzan__gtzan_blues_00074__track.npy.npz
mscnn_gtzan,direct,gtzan/gtzan_blues_00075/track.npy,gtzan,1.0,0.932692792957938,0.932692792957938,0.932692792957938,1.0,1.0,1.0,1.0,1.0,0.9439015262611504,0.9439015262611504,0.9439015262611504,1.0,1.0,1.0,1.0,59.0,0.0,0.0,0.07696104113612678,15.0,0.0,0.0,0.019608471388376247,0.0,/media/mengh/SharedData/zhanh/auto_structbeat/caches/pilot/mscnn_final_last_gtzan/gtzan__gtzan_blues_00075__track.npy.npz
mscnn_gtzan,direct,gtzan/gtzan_blues_00076/track.npy,gtzan,0.9795918367346939,0.9346599037164435,0.9346599037164435,0.9346599037164435,0.44,0.94,0.44,0.94,0.9696969696969697,0.9087601913003888,0.9087601913003888,0.9087601913003888,0.8235294117647058,0.9411764705882353,0.8235294117647058,0.9411764705882353,60.0,0.03389830508474576,0.03389830508474576,1.665206078948788,20.0,0.05263157894736842,0.05263157894736842,2.910206164899213,0.0,/media/mengh/SharedData/zhanh/auto_structbeat/caches/pilot/mscnn_final_last_gtzan/gtzan__gtzan_blues_00076__track.npy.npz
mscnn_gtzan,direct,gtzan/gtzan_blues_00077/track.npy,gtzan,0.9838709677419355,0.9159081177186899,0.9159081177186899,0.9159081177186899,0.9838709677419355,0.9838709677419355,0.9838709677419355,0.9838709677419355,1.0,0.9337194544056966,0.9337194544056966,0.9337194544056966,1.0,1.0,1.0,1.0,74.0,0.0,0.0,0.04879016416943971,18.0,0.0,0.0,0.012270092591814594,0.0,/media/mengh/SharedData/zhanh/auto_structbeat/caches/pilot/mscnn_final_last_gtzan/gtzan__gtzan_blues_00077__track.npy.npz
mscnn_gtzan,direct,gtzan/gtzan_blues_00078/track.npy,gtzan,1.0,0.9345618145848595,0.9345618145848595,0.9345618145848595,0.84,0.98,0.84,0.98,0.3582089552238806,0.34500496796516456,0.6845780073564132,0.5147914876607889,0.023809523809523808,0.023809523809523808,0.10204081632653061,0.30612244897959184,122.0,0.008264462809917356,0.03305785123966942,0.1670540846631774,49.0,0.0,0.0,1.4340815872373645,0.0,/media/mengh/SharedData/zhanh/auto_structbeat/caches/pilot/mscnn_final_last_gtzan/gtzan__gtzan_blues_00078__track.npy.npz
mscnn_gtzan,direct,gtzan/gtzan_blues_00079/track.npy,gtzan,0.9924812030075187,0.9081766855805893,0.9081766855805893,0.9081766855805893,0.9850746268656716,0.9850746268656716,0.9850746268656716,0.9850746268656716,0.9142857142857143,0.8506862313929071,0.8506862313929071,0.8506862313929071,0.7368421052631579,0.7368421052631579,0.7368421052631579,0.7368421052631579,80.0,0.0,0.0,0.105360515657833,24.0,0.0,0.0,0.038611111115012364,0.0,/media/mengh/SharedData/zhanh/auto_structbeat/caches/pilot/mscnn_final_last_gtzan/gtzan__gtzan_blues_00079__track.npy.npz
mscnn_gtzan,direct,gtzan/gtzan_blues_00080/track.npy,gtzan,1.0,0.9603725780732848,0.9603725780732848,0.9603725780732848,1.0,1.0,1.0,1.0,1.0,0.9787823703370516,0.9787823703370516,0.9787823703370516,1.0,1.0,1.0,1.0,58.0,0.0,0.0,0.048655795148997205,14.0,0.0,0.0,0.014189708344721323,0.0,/media/mengh/SharedData/zhanh/auto_structbeat/caches/pilot/mscnn_final_last_gtzan/gtzan__gtzan_blues_00080__track.npy.npz
mscnn_gtzan,direct,gtzan/gtzan_blues_00081/track.npy,gtzan,0.7577639751552795,0.6842065506810875,0.6842065506810875,0.6842065506810875,0.13953488372093023,0.46511627906976744,0.13953488372093023,0.46511627906976744,0.6153846153846153,0.5603701597962185,0.5603701597962185,0.5603701597962185,0.26666666666666666,0.4,0.26666666666666666,0.4,86.0,0.03529411764705882,0.12941176470588237,1.2308884438420462,37.0,0.0,0.05555555555555555,1.5903820185118125,0.0,/media/mengh/SharedData/zhanh/auto_structbeat/caches/pilot/mscnn_final_last_gtzan/gtzan__gtzan_blues_00081__track.npy.npz
mscnn_gtzan,direct,gtzan/gtzan_blues_00082/track.npy,gtzan,0.9811320754716981,0.9226136070102702,0.9226136070102702,0.9226136070102702,0.9811320754716981,0.9811320754716981,0.9811320754716981,0.9811320754716981,0.8666666666666666,0.8126100164896156,0.8126100164896156,0.8126100164896156,0.4375,0.75,0.4375,0.75,63.0,0.0,0.0,0.08338160893905111,18.0,0.0,0.0,0.6667178318571854,0.0,/media/mengh/SharedData/zhanh/auto_structbeat/caches/pilot/mscnn_final_last_gtzan/gtzan__gtzan_blues_00082__track.npy.npz
mscnn_gtzan,direct,gtzan/gtzan_blues_00083/track.npy,gtzan,1.0,0.9742589523360687,0.9742589523360687,0.9742589523360687,1.0,1.0,1.0,1.0,0.9655172413793104,0.9313934856928725,0.9313934856928725,0.9313934856928725,0.9333333333333333,0.9333333333333333,0.9333333333333333,0.9333333333333333,66.0,0.0,0.0,0.044451762570840825,17.0,0.0,0.0,0.22350034991728102,0.0,/media/mengh/SharedData/zhanh/auto_structbeat/caches/pilot/mscnn_final_last_gtzan/gtzan__gtzan_blues_00083__track.npy.npz
mscnn_gtzan,direct,gtzan/gtzan_blues_00084/track.npy,gtzan,1.0,0.9040319300336187,0.9040319300336187,0.9040319300336187,1.0,1.0,1.0,1.0,1.0,0.893111453277795,0.893111453277795,0.893111453277795,1.0,1.0,1.0,1.0,56.0,0.0,0.0,0.05046900344265511,14.0,0.0,0.0,0.01834913866819654,0.0,/media/mengh/SharedData/zhanh/auto_structbeat/caches/pilot/mscnn_final_last_gtzan/gtzan__gtzan_blues_00084__track.npy.npz
mscnn_gtzan,direct,gtzan/gtzan_blues_00085/track.npy,gtzan,0.8118811881188119,0.7504573335426695,0.7715652591022555,0.7610112963224624,0.2,0.36666666666666664,0.21951219512195122,0.4634146341463415,0.8125,0.7414578728653863,0.7414578728653863,0.7414578728653863,0.6470588235294118,0.6470588235294118,0.6470588235294118,0.6470588235294118,51.0,0.0,0.0,0.7224212790616041,20.0,0.0,0.0,0.4672917525937358,0.0,/media/mengh/SharedData/zhanh/auto_structbeat/caches/pilot/mscnn_final_last_gtzan/gtzan__gtzan_blues_00085__track.npy.npz
mscnn_gtzan,direct,gtzan/gtzan_blues_00086/track.npy,gtzan,0.9714285714285713,0.9067205289454312,0.9067205289454312,0.9067205289454312,0.41509433962264153,0.9622641509433962,0.41509433962264153,0.9622641509433962,0.6896551724137931,0.6178293076582683,0.7105666582137293,0.6641979829359987,0.375,0.375,0.375,0.375,64.0,0.031746031746031744,0.031746031746031744,1.5840343421305623,19.0,0.0,0.0,0.6952197379670544,0.0,/media/mengh/SharedData/zhanh/auto_structbeat/caches/pilot/mscnn_final_last_gtzan/gtzan__gtzan_blues_00086__track.npy.npz
mscnn_gtzan,direct,gtzan/gtzan_blues_00087/track.npy,gtzan,0.9790209790209791,0.9360344471310297,0.9360344471310297,0.9360344471310297,0.3698630136986301,0.9178082191780822,0.3698630136986301,0.9178082191780822,0.7894736842105262,0.7574025292189284,0.7574025292189284,0.7574025292189284,0.55,0.7,0.55,0.7,85.0,0.0,0.0,0.1251631429540089,24.0,0.0,0.0,0.6812266293876952,0.0,/media/mengh/SharedData/zhanh/auto_structbeat/caches/pilot/mscnn_final_last_gtzan/gtzan__gtzan_blues_00087__track.npy.npz
mscnn_gtzan,direct,gtzan/gtzan_blues_00088/track.npy,gtzan,0.054054054054054064,0.04046432216282217,0.7736475300925096,0.4070559261276659,0.0,0.0,0.4025974025974026,0.8311688311688312,0.0,0.00029102690337862034,0.00037009606155854243,0.0003305614824685814,0.38095238095238093,0.7142857142857143,0.38095238095238093,0.7142857142857143,96.0,0.042105263157894736,0.1368421052631579,0.7143657981957173,27.0,0.0,0.0,1.051129218707104,0.0,/media/mengh/SharedData/zhanh/auto_structbeat/caches/pilot/mscnn_final_last_gtzan/gtzan__gtzan_blues_00088__track.npy.npz
mscnn_gtzan,direct,gtzan/gtzan_blues_00089/track.npy,gtzan,0.9662921348314608,0.8541790674598987,0.8541790674598987,0.8541790674598987,0.7555555555555555,0.9555555555555556,0.7555555555555555,0.9555555555555556,0.4242424242424242,0.37785358547894377,0.5540487646646989,0.4659511750718213,0.0,0.0,0.09090909090909091,0.36363636363636365,53.0,0.0,0.0,0.1224417689753072,27.0,0.0,0.0,1.0963001241878911,0.0,/media/mengh/SharedData/zhanh/auto_structbeat/caches/pilot/mscnn_final_last_gtzan/gtzan__gtzan_blues_00089__track.npy.npz
mscnn_gtzan,direct,gtzan/gtzan_blues_00090/track.npy,gtzan,0.8316831683168318,0.7391065543887837,0.7391065543887837,0.7391065543887837,0.23728813559322035,0.423728813559322,0.40476190476190477,0.423728813559322,0.9032258064516129,0.7926322470731177,0.7926322470731177,0.7926322470731177,0.75,0.75,0.75,0.75,48.0,0.0,0.0,0.5199108592875769,21.0,0.0,0.0,0.6967403814825516,0.0,/media/mengh/SharedData/zhanh/auto_structbeat/caches/pilot/mscnn_final_last_gtzan/gtzan__gtzan_blues_00090__track.npy.npz
mscnn_gtzan,direct,gtzan/gtzan_blues_00091/track.npy,gtzan,0.8952380952380953,0.8187172905146931,0.8187172905146931,0.8187172905146931,0.49056603773584906,0.7169811320754716,0.49056603773584906,0.7169811320754716,0.24390243902439027,0.21800902891929155,0.5458893476389883,0.38194918827913993,0.0,0.0,0.2857142857142857,0.35714285714285715,64.0,0.031746031746031744,0.047619047619047616,1.5646543402005253,31.0,0.03333333333333333,0.06666666666666667,2.187461292337274,0.0,/media/mengh/SharedData/zhanh/auto_structbeat/caches/pilot/mscnn_final_last_gtzan/gtzan__gtzan_blues_00091__track.npy.npz
mscnn_gtzan,direct,gtzan/gtzan_blues_00092/track.npy,gtzan,0.40963855421686746,0.3638552694335477,0.4229315543682107,0.3933934119008792,0.0,0.0,0.0,0.0,0.4666666666666667,0.4291290667084964,0.5084847006914011,0.4688068836999487,0.0,0.0,0.09090909090909091,0.12121212121212122,40.0,0.0,0.0,0.07827371640028749,16.0,0.0,0.0,1.1107113791816694,0.0,/media/mengh/SharedData/zhanh/auto_structbeat/caches/pilot/mscnn_final_last_gtzan/gtzan__gtzan_blues_00092__track.npy.npz
mscnn_gtzan,direct,gtzan/gtzan_blues_00093/track.npy,gtzan,0.4193548387096775,0.3486482339057476,0.3740093086863645,0.36132877129605606,0.02702702702702703,0.08108108108108109,0.08,0.08108108108108109,0.39999999999999997,0.3047054116403601,0.4062738821871468,0.3554896469137534,0.0,0.0,0.0,0.0,31.0,0.0,0.0,1.0335328239096884,14.0,0.0,0.0,1.7170590609328755,0.0,/media/mengh/SharedData/zhanh/auto_structbeat/caches/pilot/mscnn_final_last_gtzan/gtzan__gtzan_blues_00093__track.npy.npz
mscnn_gtzan,direct,gtzan/gtzan_blues_00094/track.npy,gtzan,0.9767441860465116,0.8406120962048842,0.8406120962048842,0.8406120962048842,1.0,1.0,1.0,1.0,0.5217391304347826,0.4803850288404678,0.5434562877080263,0.511920658274247,0.25,0.4166666666666667,0.25,0.4166666666666667,52.0,0.0,0.0,0.06795719784222155,16.0,0.0,0.0,0.8235835304097561,0.0,/media/mengh/SharedData/zhanh/auto_structbeat/caches/pilot/mscnn_final_last_gtzan/gtzan__gtzan_blues_00094__track.npy.npz
mscnn_gtzan,direct,gtzan/gtzan_blues_00095/track.npy,gtzan,0.5081967213114754,0.43644964598113106,0.5177256857014426,0.4770876658412868,0.16923076923076924,0.24615384615384617,0.16923076923076924,0.26153846153846155,0.30303030303030304,0.25738641447066996,0.25738641447066996,0.25738641447066996,0.21052631578947367,0.47368421052631576,0.21052631578947367,0.47368421052631576,75.0,0.05405405405405406,0.17567567567567569,1.144732373888376,24.0,0.0,0.0,0.9787651700630606,0.0,/media/mengh/SharedData/zhanh/auto_structbeat/caches/pilot/mscnn_final_last_gtzan/gtzan__gtzan_blues_00095__track.npy.npz
mscnn_gtzan,direct,gtzan/gtzan_blues_00096/track.npy,gtzan,0.5714285714285714,0.5048152928755122,0.6132157565206631,0.5590155246980877,0.07894736842105263,0.18421052631578946,0.14285714285714285,0.3673469387755102,0.5,0.4353560772097551,0.4353560772097551,0.4353560772097551,0.0,0.0,0.15384615384615385,0.3076923076923077,42.0,0.024390243902439025,0.024390243902439025,2.175010833128121,16.0,0.0,0.0,2.182382028243102,0.0,/media/mengh/SharedData/zhanh/auto_structbeat/caches/pilot/mscnn_final_last_gtzan/gtzan__gtzan_blues_00096__track.npy.npz
mscnn_gtzan,direct,gtzan/gtzan_blues_00097/track.npy,gtzan,0.8508287292817679,0.7595061989994789,0.7595061989994789,0.7595061989994789,0.18181818181818182,0.43434343434343436,0.18181818181818182,0.43434343434343436,0.4074074074074074,0.36347620699013566,0.36347620699013566,0.36347620699013566,0.10344827586206896,0.13793103448275862,0.10344827586206896,0.13793103448275862,100.0,0.020202020202020204,0.1111111111111111,0.7108146359083981,39.0,0.0,0.0,1.1313449122726613,0.0,/media/mengh/SharedData/zhanh/auto_structbeat/caches/pilot/mscnn_final_last_gtzan/gtzan__gtzan_blues_00097__track.npy.npz
mscnn_gtzan,direct,gtzan/gtzan_blues_00098/track.npy,gtzan,1.0,0.9704196110454644,0.9704196110454644,0.9704196110454644,1.0,1.0,1.0,1.0,1.0,0.977692761851756,0.977692761851756,0.977692761851756,1.0,1.0,1.0,1.0,63.0,0.0,0.0,0.04255961441879885,16.0,0.0,0.0,0.024796760388695435,0.0,/media/mengh/SharedData/zhanh/auto_structbeat/caches/pilot/mscnn_final_last_gtzan/gtzan__gtzan_blues_00098__track.npy.npz
mscnn_gtzan,direct,gtzan/gtzan_blues_00099/track.npy,gtzan,1.0,0.8635901435005487,0.8635901435005487,0.8635901435005487,1.0,1.0,1.0,1.0,0.7857142857142856,0.713764416282389,0.713764416282389,0.713764416282389,0.3333333333333333,0.5333333333333333,0.3333333333333333,0.5333333333333333,46.0,0.0,0.0,0.0625203569813354,17.0,0.0,0.0,1.069742217694276,0.0,/media/mengh/SharedData/zhanh/auto_structbeat/caches/pilot/mscnn_final_last_gtzan/gtzan__gtzan_blues_00099__track.npy.npz
mscnn_gtzan,direct,gtzan/gtzan_classical_00000/track.npy,gtzan,1.0,0.8986782815025615,0.8986782815025615,0.8986782815025615,1.0,1.0,1.0,1.0,0.6,0.549150549723376,0.8632928665625679,0.7062217081429719,0.0,0.0,0.35,0.8,47.0,0.0,0.0,0.06453852113757479,24.0,0.0,0.0,0.6849087441235635,0.0,/media/mengh/SharedData/zhanh/auto_structbeat/caches/pilot/mscnn_final_last_gtzan/gtzan__gtzan_classical_00000__track.npy.npz
mscnn_gtzan,direct,gtzan/gtzan_classical_00001/track.npy,gtzan,0.7560975609756098,0.6042697178189816,0.6042697178189816,0.6042697178189816,0.40425531914893614,0.46808510638297873,0.40425531914893614,0.46808510638297873,0.42424242424242425,0.3444885158466203,0.3444885158466203,0.3444885158466203,0.058823529411764705,0.058823529411764705,0.11764705882352941,0.17647058823529413,46.0,0.022222222222222223,0.022222222222222223,1.1906632210485486,19.0,0.0,0.0,1.6711321805774086,0.0,/media/mengh/SharedData/zhanh/auto_structbeat/caches/pilot/mscnn_final_last_gtzan/gtzan__gtzan_classical_00001__track.npy.npz
mscnn_gtzan,direct,gtzan/gtzan_classical_00002/track.npy,gtzan,0.7121212121212123,0.5505495607597466,0.6224209529285148,0.5864852568441308,0.024096385542168676,0.12048192771084337,0.40816326530612246,0.6326530612244898,0.39999999999999997,0.3199243081988579,0.4523984800642304,0.38616139413154416,0.041666666666666664,0.041666666666666664,0.0975609756097561,0.1951219512195122,58.0,0.0,0.0,0.9026039124836448,28.0,0.0,0.0,1.1178589277538329,0.0,/media/mengh/SharedData/zhanh/auto_structbeat/caches/pilot/mscnn_final_last_gtzan/gtzan__gtzan_classical_00002__track.npy.npz
mscnn_gtzan,direct,gtzan/gtzan_classical_00003/track.npy,gtzan,0.72,0.6244511894537212,0.6244511894537212,0.6244511894537212,0.5185185185185185,0.7407407407407407,0.5185185185185185,0.7407407407407407,0.6250000000000001,0.538527773635865,0.5833871561756023,0.5609574649057336,0.1111111111111111,0.1111111111111111,0.1111111111111111,0.1111111111111111,30.0,0.0,0.0,0.9913742242258379,12.0,0.0,0.0,1.7947287940003114,0.0,/media/mengh/SharedData/zhanh/auto_structbeat/caches/pilot/mscnn_final_last_gtzan/gtzan__gtzan_classical_00003__track.npy.npz
mscnn_gtzan,direct,gtzan/gtzan_classical_00004/track.npy,gtzan,0.627450980392157,0.49190804818913736,0.7378620722832119,0.6148850602361746,0.0,0.0,1.0,1.0,0.8235294117647058,0.6427412553978301,0.6427412553978301,0.6427412553978301,0.5882352941176471,0.7058823529411765,0.5882352941176471,0.7058823529411765,41.0,0.0,0.0,0.1062654992098203,21.0,0.0,0.0,0.7440044519597468,0.0,/media/mengh/SharedData/zhanh/auto_structbeat/caches/pilot/mscnn_final_last_gtzan/gtzan__gtzan_classical_00004__track.npy.npz
mscnn_gtzan,direct,gtzan/gtzan_classical_00005/track.npy,gtzan,0.8275862068965517,0.6393628905095682,0.6393628905095682,0.6393628905095682,0.3448275862068966,0.7413793103448276,0.3448275862068966,0.7413793103448276,0.5531914893617021,0.4303057044990487,0.4303057044990487,0.4303057044990487,0.21428571428571427,0.32142857142857145,0.21428571428571427,0.32142857142857145,74.0,0.0,0.0547945205479452,0.6931471805599501,34.0,0.0,0.0,1.2463340960811204,0.0,/media/mengh/SharedData/zhanh/auto_structbeat/caches/pilot/mscnn_final_last_gtzan/gtzan__gtzan_classical_00005__track.npy.npz
mscnn_gtzan,direct,gtzan/gtzan_classical_00006/track.npy,gtzan,0.6666666666666665,0.517348451982304,0.517348451982304,0.517348451982304,0.325,0.6,0.325,0.6,0.24242424242424243,0.21719673405464685,0.31631813472458736,0.2667574343896171,0.13043478260869565,0.13043478260869565,0.13043478260869565,0.13043478260869565,40.0,0.0,0.0,0.7534697458847749,28.0,0.0,0.0,1.052698216204111,0.0,/media/mengh/SharedData/zhanh/auto_structbeat/caches/pilot/mscnn_final_last_gtzan/gtzan__gtzan_classical_00006__track.npy.npz
mscnn_gtzan,direct,gtzan/gtzan_classical_00007/track.npy,gtzan,0.5656565656565656,0.41683269623279456,0.41683269623279456,0.41683269623279456,0.2777777777777778,0.42592592592592593,0.2777777777777778,0.42592592592592593,0.31111111111111117,0.2313945140788266,0.29477432764845807,0.26308442086364237,0.043478260869565216,0.043478260869565216,0.046511627906976744,0.09302325581395349,60.0,0.01694915254237288,0.01694915254237288,1.205408952533462,28.0,0.0,0.0,1.1452043700231171,0.0,/media/mengh/SharedData/zhanh/auto_structbeat/caches/pilot/mscnn_final_last_gtzan/gtzan__gtzan_classical_00007__track.npy.npz
mscnn_gtzan,direct,gtzan/gtzan_classical_00008/track.npy,gtzan,0.8080808080808081,0.6108187561060275,0.6108187561060275,0.6108187561060275,0.16071428571428573,0.48214285714285715,0.18604651162790697,0.48214285714285715,0.7741935483870968,0.5606637018332259,0.5606637018332259,0.5606637018332259,0.35294117647058826,0.47058823529411764,0.35294117647058826,0.47058823529411764,58.0,0.03508771929824561,0.07017543859649122,1.4157401200339863,23.0,0.0,0.045454545454545456,1.6314168191528753,0.0,/media/mengh/SharedData/zhanh/auto_structbeat/caches/pilot/mscnn_final_last_gtzan/gtzan__gtzan_classical_00008__track.npy.npz
mscnn_gtzan,direct,gtzan/gtzan_classical_00009/track.npy,gtzan,0.19047619047619052,0.1313529186956675,0.1313529186956675,0.1313529186956675,0.28,0.44,0.28,0.44,0.0,0.020914179576487002,0.026142724470608752,0.023528452023547877,0.0,0.0,0.09090909090909091,0.09090909090909091,21.0,0.0,0.0,1.0928306039305562,13.0,0.0,0.0,1.0890382606200544,0.0,/media/mengh/SharedData/zhanh/auto_structbeat/caches/pilot/mscnn_final_last_gtzan/gtzan__gtzan_classical_00009__track.npy.npz
mscnn_gtzan,direct,gtzan/gtzan_classical_00010/track.npy,gtzan,0.4583333333333333,0.3574908948736433,0.4562299193968528,0.40686040713524807,0.28846153846153844,0.28846153846153844,0.28846153846153844,0.3269230769230769,0.15,0.10291667560990707,0.21104781756619745,0.15698224658805227,0.0,0.0,0.06896551724137931,0.13793103448275862,62.0,0.0,0.0,0.7293866469572835,37.0,0.0,0.0,1.476694690819583,0.0,/media/mengh/SharedData/zhanh/auto_structbeat/caches/pilot/mscnn_final_last_gtzan/gtzan__gtzan_classical_00010__track.npy.npz
mscnn_gtzan,direct,gtzan/gtzan_classical_00011/track.npy,gtzan,0.8070175438596492,0.6131144078920467,0.6131144078920467,0.6131144078920467,0.3125,0.65625,0.3125,0.65625,0.36363636363636365,0.2657396839247302,0.45044998636922806,0.35809483514697915,0.0,0.0,0.26666666666666666,0.3333333333333333,30.0,0.0,0.0,0.7563085832983671,17.0,0.0,0.0,0.8635695324787867,0.0,/media/mengh/SharedData/zhanh/auto_structbeat/caches/pilot/mscnn_final_last_gtzan/gtzan__gtzan_classical_00011__track.npy.npz
mscnn_gtzan,direct,gtzan/gtzan_classical_00012/track.npy,gtzan,0.509090909090909,0.3599358915735135,0.3599358915735135,0.3599358915735135,0.07894736842105263,0.15789473684210525,0.10526315789473684,0.15789473684210525,0.2222222222222222,0.13025347178449814,0.20683225092559343,0.1685428613550458,0.0,0.0,0.1111111111111111,0.1111111111111111,24.0,0.0,0.0,1.3331718951652562,12.0,0.0,0.0,0.7878224317762395,0.0,/media/mengh/SharedData/zhanh/auto_structbeat/caches/pilot/mscnn_final_last_gtzan/gtzan__gtzan_classical_00012__track.npy.npz
mscnn_gtzan,direct,gtzan/gtzan_classical_00013/track.npy,gtzan,0.780952380952381,0.6829786117070946,0.6829786117070946,0.6829786117070946,0.18867924528301888,0.7169811320754716,0.18867924528301888,0.7169811320754716,0.4444444444444444,0.36706448868444375,0.36706448868444375,0.36706448868444375,0.05555555555555555,0.16666666666666666,0.05555555555555555,0.16666666666666666,65.0,0.046875,0.046875,1.6582280766035575,23.0,0.0,0.0,1.6010696627635832,0.0,/media/mengh/SharedData/zhanh/auto_structbeat/caches/pilot/mscnn_final_last_gtzan/gtzan__gtzan_classical_00013__track.npy.npz
mscnn_gtzan,direct,gtzan/gtzan_classical_00014/track.npy,gtzan,0.74,0.5388156495849472,0.5611322070824464,0.5499739283336968,0.21311475409836064,0.3114754098360656,0.358974358974359,0.46153846153846156,0.8125,0.6428362383768768,0.6428362383768768,0.6428362383768768,0.47058823529411764,0.6470588235294118,0.47058823529411764,0.6470588235294118,63.0,0.04838709677419355,0.1935483870967742,0.9162907318741549,25.0,0.0,0.041666666666666664,1.3031883638103616,0.0,/media/mengh/SharedData/zhanh/auto_structbeat/caches/pilot/mscnn_final_last_gtzan/gtzan__gtzan_classical_00014__track.npy.npz
mscnn_gtzan,direct,gtzan/gtzan_classical_00015/track.npy,gtzan,0.49180327868852464,0.36563915986366025,0.36563915986366025,0.36563915986366025,0.15151515151515152,0.36363636363636365,0.15151515151515152,0.36363636363636365,0.5,0.4083826174925441,0.41228768344578764,0.4103351504691659,0.36363636363636365,0.36363636363636365,0.36363636363636365,0.36363636363636365,29.0,0.10714285714285714,0.21428571428571427,1.8768017802077828,12.0,0.0,0.0,1.2186776336316432,0.0,/media/mengh/SharedData/zhanh/auto_structbeat/caches/pilot/mscnn_final_last_gtzan/gtzan__gtzan_classical_00015__track.npy.npz
mscnn_gtzan,direct,gtzan/gtzan_classical_00016/track.npy,gtzan,0.8941176470588236,0.6711174455025767,0.6711174455025767,0.6711174455025767,0.9069767441860465,0.9534883720930233,0.9069767441860465,0.9534883720930233,0.5531914893617021,0.415002941407158,0.415002941407158,0.415002941407158,0.030303030303030304,0.030303030303030304,0.030303030303030304,0.030303030303030304,51.0,0.02,0.02,0.13295546027009453,38.0,0.0,0.0,0.8191058247042349,0.0,/media/mengh/SharedData/zhanh/auto_structbeat/caches/pilot/mscnn_final_last_gtzan/gtzan__gtzan_classical_00016__track.npy.npz
mscnn_gtzan,direct,gtzan/gtzan_classical_00017/track.npy,gtzan,0.6486486486486486,0.4636587299323834,0.4636587299323834,0.4636587299323834,0.14666666666666667,0.29333333333333333,0.14666666666666667,0.29333333333333333,0.5185185185185185,0.34838399488631816,0.44133520990796415,0.39485960239714113,0.1111111111111111,0.1111111111111111,0.3055555555555556,0.6111111111111112,85.0,0.09523809523809523,0.23809523809523808,1.314856552833622,40.0,0.02564102564102564,0.05128205128205128,0.9331258569464321,0.0,/media/mengh/SharedData/zhanh/auto_structbeat/caches/pilot/mscnn_final_last_gtzan/gtzan__gtzan_classical_00017__track.npy.npz
mscnn_gtzan,direct,gtzan/gtzan_classical_00018/track.npy,gtzan,0.30434782608695654,0.2458584784659163,0.37698300031440496,0.31142073939016063,0.0,0.0,0.29411764705882354,0.5294117647058824,0.4444444444444445,0.37820401409577736,0.37820401409577736,0.37820401409577736,0.3,0.6,0.3,0.6,15.0,0.0,0.0,0.743179362668394,12.0,0.0,0.0,0.8791136675949092,0.0,/media/mengh/SharedData/zhanh/auto_structbeat/caches/pilot/mscnn_final_last_gtzan/gtzan__gtzan_classical_00018__track.npy.npz
mscnn_gtzan,direct,gtzan/gtzan_classical_00019/track.npy,gtzan,0.6268656716417911,0.39149488950288114,0.39149488950288114,0.39149488950288114,0.225,0.275,0.225,0.275,0.07407407407407408,0.07033660794041316,0.08623398338093832,0.07828529566067574,0.058823529411764705,0.058823529411764705,0.10526315789473684,0.10526315789473684,29.0,0.0,0.0,0.8394964032466022,19.0,0.0,0.0,1.1388602950524045,0.0,/media/mengh/SharedData/zhanh/auto_structbeat/caches/pilot/mscnn_final_last_gtzan/gtzan__gtzan_classical_00019__track.npy.npz
mscnn_gtzan,direct,gtzan/gtzan_classical_00020/track.npy,gtzan,0.7610619469026549,0.6058206876484896,0.6058206876484896,0.6058206876484896,0.22033898305084745,0.6101694915254238,0.22033898305084745,0.6101694915254238,0.6666666666666667,0.4969352521554863,0.4969352521554863,0.4969352521554863,0.65,0.7,0.65,0.7,65.0,0.015625,0.03125,0.9641239509419747,23.0,0.0,0.0,1.0906441190189329,0.0,/media/mengh/SharedData/zhanh/auto_structbeat/caches/pilot/mscnn_final_last_gtzan/gtzan__gtzan_classical_00020__track.npy.npz
mscnn_gtzan,direct,gtzan/gtzan_classical_00021/track.npy,gtzan,0.4810126582278481,0.41150369215622334,0.6342599145661574,0.5228818033611904,0.0,0.0,0.16071428571428573,0.5178571428571429,0.7346938775510204,0.6352673547969402,0.6352673547969402,0.6352673547969402,0.25,0.5,0.25,0.5,58.0,0.03508771929824561,0.03508771929824561,1.5709679416434374,24.0,0.0,0.0,0.7038817580511837,0.0,/media/mengh/SharedData/zhanh/auto_structbeat/caches/pilot/mscnn_final_last_gtzan/gtzan__gtzan_classical_00021__track.npy.npz
mscnn_gtzan,direct,gtzan/gtzan_classical_00022/track.npy,gtzan,0.6306306306306306,0.47000831863126996,0.502058190130536,0.48603325438090295,0.17142857142857143,0.22857142857142856,0.17142857142857143,0.2962962962962963,0.3870967741935483,0.2824802112857282,0.3840909268692759,0.33328556907750206,0.047619047619047616,0.047619047619047616,0.3333333333333333,0.5714285714285714,80.0,0.0759493670886076,0.13924050632911392,1.1786549963416608,25.0,0.0,0.0,0.7274780944483764,0.0,/media/mengh/SharedData/zhanh/auto_structbeat/caches/pilot/mscnn_final_last_gtzan/gtzan__gtzan_classical_00022__track.npy.npz
mscnn_gtzan,direct,gtzan/gtzan_classical_00023/track.npy,gtzan,0.34920634920634913,0.25801829257876374,0.25801829257876374,0.25801829257876374,0.10256410256410256,0.23076923076923078,0.10256410256410256,0.23076923076923078,0.33333333333333337,0.2701135555442017,0.2701135555442017,0.2701135555442017,0.29411764705882354,0.29411764705882354,0.29411764705882354,0.29411764705882354,31.0,0.0,0.0,0.9366728933831976,21.0,0.0,0.0,1.2426264607863975,0.0,/media/mengh/SharedData/zhanh/auto_structbeat/caches/pilot/mscnn_final_last_gtzan/gtzan__gtzan_classical_00023__track.npy.npz
mscnn_gtzan,direct,gtzan/gtzan_classical_00024/track.npy,gtzan,0.9279999999999999,0.8116039979667358,0.8116039979667358,0.8116039979667358,0.40625,0.8125,0.40625,0.8125,0.9130434782608695,0.7741810518096107,0.7741810518096107,0.7741810518096107,0.375,0.75,0.375,0.75,73.0,0.041666666666666664,0.041666666666666664,1.4166066720281294,32.0,0.0,0.0,1.1175796855072553,0.0,/media/mengh/SharedData/zhanh/auto_structbeat/caches/pilot/mscnn_final_last_gtzan/gtzan__gtzan_classical_00024__track.npy.npz
mscnn_gtzan,direct,gtzan/gtzan_classical_00025/track.npy,gtzan,0.766355140186916,0.5966698902737467,0.5966698902737467,0.5966698902737467,0.16363636363636364,0.7090909090909091,0.16363636363636364,0.7090909090909091,0.631578947368421,0.529490681318232,0.651962899724115,0.5907267905211735,0.20833333333333334,0.20833333333333334,0.4444444444444444,0.6666666666666666,63.0,0.04838709677419355,0.04838709677419355,1.5040773967762737,28.0,0.037037037037037035,0.037037037037037035,1.936818238012577,0.0,/media/mengh/SharedData/zhanh/auto_structbeat/caches/pilot/mscnn_final_last_gtzan/gtzan__gtzan_classical_00025__track.npy.npz
mscnn_gtzan,direct,gtzan/gtzan_classical_00026/track.npy,gtzan,0.4731182795698924,0.31488731599504016,0.46968539431500045,0.3922863551550203,0.015873015873015872,0.015873015873015872,0.3548387096774194,0.7096774193548387,0.7058823529411765,0.48334926396322925,0.48334926396322925,0.48334926396322925,0.16666666666666666,0.3888888888888889,0.16666666666666666,0.3888888888888889,45.0,0.06818181818181818,0.06818181818181818,1.8243152866333732,25.0,0.0,0.0,1.2177871049073934,0.0,/media/mengh/SharedData/zhanh/auto_structbeat/caches/pilot/mscnn_final_last_gtzan/gtzan__gtzan_classical_00026__track.npy.npz
mscnn_gtzan,direct,gtzan/gtzan_classical_00027/track.npy,gtzan,0.0,6.936939678606103e-10,0.49301351292485074,0.24650675680927236,0.0,0.0,0.3,0.5666666666666667,0.0,2.7877037836118836e-18,4.117142664431078e-10,2.058571346154058e-10,0.1111111111111111,0.2222222222222222,0.1111111111111111,0.2222222222222222,24.0,0.0,0.0,0.6552998472941033,11.0,0.0,0.0,0.6830275382669201,0.0,/media/mengh/SharedData/zhanh/auto_structbeat/caches/pilot/mscnn_final_last_gtzan/gtzan__gtzan_classical_00027__track.npy.npz
mscnn_gtzan,direct,gtzan/gtzan_classical_00028/track.npy,gtzan,0.6436781609195401,0.5073009571167991,0.5225663296294432,0.5149336433731211,0.22641509433962265,0.2641509433962264,0.22641509433962265,0.2835820895522388,0.5,0.3774756916891758,0.43693050220633295,0.40720309694775436,0.08,0.08,0.08,0.2,66.0,0.03076923076923077,0.046153846153846156,1.2678076090298522,29.0,0.0,0.0,1.1623778686750754,0.0,/media/mengh/SharedData/zhanh/auto_structbeat/caches/pilot/mscnn_final_last_gtzan/gtzan__gtzan_classical_00028__track.npy.npz
mscnn_gtzan,direct,gtzan/gtzan_classical_00029/track.npy,gtzan,0.7000000000000002,0.5462738261368723,0.5462738261368723,0.5462738261368723,0.35294117647058826,0.35294117647058826,0.35294117647058826,0.35294117647058826,0.20689655172413796,0.19456684771961624,0.2867289600852803,0.24064790390244828,0.0,0.0,0.047619047619047616,0.047619047619047616,76.0,0.16,0.28,1.2502030749999686,27.0,0.0,0.038461538461538464,1.3742041496565236,0.0,/media/mengh/SharedData/zhanh/auto_structbeat/caches/pilot/mscnn_final_last_gtzan/gtzan__gtzan_classical_00029__track.npy.npz
mscnn_gtzan,direct,gtzan/gtzan_classical_00030/track.npy,gtzan,0.5434782608695652,0.3992444773911815,0.3992444773911815,0.3992444773911815,0.3,0.5,0.3,0.5,0.30769230769230765,0.2277768544366918,0.3096902172293958,0.2687335358330438,0.0,0.0,0.14814814814814814,0.2222222222222222,52.0,0.0196078431372549,0.0196078431372549,0.831280207518779,36.0,0.0,0.0,1.0756575253152265,0.0,/media/mengh/SharedData/zhanh/auto_structbeat/caches/pilot/mscnn_final_last_gtzan/gtzan__gtzan_classical_00030__track.npy.npz
mscnn_gtzan,direct,gtzan/gtzan_classical_00031/track.npy,gtzan,0.7835051546391751,0.6347421157608701,0.6347421157608701,0.6347421157608701,0.45098039215686275,0.6274509803921569,0.45098039215686275,0.6274509803921569,0.3333333333333333,0.25751890901801255,0.4182249162690756,0.3378719126435441,0.0,0.0,0.08333333333333333,0.1111111111111111,69.0,0.0,0.17647058823529413,0.6865535085443116,46.0,0.0,0.044444444444444446,1.0929512394706786,0.0,/media/mengh/SharedData/zhanh/auto_structbeat/caches/pilot/mscnn_final_last_gtzan/gtzan__gtzan_classical_00031__track.npy.npz
mscnn_gtzan,direct,gtzan/gtzan_classical_00032/track.npy,gtzan,0.0,2.440396671979305e-05,0.005301602227121305,0.002663003096920549,0.0,0.0,0.08695652173913043,0.13043478260869565,0.0,5.367740333714193e-05,6.738685476428383e-05,6.053212905071288e-05,0.25,0.25,0.25,0.25,10.0,0.0,0.0,2.03295884267934,8.0,0.0,0.0,1.3379741490363262,0.0,/media/mengh/SharedData/zhanh/auto_structbeat/caches/pilot/mscnn_final_last_gtzan/gtzan__gtzan_classical_00032__track.npy.npz
mscnn_gtzan,direct,gtzan/gtzan_classical_00033/track.npy,gtzan,0.30303030303030304,0.218545631796368,0.218545631796368,0.218545631796368,0.022727272727272728,0.022727272727272728,0.045454545454545456,0.04597701149425287,0.08695652173913043,0.04232696148063338,0.09122171813240737,0.06677433980652037,0.0,0.0,0.0,0.0,24.0,0.17391304347826086,0.17391304347826086,2.2052616289788256,14.0,0.15384615384615385,0.15384615384615385,2.7536588235193604,0.0,/media/mengh/SharedData/zhanh/auto_structbeat/caches/pilot/mscnn_final_last_gtzan/gtzan__gtzan_classical_00033__track.npy.npz
mscnn_gtzan,direct,gtzan/gtzan_classical_00034/track.npy,gtzan,0.14814814814814814,0.1327759332095652,0.1678413977781381,0.15030866549385166,0.0,0.0,0.07407407407407407,0.1111111111111111,0.0,2.813462132491716e-11,1.6831820169234054e-05,8.41592415192769e-06,0.0,0.0,0.0,0.0,32.0,0.03225806451612903,0.03225806451612903,1.1796717443762432,21.0,0.0,0.0,1.169587142942782,0.0,/media/mengh/SharedData/zhanh/auto_structbeat/caches/pilot/mscnn_final_last_gtzan/gtzan__gtzan_classical_00034__track.npy.npz
mscnn_gtzan,direct,gtzan/gtzan_classical_00035/track.npy,gtzan,0.6721311475409837,0.5762910078841262,0.5762910078841262,0.5762910078841262,0.30158730158730157,0.49206349206349204,0.30158730158730157,0.49206349206349204,0.5925925925925926,0.46794089789145527,0.470867625980702,0.46940426193607865,0.15151515151515152,0.24242424242424243,0.15151515151515152,0.24242424242424243,70.0,0.014492753623188406,0.057971014492753624,0.7616315157375368,36.0,0.02857142857142857,0.05714285714285714,1.402595192088985,0.0,/media/mengh/SharedData/zhanh/auto_structbeat/caches/pilot/mscnn_final_last_gtzan/gtzan__gtzan_classical_00035__track.npy.npz
mscnn_gtzan,direct,gtzan/gtzan_classical_00036/track.npy,gtzan,0.37209302325581395,0.31640947172839795,0.35213922882795096,0.3342743502781744,0.045454545454545456,0.09090909090909091,0.12195121951219512,0.1951219512195122,0.19047619047619047,0.12341242224285251,0.1364032035315738,0.12990781288721315,0.0,0.0,0.0,0.0,25.0,0.0,0.0,1.7287952844277816,18.0,0.0,0.0,1.7889798183511911,0.0,/media/mengh/SharedData/zhanh/auto_structbeat/caches/pilot/mscnn_final_last_gtzan/gtzan__gtzan_classical_00036__track.npy.npz
mscnn_gtzan,direct,gtzan/gtzan_classical_00037/track.npy,gtzan,0.3218390804597701,0.28458255330367344,0.28458255330367344,0.28458255330367344,0.05555555555555555,0.05555555555555555,0.09090909090909091,0.15151515151515152,0.24242424242424246,0.24217283296133682,0.24217283296133682,0.24217283296133682,0.05,0.05,0.08,0.08,40.0,0.02564102564102564,0.05128205128205128,1.5531373867367908,22.0,0.0,0.0,1.0543453302932653,0.0,/media/mengh/SharedData/zhanh/auto_structbeat/caches/pilot/mscnn_final_last_gtzan/gtzan__gtzan_classical_00037__track.npy.npz
mscnn_gtzan,direct,gtzan/gtzan_classical_00038/track.npy,gtzan,0.3508771929824561,0.24592812972658668,0.24592812972658668,0.24592812972658668,0.16129032258064516,0.16129032258064516,0.16129032258064516,0.16129032258064516,0.09523809523809525,0.09449694650097588,0.11673152214826432,0.10561423432462011,0.0,0.0,0.06666666666666667,0.06666666666666667,32.0,0.0,0.0,1.04784398975314,17.0,0.0,0.0,1.2352786930568076,0.0,/media/mengh/SharedData/zhanh/auto_structbeat/caches/pilot/mscnn_final_last_gtzan/gtzan__gtzan_classical_00038__track.npy.npz
mscnn_gtzan,direct,gtzan/gtzan_classical_00039/track.npy,gtzan,0.16666666666666666,0.14652659998196332,0.17032171774766544,0.15842415886481437,0.0,0.0,0.07142857142857142,0.07142857142857142,0.0,1.0993904921433185e-97,0.19873837108292086,0.09936918554146043,0.0,0.0,0.25,0.25,16.0,0.06666666666666667,0.06666666666666667,1.6916636043564925,9.0,0.0,0.0,1.0760007755840177,0.0,/media/mengh/SharedData/zhanh/auto_structbeat/caches/pilot/mscnn_final_last_gtzan/gtzan__gtzan_classical_00039__track.npy.npz
mscnn_gtzan,direct,gtzan/gtzan_classical_00040/track.npy,gtzan,0.2033898305084746,0.18746935474352158,0.18746935474352158,0.18746935474352158,0.07692307692307693,0.07692307692307693,0.1,0.1,0.0,2.7596479856535625e-05,0.10946806735489935,0.05474783191737794,0.07692307692307693,0.07692307692307693,0.07692307692307693,0.07692307692307693,22.0,0.0,0.0,1.8106954316641424,15.0,0.0,0.0,1.8171176301980114,0.0,/media/mengh/SharedData/zhanh/auto_structbeat/caches/pilot/mscnn_final_last_gtzan/gtzan__gtzan_classical_00040__track.npy.npz
mscnn_gtzan,direct,gtzan/gtzan_classical_00041/track.npy,gtzan,0.17391304347826086,0.14266591121467237,0.18754735035573836,0.16510663078520538,0.0,0.0,0.08695652173913043,0.08695652173913043,0.11764705882352941,0.10250141624283259,0.12446600543767575,0.11348371084025416,0.08333333333333333,0.08333333333333333,0.08333333333333333,0.08333333333333333,26.0,0.04,0.12,1.1608772443560695,14.0,0.0,0.0,1.2492190166955524,0.0,/media/mengh/SharedData/zhanh/auto_structbeat/caches/pilot/mscnn_final_last_gtzan/gtzan__gtzan_classical_00041__track.npy.npz
mscnn_gtzan,direct,gtzan/gtzan_classical_00042/track.npy,gtzan,0.7021276595744681,0.5088687303932031,0.5248938581525459,0.5168812942728744,0.1509433962264151,0.41509433962264153,0.1509433962264151,0.41509433962264153,0.7741935483870968,0.6136732807524309,0.6136732807524309,0.6136732807524309,0.35294117647058826,0.5882352941176471,0.35294117647058826,0.5882352941176471,73.0,0.05555555555555555,0.05555555555555555,1.0986122886681096,24.0,0.043478260869565216,0.043478260869565216,2.0731959389060215,0.0,/media/mengh/SharedData/zhanh/auto_structbeat/caches/pilot/mscnn_final_last_gtzan/gtzan__gtzan_classical_00042__track.npy.npz
mscnn_gtzan,direct,gtzan/gtzan_classical_00043/track.npy,gtzan,0.5185185185185185,0.44361460005853115,0.4450428633552087,0.44432873170686993,0.0784313725490196,0.11764705882352941,0.26666666666666666,0.36666666666666664,0.5599999999999999,0.45392700399958,0.45392700399958,0.45392700399958,0.23076923076923078,0.38461538461538464,0.23076923076923078,0.38461538461538464,36.0,0.08571428571428572,0.08571428571428572,2.1099134452058106,18.0,0.11764705882352941,0.11764705882352941,2.5956503890024587,0.0,/media/mengh/SharedData/zhanh/auto_structbeat/caches/pilot/mscnn_final_last_gtzan/gtzan__gtzan_classical_00043__track.npy.npz
mscnn_gtzan,direct,gtzan/gtzan_classical_00044/track.npy,gtzan,0.23529411764705885,0.21744375915133643,0.26744412533445616,0.24244394224289628,0.0,0.0,0.11764705882352941,0.11764705882352941,0.17391304347826086,0.1737120290693513,0.23377873752455702,0.20374538329695416,0.07142857142857142,0.07142857142857142,0.07142857142857142,0.07142857142857142,22.0,0.0,0.0,1.5005804844342827,16.0,0.0,0.0,1.2860161612644982,0.0,/media/mengh/SharedData/zhanh/auto_structbeat/caches/pilot/mscnn_final_last_gtzan/gtzan__gtzan_classical_00044__track.npy.npz
mscnn_gtzan,direct,gtzan/gtzan_classical_00045/track.npy,gtzan,0.8607594936708861,0.6999153593654499,0.6999153593654499,0.6999153593654499,0.975,0.975,0.975,0.975,0.3870967741935483,0.30348647074668894,0.47614783191047644,0.3898171513285827,0.0,0.0,0.38095238095238093,0.47619047619047616,48.0,0.0,0.0,0.06453852113757219,27.0,0.0,0.0,0.7353793801647787,0.0,/media/mengh/SharedData/zhanh/auto_structbeat/caches/pilot/mscnn_final_last_gtzan/gtzan__gtzan_classical_00045__track.npy.npz
mscnn_gtzan,direct,gtzan/gtzan_classical_00046/track.npy,gtzan,0.2571428571428572,0.1518206608501178,0.188948217198602,0.1703844390243599,0.0,0.0,0.23076923076923078,0.23076923076923078,0.22222222222222224,0.08645924194500869,0.1117474196773102,0.09910333081115943,0.07142857142857142,0.14285714285714285,0.07692307692307693,0.15384615384615385,26.0,0.0,0.0,1.1502192498076793,16.0,0.0,0.0,0.9243047473282362,0.0,/media/mengh/SharedData/zhanh/auto_structbeat/caches/pilot/mscnn_final_last_gtzan/gtzan__gtzan_classical_00046__track.npy.npz
mscnn_gtzan,direct,gtzan/gtzan_classical_00047/track.npy,gtzan,0.0,0.0009208121558609752,0.07301667476060424,0.0369687434582326,0.0,0.0,0.2222222222222222,0.3333333333333333,0.0,0.0023941116052363354,0.0029926174860974283,0.0026933645456668816,0.2,0.2,0.2,0.2,10.0,0.0,0.0,1.2157691491054634,8.0,0.0,0.0,1.361009155177075,0.0,/media/mengh/SharedData/zhanh/auto_structbeat/caches/pilot/mscnn_final_last_gtzan/gtzan__gtzan_classical_00047__track.npy.npz
mscnn_gtzan,direct,gtzan/gtzan_classical_00048/track.npy,gtzan,0.2926829268292683,0.22744749898040167,0.33925689022984684,0.2833521946051243,0.06521739130434782,0.08695652173913043,0.1267605633802817,0.14084507042253522,0.20689655172413793,0.11608701144029861,0.15365252449102573,0.13486976796566216,0.0,0.0,0.05,0.05,54.0,0.09433962264150944,0.1320754716981132,1.7439032118837707,24.0,0.043478260869565216,0.08695652173913043,2.598476668263487,0.0,/media/mengh/SharedData/zhanh/auto_structbeat/caches/pilot/mscnn_final_last_gtzan/gtzan__gtzan_classical_00048__track.npy.npz
mscnn_gtzan,direct,gtzan/gtzan_classical_00049/track.npy,gtzan,0.4727272727272728,0.29994293672895694,0.29994293672895694,0.29994293672895694,0.22580645161290322,0.3225806451612903,0.22580645161290322,0.3225806451612903,0.2727272727272727,0.1779839083978101,0.2141925151982393,0.19608821179802471,0.0,0.0,0.4666666666666667,0.4666666666666667,35.0,0.029411764705882353,0.029411764705882353,1.7978249719053554,21.0,0.05,0.05,2.0820550018911277,0.0,/media/mengh/SharedData/zhanh/auto_structbeat/caches/pilot/mscnn_final_last_gtzan/gtzan__gtzan_classical_00049__track.npy.npz
mscnn_gtzan,direct,gtzan/gtzan_classical_00050/track.npy,gtzan,0.39999999999999997,0.31257751238791387,0.36286105812037805,0.33771928525414596,0.2692307692307692,0.2692307692307692,0.2692307692307692,0.2692307692307692,0.23529411764705882,0.16378429542566522,0.16378429542566522,0.16378429542566522,0.0,0.0,0.1111111111111111,0.1111111111111111,10.0,0.0,0.0,1.5030863129796825,10.0,0.0,0.0,1.5030863129796825,0.0,/media/mengh/SharedData/zhanh/auto_structbeat/caches/pilot/mscnn_final_last_gtzan/gtzan__gtzan_classical_00050__track.npy.npz
mscnn_gtzan,direct,gtzan/gtzan_classical_00051/track.npy,gtzan,0.6913580246913581,0.58979403666808,0.58979403666808,0.58979403666808,0.3695652173913043,0.45652173913043476,0.3695652173913043,0.45652173913043476,0.41379310344827586,0.3594361980442672,0.49482499787201945,0.42713059795814334,0.0,0.0,0.047619047619047616,0.19047619047619047,40.0,0.05128205128205128,0.05128205128205128,2.067564685203511,21.0,0.0,0.0,1.239243712442141,0.0,/media/mengh/SharedData/zhanh/auto_structbeat/caches/pilot/mscnn_final_last_gtzan/gtzan__gtzan_classical_00051__track.npy.npz
mscnn_gtzan,direct,gtzan/gtzan_classical_00052/track.npy,gtzan,0.9846153846153847,0.8372929122940842,0.8372929122940842,0.8372929122940842,0.7538461538461538,0.9538461538461539,0.7538461538461538,0.9538461538461539,0.36363636363636365,0.30843608458206645,0.4285893418336009,0.3685127132078337,0.03125,0.03125,0.13043478260869565,0.13043478260869565,79.0,0.0,0.02564102564102564,0.31748179968586554,32.0,0.0,0.0,1.1081777471596406,0.0,/media/mengh/SharedData/zhanh/auto_structbeat/caches/pilot/mscnn_final_last_gtzan/gtzan__gtzan_classical_00052__track.npy.npz
mscnn_gtzan,direct,gtzan/gtzan_classical_00053/track.npy,gtzan,0.8863636363636364,0.6433423666448748,0.6433423666448748,0.6433423666448748,0.18888888888888888,0.6555555555555556,0.18888888888888888,0.6555555555555556,0.912280701754386,0.67964129737328,0.67964129737328,0.67964129737328,0.5333333333333333,0.8333333333333334,0.5333333333333333,0.8333333333333334,97.0,0.07291666666666667,0.13541666666666666,0.8007321530094121,32.0,0.0,0.0,0.9652926714036822,0.0,/media/mengh/SharedData/zhanh/auto_structbeat/caches/pilot/mscnn_final_last_gtzan/gtzan__gtzan_classical_00053__track.npy.npz
mscnn_gtzan,direct,gtzan/gtzan_classical_00054/track.npy,gtzan,0.8333333333333334,0.633490760264309,0.633490760264309,0.633490760264309,0.8378378378378378,0.8378378378378378,0.8378378378378378,0.8378378378378378,0.8888888888888888,0.6017143647574341,0.6017143647574341,0.6017143647574341,1.0,1.0,1.0,1.0,38.0,0.02702702702702703,0.02702702702702703,1.1544070262891357,11.0,0.1,0.1,2.523296678391201,0.0,/media/mengh/SharedData/zhanh/auto_structbeat/caches/pilot/mscnn_final_last_gtzan/gtzan__gtzan_classical_00054__track.npy.npz
mscnn_gtzan,direct,gtzan/gtzan_classical_00055/track.npy,gtzan,0.5714285714285714,0.3219870878267139,0.3622690085931468,0.34212804820993037,0.09090909090909091,0.18181818181818182,0.23076923076923078,0.38461538461538464,0.631578947368421,0.37265255093900107,0.37265255093900107,0.37265255093900107,0.2727272727272727,0.2727272727272727,0.2727272727272727,0.2727272727272727,15.0,0.0,0.0,0.654618966574815,10.0,0.0,0.0,0.7202555036652072,0.0,/media/mengh/SharedData/zhanh/auto_structbeat/caches/pilot/mscnn_final_last_gtzan/gtzan__gtzan_classical_00055__track.npy.npz
mscnn_gtzan,direct,gtzan/gtzan_classical_00056/track.npy,gtzan,0.5217391304347826,0.29505991967376943,0.3703611188110997,0.33271051924243455,0.13043478260869565,0.13043478260869565,0.43478260869565216,0.43478260869565216,0.6086956521739131,0.4567426978299672,0.4567426978299672,0.4567426978299672,0.21428571428571427,0.2857142857142857,0.2222222222222222,0.2857142857142857,28.0,0.0,0.0,1.5835966215864474,12.0,0.0,0.0,1.3680619959077518,0.0,/media/mengh/SharedData/zhanh/auto_structbeat/caches/pilot/mscnn_final_last_gtzan/gtzan__gtzan_classical_00056__track.npy.npz
mscnn_gtzan,direct,gtzan/gtzan_classical_00057/track.npy,gtzan,0.30303030303030304,0.2595969972538523,0.26185131319162974,0.26072415522274106,0.03636363636363636,0.10909090909090909,0.03636363636363636,0.10909090909090909,0.0975609756097561,0.08669132001263535,0.14779070093339777,0.11724101047301656,0.0,0.0,0.03333333333333333,0.03333333333333333,59.0,0.06896551724137931,0.29310344827586204,1.3011925632063706,34.0,0.0,0.12121212121212122,2.1872495340575138,0.0,/media/mengh/SharedData/zhanh/auto_structbeat/caches/pilot/mscnn_final_last_gtzan/gtzan__gtzan_classical_00057__track.npy.npz
mscnn_gtzan,direct,gtzan/gtzan_classical_00058/track.npy,gtzan,0.75,0.5515330381251459,0.5515330381251459,0.5515330381251459,0.5357142857142857,0.6071428571428571,0.5357142857142857,0.6071428571428571,0.6666666666666666,0.5345102711686142,0.5345102711686142,0.5345102711686142,0.25,0.3333333333333333,0.25,0.3333333333333333,26.0,0.0,0.0,1.032774283100094,16.0,0.0,0.0,1.093526357397965,0.0,/media/mengh/SharedData/zhanh/auto_structbeat/caches/pilot/mscnn_final_last_gtzan/gtzan__gtzan_classical_00058__track.npy.npz
mscnn_gtzan,direct,gtzan/gtzan_classical_00059/track.npy,gtzan,0.8392857142857143,0.7613371751033553,0.7613371751033553,0.7613371751033553,0.1746031746031746,0.5396825396825397,0.1746031746031746,0.5396825396825397,0.44000000000000006,0.411121416349966,0.660455164145844,0.535788290247905,0.0,0.0,0.1891891891891892,0.35135135135135137,78.0,0.025974025974025976,0.05194805194805195,0.7826249702291992,44.0,0.046511627906976744,0.046511627906976744,1.8261897951727921,0.0,/media/mengh/SharedData/zhanh/auto_structbeat/caches/pilot/mscnn_final_last_gtzan/gtzan__gtzan_classical_00059__track.npy.npz
mscnn_gtzan,direct,gtzan/gtzan_classical_00060/track.npy,gtzan,0.831858407079646,0.752642229629912,0.752642229629912,0.752642229629912,0.31746031746031744,0.5714285714285714,0.31746031746031744,0.5714285714285714,0.4736842105263157,0.43103818109939374,0.5577100309463747,0.49437410602288423,0.11538461538461539,0.19230769230769232,0.11538461538461539,0.19230769230769232,74.0,0.0,0.0410958904109589,0.5923472924958435,31.0,0.0,0.0,1.2868182191351907,0.0,/media/mengh/SharedData/zhanh/auto_structbeat/caches/pilot/mscnn_final_last_gtzan/gtzan__gtzan_classical_00060__track.npy.npz
mscnn_gtzan,direct,gtzan/gtzan_classical_00061/track.npy,gtzan,0.7326732673267327,0.6326942241496032,0.8365374938954286,0.7346158590225159,0.125,0.140625,0.43243243243243246,0.7567567567567568,0.8333333333333334,0.7434925343139002,0.7434925343139002,0.7434925343139002,0.15,0.45,0.1935483870967742,0.45,44.0,0.0,0.0,0.6665305982554924,25.0,0.0,0.0,0.7190568991213093,0.0,/media/mengh/SharedData/zhanh/auto_structbeat/caches/pilot/mscnn_final_last_gtzan/gtzan__gtzan_classical_00061__track.npy.npz
mscnn_gtzan,direct,gtzan/gtzan_classical_00062/track.npy,gtzan,0.45,0.3585659702843845,0.4280268528752221,0.39329641157980333,0.0,0.0,0.19480519480519481,0.24675324675324675,0.5454545454545454,0.4102148459282414,0.4102148459282414,0.4102148459282414,0.3333333333333333,0.3333333333333333,0.3333333333333333,0.3333333333333333,56.0,0.05454545454545454,0.05454545454545454,1.0537669222015975,25.0,0.041666666666666664,0.041666666666666664,2.1677579448733395,0.0,/media/mengh/SharedData/zhanh/auto_structbeat/caches/pilot/mscnn_final_last_gtzan/gtzan__gtzan_classical_00062__track.npy.npz
mscnn_gtzan,direct,gtzan/gtzan_classical_00063/track.npy,gtzan,0.7692307692307693,0.6879070811628598,0.6879070811628598,0.6879070811628598,0.23076923076923078,0.41025641025641024,0.23076923076923078,0.41025641025641024,0.5217391304347826,0.49235494551799563,0.5293158241866244,0.51083538485231,0.15384615384615385,0.15384615384615385,0.15789473684210525,0.2631578947368421,31.0,0.03333333333333333,0.03333333333333333,1.8296348069967177,16.0,0.06666666666666667,0.06666666666666667,2.751192212909651,0.0,/media/mengh/SharedData/zhanh/auto_structbeat/caches/pilot/mscnn_final_last_gtzan/gtzan__gtzan_classical_00063__track.npy.npz
mscnn_gtzan,direct,gtzan/gtzan_classical_00064/track.npy,gtzan,0.631578947368421,0.5214087181698728,0.5214087181698728,0.5214087181698728,0.16216216216216217,0.2702702702702703,0.16216216216216217,0.2702702702702703,0.5714285714285714,0.47785623060553656,0.6689987228477512,0.5734274767266438,0.07692307692307693,0.07692307692307693,0.375,0.75,23.0,0.0,0.0,1.003302108863785,10.0,0.0,0.0,0.879777608898947,0.0,/media/mengh/SharedData/zhanh/auto_structbeat/caches/pilot/mscnn_final_last_gtzan/gtzan__gtzan_classical_00064__track.npy.npz
mscnn_gtzan,direct,gtzan/gtzan_classical_00065/track.npy,gtzan,0.6,0.5311587324245061,0.5311587324245061,0.5311587324245061,0.09090909090909091,0.21818181818181817,0.09090909090909091,0.21818181818181817,0.3888888888888889,0.32867079544383443,0.32867079544383443,0.32867079544383443,0.0,0.0,0.04,0.04,64.0,0.07936507936507936,0.19047619047619047,0.8472978603872039,30.0,0.0,0.0,1.3926062661015026,0.0,/media/mengh/SharedData/zhanh/auto_structbeat/caches/pilot/mscnn_final_last_gtzan/gtzan__gtzan_classical_00065__track.npy.npz
mscnn_gtzan,direct,gtzan/gtzan_classical_00066/track.npy,gtzan,0.8297872340425532,0.7539613132435533,0.7539613132435533,0.7539613132435533,0.35185185185185186,0.4444444444444444,0.35185185185185186,0.4444444444444444,0.8484848484848484,0.7414309497071861,0.7414309497071861,0.7414309497071861,0.15789473684210525,0.47368421052631576,0.2222222222222222,0.47368421052631576,46.0,0.022222222222222223,0.022222222222222223,1.4310178172375332,23.0,0.045454545454545456,0.045454545454545456,1.9694406464655143,0.0,/media/mengh/SharedData/zhanh/auto_structbeat/caches/pilot/mscnn_final_last_gtzan/gtzan__gtzan_classical_00066__track.npy.npz
mscnn_gtzan,direct,gtzan/gtzan_classical_00067/track.npy,gtzan,0.7999999999999998,0.6871194371137291,0.6871194371137291,0.6871194371137291,0.35555555555555557,0.5777777777777777,0.35555555555555557,0.5777777777777777,0.6206896551724137,0.6005370894395162,0.6121735300982357,0.606355309768876,0.1111111111111111,0.16666666666666666,0.2857142857142857,0.38095238095238093,47.0,0.021739130434782608,0.021739130434782608,1.4837383452145805,22.0,0.0,0.0,1.2757469895013014,0.0,/media/mengh/SharedData/zhanh/auto_structbeat/caches/pilot/mscnn_final_last_gtzan/gtzan__gtzan_classical_00067__track.npy.npz
mscnn_gtzan,direct,gtzan/gtzan_classical_00068/track.npy,gtzan,0.6538461538461539,0.5717374707213961,0.8617492312321368,0.7167433509767664,0.0,0.0,0.9714285714285714,0.9714285714285714,0.7222222222222222,0.6130909080558564,0.6130909080558564,0.6130909080558564,0.15789473684210525,0.3684210526315789,0.15789473684210525,0.3684210526315789,50.0,0.061224489795918366,0.061224489795918366,0.9808292530117244,25.0,0.0,0.0,1.053949585903086,0.0,/media/mengh/SharedData/zhanh/auto_structbeat/caches/pilot/mscnn_final_last_gtzan/gtzan__gtzan_classical_00068__track.npy.npz
mscnn_gtzan,direct,gtzan/gtzan_classical_00069/track.npy,gtzan,0.7636363636363638,0.46691788502274134,0.46691788502274134,0.46691788502274134,0.5714285714285714,0.9285714285714286,0.5714285714285714,0.9285714285714286,0.2857142857142857,0.13407128741676408,0.19479562486967097,0.16443345614321753,0.0,0.0,0.14285714285714285,0.2857142857142857,32.0,0.0,0.0,0.48300597443182924,17.0,0.0,0.0,1.239823598223499,0.0,/media/mengh/SharedData/zhanh/auto_structbeat/caches/pilot/mscnn_final_last_gtzan/gtzan__gtzan_classical_00069__track.npy.npz
mscnn_gtzan,direct,gtzan/gtzan_classical_00070/track.npy,gtzan,0.7226890756302522,0.5901373780928448,0.5901373780928448,0.5901373780928448,0.07575757575757576,0.4090909090909091,0.07575757575757576,0.4090909090909091,0.8837209302325582,0.7889882062671291,0.7889882062671291,0.7889882062671291,0.5,0.5909090909090909,0.5,0.5909090909090909,59.0,0.10344827586206896,0.10344827586206896,1.795468363852962,24.0,0.0,0.0,0.7191762060386535,0.0,/media/mengh/SharedData/zhanh/auto_structbeat/caches/pilot/mscnn_final_last_gtzan/gtzan__gtzan_classical_00070__track.npy.npz
mscnn_gtzan,direct,gtzan/gtzan_classical_00071/track.npy,gtzan,0.6666666666666667,0.5516052247955986,0.6737101265111034,0.612657675653351,0.07920792079207921,0.18811881188118812,0.07920792079207921,0.3391304347826087,0.5172413793103448,0.42744151742607095,0.42744151742607095,0.42744151742607095,0.10526315789473684,0.18421052631578946,0.10526315789473684,0.18421052631578946,114.0,0.11504424778761062,0.4247787610619469,0.8109302162163483,42.0,0.0,0.0975609756097561,1.8310742401806046,0.0,/media/mengh/SharedData/zhanh/auto_structbeat/caches/pilot/mscnn_final_last_gtzan/gtzan__gtzan_classical_00071__track.npy.npz
mscnn_gtzan,direct,gtzan/gtzan_classical_00072/track.npy,gtzan,0.8351648351648352,0.7127227337417988,0.7127227337417988,0.7127227337417988,0.375,0.7083333333333334,0.375,0.7083333333333334,0.5517241379310345,0.516911936579422,0.516911936579422,0.516911936579422,0.23529411764705882,0.29411764705882354,0.23529411764705882,0.29411764705882354,53.0,0.019230769230769232,0.019230769230769232,0.7430698480448037,20.0,0.0,0.0,1.4880670556151228,0.0,/media/mengh/SharedData/zhanh/auto_structbeat/caches/pilot/mscnn_final_last_gtzan/gtzan__gtzan_classical_00072__track.npy.npz
mscnn_gtzan,direct,gtzan/gtzan_classical_00073/track.npy,gtzan,0.897196261682243,0.7929346932550372,0.7929346932550372,0.7929346932550372,0.35185185185185186,0.8148148148148148,0.35185185185185186,0.8148148148148148,0.6046511627906976,0.5046289178895663,0.5046289178895663,0.5046289178895663,0.2,0.28,0.2,0.28,64.0,0.07936507936507936,0.07936507936507936,1.7491998548092371,29.0,0.0,0.0,1.0071059356044338,0.0,/media/mengh/SharedData/zhanh/auto_structbeat/caches/pilot/mscnn_final_last_gtzan/gtzan__gtzan_classical_00073__track.npy.npz
mscnn_gtzan,direct,gtzan/gtzan_classical_00074/track.npy,gtzan,0.8550724637681161,0.7062464450769554,0.7062464450769554,0.7062464450769554,0.11267605633802817,0.6197183098591549,0.11267605633802817,0.6197183098591549,0.48275862068965514,0.42903393213464674,0.6069366855252237,0.5179853088299352,0.07317073170731707,0.07317073170731707,0.17073170731707318,0.43902439024390244,85.0,0.05952380952380952,0.08333333333333333,1.4922990932106124,48.0,0.06382978723404255,0.06382978723404255,2.0028096244712,0.0,/media/mengh/SharedData/zhanh/auto_structbeat/caches/pilot/mscnn_final_last_gtzan/gtzan__gtzan_classical_00074__track.npy.npz
mscnn_gtzan,direct,gtzan/gtzan_classical_00075/track.npy,gtzan,0.5217391304347826,0.3884857934200042,0.5255156830771482,0.45700073824857623,0.06521739130434782,0.06521739130434782,0.30434782608695654,0.6956521739130435,0.43478260869565216,0.29559801154362103,0.29682213865406704,0.296210075098844,0.25,0.3333333333333333,0.25,0.3333333333333333,27.0,0.0,0.0,0.7724287670789649,13.0,0.0,0.0,0.9376524037263967,0.0,/media/mengh/SharedData/zhanh/auto_structbeat/caches/pilot/mscnn_final_last_gtzan/gtzan__gtzan_classical_00075__track.npy.npz
mscnn_gtzan,direct,gtzan/gtzan_classical_00076/track.npy,gtzan,0.8633093525179857,0.7048771341117288,0.7048771341117288,0.7048771341117288,0.16666666666666666,0.6111111111111112,0.16666666666666666,0.6111111111111112,0.7499999999999999,0.6106501747853839,0.7371814723545993,0.6739158235699916,0.1,0.23333333333333334,0.34285714285714286,0.6285714285714286,74.0,0.0410958904109589,0.0410958904109589,1.0986122886680911,32.0,0.0,0.0,0.7299362666787728,0.0,/media/mengh/SharedData/zhanh/auto_structbeat/caches/pilot/mscnn_final_last_gtzan/gtzan__gtzan_classical_00076__track.npy.npz
mscnn_gtzan,direct,gtzan/gtzan_classical_00077/track.npy,gtzan,0.6216216216216216,0.42546722148654775,0.42546722148654775,0.42546722148654775,0.15384615384615385,0.28205128205128205,0.15384615384615385,0.28205128205128205,0.5,0.3891585503074147,0.426517046994516,0.40783779865096537,0.14285714285714285,0.14285714285714285,0.2631578947368421,0.47368421052631576,40.0,0.0,0.0,1.0620591225475342,16.0,0.0,0.0,0.7362973417334112,0.0,/media/mengh/SharedData/zhanh/auto_structbeat/caches/pilot/mscnn_final_last_gtzan/gtzan__gtzan_classical_00077__track.npy.npz
mscnn_gtzan,direct,gtzan/gtzan_classical_00078/track.npy,gtzan,0.6153846153846153,0.530103416529795,0.7951551247946925,0.6626292706622438,0.0,0.0,0.5,0.7857142857142857,0.7058823529411764,0.6465275427622179,0.6465275427622179,0.6465275427622179,0.2,0.3,0.23076923076923078,0.46153846153846156,15.0,0.0,0.0,0.6505937157282223,12.0,0.0,0.0,0.724190527483653,0.0,/media/mengh/SharedData/zhanh/auto_structbeat/caches/pilot/mscnn_final_last_gtzan/gtzan__gtzan_classical_00078__track.npy.npz
mscnn_gtzan,direct,gtzan/gtzan_classical_00079/track.npy,gtzan,0.7529411764705882,0.6837916809784108,0.6837916809784108,0.6837916809784108,0.18181818181818182,0.4318181818181818,0.18181818181818182,0.4318181818181818,0.6060606060606061,0.5454575299181011,0.7330014368123787,0.6392294833652399,0.045454545454545456,0.09090909090909091,0.36363636363636365,0.5909090909090909,52.0,0.0,0.0,0.7061535975675104,27.0,0.0,0.0,0.7111019003819682,0.0,/media/mengh/SharedData/zhanh/auto_structbeat/caches/pilot/mscnn_final_last_gtzan/gtzan__gtzan_classical_00079__track.npy.npz
mscnn_gtzan,direct,gtzan/gtzan_classical_00080/track.npy,gtzan,0.1904761904761905,0.17886878874131112,0.31302038029729445,0.2459445845193028,0.0,0.0,0.2222222222222222,0.2222222222222222,0.2222222222222222,0.21884536449291214,0.3282680467393682,0.2735567056161402,0.0,0.0,0.3333333333333333,0.3333333333333333,4.0,0.0,0.0,2.418186117543115,4.0,0.0,0.0,2.418186117543115,0.0,/media/mengh/SharedData/zhanh/auto_structbeat/caches/pilot/mscnn_final_last_gtzan/gtzan__gtzan_classical_00080__track.npy.npz
mscnn_gtzan,direct,gtzan/gtzan_classical_00081/track.npy,gtzan,0.890909090909091,0.7289680609179133,0.7289680609179133,0.7289680609179133,0.3333333333333333,0.6833333333333333,0.3333333333333333,0.6833333333333333,0.4117647058823529,0.3452379601027199,0.3452379601027199,0.3452379601027199,0.045454545454545456,0.09090909090909091,0.045454545454545456,0.09090909090909091,63.0,0.0,0.0,0.7419373447293784,30.0,0.0,0.0,1.622647805740182,0.0,/media/mengh/SharedData/zhanh/auto_structbeat/caches/pilot/mscnn_final_last_gtzan/gtzan__gtzan_classical_00081__track.npy.npz
mscnn_gtzan,direct,gtzan/gtzan_classical_00082/track.npy,gtzan,0.7441860465116279,0.6299248926134697,0.6299248926134697,0.6299248926134697,0.30434782608695654,0.5869565217391305,0.30434782608695654,0.5869565217391305,0.3125,0.2927148231540695,0.3062700827443228,0.29949245294919613,0.1,0.1,0.1,0.1,49.0,0.0625,0.0625,1.8203348653922324,27.0,0.038461538461538464,0.038461538461538464,1.8339869914682265,0.0,/media/mengh/SharedData/zhanh/auto_structbeat/caches/pilot/mscnn_final_last_gtzan/gtzan__gtzan_classical_00082__track.npy.npz
mscnn_gtzan,direct,gtzan/gtzan_classical_00083/track.npy,gtzan,0.5818181818181817,0.49825581080484177,0.49825581080484177,0.49825581080484177,0.23529411764705882,0.38235294117647056,0.23529411764705882,0.38235294117647056,0.18181818181818185,0.10367394874616322,0.20781901155137264,0.15574648014876794,0.0,0.0,0.17647058823529413,0.17647058823529413,25.0,0.0,0.0,0.9983318588152098,15.0,0.0,0.0,1.332471278198327,0.0,/media/mengh/SharedData/zhanh/auto_structbeat/caches/pilot/mscnn_final_last_gtzan/gtzan__gtzan_classical_00083__track.npy.npz
mscnn_gtzan,direct,gtzan/gtzan_classical_00084/track.npy,gtzan,0.6341463414634145,0.5143511081043042,0.5143511081043042,0.5143511081043042,0.35555555555555557,0.4444444444444444,0.35555555555555557,0.4444444444444444,0.24242424242424246,0.19960543239114184,0.21595303417017,0.20777923328065592,0.045454545454545456,0.045454545454545456,0.18181818181818182,0.18181818181818182,41.0,0.0,0.0,1.2671174188803216,25.0,0.0,0.0,2.0315719403945804,0.0,/media/mengh/SharedData/zhanh/auto_structbeat/caches/pilot/mscnn_final_last_gtzan/gtzan__gtzan_classical_00084__track.npy.npz
mscnn_gtzan,direct,gtzan/gtzan_classical_00085/track.npy,gtzan,0.9375,0.7716761562095639,0.7716761562095639,0.7716761562095639,0.6078431372549019,0.7843137254901961,0.6078431372549019,0.7843137254901961,0.3333333333333333,0.267056287008965,0.40364386083663173,0.33535007392279836,0.0,0.0,0.06451612903225806,0.16129032258064516,60.0,0.01694915254237288,0.01694915254237288,0.693147180559939,36.0,0.0,0.0,0.7286852138970765,0.0,/media/mengh/SharedData/zhanh/auto_structbeat/caches/pilot/mscnn_final_last_gtzan/gtzan__gtzan_classical_00085__track.npy.npz
mscnn_gtzan,direct,gtzan/gtzan_classical_00086/track.npy,gtzan,0.7777777777777778,0.6633239439424349,0.6951103905971795,0.6792171672698072,0.18181818181818182,0.30303030303030304,0.18181818181818182,0.3855421686746988,0.3333333333333333,0.2674958451549838,0.4336716763785395,0.3505837607667617,0.0,0.0,0.0,0.0,75.0,0.02702702702702703,0.02702702702702703,0.9740886974896846,46.0,0.0,0.0,0.6734457258314075,0.0,/media/mengh/SharedData/zhanh/auto_structbeat/caches/pilot/mscnn_final_last_gtzan/gtzan__gtzan_classical_00086__track.npy.npz
mscnn_gtzan,direct,gtzan/gtzan_classical_00087/track.npy,gtzan,0.8571428571428572,0.6869237613976854,0.6869237613976854,0.6869237613976854,0.44,0.72,0.44,0.72,0.3448275862068965,0.2807380701696144,0.2807380701696144,0.2807380701696144,0.0,0.0,0.047619047619047616,0.047619047619047616,29.0,0.0,0.0,1.1134765273827725,25.0,0.0,0.0,1.0030740602272181,0.0,/media/mengh/SharedData/zhanh/auto_structbeat/caches/pilot/mscnn_final_last_gtzan/gtzan__gtzan_classical_00087__track.npy.npz
mscnn_gtzan,direct,gtzan/gtzan_classical_00088/track.npy,gtzan,0.967032967032967,0.8295565951705495,0.8295565951705495,0.8295565951705495,0.7446808510638298,0.8723404255319149,0.7446808510638298,0.8723404255319149,0.4761904761904761,0.4285966674304022,0.585335197728383,0.5069659325793926,0.0,0.0,0.22580645161290322,0.2903225806451613,56.0,0.0,0.0,0.26490233476394354,38.0,0.0,0.0,0.7320901496342767,0.0,/media/mengh/SharedData/zhanh/auto_structbeat/caches/pilot/mscnn_final_last_gtzan/gtzan__gtzan_classical_00088__track.npy.npz
mscnn_gtzan,direct,gtzan/gtzan_classical_00089/track.npy,gtzan,0.782608695652174,0.6838534745894206,0.6838534745894206,0.6838534745894206,0.34146341463414637,0.5853658536585366,0.34146341463414637,0.5853658536585366,0.5384615384615384,0.45168315867240927,0.5226716590256474,0.4871774088490283,0.0625,0.0625,0.2631578947368421,0.3157894736842105,36.0,0.0,0.0,0.9012187196992635,19.0,0.0,0.0,1.563955928567426,0.0,/media/mengh/SharedData/zhanh/auto_structbeat/caches/pilot/mscnn_final_last_gtzan/gtzan__gtzan_classical_00089__track.npy.npz
mscnn_gtzan,direct,gtzan/gtzan_classical_00090/track.npy,gtzan,0.611111111111111,0.5560618288497522,0.5560618288497522,0.5560618288497522,0.23809523809523808,0.3333333333333333,0.23809523809523808,0.3333333333333333,0.0,2.81466807277907e-32,3.6807196823174245e-32,3.247693877548247e-32,0.0,0.0,0.2,0.2,18.0,0.058823529411764705,0.058823529411764705,2.3817133425452828,12.0,0.09090909090909091,0.09090909090909091,2.825719527629703,0.0,/media/mengh/SharedData/zhanh/auto_structbeat/caches/pilot/mscnn_final_last_gtzan/gtzan__gtzan_classical_00090__track.npy.npz
mscnn_gtzan,direct,gtzan/gtzan_classical_00091/track.npy,gtzan,0.9428571428571428,0.8235227000451573,0.8235227000451573,0.8235227000451573,0.8108108108108109,0.8108108108108109,0.8108108108108109,0.8108108108108109,0.5384615384615384,0.5037167577812399,0.6438569212248934,0.5737868395030666,0.0,0.0,0.3157894736842105,0.631578947368421,40.0,0.0,0.0,0.5969857911106422,20.0,0.0,0.0,1.7943692183870057,0.0,/media/mengh/SharedData/zhanh/auto_structbeat/caches/pilot/mscnn_final_last_gtzan/gtzan__gtzan_classical_00091__track.npy.npz
mscnn_gtzan,direct,gtzan/gtzan_classical_00092/track.npy,gtzan,0.5473684210526315,0.40447100232618843,0.4596799491941354,0.4320754757601619,0.034482758620689655,0.10344827586206896,0.3783783783783784,0.5945945945945946,0.4615384615384615,0.3623779763733961,0.5103399815678836,0.43635897897063985,0.08333333333333333,0.08333333333333333,0.6896551724137931,0.6896551724137931,43.0,0.047619047619047616,0.07142857142857142,1.3437347467011032,25.0,0.0,0.0,0.6100026518472443,0.0,/media/mengh/SharedData/zhanh/auto_structbeat/caches/pilot/mscnn_final_last_gtzan/gtzan__gtzan_classical_00092__track.npy.npz
mscnn_gtzan,direct,gtzan/gtzan_classical_00093/track.npy,gtzan,0.9189189189189189,0.7795746583447247,0.7795746583447247,0.7795746583447247,0.5,0.7931034482758621,0.5,0.7931034482758621,0.5641025641025641,0.48698470346806233,0.7204874583919912,0.6037360809300267,0.12,0.12,0.3333333333333333,0.5555555555555556,64.0,0.0,0.0,0.27239574597574556,29.0,0.0,0.0,0.712790180611334,0.0,/media/mengh/SharedData/zhanh/auto_structbeat/caches/pilot/mscnn_final_last_gtzan/gtzan__gtzan_classical_00093__track.npy.npz
mscnn_gtzan,direct,gtzan/gtzan_classical_00094/track.npy,gtzan,0.7,0.48058504918032363,0.48058504918032363,0.48058504918032363,0.23529411764705882,0.6176470588235294,0.23529411764705882,0.6176470588235294,0.5454545454545454,0.42068355369343363,0.42068355369343363,0.42068355369343363,0.5454545454545454,0.7272727272727273,0.5454545454545454,0.7272727272727273,31.0,0.0,0.0,1.4380749600145601,15.0,0.0,0.0,1.4941094093916194,0.0,/media/mengh/SharedData/zhanh/auto_structbeat/caches/pilot/mscnn_final_last_gtzan/gtzan__gtzan_classical_00094__track.npy.npz
mscnn_gtzan,direct,gtzan/gtzan_classical_00095/track.npy,gtzan,0.2857142857142857,0.1999083528600335,0.24480647626066607,0.2223574145603498,0.06060606060606061,0.09090909090909091,0.17647058823529413,0.35294117647058826,0.26666666666666666,0.27209199829770636,0.27209199829770636,0.27209199829770636,0.375,0.5,0.375,0.5,20.0,0.0,0.0,1.6162699387774646,9.0,0.0,0.0,1.3449460613046715,0.0,/media/mengh/SharedData/zhanh/auto_structbeat/caches/pilot/mscnn_final_last_gtzan/gtzan__gtzan_classical_00095__track.npy.npz
mscnn_gtzan,direct,gtzan/gtzan_classical_00096/track.npy,gtzan,0.8113207547169812,0.634825622776928,0.634825622776928,0.634825622776928,0.25,0.6964285714285714,0.25,0.6964285714285714,0.5945945945945946,0.46806958685010863,0.46806958685010863,0.46806958685010863,0.3157894736842105,0.3684210526315789,0.3157894736842105,0.3684210526315789,65.0,0.03125,0.0625,1.0161977637858879,24.0,0.0,0.0,1.338944966285929,0.0,/media/mengh/SharedData/zhanh/auto_structbeat/caches/pilot/mscnn_final_last_gtzan/gtzan__gtzan_classical_00096__track.npy.npz
mscnn_gtzan,direct,gtzan/gtzan_classical_00097/track.npy,gtzan,0.45652173913043476,0.3474584349902135,0.5367901180931567,0.44212427654168507,0.22448979591836735,0.32653061224489793,0.22448979591836735,0.32653061224489793,0.2222222222222222,0.1614605831240239,0.2700358145171087,0.21574819882056628,0.03125,0.03125,0.11627906976744186,0.23255813953488372,58.0,0.03508771929824561,0.03508771929824561,1.5312049587051142,36.0,0.0,0.0,1.4785978331199607,0.0,/media/mengh/SharedData/zhanh/auto_structbeat/caches/pilot/mscnn_final_last_gtzan/gtzan__gtzan_classical_00097__track.npy.npz
mscnn_gtzan,direct,gtzan/gtzan_classical_00098/track.npy,gtzan,0.9876543209876543,0.8759024527171054,0.8759024527171054,0.8759024527171054,0.975609756097561,0.975609756097561,0.975609756097561,0.975609756097561,0.48484848484848486,0.4179177843198226,0.7202774565442632,0.5690976204320429,0.0,0.0,0.43478260869565216,0.5652173913043478,49.0,0.0,0.0,0.06453852113757563,27.0,0.0,0.0,0.7354851722857361,0.0,/media/mengh/SharedData/zhanh/auto_structbeat/caches/pilot/mscnn_final_last_gtzan/gtzan__gtzan_classical_00098__track.npy.npz
mscnn_gtzan,direct,gtzan/gtzan_classical_00099/track.npy,gtzan,0.5490196078431373,0.5227924314522986,0.8079519395171887,0.6653721854847436,0.0,0.0,0.47058823529411764,0.7058823529411765,0.6666666666666667,0.630726422628068,0.630726422628068,0.630726422628068,0.0,0.0,0.4666666666666667,0.7333333333333333,20.0,0.0,0.0,1.0921410835415106,17.0,0.0,0.0,1.2754233797433758,0.0,/media/mengh/SharedData/zhanh/auto_structbeat/caches/pilot/mscnn_final_last_gtzan/gtzan__gtzan_classical_00099__track.npy.npz
mscnn_gtzan,direct,gtzan/gtzan_country_00000/track.npy,gtzan,0.9577464788732395,0.9128120384320618,0.9128120384320618,0.9128120384320618,0.9722222222222222,0.9722222222222222,0.9722222222222222,0.9722222222222222,1.0,0.908972093206544,0.908972093206544,0.908972093206544,1.0,1.0,1.0,1.0,42.0,0.0,0.0,0.05556985115481223,11.0,0.0,0.0,0.01408473988173875,0.0,/media/mengh/SharedData/zhanh/auto_structbeat/caches/pilot/mscnn_final_last_gtzan/gtzan__gtzan_country_00000__track.npy.npz
mscnn_gtzan,direct,gtzan/gtzan_country_00001/track.npy,gtzan,0.905982905982906,0.8624965736354712,0.8624965736354712,0.8624965736354712,0.2698412698412698,0.7619047619047619,0.2698412698412698,0.7619047619047619,0.9285714285714286,0.8691741375835974,0.8691741375835974,0.8691741375835974,0.6666666666666666,0.8666666666666667,0.6666666666666666,0.8666666666666667,75.0,0.13513513513513514,0.13513513513513514,1.7491998548092587,18.0,0.11764705882352941,0.11764705882352941,3.121712764916121,0.0,/media/mengh/SharedData/zhanh/auto_structbeat/caches/pilot/mscnn_final_last_gtzan/gtzan__gtzan_country_00001__track.npy.npz
mscnn_gtzan,direct,gtzan/gtzan_country_00002/track.npy,gtzan,0.9384615384615386,0.8770455948765248,0.8770455948765248,0.8770455948765248,0.37681159420289856,0.782608695652174,0.37681159420289856,0.782608695652174,0.9714285714285714,0.9036125563562842,0.9036125563562842,0.9036125563562842,0.5,0.8888888888888888,0.5,0.8888888888888888,75.0,0.0,0.0,0.6931471805599476,21.0,0.0,0.0,0.667127538585062,0.0,/media/mengh/SharedData/zhanh/auto_structbeat/caches/pilot/mscnn_final_last_gtzan/gtzan__gtzan_country_00002__track.npy.npz
mscnn_gtzan,direct,gtzan/gtzan_country_00003/track.npy,gtzan,0.9041095890410958,0.8738096877441339,0.8738096877441339,0.8738096877441339,0.4,0.75,0.4,0.75,0.8421052631578948,0.8116694646386055,0.8148136297082454,0.8132415471734254,0.36363636363636365,0.45454545454545453,0.4,0.45454545454545453,46.0,0.06666666666666667,0.06666666666666667,1.8200491519593593,13.0,0.0,0.0,0.6865245671849354,0.0,/media/mengh/SharedData/zhanh/auto_structbeat/caches/pilot/mscnn_final_last_gtzan/gtzan__gtzan_country_00003__track.npy.npz
mscnn_gtzan,direct,gtzan/gtzan_country_00004/track.npy,gtzan,0.8032786885245902,0.7530473052109458,0.7530473052109458,0.7530473052109458,0.1095890410958904,0.547945205479452,0.1095890410958904,0.547945205479452,0.5945945945945945,0.538240467365924,0.538240467365924,0.538240467365924,0.08333333333333333,0.375,0.08333333333333333,0.375,88.0,0.3333333333333333,0.3333333333333333,1.871802176901584,26.0,0.36,0.36,3.208825489014698,0.0,/media/mengh/SharedData/zhanh/auto_structbeat/caches/pilot/mscnn_final_last_gtzan/gtzan__gtzan_country_00004__track.npy.npz
mscnn_gtzan,direct,gtzan/gtzan_country_00005/track.npy,gtzan,0.9821428571428572,0.9578116272573435,0.9578116272573435,0.9578116272573435,0.49122807017543857,0.9298245614035088,0.49122807017543857,0.9298245614035088,0.9032258064516129,0.8902617359802243,0.8902617359802243,0.8902617359802243,0.4117647058823529,0.7058823529411765,0.4117647058823529,0.7058823529411765,68.0,0.029850746268656716,0.029850746268656716,1.2436346116474954,20.0,0.0,0.0,0.6947688179755794,0.0,/media/mengh/SharedData/zhanh/auto_structbeat/caches/pilot/mscnn_final_last_gtzan/gtzan__gtzan_country_00005__track.npy.npz
mscnn_gtzan,direct,gtzan/gtzan_country_00006/track.npy,gtzan,0.9292929292929293,0.8806445631144435,0.8806445631144435,0.8806445631144435,0.38461538461538464,0.9038461538461539,0.38461538461538464,0.9038461538461539,0.9600000000000001,0.8939289542548324,0.8939289542548324,0.8939289542548324,0.7692307692307693,0.9230769230769231,0.7692307692307693,0.9230769230769231,62.0,0.08196721311475409,0.08196721311475409,1.8718021769015898,15.0,0.07142857142857142,0.07142857142857142,3.275213382759385,0.0,/media/mengh/SharedData/zhanh/auto_structbeat/caches/pilot/mscnn_final_last_gtzan/gtzan__gtzan_country_00006__track.npy.npz
mscnn_gtzan,direct,gtzan/gtzan_country_00007/track.npy,gtzan,0.625,0.5898138606945027,0.8661687517880138,0.7279913062412582,0.0,0.0,0.5581395348837209,0.9534883720930233,0.5263157894736842,0.530098748084753,0.7443039483748306,0.6372013482297918,0.0,0.0,0.38461538461538464,0.7692307692307693,55.0,0.018518518518518517,0.037037037037037035,0.6409945839398419,18.0,0.058823529411764705,0.058823529411764705,3.362948218851985,0.0,/media/mengh/SharedData/zhanh/auto_structbeat/caches/pilot/mscnn_final_last_gtzan/gtzan__gtzan_country_00007__track.npy.npz
mscnn_gtzan,direct,gtzan/gtzan_country_00008/track.npy,gtzan,0.7368421052631579,0.6640099272279286,0.6640099272279286,0.6640099272279286,0.2708333333333333,0.3541666666666667,0.2708333333333333,0.3541666666666667,0.7368421052631579,0.6414128747658815,0.6981856381073795,0.6697992564366305,0.16666666666666666,0.16666666666666666,0.46153846153846156,0.6923076923076923,53.0,0.17307692307692307,0.17307692307692307,1.7704796620186571,13.0,0.0,0.0,0.6876375247489753,0.0,/media/mengh/SharedData/zhanh/auto_structbeat/caches/pilot/mscnn_final_last_gtzan/gtzan__gtzan_country_00008__track.npy.npz
mscnn_gtzan,direct,gtzan/gtzan_country_00009/track.npy,gtzan,1.0,0.9684886616229692,0.9684886616229692,0.9684886616229692,1.0,1.0,1.0,1.0,0.9523809523809523,0.9350343937384279,0.9350343937384279,0.9350343937384279,0.9090909090909091,0.9090909090909091,0.9090909090909091,0.9090909090909091,49.0,0.0,0.0,0.06453852113757061,15.0,0.0,0.0,1.384648903659225,0.0,/media/mengh/SharedData/zhanh/auto_structbeat/caches/pilot/mscnn_final_last_gtzan/gtzan__gtzan_country_00009__track.npy.npz
mscnn_gtzan,direct,gtzan/gtzan_country_00010/track.npy,gtzan,0.9846153846153847,0.9342748455492557,0.9342748455492557,0.9342748455492557,0.9696969696969697,0.9696969696969697,0.9696969696969697,0.9696969696969697,0.5454545454545454,0.5010550800809279,0.8589488565065814,0.6800019682937546,0.0,0.0,0.7333333333333333,0.7333333333333333,40.0,0.0,0.0,0.05285725665315058,17.0,0.0,0.0,0.6931471805599453,0.0,/media/mengh/SharedData/zhanh/auto_structbeat/caches/pilot/mscnn_final_last_gtzan/gtzan__gtzan_country_00010__track.npy.npz
mscnn_gtzan,direct,gtzan/gtzan_country_00011/track.npy,gtzan,0.9375,0.881194922569993,0.881194922569993,0.881194922569993,0.5,0.92,0.5,0.92,0.923076923076923,0.8515426593281661,0.8515426593281661,0.8515426593281661,0.6428571428571429,0.6428571428571429,0.6428571428571429,0.6428571428571429,60.0,0.05084745762711865,0.05084745762711865,1.767590203123128,16.0,0.0,0.0,0.69643358968239,0.0,/media/mengh/SharedData/zhanh/auto_structbeat/caches/pilot/mscnn_final_last_gtzan/gtzan__gtzan_country_00011__track.npy.npz
mscnn_gtzan,direct,gtzan/gtzan_country_00012/track.npy,gtzan,0.7906976744186046,0.6726893996075339,0.6726893996075339,0.6726893996075339,0.0821917808219178,0.3287671232876712,0.25,0.35714285714285715,0.9411764705882353,0.8178227951778085,0.8178227951778085,0.8178227951778085,0.7777777777777778,0.7777777777777778,0.7777777777777778,0.7777777777777778,66.0,0.046153846153846156,0.046153846153846156,1.2527629684953931,20.0,0.0,0.0,0.6912861721379104,0.0,/media/mengh/SharedData/zhanh/auto_structbeat/caches/pilot/mscnn_final_last_gtzan/gtzan__gtzan_country_00012__track.npy.npz
mscnn_gtzan,direct,gtzan/gtzan_country_00013/track.npy,gtzan,1.0,0.9623597294361509,0.9623597294361509,0.9623597294361509,1.0,1.0,1.0,1.0,1.0,0.9595667114442845,0.9595667114442845,0.9595667114442845,1.0,1.0,1.0,1.0,64.0,0.0,0.0,0.04255961441880263,18.0,0.0,0.0,1.1411719030869056,0.0,/media/mengh/SharedData/zhanh/auto_structbeat/caches/pilot/mscnn_final_last_gtzan/gtzan__gtzan_country_00013__track.npy.npz
mscnn_gtzan,direct,gtzan/gtzan_country_00014/track.npy,gtzan,0.9380530973451328,0.8281836933330905,0.8281836933330905,0.8281836933330905,0.42105263157894735,0.8771929824561403,0.42105263157894735,0.8771929824561403,0.8666666666666666,0.7742043853983479,0.7742043853983479,0.7742043853983479,0.3125,0.8125,0.3125,0.8125,69.0,0.04411764705882353,0.04411764705882353,1.2834459896543433,19.0,0.05555555555555555,0.05555555555555555,2.833213344056219,0.0,/media/mengh/SharedData/zhanh/auto_structbeat/caches/pilot/mscnn_final_last_gtzan/gtzan__gtzan_country_00014__track.npy.npz
mscnn_gtzan,direct,gtzan/gtzan_country_00015/track.npy,gtzan,0.8571428571428572,0.7234982715214819,0.7234982715214819,0.7234982715214819,0.39436619718309857,0.7464788732394366,0.39436619718309857,0.7464788732394366,0.7142857142857143,0.6535277178638151,0.6535277178638151,0.6535277178638151,0.15384615384615385,0.38461538461538464,0.15384615384615385,0.38461538461538464,83.0,0.0975609756097561,0.13414634146341464,0.9162907318741726,31.0,0.06666666666666667,0.06666666666666667,1.6825680585883434,0.0,/media/mengh/SharedData/zhanh/auto_structbeat/caches/pilot/mscnn_final_last_gtzan/gtzan__gtzan_country_00015__track.npy.npz
mscnn_gtzan,direct,gtzan/gtzan_country_00016/track.npy,gtzan,0.6716417910447761,0.6357724633466196,0.9465945562793443,0.791183509812982,0.0,0.0,1.0,1.0,0.4814814814814815,0.43770967086340823,0.7667473875263134,0.6022285291948608,0.03225806451612903,0.03225806451612903,0.2,0.4666666666666667,54.0,0.0,0.0,0.07145896398214416,35.0,0.0,0.0,1.0893919544283495,0.0,/media/mengh/SharedData/zhanh/auto_structbeat/caches/pilot/mscnn_final_last_gtzan/gtzan__gtzan_country_00016__track.npy.npz
mscnn_gtzan,direct,gtzan/gtzan_country_00017/track.npy,gtzan,0.8904109589041096,0.806215690818542,0.806215690818542,0.806215690818542,0.1232876712328767,0.5342465753424658,0.1232876712328767,0.5342465753424658,1.0,0.9691342573725898,0.9691342573725898,0.9691342573725898,1.0,1.0,1.0,1.0,82.0,0.1111111111111111,0.1111111111111111,1.389325592210732,22.0,0.0,0.0,0.015339553710411832,0.0,/media/mengh/SharedData/zhanh/auto_structbeat/caches/pilot/mscnn_final_last_gtzan/gtzan__gtzan_country_00017__track.npy.npz
mscnn_gtzan,direct,gtzan/gtzan_country_00018/track.npy,gtzan,0.835820895522388,0.7639620029260052,0.7639620029260052,0.7639620029260052,0.25,0.4444444444444444,0.25,0.4444444444444444,0.9444444444444444,0.9031409601641316,0.9031409601641316,0.9031409601641316,0.8421052631578947,0.8421052631578947,0.8421052631578947,0.8421052631578947,69.0,0.07352941176470588,0.07352941176470588,1.2258793208884602,20.0,0.0,0.0,0.12825944366143927,0.0,/media/mengh/SharedData/zhanh/auto_structbeat/caches/pilot/mscnn_final_last_gtzan/gtzan__gtzan_country_00018__track.npy.npz
mscnn_gtzan,direct,gtzan/gtzan_country_00019/track.npy,gtzan,0.9859154929577464,0.9235565064184429,0.9235565064184429,0.9235565064184429,0.6388888888888888,0.9444444444444444,0.6388888888888888,0.9444444444444444,0.782608695652174,0.7565624852428787,0.8758580546943372,0.816210269968608,0.14285714285714285,0.21428571428571427,0.4117647058823529,0.6470588235294118,42.0,0.0,0.0,0.11519018644720426,15.0,0.0,0.0,0.7214790557175861,0.0,/media/mengh/SharedData/zhanh/auto_structbeat/caches/pilot/mscnn_final_last_gtzan/gtzan__gtzan_country_00019__track.npy.npz
mscnn_gtzan,direct,gtzan/gtzan_country_00020/track.npy,gtzan,1.0,0.9289708062631316,0.9289708062631316,0.9289708062631316,1.0,1.0,1.0,1.0,1.0,0.9449247739796957,0.9449247739796957,0.9449247739796957,1.0,1.0,1.0,1.0,53.0,0.0,0.0,0.06899287148695399,14.0,0.0,0.0,0.33390638832864394,0.0,/media/mengh/SharedData/zhanh/auto_structbeat/caches/pilot/mscnn_final_last_gtzan/gtzan__gtzan_country_00020__track.npy.npz
mscnn_gtzan,direct,gtzan/gtzan_country_00021/track.npy,gtzan,0.8941176470588236,0.7839008028262175,0.7839008028262175,0.7839008028262175,0.6818181818181818,0.8181818181818182,0.6818181818181818,0.8181818181818182,0.846153846153846,0.7255511577110756,0.7255511577110756,0.7255511577110756,0.3333333333333333,0.5333333333333333,0.3333333333333333,0.5333333333333333,50.0,0.0,0.0,0.09599017717099413,17.0,0.0,0.0,0.7049868070243459,0.0,/media/mengh/SharedData/zhanh/auto_structbeat/caches/pilot/mscnn_final_last_gtzan/gtzan__gtzan_country_00021__track.npy.npz
mscnn_gtzan,direct,gtzan/gtzan_country_00022/track.npy,gtzan,0.7692307692307693,0.6364330770388272,0.6364330770388272,0.6364330770388272,0.15384615384615385,0.358974358974359,0.15384615384615385,0.358974358974359,0.7777777777777778,0.5741011527337592,0.7400181899161639,0.6570596713249615,0.09090909090909091,0.18181818181818182,0.3076923076923077,0.6923076923076923,45.0,0.0,0.0,0.720841673360023,13.0,0.0,0.0,0.7239730956425737,0.0,/media/mengh/SharedData/zhanh/auto_structbeat/caches/pilot/mscnn_final_last_gtzan/gtzan__gtzan_country_00022__track.npy.npz
mscnn_gtzan,direct,gtzan/gtzan_country_00023/track.npy,gtzan,1.0,0.8205890803843489,0.8205890803843489,0.8205890803843489,1.0,1.0,1.0,1.0,1.0,0.7426607261840226,0.7426607261840226,0.7426607261840226,1.0,1.0,1.0,1.0,41.0,0.0,0.0,0.05556985115481089,12.0,0.0,0.0,1.2726808680900625,0.0,/media/mengh/SharedData/zhanh/auto_structbeat/caches/pilot/mscnn_final_last_gtzan/gtzan__gtzan_country_00023__track.npy.npz
mscnn_gtzan,direct,gtzan/gtzan_country_00024/track.npy,gtzan,0.7727272727272727,0.7232636725916153,0.7965040601236739,0.7598838663576446,0.22641509433962265,0.2830188679245283,0.34285714285714286,0.5428571428571428,0.896551724137931,0.8254077962578942,0.8254077962578942,0.8254077962578942,0.6875,0.6875,0.6875,0.6875,40.0,0.0,0.0,0.7146533857809084,18.0,0.0,0.0,0.208603358120847,0.0,/media/mengh/SharedData/zhanh/auto_structbeat/caches/pilot/mscnn_final_last_gtzan/gtzan__gtzan_country_00024__track.npy.npz
mscnn_gtzan,direct,gtzan/gtzan_country_00025/track.npy,gtzan,0.9333333333333333,0.8490695830003432,0.8490695830003432,0.8490695830003432,0.8333333333333334,0.9666666666666667,0.8333333333333334,0.9666666666666667,0.9411764705882353,0.8402215433103742,0.8402215433103742,0.8402215433103742,0.8888888888888888,0.8888888888888888,0.8888888888888888,0.8888888888888888,36.0,0.0,0.0,0.0476280489892552,11.0,0.0,0.0,1.2659640234782952,0.0,/media/mengh/SharedData/zhanh/auto_structbeat/caches/pilot/mscnn_final_last_gtzan/gtzan__gtzan_country_00025__track.npy.npz
mscnn_gtzan,direct,gtzan/gtzan_country_00026/track.npy,gtzan,0.9411764705882353,0.8092710390299439,0.8092710390299439,0.8092710390299439,0.5777777777777777,0.7777777777777778,0.5777777777777777,0.7777777777777778,1.0,0.854901642049762,0.854901642049762,0.854901642049762,1.0,1.0,1.0,1.0,49.0,0.0,0.0,0.5242790893574338,15.0,0.0,0.0,0.3113766141242599,0.0,/media/mengh/SharedData/zhanh/auto_structbeat/caches/pilot/mscnn_final_last_gtzan/gtzan__gtzan_country_00026__track.npy.npz
mscnn_gtzan,direct,gtzan/gtzan_country_00027/track.npy,gtzan,1.0,0.890799223344705,0.890799223344705,0.890799223344705,1.0,1.0,1.0,1.0,0.5714285714285713,0.48830316287711106,0.5728294680840152,0.5305663154805631,0.5454545454545454,0.5454545454545454,0.5454545454545454,0.5454545454545454,47.0,0.0,0.0,0.06252035698133204,13.0,0.0,0.0,0.6892861575129903,0.0,/media/mengh/SharedData/zhanh/auto_structbeat/caches/pilot/mscnn_final_last_gtzan/gtzan__gtzan_country_00027__track.npy.npz
mscnn_gtzan,direct,gtzan/gtzan_country_00028/track.npy,gtzan,0.9444444444444444,0.8847795059446757,0.8847795059446757,0.8847795059446757,0.3157894736842105,0.7894736842105263,0.3157894736842105,0.7894736842105263,1.0,0.9345677693546435,0.9345677693546435,0.9345677693546435,1.0,1.0,1.0,1.0,41.0,0.0,0.0,0.679813603353319,11.0,0.0,0.0,0.02264247674975972,0.0,/media/mengh/SharedData/zhanh/auto_structbeat/caches/pilot/mscnn_final_last_gtzan/gtzan__gtzan_country_00028__track.npy.npz
mscnn_gtzan,direct,gtzan/gtzan_country_00029/track.npy,gtzan,0.8205128205128205,0.6163576005764378,0.6163576005764378,0.6163576005764378,0.65,0.875,0.65,0.875,0.6666666666666667,0.5184699979888688,0.6503182161938984,0.5843941070913836,0.11764705882352941,0.11764705882352941,0.631578947368421,0.7894736842105263,50.0,0.0,0.0,0.6632942174102644,21.0,0.0,0.0,0.6931471805599447,0.0,/media/mengh/SharedData/zhanh/auto_structbeat/caches/pilot/mscnn_final_last_gtzan/gtzan__gtzan_country_00029__track.npy.npz
mscnn_gtzan,direct,gtzan/gtzan_country_00030/track.npy,gtzan,1.0,0.8983117118708746,0.8983117118708746,0.8983117118708746,1.0,1.0,1.0,1.0,0.761904761904762,0.6964544851084357,0.7722220852596008,0.7343382851840182,0.25,0.3333333333333333,0.25,0.47058823529411764,39.0,0.0,0.0,0.05292843104239345,14.0,0.0,0.0,0.7256978643474159,0.0,/media/mengh/SharedData/zhanh/auto_structbeat/caches/pilot/mscnn_final_last_gtzan/gtzan__gtzan_country_00030__track.npy.npz
mscnn_gtzan,direct,gtzan/gtzan_country_00031/track.npy,gtzan,0.9176470588235294,0.868189651458623,0.868189651458623,0.868189651458623,0.6304347826086957,0.6956521739130435,0.6304347826086957,0.6956521739130435,1.0,0.9380616498985096,0.9380616498985096,0.9380616498985096,1.0,1.0,1.0,1.0,48.0,0.0,0.0,0.07410797215372314,13.0,0.0,0.0,0.00930239266231253,0.0,/media/mengh/SharedData/zhanh/auto_structbeat/caches/pilot/mscnn_final_last_gtzan/gtzan__gtzan_country_00031__track.npy.npz
mscnn_gtzan,direct,gtzan/gtzan_country_00032/track.npy,gtzan,1.0,0.9008631413742526,0.9008631413742526,0.9008631413742526,1.0,1.0,1.0,1.0,0.9333333333333333,0.8481525758858511,0.8481525758858511,0.8481525758858511,0.625,0.75,0.625,0.75,49.0,0.0,0.0,0.0645385211375688,19.0,0.0,0.0,1.0878013725638924,0.0,/media/mengh/SharedData/zhanh/auto_structbeat/caches/pilot/mscnn_final_last_gtzan/gtzan__gtzan_country_00032__track.npy.npz
mscnn_gtzan,direct,gtzan/gtzan_country_00033/track.npy,gtzan,1.0,0.963833558634153,0.963833558634153,0.963833558634153,1.0,1.0,1.0,1.0,0.8,0.755727258355773,0.8285516603391438,0.7921394593474584,0.2,0.26666666666666666,0.3684210526315789,0.5789473684210527,46.0,0.0,0.0,0.05614667734398431,19.0,0.0,0.0,0.7023309731825582,0.0,/media/mengh/SharedData/zhanh/auto_structbeat/caches/pilot/mscnn_final_last_gtzan/gtzan__gtzan_country_00033__track.npy.npz
mscnn_gtzan,direct,gtzan/gtzan_country_00034/track.npy,gtzan,0.44067796610169496,0.24570924881418552,0.3616410997437268,0.3036751742789562,0.0,0.0,0.1746031746031746,0.7142857142857143,0.43478260869565216,0.2345952558148159,0.3372306802337979,0.2859129680243069,0.0,0.0,0.3888888888888889,0.7777777777777778,76.0,0.09333333333333334,0.09333333333333334,1.4816045409242025,23.0,0.22727272727272727,0.22727272727272727,2.8564702062204868,0.0,/media/mengh/SharedData/zhanh/auto_structbeat/caches/pilot/mscnn_final_last_gtzan/gtzan__gtzan_country_00034__track.npy.npz
mscnn_gtzan,direct,gtzan/gtzan_country_00035/track.npy,gtzan,0.8023952095808383,0.3146726949060461,0.3146726949060461,0.3146726949060461,0.047619047619047616,0.14285714285714285,0.047619047619047616,0.14285714285714285,0.8571428571428571,0.30495567049298644,0.30495567049298644,0.30495567049298644,1.0,1.0,1.0,1.0,99.0,0.0,0.0,0.13353139262452252,25.0,0.0,0.0,0.016529301951212987,0.0,/media/mengh/SharedData/zhanh/auto_structbeat/caches/pilot/mscnn_final_last_gtzan/gtzan__gtzan_country_00035__track.npy.npz
mscnn_gtzan,direct,gtzan/gtzan_country_00036/track.npy,gtzan,0.9318181818181819,0.8111122190672663,0.8111122190672663,0.8111122190672663,0.2978723404255319,0.7446808510638298,0.2978723404255319,0.7446808510638298,0.8571428571428571,0.7827825570614647,0.7827825570614647,0.7827825570614647,0.375,0.4375,0.375,0.4375,51.0,0.0,0.0,0.6567795363890696,19.0,0.0,0.0,1.3864005125866108,0.0,/media/mengh/SharedData/zhanh/auto_structbeat/caches/pilot/mscnn_final_last_gtzan/gtzan__gtzan_country_00036__track.npy.npz
mscnn_gtzan,direct,gtzan/gtzan_country_00037/track.npy,gtzan,1.0,0.8678324882290643,0.8678324882290643,0.8678324882290643,1.0,1.0,1.0,1.0,0.9655172413793104,0.8367584288072565,0.8367584288072565,0.8367584288072565,0.9333333333333333,0.9333333333333333,0.9333333333333333,0.9333333333333333,49.0,0.0,0.0,0.06453852113757264,17.0,0.0,0.0,0.3621253264745354,0.0,/media/mengh/SharedData/zhanh/auto_structbeat/caches/pilot/mscnn_final_last_gtzan/gtzan__gtzan_country_00037__track.npy.npz
mscnn_gtzan,direct,gtzan/gtzan_country_00038/track.npy,gtzan,0.9922480620155039,0.9395293673120042,0.9395293673120042,0.9395293673120042,0.9846153846153847,0.9846153846153847,0.9846153846153847,0.9846153846153847,0.9696969696969697,0.916158854514105,0.916158854514105,0.916158854514105,0.8823529411764706,0.8823529411764706,0.8823529411764706,0.8823529411764706,78.0,0.0,0.0,0.051293294387558364,22.0,0.0,0.0,0.6828246715748674,0.0,/media/mengh/SharedData/zhanh/auto_structbeat/caches/pilot/mscnn_final_last_gtzan/gtzan__gtzan_country_00038__track.npy.npz
mscnn_gtzan,direct,gtzan/gtzan_country_00039/track.npy,gtzan,0.7368421052631579,0.6274770341400016,0.6274770341400016,0.6274770341400016,0.35064935064935066,0.38961038961038963,0.35064935064935066,0.38961038961038963,0.6,0.5353363181995595,0.5353363181995595,0.5353363181995595,0.6666666666666666,0.6666666666666666,0.6666666666666666,0.6666666666666666,71.0,0.0,0.0,0.6003409681661226,26.0,0.0,0.0,0.690857059740327,0.0,/media/mengh/SharedData/zhanh/auto_structbeat/caches/pilot/mscnn_final_last_gtzan/gtzan__gtzan_country_00039__track.npy.npz
mscnn_gtzan,direct,gtzan/gtzan_country_00040/track.npy,gtzan,0.9915966386554621,0.8186640778054377,0.8186640778054377,0.8186640778054377,0.7166666666666667,0.9666666666666667,0.7166666666666667,0.9666666666666667,0.6666666666666666,0.6148935248496893,0.6148935248496893,0.6148935248496893,0.375,0.5,0.375,0.5,71.0,0.014285714285714285,0.014285714285714285,0.2336148511815086,20.0,0.0,0.0,0.6931471805599452,0.0,/media/mengh/SharedData/zhanh/auto_structbeat/caches/pilot/mscnn_final_last_gtzan/gtzan__gtzan_country_00040__track.npy.npz
mscnn_gtzan,direct,gtzan/gtzan_country_00041/track.npy,gtzan,0.9818181818181818,0.9119400937596626,0.9119400937596626,0.9119400937596626,0.9818181818181818,0.9818181818181818,0.9818181818181818,0.9818181818181818,0.5806451612903226,0.536364860917586,0.7294680066888662,0.632916433803226,0.23529411764705882,0.35294117647058826,0.23529411764705882,0.35294117647058826,66.0,0.0,0.0,0.044451762570840825,19.0,0.0,0.0,0.6931471805599453,0.0,/media/mengh/SharedData/zhanh/auto_structbeat/caches/pilot/mscnn_final_last_gtzan/gtzan__gtzan_country_00041__track.npy.npz
mscnn_gtzan,direct,gtzan/gtzan_country_00042/track.npy,gtzan,0.900523560209424,0.6745891492977177,0.6745891492977177,0.6745891492977177,0.09523809523809523,0.45714285714285713,0.09523809523809523,0.45714285714285713,0.9,0.6390218365799265,0.6390218365799265,0.6390218365799265,0.3333333333333333,0.7142857142857143,0.3333333333333333,0.7142857142857143,127.0,0.19047619047619047,0.2777777777777778,1.2527629684953463,25.0,0.08333333333333333,0.08333333333333333,2.447495966131185,0.0,/media/mengh/SharedData/zhanh/auto_structbeat/caches/pilot/mscnn_final_last_gtzan/gtzan__gtzan_country_00042__track.npy.npz
mscnn_gtzan,direct,gtzan/gtzan_country_00043/track.npy,gtzan,1.0,0.9399919363724649,0.9399919363724649,0.9399919363724649,1.0,1.0,1.0,1.0,0.9032258064516129,0.8388970546562374,0.8388970546562374,0.8388970546562374,0.35294117647058826,0.7058823529411765,0.35294117647058826,0.7058823529411765,69.0,0.0,0.0,0.04652001563490016,22.0,0.0,0.0,0.6937252216800001,0.0,/media/mengh/SharedData/zhanh/auto_structbeat/caches/pilot/mscnn_final_last_gtzan/gtzan__gtzan_country_00043__track.npy.npz
mscnn_gtzan,direct,gtzan/gtzan_country_00044/track.npy,gtzan,0.9846153846153847,0.923420428948221,0.923420428948221,0.923420428948221,0.9696969696969697,0.9696969696969697,0.9696969696969697,0.9696969696969697,0.7777777777777777,0.7389283832319165,0.7389283832319165,0.7389283832319165,0.5,0.5,0.5,0.5,39.0,0.0,0.0,0.052643733485421784,13.0,0.0,0.0,0.6997045811061052,0.0,/media/mengh/SharedData/zhanh/auto_structbeat/caches/pilot/mscnn_final_last_gtzan/gtzan__gtzan_country_00044__track.npy.npz
mscnn_gtzan,direct,gtzan/gtzan_country_00045/track.npy,gtzan,0.9142857142857143,0.8946004948234532,0.8946004948234532,0.8946004948234532,0.2972972972972973,0.8648648648648649,0.2972972972972973,0.8648648648648649,0.6666666666666667,0.6593367977279022,0.7326538971945625,0.6959953474612324,0.2,0.26666666666666666,0.35294117647058826,0.47058823529411764,44.0,0.09302325581395349,0.09302325581395349,2.251291798606492,16.0,0.2,0.2,3.629204148589404,0.0,/media/mengh/SharedData/zhanh/auto_structbeat/caches/pilot/mscnn_final_last_gtzan/gtzan__gtzan_country_00045__track.npy.npz
mscnn_gtzan,direct,gtzan/gtzan_country_00046/track.npy,gtzan,0.9923664122137404,0.9592619604671498,0.9592619604671498,0.9592619604671498,0.9848484848484849,0.9848484848484849,0.9848484848484849,0.9848484848484849,0.65,0.6172929666823921,0.7839809360711728,0.7006369513767825,0.17391304347826086,0.30434782608695654,0.17391304347826086,0.36363636363636365,77.0,0.0,0.0,0.105360515657833,28.0,0.0,0.0,0.9654431026209465,0.0,/media/mengh/SharedData/zhanh/auto_structbeat/caches/pilot/mscnn_final_last_gtzan/gtzan__gtzan_country_00046__track.npy.npz
mscnn_gtzan,direct,gtzan/gtzan_country_00047/track.npy,gtzan,0.9666666666666666,0.9014028096452205,0.9014028096452205,0.9014028096452205,0.4838709677419355,0.8548387096774194,0.4838709677419355,0.8548387096774194,1.0,0.9527371166344256,0.9527371166344256,0.9527371166344256,1.0,1.0,1.0,1.0,70.0,0.0,0.0,0.6760706231006407,18.0,0.0,0.0,0.015607239802739314,0.0,/media/mengh/SharedData/zhanh/auto_structbeat/caches/pilot/mscnn_final_last_gtzan/gtzan__gtzan_country_00047__track.npy.npz
mscnn_gtzan,direct,gtzan/gtzan_country_00048/track.npy,gtzan,0.9591836734693877,0.6891955419859155,0.6891955419859155,0.6891955419859155,0.7755102040816326,0.9591836734693877,0.7755102040816326,0.9591836734693877,1.0,0.737820781931778,0.737820781931778,0.737820781931778,1.0,1.0,1.0,1.0,59.0,0.0,0.0,0.08004270767353472,15.0,0.0,0.0,0.02749450675227953,0.0,/media/mengh/SharedData/zhanh/auto_structbeat/caches/pilot/mscnn_final_last_gtzan/gtzan__gtzan_country_00048__track.npy.npz
mscnn_gtzan,direct,gtzan/gtzan_country_00049/track.npy,gtzan,0.838095238095238,0.7904417490922687,0.7904417490922687,0.7904417490922687,0.21052631578947367,0.8245614035087719,0.21052631578947367,0.8245614035087719,0.5294117647058824,0.5200824012168292,0.613206088527752,0.5666442448722906,0.2727272727272727,0.2727272727272727,0.30434782608695654,0.4782608695652174,69.0,0.17647058823529413,0.17647058823529413,1.8718021769016118,25.0,0.16666666666666666,0.16666666666666666,2.541530738143046,0.0,/media/mengh/SharedData/zhanh/auto_structbeat/caches/pilot/mscnn_final_last_gtzan/gtzan__gtzan_country_00049__track.npy.npz
mscnn_gtzan,direct,gtzan/gtzan_country_00050/track.npy,gtzan,0.99009900990099,0.9710556515775853,0.9710556515775853,0.9710556515775853,0.5490196078431373,0.9803921568627451,0.5490196078431373,0.9803921568627451,1.0,0.9776683776545304,0.9776683776545304,0.9776683776545304,1.0,1.0,1.0,1.0,61.0,0.016666666666666666,0.016666666666666666,0.05809720509803483,15.0,0.0,0.0,0.013832428784279292,0.0,/media/mengh/SharedData/zhanh/auto_structbeat/caches/pilot/mscnn_final_last_gtzan/gtzan__gtzan_country_00050__track.npy.npz
mscnn_gtzan,direct,gtzan/gtzan_country_00051/track.npy,gtzan,1.0,0.958048902418087,0.958048902418087,0.958048902418087,1.0,1.0,1.0,1.0,0.8750000000000001,0.8482220198556969,0.8482220198556969,0.8482220198556969,0.5555555555555556,0.5555555555555556,0.5555555555555556,0.5555555555555556,33.0,0.0,0.0,0.06744128079553238,11.0,0.0,0.0,0.4448703400221358,0.0,/media/mengh/SharedData/zhanh/auto_structbeat/caches/pilot/mscnn_final_last_gtzan/gtzan__gtzan_country_00051__track.npy.npz
mscnn_gtzan,direct,gtzan/gtzan_country_00052/track.npy,gtzan,0.9836065573770492,0.7190028739687112,0.7190028739687112,0.7190028739687112,0.4838709677419355,0.9354838709677419,0.4838709677419355,0.9354838709677419,1.0,0.9091610617802722,0.9091610617802722,0.9091610617802722,1.0,1.0,1.0,1.0,37.0,0.0,0.0,0.37836171943125796,12.0,0.0,0.0,0.023905520853553908,0.0,/media/mengh/SharedData/zhanh/auto_structbeat/caches/pilot/mscnn_final_last_gtzan/gtzan__gtzan_country_00052__track.npy.npz
mscnn_gtzan,direct,gtzan/gtzan_country_00053/track.npy,gtzan,1.0,0.9782244148667223,0.9782244148667223,0.9782244148667223,1.0,1.0,1.0,1.0,1.0,0.9820788840624691,0.9820788840624691,0.9820788840624691,1.0,1.0,1.0,1.0,90.0,0.0,0.0,0.060624621816438795,22.0,0.0,0.0,0.015037877364540592,0.0,/media/mengh/SharedData/zhanh/auto_structbeat/caches/pilot/mscnn_final_last_gtzan/gtzan__gtzan_country_00053__track.npy.npz
mscnn_gtzan,direct,gtzan/gtzan_country_00054/track.npy,gtzan,1.0,0.964332030351154,0.964332030351154,0.964332030351154,1.0,1.0,1.0,1.0,0.7272727272727273,0.6827558324779399,0.8609481454731209,0.7718519889755304,0.14285714285714285,0.14285714285714285,0.7333333333333333,0.7333333333333333,38.0,0.0,0.0,0.0323049383993326,16.0,0.0,0.0,0.6868775675463492,0.0,/media/mengh/SharedData/zhanh/auto_structbeat/caches/pilot/mscnn_final_last_gtzan/gtzan__gtzan_country_00054__track.npy.npz
mscnn_gtzan,direct,gtzan/gtzan_country_00055/track.npy,gtzan,1.0,0.9777611728611324,0.9777611728611324,0.9777611728611324,1.0,1.0,1.0,1.0,0.9032258064516129,0.8850571607411114,0.8850571607411114,0.8850571607411114,0.47058823529411764,0.6470588235294118,0.47058823529411764,0.6470588235294118,66.0,0.0,0.0,0.044451762570840825,20.0,0.0,0.0,0.6711682738411675,0.0,/media/mengh/SharedData/zhanh/auto_structbeat/caches/pilot/mscnn_final_last_gtzan/gtzan__gtzan_country_00055__track.npy.npz
mscnn_gtzan,direct,gtzan/gtzan_country_00056/track.npy,gtzan,0.9577464788732395,0.8370310179763779,0.8370310179763779,0.8370310179763779,0.8648648648648649,0.8648648648648649,0.8648648648648649,0.8648648648648649,0.9600000000000001,0.8324623892012168,0.8324623892012168,0.8324623892012168,0.9230769230769231,0.9230769230769231,0.9230769230769231,0.9230769230769231,43.0,0.0,0.0,0.6931471805599527,15.0,0.0,0.0,0.9134559212666818,0.0,/media/mengh/SharedData/zhanh/auto_structbeat/caches/pilot/mscnn_final_last_gtzan/gtzan__gtzan_country_00056__track.npy.npz
mscnn_gtzan,direct,gtzan/gtzan_country_00057/track.npy,gtzan,1.0,0.9110106251580495,0.9110106251580495,0.9110106251580495,1.0,1.0,1.0,1.0,0.5555555555555556,0.49497242277186093,0.7459952654078759,0.6204838440898683,0.09090909090909091,0.09090909090909091,0.5384615384615384,0.5384615384615384,34.0,0.0,0.0,0.044906537748498516,14.0,0.0,0.0,0.7039558312162517,0.0,/media/mengh/SharedData/zhanh/auto_structbeat/caches/pilot/mscnn_final_last_gtzan/gtzan__gtzan_country_00057__track.npy.npz
mscnn_gtzan,direct,gtzan/gtzan_country_00058/track.npy,gtzan,0.9894736842105264,0.9144191129244756,0.9144191129244756,0.9144191129244756,0.9791666666666666,0.9791666666666666,0.9791666666666666,0.9791666666666666,0.7857142857142857,0.7545573692360635,0.7545573692360635,0.7545573692360635,0.4375,0.4375,0.4375,0.4375,57.0,0.0,0.0,0.03774032798285287,18.0,0.0,0.0,0.6931471805599447,0.0,/media/mengh/SharedData/zhanh/auto_structbeat/caches/pilot/mscnn_final_last_gtzan/gtzan__gtzan_country_00058__track.npy.npz
mscnn_gtzan,direct,gtzan/gtzan_country_00059/track.npy,gtzan,1.0,0.977264700400975,0.977264700400975,0.977264700400975,1.0,1.0,1.0,1.0,1.0,0.9960402567347403,0.9960402567347403,0.9960402567347403,1.0,1.0,1.0,1.0,34.0,0.0,0.0,0.022989518224699735,8.0,0.0,0.0,0.005698021114638185,0.0,/media/mengh/SharedData/zhanh/auto_structbeat/caches/pilot/mscnn_final_last_gtzan/gtzan__gtzan_country_00059__track.npy.npz
mscnn_gtzan,direct,gtzan/gtzan_country_00060/track.npy,gtzan,0.9354838709677419,0.8921310023172799,0.8921310023172799,0.8921310023172799,0.696969696969697,0.7878787878787878,0.696969696969697,0.7878787878787878,1.0,0.953117245579756,0.953117245579756,0.953117245579756,1.0,1.0,1.0,1.0,41.0,0.0,0.0,0.7630285936157101,12.0,0.0,0.0,0.020075482695909943,0.0,/media/mengh/SharedData/zhanh/auto_structbeat/caches/pilot/mscnn_final_last_gtzan/gtzan__gtzan_country_00060__track.npy.npz
mscnn_gtzan,direct,gtzan/gtzan_country_00061/track.npy,gtzan,0.8387096774193548,0.784401594545442,0.784401594545442,0.784401594545442,0.25,0.4166666666666667,0.27450980392156865,0.4166666666666667,0.7368421052631579,0.6713929084698295,0.8845321580052804,0.7779625332375549,0.08333333333333333,0.08333333333333333,0.6153846153846154,0.8461538461538461,46.0,0.022222222222222223,0.022222222222222223,0.8271456525075425,15.0,0.0,0.0,0.6972081291455529,0.0,/media/mengh/SharedData/zhanh/auto_structbeat/caches/pilot/mscnn_final_last_gtzan/gtzan__gtzan_country_00061__track.npy.npz
mscnn_gtzan,direct,gtzan/gtzan_country_00062/track.npy,gtzan,1.0,0.9714364347716373,0.9714364347716373,0.9714364347716373,1.0,1.0,1.0,1.0,0.5531914893617021,0.5465128901643101,0.8573986012515475,0.7019557457079288,0.034482758620689655,0.06896551724137931,0.2571428571428571,0.6,88.0,0.0,0.0,0.1177830356563847,36.0,0.0,0.0,0.7077459799810979,0.0,/media/mengh/SharedData/zhanh/auto_structbeat/caches/pilot/mscnn_final_last_gtzan/gtzan__gtzan_country_00062__track.npy.npz
mscnn_gtzan,direct,gtzan/gtzan_country_00063/track.npy,gtzan,0.9859154929577464,0.9629635222315361,0.9629635222315361,0.9629635222315361,0.9722222222222222,0.9722222222222222,0.9722222222222222,0.9722222222222222,0.9411764705882353,0.9322017064301297,0.9322017064301297,0.9322017064301297,0.8888888888888888,0.8888888888888888,0.8888888888888888,0.8888888888888888,42.0,0.0,0.0,0.05556985115481211,11.0,0.0,0.0,0.7001647532185922,0.0,/media/mengh/SharedData/zhanh/auto_structbeat/caches/pilot/mscnn_final_last_gtzan/gtzan__gtzan_country_00063__track.npy.npz
mscnn_gtzan,direct,gtzan/gtzan_country_00064/track.npy,gtzan,0.9818181818181818,0.9517924287872799,0.9517924287872799,0.9517924287872799,0.9642857142857143,0.9642857142857143,0.9642857142857143,0.9642857142857143,0.8750000000000001,0.8304356792951364,0.8304356792951364,0.8304356792951364,0.4444444444444444,0.5555555555555556,0.4444444444444444,0.5555555555555556,35.0,0.0,0.0,0.06717192926985761,10.0,0.0,0.0,0.6998996021184353,0.0,/media/mengh/SharedData/zhanh/auto_structbeat/caches/pilot/mscnn_final_last_gtzan/gtzan__gtzan_country_00064__track.npy.npz
mscnn_gtzan,direct,gtzan/gtzan_country_00065/track.npy,gtzan,0.7407407407407407,0.6844162293136663,0.7927952798457081,0.7386057545796871,0.16,0.26,0.45161290322580644,0.5806451612903226,0.9285714285714286,0.8409760824576761,0.8409760824576761,0.8409760824576761,0.4,0.7333333333333333,0.4,0.7333333333333333,36.0,0.0,0.0,0.7208374153238115,18.0,0.0,0.0,0.6881003883761312,0.0,/media/mengh/SharedData/zhanh/auto_structbeat/caches/pilot/mscnn_final_last_gtzan/gtzan__gtzan_country_00065__track.npy.npz
mscnn_gtzan,direct,gtzan/gtzan_country_00066/track.npy,gtzan,0.7702702702702703,0.7131085885048855,0.8320299475577402,0.7725692680313128,0.07692307692307693,0.23076923076923078,0.2982456140350877,0.5964912280701754,0.9387755102040816,0.8651007426758879,0.8651007426758879,0.8651007426758879,0.5,0.7692307692307693,0.5,0.7692307692307693,76.0,0.0,0.0,0.6567795363890778,30.0,0.0,0.0,0.9892062742037792,0.0,/media/mengh/SharedData/zhanh/auto_structbeat/caches/pilot/mscnn_final_last_gtzan/gtzan__gtzan_country_00066__track.npy.npz
mscnn_gtzan,direct,gtzan/gtzan_country_00067/track.npy,gtzan,0.9259259259259259,0.6932611725300538,0.6932611725300538,0.6932611725300538,1.0,1.0,1.0,1.0,0.6666666666666665,0.3505358203112064,0.5630356535033546,0.4567857369072805,0.09090909090909091,0.18181818181818182,0.23076923076923078,0.5384615384615384,31.0,0.0,0.0,0.06187540371808867,12.0,0.0,0.0,0.7240211598638007,0.0,/media/mengh/SharedData/zhanh/auto_structbeat/caches/pilot/mscnn_final_last_gtzan/gtzan__gtzan_country_00067__track.npy.npz
mscnn_gtzan,direct,gtzan/gtzan_country_00068/track.npy,gtzan,1.0,0.863450429838761,0.863450429838761,0.863450429838761,1.0,1.0,1.0,1.0,0.761904761904762,0.6921597676326109,0.6921597676326109,0.6921597676326109,0.4166666666666667,0.4166666666666667,0.4166666666666667,0.4166666666666667,42.0,0.0,0.0,0.05715841383994759,13.0,0.0,0.0,1.2400685314590913,0.0,/media/mengh/SharedData/zhanh/auto_structbeat/caches/pilot/mscnn_final_last_gtzan/gtzan__gtzan_country_00068__track.npy.npz
mscnn_gtzan,direct,gtzan/gtzan_country_00069/track.npy,gtzan,0.9230769230769231,0.8408574657352814,0.8408574657352814,0.8408574657352814,0.44680851063829785,0.851063829787234,0.44680851063829785,0.851063829787234,0.9375,0.8868303480644484,0.8868303480644484,0.8868303480644484,1.0,1.0,1.0,1.0,51.0,0.0,0.0,0.6744550475477964,18.0,0.0,0.0,0.6460237183543018,0.0,/media/mengh/SharedData/zhanh/auto_structbeat/caches/pilot/mscnn_final_last_gtzan/gtzan__gtzan_country_00069__track.npy.npz
mscnn_gtzan,direct,gtzan/gtzan_country_00070/track.npy,gtzan,0.6666666666666666,0.6191900210233746,0.9287850306475174,0.773987525835446,0.0,0.0,1.0,1.0,0.7894736842105263,0.7400041557328756,0.796892209822195,0.7684481827775353,0.17391304347826086,0.34782608695652173,0.4,0.4666666666666667,56.0,0.0,0.0,0.03774032798284185,20.0,0.0,0.0,0.7158239823584938,0.0,/media/mengh/SharedData/zhanh/auto_structbeat/caches/pilot/mscnn_final_last_gtzan/gtzan__gtzan_country_00070__track.npy.npz
mscnn_gtzan,direct,gtzan/gtzan_country_00071/track.npy,gtzan,1.0,0.8848408842103459,0.8848408842103459,0.8848408842103459,1.0,1.0,1.0,1.0,0.7368421052631579,0.6421672208635563,0.7201103838361722,0.6811388023498642,0.25,0.25,0.38461538461538464,0.5384615384615384,38.0,0.02702702702702703,0.02702702702702703,0.6267811394335918,16.0,0.0,0.0,0.673742754512653,0.0,/media/mengh/SharedData/zhanh/auto_structbeat/caches/pilot/mscnn_final_last_gtzan/gtzan__gtzan_country_00071__track.npy.npz
mscnn_gtzan,direct,gtzan/gtzan_country_00072/track.npy,gtzan,1.0,0.948017033177345,0.948017033177345,0.948017033177345,1.0,1.0,1.0,1.0,1.0,0.9154550193217954,0.9154550193217954,0.9154550193217954,1.0,1.0,1.0,1.0,75.0,0.0,0.0,0.05129329438755024,20.0,0.0,0.0,0.1290208551562404,0.0,/media/mengh/SharedData/zhanh/auto_structbeat/caches/pilot/mscnn_final_last_gtzan/gtzan__gtzan_country_00072__track.npy.npz
mscnn_gtzan,direct,gtzan/gtzan_country_00073/track.npy,gtzan,0.7272727272727273,0.689527347454498,0.8933893354170346,0.7914583414357663,0.031746031746031744,0.12698412698412698,0.3611111111111111,0.7777777777777778,0.9333333333333333,0.8809848842065388,0.8809848842065388,0.8809848842065388,0.4375,0.6875,0.4375,0.6875,44.0,0.0,0.0,0.7178238926430469,17.0,0.0,0.0,0.6931471805599453,0.0,/media/mengh/SharedData/zhanh/auto_structbeat/caches/pilot/mscnn_final_last_gtzan/gtzan__gtzan_country_00073__track.npy.npz
mscnn_gtzan,direct,gtzan/gtzan_country_00074/track.npy,gtzan,1.0,0.830246862960503,0.830246862960503,0.830246862960503,1.0,1.0,1.0,1.0,0.9333333333333333,0.8189063444781554,0.8189063444781554,0.8189063444781554,0.625,0.625,0.625,0.625,33.0,0.0,0.0,0.7298128171027205,11.0,0.0,0.0,1.212043297499739,0.0,/media/mengh/SharedData/zhanh/auto_structbeat/caches/pilot/mscnn_final_last_gtzan/gtzan__gtzan_country_00074__track.npy.npz
mscnn_gtzan,direct,gtzan/gtzan_country_00075/track.npy,gtzan,1.0,0.9574763828145656,0.9574763828145656,0.9574763828145656,1.0,1.0,1.0,1.0,1.0,0.9723652675418666,0.9723652675418666,0.9723652675418666,1.0,1.0,1.0,1.0,48.0,0.0,0.0,0.05508772344174845,12.0,0.0,0.0,0.020511875236931595,0.0,/media/mengh/SharedData/zhanh/auto_structbeat/caches/pilot/mscnn_final_last_gtzan/gtzan__gtzan_country_00075__track.npy.npz
mscnn_gtzan,direct,gtzan/gtzan_country_00076/track.npy,gtzan,0.888888888888889,0.7539187572392014,0.7539187572392014,0.7539187572392014,0.4,0.6,0.4,0.6,0.967741935483871,0.8257552679776442,0.8257552679776442,0.8257552679776442,0.875,0.875,0.875,0.875,54.0,0.0,0.0,0.4247780092938723,20.0,0.0,0.0,0.7744498656183716,0.0,/media/mengh/SharedData/zhanh/auto_structbeat/caches/pilot/mscnn_final_last_gtzan/gtzan__gtzan_country_00076__track.npy.npz
mscnn_gtzan,direct,gtzan/gtzan_country_00077/track.npy,gtzan,0.8811188811188811,0.7977279654389468,0.7977279654389468,0.7977279654389468,0.39473684210526316,0.5921052631578947,0.39473684210526316,0.5921052631578947,1.0,0.8997405820042917,0.8997405820042917,0.8997405820042917,1.0,1.0,1.0,1.0,82.0,0.037037037037037035,0.037037037037037035,1.1823603949493575,23.0,0.0,0.0,0.030771658666752993,0.0,/media/mengh/SharedData/zhanh/auto_structbeat/caches/pilot/mscnn_final_last_gtzan/gtzan__gtzan_country_00077__track.npy.npz
mscnn_gtzan,direct,gtzan/gtzan_country_00078/track.npy,gtzan,0.8771929824561403,0.637913224364475,0.637913224364475,0.637913224364475,0.8275862068965517,0.8275862068965517,0.8275862068965517,0.8275862068965517,0.7058823529411764,0.44675056644716765,0.5189331757170755,0.4828418710821216,0.2,0.3,0.3076923076923077,0.46153846153846156,37.0,0.027777777777777776,0.027777777777777776,1.7511901315123197,14.0,0.0,0.0,0.7110982786222323,0.0,/media/mengh/SharedData/zhanh/auto_structbeat/caches/pilot/mscnn_final_last_gtzan/gtzan__gtzan_country_00078__track.npy.npz
mscnn_gtzan,direct,gtzan/gtzan_country_00079/track.npy,gtzan,1.0,0.8899352515976564,0.8899352515976564,0.8899352515976564,1.0,1.0,1.0,1.0,1.0,0.8775270837354728,0.8775270837354728,0.8775270837354728,1.0,1.0,1.0,1.0,42.0,0.0,0.0,0.05690326350892233,16.0,0.0,0.0,0.850035097703696,0.0,/media/mengh/SharedData/zhanh/auto_structbeat/caches/pilot/mscnn_final_last_gtzan/gtzan__gtzan_country_00079__track.npy.npz
mscnn_gtzan,direct,gtzan/gtzan_country_00080/track.npy,gtzan,0.6666666666666666,0.6486747873180881,0.9730121809759759,0.810843484147032,0.0,0.0,1.0,1.0,0.742857142857143,0.7221259829423676,0.8600955910890744,0.791110787015721,0.09523809523809523,0.14285714285714285,0.5714285714285714,0.5714285714285714,49.0,0.0,0.0,0.032789822822996084,17.0,0.0,0.0,0.7143664920170891,0.0,/media/mengh/SharedData/zhanh/auto_structbeat/caches/pilot/mscnn_final_last_gtzan/gtzan__gtzan_country_00080__track.npy.npz
mscnn_gtzan,direct,gtzan/gtzan_country_00081/track.npy,gtzan,0.9673202614379085,0.9131278955215606,0.9131278955215606,0.9131278955215606,0.6410256410256411,0.9102564102564102,0.6410256410256411,0.9102564102564102,1.0,0.9651776822519044,0.9651776822519044,0.9651776822519044,1.0,1.0,1.0,1.0,93.0,0.043478260869565216,0.043478260869565216,1.098612288668133,22.0,0.0,0.0,0.029852963149680556,0.0,/media/mengh/SharedData/zhanh/auto_structbeat/caches/pilot/mscnn_final_last_gtzan/gtzan__gtzan_country_00081__track.npy.npz
mscnn_gtzan,direct,gtzan/gtzan_country_00082/track.npy,gtzan,0.7320261437908496,0.696787508193752,0.8905199979622055,0.7936537530779788,0.12371134020618557,0.15463917525773196,0.7321428571428571,0.7321428571428571,0.8085106382978724,0.7751483205063644,0.7751483205063644,0.7751483205063644,0.2916666666666667,0.5,0.2916666666666667,0.5,70.0,0.0,0.0,0.24116205681688258,29.0,0.0,0.0,1.1378330018213911,0.0,/media/mengh/SharedData/zhanh/auto_structbeat/caches/pilot/mscnn_final_last_gtzan/gtzan__gtzan_country_00082__track.npy.npz
mscnn_gtzan,direct,gtzan/gtzan_country_00083/track.npy,gtzan,0.9090909090909091,0.8746823165354755,0.8746823165354755,0.8746823165354755,0.3888888888888889,0.6944444444444444,0.3888888888888889,0.6944444444444444,0.761904761904762,0.734090142330332,0.892501171817073,0.8132956570737024,0.15384615384615385,0.23076923076923078,0.5333333333333333,0.6666666666666666,43.0,0.023809523809523808,0.023809523809523808,0.8803587226480923,15.0,0.0,0.0,0.6931471805599455,0.0,/media/mengh/SharedData/zhanh/auto_structbeat/caches/pilot/mscnn_final_last_gtzan/gtzan__gtzan_country_00083__track.npy.npz
mscnn_gtzan,direct,gtzan/gtzan_country_00084/track.npy,gtzan,0.8702290076335878,0.8279664869986967,0.8279664869986967,0.8279664869986967,0.25,0.5694444444444444,0.25,0.5694444444444444,1.0,0.941161479458724,0.941161479458724,0.941161479458724,1.0,1.0,1.0,1.0,74.0,0.0410958904109589,0.0410958904109589,1.1679800945903762,25.0,0.0,0.0,0.028987536873254015,0.0,/media/mengh/SharedData/zhanh/auto_structbeat/caches/pilot/mscnn_final_last_gtzan/gtzan__gtzan_country_00084__track.npy.npz
mscnn_gtzan,direct,gtzan/gtzan_country_00085/track.npy,gtzan,1.0,0.9661649810876689,0.9661649810876689,0.9661649810876689,1.0,1.0,1.0,1.0,0.761904761904762,0.7372423485524203,0.9081098432559498,0.822676095904185,0.15384615384615385,0.15384615384615385,0.5333333333333333,0.7333333333333333,39.0,0.0,0.0,0.04879016416943316,17.0,0.0,0.0,0.6822045830980147,0.0,/media/mengh/SharedData/zhanh/auto_structbeat/caches/pilot/mscnn_final_last_gtzan/gtzan__gtzan_country_00085__track.npy.npz
mscnn_gtzan,direct,gtzan/gtzan_country_00086/track.npy,gtzan,0.8214285714285714,0.7416733513035692,0.776179409413672,0.7589263803586206,0.20408163265306123,0.35714285714285715,0.20408163265306123,0.4142857142857143,0.8444444444444444,0.7929689066927128,0.7929689066927128,0.7929689066927128,0.32,0.44,0.32,0.44,83.0,0.0,0.012195121951219513,0.7339691750801994,25.0,0.0,0.0,1.0600460405869128,0.0,/media/mengh/SharedData/zhanh/auto_structbeat/caches/pilot/mscnn_final_last_gtzan/gtzan__gtzan_country_00086__track.npy.npz
mscnn_gtzan,direct,gtzan/gtzan_country_00087/track.npy,gtzan,1.0,0.9350801298877396,0.9350801298877396,0.9350801298877396,1.0,1.0,1.0,1.0,0.8750000000000001,0.8259698310663687,0.8259698310663687,0.8259698310663687,0.5555555555555556,0.5555555555555556,0.5555555555555556,0.5555555555555556,36.0,0.0,0.0,0.04879016416943241,11.0,0.0,0.0,0.6956295204606655,0.0,/media/mengh/SharedData/zhanh/auto_structbeat/caches/pilot/mscnn_final_last_gtzan/gtzan__gtzan_country_00087__track.npy.npz
mscnn_gtzan,direct,gtzan/gtzan_country_00088/track.npy,gtzan,1.0,0.9613289496383648,0.9613289496383648,0.9613289496383648,1.0,1.0,1.0,1.0,1.0,0.9749485416073902,0.9749485416073902,0.9749485416073902,1.0,1.0,1.0,1.0,53.0,0.0,0.0,0.05204209564911583,13.0,0.0,0.0,0.013177469666532937,0.0,/media/mengh/SharedData/zhanh/auto_structbeat/caches/pilot/mscnn_final_last_gtzan/gtzan__gtzan_country_00088__track.npy.npz
mscnn_gtzan,direct,gtzan/gtzan_country_00089/track.npy,gtzan,0.9836065573770492,0.9119676369413446,0.9119676369413446,0.9119676369413446,0.967741935483871,0.967741935483871,0.967741935483871,0.967741935483871,0.888888888888889,0.8696525095475744,0.8696525095475744,0.8696525095475744,0.6,0.6,0.6,0.6,38.0,0.0,0.0,0.030717000485135947,13.0,0.0,0.0,0.6840283867850546,0.0,/media/mengh/SharedData/zhanh/auto_structbeat/caches/pilot/mscnn_final_last_gtzan/gtzan__gtzan_country_00089__track.npy.npz
mscnn_gtzan,direct,gtzan/gtzan_country_00090/track.npy,gtzan,0.9821428571428572,0.9646990163681641,0.9646990163681641,0.9646990163681641,0.5263157894736842,0.9298245614035088,0.5263157894736842,0.9298245614035088,0.8823529411764706,0.868857376488339,0.868857376488339,0.868857376488339,0.2631578947368421,0.5789473684210527,0.2631578947368421,0.5789473684210527,66.0,0.0,0.0,0.5650368720216017,21.0,0.0,0.0,0.7156200364119999,0.0,/media/mengh/SharedData/zhanh/auto_structbeat/caches/pilot/mscnn_final_last_gtzan/gtzan__gtzan_country_00090__track.npy.npz
mscnn_gtzan,direct,gtzan/gtzan_country_00091/track.npy,gtzan,0.5,0.4753434892442997,0.4753434892442997,0.4753434892442997,0.0,0.0,0.0,0.0,0.4,0.36800703182984945,0.5481949010356955,0.4581009664327724,0.0,0.0,0.0,0.0,58.0,0.0,0.0,0.07696104113613,21.0,0.0,0.0,0.8068806997086047,0.0,/media/mengh/SharedData/zhanh/auto_structbeat/caches/pilot/mscnn_final_last_gtzan/gtzan__gtzan_country_00091__track.npy.npz
mscnn_gtzan,direct,gtzan/gtzan_country_00092/track.npy,gtzan,0.32335329341317365,0.24343765357831956,0.7222624015908307,0.4828500275845751,0.020202020202020204,0.04040404040404041,0.18181818181818182,0.36363636363636365,0.19607843137254904,0.1436366779587594,0.1436366779587594,0.1436366779587594,0.058823529411764705,0.17647058823529413,0.058823529411764705,0.17647058823529413,113.0,0.125,0.375,0.7602021450318475,39.0,0.07894736842105263,0.13157894736842105,2.0726202850097075,0.0,/media/mengh/SharedData/zhanh/auto_structbeat/caches/pilot/mscnn_final_last_gtzan/gtzan__gtzan_country_00092__track.npy.npz
mscnn_gtzan,direct,gtzan/gtzan_country_00093/track.npy,gtzan,0.9565217391304348,0.8129448159865442,0.8129448159865442,0.8129448159865442,0.6571428571428571,0.9428571428571428,0.6571428571428571,0.9428571428571428,0.7857142857142857,0.6181129744904024,0.6181129744904024,0.6181129744904024,0.25,0.5,0.25,0.5,42.0,0.0,0.0,0.11800783327475903,19.0,0.0,0.0,1.142186163120902,0.0,/media/mengh/SharedData/zhanh/auto_structbeat/caches/pilot/mscnn_final_last_gtzan/gtzan__gtzan_country_00093__track.npy.npz
mscnn_gtzan,direct,gtzan/gtzan_country_00094/track.npy,gtzan,0.9896907216494846,0.9635877918519811,0.9635877918519811,0.9635877918519811,0.4897959183673469,0.9795918367346939,0.4897959183673469,0.9795918367346939,1.0,0.9825846934522776,0.9825846934522776,0.9825846934522776,1.0,1.0,1.0,1.0,58.0,0.017543859649122806,0.017543859649122806,0.10891938401360171,14.0,0.0,0.0,0.009478743954544556,0.0,/media/mengh/SharedData/zhanh/auto_structbeat/caches/pilot/mscnn_final_last_gtzan/gtzan__gtzan_country_00094__track.npy.npz
mscnn_gtzan,direct,gtzan/gtzan_country_00095/track.npy,gtzan,1.0,0.962341601665002,0.962341601665002,0.962341601665002,1.0,1.0,1.0,1.0,0.9473684210526316,0.9059971402721047,0.9059971402721047,0.9059971402721047,0.5,0.8,0.5,0.8,45.0,0.0,0.0,0.06062462181643358,13.0,0.0,0.0,0.7081850579244855,0.0,/media/mengh/SharedData/zhanh/auto_structbeat/caches/pilot/mscnn_final_last_gtzan/gtzan__gtzan_country_00095__track.npy.npz
mscnn_gtzan,direct,gtzan/gtzan_country_00096/track.npy,gtzan,0.9795918367346939,0.9555698899605488,0.9555698899605488,0.9555698899605488,0.54,0.96,0.54,0.96,0.923076923076923,0.904338574416128,0.904338574416128,0.904338574416128,0.7142857142857143,0.8571428571428571,0.7142857142857143,0.8571428571428571,60.0,0.03389830508474576,0.03389830508474576,1.7047480922383969,16.0,0.06666666666666667,0.06666666666666667,3.2326030744718257,0.0,/media/mengh/SharedData/zhanh/auto_structbeat/caches/pilot/mscnn_final_last_gtzan/gtzan__gtzan_country_00096__track.npy.npz
mscnn_gtzan,direct,gtzan/gtzan_country_00097/track.npy,gtzan,0.5079365079365079,0.4909347224569686,0.4909347224569686,0.4909347224569686,0.0,0.0,0.0,0.0,0.4,0.3850115201577858,0.5862433778923453,0.4856274490250655,0.0,0.0,0.0,0.0,57.0,0.0,0.0,0.07696104113612892,19.0,0.0,0.0,0.025317807984290452,0.0,/media/mengh/SharedData/zhanh/auto_structbeat/caches/pilot/mscnn_final_last_gtzan/gtzan__gtzan_country_00097__track.npy.npz
mscnn_gtzan,direct,gtzan/gtzan_country_00098/track.npy,gtzan,0.9795918367346939,0.9491601871570022,0.9491601871570022,0.9491601871570022,0.64,0.92,0.64,0.92,1.0,0.9869845932002103,0.9869845932002103,0.9869845932002103,1.0,1.0,1.0,1.0,56.0,0.0,0.0,0.6539264674066638,15.0,0.0,0.0,0.013891249430372773,0.0,/media/mengh/SharedData/zhanh/auto_structbeat/caches/pilot/mscnn_final_last_gtzan/gtzan__gtzan_country_00098__track.npy.npz
mscnn_gtzan,direct,gtzan/gtzan_country_00099/track.npy,gtzan,0.9836065573770492,0.9577391326793363,0.9577391326793363,0.9577391326793363,0.6065573770491803,0.9672131147540983,0.6065573770491803,0.9672131147540983,1.0,0.9781597481713222,0.9781597481713222,0.9781597481713222,1.0,1.0,1.0,1.0,73.0,0.0,0.0,0.07568837647226934,18.0,0.0,0.0,0.012270092591814302,0.0,/media/mengh/SharedData/zhanh/auto_structbeat/caches/pilot/mscnn_final_last_gtzan/gtzan__gtzan_country_00099__track.npy.npz
mscnn_gtzan,direct,gtzan/gtzan_disco_00000/track.npy,gtzan,0.9896907216494846,0.9324146425057931,0.9324146425057931,0.9324146425057931,0.5102040816326531,0.9795918367346939,0.5102040816326531,0.9795918367346939,1.0,0.9436563705928029,0.9436563705928029,0.9436563705928029,1.0,1.0,1.0,1.0,59.0,0.017241379310344827,0.017241379310344827,0.09497964984154177,15.0,0.0,0.0,0.013416424535320668,0.0,/media/mengh/SharedData/zhanh/auto_structbeat/caches/pilot/mscnn_final_last_gtzan/gtzan__gtzan_disco_00000__track.npy.npz
mscnn_gtzan,direct,gtzan/gtzan_disco_00001/track.npy,gtzan,0.588957055214724,0.5642020294857318,0.7927876727768373,0.6784948511312845,0.0,0.0,0.10294117647058823,0.5441176470588235,0.5581395348837209,0.5245885329623771,0.7276550618510391,0.6261217974067081,0.0,0.0,0.21052631578947367,0.631578947368421,84.0,0.30120481927710846,0.30120481927710846,1.8718021769015905,23.0,0.36363636363636365,0.36363636363636365,3.23867845216438,0.0,/media/mengh/SharedData/zhanh/auto_structbeat/caches/pilot/mscnn_final_last_gtzan/gtzan__gtzan_disco_00001__track.npy.npz
mscnn_gtzan,direct,gtzan/gtzan_disco_00002/track.npy,gtzan,0.5925925925925926,0.5433761891106964,0.7654500283933146,0.6544131087520055,0.0,0.0,0.1791044776119403,0.7164179104477612,0.6,0.5669862971448623,0.8099804244926603,0.6884833608187613,0.0,0.0,0.4375,0.75,78.0,0.2727272727272727,0.2727272727272727,1.8718021769015898,19.0,0.2222222222222222,0.2222222222222222,3.260010428224688,0.0,/media/mengh/SharedData/zhanh/auto_structbeat/caches/pilot/mscnn_final_last_gtzan/gtzan__gtzan_disco_00002__track.npy.npz
mscnn_gtzan,direct,gtzan/gtzan_disco_00003/track.npy,gtzan,1.0,0.954241790445511,0.954241790445511,0.954241790445511,1.0,1.0,1.0,1.0,1.0,0.9731110026296569,0.9731110026296569,0.9731110026296569,1.0,1.0,1.0,1.0,64.0,0.0,0.0,0.04255961441879885,16.0,0.0,0.0,0.014247064284089957,0.0,/media/mengh/SharedData/zhanh/auto_structbeat/caches/pilot/mscnn_final_last_gtzan/gtzan__gtzan_disco_00003__track.npy.npz
mscnn_gtzan,direct,gtzan/gtzan_disco_00004/track.npy,gtzan,0.796875,0.7537499669139678,0.7537499669139678,0.7537499669139678,0.07792207792207792,0.5974025974025974,0.07792207792207792,0.5974025974025974,0.7647058823529412,0.7032076551668398,0.7032076551668398,0.7032076551668398,0.09523809523809523,0.6190476190476191,0.09523809523809523,0.6190476190476191,89.0,0.3181818181818182,0.3181818181818182,1.8325814637483022,24.0,0.391304347826087,0.391304347826087,3.208825489014698,0.0,/media/mengh/SharedData/zhanh/auto_structbeat/caches/pilot/mscnn_final_last_gtzan/gtzan__gtzan_disco_00004__track.npy.npz
mscnn_gtzan,direct,gtzan/gtzan_disco_00005/track.npy,gtzan,0.9438202247191012,0.8003883552451718,0.8003883552451718,0.8003883552451718,0.9777777777777777,0.9777777777777777,0.9777777777777777,0.9777777777777777,1.0,0.7779447176809436,0.7779447176809436,0.7779447176809436,1.0,1.0,1.0,1.0,54.0,0.0,0.0,0.182321556793954,14.0,0.0,0.0,0.6634102088612935,0.0,/media/mengh/SharedData/zhanh/auto_structbeat/caches/pilot/mscnn_final_last_gtzan/gtzan__gtzan_disco_00005__track.npy.npz
mscnn_gtzan,direct,gtzan/gtzan_disco_00006/track.npy,gtzan,1.0,0.8237382718131431,0.8237382718131431,0.8237382718131431,1.0,1.0,1.0,1.0,0.7407407407407408,0.594741615964041,0.594741615964041,0.594741615964041,0.6428571428571429,0.6428571428571429,0.6428571428571429,0.6428571428571429,62.0,0.0,0.0,0.04082199452025792,16.0,0.0,0.0,0.6828906803927582,0.0,/media/mengh/SharedData/zhanh/auto_structbeat/caches/pilot/mscnn_final_last_gtzan/gtzan__gtzan_disco_00006__track.npy.npz
mscnn_gtzan,direct,gtzan/gtzan_disco_00007/track.npy,gtzan,0.9369369369369369,0.7212161297837919,0.7212161297837919,0.7212161297837919,0.5087719298245614,0.9298245614035088,0.5087719298245614,0.9298245614035088,0.962962962962963,0.6484602624128881,0.6484602624128881,0.6484602624128881,0.9285714285714286,0.9285714285714286,0.9285714285714286,0.9285714285714286,68.0,0.04477611940298507,0.04477611940298507,1.6809205472873423,17.0,0.0,0.0,0.2594371417236308,0.0,/media/mengh/SharedData/zhanh/auto_structbeat/caches/pilot/mscnn_final_last_gtzan/gtzan__gtzan_disco_00007__track.npy.npz
mscnn_gtzan,direct,gtzan/gtzan_disco_00008/track.npy,gtzan,1.0,0.8590070877999934,0.8590070877999934,0.8590070877999934,1.0,1.0,1.0,1.0,0.7586206896551724,0.6509478483200619,0.7061412092537649,0.6785445287869134,0.4117647058823529,0.4117647058823529,0.4117647058823529,0.4117647058823529,61.0,0.0,0.0,0.04082199452025622,20.0,0.0,0.0,0.683096844706444,0.0,/media/mengh/SharedData/zhanh/auto_structbeat/caches/pilot/mscnn_final_last_gtzan/gtzan__gtzan_disco_00008__track.npy.npz
mscnn_gtzan,direct,gtzan/gtzan_disco_00009/track.npy,gtzan,0.9908256880733944,0.9259980371686034,0.9259980371686034,0.9259980371686034,0.6545454545454545,0.9818181818181818,0.6545454545454545,0.9818181818181818,1.0,0.9034314181341098,0.9034314181341098,0.9034314181341098,1.0,1.0,1.0,1.0,66.0,0.015384615384615385,0.015384615384615385,0.26236426446748495,16.0,0.0,0.0,0.05507516783121808,0.0,/media/mengh/SharedData/zhanh/auto_structbeat/caches/pilot/mscnn_final_last_gtzan/gtzan__gtzan_disco_00009__track.npy.npz
mscnn_gtzan,direct,gtzan/gtzan_disco_00010/track.npy,gtzan,1.0,0.9522387531213549,0.9522387531213549,0.9522387531213549,1.0,1.0,1.0,1.0,1.0,0.9216513873492996,0.9216513873492996,0.9216513873492996,1.0,1.0,1.0,1.0,54.0,0.0,0.0,0.07145896398214968,14.0,0.0,0.0,0.039045954746620926,0.0,/media/mengh/SharedData/zhanh/auto_structbeat/caches/pilot/mscnn_final_last_gtzan/gtzan__gtzan_disco_00010__track.npy.npz
mscnn_gtzan,direct,gtzan/gtzan_disco_00011/track.npy,gtzan,0.9873417721518987,0.9387246773693096,0.9387246773693096,0.9387246773693096,0.675,0.975,0.675,0.975,1.0,0.9543326907358145,0.9543326907358145,0.9543326907358145,1.0,1.0,1.0,1.0,48.0,0.02127659574468085,0.02127659574468085,0.1388573777137922,12.0,0.0,0.0,0.015748356968139844,0.0,/media/mengh/SharedData/zhanh/auto_structbeat/caches/pilot/mscnn_final_last_gtzan/gtzan__gtzan_disco_00011__track.npy.npz
mscnn_gtzan,direct,gtzan/gtzan_disco_00012/track.npy,gtzan,0.8598130841121495,0.8126151624189184,0.8126151624189184,0.8126151624189184,0.31666666666666665,0.7333333333333333,0.31666666666666665,0.7333333333333333,0.6666666666666665,0.643752200494301,0.643752200494301,0.643752200494301,0.6,0.6,0.6,0.6,73.0,0.2222222222222222,0.2222222222222222,1.890672340893027,18.0,0.17647058823529413,0.17647058823529413,3.2579595886678,0.0,/media/mengh/SharedData/zhanh/auto_structbeat/caches/pilot/mscnn_final_last_gtzan/gtzan__gtzan_disco_00012__track.npy.npz
mscnn_gtzan,direct,gtzan/gtzan_disco_00013/track.npy,gtzan,0.972972972972973,0.8544411132993129,0.8544411132993129,0.8544411132993129,0.7894736842105263,0.9473684210526315,0.7894736842105263,0.9473684210526315,0.9473684210526316,0.851888190089686,0.851888190089686,0.851888190089686,0.5,0.8,0.5,0.8,46.0,0.022222222222222223,0.022222222222222223,0.6079495749190549,14.0,0.0,0.0,0.7072616503041517,0.0,/media/mengh/SharedData/zhanh/auto_structbeat/caches/pilot/mscnn_final_last_gtzan/gtzan__gtzan_disco_00013__track.npy.npz
mscnn_gtzan,direct,gtzan/gtzan_disco_00014/track.npy,gtzan,1.0,0.9643452217131853,0.9643452217131853,0.9643452217131853,1.0,1.0,1.0,1.0,1.0,0.9151718214599337,0.9151718214599337,0.9151718214599337,1.0,1.0,1.0,1.0,52.0,0.0,0.0,0.053737173232896396,13.0,0.0,0.0,0.008658062743115202,0.0,/media/mengh/SharedData/zhanh/auto_structbeat/caches/pilot/mscnn_final_last_gtzan/gtzan__gtzan_disco_00014__track.npy.npz
mscnn_gtzan,direct,gtzan/gtzan_disco_00015/track.npy,gtzan,0.7286821705426356,0.6031278755096282,0.6031278755096282,0.6031278755096282,0.10256410256410256,0.358974358974359,0.10256410256410256,0.358974358974359,0.6666666666666667,0.5289670652104925,0.5289670652104925,0.5289670652104925,0.13043478260869565,0.5217391304347826,0.13043478260869565,0.5217391304347826,98.0,0.32989690721649484,0.3711340206185567,1.8325814637482867,28.0,0.37037037037037035,0.4074074074074074,3.1675825304806717,0.0,/media/mengh/SharedData/zhanh/auto_structbeat/caches/pilot/mscnn_final_last_gtzan/gtzan__gtzan_disco_00015__track.npy.npz
mscnn_gtzan,direct,gtzan/gtzan_disco_00016/track.npy,gtzan,0.9904761904761905,0.9455752601879103,0.9455752601879103,0.9455752601879103,0.6792452830188679,0.9811320754716981,0.6792452830188679,0.9811320754716981,0.8387096774193548,0.7993037814248264,0.7993037814248264,0.7993037814248264,0.3888888888888889,0.4444444444444444,0.4,0.4444444444444444,63.0,0.016129032258064516,0.016129032258064516,0.08004270767353672,23.0,0.0,0.0,0.7137664677626805,0.0,/media/mengh/SharedData/zhanh/auto_structbeat/caches/pilot/mscnn_final_last_gtzan/gtzan__gtzan_disco_00016__track.npy.npz
mscnn_gtzan,direct,gtzan/gtzan_disco_00017/track.npy,gtzan,0.9009009009009009,0.8623121679253892,0.8623121679253892,0.8623121679253892,0.32786885245901637,0.7377049180327869,0.32786885245901637,0.7377049180327869,0.962962962962963,0.9204145375651416,0.9204145375651416,0.9204145375651416,0.9285714285714286,0.9285714285714286,0.9285714285714286,0.9285714285714286,76.0,0.18666666666666668,0.18666666666666668,1.791759469228077,17.0,0.0625,0.0625,3.1589385776384025,0.0,/media/mengh/SharedData/zhanh/auto_structbeat/caches/pilot/mscnn_final_last_gtzan/gtzan__gtzan_disco_00017__track.npy.npz
mscnn_gtzan,direct,gtzan/gtzan_disco_00018/track.npy,gtzan,0.9203539823008848,0.8747978930413601,0.8747978930413601,0.8747978930413601,0.16393442622950818,0.8032786885245902,0.16393442622950818,0.8032786885245902,0.896551724137931,0.8575217631556684,0.8575217631556684,0.8575217631556684,0.3125,0.8125,0.3125,0.8125,72.0,0.1267605633802817,0.1267605633802817,1.791759469228067,19.0,0.16666666666666666,0.16666666666666666,3.178053830347949,0.0,/media/mengh/SharedData/zhanh/auto_structbeat/caches/pilot/mscnn_final_last_gtzan/gtzan__gtzan_disco_00018__track.npy.npz
mscnn_gtzan,direct,gtzan/gtzan_disco_00019/track.npy,gtzan,1.0,0.9464335129984812,0.9464335129984812,0.9464335129984812,1.0,1.0,1.0,1.0,0.8387096774193548,0.8006654375085789,0.8006654375085789,0.8006654375085789,0.3333333333333333,0.3888888888888889,0.36,0.3888888888888889,59.0,0.0,0.0,0.07696104113612678,21.0,0.0,0.0,1.0643204215817965,0.0,/media/mengh/SharedData/zhanh/auto_structbeat/caches/pilot/mscnn_final_last_gtzan/gtzan__gtzan_disco_00019__track.npy.npz
mscnn_gtzan,direct,gtzan/gtzan_disco_00020/track.npy,gtzan,0.9295774647887325,0.8824282114426679,0.8824282114426679,0.8824282114426679,0.7027027027027027,0.8648648648648649,0.7027027027027027,0.8648648648648649,0.6666666666666666,0.6474830987907831,0.6474830987907831,0.6474830987907831,0.4166666666666667,0.4166666666666667,0.4166666666666667,0.4166666666666667,44.0,0.023255813953488372,0.023255813953488372,0.810009416658398,14.0,0.0,0.0,0.696137224783346,0.0,/media/mengh/SharedData/zhanh/auto_structbeat/caches/pilot/mscnn_final_last_gtzan/gtzan__gtzan_disco_00020__track.npy.npz
mscnn_gtzan,direct,gtzan/gtzan_disco_00021/track.npy,gtzan,0.989010989010989,0.8864061582918958,0.8864061582918958,0.8864061582918958,0.9782608695652174,0.9782608695652174,0.9782608695652174,0.9782608695652174,1.0,0.8546152698547882,0.8546152698547882,0.8546152698547882,1.0,1.0,1.0,1.0,56.0,0.0,0.0,0.17931288920441155,14.0,0.0,0.0,0.018349138668196097,0.0,/media/mengh/SharedData/zhanh/auto_structbeat/caches/pilot/mscnn_final_last_gtzan/gtzan__gtzan_disco_00021__track.npy.npz
mscnn_gtzan,direct,gtzan/gtzan_disco_00022/track.npy,gtzan,0.9174311926605504,0.8758189893672584,0.8758189893672584,0.8758189893672584,0.2711864406779661,0.847457627118644,0.2711864406779661,0.847457627118644,0.9600000000000001,0.9193393442256124,0.9193393442256124,0.9193393442256124,0.8461538461538461,0.9230769230769231,0.8461538461538461,0.9230769230769231,69.0,0.1323529411764706,0.1323529411764706,1.8325814637482867,16.0,0.06666666666666667,0.06666666666666667,3.192341528430011,0.0,/media/mengh/SharedData/zhanh/auto_structbeat/caches/pilot/mscnn_final_last_gtzan/gtzan__gtzan_disco_00022__track.npy.npz
mscnn_gtzan,direct,gtzan/gtzan_disco_00023/track.npy,gtzan,0.8181818181818181,0.7575218308796701,0.7575218308796701,0.7575218308796701,0.14516129032258066,0.7741935483870968,0.14516129032258066,0.7741935483870968,0.6428571428571429,0.5688849780628866,0.5688849780628866,0.5688849780628866,0.375,0.375,0.375,0.375,75.0,0.24324324324324326,0.24324324324324326,1.8718021769016118,21.0,0.2,0.2,3.3085294573245774,0.0,/media/mengh/SharedData/zhanh/auto_structbeat/caches/pilot/mscnn_final_last_gtzan/gtzan__gtzan_disco_00023__track.npy.npz
mscnn_gtzan,direct,gtzan/gtzan_disco_00024/track.npy,gtzan,1.0,0.9799150735863121,0.9799150735863121,0.9799150735863121,1.0,1.0,1.0,1.0,1.0,0.976859840519712,0.976859840519712,0.976859840519712,1.0,1.0,1.0,1.0,64.0,0.0,0.0,0.04255961441880263,16.0,0.0,0.0,0.02127739844728438,0.0,/media/mengh/SharedData/zhanh/auto_structbeat/caches/pilot/mscnn_final_last_gtzan/gtzan__gtzan_disco_00024__track.npy.npz
mscnn_gtzan,direct,gtzan/gtzan_disco_00025/track.npy,gtzan,1.0,0.9876523404122477,0.9876523404122477,0.9876523404122477,1.0,1.0,1.0,1.0,0.21428571428571427,0.21355139286495767,0.21355139286495767,0.21355139286495767,0.0,0.0,0.13333333333333333,0.13333333333333333,62.0,0.0,0.0,0.040821994520255186,19.0,0.0,0.0,1.8293129065731282,0.0,/media/mengh/SharedData/zhanh/auto_structbeat/caches/pilot/mscnn_final_last_gtzan/gtzan__gtzan_disco_00025__track.npy.npz
mscnn_gtzan,direct,gtzan/gtzan_disco_00026/track.npy,gtzan,0.8928571428571428,0.8679481800488675,0.8679481800488675,0.8679481800488675,0.16129032258064516,0.8064516129032258,0.16129032258064516,0.8064516129032258,0.9600000000000001,0.9374247479920448,0.9374247479920448,0.9374247479920448,0.46153846153846156,0.9230769230769231,0.46153846153846156,0.9230769230769231,73.0,0.18055555555555555,0.18055555555555555,1.8325814637483118,16.0,0.06666666666666667,0.06666666666666667,3.1923415284300565,0.0,/media/mengh/SharedData/zhanh/auto_structbeat/caches/pilot/mscnn_final_last_gtzan/gtzan__gtzan_disco_00026__track.npy.npz
mscnn_gtzan,direct,gtzan/gtzan_disco_00027/track.npy,gtzan,0.9263157894736843,0.8793563436564924,0.8793563436564924,0.8793563436564924,0.4897959183673469,0.9387755102040817,0.4897959183673469,0.9387755102040817,0.9166666666666666,0.8505686994252399,0.8505686994252399,0.8505686994252399,0.5384615384615384,0.8461538461538461,0.5384615384615384,0.8461538461538461,59.0,0.05172413793103448,0.05172413793103448,1.8077680107627792,17.0,0.0625,0.0625,3.2893251911407084,0.0,/media/mengh/SharedData/zhanh/auto_structbeat/caches/pilot/mscnn_final_last_gtzan/gtzan__gtzan_disco_00027__track.npy.npz
mscnn_gtzan,direct,gtzan/gtzan_disco_00028/track.npy,gtzan,0.9357798165137614,0.910200099290585,0.910200099290585,0.910200099290585,0.46551724137931033,0.8103448275862069,0.46551724137931033,0.8103448275862069,0.9285714285714286,0.9171347393230821,0.9171347393230821,0.9171347393230821,0.7333333333333333,0.8666666666666667,0.7333333333333333,0.8666666666666667,68.0,0.1044776119402985,0.1044776119402985,1.8223759651182496,17.0,0.125,0.125,3.1695022300702824,0.0,/media/mengh/SharedData/zhanh/auto_structbeat/caches/pilot/mscnn_final_last_gtzan/gtzan__gtzan_disco_00028__track.npy.npz
mscnn_gtzan,direct,gtzan/gtzan_disco_00029/track.npy,gtzan,1.0,0.9329005422151918,0.9329005422151918,0.9329005422151918,1.0,1.0,1.0,1.0,1.0,0.9175187779540515,0.9175187779540515,0.9175187779540515,1.0,1.0,1.0,1.0,53.0,0.0,0.0,0.03509131981127256,14.0,0.0,0.0,0.012629808203156711,0.0,/media/mengh/SharedData/zhanh/auto_structbeat/caches/pilot/mscnn_final_last_gtzan/gtzan__gtzan_disco_00029__track.npy.npz
mscnn_gtzan,direct,gtzan/gtzan_disco_00030/track.npy,gtzan,0.8421052631578947,0.6900907606247206,0.6900907606247206,0.6900907606247206,0.18421052631578946,0.6842105263157895,0.18421052631578946,0.6842105263157895,0.6666666666666666,0.4860788447028649,0.4860788447028649,0.4860788447028649,0.10714285714285714,0.35714285714285715,0.14285714285714285,0.35714285714285715,88.0,0.22988505747126436,0.22988505747126436,1.481604540924202,31.0,0.3,0.3,2.844909383819421,0.0,/media/mengh/SharedData/zhanh/auto_structbeat/caches/pilot/mscnn_final_last_gtzan/gtzan__gtzan_disco_00030__track.npy.npz
mscnn_gtzan,direct,gtzan/gtzan_disco_00031/track.npy,gtzan,0.9532710280373832,0.8878342139799347,0.8878342139799347,0.8878342139799347,0.6785714285714286,0.8928571428571429,0.6785714285714286,0.8928571428571429,0.3870967741935484,0.3615894563771581,0.6971048017790228,0.5293471290780905,0.05555555555555555,0.1111111111111111,0.2222222222222222,0.3888888888888889,72.0,0.07042253521126761,0.07042253521126761,1.7316703425470183,22.0,0.047619047619047616,0.047619047619047616,2.4592833780954653,0.0,/media/mengh/SharedData/zhanh/auto_structbeat/caches/pilot/mscnn_final_last_gtzan/gtzan__gtzan_disco_00031__track.npy.npz
mscnn_gtzan,direct,gtzan/gtzan_disco_00032/track.npy,gtzan,0.968421052631579,0.9018300614352187,0.9018300614352187,0.9018300614352187,0.7083333333333334,0.9583333333333334,0.7083333333333334,0.9583333333333334,0.9600000000000001,0.8794492777495597,0.8794492777495597,0.8794492777495597,0.9230769230769231,0.9230769230769231,0.9230769230769231,0.9230769230769231,57.0,0.03571428571428571,0.03571428571428571,1.7917594692280516,15.0,0.07142857142857142,0.07142857142857142,3.2846215861970363,0.0,/media/mengh/SharedData/zhanh/auto_structbeat/caches/pilot/mscnn_final_last_gtzan/gtzan__gtzan_disco_00032__track.npy.npz
mscnn_gtzan,direct,gtzan/gtzan_disco_00033/track.npy,gtzan,0.24074074074074073,0.2341032893178962,0.6885582481254681,0.4613307687216821,0.21818181818181817,0.23636363636363636,0.6909090909090909,0.6909090909090909,0.22222222222222224,0.21559449559023383,0.21559449559023383,0.21559449559023383,0.5714285714285714,0.8571428571428571,0.5714285714285714,0.8571428571428571,65.0,0.015625,0.015625,0.12375117205786457,17.0,0.0,0.0,1.2113701326807789,0.0,/media/mengh/SharedData/zhanh/auto_structbeat/caches/pilot/mscnn_final_last_gtzan/gtzan__gtzan_disco_00033__track.npy.npz
mscnn_gtzan,direct,gtzan/gtzan_disco_00034/track.npy,gtzan,0.9818181818181818,0.9436639222370349,0.9436639222370349,0.9436639222370349,0.9818181818181818,0.9818181818181818,0.9818181818181818,0.9818181818181818,0.8148148148148148,0.7885541544423704,0.7885541544423704,0.7885541544423704,0.7857142857142857,0.7857142857142857,0.7857142857142857,0.7857142857142857,66.0,0.0,0.0,0.11726368032692781,17.0,0.0,0.0,0.663990625966451,0.0,/media/mengh/SharedData/zhanh/auto_structbeat/caches/pilot/mscnn_final_last_gtzan/gtzan__gtzan_disco_00034__track.npy.npz
mscnn_gtzan,direct,gtzan/gtzan_disco_00035/track.npy,gtzan,0.9433962264150944,0.8718291661091422,0.8718291661091422,0.8718291661091422,0.6181818181818182,0.8727272727272727,0.6181818181818182,0.8727272727272727,0.9285714285714286,0.831007065154383,0.831007065154383,0.831007065154383,0.6666666666666666,0.8666666666666667,0.6666666666666666,0.8666666666666667,66.0,0.07692307692307693,0.07692307692307693,1.6582280766035575,17.0,0.125,0.125,3.1570004211501344,0.0,/media/mengh/SharedData/zhanh/auto_structbeat/caches/pilot/mscnn_final_last_gtzan/gtzan__gtzan_disco_00035__track.npy.npz
mscnn_gtzan,direct,gtzan/gtzan_disco_00036/track.npy,gtzan,0.6666666666666666,0.38532421529738303,0.38532421529738303,0.38532421529738303,0.009009009009009009,0.02702702702702703,0.009009009009009009,0.02702702702702703,0.6818181818181819,0.3997462812817958,0.3997462812817958,0.3997462812817958,0.06896551724137931,0.5172413793103449,0.06896551724137931,0.5172413793103449,127.0,0.46825396825396826,0.46825396825396826,1.2237754316221365,33.0,0.46875,0.46875,2.8272961152327243,0.0,/media/mengh/SharedData/zhanh/auto_structbeat/caches/pilot/mscnn_final_last_gtzan/gtzan__gtzan_disco_00036__track.npy.npz
mscnn_gtzan,direct,gtzan/gtzan_disco_00037/track.npy,gtzan,0.9818181818181818,0.8556820982726455,0.8556820982726455,0.8556820982726455,1.0,1.0,1.0,1.0,0.9285714285714286,0.8226570311584867,0.8226570311584867,0.8226570311584867,1.0,1.0,1.0,1.0,66.0,0.0,0.0,0.12260232209233701,16.0,0.0,0.0,0.043050842569608005,0.0,/media/mengh/SharedData/zhanh/auto_structbeat/caches/pilot/mscnn_final_last_gtzan/gtzan__gtzan_disco_00037__track.npy.npz
mscnn_gtzan,direct,gtzan/gtzan_disco_00038/track.npy,gtzan,0.9622641509433962,0.9236057033004456,0.9236057033004456,0.9236057033004456,0.41818181818181815,0.8727272727272727,0.41818181818181815,0.8727272727272727,0.4827586206896552,0.4628522161909135,0.7039300644322728,0.5833911403115931,0.3125,0.3125,0.375,0.375,68.0,0.08955223880597014,0.08955223880597014,1.7583766210719292,19.0,0.05555555555555555,0.05555555555555555,3.1632836603967878,0.0,/media/mengh/SharedData/zhanh/auto_structbeat/caches/pilot/mscnn_final_last_gtzan/gtzan__gtzan_disco_00038__track.npy.npz
mscnn_gtzan,direct,gtzan/gtzan_disco_00039/track.npy,gtzan,0.9387755102040817,0.8831485176546735,0.8831485176546735,0.8831485176546735,0.3333333333333333,0.9019607843137255,0.3333333333333333,0.9019607843137255,0.923076923076923,0.8592438663843419,0.8592438663843419,0.8592438663843419,0.42857142857142855,0.8571428571428571,0.42857142857142855,0.8571428571428571,60.0,0.06779661016949153,0.06779661016949153,1.8774632260990354,16.0,0.13333333333333333,0.13333333333333333,3.277525795975976,0.0,/media/mengh/SharedData/zhanh/auto_structbeat/caches/pilot/mscnn_final_last_gtzan/gtzan__gtzan_disco_00039__track.npy.npz
mscnn_gtzan,direct,gtzan/gtzan_disco_00040/track.npy,gtzan,0.9827586206896551,0.8603295254401974,0.8603295254401974,0.8603295254401974,0.6271186440677966,0.9661016949152542,0.6271186440677966,0.9661016949152542,1.0,0.8451196579407085,0.8451196579407085,0.8451196579407085,1.0,1.0,1.0,1.0,71.0,0.02857142857142857,0.02857142857142857,0.894446580511991,18.0,0.0,0.0,0.060612896038357456,0.0,/media/mengh/SharedData/zhanh/auto_structbeat/caches/pilot/mscnn_final_last_gtzan/gtzan__gtzan_disco_00040__track.npy.npz
mscnn_gtzan,direct,gtzan/gtzan_disco_00041/track.npy,gtzan,0.6470588235294118,0.6283343738897955,0.6283343738897955,0.6283343738897955,0.06521739130434782,0.1956521739130435,0.06521739130434782,0.1956521739130435,0.6,0.5507791610642033,0.7113598662377698,0.6310695136509865,0.0,0.0,0.35714285714285715,0.7857142857142857,54.0,0.11320754716981132,0.11320754716981132,2.386341851932871,17.0,0.1875,0.1875,3.341093457592433,0.0,/media/mengh/SharedData/zhanh/auto_structbeat/caches/pilot/mscnn_final_last_gtzan/gtzan__gtzan_disco_00041__track.npy.npz
mscnn_gtzan,direct,gtzan/gtzan_disco_00042/track.npy,gtzan,0.9885057471264368,0.8998820836616159,0.8998820836616159,0.8998820836616159,0.9772727272727273,0.9772727272727273,0.9772727272727273,0.9772727272727273,1.0,0.9059630148195932,0.9059630148195932,0.9059630148195932,1.0,1.0,1.0,1.0,52.0,0.0,0.0,0.053737173232896396,13.0,0.0,0.0,0.0349387179483433,0.0,/media/mengh/SharedData/zhanh/auto_structbeat/caches/pilot/mscnn_final_last_gtzan/gtzan__gtzan_disco_00042__track.npy.npz
mscnn_gtzan,direct,gtzan/gtzan_disco_00043/track.npy,gtzan,0.9724770642201834,0.9334011203188742,0.9334011203188742,0.9334011203188742,0.8392857142857143,0.9464285714285714,0.8392857142857143,0.9464285714285714,1.0,0.9717629290847748,0.9717629290847748,0.9717629290847748,1.0,1.0,1.0,1.0,68.0,0.05970149253731343,0.05970149253731343,1.7142593692154695,17.0,0.0625,0.0625,3.134295728122916,0.0,/media/mengh/SharedData/zhanh/auto_structbeat/caches/pilot/mscnn_final_last_gtzan/gtzan__gtzan_disco_00043__track.npy.npz
mscnn_gtzan,direct,gtzan/gtzan_disco_00044/track.npy,gtzan,0.9807692307692307,0.9640882992166714,0.9640882992166714,0.9640882992166714,0.6415094339622641,0.9622641509433962,0.6415094339622641,0.9622641509433962,1.0,0.9745915711963993,0.9745915711963993,0.9745915711963993,1.0,1.0,1.0,1.0,63.0,0.03225806451612903,0.03225806451612903,1.6582280766035047,15.0,0.0,0.0,0.020408871631205926,0.0,/media/mengh/SharedData/zhanh/auto_structbeat/caches/pilot/mscnn_final_last_gtzan/gtzan__gtzan_disco_00044__track.npy.npz
mscnn_gtzan,direct,gtzan/gtzan_disco_00045/track.npy,gtzan,0.7727272727272727,0.7426870857835438,0.7426870857835438,0.7426870857835438,0.04938271604938271,0.38271604938271603,0.04938271604938271,0.38271604938271603,0.787878787878788,0.7585500833651831,0.7585500833651831,0.7585500833651831,0.2,0.65,0.2,0.65,97.0,0.3645833333333333,0.3645833333333333,1.8325814637482933,23.0,0.36363636363636365,0.36363636363636365,3.188416617383514,0.0,/media/mengh/SharedData/zhanh/auto_structbeat/caches/pilot/mscnn_final_last_gtzan/gtzan__gtzan_disco_00045__track.npy.npz
mscnn_gtzan,direct,gtzan/gtzan_disco_00046/track.npy,gtzan,1.0,0.9568737809141394,0.9568737809141394,0.9568737809141394,1.0,1.0,1.0,1.0,0.923076923076923,0.8704783718163959,0.8704783718163959,0.8704783718163959,0.7142857142857143,0.7142857142857143,0.7142857142857143,0.7142857142857143,61.0,0.0,0.0,0.040821994520261584,17.0,0.0,0.0,0.22814686148550548,0.0,/media/mengh/SharedData/zhanh/auto_structbeat/caches/pilot/mscnn_final_last_gtzan/gtzan__gtzan_disco_00046__track.npy.npz
mscnn_gtzan,direct,gtzan/gtzan_disco_00047/track.npy,gtzan,0.17777777777777778,0.09246985629682897,0.15218449573590268,0.12232717601636582,0.041666666666666664,0.125,0.0975609756097561,0.16666666666666666,0.0,0.002279418658404701,0.057481518914279134,0.02988046878634192,0.0,0.0,0.06666666666666667,0.06666666666666667,33.0,0.0,0.0,0.7849992126757726,18.0,0.0,0.0,0.8236072573109987,0.0,/media/mengh/SharedData/zhanh/auto_structbeat/caches/pilot/mscnn_final_last_gtzan/gtzan__gtzan_disco_00047__track.npy.npz
mscnn_gtzan,direct,gtzan/gtzan_disco_00048/track.npy,gtzan,1.0,0.9407609058723919,0.9407609058723919,0.9407609058723919,1.0,1.0,1.0,1.0,1.0,0.937157798160887,0.937157798160887,0.937157798160887,1.0,1.0,1.0,1.0,51.0,0.0,0.0,0.03390155167568665,13.0,0.0,0.0,0.008438868645864794,0.0,/media/mengh/SharedData/zhanh/auto_structbeat/caches/pilot/mscnn_final_last_gtzan/gtzan__gtzan_disco_00048__track.npy.npz
mscnn_gtzan,direct,gtzan/gtzan_disco_00049/track.npy,gtzan,1.0,0.9730093920695243,0.9730093920695243,0.9730093920695243,1.0,1.0,1.0,1.0,1.0,0.967348687130214,0.967348687130214,0.967348687130214,1.0,1.0,1.0,1.0,60.0,0.0,0.0,0.0467051014932474,15.0,0.0,0.0,0.009950330853168187,0.0,/media/mengh/SharedData/zhanh/auto_structbeat/caches/pilot/mscnn_final_last_gtzan/gtzan__gtzan_disco_00049__track.npy.npz
mscnn_gtzan,direct,gtzan/gtzan_disco_00050/track.npy,gtzan,1.0,0.9535536081117141,0.9535536081117141,0.9535536081117141,1.0,1.0,1.0,1.0,1.0,0.9499072511138705,0.9499072511138705,0.9499072511138705,1.0,1.0,1.0,1.0,54.0,0.0,0.0,0.03636764417088045,14.0,0.0,0.0,0.022329813880407362,0.0,/media/mengh/SharedData/zhanh/auto_structbeat/caches/pilot/mscnn_final_last_gtzan/gtzan__gtzan_disco_00050__track.npy.npz
mscnn_gtzan,direct,gtzan/gtzan_disco_00051/track.npy,gtzan,0.9777777777777777,0.9161537174264138,0.9161537174264138,0.9161537174264138,0.9565217391304348,0.9565217391304348,0.9565217391304348,0.9565217391304348,0.9565217391304348,0.9166630255124023,0.9166630255124023,0.9166630255124023,0.9166666666666666,0.9166666666666666,0.9166666666666666,0.9166666666666666,55.0,0.0,0.0,0.03636764417088045,14.0,0.0,0.0,0.022329813880405697,0.0,/media/mengh/SharedData/zhanh/auto_structbeat/caches/pilot/mscnn_final_last_gtzan/gtzan__gtzan_disco_00051__track.npy.npz
mscnn_gtzan,direct,gtzan/gtzan_disco_00052/track.npy,gtzan,1.0,0.8801759406178552,0.8801759406178552,0.8801759406178552,1.0,1.0,1.0,1.0,1.0,0.905596450837331,0.905596450837331,0.905596450837331,1.0,1.0,1.0,1.0,63.0,0.0,0.0,0.04255961441880263,16.0,0.0,0.0,0.02091084970608837,0.0,/media/mengh/SharedData/zhanh/auto_structbeat/caches/pilot/mscnn_final_last_gtzan/gtzan__gtzan_disco_00052__track.npy.npz
mscnn_gtzan,direct,gtzan/gtzan_disco_00053/track.npy,gtzan,0.9913043478260869,0.8110074004631762,0.8110074004631762,0.8110074004631762,0.9827586206896551,0.9827586206896551,0.9827586206896551,0.9827586206896551,0.9333333333333333,0.7593669245960596,0.7593669245960596,0.7593669245960596,0.75,0.75,0.75,0.75,70.0,0.0,0.0,0.06011883798931286,21.0,0.0,0.0,0.6826207447730742,0.0,/media/mengh/SharedData/zhanh/auto_structbeat/caches/pilot/mscnn_final_last_gtzan/gtzan__gtzan_disco_00053__track.npy.npz
mscnn_gtzan,direct,gtzan/gtzan_disco_00054/track.npy,gtzan,1.0,0.9586301253367319,0.9586301253367319,0.9586301253367319,1.0,1.0,1.0,1.0,0.7407407407407406,0.709583935744847,0.7810592002351738,0.7453215679900105,0.1875,0.375,0.19047619047619047,0.42857142857142855,57.0,0.0,0.0,0.05054281154813475,20.0,0.0,0.0,0.7136038365831142,0.0,/media/mengh/SharedData/zhanh/auto_structbeat/caches/pilot/mscnn_final_last_gtzan/gtzan__gtzan_disco_00054__track.npy.npz
mscnn_gtzan,direct,gtzan/gtzan_disco_00055/track.npy,gtzan,1.0,0.9370963212709031,0.9370963212709031,0.9370963212709031,1.0,1.0,1.0,1.0,0.9285714285714286,0.8508859456636225,0.8508859456636225,0.8508859456636225,0.5333333333333333,0.8,0.5333333333333333,0.8,65.0,0.0,0.0,0.08275541554774235,18.0,0.0,0.0,0.7013446362656939,0.0,/media/mengh/SharedData/zhanh/auto_structbeat/caches/pilot/mscnn_final_last_gtzan/gtzan__gtzan_disco_00055__track.npy.npz
mscnn_gtzan,direct,gtzan/gtzan_disco_00056/track.npy,gtzan,1.0,0.9593517568184593,0.9593517568184593,0.9593517568184593,1.0,1.0,1.0,1.0,0.6666666666666666,0.6488874403848504,0.9462704002648515,0.7975789203248509,0.0,0.0,0.9444444444444444,0.9444444444444444,44.0,0.0,0.0,0.02985296314969066,22.0,0.0,0.0,0.7133612027271785,0.0,/media/mengh/SharedData/zhanh/auto_structbeat/caches/pilot/mscnn_final_last_gtzan/gtzan__gtzan_disco_00056__track.npy.npz
mscnn_gtzan,direct,gtzan/gtzan_disco_00057/track.npy,gtzan,1.0,0.9788675126928793,0.9788675126928793,0.9788675126928793,1.0,1.0,1.0,1.0,1.0,0.982622091535034,0.982622091535034,0.982622091535034,1.0,1.0,1.0,1.0,59.0,0.0,0.0,0.039220713153283904,15.0,0.0,0.0,0.009852296443012642,0.0,/media/mengh/SharedData/zhanh/auto_structbeat/caches/pilot/mscnn_final_last_gtzan/gtzan__gtzan_disco_00057__track.npy.npz
mscnn_gtzan,direct,gtzan/gtzan_disco_00058/track.npy,gtzan,1.0,0.9729085817596287,0.9729085817596287,0.9729085817596287,1.0,1.0,1.0,1.0,1.0,0.9675699800144841,0.9675699800144841,0.9675699800144841,1.0,1.0,1.0,1.0,66.0,0.0,0.0,0.044451762570840825,17.0,0.0,0.0,0.014244021388165617,0.0,/media/mengh/SharedData/zhanh/auto_structbeat/caches/pilot/mscnn_final_last_gtzan/gtzan__gtzan_disco_00058__track.npy.npz
mscnn_gtzan,direct,gtzan/gtzan_disco_00059/track.npy,gtzan,1.0,0.9539392912544288,0.9539392912544288,0.9539392912544288,1.0,1.0,1.0,1.0,1.0,0.9319027195828643,0.9319027195828643,0.9319027195828643,1.0,1.0,1.0,1.0,63.0,0.0,0.0,0.04255961441879497,15.0,0.0,0.0,0.01047129986729567,0.0,/media/mengh/SharedData/zhanh/auto_structbeat/caches/pilot/mscnn_final_last_gtzan/gtzan__gtzan_disco_00059__track.npy.npz
mscnn_gtzan,direct,gtzan/gtzan_disco_00060/track.npy,gtzan,1.0,0.9391033458366637,0.9391033458366637,0.9391033458366637,1.0,1.0,1.0,1.0,1.0,0.926010493705294,0.926010493705294,0.926010493705294,1.0,1.0,1.0,1.0,64.0,0.0,0.0,0.04445176257083388,16.0,0.0,0.0,0.0322097509720791,0.0,/media/mengh/SharedData/zhanh/auto_structbeat/caches/pilot/mscnn_final_last_gtzan/gtzan__gtzan_disco_00060__track.npy.npz
mscnn_gtzan,direct,gtzan/gtzan_disco_00061/track.npy,gtzan,1.0,0.9802164006188014,0.9802164006188014,0.9802164006188014,1.0,1.0,1.0,1.0,1.0,0.9815729848896411,0.9815729848896411,0.9815729848896411,1.0,1.0,1.0,1.0,63.0,0.0,0.0,0.042559614418796854,16.0,0.0,0.0,0.010471299867295846,0.0,/media/mengh/SharedData/zhanh/auto_structbeat/caches/pilot/mscnn_final_last_gtzan/gtzan__gtzan_disco_00061__track.npy.npz
mscnn_gtzan,direct,gtzan/gtzan_disco_00062/track.npy,gtzan,0.989010989010989,0.9540805449832812,0.9540805449832812,0.9540805449832812,0.9782608695652174,0.9782608695652174,0.9782608695652174,0.9782608695652174,0.9600000000000001,0.9157952366808185,0.9157952366808185,0.9157952366808185,0.8461538461538461,0.8461538461538461,0.8461538461538461,0.8461538461538461,55.0,0.0,0.0,0.03636764417088045,15.0,0.0,0.0,0.28816826367389237,0.0,/media/mengh/SharedData/zhanh/auto_structbeat/caches/pilot/mscnn_final_last_gtzan/gtzan__gtzan_disco_00062__track.npy.npz
mscnn_gtzan,direct,gtzan/gtzan_disco_00063/track.npy,gtzan,1.0,0.9785363103122202,0.9785363103122202,0.9785363103122202,1.0,1.0,1.0,1.0,0.962962962962963,0.9444220854409999,0.9444220854409999,0.9444220854409999,0.9285714285714286,0.9285714285714286,0.9285714285714286,0.9285714285714286,65.0,0.0,0.0,0.08701137698962769,17.0,0.0,0.0,0.2231621448134661,0.0,/media/mengh/SharedData/zhanh/auto_structbeat/caches/pilot/mscnn_final_last_gtzan/gtzan__gtzan_disco_00063__track.npy.npz
mscnn_gtzan,direct,gtzan/gtzan_disco_00064/track.npy,gtzan,0.9532710280373832,0.934910111627696,0.934910111627696,0.934910111627696,0.30357142857142855,0.9107142857142857,0.30357142857142855,0.9107142857142857,0.7647058823529412,0.7445452790818028,0.7618053077753089,0.7531752934285558,0.19047619047619047,0.3333333333333333,0.2,0.44,68.0,0.1044776119402985,0.1044776119402985,1.7917594692280532,27.0,0.15384615384615385,0.15384615384615385,3.182133378136792,0.0,/media/mengh/SharedData/zhanh/auto_structbeat/caches/pilot/mscnn_final_last_gtzan/gtzan__gtzan_disco_00064__track.npy.npz
mscnn_gtzan,direct,gtzan/gtzan_disco_00065/track.npy,gtzan,1.0,0.9394098537136077,0.9394098537136077,0.9394098537136077,1.0,1.0,1.0,1.0,1.0,0.951066583344929,0.951066583344929,0.951066583344929,1.0,1.0,1.0,1.0,66.0,0.0,0.0,0.044451762570840825,16.0,0.0,0.0,0.021978906718775483,0.0,/media/mengh/SharedData/zhanh/auto_structbeat/caches/pilot/mscnn_final_last_gtzan/gtzan__gtzan_disco_00065__track.npy.npz
mscnn_gtzan,direct,gtzan/gtzan_disco_00066/track.npy,gtzan,1.0,0.9733944335532129,0.9733944335532129,0.9733944335532129,1.0,1.0,1.0,1.0,0.8,0.7760042992837164,0.8101045721849314,0.7930544357343239,0.19047619047619047,0.3333333333333333,0.3333333333333333,0.48148148148148145,67.0,0.0,0.0,0.044451762570840825,26.0,0.0,0.0,0.7041970167465311,0.0,/media/mengh/SharedData/zhanh/auto_structbeat/caches/pilot/mscnn_final_last_gtzan/gtzan__gtzan_disco_00066__track.npy.npz
mscnn_gtzan,direct,gtzan/gtzan_disco_00067/track.npy,gtzan,1.0,0.9496146794661139,0.9496146794661139,0.9496146794661139,1.0,1.0,1.0,1.0,1.0,0.9680352656967678,0.9680352656967678,0.9680352656967678,1.0,1.0,1.0,1.0,50.0,0.0,0.0,0.03390155167568665,12.0,0.0,0.0,0.004602537318784669,0.0,/media/mengh/SharedData/zhanh/auto_structbeat/caches/pilot/mscnn_final_last_gtzan/gtzan__gtzan_disco_00067__track.npy.npz
mscnn_gtzan,direct,gtzan/gtzan_disco_00068/track.npy,gtzan,1.0,0.8961149046228325,0.8961149046228325,0.8961149046228325,1.0,1.0,1.0,1.0,1.0,0.8661757677401231,0.8661757677401231,0.8661757677401231,1.0,1.0,1.0,1.0,54.0,0.0,0.0,0.07145896398214477,14.0,0.0,0.0,0.7020361279771913,0.0,/media/mengh/SharedData/zhanh/auto_structbeat/caches/pilot/mscnn_final_last_gtzan/gtzan__gtzan_disco_00068__track.npy.npz
mscnn_gtzan,direct,gtzan/gtzan_disco_00069/track.npy,gtzan,1.0,0.9451335758110653,0.9451335758110653,0.9451335758110653,1.0,1.0,1.0,1.0,1.0,0.9306420095487821,0.9306420095487821,0.9306420095487821,1.0,1.0,1.0,1.0,54.0,0.0,0.0,0.05215873808594726,13.0,0.0,0.0,0.01797864421992057,0.0,/media/mengh/SharedData/zhanh/auto_structbeat/caches/pilot/mscnn_final_last_gtzan/gtzan__gtzan_disco_00069__track.npy.npz
mscnn_gtzan,direct,gtzan/gtzan_disco_00070/track.npy,gtzan,1.0,0.9208870849748366,0.9208870849748366,0.9208870849748366,1.0,1.0,1.0,1.0,1.0,0.9073441466009221,0.9073441466009221,0.9073441466009221,1.0,1.0,1.0,1.0,55.0,0.0,0.0,0.036367644170878524,14.0,0.0,0.0,0.02242156465215947,0.0,/media/mengh/SharedData/zhanh/auto_structbeat/caches/pilot/mscnn_final_last_gtzan/gtzan__gtzan_disco_00070__track.npy.npz
mscnn_gtzan,direct,gtzan/gtzan_disco_00071/track.npy,gtzan,1.0,0.978032170361608,0.978032170361608,0.978032170361608,1.0,1.0,1.0,1.0,1.0,0.9846815813340485,0.9846815813340485,0.9846815813340485,1.0,1.0,1.0,1.0,57.0,0.0,0.0,0.048650621234113976,14.0,0.0,0.0,0.013784996911812397,0.0,/media/mengh/SharedData/zhanh/auto_structbeat/caches/pilot/mscnn_final_last_gtzan/gtzan__gtzan_disco_00071__track.npy.npz
mscnn_gtzan,direct,gtzan/gtzan_disco_00072/track.npy,gtzan,0.9739130434782608,0.8251734462695017,0.8251734462695017,0.8251734462695017,0.9310344827586207,0.9655172413793104,0.9310344827586207,0.9655172413793104,0.7096774193548386,0.6612550798432725,0.6612550798432725,0.6612550798432725,0.29411764705882354,0.5294117647058824,0.29411764705882354,0.5294117647058824,70.0,0.014492753623188406,0.014492753623188406,0.09531017980431972,20.0,0.0,0.0,0.7717688563574795,0.0,/media/mengh/SharedData/zhanh/auto_structbeat/caches/pilot/mscnn_final_last_gtzan/gtzan__gtzan_disco_00072__track.npy.npz
mscnn_gtzan,direct,gtzan/gtzan_disco_00073/track.npy,gtzan,1.0,0.9694969678544941,0.9694969678544941,0.9694969678544941,1.0,1.0,1.0,1.0,0.8571428571428571,0.8296683055593502,0.8296683055593502,0.8296683055593502,0.3125,0.5,0.3125,0.5,57.0,0.0,0.0,0.03774032798285287,19.0,0.0,0.0,0.7046123803670052,0.0,/media/mengh/SharedData/zhanh/auto_structbeat/caches/pilot/mscnn_final_last_gtzan/gtzan__gtzan_disco_00073__track.npy.npz
mscnn_gtzan,direct,gtzan/gtzan_disco_00074/track.npy,gtzan,1.0,0.9642985340262902,0.9642985340262902,0.9642985340262902,1.0,1.0,1.0,1.0,1.0,0.9506879063611623,0.9506879063611623,0.9506879063611623,1.0,1.0,1.0,1.0,56.0,0.0,0.0,0.07410797215371821,14.0,0.0,0.0,0.018692133012152425,0.0,/media/mengh/SharedData/zhanh/auto_structbeat/caches/pilot/mscnn_final_last_gtzan/gtzan__gtzan_disco_00074__track.npy.npz
mscnn_gtzan,direct,gtzan/gtzan_disco_00075/track.npy,gtzan,1.0,0.9746483258668796,0.9746483258668796,0.9746483258668796,1.0,1.0,1.0,1.0,1.0,0.9769142586930114,0.9769142586930114,0.9769142586930114,1.0,1.0,1.0,1.0,67.0,0.0,0.0,0.044451762570840825,17.0,0.0,0.0,0.025501857944367223,0.0,/media/mengh/SharedData/zhanh/auto_structbeat/caches/pilot/mscnn_final_last_gtzan/gtzan__gtzan_disco_00075__track.npy.npz
mscnn_gtzan,direct,gtzan/gtzan_disco_00076/track.npy,gtzan,1.0,0.9748900143491953,0.9748900143491953,0.9748900143491953,1.0,1.0,1.0,1.0,0.625,0.6100585603189367,0.7080308311057952,0.6590446957123659,0.3157894736842105,0.3157894736842105,0.3157894736842105,0.3157894736842105,63.0,0.0,0.0,0.04255961441880263,23.0,0.0,0.0,1.0846260466933688,0.0,/media/mengh/SharedData/zhanh/auto_structbeat/caches/pilot/mscnn_final_last_gtzan/gtzan__gtzan_disco_00076__track.npy.npz
mscnn_gtzan,direct,gtzan/gtzan_disco_00077/track.npy,gtzan,0.9896907216494846,0.9653195295866436,0.9653195295866436,0.9653195295866436,0.9795918367346939,0.9795918367346939,0.9795918367346939,0.9795918367346939,0.9600000000000001,0.9286670299976507,0.9286670299976507,0.9286670299976507,0.9230769230769231,0.9230769230769231,0.9230769230769231,0.9230769230769231,59.0,0.0,0.0,0.039220713153283904,15.0,0.0,0.0,0.01960847138837656,0.0,/media/mengh/SharedData/zhanh/auto_structbeat/caches/pilot/mscnn_final_last_gtzan/gtzan__gtzan_disco_00077__track.npy.npz
mscnn_gtzan,direct,gtzan/gtzan_disco_00078/track.npy,gtzan,1.0,0.9504189259734582,0.9504189259734582,0.9504189259734582,1.0,1.0,1.0,1.0,0.9285714285714286,0.8717610130370362,0.8717610130370362,0.8717610130370362,0.8,0.8,0.8,0.8,61.0,0.0,0.0,0.6706358142584661,18.0,0.0,0.0,0.21024696045782332,0.0,/media/mengh/SharedData/zhanh/auto_structbeat/caches/pilot/mscnn_final_last_gtzan/gtzan__gtzan_disco_00078__track.npy.npz
mscnn_gtzan,direct,gtzan/gtzan_disco_00079/track.npy,gtzan,1.0,0.9810020525741783,0.9810020525741783,0.9810020525741783,1.0,1.0,1.0,1.0,1.0,0.9844112815413237,0.9844112815413237,0.9844112815413237,1.0,1.0,1.0,1.0,61.0,0.0,0.0,0.04082199452025603,16.0,0.0,0.0,0.010050335853501392,0.0,/media/mengh/SharedData/zhanh/auto_structbeat/caches/pilot/mscnn_final_last_gtzan/gtzan__gtzan_disco_00079__track.npy.npz
mscnn_gtzan,direct,gtzan/gtzan_disco_00080/track.npy,gtzan,1.0,0.9514054348183985,0.9514054348183985,0.9514054348183985,1.0,1.0,1.0,1.0,1.0,0.9525052912867711,0.9525052912867711,0.9525052912867711,1.0,1.0,1.0,1.0,50.0,0.0,0.0,0.0666913744986746,13.0,0.0,0.0,0.020612086450025158,0.0,/media/mengh/SharedData/zhanh/auto_structbeat/caches/pilot/mscnn_final_last_gtzan/gtzan__gtzan_disco_00080__track.npy.npz
mscnn_gtzan,direct,gtzan/gtzan_disco_00081/track.npy,gtzan,0.9433962264150944,0.868215730637844,0.868215730637844,0.868215730637844,0.8148148148148148,0.8703703703703703,0.8148148148148148,0.8703703703703703,0.9333333333333333,0.8378368780194329,0.8378368780194329,0.8378368780194329,0.75,0.8125,0.75,0.8125,63.0,0.0,0.0,0.6312717768418554,19.0,0.0,0.0,1.573092267820364,0.0,/media/mengh/SharedData/zhanh/auto_structbeat/caches/pilot/mscnn_final_last_gtzan/gtzan__gtzan_disco_00081__track.npy.npz
mscnn_gtzan,direct,gtzan/gtzan_disco_00082/track.npy,gtzan,1.0,0.8763713102624896,0.8763713102624896,0.8763713102624896,1.0,1.0,1.0,1.0,0.962962962962963,0.8297497680364642,0.8297497680364642,0.8297497680364642,0.9285714285714286,0.9285714285714286,0.9285714285714286,0.9285714285714286,62.0,0.0,0.0,0.0408219945202581,16.0,0.0,0.0,0.2528952137670958,0.0,/media/mengh/SharedData/zhanh/auto_structbeat/caches/pilot/mscnn_final_last_gtzan/gtzan__gtzan_disco_00082__track.npy.npz
mscnn_gtzan,direct,gtzan/gtzan_disco_00083/track.npy,gtzan,1.0,0.9803313136089966,0.9803313136089966,0.9803313136089966,1.0,1.0,1.0,1.0,0.6874999999999999,0.6690071594325117,0.9126658539942218,0.7908365067133667,0.1,0.1,0.6521739130434783,0.7391304347826086,58.0,0.0,0.0,0.03922071315328737,24.0,0.0,0.0,0.7029033555053106,0.0,/media/mengh/SharedData/zhanh/auto_structbeat/caches/pilot/mscnn_final_last_gtzan/gtzan__gtzan_disco_00083__track.npy.npz
mscnn_gtzan,direct,gtzan/gtzan_disco_00084/track.npy,gtzan,0.9894736842105264,0.9543054913566146,0.9543054913566146,0.9543054913566146,0.9791666666666666,0.9791666666666666,0.9791666666666666,0.9791666666666666,0.88,0.847723093733897,0.847723093733897,0.847723093733897,0.6428571428571429,0.6428571428571429,0.6428571428571429,0.6428571428571429,58.0,0.0,0.0,0.037740327982850375,17.0,0.0,0.0,0.6892546782265728,0.0,/media/mengh/SharedData/zhanh/auto_structbeat/caches/pilot/mscnn_final_last_gtzan/gtzan__gtzan_disco_00084__track.npy.npz
mscnn_gtzan,direct,gtzan/gtzan_disco_00085/track.npy,gtzan,1.0,0.9791712771726159,0.9791712771726159,0.9791712771726159,1.0,1.0,1.0,1.0,0.787878787878788,0.7622743289257029,0.8699422558923058,0.8161082924090044,0.15,0.3,0.4,0.56,62.0,0.0,0.0,0.04082199452025613,23.0,0.0,0.0,0.7035099675954934,0.0,/media/mengh/SharedData/zhanh/auto_structbeat/caches/pilot/mscnn_final_last_gtzan/gtzan__gtzan_disco_00085__track.npy.npz
mscnn_gtzan,direct,gtzan/gtzan_disco_00086/track.npy,gtzan,1.0,0.9472435935423894,0.9472435935423894,0.9472435935423894,1.0,1.0,1.0,1.0,1.0,0.9653365425987966,0.9653365425987966,0.9653365425987966,1.0,1.0,1.0,1.0,63.0,0.0,0.0,0.04255961441879885,16.0,0.0,0.0,0.014098275329738232,0.0,/media/mengh/SharedData/zhanh/auto_structbeat/caches/pilot/mscnn_final_last_gtzan/gtzan__gtzan_disco_00086__track.npy.npz
mscnn_gtzan,direct,gtzan/gtzan_disco_00087/track.npy,gtzan,1.0,0.9473351039081367,0.9473351039081367,0.9473351039081367,1.0,1.0,1.0,1.0,1.0,0.9710766936315927,0.9710766936315927,0.9710766936315927,1.0,1.0,1.0,1.0,53.0,0.0,0.0,0.03636764417087246,14.0,0.0,0.0,0.13616893977044536,0.0,/media/mengh/SharedData/zhanh/auto_structbeat/caches/pilot/mscnn_final_last_gtzan/gtzan__gtzan_disco_00087__track.npy.npz
mscnn_gtzan,direct,gtzan/gtzan_disco_00088/track.npy,gtzan,1.0,0.9551614980738256,0.9551614980738256,0.9551614980738256,1.0,1.0,1.0,1.0,1.0,0.9486675903490855,0.9486675903490855,0.9486675903490855,1.0,1.0,1.0,1.0,62.0,0.0,0.0,0.04082199452025613,15.0,0.0,0.0,0.01036278703554816,0.0,/media/mengh/SharedData/zhanh/auto_structbeat/caches/pilot/mscnn_final_last_gtzan/gtzan__gtzan_disco_00088__track.npy.npz
mscnn_gtzan,direct,gtzan/gtzan_disco_00089/track.npy,gtzan,0.9908256880733944,0.8992090629301148,0.8992090629301148,0.8992090629301148,0.9818181818181818,0.9818181818181818,0.9818181818181818,0.9818181818181818,0.962962962962963,0.7913763920507433,0.7913763920507433,0.7913763920507433,0.9285714285714286,0.9285714285714286,0.9285714285714286,0.9285714285714286,65.0,0.0,0.0,0.11904322758206025,17.0,0.0,0.0,0.03229876703294771,0.0,/media/mengh/SharedData/zhanh/auto_structbeat/caches/pilot/mscnn_final_last_gtzan/gtzan__gtzan_disco_00089__track.npy.npz
mscnn_gtzan,direct,gtzan/gtzan_disco_00090/track.npy,gtzan,1.0,0.9786950585031543,0.9786950585031543,0.9786950585031543,1.0,1.0,1.0,1.0,0.7647058823529412,0.737177093430002,0.8464764182099691,0.7918267558199856,0.23809523809523808,0.23809523809523808,0.6,0.6,64.0,0.0,0.0,0.04255961441880263,26.0,0.0,0.0,0.02150620522096696,0.0,/media/mengh/SharedData/zhanh/auto_structbeat/caches/pilot/mscnn_final_last_gtzan/gtzan__gtzan_disco_00090__track.npy.npz
mscnn_gtzan,direct,gtzan/gtzan_disco_00091/track.npy,gtzan,1.0,0.958042339494938,0.958042339494938,0.958042339494938,1.0,1.0,1.0,1.0,1.0,0.947724241145689,0.947724241145689,0.947724241145689,1.0,1.0,1.0,1.0,50.0,0.0,0.0,0.0666913744986708,12.0,0.0,0.0,0.01666705248521218,0.0,/media/mengh/SharedData/zhanh/auto_structbeat/caches/pilot/mscnn_final_last_gtzan/gtzan__gtzan_disco_00091__track.npy.npz
mscnn_gtzan,direct,gtzan/gtzan_disco_00092/track.npy,gtzan,1.0,0.9079105176945594,0.9079105176945594,0.9079105176945594,1.0,1.0,1.0,1.0,1.0,0.9099817677686904,0.9099817677686904,0.9099817677686904,1.0,1.0,1.0,1.0,58.0,0.0,0.0,0.04794252790339329,14.0,0.0,0.0,0.019315387696034476,0.0,/media/mengh/SharedData/zhanh/auto_structbeat/caches/pilot/mscnn_final_last_gtzan/gtzan__gtzan_disco_00092__track.npy.npz
mscnn_gtzan,direct,gtzan/gtzan_disco_00093/track.npy,gtzan,1.0,0.977212731267725,0.977212731267725,0.977212731267725,1.0,1.0,1.0,1.0,1.0,0.9708765001943658,0.9708765001943658,0.9708765001943658,1.0,1.0,1.0,1.0,55.0,0.0,0.0,0.07410797215372485,13.0,0.0,0.0,0.013825765665254952,0.0,/media/mengh/SharedData/zhanh/auto_structbeat/caches/pilot/mscnn_final_last_gtzan/gtzan__gtzan_disco_00093__track.npy.npz
mscnn_gtzan,direct,gtzan/gtzan_disco_00094/track.npy,gtzan,1.0,0.9662751961565907,0.9662751961565907,0.9662751961565907,1.0,1.0,1.0,1.0,0.7317073170731707,0.7087955922994691,0.9070203692853982,0.8079079807924336,0.11538461538461539,0.15384615384615385,0.7586206896551724,0.7586206896551724,76.0,0.0,0.05333333333333334,0.2604217997539283,31.0,0.0,0.03333333333333333,0.998236682267869,0.0,/media/mengh/SharedData/zhanh/auto_structbeat/caches/pilot/mscnn_final_last_gtzan/gtzan__gtzan_disco_00094__track.npy.npz
mscnn_gtzan,direct,gtzan/gtzan_disco_00095/track.npy,gtzan,1.0,0.9201643713686487,0.9201643713686487,0.9201643713686487,1.0,1.0,1.0,1.0,1.0,0.9064774011214597,0.9064774011214597,0.9064774011214597,1.0,1.0,1.0,1.0,60.0,0.0,0.0,0.08004270767353637,15.0,0.0,0.0,0.020202707317518786,0.0,/media/mengh/SharedData/zhanh/auto_structbeat/caches/pilot/mscnn_final_last_gtzan/gtzan__gtzan_disco_00095__track.npy.npz
mscnn_gtzan,direct,gtzan/gtzan_disco_00096/track.npy,gtzan,1.0,0.9147235154081049,0.9147235154081049,0.9147235154081049,1.0,1.0,1.0,1.0,1.0,0.905329199546271,0.905329199546271,0.905329199546271,1.0,1.0,1.0,1.0,51.0,0.0,0.0,0.03390155167568665,13.0,0.0,0.0,0.008510689667909133,0.0,/media/mengh/SharedData/zhanh/auto_structbeat/caches/pilot/mscnn_final_last_gtzan/gtzan__gtzan_disco_00096__track.npy.npz
mscnn_gtzan,direct,gtzan/gtzan_disco_00097/track.npy,gtzan,1.0,0.9669299816646156,0.9669299816646156,0.9669299816646156,1.0,1.0,1.0,1.0,1.0,0.9637375770048342,0.9637375770048342,0.9637375770048342,1.0,1.0,1.0,1.0,65.0,0.0,0.0,0.038303652976916173,17.0,0.0,0.0,0.09387226300848606,0.0,/media/mengh/SharedData/zhanh/auto_structbeat/caches/pilot/mscnn_final_last_gtzan/gtzan__gtzan_disco_00097__track.npy.npz
mscnn_gtzan,direct,gtzan/gtzan_disco_00098/track.npy,gtzan,0.9902912621359222,0.7969021606973403,0.7969021606973403,0.7969021606973403,0.9807692307692307,0.9807692307692307,0.9807692307692307,0.9807692307692307,1.0,0.8116168677862231,0.8116168677862231,0.8116168677862231,1.0,1.0,1.0,1.0,62.0,0.0,0.0,0.040821994520261584,17.0,0.0,0.0,1.1300381689558663,0.0,/media/mengh/SharedData/zhanh/auto_structbeat/caches/pilot/mscnn_final_last_gtzan/gtzan__gtzan_disco_00098__track.npy.npz
mscnn_gtzan,direct,gtzan/gtzan_disco_00099/track.npy,gtzan,0.9902912621359222,0.7869975040986695,0.7869975040986695,0.7869975040986695,0.9807692307692307,0.9807692307692307,0.9807692307692307,0.9807692307692307,1.0,0.7984669467633736,0.7984669467633736,0.7984669467633736,1.0,1.0,1.0,1.0,62.0,0.0,0.0,0.040821994520261584,17.0,0.0,0.0,1.1300381689558663,0.0,/media/mengh/SharedData/zhanh/auto_structbeat/caches/pilot/mscnn_final_last_gtzan/gtzan__gtzan_disco_00099__track.npy.npz
mscnn_gtzan,direct,gtzan/gtzan_hiphop_00000/track.npy,gtzan,1.0,0.9581546615195724,0.9581546615195724,0.9581546615195724,1.0,1.0,1.0,1.0,1.0,0.9743762208851449,0.9743762208851449,0.9743762208851449,1.0,1.0,1.0,1.0,60.0,0.0,0.0,0.04082199452025426,16.0,0.0,0.0,0.24854230138483452,0.0,/media/mengh/SharedData/zhanh/auto_structbeat/caches/pilot/mscnn_final_last_gtzan/gtzan__gtzan_hiphop_00000__track.npy.npz
mscnn_gtzan,direct,gtzan/gtzan_hiphop_00001/track.npy,gtzan,0.9743589743589743,0.8972577579007427,0.8972577579007427,0.8972577579007427,0.9743589743589743,0.9743589743589743,0.9743589743589743,0.9743589743589743,0.7200000000000001,0.649883290441391,0.8098591947456698,0.7298712425935304,0.13333333333333333,0.2,0.2631578947368421,0.5789473684210527,46.0,0.0,0.0,0.08761101538382786,17.0,0.0,0.0,0.6878239609902937,0.0,/media/mengh/SharedData/zhanh/auto_structbeat/caches/pilot/mscnn_final_last_gtzan/gtzan__gtzan_hiphop_00001__track.npy.npz
mscnn_gtzan,direct,gtzan/gtzan_hiphop_00002/track.npy,gtzan,1.0,0.9244537441819671,0.9244537441819671,0.9244537441819671,1.0,1.0,1.0,1.0,1.0,0.8789891014475515,0.8789891014475515,0.8789891014475515,1.0,1.0,1.0,1.0,50.0,0.0,0.0,0.06669137449867374,12.0,0.0,0.0,0.016529301951211717,0.0,/media/mengh/SharedData/zhanh/auto_structbeat/caches/pilot/mscnn_final_last_gtzan/gtzan__gtzan_hiphop_00002__track.npy.npz
mscnn_gtzan,direct,gtzan/gtzan_hiphop_00003/track.npy,gtzan,0.9873417721518987,0.967998819303839,0.967998819303839,0.967998819303839,0.975,0.975,0.975,0.975,0.2608695652173913,0.2505682087080546,0.8139086198796892,0.5322384142938719,0.0,0.0,0.3157894736842105,0.46153846153846156,46.0,0.0,0.0,0.03077165866675553,15.0,0.0,0.0,0.6916268090804207,0.0,/media/mengh/SharedData/zhanh/auto_structbeat/caches/pilot/mscnn_final_last_gtzan/gtzan__gtzan_hiphop_00003__track.npy.npz
mscnn_gtzan,direct,gtzan/gtzan_hiphop_00004/track.npy,gtzan,1.0,0.9884668490669097,0.9884668490669097,0.9884668490669097,1.0,1.0,1.0,1.0,0.4615384615384615,0.45204842616409724,0.845109276668379,0.6485788514162381,0.0,0.0,0.5263157894736842,0.631578947368421,48.0,0.0,0.0,0.056601346558924945,20.0,0.0,0.0,0.6931471805599452,0.0,/media/mengh/SharedData/zhanh/auto_structbeat/caches/pilot/mscnn_final_last_gtzan/gtzan__gtzan_hiphop_00004__track.npy.npz
mscnn_gtzan,direct,gtzan/gtzan_hiphop_00005/track.npy,gtzan,0.9747899159663865,0.8781966836673685,0.8781966836673685,0.8781966836673685,0.9666666666666667,0.9666666666666667,0.9666666666666667,0.9666666666666667,0.9333333333333333,0.894254490231991,0.894254490231991,0.894254490231991,1.0,1.0,1.0,1.0,70.0,0.0,0.0,0.09531017980433143,18.0,0.0,0.0,0.0355066884569096,0.0,/media/mengh/SharedData/zhanh/auto_structbeat/caches/pilot/mscnn_final_last_gtzan/gtzan__gtzan_hiphop_00005__track.npy.npz
mscnn_gtzan,direct,gtzan/gtzan_hiphop_00006/track.npy,gtzan,0.9879518072289156,0.9604778585279016,0.9604778585279016,0.9604778585279016,0.9761904761904762,0.9761904761904762,0.9761904761904762,0.9761904761904762,0.6153846153846154,0.597822498318785,0.8324131834468963,0.7151178408828407,0.0625,0.125,0.2631578947368421,0.5789473684210527,50.0,0.0,0.0,0.06669137449867063,20.0,0.0,0.0,0.6943920009821504,0.0,/media/mengh/SharedData/zhanh/auto_structbeat/caches/pilot/mscnn_final_last_gtzan/gtzan__gtzan_hiphop_00006__track.npy.npz
mscnn_gtzan,direct,gtzan/gtzan_hiphop_00007/track.npy,gtzan,0.8545454545454546,0.818816080839274,0.818816080839274,0.818816080839274,0.2833333333333333,0.7833333333333333,0.2833333333333333,0.7833333333333333,0.888888888888889,0.8635629668357921,0.8635629668357921,0.8635629668357921,0.9285714285714286,0.9285714285714286,0.9285714285714286,0.9285714285714286,71.0,0.15714285714285714,0.15714285714285714,1.8325814637483,16.0,0.06666666666666667,0.06666666666666667,3.1820175659675662,0.0,/media/mengh/SharedData/zhanh/auto_structbeat/caches/pilot/mscnn_final_last_gtzan/gtzan__gtzan_hiphop_00007__track.npy.npz
mscnn_gtzan,direct,gtzan/gtzan_hiphop_00008/track.npy,gtzan,0.8860759493670887,0.7830724735880983,0.7830724735880983,0.7830724735880983,0.4883720930232558,0.6976744186046512,0.4883720930232558,0.6976744186046512,0.5,0.4319235824236302,0.4319235824236302,0.4319235824236302,0.45454545454545453,0.45454545454545453,0.45454545454545453,0.45454545454545453,50.0,0.02040816326530612,0.02040816326530612,0.710956513782224,14.0,0.0,0.0,1.037040532343133,0.0,/media/mengh/SharedData/zhanh/auto_structbeat/caches/pilot/mscnn_final_last_gtzan/gtzan__gtzan_hiphop_00008__track.npy.npz
mscnn_gtzan,direct,gtzan/gtzan_hiphop_00009/track.npy,gtzan,0.9655172413793104,0.8784598421422838,0.8784598421422838,0.8784598421422838,0.9545454545454546,0.9545454545454546,0.9545454545454546,0.9545454545454546,0.9523809523809523,0.838581907861222,0.838581907861222,0.838581907861222,0.9090909090909091,0.9090909090909091,0.9090909090909091,0.9090909090909091,52.0,0.0,0.0,0.06795719784222497,13.0,0.0,0.0,0.01724180643450568,0.0,/media/mengh/SharedData/zhanh/auto_structbeat/caches/pilot/mscnn_final_last_gtzan/gtzan__gtzan_hiphop_00009__track.npy.npz
mscnn_gtzan,direct,gtzan/gtzan_hiphop_00010/track.npy,gtzan,0.9876543209876543,0.9290238035791603,0.9290238035791603,0.9290238035791603,0.975609756097561,0.975609756097561,0.975609756097561,0.975609756097561,0.9473684210526316,0.8938343890107432,0.8938343890107432,0.8938343890107432,0.7,0.8,0.7,0.8,48.0,0.0,0.0,0.06453852113757189,11.0,0.0,0.0,0.7019585048478412,0.0,/media/mengh/SharedData/zhanh/auto_structbeat/caches/pilot/mscnn_final_last_gtzan/gtzan__gtzan_hiphop_00010__track.npy.npz
mscnn_gtzan,direct,gtzan/gtzan_hiphop_00011/track.npy,gtzan,1.0,0.9481279898517031,0.9481279898517031,0.9481279898517031,1.0,1.0,1.0,1.0,0.8333333333333333,0.7812904941203763,0.7812904941203763,0.7812904941203763,0.35714285714285715,0.5,0.35714285714285715,0.5,51.0,0.0,0.0,0.06669137449867674,18.0,0.0,0.0,1.164227532036139,0.0,/media/mengh/SharedData/zhanh/auto_structbeat/caches/pilot/mscnn_final_last_gtzan/gtzan__gtzan_hiphop_00011__track.npy.npz
mscnn_gtzan,direct,gtzan/gtzan_hiphop_00012/track.npy,gtzan,0.9879518072289156,0.9105012197930895,0.9105012197930895,0.9105012197930895,0.9761904761904762,0.9761904761904762,0.9761904761904762,0.9761904761904762,0.9090909090909091,0.8431313278017367,0.8431313278017367,0.8431313278017367,0.6666666666666666,0.6666666666666666,0.6666666666666666,0.6666666666666666,49.0,0.0,0.0,0.06453852113757264,14.0,0.0,0.0,0.6968206703475673,0.0,/media/mengh/SharedData/zhanh/auto_structbeat/caches/pilot/mscnn_final_last_gtzan/gtzan__gtzan_hiphop_00012__track.npy.npz
mscnn_gtzan,direct,gtzan/gtzan_hiphop_00013/track.npy,gtzan,1.0,0.9621145584823092,0.9621145584823092,0.9621145584823092,1.0,1.0,1.0,1.0,0.5641025641025641,0.5435364476377899,0.6275440937463677,0.5855402706920787,0.17857142857142858,0.17857142857142858,0.17857142857142858,0.17857142857142858,51.0,0.0,0.0,0.03390155167568665,30.0,0.0,0.0,1.0874389880699886,0.0,/media/mengh/SharedData/zhanh/auto_structbeat/caches/pilot/mscnn_final_last_gtzan/gtzan__gtzan_hiphop_00013__track.npy.npz
mscnn_gtzan,direct,gtzan/gtzan_hiphop_00014/track.npy,gtzan,1.0,0.9394373001375126,0.9394373001375126,0.9394373001375126,1.0,1.0,1.0,1.0,0.7878787878787878,0.7656961569753241,0.7656961569753241,0.7656961569753241,0.2631578947368421,0.47368421052631576,0.2631578947368421,0.47368421052631576,67.0,0.0,0.0,0.16325952083309256,30.0,0.0,0.0,1.0691984034618192,0.0,/media/mengh/SharedData/zhanh/auto_structbeat/caches/pilot/mscnn_final_last_gtzan/gtzan__gtzan_hiphop_00014__track.npy.npz
mscnn_gtzan,direct,gtzan/gtzan_hiphop_00015/track.npy,gtzan,1.0,0.9136140005034322,0.9136140005034322,0.9136140005034322,1.0,1.0,1.0,1.0,0.9523809523809523,0.8930964521228647,0.8930964521228647,0.8930964521228647,0.6363636363636364,0.8181818181818182,0.6363636363636364,0.8181818181818182,50.0,0.0,0.0,0.06669137449866863,13.0,0.0,0.0,0.6972965819672943,0.0,/media/mengh/SharedData/zhanh/auto_structbeat/caches/pilot/mscnn_final_last_gtzan/gtzan__gtzan_hiphop_00015__track.npy.npz
mscnn_gtzan,direct,gtzan/gtzan_hiphop_00016/track.npy,gtzan,1.0,0.9504712777923852,0.9504712777923852,0.9504712777923852,1.0,1.0,1.0,1.0,0.8695652173913044,0.8195106860898719,0.8195106860898719,0.8195106860898719,0.38461538461538464,0.5384615384615384,0.38461538461538464,0.5384615384615384,51.0,0.0,0.0,0.03390155167568665,16.0,0.0,0.0,0.7015860492058097,0.0,/media/mengh/SharedData/zhanh/auto_structbeat/caches/pilot/mscnn_final_last_gtzan/gtzan__gtzan_hiphop_00016__track.npy.npz
mscnn_gtzan,direct,gtzan/gtzan_hiphop_00017/track.npy,gtzan,0.9876543209876543,0.959140615333448,0.959140615333448,0.959140615333448,0.975609756097561,0.975609756097561,0.975609756097561,0.975609756097561,1.0,0.9767279467297625,0.9767279467297625,0.9767279467297625,1.0,1.0,1.0,1.0,49.0,0.0,0.0,0.05501391164319759,12.0,0.0,0.0,0.0162605208717805,0.0,/media/mengh/SharedData/zhanh/auto_structbeat/caches/pilot/mscnn_final_last_gtzan/gtzan__gtzan_hiphop_00017__track.npy.npz
mscnn_gtzan,direct,gtzan/gtzan_hiphop_00018/track.npy,gtzan,0.5132743362831859,0.3698952138003425,0.3712771274706832,0.37058617063551286,0.07246376811594203,0.21739130434782608,0.07246376811594203,0.21739130434782608,0.3333333333333333,0.255204842419392,0.2773027468863451,0.2662537946528686,0.12,0.2,0.12,0.2,79.0,0.08974358974358974,0.15384615384615385,1.1752757341689577,30.0,0.034482758620689655,0.13793103448275862,2.17203385246744,0.0,/media/mengh/SharedData/zhanh/auto_structbeat/caches/pilot/mscnn_final_last_gtzan/gtzan__gtzan_hiphop_00018__track.npy.npz
mscnn_gtzan,direct,gtzan/gtzan_hiphop_00019/track.npy,gtzan,1.0,0.951207221359439,0.951207221359439,0.951207221359439,1.0,1.0,1.0,1.0,1.0,0.9460072503283441,0.9460072503283441,0.9460072503283441,1.0,1.0,1.0,1.0,51.0,0.0,0.0,0.05357544536947342,15.0,0.0,0.0,0.5646020154377832,0.0,/media/mengh/SharedData/zhanh/auto_structbeat/caches/pilot/mscnn_final_last_gtzan/gtzan__gtzan_hiphop_00019__track.npy.npz
mscnn_gtzan,direct,gtzan/gtzan_hiphop_00020/track.npy,gtzan,0.9896907216494846,0.9361694636051089,0.9361694636051089,0.9361694636051089,0.9795918367346939,0.9795918367346939,0.9795918367346939,0.9795918367346939,0.9230769230769231,0.8868830121413513,0.8868830121413513,0.8868830121413513,0.9230769230769231,0.9230769230769231,0.9230769230769231,0.9230769230769231,58.0,0.0,0.0,0.04370513832495232,15.0,0.0,0.0,0.1357128228357959,0.0,/media/mengh/SharedData/zhanh/auto_structbeat/caches/pilot/mscnn_final_last_gtzan/gtzan__gtzan_hiphop_00020__track.npy.npz
mscnn_gtzan,direct,gtzan/gtzan_hiphop_00021/track.npy,gtzan,1.0,0.9649325093865632,0.9649325093865632,0.9649325093865632,1.0,1.0,1.0,1.0,0.8695652173913044,0.8565469876971953,0.8565469876971953,0.8565469876971953,0.3076923076923077,0.6153846153846154,0.3076923076923077,0.6153846153846154,50.0,0.0,0.0,0.055214936510627234,15.0,0.0,0.0,0.7015860492058102,0.0,/media/mengh/SharedData/zhanh/auto_structbeat/caches/pilot/mscnn_final_last_gtzan/gtzan__gtzan_hiphop_00021__track.npy.npz
mscnn_gtzan,direct,gtzan/gtzan_hiphop_00022/track.npy,gtzan,1.0,0.961776438631796,0.961776438631796,0.961776438631796,1.0,1.0,1.0,1.0,1.0,0.9653453534826123,0.9653453534826123,0.9653453534826123,1.0,1.0,1.0,1.0,51.0,0.0,0.0,0.06807227269164434,13.0,0.0,0.0,0.008438868645865183,0.0,/media/mengh/SharedData/zhanh/auto_structbeat/caches/pilot/mscnn_final_last_gtzan/gtzan__gtzan_hiphop_00022__track.npy.npz
mscnn_gtzan,direct,gtzan/gtzan_hiphop_00023/track.npy,gtzan,0.9873417721518987,0.9298587987512582,0.9298587987512582,0.9298587987512582,0.975,0.975,0.975,0.975,0.8571428571428572,0.8152116158866398,0.8152116158866398,0.8152116158866398,0.45454545454545453,0.7272727272727273,0.45454545454545453,0.7272727272727273,47.0,0.0,0.0,0.03174869831458469,13.0,0.0,0.0,0.7088955375280848,0.0,/media/mengh/SharedData/zhanh/auto_structbeat/caches/pilot/mscnn_final_last_gtzan/gtzan__gtzan_hiphop_00023__track.npy.npz
mscnn_gtzan,direct,gtzan/gtzan_hiphop_00024/track.npy,gtzan,1.0,0.979243449747314,0.979243449747314,0.979243449747314,1.0,1.0,1.0,1.0,1.0,0.9790376191803426,0.9790376191803426,0.9790376191803426,1.0,1.0,1.0,1.0,51.0,0.0,0.0,0.03390155167568665,13.0,0.0,0.0,0.021241430159469332,0.0,/media/mengh/SharedData/zhanh/auto_structbeat/caches/pilot/mscnn_final_last_gtzan/gtzan__gtzan_hiphop_00024__track.npy.npz
mscnn_gtzan,direct,gtzan/gtzan_hiphop_00025/track.npy,gtzan,1.0,0.9107419450627866,0.9107419450627866,0.9107419450627866,1.0,1.0,1.0,1.0,1.0,0.932107732664178,0.932107732664178,0.932107732664178,1.0,1.0,1.0,1.0,53.0,0.0,0.0,0.10536051565782634,13.0,0.0,0.0,0.00884978854970031,0.0,/media/mengh/SharedData/zhanh/auto_structbeat/caches/pilot/mscnn_final_last_gtzan/gtzan__gtzan_hiphop_00025__track.npy.npz
mscnn_gtzan,direct,gtzan/gtzan_hiphop_00026/track.npy,gtzan,1.0,0.9431673917174387,0.9431673917174387,0.9431673917174387,1.0,1.0,1.0,1.0,1.0,0.9065079138548231,0.9065079138548231,0.9065079138548231,1.0,1.0,1.0,1.0,52.0,0.0,0.0,0.05373717323289365,13.0,0.0,0.0,0.012730123990841391,0.0,/media/mengh/SharedData/zhanh/auto_structbeat/caches/pilot/mscnn_final_last_gtzan/gtzan__gtzan_hiphop_00026__track.npy.npz
mscnn_gtzan,direct,gtzan/gtzan_hiphop_00027/track.npy,gtzan,1.0,0.9567532270190426,0.9567532270190426,0.9567532270190426,1.0,1.0,1.0,1.0,0.3157894736842105,0.2870456638321261,0.6275551838600208,0.4573004238460735,0.1,0.1,0.3333333333333333,0.4444444444444444,46.0,0.0,0.0,0.05614667734398174,11.0,0.0,0.0,0.6901053408058576,0.0,/media/mengh/SharedData/zhanh/auto_structbeat/caches/pilot/mscnn_final_last_gtzan/gtzan__gtzan_hiphop_00027__track.npy.npz
mscnn_gtzan,direct,gtzan/gtzan_hiphop_00028/track.npy,gtzan,0.7894736842105263,0.5873397338851489,0.5873397338851489,0.5873397338851489,1.0,1.0,1.0,1.0,0.7000000000000001,0.4614042268985254,0.4614042268985254,0.4614042268985254,0.8181818181818182,0.8181818181818182,0.8181818181818182,0.8181818181818182,45.0,0.0,0.0,0.08961215868968755,15.0,0.0,0.0,0.7034476874209159,0.0,/media/mengh/SharedData/zhanh/auto_structbeat/caches/pilot/mscnn_final_last_gtzan/gtzan__gtzan_hiphop_00028__track.npy.npz
mscnn_gtzan,direct,gtzan/gtzan_hiphop_00029/track.npy,gtzan,0.9411764705882353,0.9163913062874661,0.9163913062874661,0.9163913062874661,0.6666666666666666,0.8,0.6666666666666666,0.8,0.9523809523809523,0.9378537271036061,0.9378537271036061,0.9378537271036061,0.9090909090909091,0.9090909090909091,0.9090909090909091,0.9090909090909091,53.0,0.019230769230769232,0.019230769230769232,0.7104899595538898,13.0,0.08333333333333333,0.08333333333333333,1.7367590216208788,0.0,/media/mengh/SharedData/zhanh/auto_structbeat/caches/pilot/mscnn_final_last_gtzan/gtzan__gtzan_hiphop_00029__track.npy.npz
mscnn_gtzan,direct,gtzan/gtzan_hiphop_00030/track.npy,gtzan,0.43478260869565216,0.40596727713340697,0.769721583688912,0.5878444304111594,0.009174311926605505,0.03669724770642202,0.1651376146788991,0.3119266055045872,0.03508771929824561,0.03462702840834393,0.10319250509430991,0.06890976675132693,0.10526315789473684,0.10526315789473684,0.10526315789473684,0.10526315789473684,130.0,0.08527131782945736,0.5658914728682171,0.9516440023621197,48.0,0.0425531914893617,0.23404255319148937,1.9992505443612276,0.0,/media/mengh/SharedData/zhanh/auto_structbeat/caches/pilot/mscnn_final_last_gtzan/gtzan__gtzan_hiphop_00030__track.npy.npz
mscnn_gtzan,direct,gtzan/gtzan_hiphop_00031/track.npy,gtzan,1.0,0.975048135095073,0.975048135095073,0.975048135095073,1.0,1.0,1.0,1.0,1.0,0.9809869883117592,0.9809869883117592,0.9809869883117592,1.0,1.0,1.0,1.0,50.0,0.0,0.0,0.03390155167568665,13.0,0.0,0.0,0.3465735902799728,0.0,/media/mengh/SharedData/zhanh/auto_structbeat/caches/pilot/mscnn_final_last_gtzan/gtzan__gtzan_hiphop_00031__track.npy.npz
mscnn_gtzan,direct,gtzan/gtzan_hiphop_00032/track.npy,gtzan,0.9879518072289156,0.7318072172949363,0.7318072172949363,0.7318072172949363,0.9761904761904762,0.9761904761904762,0.9761904761904762,0.9761904761904762,1.0,0.8161233340125847,0.8161233340125847,0.8161233340125847,1.0,1.0,1.0,1.0,51.0,0.0,0.0,0.06807227269164123,13.0,0.0,0.0,0.036944816854208196,0.0,/media/mengh/SharedData/zhanh/auto_structbeat/caches/pilot/mscnn_final_last_gtzan/gtzan__gtzan_hiphop_00032__track.npy.npz
mscnn_gtzan,direct,gtzan/gtzan_hiphop_00033/track.npy,gtzan,1.0,0.9587558808278099,0.9587558808278099,0.9587558808278099,1.0,1.0,1.0,1.0,0.9523809523809523,0.8894501569870356,0.8894501569870356,0.8894501569870356,0.45454545454545453,0.8181818181818182,0.45454545454545453,0.8181818181818182,49.0,0.0,0.0,0.11998023387998327,13.0,0.0,0.0,0.693147180559945,0.0,/media/mengh/SharedData/zhanh/auto_structbeat/caches/pilot/mscnn_final_last_gtzan/gtzan__gtzan_hiphop_00033__track.npy.npz
mscnn_gtzan,direct,gtzan/gtzan_hiphop_00034/track.npy,gtzan,0.9024390243902439,0.767874848429242,0.767874848429242,0.767874848429242,1.0,1.0,1.0,1.0,0.9,0.8224979476741014,0.8224979476741014,0.8224979476741014,1.0,1.0,1.0,1.0,50.0,0.0,0.0,0.06669137449867313,12.0,0.0,0.0,0.02977042236344994,0.0,/media/mengh/SharedData/zhanh/auto_structbeat/caches/pilot/mscnn_final_last_gtzan/gtzan__gtzan_hiphop_00034__track.npy.npz
mscnn_gtzan,direct,gtzan/gtzan_hiphop_00035/track.npy,gtzan,0.9863013698630138,0.9546956092390239,0.9546956092390239,0.9546956092390239,0.8918918918918919,0.972972972972973,0.8918918918918919,0.972972972972973,1.0,0.9620482822140001,0.9620482822140001,0.9620482822140001,1.0,1.0,1.0,1.0,44.0,0.023255813953488372,0.023255813953488372,0.11467237643130244,11.0,0.0,0.0,0.007017572658646554,0.0,/media/mengh/SharedData/zhanh/auto_structbeat/caches/pilot/mscnn_final_last_gtzan/gtzan__gtzan_hiphop_00035__track.npy.npz
mscnn_gtzan,direct,gtzan/gtzan_hiphop_00036/track.npy,gtzan,0.8727272727272728,0.8136420757532996,0.8136420757532996,0.8136420757532996,0.2,0.7666666666666667,0.2,0.7666666666666667,0.9230769230769231,0.8650943939081824,0.8650943939081824,0.8650943939081824,0.8461538461538461,0.9230769230769231,0.8461538461538461,0.9230769230769231,62.0,0.18032786885245902,0.18032786885245902,1.8325814637483089,15.0,0.07142857142857142,0.07142857142857142,3.2207666742745484,0.0,/media/mengh/SharedData/zhanh/auto_structbeat/caches/pilot/mscnn_final_last_gtzan/gtzan__gtzan_hiphop_00036__track.npy.npz
mscnn_gtzan,direct,gtzan/gtzan_hiphop_00037/track.npy,gtzan,1.0,0.9702214250269601,0.9702214250269601,0.9702214250269601,1.0,1.0,1.0,1.0,1.0,0.9783447560139282,0.9783447560139282,0.9783447560139282,1.0,1.0,1.0,1.0,39.0,0.0,0.0,0.14330673670321079,12.0,0.0,0.0,0.6605595542904042,0.0,/media/mengh/SharedData/zhanh/auto_structbeat/caches/pilot/mscnn_final_last_gtzan/gtzan__gtzan_hiphop_00037__track.npy.npz
mscnn_gtzan,direct,gtzan/gtzan_hiphop_00038/track.npy,gtzan,1.0,0.9824435166205371,0.9824435166205371,0.9824435166205371,1.0,1.0,1.0,1.0,1.0,0.9782936802415405,0.9782936802415405,0.9782936802415405,1.0,1.0,1.0,1.0,43.0,0.0,0.0,0.06062462181643358,11.0,0.0,0.0,0.0076045993852190685,0.0,/media/mengh/SharedData/zhanh/auto_structbeat/caches/pilot/mscnn_final_last_gtzan/gtzan__gtzan_hiphop_00038__track.npy.npz
mscnn_gtzan,direct,gtzan/gtzan_hiphop_00039/track.npy,gtzan,0.9879518072289156,0.9500462189282698,0.9500462189282698,0.9500462189282698,0.6904761904761905,0.9761904761904762,0.6904761904761905,0.9761904761904762,1.0,0.9602235779693675,0.9602235779693675,0.9602235779693675,1.0,1.0,1.0,1.0,50.0,0.02040816326530612,0.02040816326530612,0.054461437834244675,13.0,0.0,0.0,0.007905179507114446,0.0,/media/mengh/SharedData/zhanh/auto_structbeat/caches/pilot/mscnn_final_last_gtzan/gtzan__gtzan_hiphop_00039__track.npy.npz
mscnn_gtzan,direct,gtzan/gtzan_hiphop_00040/track.npy,gtzan,1.0,0.9310887256716682,0.9310887256716682,0.9310887256716682,1.0,1.0,1.0,1.0,0.9411764705882353,0.9116526715994004,0.9116526715994004,0.9116526715994004,0.4444444444444444,0.7777777777777778,0.4444444444444444,0.7777777777777778,41.0,0.0,0.0,0.05645665329022032,11.0,0.0,0.0,0.6931471805599456,0.0,/media/mengh/SharedData/zhanh/auto_structbeat/caches/pilot/mscnn_final_last_gtzan/gtzan__gtzan_hiphop_00040__track.npy.npz
mscnn_gtzan,direct,gtzan/gtzan_hiphop_00041/track.npy,gtzan,0.975,0.9509504507137441,0.9509504507137441,0.9509504507137441,0.8048780487804879,0.9512195121951219,0.8048780487804879,0.9512195121951219,1.0,0.9715237296619943,0.9715237296619943,0.9715237296619943,1.0,1.0,1.0,1.0,51.0,0.02,0.04,1.1209585039030532,15.0,0.0,0.07142857142857142,1.9384393258113757,0.0,/media/mengh/SharedData/zhanh/auto_structbeat/caches/pilot/mscnn_final_last_gtzan/gtzan__gtzan_hiphop_00041__track.npy.npz
mscnn_gtzan,direct,gtzan/gtzan_hiphop_00042/track.npy,gtzan,1.0,0.7480202803287909,0.7480202803287909,0.7480202803287909,1.0,1.0,1.0,1.0,0.09523809523809525,0.07322724285055172,0.6810930276934318,0.37716013527199177,0.0,0.0,0.8181818181818182,0.8181818181818182,47.0,0.0,0.0,0.06062462181643358,13.0,0.0,0.0,0.34282825441539394,0.0,/media/mengh/SharedData/zhanh/auto_structbeat/caches/pilot/mscnn_final_last_gtzan/gtzan__gtzan_hiphop_00042__track.npy.npz
mscnn_gtzan,direct,gtzan/gtzan_hiphop_00043/track.npy,gtzan,1.0,0.9565301075039981,0.9565301075039981,0.9565301075039981,1.0,1.0,1.0,1.0,0.8421052631578948,0.8190059207668442,0.8190059207668442,0.8190059207668442,0.7,0.7,0.7,0.7,48.0,0.0,0.0,0.4185985747321692,15.0,0.0,0.0,1.3297639282817184,0.0,/media/mengh/SharedData/zhanh/auto_structbeat/caches/pilot/mscnn_final_last_gtzan/gtzan__gtzan_hiphop_00043__track.npy.npz
mscnn_gtzan,direct,gtzan/gtzan_hiphop_00044/track.npy,gtzan,0.7157894736842104,0.5970856029513171,0.5970856029513171,0.5970856029513171,0.5,0.56,0.5,0.56,0.07692307692307693,0.021387493648822888,0.029267084258230897,0.025327288953526893,0.0,0.0,0.0,0.0,46.0,0.0,0.022222222222222223,0.6840534872874878,14.0,0.0,0.0,0.7918703911236484,0.0,/media/mengh/SharedData/zhanh/auto_structbeat/caches/pilot/mscnn_final_last_gtzan/gtzan__gtzan_hiphop_00044__track.npy.npz
mscnn_gtzan,direct,gtzan/gtzan_hiphop_00045/track.npy,gtzan,0.9879518072289156,0.9500462189282698,0.9500462189282698,0.9500462189282698,0.6904761904761905,0.9761904761904762,0.6904761904761905,0.9761904761904762,1.0,0.9602235779693675,0.9602235779693675,0.9602235779693675,1.0,1.0,1.0,1.0,50.0,0.02040816326530612,0.02040816326530612,0.054461437834244675,13.0,0.0,0.0,0.007905179507114446,0.0,/media/mengh/SharedData/zhanh/auto_structbeat/caches/pilot/mscnn_final_last_gtzan/gtzan__gtzan_hiphop_00045__track.npy.npz
mscnn_gtzan,direct,gtzan/gtzan_hiphop_00046/track.npy,gtzan,0.8988764044943819,0.8788071341961229,0.8788071341961229,0.8788071341961229,0.375,0.6875,0.375,0.6875,0.6428571428571428,0.6335537451617512,0.7936047340751516,0.7135792396184515,0.11764705882352941,0.23529411764705882,0.42857142857142855,0.5714285714285714,56.0,0.0,0.0,0.6613984822453639,19.0,0.0,0.0,0.7011793522572096,0.0,/media/mengh/SharedData/zhanh/auto_structbeat/caches/pilot/mscnn_final_last_gtzan/gtzan__gtzan_hiphop_00046__track.npy.npz
mscnn_gtzan,direct,gtzan/gtzan_hiphop_00047/track.npy,gtzan,0.8421052631578947,0.8280905785217618,0.8280905785217618,0.8280905785217618,0.46296296296296297,0.48148148148148145,0.46296296296296297,0.48148148148148145,0.8333333333333333,0.8168786618665557,0.8288977500873976,0.8228882059769766,0.42857142857142855,0.42857142857142855,0.42857142857142855,0.42857142857142855,62.0,0.0,0.0,0.22074506388806245,16.0,0.0,0.0,0.2531708517626399,0.0,/media/mengh/SharedData/zhanh/auto_structbeat/caches/pilot/mscnn_final_last_gtzan/gtzan__gtzan_hiphop_00047__track.npy.npz
mscnn_gtzan,direct,gtzan/gtzan_hiphop_00048/track.npy,gtzan,1.0,0.9618018138168443,0.9618018138168443,0.9618018138168443,1.0,1.0,1.0,1.0,1.0,0.9775650254867614,0.9775650254867614,0.9775650254867614,1.0,1.0,1.0,1.0,49.0,0.0,0.0,0.06453852113757563,13.0,0.0,0.0,0.6971632664085774,0.0,/media/mengh/SharedData/zhanh/auto_structbeat/caches/pilot/mscnn_final_last_gtzan/gtzan__gtzan_hiphop_00048__track.npy.npz
mscnn_gtzan,direct,gtzan/gtzan_hiphop_00049/track.npy,gtzan,0.9523809523809523,0.9240389415074145,0.9240389415074145,0.9240389415074145,0.7619047619047619,0.9285714285714286,0.7619047619047619,0.9285714285714286,0.9090909090909091,0.8784140596276715,0.8784140596276715,0.8784140596276715,1.0,1.0,1.0,1.0,51.0,0.0,0.0,0.03390155167568665,13.0,0.0,0.0,0.012730123990841224,0.0,/media/mengh/SharedData/zhanh/auto_structbeat/caches/pilot/mscnn_final_last_gtzan/gtzan__gtzan_hiphop_00049__track.npy.npz
mscnn_gtzan,direct,gtzan/gtzan_hiphop_00050/track.npy,gtzan,0.9879518072289156,0.8802158420608632,0.8802158420608632,0.8802158420608632,0.9761904761904762,0.9761904761904762,0.9761904761904762,0.9761904761904762,1.0,0.940128055582265,0.940128055582265,0.940128055582265,1.0,1.0,1.0,1.0,49.0,0.0,0.0,0.06453852113757264,12.0,0.0,0.0,0.008163310639161554,0.0,/media/mengh/SharedData/zhanh/auto_structbeat/caches/pilot/mscnn_final_last_gtzan/gtzan__gtzan_hiphop_00050__track.npy.npz
mscnn_gtzan,direct,gtzan/gtzan_hiphop_00051/track.npy,gtzan,1.0,0.8814507245111521,0.8814507245111521,0.8814507245111521,1.0,1.0,1.0,1.0,1.0,0.8763207404054881,0.8763207404054881,0.8763207404054881,1.0,1.0,1.0,1.0,53.0,0.0,0.0,0.06899287148695155,13.0,0.0,0.0,0.021873341022466353,0.0,/media/mengh/SharedData/zhanh/auto_structbeat/caches/pilot/mscnn_final_last_gtzan/gtzan__gtzan_hiphop_00051__track.npy.npz
mscnn_gtzan,direct,gtzan/gtzan_hiphop_00052/track.npy,gtzan,0.9887640449438202,0.9157043025126804,0.9157043025126804,0.9157043025126804,0.8666666666666667,0.9777777777777777,0.8666666666666667,0.9777777777777777,1.0,0.9596529071592059,0.9596529071592059,0.9596529071592059,1.0,1.0,1.0,1.0,54.0,0.018867924528301886,0.018867924528301886,0.10536051565783022,13.0,0.0,0.0,0.008733679968755959,0.0,/media/mengh/SharedData/zhanh/auto_structbeat/caches/pilot/mscnn_final_last_gtzan/gtzan__gtzan_hiphop_00052__track.npy.npz
mscnn_gtzan,direct,gtzan/gtzan_hiphop_00053/track.npy,gtzan,1.0,0.979163747224845,0.979163747224845,0.979163747224845,1.0,1.0,1.0,1.0,0.9565217391304348,0.9444018405105016,0.9444018405105016,0.9444018405105016,0.9166666666666666,0.9166666666666666,0.9166666666666666,0.9166666666666666,55.0,0.0,0.0,0.07145896398214668,14.0,0.0,0.0,0.32589883526241264,0.0,/media/mengh/SharedData/zhanh/auto_structbeat/caches/pilot/mscnn_final_last_gtzan/gtzan__gtzan_hiphop_00053__track.npy.npz
mscnn_gtzan,direct,gtzan/gtzan_hiphop_00054/track.npy,gtzan,0.5148514851485148,0.48237544718493364,0.48237544718493364,0.48237544718493364,0.23636363636363636,0.8,0.23636363636363636,0.8,0.4166666666666667,0.24096279582864968,0.24096279582864968,0.24096279582864968,1.0,1.0,1.0,1.0,68.0,0.16417910447761194,0.16417910447761194,1.8718021769015993,14.0,0.0,0.0,0.040881124419262505,0.0,/media/mengh/SharedData/zhanh/auto_structbeat/caches/pilot/mscnn_final_last_gtzan/gtzan__gtzan_hiphop_00054__track.npy.npz
mscnn_gtzan,direct,gtzan/gtzan_hiphop_00055/track.npy,gtzan,0.9855072463768115,0.9585387243902994,0.9585387243902994,0.9585387243902994,0.6,0.9714285714285714,0.6,0.9714285714285714,1.0,0.9499958469113766,0.9499958469113766,0.9499958469113766,1.0,1.0,1.0,1.0,43.0,0.047619047619047616,0.047619047619047616,2.1102132003466108,10.0,0.0,0.0,0.006825965070401008,0.0,/media/mengh/SharedData/zhanh/auto_structbeat/caches/pilot/mscnn_final_last_gtzan/gtzan__gtzan_hiphop_00055__track.npy.npz
mscnn_gtzan,direct,gtzan/gtzan_hiphop_00056/track.npy,gtzan,1.0,0.9756710548561429,0.9756710548561429,0.9756710548561429,1.0,1.0,1.0,1.0,0.9090909090909091,0.9068296799824346,0.9068296799824346,0.9068296799824346,0.9090909090909091,0.9090909090909091,0.9090909090909091,0.9090909090909091,50.0,0.0,0.0,0.03390155167568665,13.0,0.0,0.0,0.35079302460290557,0.0,/media/mengh/SharedData/zhanh/auto_structbeat/caches/pilot/mscnn_final_last_gtzan/gtzan__gtzan_hiphop_00056__track.npy.npz
mscnn_gtzan,direct,gtzan/gtzan_hiphop_00057/track.npy,gtzan,0.47311827956989244,0.3721197640038791,0.3721197640038791,0.3721197640038791,0.9787234042553191,0.9787234042553191,0.9787234042553191,0.9787234042553191,0.5833333333333334,0.47309502797425224,0.47309502797425224,0.47309502797425224,1.0,1.0,1.0,1.0,55.0,0.0,0.0,0.1823215567939552,14.0,0.0,0.0,0.05505977718302854,0.0,/media/mengh/SharedData/zhanh/auto_structbeat/caches/pilot/mscnn_final_last_gtzan/gtzan__gtzan_hiphop_00057__track.npy.npz
mscnn_gtzan,direct,gtzan/gtzan_hiphop_00058/track.npy,gtzan,0.9736842105263158,0.9282666248913052,0.9282666248913052,0.9282666248913052,1.0,1.0,1.0,1.0,1.0,0.8877666731075551,0.8877666731075551,0.8877666731075551,1.0,1.0,1.0,1.0,46.0,0.0,0.0,0.06062462181643523,11.0,0.0,0.0,0.007547205635383203,0.0,/media/mengh/SharedData/zhanh/auto_structbeat/caches/pilot/mscnn_final_last_gtzan/gtzan__gtzan_hiphop_00058__track.npy.npz
mscnn_gtzan,direct,gtzan/gtzan_hiphop_00059/track.npy,gtzan,1.0,0.8994804673460589,0.8994804673460589,0.8994804673460589,1.0,1.0,1.0,1.0,1.0,0.9196613797774885,0.9196613797774885,0.9196613797774885,1.0,1.0,1.0,1.0,46.0,0.0,0.0,0.030771658666755797,11.0,0.0,0.0,0.015384918839479367,0.0,/media/mengh/SharedData/zhanh/auto_structbeat/caches/pilot/mscnn_final_last_gtzan/gtzan__gtzan_hiphop_00059__track.npy.npz
mscnn_gtzan,direct,gtzan/gtzan_hiphop_00060/track.npy,gtzan,1.0,0.9012588665512599,0.9012588665512599,0.9012588665512599,1.0,1.0,1.0,1.0,0.9,0.793205220167825,0.793205220167825,0.793205220167825,0.45454545454545453,0.7272727272727273,0.45454545454545453,0.7272727272727273,46.0,0.0,0.0,0.03077165866675543,14.0,0.0,0.0,0.7006943861953284,0.0,/media/mengh/SharedData/zhanh/auto_structbeat/caches/pilot/mscnn_final_last_gtzan/gtzan__gtzan_hiphop_00060__track.npy.npz
mscnn_gtzan,direct,gtzan/gtzan_hiphop_00061/track.npy,gtzan,1.0,0.9712511115843026,0.9712511115843026,0.9712511115843026,1.0,1.0,1.0,1.0,1.0,0.9658547738044275,0.9658547738044275,0.9658547738044275,1.0,1.0,1.0,1.0,46.0,0.0,0.0,0.03077165866675558,12.0,0.0,0.0,0.012029265793704016,0.0,/media/mengh/SharedData/zhanh/auto_structbeat/caches/pilot/mscnn_final_last_gtzan/gtzan__gtzan_hiphop_00061__track.npy.npz
mscnn_gtzan,direct,gtzan/gtzan_hiphop_00062/track.npy,gtzan,1.0,0.952165855935709,0.952165855935709,0.952165855935709,1.0,1.0,1.0,1.0,0.0,1.072736193338275e-223,0.8110881864770794,0.4055440932385397,0.0,0.0,0.8,0.8,46.0,0.0,0.0,0.030771658666755797,12.0,0.0,0.0,0.015384918839479355,0.0,/media/mengh/SharedData/zhanh/auto_structbeat/caches/pilot/mscnn_final_last_gtzan/gtzan__gtzan_hiphop_00062__track.npy.npz
mscnn_gtzan,direct,gtzan/gtzan_hiphop_00063/track.npy,gtzan,0.7090909090909091,0.6528283437952568,0.8513464198795002,0.7520873818373786,0.08450704225352113,0.1267605633802817,0.35064935064935066,0.6883116883116883,0.5925925925925926,0.49421358760709483,0.7483157425298723,0.6212646650684835,0.0,0.0,0.8888888888888888,0.8888888888888888,79.0,0.02564102564102564,0.02564102564102564,0.7198534590848582,20.0,0.0,0.0,0.6936818625960275,0.0,/media/mengh/SharedData/zhanh/auto_structbeat/caches/pilot/mscnn_final_last_gtzan/gtzan__gtzan_hiphop_00063__track.npy.npz
mscnn_gtzan,direct,gtzan/gtzan_hiphop_00064/track.npy,gtzan,0.9859154929577464,0.9531239254053034,0.9531239254053034,0.9531239254053034,0.9722222222222222,0.9722222222222222,0.9722222222222222,0.9722222222222222,1.0,0.9405681842020156,0.9405681842020156,0.9405681842020156,1.0,1.0,1.0,1.0,44.0,0.0,0.0,0.057158413839947464,11.0,0.0,0.0,0.014388737452099055,0.0,/media/mengh/SharedData/zhanh/auto_structbeat/caches/pilot/mscnn_final_last_gtzan/gtzan__gtzan_hiphop_00064__track.npy.npz
mscnn_gtzan,direct,gtzan/gtzan_hiphop_00065/track.npy,gtzan,0.9195402298850576,0.9047467355282544,0.9047467355282544,0.9047467355282544,0.19148936170212766,0.723404255319149,0.19148936170212766,0.723404255319149,0.9523809523809523,0.941639700015662,0.941639700015662,0.941639700015662,0.6363636363636364,0.8181818181818182,0.6363636363636364,0.8181818181818182,56.0,0.01818181818181818,0.01818181818181818,0.7576857016975133,14.0,0.0,0.0,0.692379164516667,0.0,/media/mengh/SharedData/zhanh/auto_structbeat/caches/pilot/mscnn_final_last_gtzan/gtzan__gtzan_hiphop_00065__track.npy.npz
mscnn_gtzan,direct,gtzan/gtzan_hiphop_00066/track.npy,gtzan,0.9866666666666666,0.9620707264278263,0.9620707264278263,0.9620707264278263,0.9736842105263158,0.9736842105263158,0.9736842105263158,0.9736842105263158,0.7999999999999999,0.7923312094847541,0.7923312094847541,0.7923312094847541,0.5454545454545454,0.5454545454545454,0.5454545454545454,0.5454545454545454,46.0,0.0,0.0,0.031602142367408395,15.0,0.0,0.0,0.6839866972814735,0.0,/media/mengh/SharedData/zhanh/auto_structbeat/caches/pilot/mscnn_final_last_gtzan/gtzan__gtzan_hiphop_00066__track.npy.npz
mscnn_gtzan,direct,gtzan/gtzan_hiphop_00067/track.npy,gtzan,1.0,0.9770710282557796,0.9770710282557796,0.9770710282557796,1.0,1.0,1.0,1.0,1.0,0.9883306861863819,0.9883306861863819,0.9883306861863819,1.0,1.0,1.0,1.0,49.0,0.0,0.0,0.06453852113756797,12.0,0.0,0.0,0.00809721023261969,0.0,/media/mengh/SharedData/zhanh/auto_structbeat/caches/pilot/mscnn_final_last_gtzan/gtzan__gtzan_hiphop_00067__track.npy.npz
mscnn_gtzan,direct,gtzan/gtzan_hiphop_00068/track.npy,gtzan,1.0,0.9561781541002159,0.9561781541002159,0.9561781541002159,1.0,1.0,1.0,1.0,1.0,0.9598732517631557,0.9598732517631557,0.9598732517631557,1.0,1.0,1.0,1.0,49.0,0.0,0.0,0.0645385211375743,13.0,0.0,0.0,0.012146346284522214,0.0,/media/mengh/SharedData/zhanh/auto_structbeat/caches/pilot/mscnn_final_last_gtzan/gtzan__gtzan_hiphop_00068__track.npy.npz
mscnn_gtzan,direct,gtzan/gtzan_hiphop_00069/track.npy,gtzan,0.9767441860465116,0.8250793138906555,0.8250793138906555,0.8250793138906555,0.9767441860465116,0.9767441860465116,0.9767441860465116,0.9767441860465116,1.0,0.8475919240125347,0.8475919240125347,0.8475919240125347,1.0,1.0,1.0,1.0,51.0,0.0,0.0,0.054956343562446316,13.0,0.0,0.0,0.016949558313773982,0.0,/media/mengh/SharedData/zhanh/auto_structbeat/caches/pilot/mscnn_final_last_gtzan/gtzan__gtzan_hiphop_00069__track.npy.npz
mscnn_gtzan,direct,gtzan/gtzan_hiphop_00070/track.npy,gtzan,0.8247422680412371,0.7867509032132758,0.7875699259009097,0.7871604145570927,0.40350877192982454,0.40350877192982454,0.4177215189873418,0.4177215189873418,0.7142857142857143,0.6818623502839608,0.7723705922624006,0.7271164712731807,0.16666666666666666,0.2222222222222222,0.3684210526315789,0.5263157894736842,66.0,0.0,0.0,0.5594711414297835,20.0,0.0,0.0,0.7623985860863571,0.0,/media/mengh/SharedData/zhanh/auto_structbeat/caches/pilot/mscnn_final_last_gtzan/gtzan__gtzan_hiphop_00070__track.npy.npz
mscnn_gtzan,direct,gtzan/gtzan_hiphop_00071/track.npy,gtzan,0.9620253164556962,0.8988548115223247,0.8988548115223247,0.8988548115223247,0.975,0.975,0.975,0.975,0.3636363636363636,0.3000554464316792,0.7388222418294559,0.5194388441305675,0.08333333333333333,0.08333333333333333,0.5,0.5,48.0,0.0,0.0,0.06252035698133365,16.0,0.0,0.0,0.7091475219063847,0.0,/media/mengh/SharedData/zhanh/auto_structbeat/caches/pilot/mscnn_final_last_gtzan/gtzan__gtzan_hiphop_00071__track.npy.npz
mscnn_gtzan,direct,gtzan/gtzan_hiphop_00072/track.npy,gtzan,1.0,0.929433073291275,0.929433073291275,0.929433073291275,1.0,1.0,1.0,1.0,1.0,0.9531073865998148,0.9531073865998148,0.9531073865998148,1.0,1.0,1.0,1.0,49.0,0.0,0.0,0.055013911643195496,12.0,0.0,0.0,0.008163310639161554,0.0,/media/mengh/SharedData/zhanh/auto_structbeat/caches/pilot/mscnn_final_last_gtzan/gtzan__gtzan_hiphop_00072__track.npy.npz
mscnn_gtzan,direct,gtzan/gtzan_hiphop_00073/track.npy,gtzan,1.0,0.9794898889486393,0.9794898889486393,0.9794898889486393,1.0,1.0,1.0,1.0,1.0,0.9756834924839378,0.9756834924839378,0.9756834924839378,1.0,1.0,1.0,1.0,47.0,0.0,0.0,0.07784405868510072,12.0,0.0,0.0,0.007722046093911583,0.0,/media/mengh/SharedData/zhanh/auto_structbeat/caches/pilot/mscnn_final_last_gtzan/gtzan__gtzan_hiphop_00073__track.npy.npz
mscnn_gtzan,direct,gtzan/gtzan_hiphop_00074/track.npy,gtzan,1.0,0.9072803525213329,0.9072803525213329,0.9072803525213329,1.0,1.0,1.0,1.0,1.0,0.8852474719821547,0.8852474719821547,0.8852474719821547,1.0,1.0,1.0,1.0,49.0,0.0,0.0,0.06669137449867354,13.0,0.0,0.0,0.149449760084713,0.0,/media/mengh/SharedData/zhanh/auto_structbeat/caches/pilot/mscnn_final_last_gtzan/gtzan__gtzan_hiphop_00074__track.npy.npz
mscnn_gtzan,direct,gtzan/gtzan_hiphop_00075/track.npy,gtzan,0.9743589743589743,0.9384408319221458,0.9384408319221458,0.9384408319221458,0.775,0.9,0.775,0.9,0.6363636363636364,0.6278007065744127,0.6773462063476245,0.6525734564610186,0.23076923076923078,0.3076923076923077,0.23076923076923078,0.3076923076923077,48.0,0.0,0.0,0.24705234007733545,15.0,0.0,0.0,0.7008100533055128,0.0,/media/mengh/SharedData/zhanh/auto_structbeat/caches/pilot/mscnn_final_last_gtzan/gtzan__gtzan_hiphop_00075__track.npy.npz
mscnn_gtzan,direct,gtzan/gtzan_hiphop_00076/track.npy,gtzan,0.9879518072289156,0.9012069623501184,0.9012069623501184,0.9012069623501184,0.8809523809523809,0.9761904761904762,0.8809523809523809,0.9761904761904762,0.9523809523809523,0.8844075335934908,0.8844075335934908,0.8844075335934908,0.9090909090909091,0.9090909090909091,0.9090909090909091,0.9090909090909091,50.0,0.02040816326530612,0.02040816326530612,0.18794202000234472,13.0,0.08333333333333333,0.08333333333333333,3.4093595631220817,0.0,/media/mengh/SharedData/zhanh/auto_structbeat/caches/pilot/mscnn_final_last_gtzan/gtzan__gtzan_hiphop_00076__track.npy.npz
mscnn_gtzan,direct,gtzan/gtzan_hiphop_00077/track.npy,gtzan,0.923076923076923,0.8211028411787106,0.8211028411787106,0.8211028411787106,0.2727272727272727,0.7818181818181819,0.2727272727272727,0.7818181818181819,0.5,0.4618732721168945,0.4618732721168945,0.4618732721168945,0.05263157894736842,0.10526315789473684,0.05263157894736842,0.10526315789473684,65.0,0.09375,0.109375,1.8718021769015882,21.0,0.05,0.05,1.973659135001067,0.0,/media/mengh/SharedData/zhanh/auto_structbeat/caches/pilot/mscnn_final_last_gtzan/gtzan__gtzan_hiphop_00077__track.npy.npz
mscnn_gtzan,direct,gtzan/gtzan_hiphop_00078/track.npy,gtzan,0.9879518072289156,0.9012069623501184,0.9012069623501184,0.9012069623501184,0.8809523809523809,0.9761904761904762,0.8809523809523809,0.9761904761904762,0.9523809523809523,0.8844075335934908,0.8844075335934908,0.8844075335934908,0.9090909090909091,0.9090909090909091,0.9090909090909091,0.9090909090909091,50.0,0.02040816326530612,0.02040816326530612,0.18794202000234472,13.0,0.08333333333333333,0.08333333333333333,3.4093595631220817,0.0,/media/mengh/SharedData/zhanh/auto_structbeat/caches/pilot/mscnn_final_last_gtzan/gtzan__gtzan_hiphop_00078__track.npy.npz
mscnn_gtzan,direct,gtzan/gtzan_hiphop_00079/track.npy,gtzan,0.9887640449438202,0.8787686440346861,0.8787686440346861,0.8787686440346861,0.8,0.9777777777777777,0.8,0.9777777777777777,1.0,0.9208873490735517,0.9208873490735517,0.9208873490735517,1.0,1.0,1.0,1.0,54.0,0.018867924528301886,0.018867924528301886,0.13921041048939586,14.0,0.0,0.0,0.017391742711869274,0.0,/media/mengh/SharedData/zhanh/auto_structbeat/caches/pilot/mscnn_final_last_gtzan/gtzan__gtzan_hiphop_00079__track.npy.npz
mscnn_gtzan,direct,gtzan/gtzan_hiphop_00080/track.npy,gtzan,0.7999999999999999,0.6021612745016409,0.6021612745016409,0.6021612745016409,0.24,0.58,0.24,0.58,0.2857142857142857,0.2170188036467291,0.35297229020822707,0.2849955469274781,0.0,0.0,0.21052631578947367,0.2631578947368421,62.0,0.03278688524590164,0.04918032786885246,0.93166496686156,21.0,0.05,0.05,2.594733872886833,0.0,/media/mengh/SharedData/zhanh/auto_structbeat/caches/pilot/mscnn_final_last_gtzan/gtzan__gtzan_hiphop_00080__track.npy.npz
mscnn_gtzan,direct,gtzan/gtzan_hiphop_00081/track.npy,gtzan,0.988235294117647,0.8661991880119935,0.8661991880119935,0.8661991880119935,0.9767441860465116,0.9767441860465116,0.9767441860465116,0.9767441860465116,1.0,0.9049075223543939,0.9049075223543939,0.9049075223543939,1.0,1.0,1.0,1.0,52.0,0.0,0.0,0.05320177757187797,13.0,0.0,0.0,0.012730123990841169,0.0,/media/mengh/SharedData/zhanh/auto_structbeat/caches/pilot/mscnn_final_last_gtzan/gtzan__gtzan_hiphop_00081__track.npy.npz
mscnn_gtzan,direct,gtzan/gtzan_hiphop_00082/track.npy,gtzan,1.0,0.7801546328242743,0.7801546328242743,0.7801546328242743,1.0,1.0,1.0,1.0,1.0,0.8016756034048247,0.8016756034048247,0.8016756034048247,1.0,1.0,1.0,1.0,53.0,0.0,0.0,0.07145896398214663,13.0,0.0,0.0,0.017544309650908585,0.0,/media/mengh/SharedData/zhanh/auto_structbeat/caches/pilot/mscnn_final_last_gtzan/gtzan__gtzan_hiphop_00082__track.npy.npz
mscnn_gtzan,direct,gtzan/gtzan_hiphop_00083/track.npy,gtzan,1.0,0.8994726252058868,0.8994726252058868,0.8994726252058868,1.0,1.0,1.0,1.0,1.0,0.8558599801285987,0.8558599801285987,0.8558599801285987,1.0,1.0,1.0,1.0,52.0,0.0,0.0,0.06899287148694999,13.0,0.0,0.0,0.00865806274311498,0.0,/media/mengh/SharedData/zhanh/auto_structbeat/caches/pilot/mscnn_final_last_gtzan/gtzan__gtzan_hiphop_00083__track.npy.npz
mscnn_gtzan,direct,gtzan/gtzan_hiphop_00084/track.npy,gtzan,0.9,0.7295615884223534,0.7295615884223534,0.7295615884223534,0.4339622641509434,0.7924528301886793,0.4339622641509434,0.7924528301886793,0.888888888888889,0.6761194658161296,0.6761194658161296,0.6761194658161296,0.4,0.6666666666666666,0.4,0.6666666666666666,62.0,0.01639344262295082,0.04918032786885246,0.7152388181738963,17.0,0.0,0.0625,2.3198502582748572,0.0,/media/mengh/SharedData/zhanh/auto_structbeat/caches/pilot/mscnn_final_last_gtzan/gtzan__gtzan_hiphop_00084__track.npy.npz
mscnn_gtzan,direct,gtzan/gtzan_hiphop_00085/track.npy,gtzan,1.0,0.8288699610359167,0.8288699610359167,0.8288699610359167,1.0,1.0,1.0,1.0,0.9565217391304348,0.832884639389075,0.832884639389075,0.832884639389075,0.9166666666666666,0.9166666666666666,0.9166666666666666,0.9166666666666666,57.0,0.0,0.0,0.0858741860997089,17.0,0.0,0.0,0.6959121770914223,0.0,/media/mengh/SharedData/zhanh/auto_structbeat/caches/pilot/mscnn_final_last_gtzan/gtzan__gtzan_hiphop_00085__track.npy.npz
mscnn_gtzan,direct,gtzan/gtzan_hiphop_00086/track.npy,gtzan,1.0,0.9581120530256995,0.9581120530256995,0.9581120530256995,1.0,1.0,1.0,1.0,0.9523809523809523,0.9200000152978708,0.9200000152978708,0.9200000152978708,0.5454545454545454,0.8181818181818182,0.5454545454545454,0.8181818181818182,49.0,0.0,0.0,0.032789822822996084,15.0,0.0,0.0,0.69482060185852,0.0,/media/mengh/SharedData/zhanh/auto_structbeat/caches/pilot/mscnn_final_last_gtzan/gtzan__gtzan_hiphop_00086__track.npy.npz
mscnn_gtzan,direct,gtzan/gtzan_hiphop_00087/track.npy,gtzan,1.0,0.958547263024452,0.958547263024452,0.958547263024452,1.0,1.0,1.0,1.0,1.0,0.9605158748335857,0.9605158748335857,0.9605158748335857,1.0,1.0,1.0,1.0,51.0,0.0,0.0,0.03390155167568665,13.0,0.0,0.0,0.008438868645865183,0.0,/media/mengh/SharedData/zhanh/auto_structbeat/caches/pilot/mscnn_final_last_gtzan/gtzan__gtzan_hiphop_00087__track.npy.npz
mscnn_gtzan,direct,gtzan/gtzan_hiphop_00088/track.npy,gtzan,1.0,0.971296324709705,0.971296324709705,0.971296324709705,1.0,1.0,1.0,1.0,1.0,0.9681740747377524,0.9681740747377524,0.9681740747377524,1.0,1.0,1.0,1.0,58.0,0.0,0.0,0.07696104113612678,14.0,0.0,0.0,0.009661910911737608,0.0,/media/mengh/SharedData/zhanh/auto_structbeat/caches/pilot/mscnn_final_last_gtzan/gtzan__gtzan_hiphop_00088__track.npy.npz
mscnn_gtzan,direct,gtzan/gtzan_hiphop_00089/track.npy,gtzan,0.9904761904761905,0.9667041352311384,0.9667041352311384,0.9667041352311384,0.9811320754716981,0.9811320754716981,0.9811320754716981,0.9811320754716981,1.0,0.9763046375124426,0.9763046375124426,0.9763046375124426,1.0,1.0,1.0,1.0,64.0,0.0,0.0,0.08134050921303672,16.0,0.0,0.0,0.014247064284090928,0.0,/media/mengh/SharedData/zhanh/auto_structbeat/caches/pilot/mscnn_final_last_gtzan/gtzan__gtzan_hiphop_00089__track.npy.npz
mscnn_gtzan,direct,gtzan/gtzan_hiphop_00090/track.npy,gtzan,1.0,0.9630966750018065,0.9630966750018065,0.9630966750018065,1.0,1.0,1.0,1.0,1.0,0.9739350185387341,0.9739350185387341,0.9739350185387341,1.0,1.0,1.0,1.0,58.0,0.0,0.0,0.07696104113612917,15.0,0.0,0.0,0.019231361927887613,0.0,/media/mengh/SharedData/zhanh/auto_structbeat/caches/pilot/mscnn_final_last_gtzan/gtzan__gtzan_hiphop_00090__track.npy.npz
mscnn_gtzan,direct,gtzan/gtzan_hiphop_00091/track.npy,gtzan,0.9885057471264368,0.8813366830023915,0.8813366830023915,0.8813366830023915,0.9545454545454546,0.9545454545454546,0.9545454545454546,0.9545454545454546,0.9565217391304348,0.8144087959449454,0.8144087959449454,0.8144087959449454,0.9166666666666666,0.9166666666666666,0.9166666666666666,0.9166666666666666,52.0,0.0,0.0,0.05320177757188475,14.0,0.0,0.0,0.937507747586127,0.0,/media/mengh/SharedData/zhanh/auto_structbeat/caches/pilot/mscnn_final_last_gtzan/gtzan__gtzan_hiphop_00091__track.npy.npz
mscnn_gtzan,direct,gtzan/gtzan_hiphop_00092/track.npy,gtzan,1.0,0.9411059082396409,0.9411059082396409,0.9411059082396409,1.0,1.0,1.0,1.0,0.8148148148148148,0.7831713656546372,0.7831713656546372,0.7831713656546372,0.4,0.5333333333333333,0.4,0.5333333333333333,57.0,0.0,0.0,0.03774032798285287,19.0,0.0,0.0,0.7046123803670038,0.0,/media/mengh/SharedData/zhanh/auto_structbeat/caches/pilot/mscnn_final_last_gtzan/gtzan__gtzan_hiphop_00092__track.npy.npz
mscnn_gtzan,direct,gtzan/gtzan_hiphop_00093/track.npy,gtzan,1.0,0.9850309639959137,0.9850309639959137,0.9850309639959137,1.0,1.0,1.0,1.0,1.0,0.9719180285377909,0.9719180285377909,0.9719180285377909,1.0,1.0,1.0,1.0,59.0,0.0,0.0,0.039220713153287345,15.0,0.0,0.0,0.013754766421158434,0.0,/media/mengh/SharedData/zhanh/auto_structbeat/caches/pilot/mscnn_final_last_gtzan/gtzan__gtzan_hiphop_00093__track.npy.npz
mscnn_gtzan,direct,gtzan/gtzan_hiphop_00094/track.npy,gtzan,1.0,0.9257149185513719,0.9257149185513719,0.9257149185513719,1.0,1.0,1.0,1.0,0.4,0.3533325800998555,0.7252797713387479,0.5393061757193017,0.0,0.0,0.4666666666666667,0.4666666666666667,37.0,0.0,0.0,0.050010420574660236,14.0,0.0,0.0,0.6829930459980917,0.0,/media/mengh/SharedData/zhanh/auto_structbeat/caches/pilot/mscnn_final_last_gtzan/gtzan__gtzan_hiphop_00094__track.npy.npz
mscnn_gtzan,direct,gtzan/gtzan_hiphop_00095/track.npy,gtzan,1.0,0.9421016263098463,0.9421016263098463,0.9421016263098463,1.0,1.0,1.0,1.0,1.0,0.9282814213641274,0.9282814213641274,0.9282814213641274,1.0,1.0,1.0,1.0,56.0,0.0,0.0,0.07410797215372468,15.0,0.0,0.0,0.1464417507685562,0.0,/media/mengh/SharedData/zhanh/auto_structbeat/caches/pilot/mscnn_final_last_gtzan/gtzan__gtzan_hiphop_00095__track.npy.npz
mscnn_gtzan,direct,gtzan/gtzan_hiphop_00096/track.npy,gtzan,0.5544554455445545,0.4818478417318978,0.6515497275835401,0.566698784657719,0.17857142857142858,0.3392857142857143,0.17857142857142858,0.3392857142857143,0.4444444444444444,0.37657846483250484,0.37657846483250484,0.37657846483250484,0.1875,0.25,0.1875,0.25,66.0,0.0,0.015384615384615385,0.6931471805599565,19.0,0.0,0.0,1.1153228378263709,0.0,/media/mengh/SharedData/zhanh/auto_structbeat/caches/pilot/mscnn_final_last_gtzan/gtzan__gtzan_hiphop_00096__track.npy.npz
mscnn_gtzan,direct,gtzan/gtzan_hiphop_00097/track.npy,gtzan,0.9306930693069307,0.7925314409976952,0.7925314409976952,0.7925314409976952,0.8148148148148148,0.8148148148148148,0.8148148148148148,0.8148148148148148,0.846153846153846,0.7154781381469786,0.7154781381469786,0.7154781381469786,0.6,0.6,0.6,0.6,63.0,0.03225806451612903,0.08064516129032258,0.5108256237659787,18.0,0.0,0.0,0.7898404243339471,0.0,/media/mengh/SharedData/zhanh/auto_structbeat/caches/pilot/mscnn_final_last_gtzan/gtzan__gtzan_hiphop_00097__track.npy.npz
mscnn_gtzan,direct,gtzan/gtzan_hiphop_00098/track.npy,gtzan,1.0,0.9069809334650729,0.9069809334650729,0.9069809334650729,1.0,1.0,1.0,1.0,1.0,0.9421369722625865,0.9421369722625865,0.9421369722625865,1.0,1.0,1.0,1.0,54.0,0.0,0.0,0.035091319811275556,14.0,0.0,0.0,0.01285373077421566,0.0,/media/mengh/SharedData/zhanh/auto_structbeat/caches/pilot/mscnn_final_last_gtzan/gtzan__gtzan_hiphop_00098__track.npy.npz
mscnn_gtzan,direct,gtzan/gtzan_hiphop_00099/track.npy,gtzan,0.989010989010989,0.8597772331645732,0.8597772331645732,0.8597772331645732,0.9782608695652174,0.9782608695652174,0.9782608695652174,0.9782608695652174,0.0,2.2360208706355134e-160,0.8635461717108225,0.43177308585541124,0.0,0.0,0.8333333333333334,0.8333333333333334,55.0,0.0,0.0,0.07410797215372163,15.0,0.0,0.0,0.2844825075324802,0.0,/media/mengh/SharedData/zhanh/auto_structbeat/caches/pilot/mscnn_final_last_gtzan/gtzan__gtzan_hiphop_00099__track.npy.npz
mscnn_gtzan,direct,gtzan/gtzan_jazz_00000/track.npy,gtzan,0.5413533834586466,0.43061346602383976,0.5177332584526299,0.4741733622382348,0.1875,0.2375,0.1875,0.2571428571428571,0.1702127659574468,0.1363852749272128,0.1363852749272128,0.1363852749272128,0.058823529411764705,0.08823529411764706,0.058823529411764705,0.08823529411764706,97.0,0.09375,0.19791666666666666,0.8832137124787821,43.0,0.023809523809523808,0.023809523809523808,1.957744606702322,0.0,/media/mengh/SharedData/zhanh/auto_structbeat/caches/pilot/mscnn_final_last_gtzan/gtzan__gtzan_jazz_00000__track.npy.npz
mscnn_gtzan,direct,gtzan/gtzan_jazz_00001/track.npy,gtzan,0.3466666666666666,0.2337318020032823,0.31246663600345875,0.27309921900337053,0.0,0.0,0.12280701754385964,0.2982456140350877,0.10526315789473685,0.06968404808330048,0.12387150933885845,0.09677777871107945,0.0,0.0,0.0,0.0,58.0,0.05263157894736842,0.05263157894736842,1.7427336653564214,35.0,0.029411764705882353,0.029411764705882353,1.9636493859722775,0.0,/media/mengh/SharedData/zhanh/auto_structbeat/caches/pilot/mscnn_final_last_gtzan/gtzan__gtzan_jazz_00001__track.npy.npz
mscnn_gtzan,direct,gtzan/gtzan_jazz_00002/track.npy,gtzan,0.5,0.45192131490349463,0.45192131490349463,0.45192131490349463,0.12195121951219512,0.17073170731707318,0.25925925925925924,0.3333333333333333,0.3448275862068966,0.27627323572293067,0.3131357707637043,0.2947045032433175,0.15789473684210525,0.15789473684210525,0.2631578947368421,0.2631578947368421,35.0,0.0,0.0,0.754401198061396,23.0,0.0,0.0,1.290984181315566,0.0,/media/mengh/SharedData/zhanh/auto_structbeat/caches/pilot/mscnn_final_last_gtzan/gtzan__gtzan_jazz_00002__track.npy.npz
mscnn_gtzan,direct,gtzan/gtzan_jazz_00004/track.npy,gtzan,0.7017543859649122,0.5347683942923228,0.5347683942923228,0.5347683942923228,0.3225806451612903,0.5161290322580645,0.3225806451612903,0.5161290322580645,0.5263157894736842,0.39247907511669955,0.4227065566909648,0.4075928159038322,0.18181818181818182,0.2727272727272727,0.18181818181818182,0.2727272727272727,38.0,0.0,0.0,0.7775246163281444,13.0,0.0,0.0,1.000767676786081,0.0,/media/mengh/SharedData/zhanh/auto_structbeat/caches/pilot/mscnn_final_last_gtzan/gtzan__gtzan_jazz_00004__track.npy.npz
mscnn_gtzan,direct,gtzan/gtzan_jazz_00005/track.npy,gtzan,0.6106870229007634,0.5616460923027093,0.8456878203966778,0.7036669563496936,0.022988505747126436,0.022988505747126436,0.7126436781609196,0.8735632183908046,0.29268292682926833,0.27828880958138313,0.27856984451137884,0.278429327046381,0.0,0.0,0.0,0.0,107.0,0.0,0.0,0.16705408466316712,32.0,0.0,0.0,0.7032392068274509,0.0,/media/mengh/SharedData/zhanh/auto_structbeat/caches/pilot/mscnn_final_last_gtzan/gtzan__gtzan_jazz_00005__track.npy.npz
mscnn_gtzan,direct,gtzan/gtzan_jazz_00006/track.npy,gtzan,0.9908256880733944,0.8992772409949263,0.8992772409949263,0.8992772409949263,0.5636363636363636,0.9454545454545454,0.5636363636363636,0.9454545454545454,0.1935483870967742,0.16791790244267346,0.8110474449476741,0.4894826736951738,0.0,0.0,0.4117647058823529,0.5882352941176471,66.0,0.0,0.0,0.217747629230764,20.0,0.0,0.0,0.6853073504795262,0.0,/media/mengh/SharedData/zhanh/auto_structbeat/caches/pilot/mscnn_final_last_gtzan/gtzan__gtzan_jazz_00006__track.npy.npz
mscnn_gtzan,direct,gtzan/gtzan_jazz_00007/track.npy,gtzan,0.9411764705882353,0.7600333725783519,0.7600333725783519,0.7600333725783519,0.9615384615384616,0.9615384615384616,0.9615384615384616,0.9615384615384616,0.6666666666666665,0.48581310564435715,0.7723825435025731,0.6290978245734651,0.09090909090909091,0.09090909090909091,0.5384615384615384,0.7692307692307693,30.0,0.0,0.0,0.04108911977516448,13.0,0.0,0.0,0.7137664677626809,0.0,/media/mengh/SharedData/zhanh/auto_structbeat/caches/pilot/mscnn_final_last_gtzan/gtzan__gtzan_jazz_00007__track.npy.npz
mscnn_gtzan,direct,gtzan/gtzan_jazz_00008/track.npy,gtzan,1.0,0.9089620817829307,0.9089620817829307,0.9089620817829307,1.0,1.0,1.0,1.0,0.8148148148148148,0.7384416749978634,0.7384416749978634,0.7384416749978634,0.26666666666666666,0.4666666666666667,0.26666666666666666,0.4666666666666667,55.0,0.0,0.0,0.07251856725077432,18.0,0.0,0.0,1.124506096998839,0.0,/media/mengh/SharedData/zhanh/auto_structbeat/caches/pilot/mscnn_final_last_gtzan/gtzan__gtzan_jazz_00008__track.npy.npz
mscnn_gtzan,direct,gtzan/gtzan_jazz_00011/track.npy,gtzan,0.9281767955801106,0.8494652748694679,0.8494652748694679,0.8494652748694679,0.25773195876288657,0.7216494845360825,0.25773195876288657,0.7216494845360825,1.0,0.9315181139496532,0.9315181139496532,0.9315181139496532,1.0,1.0,1.0,1.0,117.0,0.12931034482758622,0.1810344827586207,1.2734608299414303,25.0,0.0,0.0,0.06506532241149425,0.0,/media/mengh/SharedData/zhanh/auto_structbeat/caches/pilot/mscnn_final_last_gtzan/gtzan__gtzan_jazz_00011__track.npy.npz
mscnn_gtzan,direct,gtzan/gtzan_jazz_00012/track.npy,gtzan,1.0,0.8545891327982418,0.8545891327982418,0.8545891327982418,1.0,1.0,1.0,1.0,0.7741935483870968,0.6582527177378366,0.7030405392549952,0.6806466284964159,0.10526315789473684,0.2631578947368421,0.21739130434782608,0.4782608695652174,57.0,0.0,0.0,0.07696104113612678,24.0,0.0,0.0,1.055540205916092,0.0,/media/mengh/SharedData/zhanh/auto_structbeat/caches/pilot/mscnn_final_last_gtzan/gtzan__gtzan_jazz_00012__track.npy.npz
mscnn_gtzan,direct,gtzan/gtzan_jazz_00013/track.npy,gtzan,0.625,0.4658611061361249,0.7746849382967838,0.6202730222164543,0.0,0.0,0.04580152671755725,0.37404580152671757,0.05479452054794521,0.04881126934228957,0.33831859175112555,0.19356493054670756,0.0,0.0,0.03773584905660377,0.03773584905660377,156.0,0.07741935483870968,0.5741935483870968,0.6931471805599452,63.0,0.0,0.03225806451612903,1.1314021114911004,0.0,/media/mengh/SharedData/zhanh/auto_structbeat/caches/pilot/mscnn_final_last_gtzan/gtzan__gtzan_jazz_00013__track.npy.npz
mscnn_gtzan,direct,gtzan/gtzan_jazz_00015/track.npy,gtzan,0.5316455696202532,0.44238834168247726,0.5723751115215818,0.5073817266020295,0.0,0.0,0.06363636363636363,0.32727272727272727,0.40816326530612246,0.34751269319060357,0.34751269319060357,0.34751269319060357,0.0,0.0,0.12121212121212122,0.12121212121212122,131.0,0.1,0.2692307692307692,0.9162907318741558,38.0,0.02702702702702703,0.02702702702702703,1.1094533426039055,0.0,/media/mengh/SharedData/zhanh/auto_structbeat/caches/pilot/mscnn_final_last_gtzan/gtzan__gtzan_jazz_00015__track.npy.npz
mscnn_gtzan,direct,gtzan/gtzan_jazz_00016/track.npy,gtzan,0.8421052631578947,0.6303802229958921,0.6303802229958921,0.6303802229958921,0.7931034482758621,0.9310344827586207,0.7931034482758621,0.9310344827586207,0.608695652173913,0.545451684239807,0.7281586588363561,0.6368051715380816,0.0,0.0,0.8,0.8,36.0,0.0,0.0,0.4892518457245603,20.0,0.0,0.0,1.070007528948788,0.0,/media/mengh/SharedData/zhanh/auto_structbeat/caches/pilot/mscnn_final_last_gtzan/gtzan__gtzan_jazz_00016__track.npy.npz
mscnn_gtzan,direct,gtzan/gtzan_jazz_00017/track.npy,gtzan,0.9171270718232043,0.761957048706599,0.761957048706599,0.761957048706599,0.3695652173913043,0.7608695652173914,0.3695652173913043,0.7608695652173914,0.679245283018868,0.5432349030541314,0.5696948542903871,0.5564648786722592,0.12903225806451613,0.3870967741935484,0.12903225806451613,0.3870967741935484,109.0,0.037037037037037035,0.10185185185185185,0.7273002954785476,36.0,0.0,0.02857142857142857,1.1224336939475452,0.0,/media/mengh/SharedData/zhanh/auto_structbeat/caches/pilot/mscnn_final_last_gtzan/gtzan__gtzan_jazz_00017__track.npy.npz
mscnn_gtzan,direct,gtzan/gtzan_jazz_00019/track.npy,gtzan,0.3013698630136986,0.18168093837775393,0.26928261564145667,0.2254817770096053,0.0,0.0,0.05405405405405406,0.13513513513513514,0.6896551724137931,0.42547952947893086,0.42547952947893086,0.42547952947893086,0.25,0.625,0.25,0.625,49.0,0.041666666666666664,0.08333333333333333,1.228975462147391,21.0,0.0,0.0,1.728556994387184,0.0,/media/mengh/SharedData/zhanh/auto_structbeat/caches/pilot/mscnn_final_last_gtzan/gtzan__gtzan_jazz_00019__track.npy.npz
mscnn_gtzan,direct,gtzan/gtzan_jazz_00021/track.npy,gtzan,0.5306122448979592,0.4373202151752385,0.47624407884157416,0.45678214700840636,0.13541666666666666,0.17708333333333334,0.13541666666666666,0.17708333333333334,0.2222222222222222,0.20178125124534046,0.2708848272693217,0.2363330392573311,0.024390243902439025,0.024390243902439025,0.12195121951219512,0.17073170731707318,108.0,0.2803738317757009,0.411214953271028,1.2754554391791686,45.0,0.09090909090909091,0.1590909090909091,1.9471477326436517,0.0,/media/mengh/SharedData/zhanh/auto_structbeat/caches/pilot/mscnn_final_last_gtzan/gtzan__gtzan_jazz_00021__track.npy.npz
mscnn_gtzan,direct,gtzan/gtzan_jazz_00022/track.npy,gtzan,0.6590909090909092,0.5196843992601597,0.6007639587653063,0.560224179012733,0.09433962264150944,0.16981132075471697,0.4,0.4857142857142857,0.27586206896551724,0.22664542828003706,0.4506540709035369,0.33864974959178695,0.125,0.125,0.125,0.375,50.0,0.0,0.04081632653061224,1.2749742567186613,23.0,0.0,0.045454545454545456,2.2721258855093414,0.0,/media/mengh/SharedData/zhanh/auto_structbeat/caches/pilot/mscnn_final_last_gtzan/gtzan__gtzan_jazz_00022__track.npy.npz
mscnn_gtzan,direct,gtzan/gtzan_jazz_00023/track.npy,gtzan,0.738095238095238,0.5964110346914726,0.5964110346914726,0.5964110346914726,0.3125,0.4583333333333333,0.3125,0.4583333333333333,0.64,0.4526070288616594,0.550738469086681,0.5016727489741701,0.125,0.1875,0.23529411764705882,0.35294117647058826,58.0,0.05263157894736842,0.07017543859649122,1.7999569249337901,20.0,0.0,0.0,2.0541078576843033,0.0,/media/mengh/SharedData/zhanh/auto_structbeat/caches/pilot/mscnn_final_last_gtzan/gtzan__gtzan_jazz_00023__track.npy.npz
mscnn_gtzan,direct,gtzan/gtzan_jazz_00024/track.npy,gtzan,0.7835051546391751,0.5895217489990078,0.5895217489990078,0.5895217489990078,0.19230769230769232,0.6923076923076923,0.19230769230769232,0.6923076923076923,0.5625,0.39143442787616656,0.47815473272847214,0.4347945803023193,0.19047619047619047,0.19047619047619047,0.2857142857142857,0.42857142857142855,72.0,0.11267605633802817,0.19718309859154928,1.234908363357875,31.0,0.03333333333333333,0.03333333333333333,1.2682314090823854,0.0,/media/mengh/SharedData/zhanh/auto_structbeat/caches/pilot/mscnn_final_last_gtzan/gtzan__gtzan_jazz_00024__track.npy.npz
mscnn_gtzan,direct,gtzan/gtzan_jazz_00025/track.npy,gtzan,1.0,0.912455366410459,0.912455366410459,0.912455366410459,1.0,1.0,1.0,1.0,0.4615384615384615,0.4096748536695439,0.531995439238579,0.47083514645406144,0.1,0.13333333333333333,0.1,0.20930232558139536,102.0,0.0,0.0,0.13353139262452585,38.0,0.0,0.0,1.4256592892709912,0.0,/media/mengh/SharedData/zhanh/auto_structbeat/caches/pilot/mscnn_final_last_gtzan/gtzan__gtzan_jazz_00025__track.npy.npz
mscnn_gtzan,direct,gtzan/gtzan_jazz_00026/track.npy,gtzan,0.26666666666666666,0.19475054568025335,0.19484902828899614,0.19479978698462475,0.0,0.0,0.1,0.15,0.20000000000000004,0.1272537714035642,0.1272537714035642,0.1272537714035642,0.2,0.2,0.2,0.2,21.0,0.05,0.05,1.7577826142759638,11.0,0.0,0.0,0.971273511217973,0.0,/media/mengh/SharedData/zhanh/auto_structbeat/caches/pilot/mscnn_final_last_gtzan/gtzan__gtzan_jazz_00026__track.npy.npz
mscnn_gtzan,direct,gtzan/gtzan_jazz_00027/track.npy,gtzan,0.6417112299465241,0.5934986535037353,0.798378654674318,0.6959386540890267,0.0,0.0,0.07086614173228346,0.44881889763779526,0.2222222222222222,0.20215318890344047,0.3302258215068255,0.26618950520513296,0.0,0.0,0.10256410256410256,0.10256410256410256,147.0,0.0684931506849315,0.547945205479452,0.6720750774283643,45.0,0.0,0.0,0.7143246282291158,0.0,/media/mengh/SharedData/zhanh/auto_structbeat/caches/pilot/mscnn_final_last_gtzan/gtzan__gtzan_jazz_00027__track.npy.npz
mscnn_gtzan,direct,gtzan/gtzan_jazz_00028/track.npy,gtzan,0.9540229885057472,0.8449439970560257,0.8449439970560257,0.8449439970560257,0.24175824175824176,0.8241758241758241,0.24175824175824176,0.8241758241758241,0.7450980392156863,0.6794870154034323,0.7561432950744376,0.7178151552389349,0.36666666666666664,0.36666666666666664,0.36666666666666664,0.3902439024390244,108.0,0.06542056074766354,0.07476635514018691,1.025114790805485,36.0,0.0,0.0,1.3862943611198906,0.0,/media/mengh/SharedData/zhanh/auto_structbeat/caches/pilot/mscnn_final_last_gtzan/gtzan__gtzan_jazz_00028__track.npy.npz
mscnn_gtzan,direct,gtzan/gtzan_jazz_00029/track.npy,gtzan,0.5604395604395604,0.4226477276039663,0.503971603646831,0.46330966562539866,0.11827956989247312,0.20430107526881722,0.11827956989247312,0.20430107526881722,0.15873015873015875,0.11871207225899089,0.14549424681496845,0.13210315953697965,0.05,0.05,0.05,0.05,111.0,0.12727272727272726,0.3,1.137335401350643,46.0,0.022222222222222223,0.1111111111111111,1.5294524154535034,0.0,/media/mengh/SharedData/zhanh/auto_structbeat/caches/pilot/mscnn_final_last_gtzan/gtzan__gtzan_jazz_00029__track.npy.npz
mscnn_gtzan,direct,gtzan/gtzan_jazz_00030/track.npy,gtzan,0.25000000000000006,0.17036298189810412,0.2198364030264046,0.19509969246225434,0.06976744186046512,0.06976744186046512,0.09090909090909091,0.18181818181818182,0.0,8.06693064825828e-33,4.713564399168981e-06,2.3567821995844904e-06,0.0,0.0,0.1111111111111111,0.1111111111111111,18.0,0.058823529411764705,0.058823529411764705,2.2713425279134167,11.0,0.1,0.1,3.4661681442408194,0.0,/media/mengh/SharedData/zhanh/auto_structbeat/caches/pilot/mscnn_final_last_gtzan/gtzan__gtzan_jazz_00030__track.npy.npz
mscnn_gtzan,direct,gtzan/gtzan_jazz_00031/track.npy,gtzan,0.8404669260700389,0.6790087712855601,0.6790087712855601,0.6790087712855601,0.04411764705882353,0.2867647058823529,0.049586776859504134,0.2867647058823529,0.4077669902912621,0.3097788019852468,0.4255573967938397,0.36766809938954326,0.028985507246376812,0.07246376811594203,0.057971014492753624,0.21739130434782608,136.0,0.14814814814814814,0.5851851851851851,0.8686623924401689,77.0,0.07894736842105263,0.2631578947368421,1.550371128823841,0.0,/media/mengh/SharedData/zhanh/auto_structbeat/caches/pilot/mscnn_final_last_gtzan/gtzan__gtzan_jazz_00031__track.npy.npz
mscnn_gtzan,direct,gtzan/gtzan_jazz_00032/track.npy,gtzan,0.8039215686274509,0.6901061274881283,0.6901061274881283,0.6901061274881283,0.48148148148148145,0.6481481481481481,0.48148148148148145,0.6481481481481481,0.3428571428571428,0.32802139348148956,0.49753720326712214,0.4127792983743058,0.0,0.0,0.16,0.2,59.0,0.017241379310344827,0.017241379310344827,0.5782311284315362,25.0,0.041666666666666664,0.041666666666666664,2.569744763150122,0.0,/media/mengh/SharedData/zhanh/auto_structbeat/caches/pilot/mscnn_final_last_gtzan/gtzan__gtzan_jazz_00032__track.npy.npz
mscnn_gtzan,direct,gtzan/gtzan_jazz_00033/track.npy,gtzan,1.0,0.9013117887249775,0.9013117887249775,0.9013117887249775,1.0,1.0,1.0,1.0,0.7692307692307693,0.7082099229578258,0.7689564049527804,0.7385831639553031,0.25,0.25,0.42105263157894735,0.5789473684210527,48.0,0.0,0.0,0.031748698314585266,20.0,0.0,0.0,0.6943329574860111,0.0,/media/mengh/SharedData/zhanh/auto_structbeat/caches/pilot/mscnn_final_last_gtzan/gtzan__gtzan_jazz_00033__track.npy.npz
mscnn_gtzan,direct,gtzan/gtzan_jazz_00034/track.npy,gtzan,0.9142857142857143,0.8768437780506828,0.8768437780506828,0.8768437780506828,0.2631578947368421,0.6947368421052632,0.2631578947368421,0.6947368421052632,0.7843137254901961,0.7521459507435196,0.7985473422329759,0.7753466464882477,0.25806451612903225,0.3548387096774194,0.46153846153846156,0.46153846153846156,113.0,0.13392857142857142,0.14285714285714285,1.3217558399823428,36.0,0.02857142857142857,0.02857142857142857,1.6285278761740518,0.0,/media/mengh/SharedData/zhanh/auto_structbeat/caches/pilot/mscnn_final_last_gtzan/gtzan__gtzan_jazz_00034__track.npy.npz
mscnn_gtzan,direct,gtzan/gtzan_jazz_00035/track.npy,gtzan,1.0,0.7459774474076822,0.7459774474076822,0.7459774474076822,1.0,1.0,1.0,1.0,0.2857142857142857,0.22258887161516921,0.30896455075223683,0.26577671118370305,0.0,0.0,0.13333333333333333,0.13333333333333333,35.0,0.0,0.0,0.04762804898925363,16.0,0.0,0.0,1.1016686524897126,0.0,/media/mengh/SharedData/zhanh/auto_structbeat/caches/pilot/mscnn_final_last_gtzan/gtzan__gtzan_jazz_00035__track.npy.npz
mscnn_gtzan,direct,gtzan/gtzan_jazz_00036/track.npy,gtzan,0.3411764705882353,0.24111037207897346,0.30507893136607434,0.2730946517225239,0.0,0.0,0.00847457627118644,0.03389830508474576,0.0,0.004985859133430062,0.005328626421900692,0.005157242777665377,0.0,0.0,0.2903225806451613,0.5806451612903226,144.0,0.16783216783216784,0.38461538461538464,0.9162907318741605,37.0,0.05555555555555555,0.05555555555555555,2.4176826631359063,0.0,/media/mengh/SharedData/zhanh/auto_structbeat/caches/pilot/mscnn_final_last_gtzan/gtzan__gtzan_jazz_00036__track.npy.npz
mscnn_gtzan,direct,gtzan/gtzan_jazz_00037/track.npy,gtzan,1.0,0.9405164308290516,0.9405164308290516,0.9405164308290516,1.0,1.0,1.0,1.0,0.9523809523809523,0.9099323279415115,0.9099323279415115,0.9099323279415115,0.7272727272727273,0.8181818181818182,0.7272727272727273,0.8181818181818182,49.0,0.0,0.0,0.032789822822996084,15.0,0.0,0.0,0.6915017230992789,0.0,/media/mengh/SharedData/zhanh/auto_structbeat/caches/pilot/mscnn_final_last_gtzan/gtzan__gtzan_jazz_00037__track.npy.npz
mscnn_gtzan,direct,gtzan/gtzan_jazz_00038/track.npy,gtzan,0.943089430894309,0.7887868577094866,0.7887868577094866,0.7887868577094866,0.6935483870967742,0.9032258064516129,0.6935483870967742,0.9032258064516129,0.7777777777777778,0.6203894105231439,0.6203894105231439,0.6203894105231439,0.19047619047619047,0.38095238095238093,0.19047619047619047,0.38095238095238093,69.0,0.014705882352941176,0.014705882352941176,0.7463373154444938,25.0,0.0,0.0,1.0986122886681091,0.0,/media/mengh/SharedData/zhanh/auto_structbeat/caches/pilot/mscnn_final_last_gtzan/gtzan__gtzan_jazz_00038__track.npy.npz
mscnn_gtzan,direct,gtzan/gtzan_jazz_00039/track.npy,gtzan,0.993939393939394,0.9671474583294696,0.9671474583294696,0.9671474583294696,0.9879518072289156,0.9879518072289156,0.9879518072289156,0.9879518072289156,0.9523809523809523,0.9282215224238509,0.9282215224238509,0.9282215224238509,0.5,0.8636363636363636,0.5,0.8636363636363636,100.0,0.0,0.0,0.06453852113757642,26.0,0.0,0.0,0.5662222274998571,0.0,/media/mengh/SharedData/zhanh/auto_structbeat/caches/pilot/mscnn_final_last_gtzan/gtzan__gtzan_jazz_00039__track.npy.npz
mscnn_gtzan,direct,gtzan/gtzan_jazz_00040/track.npy,gtzan,1.0,0.8092174170509794,0.8092174170509794,0.8092174170509794,1.0,1.0,1.0,1.0,0.8,0.6410553366812631,0.6410553366812631,0.6410553366812631,0.26666666666666666,0.4666666666666667,0.26666666666666666,0.4666666666666667,50.0,0.0,0.0,0.06669137449867218,18.0,0.0,0.0,0.7098200241846138,0.0,/media/mengh/SharedData/zhanh/auto_structbeat/caches/pilot/mscnn_final_last_gtzan/gtzan__gtzan_jazz_00040__track.npy.npz
mscnn_gtzan,direct,gtzan/gtzan_jazz_00041/track.npy,gtzan,1.0,0.9435741463398426,0.9435741463398426,0.9435741463398426,1.0,1.0,1.0,1.0,0.0,2.0593166205047021e-13,3.928750287391772e-13,2.9940334539482374e-13,0.0,0.0,0.0,0.0,95.0,0.0,0.0,0.12516314295400344,27.0,0.0,0.0,0.7511277371329179,0.0,/media/mengh/SharedData/zhanh/auto_structbeat/caches/pilot/mscnn_final_last_gtzan/gtzan__gtzan_jazz_00041__track.npy.npz
mscnn_gtzan,direct,gtzan/gtzan_jazz_00042/track.npy,gtzan,1.0,0.7927353599154762,0.7927353599154762,0.7927353599154762,1.0,1.0,1.0,1.0,0.5217391304347825,0.4878860859787699,0.6129281240382036,0.5504071050084868,0.0,0.0,0.375,0.4375,37.0,0.0,0.0,0.05780306649563818,19.0,0.0,0.0,1.1116480214188047,0.0,/media/mengh/SharedData/zhanh/auto_structbeat/caches/pilot/mscnn_final_last_gtzan/gtzan__gtzan_jazz_00042__track.npy.npz
mscnn_gtzan,direct,gtzan/gtzan_jazz_00043/track.npy,gtzan,0.8923076923076922,0.7390928669477076,0.7390928669477076,0.7390928669477076,0.3181818181818182,0.7575757575757576,0.3181818181818182,0.7575757575757576,0.9142857142857143,0.7744250161189618,0.7744250161189618,0.7744250161189618,0.42105263157894735,0.7368421052631579,0.42105263157894735,0.7368421052631579,79.0,0.0,0.0641025641025641,0.37926890756403364,24.0,0.0,0.0,1.1123996748504772,0.0,/media/mengh/SharedData/zhanh/auto_structbeat/caches/pilot/mscnn_final_last_gtzan/gtzan__gtzan_jazz_00043__track.npy.npz
mscnn_gtzan,direct,gtzan/gtzan_jazz_00044/track.npy,gtzan,1.0,0.9166128109539149,0.9166128109539149,0.9166128109539149,1.0,1.0,1.0,1.0,0.8,0.7402550082967452,0.7402550082967452,0.7402550082967452,0.2857142857142857,0.5714285714285714,0.2857142857142857,0.5714285714285714,52.0,0.0,0.0,0.06899287148694719,16.0,0.0,0.0,1.2298821095687893,0.0,/media/mengh/SharedData/zhanh/auto_structbeat/caches/pilot/mscnn_final_last_gtzan/gtzan__gtzan_jazz_00044__track.npy.npz
mscnn_gtzan,direct,gtzan/gtzan_jazz_00045/track.npy,gtzan,0.9180327868852459,0.8318109013716215,0.8318109013716215,0.8318109013716215,0.967741935483871,0.967741935483871,0.967741935483871,0.967741935483871,0.7368421052631579,0.7022466143258018,0.7022466143258018,0.7022466143258018,0.36363636363636365,0.5454545454545454,0.36363636363636365,0.5454545454545454,37.0,0.0,0.0,0.058137697717403826,15.0,0.0,0.0,0.8619449445836962,0.0,/media/mengh/SharedData/zhanh/auto_structbeat/caches/pilot/mscnn_final_last_gtzan/gtzan__gtzan_jazz_00045__track.npy.npz
mscnn_gtzan,direct,gtzan/gtzan_jazz_00046/track.npy,gtzan,1.0,0.9576337787910967,0.9576337787910967,0.9576337787910967,1.0,1.0,1.0,1.0,0.8,0.761741974458547,0.761741974458547,0.761741974458547,0.2857142857142857,0.5357142857142857,0.2857142857142857,0.5357142857142857,108.0,0.0,0.0,0.14310084364067355,33.0,0.0,0.0,0.7288766625510121,0.0,/media/mengh/SharedData/zhanh/auto_structbeat/caches/pilot/mscnn_final_last_gtzan/gtzan__gtzan_jazz_00046__track.npy.npz
mscnn_gtzan,direct,gtzan/gtzan_jazz_00047/track.npy,gtzan,0.9714285714285714,0.8734060547901925,0.8734060547901925,0.8734060547901925,0.5454545454545454,0.8636363636363636,0.5454545454545454,0.8636363636363636,0.6333333333333333,0.5746631303310401,0.6887855399160815,0.6317243351235609,0.10526315789473684,0.15789473684210525,0.2558139534883721,0.37209302325581395,99.0,0.04081632653061224,0.061224489795918366,0.8801584706454567,44.0,0.0,0.0,0.7653043200965557,0.0,/media/mengh/SharedData/zhanh/auto_structbeat/caches/pilot/mscnn_final_last_gtzan/gtzan__gtzan_jazz_00047__track.npy.npz
mscnn_gtzan,direct,gtzan/gtzan_jazz_00048/track.npy,gtzan,0.9906542056074767,0.8484761508161878,0.8484761508161878,0.8484761508161878,0.6296296296296297,0.9629629629629629,0.6296296296296297,0.9629629629629629,0.8387096774193549,0.7417553983142741,0.7417553983142741,0.7417553983142741,0.47058823529411764,0.5294117647058824,0.47058823529411764,0.5294117647058824,64.0,0.0,0.0,0.044451762570840825,20.0,0.0,0.0,1.1660519661133222,0.0,/media/mengh/SharedData/zhanh/auto_structbeat/caches/pilot/mscnn_final_last_gtzan/gtzan__gtzan_jazz_00048__track.npy.npz
mscnn_gtzan,direct,gtzan/gtzan_jazz_00049/track.npy,gtzan,0.5652173913043479,0.47533123180906406,0.4803737197330383,0.47785247577105117,0.10714285714285714,0.25,0.34285714285714286,0.45714285714285713,0.35294117647058826,0.29766047071781765,0.4089292069223287,0.3532948388200732,0.0,0.0,0.16666666666666666,0.4166666666666667,35.0,0.0,0.029411764705882353,1.2520389807282304,16.0,0.0,0.0,0.8651386980267386,0.0,/media/mengh/SharedData/zhanh/auto_structbeat/caches/pilot/mscnn_final_last_gtzan/gtzan__gtzan_jazz_00049__track.npy.npz
mscnn_gtzan,direct,gtzan/gtzan_jazz_00050/track.npy,gtzan,1.0,0.8955822292715918,0.8955822292715918,0.8955822292715918,0.6666666666666666,0.9696969696969697,0.6666666666666666,0.9696969696969697,0.6086956521739131,0.4986681049910073,0.4986681049910073,0.4986681049910073,0.20833333333333334,0.2916666666666667,0.20833333333333334,0.2916666666666667,79.0,0.0,0.0,0.17014928269065163,29.0,0.0,0.0,1.7326308744794667,0.0,/media/mengh/SharedData/zhanh/auto_structbeat/caches/pilot/mscnn_final_last_gtzan/gtzan__gtzan_jazz_00050__track.npy.npz
mscnn_gtzan,direct,gtzan/gtzan_jazz_00051/track.npy,gtzan,1.0,0.9086214343584731,0.9086214343584731,0.9086214343584731,1.0,1.0,1.0,1.0,0.7692307692307693,0.7082099229578258,0.7689564049527804,0.7385831639553031,0.25,0.25,0.42105263157894735,0.5789473684210527,48.0,0.0,0.0,0.031748698314585266,19.0,0.0,0.0,0.6947282164613684,0.0,/media/mengh/SharedData/zhanh/auto_structbeat/caches/pilot/mscnn_final_last_gtzan/gtzan__gtzan_jazz_00051__track.npy.npz
mscnn_gtzan,direct,gtzan/gtzan_jazz_00052/track.npy,gtzan,0.8705882352941177,0.7627023380972497,0.7627023380972497,0.7627023380972497,0.4090909090909091,0.7954545454545454,0.4090909090909091,0.7954545454545454,0.8333333333333333,0.6777022941440894,0.6777022941440894,0.6777022941440894,0.38461538461538464,0.6153846153846154,0.38461538461538464,0.6153846153846154,49.0,0.0,0.0,0.6751286750572696,16.0,0.0,0.0,1.4100810481684485,0.0,/media/mengh/SharedData/zhanh/auto_structbeat/caches/pilot/mscnn_final_last_gtzan/gtzan__gtzan_jazz_00052__track.npy.npz
mscnn_gtzan,direct,gtzan/gtzan_jazz_00053/track.npy,gtzan,0.837696335078534,0.7913446125776222,0.7913446125776222,0.7913446125776222,0.13513513513513514,0.4594594594594595,0.13513513513513514,0.4594594594594595,0.75,0.7161285583464675,0.7161285583464675,0.7161285583464675,0.2857142857142857,0.42857142857142855,0.358974358974359,0.42857142857142855,131.0,0.25384615384615383,0.27692307692307694,1.0986122886681273,34.0,0.030303030303030304,0.030303030303030304,1.9838631934105195,0.0,/media/mengh/SharedData/zhanh/auto_structbeat/caches/pilot/mscnn_final_last_gtzan/gtzan__gtzan_jazz_00053__track.npy.npz
mscnn_gtzan,direct,gtzan/gtzan_jazz_00054/track.npy,gtzan,0.6222222222222223,0.5644639105983725,0.5644639105983725,0.5644639105983725,0.2826086956521739,0.30434782608695654,0.2826086956521739,0.30434782608695654,0.7692307692307692,0.7000635681931833,0.7000635681931833,0.7000635681931833,0.4,0.4666666666666667,0.4,0.4666666666666667,56.0,0.0,0.0,0.7508793567837753,18.0,0.0,0.0,0.8036024424391479,0.0,/media/mengh/SharedData/zhanh/auto_structbeat/caches/pilot/mscnn_final_last_gtzan/gtzan__gtzan_jazz_00054__track.npy.npz
mscnn_gtzan,direct,gtzan/gtzan_jazz_00055/track.npy,gtzan,1.0,0.765578664421672,0.765578664421672,0.765578664421672,1.0,1.0,1.0,1.0,0.4210526315789474,0.24396879365766475,0.2868515734703848,0.2654101835640248,0.0,0.0,0.15384615384615385,0.23076923076923078,35.0,0.0,0.0,0.04762804898925363,15.0,0.0,0.0,1.103243585842681,0.0,/media/mengh/SharedData/zhanh/auto_structbeat/caches/pilot/mscnn_final_last_gtzan/gtzan__gtzan_jazz_00055__track.npy.npz
mscnn_gtzan,direct,gtzan/gtzan_jazz_00056/track.npy,gtzan,0.576271186440678,0.49493804146080045,0.7313593860553311,0.6131487137580658,0.0,0.0,0.064,0.456,0.45454545454545453,0.40226753166280654,0.6691189537382645,0.5356932427005355,0.0,0.0,0.5806451612903226,0.8064516129032258,147.0,0.1780821917808219,0.4178082191780822,1.01160091167848,37.0,0.1111111111111111,0.1388888888888889,2.302014697619662,0.0,/media/mengh/SharedData/zhanh/auto_structbeat/caches/pilot/mscnn_final_last_gtzan/gtzan__gtzan_jazz_00056__track.npy.npz
mscnn_gtzan,direct,gtzan/gtzan_jazz_00057/track.npy,gtzan,0.9189189189189189,0.8074385620260528,0.8074385620260528,0.8074385620260528,0.5128205128205128,0.717948717948718,0.5128205128205128,0.717948717948718,0.6,0.5288902232977731,0.6286723642444872,0.5787812937711302,0.15,0.15,0.15,0.25,41.0,0.0,0.0,0.7091475219063866,23.0,0.0,0.0,0.7404000654104884,0.0,/media/mengh/SharedData/zhanh/auto_structbeat/caches/pilot/mscnn_final_last_gtzan/gtzan__gtzan_jazz_00057__track.npy.npz
mscnn_gtzan,direct,gtzan/gtzan_jazz_00058/track.npy,gtzan,0.6380368098159509,0.6009166641519949,0.8170913538488791,0.709004009000437,0.009009009009009009,0.009009009009009009,0.12612612612612611,0.6216216216216216,0.5777777777777777,0.5453914405811003,0.8275523097079333,0.6864718751445168,0.0,0.0,0.40625,0.625,136.0,0.0962962962962963,0.2814814814814815,0.9162907318741523,37.0,0.0,0.0,0.6347800543026101,0.0,/media/mengh/SharedData/zhanh/auto_structbeat/caches/pilot/mscnn_final_last_gtzan/gtzan__gtzan_jazz_00058__track.npy.npz
mscnn_gtzan,direct,gtzan/gtzan_jazz_00059/track.npy,gtzan,0.8372093023255814,0.7584495180869133,0.7584495180869133,0.7584495180869133,0.5333333333333333,0.7333333333333333,0.5333333333333333,0.7333333333333333,0.7142857142857143,0.6267766379995777,0.6267766379995777,0.6267766379995777,0.1875,0.5,0.1875,0.5,51.0,0.02,0.02,0.6719032504343658,19.0,0.0,0.0,0.8917008779876648,0.0,/media/mengh/SharedData/zhanh/auto_structbeat/caches/pilot/mscnn_final_last_gtzan/gtzan__gtzan_jazz_00059__track.npy.npz
mscnn_gtzan,direct,gtzan/gtzan_jazz_00060/track.npy,gtzan,1.0,0.9364605684667121,0.9364605684667121,0.9364605684667121,1.0,1.0,1.0,1.0,0.9090909090909091,0.8685717675805337,0.8685717675805337,0.8685717675805337,0.5833333333333334,0.6666666666666666,0.5833333333333334,0.6666666666666666,49.0,0.0,0.0,0.032789822822996084,16.0,0.0,0.0,0.7095017748095253,0.0,/media/mengh/SharedData/zhanh/auto_structbeat/caches/pilot/mscnn_final_last_gtzan/gtzan__gtzan_jazz_00060__track.npy.npz
mscnn_gtzan,direct,gtzan/gtzan_jazz_00061/track.npy,gtzan,0.9305555555555555,0.8214185347677305,0.8214185347677305,0.8214185347677305,0.35135135135135137,0.7702702702702703,0.35135135135135137,0.7702702702702703,0.4444444444444445,0.4305038381245915,0.5271226250417669,0.4788132315831792,0.041666666666666664,0.041666666666666664,0.047619047619047616,0.14285714285714285,84.0,0.012048192771084338,0.012048192771084338,0.6931471805599453,27.0,0.0,0.0,1.4199789727878969,0.0,/media/mengh/SharedData/zhanh/auto_structbeat/caches/pilot/mscnn_final_last_gtzan/gtzan__gtzan_jazz_00061__track.npy.npz
mscnn_gtzan,direct,gtzan/gtzan_jazz_00062/track.npy,gtzan,0.967741935483871,0.8324124616253553,0.8324124616253553,0.8324124616253553,0.967741935483871,0.9838709677419355,0.967741935483871,0.9838709677419355,0.9090909090909091,0.7808225532865017,0.7808225532865017,0.7808225532865017,0.16666666666666666,0.6666666666666666,0.16666666666666666,0.6666666666666666,72.0,0.0,0.0,0.20418515784041202,24.0,0.0,0.0,1.2951167598556026,0.0,/media/mengh/SharedData/zhanh/auto_structbeat/caches/pilot/mscnn_final_last_gtzan/gtzan__gtzan_jazz_00062__track.npy.npz
mscnn_gtzan,direct,gtzan/gtzan_jazz_00063/track.npy,gtzan,0.9302325581395348,0.8283009424946216,0.8283009424946216,0.8283009424946216,0.168141592920354,0.7079646017699115,0.168141592920354,0.7079646017699115,0.8363636363636363,0.7103328550865533,0.7103328550865533,0.7103328550865533,0.43333333333333335,0.7,0.43333333333333335,0.7,134.0,0.08270676691729323,0.22556390977443608,0.959180312786099,35.0,0.0,0.0,0.41114500301250256,0.0,/media/mengh/SharedData/zhanh/auto_structbeat/caches/pilot/mscnn_final_last_gtzan/gtzan__gtzan_jazz_00063__track.npy.npz
mscnn_gtzan,direct,gtzan/gtzan_jazz_00064/track.npy,gtzan,0.9491525423728814,0.8763296879591715,0.8763296879591715,0.8763296879591715,0.44565217391304346,0.7717391304347826,0.44565217391304346,0.7717391304347826,1.0,0.9130996678309106,0.9130996678309106,0.9130996678309106,1.0,1.0,1.0,1.0,109.0,0.07407407407407407,0.08333333333333333,1.024213865530358,25.0,0.0,0.0,0.08144297012792658,0.0,/media/mengh/SharedData/zhanh/auto_structbeat/caches/pilot/mscnn_final_last_gtzan/gtzan__gtzan_jazz_00064__track.npy.npz
mscnn_gtzan,direct,gtzan/gtzan_jazz_00065/track.npy,gtzan,0.993939393939394,0.9643446495413331,0.9643446495413331,0.9643446495413331,0.9879518072289156,0.9879518072289156,0.9879518072289156,0.9879518072289156,0.975609756097561,0.9508610717512619,0.9508610717512619,0.9508610717512619,0.9523809523809523,0.9523809523809523,0.9523809523809523,0.9523809523809523,100.0,0.0,0.0,0.06453852113757642,25.0,0.0,0.0,0.0167793366798641,0.0,/media/mengh/SharedData/zhanh/auto_structbeat/caches/pilot/mscnn_final_last_gtzan/gtzan__gtzan_jazz_00065__track.npy.npz
mscnn_gtzan,direct,gtzan/gtzan_jazz_00066/track.npy,gtzan,0.4153846153846154,0.34061452293415395,0.41282173271921196,0.37671812782668296,0.0,0.0,0.09090909090909091,0.18181818181818182,0.8888888888888888,0.7538450046302729,0.7538450046302729,0.7538450046302729,1.0,1.0,1.0,1.0,68.0,0.04477611940298507,0.07462686567164178,1.3526530295146832,22.0,0.0,0.0,0.058884436756869094,0.0,/media/mengh/SharedData/zhanh/auto_structbeat/caches/pilot/mscnn_final_last_gtzan/gtzan__gtzan_jazz_00066__track.npy.npz
mscnn_gtzan,direct,gtzan/gtzan_jazz_00067/track.npy,gtzan,1.0,0.8118553769063704,0.8118553769063704,0.8118553769063704,1.0,1.0,1.0,1.0,0.8333333333333333,0.6677659757096491,0.6677659757096491,0.6677659757096491,0.2857142857142857,0.5,0.2857142857142857,0.5,50.0,0.0,0.0,0.06669137449867218,17.0,0.0,0.0,0.6872894057905838,0.0,/media/mengh/SharedData/zhanh/auto_structbeat/caches/pilot/mscnn_final_last_gtzan/gtzan__gtzan_jazz_00067__track.npy.npz
mscnn_gtzan,direct,gtzan/gtzan_jazz_00068/track.npy,gtzan,1.0,0.8368292337840081,0.8368292337840081,0.8368292337840081,1.0,1.0,1.0,1.0,0.5454545454545455,0.5173362913821254,0.6392589014208152,0.5782975964014703,0.06666666666666667,0.06666666666666667,0.4,0.4,37.0,0.0,0.0,0.06503233196935612,18.0,0.0,0.0,1.2050216188437957,0.0,/media/mengh/SharedData/zhanh/auto_structbeat/caches/pilot/mscnn_final_last_gtzan/gtzan__gtzan_jazz_00068__track.npy.npz
mscnn_gtzan,direct,gtzan/gtzan_jazz_00069/track.npy,gtzan,0.953125,0.829286891193434,0.829286891193434,0.829286891193434,0.609375,0.921875,0.609375,0.921875,0.8333333333333334,0.7062763157272872,0.7062763157272872,0.7062763157272872,0.35,0.65,0.35,0.65,77.0,0.0,0.0,0.10536051565782567,25.0,0.0,0.0,1.336479300960043,0.0,/media/mengh/SharedData/zhanh/auto_structbeat/caches/pilot/mscnn_final_last_gtzan/gtzan__gtzan_jazz_00069__track.npy.npz
mscnn_gtzan,direct,gtzan/gtzan_jazz_00070/track.npy,gtzan,0.9647058823529412,0.8726838738713896,0.8726838738713896,0.8726838738713896,0.4772727272727273,0.8636363636363636,0.4772727272727273,0.8636363636363636,0.8148148148148148,0.754465933042136,0.754465933042136,0.754465933042136,0.25,0.375,0.25,0.375,49.0,0.0,0.0,0.6478853952459747,18.0,0.0,0.0,0.8395353968174614,0.0,/media/mengh/SharedData/zhanh/auto_structbeat/caches/pilot/mscnn_final_last_gtzan/gtzan__gtzan_jazz_00070__track.npy.npz
mscnn_gtzan,direct,gtzan/gtzan_jazz_00071/track.npy,gtzan,0.9180327868852459,0.8318109013716215,0.8318109013716215,0.8318109013716215,0.967741935483871,0.967741935483871,0.967741935483871,0.967741935483871,0.7777777777777777,0.7412603151216797,0.7412603151216797,0.7412603151216797,0.3,0.6,0.3,0.6,37.0,0.0,0.0,0.058137697717403826,13.0,0.0,0.0,1.2414869444497376,0.0,/media/mengh/SharedData/zhanh/auto_structbeat/caches/pilot/mscnn_final_last_gtzan/gtzan__gtzan_jazz_00071__track.npy.npz
mscnn_gtzan,direct,gtzan/gtzan_jazz_00072/track.npy,gtzan,1.0,0.9597193361540743,0.9597193361540743,0.9597193361540743,1.0,1.0,1.0,1.0,0.8571428571428572,0.8286673110515573,0.8286673110515573,0.8286673110515573,0.2962962962962963,0.5925925925925926,0.2962962962962963,0.5925925925925926,108.0,0.0,0.0,0.1431008436406747,32.0,0.0,0.0,0.7028819479646187,0.0,/media/mengh/SharedData/zhanh/auto_structbeat/caches/pilot/mscnn_final_last_gtzan/gtzan__gtzan_jazz_00072__track.npy.npz
mscnn_gtzan,direct,gtzan/gtzan_jazz_00073/track.npy,gtzan,0.927536231884058,0.7876423904877001,0.7876423904877001,0.7876423904877001,0.11711711711711711,0.5945945945945946,0.11711711711711711,0.5945945945945946,0.10526315789473685,0.09657694429511753,0.5956119235353688,0.3460944339152432,0.0,0.0,0.30303030303030304,0.3939393939393939,135.0,0.14925373134328357,0.31343283582089554,0.9779472316878455,38.0,0.02702702702702703,0.08108108108108109,1.575341131876536,0.0,/media/mengh/SharedData/zhanh/auto_structbeat/caches/pilot/mscnn_final_last_gtzan/gtzan__gtzan_jazz_00073__track.npy.npz
mscnn_gtzan,direct,gtzan/gtzan_jazz_00074/track.npy,gtzan,0.8823529411764706,0.7487638078094944,0.7487638078094944,0.7487638078094944,0.7647058823529411,0.7941176470588235,0.7647058823529411,0.7941176470588235,0.6666666666666666,0.49693431491796325,0.7016584502451539,0.5992963825815586,0.125,0.125,0.5625,0.6875,42.0,0.0,0.024390243902439025,1.0187236643214452,20.0,0.0,0.0,0.749912645917982,0.0,/media/mengh/SharedData/zhanh/auto_structbeat/caches/pilot/mscnn_final_last_gtzan/gtzan__gtzan_jazz_00074__track.npy.npz
mscnn_gtzan,direct,gtzan/gtzan_jazz_00075/track.npy,gtzan,0.9508196721311475,0.7617461636600327,0.7617461636600327,0.7617461636600327,0.19791666666666666,0.78125,0.19791666666666666,0.78125,0.8979591836734693,0.683937294440617,0.683937294440617,0.683937294440617,0.3333333333333333,0.6666666666666666,0.3333333333333333,0.6666666666666666,115.0,0.08771929824561403,0.11403508771929824,1.1306293717375098,34.0,0.030303030303030304,0.030303030303030304,1.542558460251014,0.0,/media/mengh/SharedData/zhanh/auto_structbeat/caches/pilot/mscnn_final_last_gtzan/gtzan__gtzan_jazz_00075__track.npy.npz
mscnn_gtzan,direct,gtzan/gtzan_jazz_00076/track.npy,gtzan,0.7540983606557377,0.6012372093075667,0.6012372093075667,0.6012372093075667,0.19444444444444445,0.5277777777777778,0.19444444444444445,0.5277777777777778,0.4347826086956522,0.3148084363494516,0.4611141645906805,0.38796130047006605,0.0,0.0,0.17647058823529413,0.29411764705882354,42.0,0.0,0.0,0.9031162840184909,19.0,0.0,0.0,0.7222170506414761,0.0,/media/mengh/SharedData/zhanh/auto_structbeat/caches/pilot/mscnn_final_last_gtzan/gtzan__gtzan_jazz_00076__track.npy.npz
mscnn_gtzan,direct,gtzan/gtzan_jazz_00077/track.npy,gtzan,0.8372093023255814,0.6385999494287298,0.6385999494287298,0.6385999494287298,0.09473684210526316,0.45263157894736844,0.09473684210526316,0.45263157894736844,0.2608695652173913,0.22100022761421753,0.24682259724399844,0.23391141242910798,0.07407407407407407,0.07407407407407407,0.07407407407407407,0.07407407407407407,110.0,0.12844036697247707,0.1559633027522936,1.1786549963416733,34.0,0.030303030303030304,0.030303030303030304,1.4046641564342892,0.0,/media/mengh/SharedData/zhanh/auto_structbeat/caches/pilot/mscnn_final_last_gtzan/gtzan__gtzan_jazz_00077__track.npy.npz
mscnn_gtzan,direct,gtzan/gtzan_jazz_00078/track.npy,gtzan,1.0,0.9015397021391787,0.9015397021391787,0.9015397021391787,1.0,1.0,1.0,1.0,1.0,0.8865165442167382,0.8865165442167382,0.8865165442167382,1.0,1.0,1.0,1.0,81.0,0.0,0.0,0.061978624021738274,22.0,0.0,0.0,0.059672336459020654,0.0,/media/mengh/SharedData/zhanh/auto_structbeat/caches/pilot/mscnn_final_last_gtzan/gtzan__gtzan_jazz_00078__track.npy.npz
mscnn_gtzan,direct,gtzan/gtzan_jazz_00079/track.npy,gtzan,1.0,0.9294149952133839,0.9294149952133839,0.9294149952133839,1.0,1.0,1.0,1.0,0.8571428571428571,0.8049535701577742,0.8049535701577742,0.8049535701577742,0.5,0.5,0.5,0.5,54.0,0.0,0.0,0.07410797215372045,18.0,0.0,0.0,0.19832036077245505,0.0,/media/mengh/SharedData/zhanh/auto_structbeat/caches/pilot/mscnn_final_last_gtzan/gtzan__gtzan_jazz_00079__track.npy.npz
mscnn_gtzan,direct,gtzan/gtzan_jazz_00080/track.npy,gtzan,0.7352941176470588,0.7101536512323411,0.8482796513227522,0.7792166512775467,0.07228915662650602,0.1927710843373494,0.2641509433962264,0.6037735849056604,0.8695652173913043,0.8462268472939746,0.8462268472939746,0.8462268472939746,0.44,0.56,0.44,0.56,63.0,0.0,0.0,0.6931471805599482,29.0,0.0,0.0,0.7047176919257945,0.0,/media/mengh/SharedData/zhanh/auto_structbeat/caches/pilot/mscnn_final_last_gtzan/gtzan__gtzan_jazz_00080__track.npy.npz
mscnn_gtzan,direct,gtzan/gtzan_jazz_00081/track.npy,gtzan,0.9787234042553191,0.9441374827535675,0.9441374827535675,0.9441374827535675,0.5833333333333334,0.9166666666666666,0.5833333333333334,0.9166666666666666,0.9600000000000001,0.9290724663765729,0.9290724663765729,0.9290724663765729,0.9230769230769231,0.9230769230769231,0.9230769230769231,0.9230769230769231,55.0,0.0,0.0,0.07696104113612845,16.0,0.0,0.0,0.6937823270394786,0.0,/media/mengh/SharedData/zhanh/auto_structbeat/caches/pilot/mscnn_final_last_gtzan/gtzan__gtzan_jazz_00081__track.npy.npz
mscnn_gtzan,direct,gtzan/gtzan_jazz_00082/track.npy,gtzan,0.993939393939394,0.9214067888185222,0.9214067888185222,0.9214067888185222,0.5180722891566265,0.9759036144578314,0.5180722891566265,0.9759036144578314,0.761904761904762,0.7330806229150403,0.7330806229150403,0.7330806229150403,0.6818181818181818,0.6818181818181818,0.6818181818181818,0.6818181818181818,100.0,0.010101010101010102,0.010101010101010102,0.19415601444095498,29.0,0.0,0.0,0.7334075686841327,0.0,/media/mengh/SharedData/zhanh/auto_structbeat/caches/pilot/mscnn_final_last_gtzan/gtzan__gtzan_jazz_00082__track.npy.npz
mscnn_gtzan,direct,gtzan/gtzan_jazz_00083/track.npy,gtzan,0.7567567567567568,0.6242204661561415,0.6383094962625705,0.631264981209356,0.2878787878787879,0.36363636363636365,0.2878787878787879,0.4044943820224719,0.4375,0.3673949414909532,0.3673949414909532,0.3673949414909532,0.22727272727272727,0.22727272727272727,0.22727272727272727,0.22727272727272727,75.0,0.0,0.0,0.6517514576677685,24.0,0.0,0.0,0.7295148247308225,0.0,/media/mengh/SharedData/zhanh/auto_structbeat/caches/pilot/mscnn_final_last_gtzan/gtzan__gtzan_jazz_00083__track.npy.npz
mscnn_gtzan,direct,gtzan/gtzan_jazz_00084/track.npy,gtzan,0.9902912621359222,0.9332862065956702,0.9332862065956702,0.9332862065956702,0.6538461538461539,0.9615384615384616,0.6538461538461539,0.9615384615384616,0.923076923076923,0.8748571292874706,0.8748571292874706,0.8748571292874706,0.5714285714285714,0.7142857142857143,0.5714285714285714,0.7142857142857143,63.0,0.016129032258064516,0.016129032258064516,0.08338160893905688,18.0,0.0,0.0,0.6985656956359653,0.0,/media/mengh/SharedData/zhanh/auto_structbeat/caches/pilot/mscnn_final_last_gtzan/gtzan__gtzan_jazz_00084__track.npy.npz
mscnn_gtzan,direct,gtzan/gtzan_jazz_00085/track.npy,gtzan,0.9457364341085271,0.8453433215499503,0.8453433215499503,0.8453433215499503,0.7424242424242424,0.8939393939393939,0.7424242424242424,0.8939393939393939,0.6111111111111113,0.5633380499190457,0.5633380499190457,0.5633380499190457,0.5263157894736842,0.5263157894736842,0.5263157894736842,0.5263157894736842,76.0,0.0,0.0,0.6758128199565397,23.0,0.0,0.0,0.74721440183021,0.0,/media/mengh/SharedData/zhanh/auto_structbeat/caches/pilot/mscnn_final_last_gtzan/gtzan__gtzan_jazz_00085__track.npy.npz
mscnn_gtzan,direct,gtzan/gtzan_jazz_00086/track.npy,gtzan,0.6530612244897959,0.5235434521052161,0.5235434521052161,0.5235434521052161,0.14545454545454545,0.41818181818181815,0.14545454545454545,0.41818181818181815,0.36363636363636365,0.29302063231889536,0.40415151487669243,0.3485860735977939,0.047619047619047616,0.047619047619047616,0.21739130434782608,0.4782608695652174,70.0,0.057971014492753624,0.08695652173913043,1.477139623663747,24.0,0.0,0.043478260869565216,1.501637888567806,0.0,/media/mengh/SharedData/zhanh/auto_structbeat/caches/pilot/mscnn_final_last_gtzan/gtzan__gtzan_jazz_00086__track.npy.npz
mscnn_gtzan,direct,gtzan/gtzan_jazz_00087/track.npy,gtzan,0.8076923076923076,0.7154134734007701,0.7154134734007701,0.7154134734007701,0.5636363636363636,0.6727272727272727,0.5636363636363636,0.6727272727272727,0.8666666666666666,0.7427714622411093,0.7427714622411093,0.7427714622411093,0.4375,0.6875,0.4375,0.6875,57.0,0.0,0.017857142857142856,0.7572586239352216,19.0,0.0,0.0,0.6751688958783005,0.0,/media/mengh/SharedData/zhanh/auto_structbeat/caches/pilot/mscnn_final_last_gtzan/gtzan__gtzan_jazz_00087__track.npy.npz
mscnn_gtzan,direct,gtzan/gtzan_jazz_00088/track.npy,gtzan,0.9203539823008849,0.8776137200159085,0.8776137200159085,0.8776137200159085,0.3898305084745763,0.847457627118644,0.3898305084745763,0.847457627118644,0.7096774193548386,0.6944948543724243,0.7453805991684302,0.7199377267704272,0.29411764705882354,0.47058823529411764,0.29411764705882354,0.47058823529411764,71.0,0.1,0.1,1.6666240203166933,22.0,0.0,0.0,0.6931471805599435,0.0,/media/mengh/SharedData/zhanh/auto_structbeat/caches/pilot/mscnn_final_last_gtzan/gtzan__gtzan_jazz_00088__track.npy.npz
mscnn_gtzan,direct,gtzan/gtzan_jazz_00089/track.npy,gtzan,0.9565217391304348,0.7095793014295432,0.7095793014295432,0.7095793014295432,1.0,1.0,1.0,1.0,0.6666666666666666,0.4842651731957868,0.7000339512039572,0.592149562199872,0.0,0.0,0.9166666666666666,0.9166666666666666,28.0,0.0,0.0,0.05505977718302868,15.0,0.0,0.0,0.2739318467611978,0.0,/media/mengh/SharedData/zhanh/auto_structbeat/caches/pilot/mscnn_final_last_gtzan/gtzan__gtzan_jazz_00089__track.npy.npz
mscnn_gtzan,direct,gtzan/gtzan_jazz_00090/track.npy,gtzan,1.0,0.9331518973047385,0.9331518973047385,0.9331518973047385,1.0,1.0,1.0,1.0,1.0,0.915833511946681,0.915833511946681,0.915833511946681,1.0,1.0,1.0,1.0,68.0,0.0,0.0,0.09097177820572619,23.0,0.0,0.0,0.015267472130789439,0.0,/media/mengh/SharedData/zhanh/auto_structbeat/caches/pilot/mscnn_final_last_gtzan/gtzan__gtzan_jazz_00090__track.npy.npz
mscnn_gtzan,direct,gtzan/gtzan_jazz_00091/track.npy,gtzan,0.9166666666666666,0.7841861543338778,0.7841861543338778,0.7841861543338778,0.4583333333333333,0.875,0.4583333333333333,0.875,0.625,0.5423589240677732,0.5423589240677732,0.5423589240677732,0.4,0.4,0.4,0.4,29.0,0.0,0.0,0.6968590940644107,14.0,0.0,0.0,1.0568638228320024,0.0,/media/mengh/SharedData/zhanh/auto_structbeat/caches/pilot/mscnn_final_last_gtzan/gtzan__gtzan_jazz_00091__track.npy.npz
mscnn_gtzan,direct,gtzan/gtzan_jazz_00092/track.npy,gtzan,0.8636363636363636,0.6623086918715484,0.6623086918715484,0.6623086918715484,1.0,1.0,1.0,1.0,0.5,0.4205309199191892,0.4205309199191892,0.4205309199191892,0.42857142857142855,0.42857142857142855,0.42857142857142855,0.42857142857142855,27.0,0.0,0.0,0.10350710375116676,11.0,0.0,0.0,1.3417213584677867,0.0,/media/mengh/SharedData/zhanh/auto_structbeat/caches/pilot/mscnn_final_last_gtzan/gtzan__gtzan_jazz_00092__track.npy.npz
mscnn_gtzan,direct,gtzan/gtzan_jazz_00093/track.npy,gtzan,0.7368421052631579,0.6574275060366892,0.7786230829481691,0.7180252944924291,0.07246376811594203,0.18840579710144928,0.26666666666666666,0.5777777777777777,0.787878787878788,0.682428513776011,0.682428513776011,0.682428513776011,0.47058823529411764,0.47058823529411764,0.47058823529411764,0.47058823529411764,57.0,0.05357142857142857,0.05357142857142857,1.3110097728276497,19.0,0.0,0.0,1.1211845825259408,0.0,/media/mengh/SharedData/zhanh/auto_structbeat/caches/pilot/mscnn_final_last_gtzan/gtzan__gtzan_jazz_00093__track.npy.npz
mscnn_gtzan,direct,gtzan/gtzan_jazz_00094/track.npy,gtzan,0.7654320987654321,0.6830363322338855,0.8097528737193567,0.7463946029766211,0.16,0.24,0.41935483870967744,0.6129032258064516,0.7142857142857142,0.6296313741770553,0.6327939230104469,0.631212648593751,0.26666666666666666,0.3333333333333333,0.26666666666666666,0.3333333333333333,38.0,0.0,0.0,0.7131539728327636,19.0,0.0,0.0,1.380284566729893,0.0,/media/mengh/SharedData/zhanh/auto_structbeat/caches/pilot/mscnn_final_last_gtzan/gtzan__gtzan_jazz_00094__track.npy.npz
mscnn_gtzan,direct,gtzan/gtzan_jazz_00095/track.npy,gtzan,0.5492957746478873,0.4422666445952882,0.587884810357273,0.5150757274762806,0.03260869565217391,0.05434782608695652,0.12121212121212122,0.36363636363636365,0.40816326530612246,0.3374216770746919,0.4983063804346133,0.41786402875465256,0.0,0.0,0.2222222222222222,0.4444444444444444,103.0,0.0784313725490196,0.21568627450980393,0.8109302162163681,40.0,0.05128205128205128,0.1282051282051282,2.083145433568383,0.0,/media/mengh/SharedData/zhanh/auto_structbeat/caches/pilot/mscnn_final_last_gtzan/gtzan__gtzan_jazz_00095__track.npy.npz
mscnn_gtzan,direct,gtzan/gtzan_jazz_00096/track.npy,gtzan,0.9423076923076923,0.788313154828348,0.788313154828348,0.788313154828348,0.7454545454545455,0.7818181818181819,0.7454545454545455,0.7818181818181819,0.717948717948718,0.5633387308182735,0.6088296613784283,0.5860841960983509,0.12,0.16,0.14814814814814814,0.37037037037037035,61.0,0.0,0.0,0.18523700997618248,32.0,0.0,0.0,1.0567133655766718,0.0,/media/mengh/SharedData/zhanh/auto_structbeat/caches/pilot/mscnn_final_last_gtzan/gtzan__gtzan_jazz_00096__track.npy.npz
mscnn_gtzan,direct,gtzan/gtzan_jazz_00097/track.npy,gtzan,0.4878048780487805,0.4548618573166633,0.4548618573166633,0.4548618573166633,0.22727272727272727,0.5454545454545454,0.22727272727272727,0.5454545454545454,0.13333333333333333,0.1549940133885816,0.20618642397820966,0.18059021868339564,0.1,0.1,0.4,0.4,22.0,0.0,0.0,0.7688197008349339,12.0,0.0,0.0,1.1556383794425593,0.0,/media/mengh/SharedData/zhanh/auto_structbeat/caches/pilot/mscnn_final_last_gtzan/gtzan__gtzan_jazz_00097__track.npy.npz
mscnn_gtzan,direct,gtzan/gtzan_jazz_00098/track.npy,gtzan,0.9852941176470589,0.8429862148019103,0.8429862148019103,0.8429862148019103,0.9705882352941176,0.9705882352941176,0.9705882352941176,0.9705882352941176,0.8888888888888888,0.7772433837432853,0.7772433837432853,0.7772433837432853,0.3684210526315789,0.7894736842105263,0.3684210526315789,0.7894736842105263,81.0,0.0,0.0,0.16345206224066794,25.0,0.0,0.0,1.0709043657130093,0.0,/media/mengh/SharedData/zhanh/auto_structbeat/caches/pilot/mscnn_final_last_gtzan/gtzan__gtzan_jazz_00098__track.npy.npz
mscnn_gtzan,direct,gtzan/gtzan_jazz_00099/track.npy,gtzan,0.86,0.7909642559560003,0.7909642559560003,0.7909642559560003,0.3333333333333333,0.5087719298245614,0.3333333333333333,0.5087719298245614,0.5128205128205129,0.4785366441857856,0.4785366441857856,0.4785366441857856,0.25,0.25,0.25,0.25,55.0,0.0,0.0,0.6652351711790084,25.0,0.0,0.0,0.6931471805599485,0.0,/media/mengh/SharedData/zhanh/auto_structbeat/caches/pilot/mscnn_final_last_gtzan/gtzan__gtzan_jazz_00099__track.npy.npz
mscnn_gtzan,direct,gtzan/gtzan_metal_00000/track.npy,gtzan,0.9873417721518987,0.8810672789702854,0.8810672789702854,0.8810672789702854,0.825,0.975,0.825,0.975,0.7692307692307693,0.6651336408343608,0.7828026840676285,0.7239681624509946,0.1875,0.1875,0.6842105263157895,0.6842105263157895,48.0,0.02127659574468085,0.02127659574468085,0.11577863371371996,19.0,0.0,0.0,0.6743956544574822,0.0,/media/mengh/SharedData/zhanh/auto_structbeat/caches/pilot/mscnn_final_last_gtzan/gtzan__gtzan_metal_00000__track.npy.npz
mscnn_gtzan,direct,gtzan/gtzan_metal_00001/track.npy,gtzan,0.832214765100671,0.7719758987852251,0.7719758987852251,0.7719758987852251,0.2619047619047619,0.5238095238095238,0.2619047619047619,0.5238095238095238,0.48979591836734687,0.455696964379237,0.5184772636868451,0.48708711403304106,0.09375,0.125,0.09375,0.18181818181818182,99.0,0.02040816326530612,0.2755102040816326,0.7524094991108763,39.0,0.02631578947368421,0.21052631578947367,2.3016921237615415,0.0,/media/mengh/SharedData/zhanh/auto_structbeat/caches/pilot/mscnn_final_last_gtzan/gtzan__gtzan_metal_00001__track.npy.npz
mscnn_gtzan,direct,gtzan/gtzan_metal_00002/track.npy,gtzan,1.0,0.9088895238392641,0.9088895238392641,0.9088895238392641,1.0,1.0,1.0,1.0,0.9565217391304348,0.8832399455436477,0.8832399455436477,0.8832399455436477,0.5,0.8333333333333334,0.5,0.8333333333333334,56.0,0.0,0.0,0.07410797215372678,15.0,0.0,0.0,1.209964160583894,0.0,/media/mengh/SharedData/zhanh/auto_structbeat/caches/pilot/mscnn_final_last_gtzan/gtzan__gtzan_metal_00002__track.npy.npz
mscnn_gtzan,direct,gtzan/gtzan_metal_00003/track.npy,gtzan,0.6708860759493671,0.5740080619873483,0.5740080619873483,0.5740080619873483,0.2875,0.4125,0.2875,0.4125,0.3829787234042553,0.3071591436452141,0.3071591436452141,0.3071591436452141,0.1111111111111111,0.3333333333333333,0.1111111111111111,0.3333333333333333,91.0,0.07777777777777778,0.13333333333333333,1.0986122886681011,31.0,0.06666666666666667,0.13333333333333333,2.3406806347487112,0.0,/media/mengh/SharedData/zhanh/auto_structbeat/caches/pilot/mscnn_final_last_gtzan/gtzan__gtzan_metal_00003__track.npy.npz
mscnn_gtzan,direct,gtzan/gtzan_metal_00004/track.npy,gtzan,0.1904761904761905,0.14056311851550596,0.2048963128821386,0.17272971569882228,0.028985507246376812,0.11594202898550725,0.07246376811594203,0.21739130434782608,0.05405405405405405,0.04644432306678559,0.04644432306678559,0.04644432306678559,0.21739130434782608,0.2608695652173913,0.21739130434782608,0.2608695652173913,80.0,0.08860759493670886,0.11392405063291139,0.9236092564995894,27.0,0.0,0.038461538461538464,1.5971978469596362,0.0,/media/mengh/SharedData/zhanh/auto_structbeat/caches/pilot/mscnn_final_last_gtzan/gtzan__gtzan_metal_00004__track.npy.npz
mscnn_gtzan,direct,gtzan/gtzan_metal_00005/track.npy,gtzan,0.9922480620155039,0.9347644110151144,0.9347644110151144,0.9347644110151144,0.9846153846153847,0.9846153846153847,0.9846153846153847,0.9846153846153847,0.6818181818181818,0.6270350025244009,0.6270350025244009,0.6270350025244009,0.10714285714285714,0.2857142857142857,0.10714285714285714,0.2857142857142857,78.0,0.0,0.0,0.051293294387558364,35.0,0.0,0.0,1.2242497000978079,0.0,/media/mengh/SharedData/zhanh/auto_structbeat/caches/pilot/mscnn_final_last_gtzan/gtzan__gtzan_metal_00005__track.npy.npz
mscnn_gtzan,direct,gtzan/gtzan_metal_00006/track.npy,gtzan,0.96,0.769940293465464,0.769940293465464,0.769940293465464,0.96,0.96,0.96,0.96,0.888888888888889,0.68174503740619,0.68174503740619,0.68174503740619,0.4,0.5333333333333333,0.4,0.5333333333333333,61.0,0.016666666666666666,0.016666666666666666,0.38341169302023126,20.0,0.05263157894736842,0.05263157894736842,2.0344023187382523,0.0,/media/mengh/SharedData/zhanh/auto_structbeat/caches/pilot/mscnn_final_last_gtzan/gtzan__gtzan_metal_00006__track.npy.npz
mscnn_gtzan,direct,gtzan/gtzan_metal_00007/track.npy,gtzan,0.923076923076923,0.7758182247410836,0.7758182247410836,0.7758182247410836,0.3582089552238806,0.8656716417910447,0.3582089552238806,0.8656716417910447,0.21739130434782608,0.17593525680556088,0.37802070671262605,0.2769779817590935,0.06666666666666667,0.06666666666666667,0.12903225806451613,0.22580645161290322,80.0,0.0379746835443038,0.05063291139240506,0.6931471805599327,33.0,0.03125,0.0625,1.2004074914508545,0.0,/media/mengh/SharedData/zhanh/auto_structbeat/caches/pilot/mscnn_final_last_gtzan/gtzan__gtzan_metal_00007__track.npy.npz
mscnn_gtzan,direct,gtzan/gtzan_metal_00008/track.npy,gtzan,0.9158878504672897,0.8205372376159985,0.8205372376159985,0.8205372376159985,0.1896551724137931,0.8448275862068966,0.1896551724137931,0.8448275862068966,0.7058823529411764,0.6352654692330785,0.6352654692330785,0.6352654692330785,0.13636363636363635,0.36363636363636365,0.17391304347826086,0.36363636363636365,70.0,0.15942028985507245,0.15942028985507245,1.8718021769015818,25.0,0.20833333333333334,0.20833333333333334,3.208825489014698,0.0,/media/mengh/SharedData/zhanh/auto_structbeat/caches/pilot/mscnn_final_last_gtzan/gtzan__gtzan_metal_00008__track.npy.npz
mscnn_gtzan,direct,gtzan/gtzan_metal_00009/track.npy,gtzan,0.8695652173913043,0.7757606169094184,0.7757606169094184,0.7757606169094184,0.20833333333333334,0.7083333333333334,0.20833333333333334,0.7083333333333334,0.7199999999999999,0.5932726373234922,0.5932726373234922,0.5932726373234922,0.46153846153846156,0.46153846153846156,0.46153846153846156,0.46153846153846156,53.0,0.019230769230769232,0.038461538461538464,1.2933446720489699,15.0,0.0,0.0,0.6913935253690165,0.0,/media/mengh/SharedData/zhanh/auto_structbeat/caches/pilot/mscnn_final_last_gtzan/gtzan__gtzan_metal_00009__track.npy.npz
mscnn_gtzan,direct,gtzan/gtzan_metal_00010/track.npy,gtzan,0.5686274509803921,0.43742681223752494,0.5420296307557798,0.4897282214966524,0.05128205128205128,0.19658119658119658,0.05128205128205128,0.19658119658119658,0.12244897959183673,0.07695757494316427,0.14054155724366166,0.10874956609341296,0.07692307692307693,0.07692307692307693,0.07692307692307693,0.07692307692307693,138.0,0.18248175182481752,0.48175182481751827,1.019064152465922,35.0,0.058823529411764705,0.11764705882352941,1.8688401911229073,0.0,/media/mengh/SharedData/zhanh/auto_structbeat/caches/pilot/mscnn_final_last_gtzan/gtzan__gtzan_metal_00010__track.npy.npz
mscnn_gtzan,direct,gtzan/gtzan_metal_00011/track.npy,gtzan,0.543046357615894,0.4362138159271475,0.4970460004646937,0.4666299081959206,0.1411764705882353,0.27058823529411763,0.1411764705882353,0.27058823529411763,0.18181818181818182,0.18650698210084257,0.28010494734667607,0.2333059647237593,0.03571428571428571,0.03571428571428571,0.1935483870967742,0.3548387096774194,100.0,0.020202020202020204,0.24242424242424243,0.7660876482945075,36.0,0.02857142857142857,0.05714285714285714,1.6348881817545564,0.0,/media/mengh/SharedData/zhanh/auto_structbeat/caches/pilot/mscnn_final_last_gtzan/gtzan__gtzan_metal_00011__track.npy.npz
mscnn_gtzan,direct,gtzan/gtzan_metal_00012/track.npy,gtzan,0.9929078014184397,0.9328917496908082,0.9328917496908082,0.9328917496908082,0.9859154929577465,0.9859154929577465,0.9859154929577465,0.9859154929577465,0.9714285714285714,0.9152419303666288,0.9152419303666288,0.9152419303666288,0.9444444444444444,0.9444444444444444,0.9444444444444444,0.9444444444444444,85.0,0.0,0.0,0.11122563511022432,24.0,0.0,0.0,1.1169614273363053,0.0,/media/mengh/SharedData/zhanh/auto_structbeat/caches/pilot/mscnn_final_last_gtzan/gtzan__gtzan_metal_00012__track.npy.npz
mscnn_gtzan,direct,gtzan/gtzan_metal_00013/track.npy,gtzan,0.7943262411347518,0.6646811922131481,0.6646811922131481,0.6646811922131481,0.27380952380952384,0.44047619047619047,0.27380952380952384,0.44047619047619047,0.6842105263157894,0.5659166213190522,0.5659166213190522,0.5659166213190522,0.20833333333333334,0.2916666666666667,0.20833333333333334,0.2916666666666667,108.0,0.11214953271028037,0.308411214953271,0.9162907318741533,33.0,0.0,0.0,1.0909785526027163,0.0,/media/mengh/SharedData/zhanh/auto_structbeat/caches/pilot/mscnn_final_last_gtzan/gtzan__gtzan_metal_00013__track.npy.npz
mscnn_gtzan,direct,gtzan/gtzan_metal_00014/track.npy,gtzan,0.6458333333333334,0.580918655888148,0.8679667091991738,0.724442682543661,0.0,0.0,0.9076923076923077,0.9230769230769231,0.5161290322580645,0.4858090582703441,0.714508582729486,0.6001588204999151,0.0,0.0,0.2608695652173913,0.391304347826087,77.0,0.0,0.013157894736842105,0.3198205870501914,26.0,0.0,0.0,1.3426024521119257,0.0,/media/mengh/SharedData/zhanh/auto_structbeat/caches/pilot/mscnn_final_last_gtzan/gtzan__gtzan_metal_00014__track.npy.npz
mscnn_gtzan,direct,gtzan/gtzan_metal_00015/track.npy,gtzan,0.5897435897435898,0.48811372303211503,0.7113179141339908,0.5997158185830529,0.0,0.0,0.1559633027522936,0.5045871559633027,0.5128205128205129,0.4308219544766058,0.6230872077534237,0.5269545811150148,0.0,0.0,0.21428571428571427,0.42857142857142855,133.0,0.2196969696969697,0.36363636363636365,0.7884573603642894,34.0,0.0,0.0,1.225046808632881,0.0,/media/mengh/SharedData/zhanh/auto_structbeat/caches/pilot/mscnn_final_last_gtzan/gtzan__gtzan_metal_00015__track.npy.npz
mscnn_gtzan,direct,gtzan/gtzan_metal_00016/track.npy,gtzan,0.8387096774193548,0.785172085652134,0.785172085652134,0.785172085652134,0.16666666666666666,0.4444444444444444,0.2077922077922078,0.4444444444444444,0.6428571428571429,0.5853571726198963,0.9113752357132665,0.7483662041665814,0.0,0.0,0.9473684210526315,0.9473684210526315,61.0,0.0,0.0,0.6931471805599453,22.0,0.0,0.0,0.6701576623352463,0.0,/media/mengh/SharedData/zhanh/auto_structbeat/caches/pilot/mscnn_final_last_gtzan/gtzan__gtzan_metal_00016__track.npy.npz
mscnn_gtzan,direct,gtzan/gtzan_metal_00017/track.npy,gtzan,0.20224719101123592,0.16487229065808837,0.6189966277559454,0.3919344592070169,0.0898876404494382,0.1797752808988764,0.4157303370786517,0.6629213483146067,0.15094339622641512,0.1186224216243875,0.13213834898672897,0.12538038530555823,0.43333333333333335,0.5,0.43333333333333335,0.5,107.0,0.0,0.0,0.14310084364068193,39.0,0.0,0.0,1.2073749329484105,0.0,/media/mengh/SharedData/zhanh/auto_structbeat/caches/pilot/mscnn_final_last_gtzan/gtzan__gtzan_metal_00017__track.npy.npz
mscnn_gtzan,direct,gtzan/gtzan_metal_00018/track.npy,gtzan,0.24285714285714285,0.1793491180851018,0.2753824735600347,0.22736579582256825,0.0,0.0,0.030612244897959183,0.10204081632653061,0.07843137254901962,0.08008830238569073,0.10719002843319216,0.09363916540944145,0.0,0.0,0.024390243902439025,0.024390243902439025,119.0,0.1016949152542373,0.3220338983050847,0.8472978603871908,49.0,0.020833333333333332,0.08333333333333333,1.7620697942956554,0.0,/media/mengh/SharedData/zhanh/auto_structbeat/caches/pilot/mscnn_final_last_gtzan/gtzan__gtzan_metal_00018__track.npy.npz
mscnn_gtzan,direct,gtzan/gtzan_metal_00019/track.npy,gtzan,0.0972972972972973,0.08937546587471,0.7192587968138169,0.40431713134426345,0.010526315789473684,0.021052631578947368,0.22105263157894736,0.7473684210526316,0.0392156862745098,0.018086207526978,0.01912012221488339,0.018603164870930694,0.35714285714285715,0.6071428571428571,0.35714285714285715,0.6071428571428571,115.0,0.06140350877192982,0.10526315789473684,0.6486823972677124,34.0,0.0,0.06060606060606061,1.3360589745969742,0.0,/media/mengh/SharedData/zhanh/auto_structbeat/caches/pilot/mscnn_final_last_gtzan/gtzan__gtzan_metal_00019__track.npy.npz
mscnn_gtzan,direct,gtzan/gtzan_metal_00020/track.npy,gtzan,0.6906474820143885,0.5915117521319762,0.5915117521319762,0.5915117521319762,0.2077922077922078,0.33766233766233766,0.2077922077922078,0.33766233766233766,0.7027027027027027,0.6180320324291353,0.6180320324291353,0.6180320324291353,0.2,0.45,0.23529411764705882,0.45,87.0,0.09302325581395349,0.2441860465116279,0.84203439872373,23.0,0.0,0.0,1.3966571481554362,0.0,/media/mengh/SharedData/zhanh/auto_structbeat/caches/pilot/mscnn_final_last_gtzan/gtzan__gtzan_metal_00020__track.npy.npz
mscnn_gtzan,direct,gtzan/gtzan_metal_00021/track.npy,gtzan,1.0,0.9431859594036734,0.9431859594036734,0.9431859594036734,1.0,1.0,1.0,1.0,1.0,0.9518409786540277,0.9518409786540277,0.9518409786540277,1.0,1.0,1.0,1.0,54.0,0.0,0.0,0.07145896398214542,13.0,0.0,0.0,0.018349138668196208,0.0,/media/mengh/SharedData/zhanh/auto_structbeat/caches/pilot/mscnn_final_last_gtzan/gtzan__gtzan_metal_00021__track.npy.npz
mscnn_gtzan,direct,gtzan/gtzan_metal_00022/track.npy,gtzan,1.0,0.9315871681662151,0.9315871681662151,0.9315871681662151,1.0,1.0,1.0,1.0,1.0,0.9209946082051,0.9209946082051,0.9209946082051,1.0,1.0,1.0,1.0,69.0,0.0,0.0,0.04652001563490016,17.0,0.0,0.0,0.034289073478632325,0.0,/media/mengh/SharedData/zhanh/auto_structbeat/caches/pilot/mscnn_final_last_gtzan/gtzan__gtzan_metal_00022__track.npy.npz
mscnn_gtzan,direct,gtzan/gtzan_metal_00023/track.npy,gtzan,0.9836065573770492,0.915387620757706,0.915387620757706,0.915387620757706,0.9836065573770492,0.9836065573770492,0.9836065573770492,0.9836065573770492,0.6486486486486486,0.6324165660987265,0.7586748444139685,0.6955457052563475,0.18181818181818182,0.3181818181818182,0.18181818181818182,0.3181818181818182,73.0,0.0,0.0,0.04879016416943971,25.0,0.0,0.0,0.7052685410922918,0.0,/media/mengh/SharedData/zhanh/auto_structbeat/caches/pilot/mscnn_final_last_gtzan/gtzan__gtzan_metal_00023__track.npy.npz
mscnn_gtzan,direct,gtzan/gtzan_metal_00024/track.npy,gtzan,0.989247311827957,0.9157391352541306,0.9157391352541306,0.9157391352541306,0.8936170212765957,0.9787234042553191,0.8936170212765957,0.9787234042553191,1.0,0.8789528145297315,0.8789528145297315,0.8789528145297315,1.0,1.0,1.0,1.0,57.0,0.017857142857142856,0.017857142857142856,0.07410797215372678,15.0,0.0,0.0,0.30516766034105436,0.0,/media/mengh/SharedData/zhanh/auto_structbeat/caches/pilot/mscnn_final_last_gtzan/gtzan__gtzan_metal_00024__track.npy.npz
mscnn_gtzan,direct,gtzan/gtzan_metal_00025/track.npy,gtzan,1.0,0.9659931142802385,0.9659931142802385,0.9659931142802385,1.0,1.0,1.0,1.0,0.9333333333333333,0.9112353533805412,0.9112353533805412,0.9112353533805412,0.8125,0.8125,0.8125,0.8125,69.0,0.0,0.0,0.04652001563490016,22.0,0.0,0.0,0.6828679606475577,0.0,/media/mengh/SharedData/zhanh/auto_structbeat/caches/pilot/mscnn_final_last_gtzan/gtzan__gtzan_metal_00025__track.npy.npz
mscnn_gtzan,direct,gtzan/gtzan_metal_00026/track.npy,gtzan,0.9377990430622011,0.8308418869904065,0.8308418869904065,0.8308418869904065,0.2169811320754717,0.7547169811320755,0.2169811320754717,0.7547169811320755,0.819672131147541,0.7177321639671759,0.7177321639671759,0.7177321639671759,0.2571428571428571,0.4857142857142857,0.2571428571428571,0.4857142857142857,130.0,0.06976744186046512,0.20930232558139536,0.7977211014223439,47.0,0.0,0.043478260869565216,1.2809338454620653,0.0,/media/mengh/SharedData/zhanh/auto_structbeat/caches/pilot/mscnn_final_last_gtzan/gtzan__gtzan_metal_00026__track.npy.npz
mscnn_gtzan,direct,gtzan/gtzan_metal_00027/track.npy,gtzan,0.8803827751196173,0.7112952599926832,0.7112952599926832,0.7112952599926832,0.1588785046728972,0.5607476635514018,0.1588785046728972,0.5607476635514018,0.6181818181818182,0.5383386317472078,0.5383386317472078,0.5383386317472078,0.41379310344827586,0.5172413793103449,0.41379310344827586,0.5172413793103449,124.0,0.056910569105691054,0.16260162601626016,0.688796611710455,36.0,0.0,0.02857142857142857,1.6601186975555955,0.0,/media/mengh/SharedData/zhanh/auto_structbeat/caches/pilot/mscnn_final_last_gtzan/gtzan__gtzan_metal_00027__track.npy.npz
mscnn_gtzan,direct,gtzan/gtzan_metal_00028/track.npy,gtzan,0.5795454545454546,0.45095458217598544,0.6864636393187399,0.5687091107473626,0.01694915254237288,0.03389830508474576,0.0423728813559322,0.3728813559322034,0.1111111111111111,0.09724460931762748,0.10912340299224203,0.10318400615493475,0.18181818181818182,0.36363636363636365,0.18181818181818182,0.36363636363636365,142.0,0.14184397163120568,0.5177304964539007,0.827709537544601,34.0,0.06060606060606061,0.15151515151515152,1.6526310608491295,0.0,/media/mengh/SharedData/zhanh/auto_structbeat/caches/pilot/mscnn_final_last_gtzan/gtzan__gtzan_metal_00028__track.npy.npz
mscnn_gtzan,direct,gtzan/gtzan_metal_00029/track.npy,gtzan,0.9807692307692307,0.8507861283906306,0.8507861283906306,0.8507861283906306,0.8867924528301887,0.9245283018867925,0.8867924528301887,0.9245283018867925,0.9600000000000001,0.815918927428536,0.815918927428536,0.815918927428536,0.9230769230769231,0.9230769230769231,0.9230769230769231,0.9230769230769231,63.0,0.0,0.016129032258064516,0.16705408466314742,16.0,0.0,0.0,0.5084294766653508,0.0,/media/mengh/SharedData/zhanh/auto_structbeat/caches/pilot/mscnn_final_last_gtzan/gtzan__gtzan_metal_00029__track.npy.npz
mscnn_gtzan,direct,gtzan/gtzan_metal_00030/track.npy,gtzan,0.9821428571428572,0.9396012220851319,0.9396012220851319,0.9396012220851319,0.8771929824561403,0.9649122807017544,0.8771929824561403,0.9649122807017544,0.7777777777777778,0.7610221584049531,0.7610221584049531,0.7610221584049531,0.36363636363636365,0.36363636363636365,0.36363636363636365,0.36363636363636365,68.0,0.029850746268656716,0.029850746268656716,0.24036154513680819,25.0,0.041666666666666664,0.041666666666666664,1.128465251817798,0.0,/media/mengh/SharedData/zhanh/auto_structbeat/caches/pilot/mscnn_final_last_gtzan/gtzan__gtzan_metal_00030__track.npy.npz
mscnn_gtzan,direct,gtzan/gtzan_metal_00031/track.npy,gtzan,1.0,0.9211271659517146,0.9211271659517146,0.9211271659517146,1.0,1.0,1.0,1.0,0.7368421052631579,0.665332059258522,0.8023236392811748,0.7338278492698485,0.21739130434782608,0.21739130434782608,0.5172413793103449,0.6206896551724138,69.0,0.0,0.0,0.07763624943447829,28.0,0.0,0.0,0.6931471805599452,0.0,/media/mengh/SharedData/zhanh/auto_structbeat/caches/pilot/mscnn_final_last_gtzan/gtzan__gtzan_metal_00031__track.npy.npz
mscnn_gtzan,direct,gtzan/gtzan_metal_00032/track.npy,gtzan,0.9722222222222222,0.7779727286136018,0.7779727286136018,0.7779727286136018,0.918918918918919,0.918918918918919,0.918918918918919,0.918918918918919,0.9444444444444444,0.7201640106109534,0.7201640106109534,0.7201640106109534,0.8947368421052632,0.8947368421052632,0.8947368421052632,0.8947368421052632,84.0,0.0,0.0,0.11778303565638285,20.0,0.0,0.0,0.058542756464303895,0.0,/media/mengh/SharedData/zhanh/auto_structbeat/caches/pilot/mscnn_final_last_gtzan/gtzan__gtzan_metal_00032__track.npy.npz
mscnn_gtzan,direct,gtzan/gtzan_metal_00033/track.npy,gtzan,0.7482014388489209,0.6937405246327035,0.7426723976712629,0.7182064611519832,0.12643678160919541,0.25287356321839083,0.12643678160919541,0.39805825242718446,0.37735849056603776,0.3424226702493143,0.5047024071072801,0.4235625386782972,0.0,0.0,0.125,0.15,100.0,0.06060606060606061,0.18181818181818182,0.9808292530117224,47.0,0.043478260869565216,0.08695652173913043,1.505963333725728,0.0,/media/mengh/SharedData/zhanh/auto_structbeat/caches/pilot/mscnn_final_last_gtzan/gtzan__gtzan_metal_00033__track.npy.npz
mscnn_gtzan,direct,gtzan/gtzan_metal_00034/track.npy,gtzan,0.5857142857142857,0.5081424092666891,0.5338411784534002,0.5209917938600446,0.36,0.44,0.36,0.44,0.10526315789473684,0.10444812315297519,0.3090423443419478,0.20674523374746148,0.047619047619047616,0.047619047619047616,0.2857142857142857,0.5238095238095238,89.0,0.09090909090909091,0.125,1.180680476353859,25.0,0.041666666666666664,0.041666666666666664,2.5249856530961745,0.0,/media/mengh/SharedData/zhanh/auto_structbeat/caches/pilot/mscnn_final_last_gtzan/gtzan__gtzan_metal_00034__track.npy.npz
mscnn_gtzan,direct,gtzan/gtzan_metal_00035/track.npy,gtzan,0.98989898989899,0.9147628115324757,0.9147628115324757,0.9147628115324757,0.98,0.98,0.98,0.98,0.6451612903225806,0.5924088136838155,0.7298936529285973,0.6611512333062064,0.15789473684210525,0.15789473684210525,0.17391304347826086,0.43478260869565216,59.0,0.0,0.0,0.048666137150910185,24.0,0.0,0.0,0.7423816502987189,0.0,/media/mengh/SharedData/zhanh/auto_structbeat/caches/pilot/mscnn_final_last_gtzan/gtzan__gtzan_metal_00035__track.npy.npz
mscnn_gtzan,direct,gtzan/gtzan_metal_00036/track.npy,gtzan,0.9915966386554621,0.9083817616785371,0.9083817616785371,0.9083817616785371,0.5666666666666667,0.9666666666666667,0.5666666666666667,0.9666666666666667,0.8275862068965518,0.7853352269419954,0.7853352269419954,0.7853352269419954,0.7333333333333333,0.7333333333333333,0.7333333333333333,0.7333333333333333,72.0,0.0,0.014084507042253521,0.09531017980433143,21.0,0.0,0.0,0.7061512421832647,0.0,/media/mengh/SharedData/zhanh/auto_structbeat/caches/pilot/mscnn_final_last_gtzan/gtzan__gtzan_metal_00036__track.npy.npz
mscnn_gtzan,direct,gtzan/gtzan_metal_00037/track.npy,gtzan,0.9743589743589743,0.9203393998220312,0.9203393998220312,0.9203393998220312,0.9,0.9,0.9,0.9,0.75,0.7044801369105953,0.7044801369105953,0.7044801369105953,0.5555555555555556,0.5555555555555556,0.5555555555555556,0.5555555555555556,72.0,0.014084507042253521,0.04225352112676056,0.3314246783182372,24.0,0.0,0.0,0.7373411954130885,0.0,/media/mengh/SharedData/zhanh/auto_structbeat/caches/pilot/mscnn_final_last_gtzan/gtzan__gtzan_metal_00037__track.npy.npz
mscnn_gtzan,direct,gtzan/gtzan_metal_00038/track.npy,gtzan,0.7529411764705882,0.6875295013933255,0.6875295013933255,0.6875295013933255,0.5581395348837209,0.6511627906976745,0.5581395348837209,0.6511627906976745,0.3448275862068966,0.29316356203501737,0.4252060277317726,0.35918479488339494,0.0,0.0,0.1111111111111111,0.1111111111111111,51.0,0.0,0.0,0.25131442828090816,21.0,0.0,0.0,1.1511020286763305,0.0,/media/mengh/SharedData/zhanh/auto_structbeat/caches/pilot/mscnn_final_last_gtzan/gtzan__gtzan_metal_00038__track.npy.npz
mscnn_gtzan,direct,gtzan/gtzan_metal_00039/track.npy,gtzan,0.6666666666666666,0.6368230104316204,0.9401067998745141,0.7884649051530672,0.0,0.0,0.98,0.98,0.5714285714285715,0.54943182965781,0.8122579198654376,0.6808448747616238,0.0,0.0,0.7333333333333333,0.7333333333333333,60.0,0.0,0.0,0.08004270767353472,19.0,0.0,0.0,0.8179245810056237,0.0,/media/mengh/SharedData/zhanh/auto_structbeat/caches/pilot/mscnn_final_last_gtzan/gtzan__gtzan_metal_00039__track.npy.npz
mscnn_gtzan,direct,gtzan/gtzan_metal_00040/track.npy,gtzan,0.619718309859155,0.5811705089006507,0.8810953214402513,0.731132915170451,0.0,0.0,0.53125,0.8333333333333334,0.04761904761904761,0.044789907848825306,0.10714065158998767,0.07596527971940649,0.0,0.0,0.0,0.0,115.0,0.03508771929824561,0.08771929824561403,0.5389965007326889,41.0,0.0,0.0,1.3499267169490106,0.0,/media/mengh/SharedData/zhanh/auto_structbeat/caches/pilot/mscnn_final_last_gtzan/gtzan__gtzan_metal_00040__track.npy.npz
mscnn_gtzan,direct,gtzan/gtzan_metal_00041/track.npy,gtzan,1.0,0.9402364416309538,0.9402364416309538,0.9402364416309538,1.0,1.0,1.0,1.0,0.9600000000000001,0.9136018924639605,0.9136018924639605,0.9136018924639605,0.8461538461538461,0.8461538461538461,0.8461538461538461,0.8461538461538461,59.0,0.0,0.0,0.04804980384342894,16.0,0.0,0.0,0.2518987158433715,0.0,/media/mengh/SharedData/zhanh/auto_structbeat/caches/pilot/mscnn_final_last_gtzan/gtzan__gtzan_metal_00041__track.npy.npz
mscnn_gtzan,direct,gtzan/gtzan_metal_00042/track.npy,gtzan,1.0,0.9379733712838382,0.9379733712838382,0.9379733712838382,1.0,1.0,1.0,1.0,1.0,0.9290171882662885,0.9290171882662885,0.9290171882662885,1.0,1.0,1.0,1.0,65.0,0.0,0.0,0.044451762570840825,17.0,0.0,0.0,0.03243527575315343,0.0,/media/mengh/SharedData/zhanh/auto_structbeat/caches/pilot/mscnn_final_last_gtzan/gtzan__gtzan_metal_00042__track.npy.npz
mscnn_gtzan,direct,gtzan/gtzan_metal_00043/track.npy,gtzan,0.9873417721518987,0.9577942067941614,0.9577942067941614,0.9577942067941614,0.975,0.975,0.975,0.975,0.9090909090909091,0.877380418962746,0.877380418962746,0.877380418962746,0.25,0.6666666666666666,0.25,0.6666666666666666,47.0,0.0,0.0,0.03174869831458238,14.0,0.0,0.0,0.699422156790968,0.0,/media/mengh/SharedData/zhanh/auto_structbeat/caches/pilot/mscnn_final_last_gtzan/gtzan__gtzan_metal_00043__track.npy.npz
mscnn_gtzan,direct,gtzan/gtzan_metal_00044/track.npy,gtzan,0.74,0.710442246228459,0.710442246228459,0.710442246228459,0.6862745098039216,0.6862745098039216,0.6862745098039216,0.6862745098039216,0.7407407407407408,0.7129815755814987,0.7129815755814987,0.7129815755814987,0.7142857142857143,0.9285714285714286,0.7142857142857143,0.9285714285714286,61.0,0.0,0.0,0.09615464258787997,17.0,0.0,0.0,1.9348603128687212,0.0,/media/mengh/SharedData/zhanh/auto_structbeat/caches/pilot/mscnn_final_last_gtzan/gtzan__gtzan_metal_00044__track.npy.npz
mscnn_gtzan,direct,gtzan/gtzan_metal_00045/track.npy,gtzan,0.7352941176470588,0.6762388555145814,0.786402037281576,0.7313204463980787,0.21428571428571427,0.21428571428571427,0.3333333333333333,0.6078431372549019,0.4166666666666667,0.3727924767500417,0.634588796094032,0.5036906364220368,0.0,0.0,0.1111111111111111,0.2222222222222222,52.0,0.0,0.0,0.08387547579739223,20.0,0.0,0.0,1.3909101099199037,0.0,/media/mengh/SharedData/zhanh/auto_structbeat/caches/pilot/mscnn_final_last_gtzan/gtzan__gtzan_metal_00045__track.npy.npz
mscnn_gtzan,direct,gtzan/gtzan_metal_00046/track.npy,gtzan,0.832535885167464,0.6750767538373307,0.6750767538373307,0.6750767538373307,0.168141592920354,0.5132743362831859,0.168141592920354,0.5132743362831859,0.6909090909090909,0.6021659763016353,0.6021659763016353,0.6021659763016353,0.1935483870967742,0.4838709677419355,0.1935483870967742,0.4838709677419355,134.0,0.15789473684210525,0.3383458646616541,0.9807517050204193,37.0,0.0,0.0,1.423640909901435,0.0,/media/mengh/SharedData/zhanh/auto_structbeat/caches/pilot/mscnn_final_last_gtzan/gtzan__gtzan_metal_00046__track.npy.npz
mscnn_gtzan,direct,gtzan/gtzan_metal_00047/track.npy,gtzan,0.7526881720430108,0.6530429749642482,0.6530429749642482,0.6530429749642482,0.5151515151515151,0.5353535353535354,0.5151515151515151,0.5353535353535354,0.3692307692307692,0.308853811993394,0.308853811993394,0.308853811993394,0.09090909090909091,0.09090909090909091,0.09090909090909091,0.09090909090909091,116.0,0.0782608695652174,0.16521739130434782,0.8331990403927239,51.0,0.0,0.04,1.4333491646498813,0.0,/media/mengh/SharedData/zhanh/auto_structbeat/caches/pilot/mscnn_final_last_gtzan/gtzan__gtzan_metal_00047__track.npy.npz
mscnn_gtzan,direct,gtzan/gtzan_metal_00048/track.npy,gtzan,0.7542857142857142,0.6344916074885057,0.6344916074885057,0.6344916074885057,0.2857142857142857,0.5604395604395604,0.2857142857142857,0.5604395604395604,0.4666666666666667,0.37758667132658147,0.37758667132658147,0.37758667132658147,0.15789473684210525,0.18421052631578946,0.15789473684210525,0.18421052631578946,105.0,0.038461538461538464,0.125,0.7271134757445089,44.0,0.023255813953488372,0.023255813953488372,1.4178127327320496,0.0,/media/mengh/SharedData/zhanh/auto_structbeat/caches/pilot/mscnn_final_last_gtzan/gtzan__gtzan_metal_00048__track.npy.npz
mscnn_gtzan,direct,gtzan/gtzan_metal_00049/track.npy,gtzan,0.6250000000000001,0.4554200921031198,0.49308903296563095,0.47425456253437537,0.06382978723404255,0.2553191489361702,0.14893617021276595,0.2553191489361702,0.47058823529411764,0.31573988048653756,0.31573988048653756,0.31573988048653756,0.26666666666666666,0.43333333333333335,0.26666666666666666,0.43333333333333335,113.0,0.10714285714285714,0.1875,1.130881549236909,35.0,0.0,0.0,1.5366933353788992,0.0,/media/mengh/SharedData/zhanh/auto_structbeat/caches/pilot/mscnn_final_last_gtzan/gtzan__gtzan_metal_00049__track.npy.npz
mscnn_gtzan,direct,gtzan/gtzan_metal_00050/track.npy,gtzan,0.8645833333333334,0.7434724494625465,0.7434724494625465,0.7434724494625465,0.3163265306122449,0.6122448979591837,0.3163265306122449,0.6122448979591837,0.7692307692307693,0.7143988835193901,0.7143988835193901,0.7143988835193901,0.27586206896551724,0.6206896551724138,0.27586206896551724,0.6206896551724138,119.0,0.1016949152542373,0.22033898305084745,1.0986122886681018,40.0,0.05128205128205128,0.10256410256410256,1.7945735347329497,0.0,/media/mengh/SharedData/zhanh/auto_structbeat/caches/pilot/mscnn_final_last_gtzan/gtzan__gtzan_metal_00050__track.npy.npz
mscnn_gtzan,direct,gtzan/gtzan_metal_00051/track.npy,gtzan,0.9152542372881357,0.8412515153869594,0.8412515153869594,0.8412515153869594,0.3516483516483517,0.7252747252747253,0.3516483516483517,0.7252747252747253,0.5925925925925926,0.5640847839773071,0.5640847839773071,0.5640847839773071,0.125,0.1875,0.125,0.1875,105.0,0.019230769230769232,0.04807692307692308,0.5320972135839954,43.0,0.0,0.0,1.4423838277709347,0.0,/media/mengh/SharedData/zhanh/auto_structbeat/caches/pilot/mscnn_final_last_gtzan/gtzan__gtzan_metal_00051__track.npy.npz
mscnn_gtzan,direct,gtzan/gtzan_metal_00052/track.npy,gtzan,0.9705882352941176,0.8836539251566804,0.8836539251566804,0.8836539251566804,0.42857142857142855,0.8857142857142857,0.42857142857142855,0.8857142857142857,0.7804878048780487,0.7237643731107892,0.7237643731107892,0.7237643731107892,0.28,0.4,0.28,0.4,84.0,0.0,0.04819277108433735,0.6396530419015395,30.0,0.0,0.06896551724137931,1.9982047414388888,0.0,/media/mengh/SharedData/zhanh/auto_structbeat/caches/pilot/mscnn_final_last_gtzan/gtzan__gtzan_metal_00052__track.npy.npz
mscnn_gtzan,direct,gtzan/gtzan_metal_00053/track.npy,gtzan,0.8229166666666666,0.6736183674808885,0.6736183674808885,0.6736183674808885,0.17307692307692307,0.38461538461538464,0.17307692307692307,0.38461538461538464,0.6551724137931033,0.5737092553236885,0.5737092553236885,0.5737092553236885,0.46875,0.5,0.46875,0.5,111.0,0.06363636363636363,0.17272727272727273,0.8109302162163285,40.0,0.10256410256410256,0.15384615384615385,1.938142440227043,0.0,/media/mengh/SharedData/zhanh/auto_structbeat/caches/pilot/mscnn_final_last_gtzan/gtzan__gtzan_metal_00053__track.npy.npz
mscnn_gtzan,direct,gtzan/gtzan_metal_00054/track.npy,gtzan,0.7772020725388602,0.6475654338275616,0.6475654338275616,0.6475654338275616,0.125,0.40384615384615385,0.1348314606741573,0.40384615384615385,0.7931034482758621,0.699337509561322,0.699337509561322,0.699337509561322,0.625,0.6875,0.625,0.6875,105.0,0.10576923076923077,0.21153846153846154,1.0909161845544875,39.0,0.07894736842105263,0.10526315789473684,1.7747025624923387,0.0,/media/mengh/SharedData/zhanh/auto_structbeat/caches/pilot/mscnn_final_last_gtzan/gtzan__gtzan_metal_00054__track.npy.npz
mscnn_gtzan,direct,gtzan/gtzan_metal_00055/track.npy,gtzan,1.0,0.9383245814995419,0.9383245814995419,0.9383245814995419,1.0,1.0,1.0,1.0,0.972972972972973,0.9082159963071058,0.9082159963071058,0.9082159963071058,0.8421052631578947,0.8421052631578947,0.8421052631578947,0.8421052631578947,85.0,0.0,0.0,0.1112256351102221,27.0,0.0,0.0,1.09861228866811,0.0,/media/mengh/SharedData/zhanh/auto_structbeat/caches/pilot/mscnn_final_last_gtzan/gtzan__gtzan_metal_00055__track.npy.npz
mscnn_gtzan,direct,gtzan/gtzan_metal_00056/track.npy,gtzan,0.9717514124293786,0.8938283491812001,0.8938283491812001,0.8938283491812001,0.5888888888888889,0.8888888888888888,0.5888888888888889,0.8888888888888888,0.6666666666666667,0.6112910775590635,0.6112910775590635,0.6112910775590635,0.25806451612903225,0.3548387096774194,0.25806451612903225,0.3548387096774194,103.0,0.029411764705882353,0.049019607843137254,0.7282385003712272,37.0,0.0,0.0,1.4423838277709287,0.0,/media/mengh/SharedData/zhanh/auto_structbeat/caches/pilot/mscnn_final_last_gtzan/gtzan__gtzan_metal_00056__track.npy.npz
mscnn_gtzan,direct,gtzan/gtzan_metal_00057/track.npy,gtzan,1.0,0.9102876042743738,0.9102876042743738,0.9102876042743738,1.0,1.0,1.0,1.0,0.7027027027027027,0.6147179245151403,0.8387851541435922,0.7267515393293662,0.125,0.125,0.8,0.8,64.0,0.0,0.0,0.08701137698962769,31.0,0.0,0.0,0.6887755523470669,0.0,/media/mengh/SharedData/zhanh/auto_structbeat/caches/pilot/mscnn_final_last_gtzan/gtzan__gtzan_metal_00057__track.npy.npz
mscnn_gtzan,direct,gtzan/gtzan_metal_00058/track.npy,gtzan,0.9565217391304348,0.9264945546257165,0.9264945546257165,0.9264945546257165,0.8333333333333334,0.8333333333333334,0.8333333333333334,0.8333333333333334,0.9655172413793104,0.9404349520590245,0.9404349520590245,0.9404349520590245,0.8666666666666667,0.8666666666666667,0.8666666666666667,0.8666666666666667,68.0,0.0,0.0,0.04879016416943971,18.0,0.0,0.0,0.20542912113016332,0.0,/media/mengh/SharedData/zhanh/auto_structbeat/caches/pilot/mscnn_final_last_gtzan/gtzan__gtzan_metal_00058__track.npy.npz
mscnn_gtzan,direct,gtzan/gtzan_metal_00059/track.npy,gtzan,0.9010989010989011,0.825386181863285,0.825386181863285,0.825386181863285,0.58,0.68,0.58,0.68,0.7142857142857143,0.6737112024172077,0.8685947843720159,0.7711529933946117,0.1111111111111111,0.1111111111111111,0.6842105263157895,0.7894736842105263,58.0,0.03508771929824561,0.05263157894736842,0.7615617483315134,20.0,0.0,0.0,0.7037898864917865,0.0,/media/mengh/SharedData/zhanh/auto_structbeat/caches/pilot/mscnn_final_last_gtzan/gtzan__gtzan_metal_00059__track.npy.npz
mscnn_gtzan,direct,gtzan/gtzan_metal_00060/track.npy,gtzan,1.0,0.9197018923214271,0.9197018923214271,0.9197018923214271,1.0,1.0,1.0,1.0,0.8,0.7466130495824346,0.8155792530629541,0.7810961513226944,0.26666666666666666,0.3333333333333333,0.5263157894736842,0.5263157894736842,45.0,0.0,0.0,0.06062462181643358,17.0,0.0,0.0,0.7028630287105698,0.0,/media/mengh/SharedData/zhanh/auto_structbeat/caches/pilot/mscnn_final_last_gtzan/gtzan__gtzan_metal_00060__track.npy.npz
mscnn_gtzan,direct,gtzan/gtzan_metal_00061/track.npy,gtzan,0.9732620320855615,0.9251591094996007,0.9251591094996007,0.9251591094996007,0.59375,0.875,0.59375,0.875,0.846153846153846,0.8013371357760016,0.8013371357760016,0.8013371357760016,0.3,0.5,0.3,0.5,115.0,0.03508771929824561,0.08771929824561403,0.5389965007326889,41.0,0.0,0.0,1.3499267169490106,0.0,/media/mengh/SharedData/zhanh/auto_structbeat/caches/pilot/mscnn_final_last_gtzan/gtzan__gtzan_metal_00061__track.npy.npz
mscnn_gtzan,direct,gtzan/gtzan_metal_00062/track.npy,gtzan,1.0,0.94530679191356,0.94530679191356,0.94530679191356,1.0,1.0,1.0,1.0,0.9600000000000001,0.9136018924639605,0.9136018924639605,0.9136018924639605,0.8461538461538461,0.8461538461538461,0.8461538461538461,0.8461538461538461,59.0,0.0,0.0,0.04804980384342894,16.0,0.0,0.0,0.2518987158433715,0.0,/media/mengh/SharedData/zhanh/auto_structbeat/caches/pilot/mscnn_final_last_gtzan/gtzan__gtzan_metal_00062__track.npy.npz
mscnn_gtzan,direct,gtzan/gtzan_metal_00063/track.npy,gtzan,1.0,0.9479665907303484,0.9479665907303484,0.9479665907303484,1.0,1.0,1.0,1.0,1.0,0.9290171882662885,0.9290171882662885,0.9290171882662885,1.0,1.0,1.0,1.0,65.0,0.0,0.0,0.044451762570840825,17.0,0.0,0.0,0.03243527575315343,0.0,/media/mengh/SharedData/zhanh/auto_structbeat/caches/pilot/mscnn_final_last_gtzan/gtzan__gtzan_metal_00063__track.npy.npz
mscnn_gtzan,direct,gtzan/gtzan_metal_00064/track.npy,gtzan,1.0,0.9677319534242582,0.9677319534242582,0.9677319534242582,1.0,1.0,1.0,1.0,0.9090909090909091,0.877380418962746,0.877380418962746,0.877380418962746,0.25,0.6666666666666666,0.25,0.6666666666666666,47.0,0.0,0.0,0.03174869831458238,14.0,0.0,0.0,0.699422156790968,0.0,/media/mengh/SharedData/zhanh/auto_structbeat/caches/pilot/mscnn_final_last_gtzan/gtzan__gtzan_metal_00064__track.npy.npz
mscnn_gtzan,direct,gtzan/gtzan_metal_00065/track.npy,gtzan,0.74,0.7108858487475169,0.7108858487475169,0.7108858487475169,0.6862745098039216,0.6862745098039216,0.6862745098039216,0.6862745098039216,0.7407407407407408,0.7129815132792211,0.7129815132792211,0.7129815132792211,0.7142857142857143,0.9285714285714286,0.7142857142857143,0.9285714285714286,61.0,0.0,0.0,0.09615464258787997,17.0,0.0,0.0,1.9348603128687212,0.0,/media/mengh/SharedData/zhanh/auto_structbeat/caches/pilot/mscnn_final_last_gtzan/gtzan__gtzan_metal_00065__track.npy.npz
mscnn_gtzan,direct,gtzan/gtzan_metal_00066/track.npy,gtzan,0.7462686567164178,0.7072954731889021,0.8282857820714634,0.7677906276301827,0.21428571428571427,0.21428571428571427,0.3469387755102041,0.6326530612244898,0.4166666666666667,0.38635284630357375,0.6351038452161305,0.5107283457598522,0.0,0.0,0.1111111111111111,0.2222222222222222,52.0,0.0,0.0,0.08387547579739223,20.0,0.0,0.0,1.3909101099199037,0.0,/media/mengh/SharedData/zhanh/auto_structbeat/caches/pilot/mscnn_final_last_gtzan/gtzan__gtzan_metal_00066__track.npy.npz
mscnn_gtzan,direct,gtzan/gtzan_metal_00067/track.npy,gtzan,1.0,0.9846490720457609,0.9846490720457609,0.9846490720457609,1.0,1.0,1.0,1.0,0.6511627906976745,0.639188739654496,0.8396036256111677,0.7393961826328319,0.10344827586206896,0.10344827586206896,0.2413793103448276,0.5862068965517241,67.0,0.0,0.0,0.044451762570840825,34.0,0.0,0.0,0.8813970901877356,0.0,/media/mengh/SharedData/zhanh/auto_structbeat/caches/pilot/mscnn_final_last_gtzan/gtzan__gtzan_metal_00067__track.npy.npz
mscnn_gtzan,direct,gtzan/gtzan_metal_00068/track.npy,gtzan,1.0,0.9783220588210264,0.9783220588210264,0.9783220588210264,1.0,1.0,1.0,1.0,0.7777777777777778,0.7659896450701054,0.7659896450701054,0.7659896450701054,0.42105263157894735,0.631578947368421,0.42105263157894735,0.631578947368421,83.0,0.0,0.0,0.05406722127028396,23.0,0.0,0.0,0.7069405026922796,0.0,/media/mengh/SharedData/zhanh/auto_structbeat/caches/pilot/mscnn_final_last_gtzan/gtzan__gtzan_metal_00068__track.npy.npz
mscnn_gtzan,direct,gtzan/gtzan_metal_00069/track.npy,gtzan,1.0,0.9427338813047825,0.9427338813047825,0.9427338813047825,1.0,1.0,1.0,1.0,0.9714285714285714,0.9098344257496255,0.9098344257496255,0.9098344257496255,0.5555555555555556,0.8888888888888888,0.5555555555555556,0.8888888888888888,82.0,0.0,0.0,0.057158413839947464,23.0,0.0,0.0,1.062894206066031,0.0,/media/mengh/SharedData/zhanh/auto_structbeat/caches/pilot/mscnn_final_last_gtzan/gtzan__gtzan_metal_00069__track.npy.npz
mscnn_gtzan,direct,gtzan/gtzan_metal_00070/track.npy,gtzan,1.0,0.9404311167992905,0.9404311167992905,0.9404311167992905,1.0,1.0,1.0,1.0,0.923076923076923,0.8566908563172043,0.8566908563172043,0.8566908563172043,0.5714285714285714,0.7142857142857143,0.5714285714285714,0.7142857142857143,58.0,0.0,0.0,0.03922071315328257,18.0,0.0,0.0,0.6955395433139828,0.0,/media/mengh/SharedData/zhanh/auto_structbeat/caches/pilot/mscnn_final_last_gtzan/gtzan__gtzan_metal_00070__track.npy.npz
mscnn_gtzan,direct,gtzan/gtzan_metal_00071/track.npy,gtzan,1.0,0.948497480279421,0.948497480279421,0.948497480279421,1.0,1.0,1.0,1.0,0.7368421052631577,0.7069738559140353,0.7196644912125534,0.7133191735632943,0.6,0.6,0.6,0.6,42.0,0.0,0.0,0.028170876966698233,12.0,0.0,0.0,0.6860800133368543,0.0,/media/mengh/SharedData/zhanh/auto_structbeat/caches/pilot/mscnn_final_last_gtzan/gtzan__gtzan_metal_00071__track.npy.npz
mscnn_gtzan,direct,gtzan/gtzan_metal_00072/track.npy,gtzan,0.99009900990099,0.9207563314932209,0.9207563314932209,0.9207563314932209,0.9803921568627451,0.9803921568627451,0.9803921568627451,0.9803921568627451,0.888888888888889,0.8391478735823399,0.8391478735823399,0.8391478735823399,0.6666666666666666,0.6666666666666666,0.6666666666666666,0.6666666666666666,61.0,0.016666666666666666,0.016666666666666666,0.08482177405717056,18.0,0.0,0.0,0.2113660391700535,0.0,/media/mengh/SharedData/zhanh/auto_structbeat/caches/pilot/mscnn_final_last_gtzan/gtzan__gtzan_metal_00072__track.npy.npz
mscnn_gtzan,direct,gtzan/gtzan_metal_00073/track.npy,gtzan,0.7654320987654321,0.7169453430279931,0.793180834787449,0.755063088907721,0.12,0.28,0.3442622950819672,0.5573770491803278,0.44444444444444436,0.4206027245510579,0.7168049639111881,0.568703844231123,0.0,0.0,0.3684210526315789,0.42105263157894735,59.0,0.034482758620689655,0.034482758620689655,1.0528855575961416,22.0,0.047619047619047616,0.047619047619047616,1.46538709459639,0.0,/media/mengh/SharedData/zhanh/auto_structbeat/caches/pilot/mscnn_final_last_gtzan/gtzan__gtzan_metal_00073__track.npy.npz
mscnn_gtzan,direct,gtzan/gtzan_metal_00074/track.npy,gtzan,0.8869565217391304,0.845720796755817,0.845720796755817,0.845720796755817,0.515625,0.6875,0.515625,0.6875,0.5142857142857142,0.5024789171610744,0.8191690184401598,0.6608239678006171,0.045454545454545456,0.045454545454545456,0.24,0.6,88.0,0.10344827586206896,0.2413793103448276,1.6460305355611733,28.0,0.037037037037037035,0.037037037037037035,2.551455285102713,0.0,/media/mengh/SharedData/zhanh/auto_structbeat/caches/pilot/mscnn_final_last_gtzan/gtzan__gtzan_metal_00074__track.npy.npz
mscnn_gtzan,direct,gtzan/gtzan_metal_00075/track.npy,gtzan,1.0,0.9574205723922782,0.9574205723922782,0.9574205723922782,1.0,1.0,1.0,1.0,0.9565217391304348,0.904980437257921,0.904980437257921,0.904980437257921,0.9166666666666666,0.9166666666666666,0.9166666666666666,0.9166666666666666,56.0,0.0,0.0,0.03774032798284954,15.0,0.0,0.0,0.2829461185967038,0.0,/media/mengh/SharedData/zhanh/auto_structbeat/caches/pilot/mscnn_final_last_gtzan/gtzan__gtzan_metal_00075__track.npy.npz
mscnn_gtzan,direct,gtzan/gtzan_metal_00076/track.npy,gtzan,0.9914529914529915,0.867827674717656,0.867827674717656,0.867827674717656,0.9830508474576272,0.9830508474576272,0.9830508474576272,0.9830508474576272,0.7999999999999999,0.68350205886969,0.68350205886969,0.68350205886969,0.6875,0.6875,0.6875,0.6875,81.0,0.0,0.1375,0.40546510810816394,23.0,0.0,0.045454545454545456,1.458615022699518,0.0,/media/mengh/SharedData/zhanh/auto_structbeat/caches/pilot/mscnn_final_last_gtzan/gtzan__gtzan_metal_00076__track.npy.npz
mscnn_gtzan,direct,gtzan/gtzan_metal_00077/track.npy,gtzan,0.6875,0.6217746161772019,0.6217746161772019,0.6217746161772019,0.09183673469387756,0.20408163265306123,0.09183673469387756,0.20408163265306123,0.7272727272727273,0.6776506161945383,0.7646611512161162,0.7211558837053272,0.10714285714285714,0.17857142857142858,0.3225806451612903,0.5161290322580645,117.0,0.10344827586206896,0.2413793103448276,1.0986122886680798,36.0,0.0,0.0,1.4077866024528265,0.0,/media/mengh/SharedData/zhanh/auto_structbeat/caches/pilot/mscnn_final_last_gtzan/gtzan__gtzan_metal_00077__track.npy.npz
mscnn_gtzan,direct,gtzan/gtzan_metal_00078/track.npy,gtzan,0.8453608247422681,0.6818539798812153,0.6818539798812153,0.6818539798812153,0.18018018018018017,0.45045045045045046,0.18018018018018017,0.45045045045045046,0.7499999999999999,0.5976955412557304,0.6733050979636168,0.6355003196096736,0.17142857142857143,0.2857142857142857,0.1951219512195122,0.5365853658536586,129.0,0.21875,0.3125,1.1740037403808616,41.0,0.075,0.075,2.0044586935803883,0.0,/media/mengh/SharedData/zhanh/auto_structbeat/caches/pilot/mscnn_final_last_gtzan/gtzan__gtzan_metal_00078__track.npy.npz
mscnn_gtzan,direct,gtzan/gtzan_metal_00079/track.npy,gtzan,0.890909090909091,0.8344893896570462,0.8344893896570462,0.8344893896570462,0.5172413793103449,0.7413793103448276,0.5172413793103449,0.7413793103448276,0.7272727272727274,0.6945695399569067,0.7264167278821774,0.710493133919542,0.2,0.35,0.44,0.44,68.0,0.0,0.0,0.7237636764501323,25.0,0.0,0.0,1.957744606702324,0.0,/media/mengh/SharedData/zhanh/auto_structbeat/caches/pilot/mscnn_final_last_gtzan/gtzan__gtzan_metal_00079__track.npy.npz
mscnn_gtzan,direct,gtzan/gtzan_metal_00080/track.npy,gtzan,0.8095238095238095,0.7861278488447748,0.8230913678409505,0.8046096083428627,0.28,0.36,0.47058823529411764,0.47058823529411764,0.8799999999999999,0.8444872839233157,0.8444872839233157,0.8444872839233157,0.3076923076923077,0.5384615384615384,0.3076923076923077,0.5384615384615384,41.0,0.0,0.0,0.027398974188118708,17.0,0.0,0.0,0.7061450483656612,0.0,/media/mengh/SharedData/zhanh/auto_structbeat/caches/pilot/mscnn_final_last_gtzan/gtzan__gtzan_metal_00080__track.npy.npz
mscnn_gtzan,direct,gtzan/gtzan_metal_00081/track.npy,gtzan,1.0,0.9508779847525809,0.9508779847525809,0.9508779847525809,1.0,1.0,1.0,1.0,0.6153846153846154,0.5607403661552478,0.7794778568601435,0.6701091115076956,0.08333333333333333,0.16666666666666666,0.2413793103448276,0.4827586206896552,71.0,0.0,0.0,0.051293294387558364,27.0,0.0,0.0,1.0130481917779852,0.0,/media/mengh/SharedData/zhanh/auto_structbeat/caches/pilot/mscnn_final_last_gtzan/gtzan__gtzan_metal_00081__track.npy.npz
mscnn_gtzan,direct,gtzan/gtzan_metal_00082/track.npy,gtzan,1.0,0.9656725052027346,0.9656725052027346,0.9656725052027346,1.0,1.0,1.0,1.0,1.0,0.9693065818393001,0.9693065818393001,0.9693065818393001,1.0,1.0,1.0,1.0,61.0,0.0,0.0,0.04082199452025622,16.0,0.0,0.0,0.01380983017959694,0.0,/media/mengh/SharedData/zhanh/auto_structbeat/caches/pilot/mscnn_final_last_gtzan/gtzan__gtzan_metal_00082__track.npy.npz
mscnn_gtzan,direct,gtzan/gtzan_metal_00083/track.npy,gtzan,0.9702970297029703,0.9371383958151818,0.9371383958151818,0.9371383958151818,0.40384615384615385,0.9423076923076923,0.40384615384615385,0.9423076923076923,0.7499999999999999,0.7057612678747235,0.7931516045760332,0.7494564362253784,0.15,0.25,0.21739130434782608,0.5652173913043478,62.0,0.04918032786885246,0.04918032786885246,1.7047480922384493,25.0,0.041666666666666664,0.041666666666666664,2.285797404942862,0.0,/media/mengh/SharedData/zhanh/auto_structbeat/caches/pilot/mscnn_final_last_gtzan/gtzan__gtzan_metal_00083__track.npy.npz
mscnn_gtzan,direct,gtzan/gtzan_metal_00084/track.npy,gtzan,0.9919999999999999,0.9584234310887814,0.9584234310887814,0.9584234310887814,0.9841269841269841,0.9841269841269841,0.9841269841269841,0.9841269841269841,0.7894736842105263,0.7466051810995792,0.7466051810995792,0.7466051810995792,0.30434782608695654,0.43478260869565216,0.30434782608695654,0.43478260869565216,75.0,0.0,0.0,0.10008345855698275,27.0,0.0,0.0,1.1826954058786505,0.0,/media/mengh/SharedData/zhanh/auto_structbeat/caches/pilot/mscnn_final_last_gtzan/gtzan__gtzan_metal_00084__track.npy.npz
mscnn_gtzan,direct,gtzan/gtzan_metal_00085/track.npy,gtzan,1.0,0.9269240205335308,0.9269240205335308,0.9269240205335308,1.0,1.0,1.0,1.0,0.8695652173913044,0.7918916326738805,0.7918916326738805,0.7918916326738805,0.6923076923076923,0.6923076923076923,0.6923076923076923,0.6923076923076923,51.0,0.0,0.0,0.033901551675685405,17.0,0.0,0.0,0.7033176460626491,0.0,/media/mengh/SharedData/zhanh/auto_structbeat/caches/pilot/mscnn_final_last_gtzan/gtzan__gtzan_metal_00085__track.npy.npz
mscnn_gtzan,direct,gtzan/gtzan_metal_00086/track.npy,gtzan,1.0,0.9635462787222648,0.9635462787222648,0.9635462787222648,1.0,1.0,1.0,1.0,0.787878787878788,0.7457347455564715,0.8443898654974499,0.7950623055269607,0.2,0.25,0.52,0.6,61.0,0.0,0.0,0.04082199452025792,22.0,0.0,0.0,0.703822897810899,0.0,/media/mengh/SharedData/zhanh/auto_structbeat/caches/pilot/mscnn_final_last_gtzan/gtzan__gtzan_metal_00086__track.npy.npz
mscnn_gtzan,direct,gtzan/gtzan_metal_00087/track.npy,gtzan,0.8450704225352113,0.7827317620522171,0.7827317620522171,0.7827317620522171,0.325,0.4625,0.325,0.4625,0.8095238095238095,0.7545691348804686,0.7545691348804686,0.7545691348804686,0.18181818181818182,0.4090909090909091,0.18181818181818182,0.4090909090909091,80.0,0.02531645569620253,0.02531645569620253,0.9089952802915826,29.0,0.0,0.0,1.335211093454838,0.0,/media/mengh/SharedData/zhanh/auto_structbeat/caches/pilot/mscnn_final_last_gtzan/gtzan__gtzan_metal_00087__track.npy.npz
mscnn_gtzan,direct,gtzan/gtzan_metal_00088/track.npy,gtzan,1.0,0.9518322631191737,0.9518322631191737,0.9518322631191737,1.0,1.0,1.0,1.0,0.9285714285714286,0.8909861607902368,0.8909861607902368,0.8909861607902368,0.4666666666666667,0.7333333333333333,0.4666666666666667,0.7333333333333333,58.0,0.0,0.0,0.03922071315328257,17.0,0.0,0.0,0.676598831527071,0.0,/media/mengh/SharedData/zhanh/auto_structbeat/caches/pilot/mscnn_final_last_gtzan/gtzan__gtzan_metal_00088__track.npy.npz
mscnn_gtzan,direct,gtzan/gtzan_metal_00089/track.npy,gtzan,0.6808510638297872,0.622431940474309,0.9137623603864548,0.768097150430382,0.016129032258064516,0.016129032258064516,0.9365079365079365,0.9682539682539683,0.6153846153846153,0.5695201490856532,0.8533263280595875,0.7114232385726204,0.0,0.0,0.5,0.6666666666666666,75.0,0.0,0.0,0.10008345855698667,21.0,0.0,0.0,0.6944210831376862,0.0,/media/mengh/SharedData/zhanh/auto_structbeat/caches/pilot/mscnn_final_last_gtzan/gtzan__gtzan_metal_00089__track.npy.npz
mscnn_gtzan,direct,gtzan/gtzan_metal_00090/track.npy,gtzan,0.9722222222222222,0.9167989824879815,0.9167989824879815,0.9167989824879815,0.8378378378378378,0.8918918918918919,0.8378378378378378,0.8918918918918919,1.0,0.9212999956177004,0.9212999956177004,0.9212999956177004,1.0,1.0,1.0,1.0,85.0,0.0,0.0,0.6267690771440345,23.0,0.0,0.0,0.04445176257083289,0.0,/media/mengh/SharedData/zhanh/auto_structbeat/caches/pilot/mscnn_final_last_gtzan/gtzan__gtzan_metal_00090__track.npy.npz
mscnn_gtzan,direct,gtzan/gtzan_metal_00091/track.npy,gtzan,0.7851851851851852,0.6711671897301712,0.6711671897301712,0.6711671897301712,0.19230769230769232,0.4358974358974359,0.19230769230769232,0.4358974358974359,0.7878787878787878,0.7325483209400279,0.7325483209400279,0.7325483209400279,0.5789473684210527,0.5789473684210527,0.5789473684210527,0.5789473684210527,98.0,0.061855670103092786,0.24742268041237114,1.0211562148835294,26.0,0.0,0.16,2.1986130159100545,0.0,/media/mengh/SharedData/zhanh/auto_structbeat/caches/pilot/mscnn_final_last_gtzan/gtzan__gtzan_metal_00091__track.npy.npz
mscnn_gtzan,direct,gtzan/gtzan_metal_00092/track.npy,gtzan,0.9655172413793103,0.902606570906055,0.902606570906055,0.902606570906055,0.4745762711864407,0.8983050847457628,0.4745762711864407,0.8983050847457628,0.06666666666666667,0.05218030254945907,0.32811056501230423,0.19014543378088167,0.0,0.0,0.3125,0.375,69.0,0.0,0.014705882352941176,0.5454042350305842,19.0,0.0,0.0,0.7729746994464617,0.0,/media/mengh/SharedData/zhanh/auto_structbeat/caches/pilot/mscnn_final_last_gtzan/gtzan__gtzan_metal_00092__track.npy.npz
mscnn_gtzan,direct,gtzan/gtzan_metal_00093/track.npy,gtzan,0.9589041095890412,0.9115046653148128,0.9115046653148128,0.9115046653148128,0.7432432432432432,0.8918918918918919,0.7432432432432432,0.8918918918918919,0.8205128205128205,0.7675570439341434,0.7675570439341434,0.7675570439341434,0.2857142857142857,0.5714285714285714,0.2857142857142857,0.5714285714285714,88.0,0.022988505747126436,0.022988505747126436,0.4701958913915574,24.0,0.0,0.0,1.0804670139836425,0.0,/media/mengh/SharedData/zhanh/auto_structbeat/caches/pilot/mscnn_final_last_gtzan/gtzan__gtzan_metal_00093__track.npy.npz
mscnn_gtzan,direct,gtzan/gtzan_metal_00094/track.npy,gtzan,0.652482269503546,0.5467686228587565,0.5492869552582441,0.5480277890585004,0.4266666666666667,0.5066666666666667,0.4266666666666667,0.5066666666666667,0.5405405405405405,0.44253312436809417,0.44253312436809417,0.44253312436809417,0.2857142857142857,0.6190476190476191,0.2857142857142857,0.6190476190476191,89.0,0.09090909090909091,0.125,1.180680476353859,25.0,0.041666666666666664,0.041666666666666664,2.5249856530961745,0.0,/media/mengh/SharedData/zhanh/auto_structbeat/caches/pilot/mscnn_final_last_gtzan/gtzan__gtzan_metal_00094__track.npy.npz
mscnn_gtzan,direct,gtzan/gtzan_metal_00095/track.npy,gtzan,0.8985507246376812,0.7569010578490407,0.7569010578490407,0.7569010578490407,0.43243243243243246,0.7297297297297297,0.43243243243243246,0.7297297297297297,0.6666666666666667,0.6047282072730037,0.7404136991707286,0.6725709532218662,0.07692307692307693,0.15384615384615385,0.5333333333333333,0.7333333333333333,46.0,0.0,0.0,0.7114286728050747,16.0,0.0,0.0,0.701703123096547,0.0,/media/mengh/SharedData/zhanh/auto_structbeat/caches/pilot/mscnn_final_last_gtzan/gtzan__gtzan_metal_00095__track.npy.npz
mscnn_gtzan,direct,gtzan/gtzan_metal_00096/track.npy,gtzan,0.7804878048780488,0.7047456356487667,0.7047456356487667,0.7047456356487667,0.3111111111111111,0.5111111111111111,0.3111111111111111,0.5111111111111111,0.608695652173913,0.5847815750985618,0.5847815750985618,0.5847815750985618,0.3076923076923077,0.46153846153846156,0.3076923076923077,0.46153846153846156,62.0,0.03278688524590164,0.06557377049180328,1.0035330030389749,19.0,0.0,0.0,1.352692554411218,0.0,/media/mengh/SharedData/zhanh/auto_structbeat/caches/pilot/mscnn_final_last_gtzan/gtzan__gtzan_metal_00096__track.npy.npz
mscnn_gtzan,direct,gtzan/gtzan_metal_00097/track.npy,gtzan,0.6666666666666666,0.6188471998172783,0.9163056617956531,0.7675764308064656,0.0,0.0,0.9852941176470589,0.9852941176470589,0.6923076923076924,0.6387044458013118,0.9337186948355993,0.7862115703184556,0.0,0.0,1.0,1.0,81.0,0.0,0.0,0.11122563511023142,22.0,0.0,0.0,1.1185255740613238,0.0,/media/mengh/SharedData/zhanh/auto_structbeat/caches/pilot/mscnn_final_last_gtzan/gtzan__gtzan_metal_00097__track.npy.npz
mscnn_gtzan,direct,gtzan/gtzan_metal_00098/track.npy,gtzan,0.9428571428571428,0.8964120723266801,0.8964120723266801,0.8964120723266801,0.4594594594594595,0.7837837837837838,0.4594594594594595,0.7837837837837838,0.7272727272727273,0.70566088552292,0.7286174755337245,0.7171391805283223,0.07142857142857142,0.14285714285714285,0.3333333333333333,0.4666666666666667,44.0,0.0,0.0,0.7178238926430437,16.0,0.0,0.0,1.1046993986172617,0.0,/media/mengh/SharedData/zhanh/auto_structbeat/caches/pilot/mscnn_final_last_gtzan/gtzan__gtzan_metal_00098__track.npy.npz
mscnn_gtzan,direct,gtzan/gtzan_metal_00099/track.npy,gtzan,0.8108108108108109,0.7107664771326425,0.7643155005756754,0.737540988854159,0.20454545454545456,0.36363636363636365,0.20454545454545456,0.4745762711864407,0.7272727272727273,0.5938172011951128,0.8380097701242744,0.7159134856596936,0.14285714285714285,0.14285714285714285,0.8,0.8,50.0,0.0,0.0,0.7178397931503208,16.0,0.0,0.0,0.7135079079694325,0.0,/media/mengh/SharedData/zhanh/auto_structbeat/caches/pilot/mscnn_final_last_gtzan/gtzan__gtzan_metal_00099__track.npy.npz
mscnn_gtzan,direct,gtzan/gtzan_pop_00000/track.npy,gtzan,0.9824561403508771,0.96347446558857,0.96347446558857,0.96347446558857,0.6206896551724138,0.9655172413793104,0.6206896551724138,0.9655172413793104,0.8750000000000001,0.8628249485482934,0.8628249485482934,0.8628249485482934,0.5555555555555556,0.5555555555555556,0.5555555555555556,0.5555555555555556,34.0,0.030303030303030304,0.030303030303030304,1.0984747001993034,10.0,0.0,0.0,0.4580142272734199,0.0,/media/mengh/SharedData/zhanh/auto_structbeat/caches/pilot/mscnn_final_last_gtzan/gtzan__gtzan_pop_00000__track.npy.npz
mscnn_gtzan,direct,gtzan/gtzan_pop_00001/track.npy,gtzan,0.9887640449438202,0.8694263034368247,0.8694263034368247,0.8694263034368247,0.9777777777777777,0.9777777777777777,0.9777777777777777,0.9777777777777777,0.9565217391304348,0.8771341805550855,0.8771341805550855,0.8771341805550855,0.9166666666666666,0.9166666666666666,0.9166666666666666,0.9166666666666666,54.0,0.0,0.0,0.1091992919649909,14.0,0.0,0.0,0.016846557512157585,0.0,/media/mengh/SharedData/zhanh/auto_structbeat/caches/pilot/mscnn_final_last_gtzan/gtzan__gtzan_pop_00001__track.npy.npz
mscnn_gtzan,direct,gtzan/gtzan_pop_00002/track.npy,gtzan,0.936936936936937,0.9035695536557132,0.9035695536557132,0.9035695536557132,0.2033898305084746,0.847457627118644,0.2033898305084746,0.847457627118644,0.8666666666666666,0.8282192674752266,0.8282192674752266,0.8282192674752266,0.35294117647058826,0.7647058823529411,0.35294117647058826,0.7647058823529411,71.0,0.1,0.1,1.791759469228054,20.0,0.21052631578947367,0.21052631578947367,3.1691532254607466,0.0,/media/mengh/SharedData/zhanh/auto_structbeat/caches/pilot/mscnn_final_last_gtzan/gtzan__gtzan_pop_00002__track.npy.npz
mscnn_gtzan,direct,gtzan/gtzan_pop_00003/track.npy,gtzan,0.9743589743589743,0.9384943434591977,0.9384943434591977,0.9384943434591977,0.8205128205128205,0.9743589743589743,0.8205128205128205,0.9743589743589743,0.9,0.8689293883969146,0.8689293883969146,0.8689293883969146,0.9,0.9,0.9,0.9,47.0,0.021739130434782608,0.021739130434782608,0.08490638998395478,12.0,0.0,0.0,0.1679761230514757,0.0,/media/mengh/SharedData/zhanh/auto_structbeat/caches/pilot/mscnn_final_last_gtzan/gtzan__gtzan_pop_00003__track.npy.npz
mscnn_gtzan,direct,gtzan/gtzan_pop_00004/track.npy,gtzan,0.9428571428571428,0.9010008714302051,0.9010008714302051,0.9010008714302051,0.24324324324324326,0.8918918918918919,0.24324324324324326,0.8918918918918919,1.0,0.9794377609689118,0.9794377609689118,0.9794377609689118,1.0,1.0,1.0,1.0,44.0,0.09302325581395349,0.09302325581395349,2.1943666566442226,10.0,0.0,0.0,0.006688988150796993,0.0,/media/mengh/SharedData/zhanh/auto_structbeat/caches/pilot/mscnn_final_last_gtzan/gtzan__gtzan_pop_00004__track.npy.npz
mscnn_gtzan,direct,gtzan/gtzan_pop_00005/track.npy,gtzan,1.0,0.9433780344408216,0.9433780344408216,0.9433780344408216,1.0,1.0,1.0,1.0,1.0,0.9179724318747576,0.9179724318747576,0.9179724318747576,1.0,1.0,1.0,1.0,43.0,0.0,0.0,0.07410797215372233,13.0,0.0,0.0,0.48693029184781667,0.0,/media/mengh/SharedData/zhanh/auto_structbeat/caches/pilot/mscnn_final_last_gtzan/gtzan__gtzan_pop_00005__track.npy.npz
mscnn_gtzan,direct,gtzan/gtzan_pop_00006/track.npy,gtzan,0.9743589743589743,0.9225029010217654,0.9225029010217654,0.9225029010217654,0.9743589743589743,0.9743589743589743,0.9743589743589743,0.9743589743589743,0.9,0.8510793155021975,0.8510793155021975,0.8510793155021975,1.0,1.0,1.0,1.0,48.0,0.0,0.0,0.030771658666758572,12.0,0.0,0.0,0.020663819669518,0.0,/media/mengh/SharedData/zhanh/auto_structbeat/caches/pilot/mscnn_final_last_gtzan/gtzan__gtzan_pop_00006__track.npy.npz
mscnn_gtzan,direct,gtzan/gtzan_pop_00007/track.npy,gtzan,0.870967741935484,0.8093164354364734,0.8093164354364734,0.8093164354364734,0.34285714285714286,0.5428571428571428,0.34285714285714286,0.5428571428571428,0.631578947368421,0.5772616797025227,0.6137607682083582,0.5955112239554405,0.23076923076923078,0.23076923076923078,0.3076923076923077,0.3076923076923077,40.0,0.0,0.0,0.36046693407512004,15.0,0.0,0.0,0.8421664237337595,0.0,/media/mengh/SharedData/zhanh/auto_structbeat/caches/pilot/mscnn_final_last_gtzan/gtzan__gtzan_pop_00007__track.npy.npz
mscnn_gtzan,direct,gtzan/gtzan_pop_00008/track.npy,gtzan,1.0,0.9764589181832,0.9764589181832,0.9764589181832,1.0,1.0,1.0,1.0,1.0,0.973058028472278,0.973058028472278,0.973058028472278,1.0,1.0,1.0,1.0,42.0,0.0,0.0,0.055569851154809724,10.0,0.0,0.0,0.007017572658647142,0.0,/media/mengh/SharedData/zhanh/auto_structbeat/caches/pilot/mscnn_final_last_gtzan/gtzan__gtzan_pop_00008__track.npy.npz
mscnn_gtzan,direct,gtzan/gtzan_pop_00009/track.npy,gtzan,0.9772727272727273,0.9272485681802408,0.9272485681802408,0.9272485681802408,0.8888888888888888,0.9555555555555556,0.8888888888888888,0.9555555555555556,0.9523809523809523,0.8796571559502996,0.8796571559502996,0.8796571559502996,0.9090909090909091,0.9090909090909091,0.9090909090909091,0.9090909090909091,53.0,0.019230769230769232,0.019230769230769232,0.1621553357909685,13.0,0.0,0.0,0.035364118438096837,0.0,/media/mengh/SharedData/zhanh/auto_structbeat/caches/pilot/mscnn_final_last_gtzan/gtzan__gtzan_pop_00009__track.npy.npz
mscnn_gtzan,direct,gtzan/gtzan_pop_00010/track.npy,gtzan,0.967032967032967,0.8662021024233665,0.8662021024233665,0.8662021024233665,0.8913043478260869,0.9565217391304348,0.8913043478260869,0.9565217391304348,1.0,0.8243306345904273,0.8243306345904273,0.8243306345904273,1.0,1.0,1.0,1.0,55.0,0.018518518518518517,0.018518518518518517,0.16155730603981572,13.0,0.0,0.0,0.03571808260208009,0.0,/media/mengh/SharedData/zhanh/auto_structbeat/caches/pilot/mscnn_final_last_gtzan/gtzan__gtzan_pop_00010__track.npy.npz
mscnn_gtzan,direct,gtzan/gtzan_pop_00011/track.npy,gtzan,0.17543859649122806,0.105169431728221,0.13965988043254374,0.12241465608038238,0.09375,0.125,0.09375,0.15625,0.11764705882352942,0.11049320850832435,0.12280468051464696,0.11664894451148566,0.09090909090909091,0.09090909090909091,0.09090909090909091,0.09090909090909091,39.0,0.0,0.0,0.6775618887179917,15.0,0.0,0.0,1.507127288854089,0.0,/media/mengh/SharedData/zhanh/auto_structbeat/caches/pilot/mscnn_final_last_gtzan/gtzan__gtzan_pop_00011__track.npy.npz
mscnn_gtzan,direct,gtzan/gtzan_pop_00012/track.npy,gtzan,0.8705882352941177,0.7413733776521759,0.7413733776521759,0.7413733776521759,0.3181818181818182,0.7954545454545454,0.3181818181818182,0.7954545454545454,0.8461538461538461,0.719232893591734,0.719232893591734,0.719232893591734,0.38461538461538464,0.7692307692307693,0.38461538461538464,0.7692307692307693,52.0,0.0,0.0196078431372549,0.47977883159685236,16.0,0.0,0.0,0.8061375882401172,0.0,/media/mengh/SharedData/zhanh/auto_structbeat/caches/pilot/mscnn_final_last_gtzan/gtzan__gtzan_pop_00012__track.npy.npz
mscnn_gtzan,direct,gtzan/gtzan_pop_00013/track.npy,gtzan,1.0,0.9756814822567131,0.9756814822567131,0.9756814822567131,1.0,1.0,1.0,1.0,1.0,0.9984847201768172,0.9984847201768172,0.9984847201768172,1.0,1.0,1.0,1.0,36.0,0.0,0.0,0.03233322567263051,9.0,0.0,0.0,1.043609643147647e-15,0.0,/media/mengh/SharedData/zhanh/auto_structbeat/caches/pilot/mscnn_final_last_gtzan/gtzan__gtzan_pop_00013__track.npy.npz
mscnn_gtzan,direct,gtzan/gtzan_pop_00014/track.npy,gtzan,0.9696969696969697,0.901162894463555,0.901162894463555,0.901162894463555,0.5490196078431373,0.9411764705882353,0.5490196078431373,0.9411764705882353,0.923076923076923,0.8481826157428399,0.8481826157428399,0.8481826157428399,0.7142857142857143,0.7857142857142857,0.7142857142857143,0.7857142857142857,60.0,0.03389830508474576,0.03389830508474576,1.704748092238427,16.0,0.0,0.0,0.6902815996981957,0.0,/media/mengh/SharedData/zhanh/auto_structbeat/caches/pilot/mscnn_final_last_gtzan/gtzan__gtzan_pop_00014__track.npy.npz
mscnn_gtzan,direct,gtzan/gtzan_pop_00015/track.npy,gtzan,1.0,0.9412269804662867,0.9412269804662867,0.9412269804662867,1.0,1.0,1.0,1.0,1.0,0.9295039268465742,0.9295039268465742,0.9295039268465742,1.0,1.0,1.0,1.0,52.0,0.0,0.0,0.06899287148695085,13.0,0.0,0.0,0.013024902727492738,0.0,/media/mengh/SharedData/zhanh/auto_structbeat/caches/pilot/mscnn_final_last_gtzan/gtzan__gtzan_pop_00015__track.npy.npz
mscnn_gtzan,direct,gtzan/gtzan_pop_00016/track.npy,gtzan,0.9010989010989011,0.8264466788086468,0.8264466788086468,0.8264466788086468,0.8260869565217391,0.8913043478260869,0.8260869565217391,0.8913043478260869,0.6666666666666666,0.662965828732692,0.662965828732692,0.662965828732692,0.4166666666666667,0.5,0.4166666666666667,0.5,54.0,0.03773584905660377,0.03773584905660377,1.3092516029468633,14.0,0.0,0.0,0.6840146969966714,0.0,/media/mengh/SharedData/zhanh/auto_structbeat/caches/pilot/mscnn_final_last_gtzan/gtzan__gtzan_pop_00016__track.npy.npz
mscnn_gtzan,direct,gtzan/gtzan_pop_00017/track.npy,gtzan,0.8695652173913043,0.6700062795023809,0.6700062795023809,0.6700062795023809,0.41304347826086957,0.8913043478260869,0.41304347826086957,0.8913043478260869,0.8,0.6514147112417299,0.6514147112417299,0.6514147112417299,0.8461538461538461,0.8461538461538461,0.8461538461538461,0.8461538461538461,56.0,0.0,0.01818181818181818,0.6329070767678467,15.0,0.0,0.0,1.1230263130133602,0.0,/media/mengh/SharedData/zhanh/auto_structbeat/caches/pilot/mscnn_final_last_gtzan/gtzan__gtzan_pop_00017__track.npy.npz
mscnn_gtzan,direct,gtzan/gtzan_pop_00018/track.npy,gtzan,0.7846153846153847,0.6729064913464546,0.6729064913464546,0.6729064913464546,0.13924050632911392,0.379746835443038,0.13924050632911392,0.379746835443038,0.7428571428571429,0.6360646163903797,0.6360646163903797,0.6360646163903797,0.22727272727272727,0.5909090909090909,0.22727272727272727,0.5909090909090909,91.0,0.3333333333333333,0.3333333333333333,1.8325814637483089,25.0,0.4166666666666667,0.4166666666666667,3.1570004211501357,0.0,/media/mengh/SharedData/zhanh/auto_structbeat/caches/pilot/mscnn_final_last_gtzan/gtzan__gtzan_pop_00018__track.npy.npz
mscnn_gtzan,direct,gtzan/gtzan_pop_00019/track.npy,gtzan,0.975,0.956218724980069,0.956218724980069,0.956218724980069,0.5121951219512195,0.9512195121951219,0.5121951219512195,0.9512195121951219,0.9090909090909091,0.8909226047326112,0.8909226047326112,0.8909226047326112,0.5,0.8333333333333334,0.5,0.8333333333333334,49.0,0.041666666666666664,0.041666666666666664,1.981001468866606,14.0,0.15384615384615385,0.15384615384615385,3.460576269666196,0.0,/media/mengh/SharedData/zhanh/auto_structbeat/caches/pilot/mscnn_final_last_gtzan/gtzan__gtzan_pop_00019__track.npy.npz
mscnn_gtzan,direct,gtzan/gtzan_pop_00020/track.npy,gtzan,1.0,0.8414779050955442,0.8414779050955442,0.8414779050955442,1.0,1.0,1.0,1.0,1.0,0.721118213381828,0.721118213381828,0.721118213381828,1.0,1.0,1.0,1.0,54.0,0.0,0.0,0.182321556793957,13.0,0.0,0.0,0.04955994260561081,0.0,/media/mengh/SharedData/zhanh/auto_structbeat/caches/pilot/mscnn_final_last_gtzan/gtzan__gtzan_pop_00020__track.npy.npz
mscnn_gtzan,direct,gtzan/gtzan_pop_00021/track.npy,gtzan,0.988235294117647,0.9583062931929536,0.9583062931929536,0.9583062931929536,0.9767441860465116,0.9767441860465116,0.9767441860465116,0.9767441860465116,1.0,0.9639432468920369,0.9639432468920369,0.9639432468920369,1.0,1.0,1.0,1.0,50.0,0.0,0.0,0.03390155167568665,13.0,0.0,0.0,0.012730123990840836,0.0,/media/mengh/SharedData/zhanh/auto_structbeat/caches/pilot/mscnn_final_last_gtzan/gtzan__gtzan_pop_00021__track.npy.npz
mscnn_gtzan,direct,gtzan/gtzan_pop_00022/track.npy,gtzan,1.0,0.7729499020917505,0.7729499020917505,0.7729499020917505,1.0,1.0,1.0,1.0,1.0,0.7726813768400951,0.7726813768400951,0.7726813768400951,1.0,1.0,1.0,1.0,52.0,0.0,0.0,0.035091319811275556,13.0,0.0,0.0,0.013024902727492405,0.0,/media/mengh/SharedData/zhanh/auto_structbeat/caches/pilot/mscnn_final_last_gtzan/gtzan__gtzan_pop_00022__track.npy.npz
mscnn_gtzan,direct,gtzan/gtzan_pop_00023/track.npy,gtzan,1.0,0.9519731956636355,0.9519731956636355,0.9519731956636355,1.0,1.0,1.0,1.0,0.8181818181818182,0.7883798931880736,0.7883798931880736,0.7883798931880736,0.8181818181818182,0.8181818181818182,0.8181818181818182,0.8181818181818182,52.0,0.0,0.0,0.035091319811275556,13.0,0.0,0.0,0.4069039109714537,0.0,/media/mengh/SharedData/zhanh/auto_structbeat/caches/pilot/mscnn_final_last_gtzan/gtzan__gtzan_pop_00023__track.npy.npz
mscnn_gtzan,direct,gtzan/gtzan_pop_00024/track.npy,gtzan,0.8750000000000001,0.8264075442444431,0.8264075442444431,0.8264075442444431,0.3492063492063492,0.6507936507936508,0.3492063492063492,0.6507936507936508,0.8275862068965517,0.7963307467640239,0.7963307467640239,0.7963307467640239,0.23529411764705882,0.6470588235294118,0.23529411764705882,0.6470588235294118,73.0,0.19444444444444445,0.19444444444444445,1.7882751345700083,21.0,0.15,0.15,3.21278640282422,0.0,/media/mengh/SharedData/zhanh/auto_structbeat/caches/pilot/mscnn_final_last_gtzan/gtzan__gtzan_pop_00024__track.npy.npz
mscnn_gtzan,direct,gtzan/gtzan_pop_00025/track.npy,gtzan,1.0,0.9681557588844769,0.9681557588844769,0.9681557588844769,1.0,1.0,1.0,1.0,1.0,0.9621984355035761,0.9621984355035761,0.9621984355035761,1.0,1.0,1.0,1.0,38.0,0.0,0.0,0.05001042057466223,10.0,0.0,0.0,0.4424710293649019,0.0,/media/mengh/SharedData/zhanh/auto_structbeat/caches/pilot/mscnn_final_last_gtzan/gtzan__gtzan_pop_00025__track.npy.npz
mscnn_gtzan,direct,gtzan/gtzan_pop_00026/track.npy,gtzan,0.9841269841269841,0.9630100704770412,0.9630100704770412,0.9630100704770412,0.96875,0.96875,0.96875,0.96875,0.9411764705882353,0.9195463649780781,0.9195463649780781,0.9195463649780781,0.8888888888888888,0.8888888888888888,0.8888888888888888,0.8888888888888888,38.0,0.0,0.0,0.02531780798429213,10.0,0.0,0.0,0.7099871663129966,0.0,/media/mengh/SharedData/zhanh/auto_structbeat/caches/pilot/mscnn_final_last_gtzan/gtzan__gtzan_pop_00026__track.npy.npz
mscnn_gtzan,direct,gtzan/gtzan_pop_00027/track.npy,gtzan,0.9859154929577464,0.9645260963326429,0.9645260963326429,0.9645260963326429,0.75,0.9722222222222222,0.75,0.9722222222222222,0.8888888888888888,0.8631878562750389,0.8631878562750389,0.8631878562750389,0.7777777777777778,0.7777777777777778,0.7777777777777778,0.7777777777777778,43.0,0.023809523809523808,0.023809523809523808,0.11778303565639153,11.0,0.0,0.0,0.7001647532185921,0.0,/media/mengh/SharedData/zhanh/auto_structbeat/caches/pilot/mscnn_final_last_gtzan/gtzan__gtzan_pop_00027__track.npy.npz
mscnn_gtzan,direct,gtzan/gtzan_pop_00028/track.npy,gtzan,0.9285714285714286,0.7958242110223156,0.7958242110223156,0.7958242110223156,1.0,1.0,1.0,1.0,0.7272727272727273,0.5182510596457612,0.5182510596457612,0.5182510596457612,1.0,1.0,1.0,1.0,51.0,0.0,0.0,0.20067069546215288,13.0,0.0,0.0,0.03728029658382109,0.0,/media/mengh/SharedData/zhanh/auto_structbeat/caches/pilot/mscnn_final_last_gtzan/gtzan__gtzan_pop_00028__track.npy.npz
mscnn_gtzan,direct,gtzan/gtzan_pop_00029/track.npy,gtzan,0.9577464788732395,0.9373077301220702,0.9373077301220702,0.9373077301220702,0.43243243243243246,0.918918918918919,0.43243243243243246,0.918918918918919,0.8421052631578948,0.8409558515853441,0.8409558515853441,0.8409558515853441,0.45454545454545453,0.7272727272727273,0.45454545454545453,0.7272727272727273,44.0,0.09302325581395349,0.09302325581395349,2.2246235515243082,13.0,0.25,0.25,3.624340932976353,0.0,/media/mengh/SharedData/zhanh/auto_structbeat/caches/pilot/mscnn_final_last_gtzan/gtzan__gtzan_pop_00029__track.npy.npz
mscnn_gtzan,direct,gtzan/gtzan_pop_00030/track.npy,gtzan,0.9876543209876543,0.9481188309850829,0.9481188309850829,0.9481188309850829,0.5121951219512195,0.975609756097561,0.5121951219512195,0.975609756097561,1.0,0.9678080582051167,0.9678080582051167,0.9678080582051167,1.0,1.0,1.0,1.0,49.0,0.020833333333333332,0.020833333333333332,0.13768543285117696,12.0,0.0,0.0,0.015873349156289795,0.0,/media/mengh/SharedData/zhanh/auto_structbeat/caches/pilot/mscnn_final_last_gtzan/gtzan__gtzan_pop_00030__track.npy.npz
mscnn_gtzan,direct,gtzan/gtzan_pop_00031/track.npy,gtzan,0.9876543209876543,0.7649471668247831,0.7649471668247831,0.7649471668247831,0.7560975609756098,0.975609756097561,0.7560975609756098,0.975609756097561,1.0,0.6961018988461831,0.6961018988461831,0.6961018988461831,1.0,1.0,1.0,1.0,49.0,0.020833333333333332,0.020833333333333332,0.13768543285118007,12.0,0.0,0.0,0.00790517950711378,0.0,/media/mengh/SharedData/zhanh/auto_structbeat/caches/pilot/mscnn_final_last_gtzan/gtzan__gtzan_pop_00031__track.npy.npz
mscnn_gtzan,direct,gtzan/gtzan_pop_00032/track.npy,gtzan,1.0,0.9621684628016887,0.9621684628016887,0.9621684628016887,1.0,1.0,1.0,1.0,0.8181818181818182,0.7944689044716281,0.7944689044716281,0.7944689044716281,0.6666666666666666,0.6666666666666666,0.6666666666666666,0.6666666666666666,48.0,0.0,0.0,0.031748698314585266,14.0,0.0,0.0,0.6844855842274676,0.0,/media/mengh/SharedData/zhanh/auto_structbeat/caches/pilot/mscnn_final_last_gtzan/gtzan__gtzan_pop_00032__track.npy.npz
mscnn_gtzan,direct,gtzan/gtzan_pop_00033/track.npy,gtzan,0.5853658536585366,0.5424838559546746,0.5793579703891958,0.5609209131719353,0.6097560975609756,0.6097560975609756,0.6097560975609756,0.6097560975609756,0.5454545454545454,0.5228119579138621,0.5228119579138621,0.5228119579138621,1.0,1.0,1.0,1.0,50.0,0.0,0.0,0.06669137449867264,13.0,0.0,0.0,0.020817611541143866,0.0,/media/mengh/SharedData/zhanh/auto_structbeat/caches/pilot/mscnn_final_last_gtzan/gtzan__gtzan_pop_00033__track.npy.npz
mscnn_gtzan,direct,gtzan/gtzan_pop_00034/track.npy,gtzan,0.9873417721518987,0.9592122838393282,0.9592122838393282,0.9592122838393282,0.975,0.975,0.975,0.975,1.0,0.9762117967711585,0.9762117967711585,0.9762117967711585,1.0,1.0,1.0,1.0,48.0,0.0,0.0,0.031748698314585266,12.0,0.0,0.0,0.012414665004313406,0.0,/media/mengh/SharedData/zhanh/auto_structbeat/caches/pilot/mscnn_final_last_gtzan/gtzan__gtzan_pop_00034__track.npy.npz
mscnn_gtzan,direct,gtzan/gtzan_pop_00035/track.npy,gtzan,0.989010989010989,0.9581619809671191,0.9581619809671191,0.9581619809671191,0.8695652173913043,0.9782608695652174,0.8695652173913043,0.9782608695652174,1.0,0.9766699895476509,0.9766699895476509,0.9766699895476509,1.0,1.0,1.0,1.0,55.0,0.018518518518518517,0.018518518518518517,0.08820685251209084,13.0,0.0,0.0,0.018018505502678805,0.0,/media/mengh/SharedData/zhanh/auto_structbeat/caches/pilot/mscnn_final_last_gtzan/gtzan__gtzan_pop_00035__track.npy.npz
mscnn_gtzan,direct,gtzan/gtzan_pop_00036/track.npy,gtzan,0.9879518072289156,0.9619590050143151,0.9619590050143151,0.9619590050143151,0.6428571428571429,0.9761904761904762,0.6428571428571429,0.9761904761904762,1.0,0.981107532583249,0.981107532583249,0.981107532583249,1.0,1.0,1.0,1.0,50.0,0.02040816326530612,0.02040816326530612,0.11238620241067862,12.0,0.0,0.0,0.008163310639161902,0.0,/media/mengh/SharedData/zhanh/auto_structbeat/caches/pilot/mscnn_final_last_gtzan/gtzan__gtzan_pop_00036__track.npy.npz
mscnn_gtzan,direct,gtzan/gtzan_pop_00037/track.npy,gtzan,1.0,0.9406827946846181,0.9406827946846181,0.9406827946846181,1.0,1.0,1.0,1.0,0.9565217391304348,0.888515477244627,0.888515477244627,0.888515477244627,0.9166666666666666,0.9166666666666666,0.9166666666666666,0.9166666666666666,52.0,0.0,0.0,0.06899287148695164,14.0,0.0,0.0,0.705776988763102,0.0,/media/mengh/SharedData/zhanh/auto_structbeat/caches/pilot/mscnn_final_last_gtzan/gtzan__gtzan_pop_00037__track.npy.npz
mscnn_gtzan,direct,gtzan/gtzan_pop_00038/track.npy,gtzan,1.0,0.9665072671406512,0.9665072671406512,0.9665072671406512,1.0,1.0,1.0,1.0,1.0,0.9834047806559385,0.9834047806559385,0.9834047806559385,1.0,1.0,1.0,1.0,47.0,0.0,0.0,0.030771658666758572,11.0,0.0,0.0,0.007782140442055052,0.0,/media/mengh/SharedData/zhanh/auto_structbeat/caches/pilot/mscnn_final_last_gtzan/gtzan__gtzan_pop_00038__track.npy.npz
mscnn_gtzan,direct,gtzan/gtzan_pop_00039/track.npy,gtzan,0.9855072463768115,0.9593810594891443,0.9593810594891443,0.9593810594891443,0.8,0.9714285714285714,0.8,0.9714285714285714,0.9,0.8902501789328168,0.8902501789328168,0.8902501789328168,0.5454545454545454,0.7272727272727273,0.5454545454545454,0.7272727272727273,42.0,0.024390243902439025,0.024390243902439025,0.1881714681574703,13.0,0.08333333333333333,0.08333333333333333,3.5729922338571924,0.0,/media/mengh/SharedData/zhanh/auto_structbeat/caches/pilot/mscnn_final_last_gtzan/gtzan__gtzan_pop_00039__track.npy.npz
mscnn_gtzan,direct,gtzan/gtzan_pop_00040/track.npy,gtzan,0.9473684210526316,0.8943406243997832,0.8943406243997832,0.8943406243997832,0.43333333333333335,0.9,0.43333333333333335,0.9,0.7499999999999999,0.709419095571653,0.709419095571653,0.709419095571653,0.4,0.4,0.4,0.4,35.0,0.058823529411764705,0.058823529411764705,2.401882266891887,13.0,0.0,0.0,0.8941422140423966,0.0,/media/mengh/SharedData/zhanh/auto_structbeat/caches/pilot/mscnn_final_last_gtzan/gtzan__gtzan_pop_00040__track.npy.npz
mscnn_gtzan,direct,gtzan/gtzan_pop_00041/track.npy,gtzan,0.6567164179104478,0.5546298771973084,0.6508601723521391,0.6027450247747237,0.09090909090909091,0.13636363636363635,0.35555555555555557,0.5777777777777777,0.5263157894736842,0.5107104261042473,0.7085794883884188,0.609644957246333,0.0,0.0,0.6923076923076923,0.7692307692307693,53.0,0.0,0.038461538461538464,0.8379638268514796,15.0,0.0,0.0,0.714774069068057,0.0,/media/mengh/SharedData/zhanh/auto_structbeat/caches/pilot/mscnn_final_last_gtzan/gtzan__gtzan_pop_00041__track.npy.npz
mscnn_gtzan,direct,gtzan/gtzan_pop_00042/track.npy,gtzan,1.0,0.9828363036842009,0.9828363036842009,0.9828363036842009,1.0,1.0,1.0,1.0,1.0,0.9799333367497425,0.9799333367497425,0.9799333367497425,1.0,1.0,1.0,1.0,47.0,0.0,0.0,0.030771658666758017,12.0,0.0,0.0,0.007782140442054541,0.0,/media/mengh/SharedData/zhanh/auto_structbeat/caches/pilot/mscnn_final_last_gtzan/gtzan__gtzan_pop_00042__track.npy.npz
mscnn_gtzan,direct,gtzan/gtzan_pop_00043/track.npy,gtzan,0.6545454545454545,0.5393924588238311,0.8017830068632152,0.6705877328435232,0.0,0.0,0.9821428571428571,0.9821428571428571,0.6341463414634146,0.5373415526893295,0.8159630985282411,0.6766523256087853,0.0,0.0,0.9285714285714286,0.9285714285714286,67.0,0.0,0.0,0.044451762570840825,19.0,0.0,0.0,0.6931471805599453,0.0,/media/mengh/SharedData/zhanh/auto_structbeat/caches/pilot/mscnn_final_last_gtzan/gtzan__gtzan_pop_00043__track.npy.npz
mscnn_gtzan,direct,gtzan/gtzan_pop_00044/track.npy,gtzan,0.9158878504672897,0.898076409343465,0.898076409343465,0.898076409343465,0.15517241379310345,0.8448275862068966,0.15517241379310345,0.8448275862068966,0.9600000000000001,0.9418842210908884,0.9418842210908884,0.9418842210908884,0.7692307692307693,0.9230769230769231,0.7692307692307693,0.9230769230769231,69.0,0.1323529411764706,0.1323529411764706,1.8325814637483089,17.0,0.125,0.125,3.2218609241241434,0.0,/media/mengh/SharedData/zhanh/auto_structbeat/caches/pilot/mscnn_final_last_gtzan/gtzan__gtzan_pop_00044__track.npy.npz
mscnn_gtzan,direct,gtzan/gtzan_pop_00045/track.npy,gtzan,1.0,0.9788138324875408,0.9788138324875408,0.9788138324875408,1.0,1.0,1.0,1.0,1.0,0.9799970676688806,0.9799970676688806,0.9799970676688806,1.0,1.0,1.0,1.0,44.0,0.0,0.0,0.02985296314968082,11.0,0.0,0.0,0.014598799421152409,0.0,/media/mengh/SharedData/zhanh/auto_structbeat/caches/pilot/mscnn_final_last_gtzan/gtzan__gtzan_pop_00045__track.npy.npz
mscnn_gtzan,direct,gtzan/gtzan_pop_00046/track.npy,gtzan,1.0,0.980310362875661,0.980310362875661,0.980310362875661,1.0,1.0,1.0,1.0,1.0,0.9828238885932019,0.9828238885932019,0.9828238885932019,1.0,1.0,1.0,1.0,44.0,0.0,0.0,0.05739112317927088,11.0,0.0,0.0,0.007326040092074049,0.0,/media/mengh/SharedData/zhanh/auto_structbeat/caches/pilot/mscnn_final_last_gtzan/gtzan__gtzan_pop_00046__track.npy.npz
mscnn_gtzan,direct,gtzan/gtzan_pop_00047/track.npy,gtzan,0.9782608695652174,0.891536396757535,0.891536396757535,0.891536396757535,0.9782608695652174,0.9782608695652174,0.9782608695652174,0.9782608695652174,1.0,0.9147699051920886,0.9147699051920886,0.9147699051920886,1.0,1.0,1.0,1.0,56.0,0.0,0.0,0.109199291964993,14.0,0.0,0.0,0.018349138668196298,0.0,/media/mengh/SharedData/zhanh/auto_structbeat/caches/pilot/mscnn_final_last_gtzan/gtzan__gtzan_pop_00047__track.npy.npz
mscnn_gtzan,direct,gtzan/gtzan_pop_00048/track.npy,gtzan,0.9454545454545454,0.9280197019438585,0.9280197019438585,0.9280197019438585,0.3620689655172414,0.8793103448275862,0.3620689655172414,0.8793103448275862,0.9285714285714286,0.9175013071696985,0.9175013071696985,0.9175013071696985,0.4666666666666667,0.8666666666666667,0.4666666666666667,0.8666666666666667,69.0,0.07352941176470588,0.07352941176470588,1.7072712720966958,17.0,0.0625,0.0625,3.1233522560572706,0.0,/media/mengh/SharedData/zhanh/auto_structbeat/caches/pilot/mscnn_final_last_gtzan/gtzan__gtzan_pop_00048__track.npy.npz
mscnn_gtzan,direct,gtzan/gtzan_pop_00049/track.npy,gtzan,0.9259259259259259,0.90538622012806,0.90538622012806,0.90538622012806,0.3793103448275862,0.7241379310344828,0.3793103448275862,0.7241379310344828,0.8,0.7800487394773481,0.7848101876010618,0.782429463539205,0.2222222222222222,0.3333333333333333,0.2727272727272727,0.45454545454545453,36.0,0.02857142857142857,0.02857142857142857,1.3257660093130448,11.0,0.0,0.0,0.7029994770029572,0.0,/media/mengh/SharedData/zhanh/auto_structbeat/caches/pilot/mscnn_final_last_gtzan/gtzan__gtzan_pop_00049__track.npy.npz
mscnn_gtzan,direct,gtzan/gtzan_pop_00050/track.npy,gtzan,1.0,0.9375070147168152,0.9375070147168152,0.9375070147168152,1.0,1.0,1.0,1.0,0.823529411764706,0.7559286514254394,0.7559286514254394,0.7559286514254394,0.5555555555555556,0.5555555555555556,0.5555555555555556,0.5555555555555556,35.0,0.0,0.0,0.04652001563489474,12.0,0.0,0.0,0.9113931508650585,0.0,/media/mengh/SharedData/zhanh/auto_structbeat/caches/pilot/mscnn_final_last_gtzan/gtzan__gtzan_pop_00050__track.npy.npz
mscnn_gtzan,direct,gtzan/gtzan_pop_00051/track.npy,gtzan,0.8316831683168316,0.7119647146373437,0.7119647146373437,0.7119647146373437,0.24528301886792453,0.8679245283018868,0.24528301886792453,0.8679245283018868,0.6153846153846153,0.5570121099260534,0.5570121099260534,0.5570121099260534,0.42857142857142855,0.6428571428571429,0.42857142857142855,0.6428571428571429,66.0,0.15384615384615385,0.15384615384615385,1.8718021769015905,18.0,0.23529411764705882,0.23529411764705882,3.3657922670446117,0.0,/media/mengh/SharedData/zhanh/auto_structbeat/caches/pilot/mscnn_final_last_gtzan/gtzan__gtzan_pop_00051__track.npy.npz
mscnn_gtzan,direct,gtzan/gtzan_pop_00052/track.npy,gtzan,0.9772727272727273,0.8874436386655912,0.8874436386655912,0.8874436386655912,0.9772727272727273,0.9772727272727273,0.9772727272727273,0.9772727272727273,0.846153846153846,0.7517814766511512,0.7517814766511512,0.7517814766511512,0.4,0.5333333333333333,0.4,0.5333333333333333,52.0,0.0,0.0,0.06899287148695198,17.0,0.0,0.0,0.6957223036673628,0.0,/media/mengh/SharedData/zhanh/auto_structbeat/caches/pilot/mscnn_final_last_gtzan/gtzan__gtzan_pop_00052__track.npy.npz
mscnn_gtzan,direct,gtzan/gtzan_pop_00053/track.npy,gtzan,0.24242424242424243,0.1772922060060003,0.2411189970418132,0.20920560152390674,0.013888888888888888,0.027777777777777776,0.013888888888888888,0.027777777777777776,0.1818181818181818,0.12894996054694274,0.17456668657131238,0.15175832355912755,0.0,0.0,0.07407407407407407,0.14814814814814814,89.0,0.11363636363636363,0.23863636363636365,1.4326940743945689,33.0,0.03125,0.0625,1.953048193379255,0.0,/media/mengh/SharedData/zhanh/auto_structbeat/caches/pilot/mscnn_final_last_gtzan/gtzan__gtzan_pop_00053__track.npy.npz
mscnn_gtzan,direct,gtzan/gtzan_pop_00054/track.npy,gtzan,0.9879518072289156,0.8985166729146956,0.8985166729146956,0.8985166729146956,0.9047619047619048,0.9761904761904762,0.9047619047619048,0.9761904761904762,0.9523809523809523,0.8094325432669228,0.8094325432669228,0.8094325432669228,0.9090909090909091,0.9090909090909091,0.9090909090909091,0.9090909090909091,51.0,0.04,0.04,1.9727588142791432,14.0,0.15384615384615385,0.15384615384615385,3.4040330302214277,0.0,/media/mengh/SharedData/zhanh/auto_structbeat/caches/pilot/mscnn_final_last_gtzan/gtzan__gtzan_pop_00054__track.npy.npz
mscnn_gtzan,direct,gtzan/gtzan_pop_00055/track.npy,gtzan,0.9885057471264368,0.9715838317608108,0.9715838317608108,0.9715838317608108,0.9772727272727273,0.9772727272727273,0.9772727272727273,0.9772727272727273,0.9090909090909091,0.9004418328712248,0.9004418328712248,0.9004418328712248,1.0,1.0,1.0,1.0,52.0,0.0,0.0,0.035091319811275556,14.0,0.0,0.0,0.13556669843219926,0.0,/media/mengh/SharedData/zhanh/auto_structbeat/caches/pilot/mscnn_final_last_gtzan/gtzan__gtzan_pop_00055__track.npy.npz
mscnn_gtzan,direct,gtzan/gtzan_pop_00056/track.npy,gtzan,1.0,0.9626749973039306,0.9626749973039306,0.9626749973039306,1.0,1.0,1.0,1.0,0.9090909090909091,0.869311933856885,0.869311933856885,0.869311933856885,0.5,0.6666666666666666,0.5,0.6666666666666666,45.0,0.0,0.0,0.05884050002293223,14.0,0.0,0.0,0.7106702521454364,0.0,/media/mengh/SharedData/zhanh/auto_structbeat/caches/pilot/mscnn_final_last_gtzan/gtzan__gtzan_pop_00056__track.npy.npz
mscnn_gtzan,direct,gtzan/gtzan_pop_00057/track.npy,gtzan,0.9655172413793104,0.9067057708962983,0.9067057708962983,0.9067057708962983,0.9545454545454546,0.9545454545454546,0.9545454545454546,0.9545454545454546,0.32,0.3074154852448274,0.7900041992292581,0.5487098422370428,0.0,0.0,0.42857142857142855,0.42857142857142855,52.0,0.0,0.0,0.06899287148695395,17.0,0.0,0.0,0.6957223036673617,0.0,/media/mengh/SharedData/zhanh/auto_structbeat/caches/pilot/mscnn_final_last_gtzan/gtzan__gtzan_pop_00057__track.npy.npz
mscnn_gtzan,direct,gtzan/gtzan_pop_00058/track.npy,gtzan,0.9195402298850575,0.8545389252482886,0.8545389252482886,0.8545389252482886,0.34782608695652173,0.8913043478260869,0.34782608695652173,0.8913043478260869,0.8333333333333333,0.8134411938523437,0.8134411938523437,0.8134411938523437,0.2857142857142857,0.7142857142857143,0.2857142857142857,0.7142857142857143,54.0,0.07547169811320754,0.07547169811320754,2.014903020542249,17.0,0.1875,0.1875,3.4177266836133486,0.0,/media/mengh/SharedData/zhanh/auto_structbeat/caches/pilot/mscnn_final_last_gtzan/gtzan__gtzan_pop_00058__track.npy.npz
mscnn_gtzan,direct,gtzan/gtzan_pop_00059/track.npy,gtzan,1.0,0.9659072083425112,0.9659072083425112,0.9659072083425112,1.0,1.0,1.0,1.0,0.9090909090909091,0.8806465913217238,0.8806465913217238,0.8806465913217238,0.5,0.6666666666666666,0.5,0.6666666666666666,45.0,0.0,0.0,0.02985296314969116,14.0,0.0,0.0,0.7005821590474623,0.0,/media/mengh/SharedData/zhanh/auto_structbeat/caches/pilot/mscnn_final_last_gtzan/gtzan__gtzan_pop_00059__track.npy.npz
mscnn_gtzan,direct,gtzan/gtzan_pop_00060/track.npy,gtzan,0.9156626506024096,0.8250044003763549,0.8250044003763549,0.8250044003763549,0.9047619047619048,0.9285714285714286,0.9047619047619048,0.9285714285714286,0.8571428571428572,0.743002367117238,0.743002367117238,0.743002367117238,0.9090909090909091,0.9090909090909091,0.9090909090909091,0.9090909090909091,51.0,0.04,0.04,1.9727588142791432,14.0,0.15384615384615385,0.15384615384615385,3.4040330302214277,0.0,/media/mengh/SharedData/zhanh/auto_structbeat/caches/pilot/mscnn_final_last_gtzan/gtzan__gtzan_pop_00060__track.npy.npz
mscnn_gtzan,direct,gtzan/gtzan_pop_00061/track.npy,gtzan,0.9876543209876543,0.9670269990644516,0.9670269990644516,0.9670269990644516,0.6585365853658537,0.975609756097561,0.6585365853658537,0.975609756097561,1.0,0.9769665982421486,0.9769665982421486,0.9769665982421486,1.0,1.0,1.0,1.0,49.0,0.020833333333333332,0.020833333333333332,0.13829088209804194,12.0,0.0,0.0,0.01241466500431134,0.0,/media/mengh/SharedData/zhanh/auto_structbeat/caches/pilot/mscnn_final_last_gtzan/gtzan__gtzan_pop_00061__track.npy.npz
mscnn_gtzan,direct,gtzan/gtzan_pop_00062/track.npy,gtzan,0.8493150684931509,0.6676073086445621,0.6676073086445621,0.6676073086445621,0.475,0.675,0.475,0.675,0.7777777777777777,0.6237539066980999,0.6237539066980999,0.6237539066980999,0.6,0.6,0.6,0.6,47.0,0.021739130434782608,0.021739130434782608,0.8303648915671095,12.0,0.0,0.0,0.7259144667402012,0.0,/media/mengh/SharedData/zhanh/auto_structbeat/caches/pilot/mscnn_final_last_gtzan/gtzan__gtzan_pop_00062__track.npy.npz
mscnn_gtzan,direct,gtzan/gtzan_pop_00063/track.npy,gtzan,0.6753246753246753,0.6573881366373161,0.9665587616107144,0.8119734491240153,0.0,0.0,1.0,1.0,0.6363636363636364,0.62955984614962,0.9143210020460666,0.7719404240978434,0.0,0.0,0.8,0.8,65.0,0.0,0.015625,0.1374918969755689,19.0,0.0,0.0,1.3017802459176693,0.0,/media/mengh/SharedData/zhanh/auto_structbeat/caches/pilot/mscnn_final_last_gtzan/gtzan__gtzan_pop_00063__track.npy.npz
mscnn_gtzan,direct,gtzan/gtzan_pop_00064/track.npy,gtzan,0.7155963302752293,0.626493465214908,0.626493465214908,0.626493465214908,0.36363636363636365,0.6363636363636364,0.36363636363636365,0.6363636363636364,0.5161290322580646,0.4405196239026387,0.4405196239026387,0.4405196239026387,0.25,0.4375,0.25,0.4375,66.0,0.046153846153846156,0.07692307692307693,1.5581446180465657,20.0,0.05263157894736842,0.05263157894736842,3.1709784542601636,0.0,/media/mengh/SharedData/zhanh/auto_structbeat/caches/pilot/mscnn_final_last_gtzan/gtzan__gtzan_pop_00064__track.npy.npz
mscnn_gtzan,direct,gtzan/gtzan_pop_00065/track.npy,gtzan,0.8571428571428571,0.8270746421399349,0.8270746421399349,0.8270746421399349,0.3125,0.5625,0.3125,0.5625,0.6666666666666666,0.6514207666191623,0.9360860160008108,0.7937533913099866,0.0,0.0,0.9166666666666666,0.9166666666666666,40.0,0.02564102564102564,0.02564102564102564,0.8917974449337138,14.0,0.0,0.0,0.009569451016152253,0.0,/media/mengh/SharedData/zhanh/auto_structbeat/caches/pilot/mscnn_final_last_gtzan/gtzan__gtzan_pop_00065__track.npy.npz
mscnn_gtzan,direct,gtzan/gtzan_pop_00066/track.npy,gtzan,0.9855072463768115,0.9610837914414525,0.9610837914414525,0.9610837914414525,0.7428571428571429,0.9714285714285714,0.7428571428571429,0.9714285714285714,0.9473684210526316,0.9236360613211643,0.9236360613211643,0.9236360613211643,0.7,0.9,0.7,0.9,42.0,0.024390243902439025,0.024390243902439025,0.21420049363617966,12.0,0.09090909090909091,0.09090909090909091,3.587969364436674,0.0,/media/mengh/SharedData/zhanh/auto_structbeat/caches/pilot/mscnn_final_last_gtzan/gtzan__gtzan_pop_00066__track.npy.npz
mscnn_gtzan,direct,gtzan/gtzan_pop_00067/track.npy,gtzan,0.7166666666666667,0.6924747203669444,0.6924747203669444,0.6924747203669444,0.0821917808219178,0.6027397260273972,0.0821917808219178,0.6027397260273972,0.38888888888888895,0.3991344528374462,0.561101374590971,0.4801179137142086,0.041666666666666664,0.125,0.125,0.4166666666666667,86.0,0.3411764705882353,0.3411764705882353,1.8718021769016173,28.0,0.2962962962962963,0.2962962962962963,3.238678452164396,0.0,/media/mengh/SharedData/zhanh/auto_structbeat/caches/pilot/mscnn_final_last_gtzan/gtzan__gtzan_pop_00067__track.npy.npz
mscnn_gtzan,direct,gtzan/gtzan_pop_00068/track.npy,gtzan,1.0,0.9605391070007123,0.9605391070007123,0.9605391070007123,1.0,1.0,1.0,1.0,0.8235294117647058,0.792664943103801,0.841601199769936,0.8171330714368685,0.2,0.4,0.46153846153846156,0.46153846153846156,36.0,0.0,0.0,0.04255961441879641,12.0,0.0,0.0,0.696096249287706,0.0,/media/mengh/SharedData/zhanh/auto_structbeat/caches/pilot/mscnn_final_last_gtzan/gtzan__gtzan_pop_00068__track.npy.npz
mscnn_gtzan,direct,gtzan/gtzan_pop_00069/track.npy,gtzan,1.0,0.9536557247169936,0.9536557247169936,0.9536557247169936,1.0,1.0,1.0,1.0,1.0,0.9292339675246715,0.9292339675246715,0.9292339675246715,1.0,1.0,1.0,1.0,53.0,0.0,0.0,0.1409756988713985,13.0,0.0,0.0,0.04835186163972627,0.0,/media/mengh/SharedData/zhanh/auto_structbeat/caches/pilot/mscnn_final_last_gtzan/gtzan__gtzan_pop_00069__track.npy.npz
mscnn_gtzan,direct,gtzan/gtzan_pop_00070/track.npy,gtzan,0.8444444444444443,0.8201355464615742,0.8201355464615742,0.8201355464615742,0.19230769230769232,0.46153846153846156,0.19230769230769232,0.46153846153846156,0.9600000000000001,0.939161376009416,0.939161376009416,0.939161376009416,0.6153846153846154,0.8461538461538461,0.6153846153846154,0.8461538461538461,49.0,0.020833333333333332,0.020833333333333332,0.7501402960206548,17.0,0.0625,0.0625,3.1526883515675492,0.0,/media/mengh/SharedData/zhanh/auto_structbeat/caches/pilot/mscnn_final_last_gtzan/gtzan__gtzan_pop_00070__track.npy.npz
mscnn_gtzan,direct,gtzan/gtzan_pop_00071/track.npy,gtzan,0.7333333333333333,0.6911197746235138,0.6911197746235138,0.6911197746235138,0.0821917808219178,0.589041095890411,0.0821917808219178,0.589041095890411,0.38888888888888895,0.39761044133563056,0.5609264052350099,0.47926842328532027,0.041666666666666664,0.125,0.125,0.4166666666666667,86.0,0.3411764705882353,0.3411764705882353,1.8718021769016173,28.0,0.2962962962962963,0.2962962962962963,3.238678452164396,0.0,/media/mengh/SharedData/zhanh/auto_structbeat/caches/pilot/mscnn_final_last_gtzan/gtzan__gtzan_pop_00071__track.npy.npz
mscnn_gtzan,direct,gtzan/gtzan_pop_00072/track.npy,gtzan,0.923076923076923,0.912230237095145,0.912230237095145,0.912230237095145,0.4642857142857143,0.8571428571428571,0.4642857142857143,0.8571428571428571,0.6896551724137931,0.6817469664071643,0.6941728445737269,0.6879599054904455,0.23529411764705882,0.47058823529411764,0.23529411764705882,0.47058823529411764,70.0,0.17391304347826086,0.17391304347826086,1.8718021769015902,22.0,0.19047619047619047,0.19047619047619047,3.258096538021481,0.0,/media/mengh/SharedData/zhanh/auto_structbeat/caches/pilot/mscnn_final_last_gtzan/gtzan__gtzan_pop_00072__track.npy.npz
mscnn_gtzan,direct,gtzan/gtzan_pop_00073/track.npy,gtzan,0.970873786407767,0.953273625734216,0.953273625734216,0.953273625734216,0.8113207547169812,0.8867924528301887,0.8113207547169812,0.8867924528301887,1.0,0.9801257021206973,0.9801257021206973,0.9801257021206973,1.0,1.0,1.0,1.0,61.0,0.0,0.0,0.04255961441880263,16.0,0.0,0.0,0.24955345112186716,0.0,/media/mengh/SharedData/zhanh/auto_structbeat/caches/pilot/mscnn_final_last_gtzan/gtzan__gtzan_pop_00073__track.npy.npz
mscnn_gtzan,direct,gtzan/gtzan_pop_00074/track.npy,gtzan,0.9714285714285714,0.9383368856269284,0.9383368856269284,0.9383368856269284,1.0,1.0,1.0,1.0,1.0,0.9581235745481788,0.9581235745481788,0.9581235745481788,1.0,1.0,1.0,1.0,42.0,0.0,0.0,0.05556985115480961,10.0,0.0,0.0,0.006968669316093068,0.0,/media/mengh/SharedData/zhanh/auto_structbeat/caches/pilot/mscnn_final_last_gtzan/gtzan__gtzan_pop_00074__track.npy.npz
mscnn_gtzan,direct,gtzan/gtzan_pop_00075/track.npy,gtzan,1.0,0.9759527292307936,0.9759527292307936,0.9759527292307936,1.0,1.0,1.0,1.0,0.9090909090909091,0.885001572001784,0.885001572001784,0.885001572001784,0.4166666666666667,0.6666666666666666,0.4166666666666667,0.6666666666666666,47.0,0.0,0.0,0.03174869831458086,14.0,0.0,0.0,0.7002339411956073,0.0,/media/mengh/SharedData/zhanh/auto_structbeat/caches/pilot/mscnn_final_last_gtzan/gtzan__gtzan_pop_00075__track.npy.npz
mscnn_gtzan,direct,gtzan/gtzan_pop_00076/track.npy,gtzan,0.5882352941176471,0.3881845469870524,0.6388178680423356,0.5135012075146941,0.0,0.0,0.6222222222222222,0.9555555555555556,0.4347826086956522,0.22900438947463553,0.2885952065485219,0.2587997980115787,0.0,0.0,0.058823529411764705,0.17647058823529413,59.0,0.017241379310344827,0.034482758620689655,0.9615846260934126,24.0,0.043478260869565216,0.043478260869565216,1.373423555786787,0.0,/media/mengh/SharedData/zhanh/auto_structbeat/caches/pilot/mscnn_final_last_gtzan/gtzan__gtzan_pop_00076__track.npy.npz
mscnn_gtzan,direct,gtzan/gtzan_pop_00077/track.npy,gtzan,0.989247311827957,0.9075046403153856,0.9075046403153856,0.9075046403153856,0.9787234042553191,0.9787234042553191,0.9787234042553191,0.9787234042553191,0.9565217391304348,0.9076295647072845,0.9076295647072845,0.9076295647072845,0.9166666666666666,0.9166666666666666,0.9166666666666666,0.9166666666666666,56.0,0.0,0.0,0.07410797215372178,14.0,0.0,0.0,0.009216655104923754,0.0,/media/mengh/SharedData/zhanh/auto_structbeat/caches/pilot/mscnn_final_last_gtzan/gtzan__gtzan_pop_00077__track.npy.npz
mscnn_gtzan,direct,gtzan/gtzan_pop_00078/track.npy,gtzan,1.0,0.9650356333627609,0.9650356333627609,0.9650356333627609,1.0,1.0,1.0,1.0,1.0,0.9760645861542824,0.9760645861542824,0.9760645861542824,1.0,1.0,1.0,1.0,53.0,0.0,0.0,0.06899287148695143,14.0,0.0,0.0,0.012629808203156845,0.0,/media/mengh/SharedData/zhanh/auto_structbeat/caches/pilot/mscnn_final_last_gtzan/gtzan__gtzan_pop_00078__track.npy.npz
mscnn_gtzan,direct,gtzan/gtzan_pop_00079/track.npy,gtzan,1.0,0.9352530107907289,0.9352530107907289,0.9352530107907289,1.0,1.0,1.0,1.0,0.888888888888889,0.8221168812681907,0.8221168812681907,0.8221168812681907,0.6,0.6,0.6,0.6,56.0,0.0,0.0,0.03774032798285287,20.0,0.0,0.0,0.7822960302307764,0.0,/media/mengh/SharedData/zhanh/auto_structbeat/caches/pilot/mscnn_final_last_gtzan/gtzan__gtzan_pop_00079__track.npy.npz
mscnn_gtzan,direct,gtzan/gtzan_pop_00080/track.npy,gtzan,1.0,0.9066630420061076,0.9066630420061076,0.9066630420061076,1.0,1.0,1.0,1.0,1.0,0.9251483611873872,0.9251483611873872,0.9251483611873872,1.0,1.0,1.0,1.0,55.0,0.0,0.0,0.08814450007822866,14.0,0.0,0.0,0.018349138668196097,0.0,/media/mengh/SharedData/zhanh/auto_structbeat/caches/pilot/mscnn_final_last_gtzan/gtzan__gtzan_pop_00080__track.npy.npz
mscnn_gtzan,direct,gtzan/gtzan_pop_00081/track.npy,gtzan,1.0,0.9870034247897245,0.9870034247897245,0.9870034247897245,1.0,1.0,1.0,1.0,0.8421052631578948,0.8306340692230677,0.8306340692230677,0.8306340692230677,0.2727272727272727,0.5454545454545454,0.2727272727272727,0.5454545454545454,36.0,0.0,0.0,0.0240975515790608,12.0,0.0,0.0,1.0777216052099248,0.0,/media/mengh/SharedData/zhanh/auto_structbeat/caches/pilot/mscnn_final_last_gtzan/gtzan__gtzan_pop_00081__track.npy.npz
mscnn_gtzan,direct,gtzan/gtzan_pop_00082/track.npy,gtzan,1.0,0.9651712273372146,0.9651712273372146,0.9651712273372146,1.0,1.0,1.0,1.0,0.962962962962963,0.9270095843083167,0.9270095843083167,0.9270095843083167,0.5,0.8571428571428571,0.5,0.8571428571428571,63.0,0.0,0.0,0.04255961441880263,19.0,0.0,0.0,0.7037292898904813,0.0,/media/mengh/SharedData/zhanh/auto_structbeat/caches/pilot/mscnn_final_last_gtzan/gtzan__gtzan_pop_00082__track.npy.npz
mscnn_gtzan,direct,gtzan/gtzan_pop_00083/track.npy,gtzan,1.0,0.9740162242477068,0.9740162242477068,0.9740162242477068,1.0,1.0,1.0,1.0,0.962962962962963,0.9339112839127959,0.9339112839127959,0.9339112839127959,0.9285714285714286,0.9285714285714286,0.9285714285714286,0.9285714285714286,62.0,0.0,0.0,0.04082199452025561,17.0,0.0,0.0,0.703509967595492,0.0,/media/mengh/SharedData/zhanh/auto_structbeat/caches/pilot/mscnn_final_last_gtzan/gtzan__gtzan_pop_00083__track.npy.npz
mscnn_gtzan,direct,gtzan/gtzan_pop_00084/track.npy,gtzan,1.0,0.9503292563441048,0.9503292563441048,0.9503292563441048,1.0,1.0,1.0,1.0,1.0,0.9503549191210061,0.9503549191210061,0.9503549191210061,1.0,1.0,1.0,1.0,50.0,0.0,0.0,0.06669137449867057,12.0,0.0,0.0,0.016667052485210738,0.0,/media/mengh/SharedData/zhanh/auto_structbeat/caches/pilot/mscnn_final_last_gtzan/gtzan__gtzan_pop_00084__track.npy.npz
mscnn_gtzan,direct,gtzan/gtzan_pop_00085/track.npy,gtzan,0.9074074074074074,0.8806922558492994,0.8806922558492994,0.8806922558492994,0.27586206896551724,0.8103448275862069,0.27586206896551724,0.8103448275862069,0.5454545454545455,0.5264468551688323,0.6964857835262658,0.611466319347549,0.2,0.2,0.2,0.36,68.0,0.1044776119402985,0.1044776119402985,1.8325814637482867,22.0,0.09523809523809523,0.09523809523809523,2.4465161158161317,0.0,/media/mengh/SharedData/zhanh/auto_structbeat/caches/pilot/mscnn_final_last_gtzan/gtzan__gtzan_pop_00085__track.npy.npz
mscnn_gtzan,direct,gtzan/gtzan_pop_00086/track.npy,gtzan,1.0,0.9759056005913604,0.9759056005913604,0.9759056005913604,1.0,1.0,1.0,1.0,0.6666666666666667,0.6482120844666517,0.8053638093609324,0.7267879469137921,0.10526315789473684,0.2631578947368421,0.25925925925925924,0.4074074074074074,66.0,0.0,0.0,0.044451762570840825,23.0,0.0,0.0,0.704197016746532,0.0,/media/mengh/SharedData/zhanh/auto_structbeat/caches/pilot/mscnn_final_last_gtzan/gtzan__gtzan_pop_00086__track.npy.npz
mscnn_gtzan,direct,gtzan/gtzan_pop_00087/track.npy,gtzan,1.0,0.9072200503117374,0.9072200503117374,0.9072200503117374,1.0,1.0,1.0,1.0,1.0,0.8896943032256339,0.8896943032256339,0.8896943032256339,1.0,1.0,1.0,1.0,51.0,0.0,0.0,0.03390155167568665,13.0,0.0,0.0,0.008510689667908966,0.0,/media/mengh/SharedData/zhanh/auto_structbeat/caches/pilot/mscnn_final_last_gtzan/gtzan__gtzan_pop_00087__track.npy.npz
mscnn_gtzan,direct,gtzan/gtzan_pop_00088/track.npy,gtzan,0.9411764705882352,0.8876479877828954,0.8876479877828954,0.8876479877828954,0.8837209302325582,0.9767441860465116,0.8837209302325582,0.9767441860465116,0.9,0.8546701926640559,0.8546701926640559,0.8546701926640559,1.0,1.0,1.0,1.0,51.0,0.02,0.02,0.241226670141666,12.0,0.0,0.0,0.043352210536934624,0.0,/media/mengh/SharedData/zhanh/auto_structbeat/caches/pilot/mscnn_final_last_gtzan/gtzan__gtzan_pop_00088__track.npy.npz
mscnn_gtzan,direct,gtzan/gtzan_pop_00089/track.npy,gtzan,1.0,0.9724399060192953,0.9724399060192953,0.9724399060192953,1.0,1.0,1.0,1.0,1.0,0.9767715186446043,0.9767715186446043,0.9767715186446043,1.0,1.0,1.0,1.0,50.0,0.0,0.0,0.03390155167568556,13.0,0.0,0.0,0.008368249670517858,0.0,/media/mengh/SharedData/zhanh/auto_structbeat/caches/pilot/mscnn_final_last_gtzan/gtzan__gtzan_pop_00089__track.npy.npz
mscnn_gtzan,direct,gtzan/gtzan_pop_00090/track.npy,gtzan,0.9761904761904762,0.9068360617083207,0.9068360617083207,0.9068360617083207,1.0,1.0,1.0,1.0,1.0,0.91809833596865,0.91809833596865,0.91809833596865,1.0,1.0,1.0,1.0,51.0,0.0,0.0,0.052283733352818065,13.0,0.0,0.0,0.008510689667908633,0.0,/media/mengh/SharedData/zhanh/auto_structbeat/caches/pilot/mscnn_final_last_gtzan/gtzan__gtzan_pop_00090__track.npy.npz
mscnn_gtzan,direct,gtzan/gtzan_pop_00091/track.npy,gtzan,0.9056603773584906,0.8576065005049738,0.8576065005049738,0.8576065005049738,0.20689655172413793,0.8275862068965517,0.20689655172413793,0.8275862068965517,0.9600000000000001,0.9216744432897721,0.9216744432897721,0.9216744432897721,0.46153846153846156,0.8461538461538461,0.46153846153846156,0.8461538461538461,68.0,0.14925373134328357,0.14925373134328357,1.830038655735788,15.0,0.0,0.0,0.702716631576097,0.0,/media/mengh/SharedData/zhanh/auto_structbeat/caches/pilot/mscnn_final_last_gtzan/gtzan__gtzan_pop_00091__track.npy.npz
mscnn_gtzan,direct,gtzan/gtzan_pop_00092/track.npy,gtzan,0.989247311827957,0.9178768865480577,0.9178768865480577,0.9178768865480577,0.6170212765957447,0.9787234042553191,0.6170212765957447,0.9787234042553191,1.0,0.8878313926723487,0.8878313926723487,0.8878313926723487,1.0,1.0,1.0,1.0,56.0,0.01818181818181818,0.01818181818181818,0.1782981848476904,13.0,0.0,0.0,0.04110525779047197,0.0,/media/mengh/SharedData/zhanh/auto_structbeat/caches/pilot/mscnn_final_last_gtzan/gtzan__gtzan_pop_00092__track.npy.npz
mscnn_gtzan,direct,gtzan/gtzan_pop_00093/track.npy,gtzan,1.0,0.9850876724943578,0.9850876724943578,0.9850876724943578,1.0,1.0,1.0,1.0,0.6666666666666665,0.6569577607463324,0.7634163713255172,0.7101870660359249,0.13636363636363635,0.22727272727272727,0.2962962962962963,0.37037037037037035,67.0,0.0,0.0,0.044451762570840825,25.0,0.0,0.0,1.1092049897755658,0.0,/media/mengh/SharedData/zhanh/auto_structbeat/caches/pilot/mscnn_final_last_gtzan/gtzan__gtzan_pop_00093__track.npy.npz
mscnn_gtzan,direct,gtzan/gtzan_pop_00094/track.npy,gtzan,0.9841269841269841,0.9488205872509173,0.9488205872509173,0.9488205872509173,0.71875,0.96875,0.71875,0.96875,1.0,0.9609618324512579,0.9609618324512579,0.9609618324512579,1.0,1.0,1.0,1.0,39.0,0.02631578947368421,0.02631578947368421,0.5072939434806256,9.0,0.0,0.0,0.012500162764231937,0.0,/media/mengh/SharedData/zhanh/auto_structbeat/caches/pilot/mscnn_final_last_gtzan/gtzan__gtzan_pop_00094__track.npy.npz
mscnn_gtzan,direct,gtzan/gtzan_pop_00095/track.npy,gtzan,1.0,0.9593612952070376,0.9593612952070376,0.9593612952070376,1.0,1.0,1.0,1.0,1.0,0.9717850118750704,0.9717850118750704,0.9717850118750704,1.0,1.0,1.0,1.0,53.0,0.0,0.0,0.06899287148694999,14.0,0.0,0.0,0.00873367996875422,0.0,/media/mengh/SharedData/zhanh/auto_structbeat/caches/pilot/mscnn_final_last_gtzan/gtzan__gtzan_pop_00095__track.npy.npz
mscnn_gtzan,direct,gtzan/gtzan_pop_00096/track.npy,gtzan,0.9743589743589743,0.9220344574202459,0.9220344574202459,0.9220344574202459,0.875,0.925,0.875,0.925,0.9090909090909091,0.8117588461738495,0.8117588461738495,0.8117588461738495,0.5833333333333334,0.75,0.5833333333333334,0.75,48.0,0.02127659574468085,0.02127659574468085,0.5112050171381328,14.0,0.0,0.0,1.012040295753104,0.0,/media/mengh/SharedData/zhanh/auto_structbeat/caches/pilot/mscnn_final_last_gtzan/gtzan__gtzan_pop_00096__track.npy.npz
mscnn_gtzan,direct,gtzan/gtzan_pop_00097/track.npy,gtzan,1.0,0.9165034201902136,0.9165034201902136,0.9165034201902136,1.0,1.0,1.0,1.0,1.0,0.9001044704076744,0.9001044704076744,0.9001044704076744,1.0,1.0,1.0,1.0,50.0,0.0,0.0,0.05521493651062443,12.0,0.0,0.0,0.01652930195121059,0.0,/media/mengh/SharedData/zhanh/auto_structbeat/caches/pilot/mscnn_final_last_gtzan/gtzan__gtzan_pop_00097__track.npy.npz
mscnn_gtzan,direct,gtzan/gtzan_pop_00098/track.npy,gtzan,0.8648648648648648,0.8372118261031795,0.8372118261031795,0.8372118261031795,0.2222222222222222,0.746031746031746,0.2222222222222222,0.746031746031746,0.888888888888889,0.8716685020759573,0.8716685020759573,0.8716685020759573,0.6,0.8,0.6,0.8,73.0,0.2222222222222222,0.2222222222222222,1.8718021769015905,18.0,0.17647058823529413,0.17647058823529413,3.2361437512964195,0.0,/media/mengh/SharedData/zhanh/auto_structbeat/caches/pilot/mscnn_final_last_gtzan/gtzan__gtzan_pop_00098__track.npy.npz
mscnn_gtzan,direct,gtzan/gtzan_pop_00099/track.npy,gtzan,0.9850746268656716,0.9448136304404088,0.9448136304404088,0.9448136304404088,0.6764705882352942,0.9705882352941176,0.6764705882352942,0.9705882352941176,0.888888888888889,0.8660379912835519,0.8660379912835519,0.8660379912835519,0.3,0.7,0.3,0.7,40.0,0.02564102564102564,0.02564102564102564,0.4376308778109047,12.0,0.09090909090909091,0.09090909090909091,3.625585448539435,0.0,/media/mengh/SharedData/zhanh/auto_structbeat/caches/pilot/mscnn_final_last_gtzan/gtzan__gtzan_pop_00099__track.npy.npz
mscnn_gtzan,direct,gtzan/gtzan_reggae_00000/track.npy,gtzan,0.98,0.9442562477454572,0.9442562477454572,0.9442562477454572,0.45098039215686275,0.9215686274509803,0.45098039215686275,0.9215686274509803,0.3448275862068966,0.32872142291737644,0.3838331365062164,0.35627727971179646,0.23529411764705882,0.23529411764705882,0.23529411764705882,0.23529411764705882,59.0,0.0,0.0,0.7137664677626739,21.0,0.0,0.0,1.3976827981721562,0.0,/media/mengh/SharedData/zhanh/auto_structbeat/caches/pilot/mscnn_final_last_gtzan/gtzan__gtzan_reggae_00000__track.npy.npz
mscnn_gtzan,direct,gtzan/gtzan_reggae_00001/track.npy,gtzan,0.9846153846153847,0.8938183718439366,0.8938183718439366,0.8938183718439366,0.9696969696969697,0.9696969696969697,0.9696969696969697,0.9696969696969697,0.6666666666666665,0.5777260197000577,0.6194524117267874,0.5985892157134225,0.2,0.4,0.2,0.4,42.0,0.0,0.0,0.6944459548801086,12.0,0.0,0.0,0.7138989172818351,0.0,/media/mengh/SharedData/zhanh/auto_structbeat/caches/pilot/mscnn_final_last_gtzan/gtzan__gtzan_reggae_00001__track.npy.npz
mscnn_gtzan,direct,gtzan/gtzan_reggae_00002/track.npy,gtzan,0.6666666666666666,0.6399250133831209,0.9598875200385086,0.7999062667108148,0.0,0.0,1.0,1.0,0.8108108108108109,0.7761356059240955,0.8125445129525554,0.7943400594383254,0.22727272727272727,0.36363636363636365,0.4666666666666667,0.4666666666666667,51.0,0.0,0.0,0.035091319811271005,19.0,0.0,0.0,0.6931471805599454,0.0,/media/mengh/SharedData/zhanh/auto_structbeat/caches/pilot/mscnn_final_last_gtzan/gtzan__gtzan_reggae_00002__track.npy.npz
mscnn_gtzan,direct,gtzan/gtzan_reggae_00003/track.npy,gtzan,0.8727272727272727,0.8362640820069358,0.8362640820069358,0.8362640820069358,0.36065573770491804,0.5737704918032787,0.36065573770491804,0.5737704918032787,0.0,1.0777117763462154e-85,0.9089207762440709,0.45446038812203543,0.0,0.0,0.9333333333333333,0.9333333333333333,62.0,0.0,0.0,0.7178397931503144,19.0,0.0,0.0,0.01487653851691996,0.0,/media/mengh/SharedData/zhanh/auto_structbeat/caches/pilot/mscnn_final_last_gtzan/gtzan__gtzan_reggae_00003__track.npy.npz
mscnn_gtzan,direct,gtzan/gtzan_reggae_00004/track.npy,gtzan,0.9807692307692307,0.9511035551238821,0.9511035551238821,0.9511035551238821,0.9807692307692307,0.9807692307692307,0.9807692307692307,0.9807692307692307,0.8666666666666666,0.845946843398061,0.845946843398061,0.845946843398061,0.23529411764705882,0.5294117647058824,0.24,0.5294117647058824,63.0,0.0,0.0,0.04255961441880263,20.0,0.0,0.0,0.706667978975167,0.0,/media/mengh/SharedData/zhanh/auto_structbeat/caches/pilot/mscnn_final_last_gtzan/gtzan__gtzan_reggae_00004__track.npy.npz
mscnn_gtzan,direct,gtzan/gtzan_reggae_00005/track.npy,gtzan,0.9344262295081968,0.8840267929690879,0.8840267929690879,0.8840267929690879,0.3076923076923077,0.7538461538461538,0.3076923076923077,0.7538461538461538,0.5142857142857142,0.4852117044517578,0.6734958080994643,0.579353756275611,0.15789473684210525,0.21052631578947367,0.2631578947368421,0.3684210526315789,71.0,0.0,0.0,0.693147180559943,26.0,0.0,0.0,0.6912116698345588,0.0,/media/mengh/SharedData/zhanh/auto_structbeat/caches/pilot/mscnn_final_last_gtzan/gtzan__gtzan_reggae_00005__track.npy.npz
mscnn_gtzan,direct,gtzan/gtzan_reggae_00006/track.npy,gtzan,0.8411214953271028,0.8064819264750355,0.8064819264750355,0.8064819264750355,0.41935483870967744,0.46774193548387094,0.41935483870967744,0.46774193548387094,0.1818181818181818,0.1774772405949828,0.7722061861379623,0.4748417133664726,0.0,0.0,0.35294117647058826,0.47058823529411764,56.0,0.0,0.0,0.6931471805599421,22.0,0.0,0.0,0.6937761196702888,0.0,/media/mengh/SharedData/zhanh/auto_structbeat/caches/pilot/mscnn_final_last_gtzan/gtzan__gtzan_reggae_00006__track.npy.npz
mscnn_gtzan,direct,gtzan/gtzan_reggae_00007/track.npy,gtzan,0.95,0.9063844940889623,0.9063844940889623,0.9063844940889623,0.8387096774193549,0.8387096774193549,0.8387096774193549,0.8387096774193549,0.625,0.5965746588400279,0.6528768072504552,0.6247257330452416,0.375,0.5,0.375,0.5,70.0,0.0,0.0,0.10008345855698275,19.0,0.0,0.0,0.7058862063373759,0.0,/media/mengh/SharedData/zhanh/auto_structbeat/caches/pilot/mscnn_final_last_gtzan/gtzan__gtzan_reggae_00007__track.npy.npz
mscnn_gtzan,direct,gtzan/gtzan_reggae_00008/track.npy,gtzan,0.9876543209876543,0.9287666046487092,0.9287666046487092,0.9287666046487092,0.9753086419753086,0.9753086419753086,0.9753086419753086,0.9753086419753086,0.9523809523809523,0.8948611196492295,0.8948611196492295,0.8948611196492295,1.0,1.0,1.0,1.0,97.0,0.0,0.0,0.06587482624238841,25.0,0.0,0.0,0.032209645827854315,0.0,/media/mengh/SharedData/zhanh/auto_structbeat/caches/pilot/mscnn_final_last_gtzan/gtzan__gtzan_reggae_00008__track.npy.npz
mscnn_gtzan,direct,gtzan/gtzan_reggae_00009/track.npy,gtzan,0.9268292682926829,0.8842075986627171,0.8842075986627171,0.8842075986627171,0.3939393939393939,0.7272727272727273,0.3939393939393939,0.7272727272727273,0.6341463414634146,0.6084719369969394,0.6084719369969394,0.6084719369969394,0.25,0.375,0.25,0.375,68.0,0.0,0.0,0.686480118789398,27.0,0.0,0.0,1.386294361119892,0.0,/media/mengh/SharedData/zhanh/auto_structbeat/caches/pilot/mscnn_final_last_gtzan/gtzan__gtzan_reggae_00009__track.npy.npz
mscnn_gtzan,direct,gtzan/gtzan_reggae_00010/track.npy,gtzan,1.0,0.9262603083872273,0.9262603083872273,0.9262603083872273,1.0,1.0,1.0,1.0,1.0,0.9319206786169955,0.9319206786169955,0.9319206786169955,1.0,1.0,1.0,1.0,57.0,0.0,0.0,0.07696104113612678,14.0,0.0,0.0,0.02327357812812193,0.0,/media/mengh/SharedData/zhanh/auto_structbeat/caches/pilot/mscnn_final_last_gtzan/gtzan__gtzan_reggae_00010__track.npy.npz
mscnn_gtzan,direct,gtzan/gtzan_reggae_00011/track.npy,gtzan,1.0,0.9585918432454663,0.9585918432454663,0.9585918432454663,1.0,1.0,1.0,1.0,0.1935483870967742,0.18811607844282344,0.6348696436717564,0.4114928610572899,0.058823529411764705,0.058823529411764705,0.35294117647058826,0.47058823529411764,63.0,0.0,0.0,0.042559614418795966,20.0,0.0,0.0,1.383777698395511,0.0,/media/mengh/SharedData/zhanh/auto_structbeat/caches/pilot/mscnn_final_last_gtzan/gtzan__gtzan_reggae_00011__track.npy.npz
mscnn_gtzan,direct,gtzan/gtzan_reggae_00012/track.npy,gtzan,0.6707317073170732,0.605755997849927,0.9031257534625635,0.7544408756562453,0.0,0.0,1.0,1.0,0.75,0.6856588251794321,0.6856588251794321,0.6856588251794321,0.25925925925925924,0.4074074074074074,0.25925925925925924,0.4074074074074074,66.0,0.0,0.0,0.08701137698962969,25.0,0.0,0.0,1.3476899903957391,0.0,/media/mengh/SharedData/zhanh/auto_structbeat/caches/pilot/mscnn_final_last_gtzan/gtzan__gtzan_reggae_00012__track.npy.npz
mscnn_gtzan,direct,gtzan/gtzan_reggae_00013/track.npy,gtzan,1.0,0.975791229810046,0.975791229810046,0.975791229810046,1.0,1.0,1.0,1.0,1.0,0.9622334907299785,0.9622334907299785,0.9622334907299785,1.0,1.0,1.0,1.0,62.0,0.0,0.0,0.04082199452025613,17.0,0.0,0.0,0.5272554985663154,0.0,/media/mengh/SharedData/zhanh/auto_structbeat/caches/pilot/mscnn_final_last_gtzan/gtzan__gtzan_reggae_00013__track.npy.npz
mscnn_gtzan,direct,gtzan/gtzan_reggae_00014/track.npy,gtzan,0.9908256880733944,0.7444247003575374,0.7444247003575374,0.7444247003575374,0.9818181818181818,0.9818181818181818,0.9818181818181818,0.9818181818181818,0.4137931034482759,0.2980322633856325,0.5360797018124399,0.4170559825990362,0.26666666666666666,0.26666666666666666,0.4666666666666667,0.4666666666666667,62.0,0.0,0.0,0.0870113769896318,20.0,0.0,0.0,0.7233927824739336,0.0,/media/mengh/SharedData/zhanh/auto_structbeat/caches/pilot/mscnn_final_last_gtzan/gtzan__gtzan_reggae_00014__track.npy.npz
mscnn_gtzan,direct,gtzan/gtzan_reggae_00015/track.npy,gtzan,1.0,0.8710017268258552,0.8710017268258552,0.8710017268258552,1.0,1.0,1.0,1.0,0.32432432432432434,0.2892418174206696,0.36642262727164154,0.3278322223461556,0.041666666666666664,0.041666666666666664,0.041666666666666664,0.041666666666666664,63.0,0.0,0.0,0.04255961441880263,29.0,0.0,0.0,1.305427713802886,0.0,/media/mengh/SharedData/zhanh/auto_structbeat/caches/pilot/mscnn_final_last_gtzan/gtzan__gtzan_reggae_00015__track.npy.npz
mscnn_gtzan,direct,gtzan/gtzan_reggae_00016/track.npy,gtzan,0.717391304347826,0.6820922788812676,0.8405639743205441,0.7613281266009058,0.13793103448275862,0.15517241379310345,0.2647058823529412,0.6764705882352942,0.5833333333333334,0.5744358550016281,0.5770270195982666,0.5757314372999474,0.0,0.0,0.3,0.3,40.0,0.0,0.0,0.6931471805599458,12.0,0.0,0.0,1.0448921194273202,0.0,/media/mengh/SharedData/zhanh/auto_structbeat/caches/pilot/mscnn_final_last_gtzan/gtzan__gtzan_reggae_00016__track.npy.npz
mscnn_gtzan,direct,gtzan/gtzan_reggae_00017/track.npy,gtzan,0.9904761904761905,0.6893551521983762,0.6893551521983762,0.6893551521983762,0.9811320754716981,0.9811320754716981,0.9811320754716981,0.9811320754716981,0.0,6.651108538196761e-34,7.614562198512857e-26,3.807281132511971e-26,0.0,0.0,0.0,0.0,63.0,0.0,0.0,0.04255961441880263,18.0,0.0,0.0,0.7787234006886122,0.0,/media/mengh/SharedData/zhanh/auto_structbeat/caches/pilot/mscnn_final_last_gtzan/gtzan__gtzan_reggae_00017__track.npy.npz
mscnn_gtzan,direct,gtzan/gtzan_reggae_00018/track.npy,gtzan,0.8672566371681416,0.7587207227682051,0.7587207227682051,0.7587207227682051,0.34375,0.53125,0.34375,0.53125,0.24242424242424243,0.2080898735711683,0.6389022645864398,0.42349606907880405,0.0,0.0,0.47058823529411764,0.47058823529411764,62.0,0.0,0.0,0.13348395850371822,20.0,0.0,0.0,1.1585083930760711,0.0,/media/mengh/SharedData/zhanh/auto_structbeat/caches/pilot/mscnn_final_last_gtzan/gtzan__gtzan_reggae_00018__track.npy.npz
mscnn_gtzan,direct,gtzan/gtzan_reggae_00019/track.npy,gtzan,0.6956521739130436,0.6191783102206735,0.8651612283436937,0.7421697692821836,0.03333333333333333,0.06666666666666667,0.65625,0.875,0.7200000000000001,0.607153739907814,0.6831379575127624,0.6451458487102881,0.2,0.3333333333333333,0.2,0.4,38.0,0.0,0.0,0.6505301695381054,14.0,0.0,0.0,1.1615706567668318,0.0,/media/mengh/SharedData/zhanh/auto_structbeat/caches/pilot/mscnn_final_last_gtzan/gtzan__gtzan_reggae_00019__track.npy.npz
mscnn_gtzan,direct,gtzan/gtzan_reggae_00020/track.npy,gtzan,1.0,0.9776560306064587,0.9776560306064587,0.9776560306064587,1.0,1.0,1.0,1.0,0.7428571428571429,0.7202365229958275,0.9101747146221654,0.8152056188089964,0.18181818181818182,0.18181818181818182,0.72,0.72,63.0,0.0,0.0,0.04255961441880263,26.0,0.0,0.0,0.6138393200765906,0.0,/media/mengh/SharedData/zhanh/auto_structbeat/caches/pilot/mscnn_final_last_gtzan/gtzan__gtzan_reggae_00020__track.npy.npz
mscnn_gtzan,direct,gtzan/gtzan_reggae_00021/track.npy,gtzan,0.9767441860465116,0.8099979608436018,0.8099979608436018,0.8099979608436018,0.6307692307692307,0.9384615384615385,0.6307692307692307,0.9384615384615385,0.2777777777777778,0.2548035231349839,0.5977315442902865,0.4262675337126352,0.05,0.05,0.45,0.5,76.0,0.0,0.0,0.12243707311713033,23.0,0.0,0.0,0.7191226669632054,0.0,/media/mengh/SharedData/zhanh/auto_structbeat/caches/pilot/mscnn_final_last_gtzan/gtzan__gtzan_reggae_00021__track.npy.npz
mscnn_gtzan,direct,gtzan/gtzan_reggae_00022/track.npy,gtzan,0.9203539823008848,0.8922461557171469,0.8922461557171469,0.8922461557171469,0.3770491803278688,0.6885245901639344,0.3770491803278688,0.6885245901639344,0.13793103448275862,0.13788793776869512,0.19041667596629325,0.16415230686749419,0.0,0.0,0.15384615384615385,0.15384615384615385,58.0,0.0,0.0,0.23615184801536276,15.0,0.0,0.0,0.3213931446577414,0.0,/media/mengh/SharedData/zhanh/auto_structbeat/caches/pilot/mscnn_final_last_gtzan/gtzan__gtzan_reggae_00022__track.npy.npz
mscnn_gtzan,direct,gtzan/gtzan_reggae_00023/track.npy,gtzan,1.0,0.9392985762724125,0.9392985762724125,0.9392985762724125,1.0,1.0,1.0,1.0,0.36363636363636365,0.34767301257024413,0.7896169956130153,0.5686450040916298,0.0,0.0,0.47368421052631576,0.47368421052631576,65.0,0.0,0.0,0.08701137698962769,22.0,0.0,0.0,0.6936877263651564,0.0,/media/mengh/SharedData/zhanh/auto_structbeat/caches/pilot/mscnn_final_last_gtzan/gtzan__gtzan_reggae_00023__track.npy.npz
mscnn_gtzan,direct,gtzan/gtzan_reggae_00024/track.npy,gtzan,0.9824561403508771,0.8969224180584884,0.8969224180584884,0.8969224180584884,0.9655172413793104,0.9655172413793104,0.9655172413793104,0.9655172413793104,0.6666666666666666,0.6253839743378317,0.6457344235881561,0.6355591989629938,0.5,0.5,0.5,0.5,70.0,0.0,0.0,0.04652001563490016,22.0,0.0,0.0,0.716677677970139,0.0,/media/mengh/SharedData/zhanh/auto_structbeat/caches/pilot/mscnn_final_last_gtzan/gtzan__gtzan_reggae_00024__track.npy.npz
mscnn_gtzan,direct,gtzan/gtzan_reggae_00025/track.npy,gtzan,0.9702970297029703,0.9213926850843212,0.9213926850843212,0.9213926850843212,0.5961538461538461,0.9230769230769231,0.5961538461538461,0.9230769230769231,0.6428571428571429,0.5967218631422412,0.6818521733505788,0.63928701824641,0.375,0.375,0.375,0.375,62.0,0.03278688524590164,0.03278688524590164,1.6582280766035575,20.0,0.0,0.0,1.130355032253557,0.0,/media/mengh/SharedData/zhanh/auto_structbeat/caches/pilot/mscnn_final_last_gtzan/gtzan__gtzan_reggae_00025__track.npy.npz
mscnn_gtzan,direct,gtzan/gtzan_reggae_00026/track.npy,gtzan,0.9913043478260869,0.8330679762083966,0.8330679762083966,0.8330679762083966,0.9827586206896551,0.9827586206896551,0.9827586206896551,0.9827586206896551,0.9655172413793104,0.9101059079531635,0.9101059079531635,0.9101059079531635,0.9333333333333333,0.9333333333333333,0.9333333333333333,0.9333333333333333,69.0,0.0,0.0,0.09097177820572214,18.0,0.0,0.0,0.014417996356982404,0.0,/media/mengh/SharedData/zhanh/auto_structbeat/caches/pilot/mscnn_final_last_gtzan/gtzan__gtzan_reggae_00026__track.npy.npz
mscnn_gtzan,direct,gtzan/gtzan_reggae_00027/track.npy,gtzan,0.9739130434782608,0.8194758481415506,0.8194758481415506,0.8194758481415506,0.6724137931034483,0.9655172413793104,0.6724137931034483,0.9655172413793104,1.0,0.8455942868115749,0.8455942868115749,0.8455942868115749,1.0,1.0,1.0,1.0,69.0,0.014705882352941176,0.014705882352941176,0.27443684570176285,17.0,0.0,0.0,0.06744128079553247,0.0,/media/mengh/SharedData/zhanh/auto_structbeat/caches/pilot/mscnn_final_last_gtzan/gtzan__gtzan_reggae_00027__track.npy.npz
mscnn_gtzan,direct,gtzan/gtzan_reggae_00028/track.npy,gtzan,0.9430894308943091,0.9128828103034486,0.9128828103034486,0.9128828103034486,0.5538461538461539,0.7846153846153846,0.5538461538461539,0.7846153846153846,0.6857142857142857,0.6676915895578921,0.7437532392220474,0.7057224143899697,0.15789473684210525,0.2631578947368421,0.15789473684210525,0.2903225806451613,71.0,0.0,0.0,0.6418538861723999,24.0,0.0,0.0,1.1060471943166996,0.0,/media/mengh/SharedData/zhanh/auto_structbeat/caches/pilot/mscnn_final_last_gtzan/gtzan__gtzan_reggae_00028__track.npy.npz
mscnn_gtzan,direct,gtzan/gtzan_reggae_00029/track.npy,gtzan,1.0,0.9444639831079481,0.9444639831079481,0.9444639831079481,1.0,1.0,1.0,1.0,0.8648648648648648,0.8094658960703678,0.8094658960703678,0.8094658960703678,0.3333333333333333,0.47619047619047616,0.3333333333333333,0.47619047619047616,75.0,0.0,0.0,0.05129329438755259,27.0,0.0,0.0,1.393716620677364,0.0,/media/mengh/SharedData/zhanh/auto_structbeat/caches/pilot/mscnn_final_last_gtzan/gtzan__gtzan_reggae_00029__track.npy.npz
mscnn_gtzan,direct,gtzan/gtzan_reggae_00030/track.npy,gtzan,0.9242424242424243,0.8787570005817208,0.8787570005817208,0.8787570005817208,0.5217391304347826,0.7971014492753623,0.5217391304347826,0.7971014492753623,0.15,0.14867217525230184,0.16628569409099056,0.1574789346716462,0.0,0.0,0.04,0.04,79.0,0.0,0.0641025641025641,0.6931471805599496,28.0,0.0,0.0,1.4260184759481391,0.0,/media/mengh/SharedData/zhanh/auto_structbeat/caches/pilot/mscnn_final_last_gtzan/gtzan__gtzan_reggae_00030__track.npy.npz
mscnn_gtzan,direct,gtzan/gtzan_reggae_00031/track.npy,gtzan,0.6666666666666666,0.6468882126009555,0.9703323189014332,0.8086102657511944,0.0,0.0,1.0,1.0,0.967741935483871,0.933498406214137,0.933498406214137,0.933498406214137,0.9375,0.9375,0.9375,0.9375,40.0,0.0,0.0,0.026668247082165475,19.0,0.0,0.0,0.6825509991599289,0.0,/media/mengh/SharedData/zhanh/auto_structbeat/caches/pilot/mscnn_final_last_gtzan/gtzan__gtzan_reggae_00031__track.npy.npz
mscnn_gtzan,direct,gtzan/gtzan_reggae_00032/track.npy,gtzan,0.9090909090909091,0.8656211265577758,0.8656211265577758,0.8656211265577758,0.3968253968253968,0.7777777777777778,0.3968253968253968,0.7777777777777778,0.5581395348837209,0.5304920306872634,0.5304920306872634,0.5304920306872634,0.1111111111111111,0.18518518518518517,0.1111111111111111,0.18518518518518517,79.0,0.01282051282051282,0.10256410256410256,0.693147180559943,36.0,0.0,0.0,1.3862943611198895,0.0,/media/mengh/SharedData/zhanh/auto_structbeat/caches/pilot/mscnn_final_last_gtzan/gtzan__gtzan_reggae_00032__track.npy.npz
mscnn_gtzan,direct,gtzan/gtzan_reggae_00033/track.npy,gtzan,0.9863013698630138,0.9490307380115687,0.9490307380115687,0.9490307380115687,0.972972972972973,0.972972972972973,0.972972972972973,0.972972972972973,0.8181818181818181,0.7972131359881366,0.7972131359881366,0.7972131359881366,0.23076923076923078,0.46153846153846156,0.23529411764705882,0.46153846153846156,44.0,0.0,0.0,0.030725723890899392,17.0,0.0,0.0,1.2259788358414263,0.0,/media/mengh/SharedData/zhanh/auto_structbeat/caches/pilot/mscnn_final_last_gtzan/gtzan__gtzan_reggae_00033__track.npy.npz
mscnn_gtzan,direct,gtzan/gtzan_reggae_00034/track.npy,gtzan,0.6722689075630253,0.6509789058820736,0.9683311224993998,0.8096550141907367,0.0,0.0,1.0,1.0,0.6666666666666666,0.6367799666526973,0.9551699499790459,0.7959749583158716,0.0,0.0,1.0,1.0,47.0,0.0,0.0,0.06252035698133387,12.0,0.0,0.0,0.01212335470415626,0.0,/media/mengh/SharedData/zhanh/auto_structbeat/caches/pilot/mscnn_final_last_gtzan/gtzan__gtzan_reggae_00034__track.npy.npz
mscnn_gtzan,direct,gtzan/gtzan_reggae_00035/track.npy,gtzan,0.9119999999999999,0.8643821534823221,0.8643821534823221,0.8643821534823221,0.6617647058823529,0.6617647058823529,0.6617647058823529,0.6617647058823529,0.24242424242424243,0.23222743119638656,0.6538963430178709,0.44306188710712874,0.0,0.0,0.15151515151515152,0.25,64.0,0.0,0.0,0.11122563511023095,20.0,0.0,0.0,1.0817998421194115,0.0,/media/mengh/SharedData/zhanh/auto_structbeat/caches/pilot/mscnn_final_last_gtzan/gtzan__gtzan_reggae_00035__track.npy.npz
mscnn_gtzan,direct,gtzan/gtzan_reggae_00036/track.npy,gtzan,0.6605504587155963,0.6235890789049735,0.9311124602769786,0.777350769590976,0.0,0.0,0.972972972972973,0.972972972972973,1.0,0.9333276220617664,0.9333276220617664,0.9333276220617664,1.0,1.0,1.0,1.0,46.0,0.0,0.0,0.05293278229494521,22.0,0.0,0.0,0.014598799421152553,0.0,/media/mengh/SharedData/zhanh/auto_structbeat/caches/pilot/mscnn_final_last_gtzan/gtzan__gtzan_reggae_00036__track.npy.npz
mscnn_gtzan,direct,gtzan/gtzan_reggae_00037/track.npy,gtzan,0.984375,0.9611959105678602,0.9611959105678602,0.9611959105678602,0.984375,0.984375,0.984375,0.984375,0.6666666666666666,0.6516867439676558,0.777253682113543,0.7144702130405993,0.03125,0.03125,0.5,0.53125,77.0,0.0,0.0,0.051293294387558364,37.0,0.0,0.0,1.2206715873076694,0.0,/media/mengh/SharedData/zhanh/auto_structbeat/caches/pilot/mscnn_final_last_gtzan/gtzan__gtzan_reggae_00037__track.npy.npz
mscnn_gtzan,direct,gtzan/gtzan_reggae_00038/track.npy,gtzan,1.0,0.9420243625810523,0.9420243625810523,0.9420243625810523,1.0,1.0,1.0,1.0,0.5000000000000001,0.46022390848771105,0.7794566515342428,0.6198402800109769,0.0,0.0,0.5,0.5909090909090909,49.0,0.0,0.0,0.06393307189070303,30.0,0.0,0.0,1.1018992716404437,0.0,/media/mengh/SharedData/zhanh/auto_structbeat/caches/pilot/mscnn_final_last_gtzan/gtzan__gtzan_reggae_00038__track.npy.npz
mscnn_gtzan,direct,gtzan/gtzan_reggae_00039/track.npy,gtzan,0.9152542372881356,0.795452746808178,0.795452746808178,0.795452746808178,0.21875,0.671875,0.21875,0.671875,1.0,0.8762691274041677,0.8762691274041677,0.8762691274041677,1.0,1.0,1.0,1.0,61.0,0.0,0.0,0.6678293725756606,20.0,0.0,0.0,0.29626581614317204,0.0,/media/mengh/SharedData/zhanh/auto_structbeat/caches/pilot/mscnn_final_last_gtzan/gtzan__gtzan_reggae_00039__track.npy.npz
mscnn_gtzan,direct,gtzan/gtzan_reggae_00040/track.npy,gtzan,0.7142857142857142,0.6071172727616746,0.6071172727616746,0.6071172727616746,0.3076923076923077,0.5384615384615384,0.3076923076923077,0.5384615384615384,0.6363636363636364,0.48366534266951733,0.48366534266951733,0.48366534266951733,0.38461538461538464,0.46153846153846156,0.38461538461538464,0.46153846153846156,40.0,0.0,0.05128205128205128,1.2691794780159134,16.0,0.0,0.06666666666666667,2.7835358544893922,0.0,/media/mengh/SharedData/zhanh/auto_structbeat/caches/pilot/mscnn_final_last_gtzan/gtzan__gtzan_reggae_00040__track.npy.npz
mscnn_gtzan,direct,gtzan/gtzan_reggae_00041/track.npy,gtzan,0.9836065573770492,0.9072384286436427,0.9072384286436427,0.9072384286436427,0.7049180327868853,0.9344262295081968,0.7049180327868853,0.9344262295081968,0.6666666666666665,0.6009807058097376,0.7203912104958842,0.6606859581528108,0.2,0.35,0.2,0.35,72.0,0.0,0.014084507042253521,0.6958842192740722,25.0,0.0,0.0,0.6931471805599451,0.0,/media/mengh/SharedData/zhanh/auto_structbeat/caches/pilot/mscnn_final_last_gtzan/gtzan__gtzan_reggae_00041__track.npy.npz
mscnn_gtzan,direct,gtzan/gtzan_reggae_00042/track.npy,gtzan,0.98989898989899,0.912210632338331,0.912210632338331,0.912210632338331,0.86,0.96,0.86,0.96,0.2222222222222222,0.22068981175372257,0.5764045404191737,0.39854717608644813,0.0,0.0,0.08695652173913043,0.16,60.0,0.0,0.0,0.08054354286336818,27.0,0.0,0.0,1.376244025266389,0.0,/media/mengh/SharedData/zhanh/auto_structbeat/caches/pilot/mscnn_final_last_gtzan/gtzan__gtzan_reggae_00042__track.npy.npz
mscnn_gtzan,direct,gtzan/gtzan_reggae_00043/track.npy,gtzan,1.0,0.7633462229628152,0.7633462229628152,0.7633462229628152,1.0,1.0,1.0,1.0,1.0,0.7825885405623856,0.7825885405623856,0.7825885405623856,1.0,1.0,1.0,1.0,78.0,0.0,0.0,0.06481009970512544,21.0,0.0,0.0,0.8145874680110884,0.0,/media/mengh/SharedData/zhanh/auto_structbeat/caches/pilot/mscnn_final_last_gtzan/gtzan__gtzan_reggae_00043__track.npy.npz
mscnn_gtzan,direct,gtzan/gtzan_reggae_00044/track.npy,gtzan,0.7068965517241379,0.6704724941639278,0.8742352744456398,0.7723538843047838,0.0547945205479452,0.1232876712328767,0.5581395348837209,0.7209302325581395,0.606060606060606,0.5757621466952835,0.7099897289304522,0.6428759378128679,0.1111111111111111,0.1111111111111111,0.13333333333333333,0.2,50.0,0.02040816326530612,0.02040816326530612,0.7119890795275587,17.0,0.0,0.0,1.1143975000747701,0.0,/media/mengh/SharedData/zhanh/auto_structbeat/caches/pilot/mscnn_final_last_gtzan/gtzan__gtzan_reggae_00044__track.npy.npz
mscnn_gtzan,direct,gtzan/gtzan_reggae_00045/track.npy,gtzan,0.7289719626168224,0.6804836573401094,0.8764934268441754,0.7784885420921424,0.14705882352941177,0.14705882352941177,0.7435897435897436,0.7435897435897436,0.7857142857142858,0.734689143923151,0.7999673328772543,0.7673282384002027,0.23529411764705882,0.29411764705882354,0.5454545454545454,0.5454545454545454,47.0,0.0,0.0,0.6664789334777846,14.0,0.0,0.0,0.69617749504155,0.0,/media/mengh/SharedData/zhanh/auto_structbeat/caches/pilot/mscnn_final_last_gtzan/gtzan__gtzan_reggae_00045__track.npy.npz
mscnn_gtzan,direct,gtzan/gtzan_reggae_00046/track.npy,gtzan,0.8571428571428571,0.7346380553647783,0.7346380553647783,0.7346380553647783,0.4225352112676056,0.5211267605633803,0.4225352112676056,0.5211267605633803,0.7894736842105262,0.6733987634384188,0.6733987634384188,0.6733987634384188,0.19047619047619047,0.38095238095238093,0.19047619047619047,0.38095238095238093,68.0,0.014925373134328358,0.014925373134328358,0.7503055943998961,26.0,0.0,0.0,1.0180729085751972,0.0,/media/mengh/SharedData/zhanh/auto_structbeat/caches/pilot/mscnn_final_last_gtzan/gtzan__gtzan_reggae_00046__track.npy.npz
mscnn_gtzan,direct,gtzan/gtzan_reggae_00047/track.npy,gtzan,0.9752066115702478,0.9131267416542209,0.9131267416542209,0.9131267416542209,0.6065573770491803,0.9508196721311475,0.6065573770491803,0.9508196721311475,0.303030303030303,0.29625677616753776,0.6960326868159445,0.49614473149174115,0.1111111111111111,0.1111111111111111,0.5,0.5,72.0,0.0,0.0,0.20219485806017878,21.0,0.0,0.0,0.6943894325598,0.0,/media/mengh/SharedData/zhanh/auto_structbeat/caches/pilot/mscnn_final_last_gtzan/gtzan__gtzan_reggae_00047__track.npy.npz
mscnn_gtzan,direct,gtzan/gtzan_reggae_00048/track.npy,gtzan,0.9241379310344828,0.7880554558678822,0.7880554558678822,0.7880554558678822,0.2876712328767123,0.863013698630137,0.2876712328767123,0.863013698630137,0.0,1.3146889915488758e-58,0.8374880948584502,0.4187440474292251,0.0,0.0,0.9444444444444444,0.9444444444444444,84.0,0.024096385542168676,0.024096385542168676,0.6902892598679472,22.0,0.0,0.0,0.029413885206292713,0.0,/media/mengh/SharedData/zhanh/auto_structbeat/caches/pilot/mscnn_final_last_gtzan/gtzan__gtzan_reggae_00048__track.npy.npz
mscnn_gtzan,direct,gtzan/gtzan_reggae_00049/track.npy,gtzan,0.7022900763358779,0.6549931021566986,0.7755293168114175,0.715261209484058,0.05128205128205128,0.15384615384615385,0.3018867924528302,0.6037735849056604,0.47368421052631576,0.4500135562095875,0.47945500147870923,0.46473427884414836,0.21052631578947367,0.21052631578947367,0.21052631578947367,0.21052631578947367,62.0,0.04918032786885246,0.04918032786885246,1.1097694662337896,22.0,0.047619047619047616,0.047619047619047616,1.809028957669221,0.0,/media/mengh/SharedData/zhanh/auto_structbeat/caches/pilot/mscnn_final_last_gtzan/gtzan__gtzan_reggae_00049__track.npy.npz
mscnn_gtzan,direct,gtzan/gtzan_reggae_00050/track.npy,gtzan,0.6666666666666666,0.6387798167397251,0.9581697251093195,0.7984747709245223,0.0,0.0,1.0,1.0,0.787878787878788,0.7649618529127803,0.8438055291058473,0.8043836910093138,0.2,0.25,0.46153846153846156,0.6153846153846154,47.0,0.0,0.0,0.03174869831458238,15.0,0.0,0.0,0.7009785366280235,0.0,/media/mengh/SharedData/zhanh/auto_structbeat/caches/pilot/mscnn_final_last_gtzan/gtzan__gtzan_reggae_00050__track.npy.npz
mscnn_gtzan,direct,gtzan/gtzan_reggae_00051/track.npy,gtzan,1.0,0.9839879654309795,0.9839879654309795,0.9839879654309795,1.0,1.0,1.0,1.0,0.896551724137931,0.8853960524647534,0.8853960524647534,0.8853960524647534,0.3125,0.6875,0.3125,0.6875,64.0,0.0,0.0,0.04255961441880244,19.0,0.0,0.0,0.6974484216041411,0.0,/media/mengh/SharedData/zhanh/auto_structbeat/caches/pilot/mscnn_final_last_gtzan/gtzan__gtzan_reggae_00051__track.npy.npz
mscnn_gtzan,direct,gtzan/gtzan_reggae_00052/track.npy,gtzan,1.0,0.9201414509571658,0.9201414509571658,0.9201414509571658,1.0,1.0,1.0,1.0,1.0,0.89139361353234,0.89139361353234,0.89139361353234,1.0,1.0,1.0,1.0,50.0,0.0,0.0,0.06669137449867363,12.0,0.0,0.0,0.00833699858539766,0.0,/media/mengh/SharedData/zhanh/auto_structbeat/caches/pilot/mscnn_final_last_gtzan/gtzan__gtzan_reggae_00052__track.npy.npz
mscnn_gtzan,direct,gtzan/gtzan_reggae_00053/track.npy,gtzan,0.967741935483871,0.8853894737081104,0.8853894737081104,0.8853894737081104,0.84375,0.875,0.84375,0.875,0.6486486486486486,0.5612384308496862,0.6976923429558985,0.6294653869027924,0.2857142857142857,0.3333333333333333,0.2857142857142857,0.3333333333333333,73.0,0.0,0.0,0.10536051565782523,25.0,0.0,0.0,0.7178323264796154,0.0,/media/mengh/SharedData/zhanh/auto_structbeat/caches/pilot/mscnn_final_last_gtzan/gtzan__gtzan_reggae_00053__track.npy.npz
mscnn_gtzan,direct,gtzan/gtzan_reggae_00054/track.npy,gtzan,0.8,0.7360653936055632,0.7360653936055632,0.7360653936055632,0.32786885245901637,0.39344262295081966,0.32786885245901637,0.4090909090909091,0.28571428571428575,0.23600688046132007,0.7146879878929114,0.4753474341771158,0.0,0.0,0.25,0.45,57.0,0.0,0.0,0.6762788944546062,24.0,0.0,0.0,0.7172262885207233,0.0,/media/mengh/SharedData/zhanh/auto_structbeat/caches/pilot/mscnn_final_last_gtzan/gtzan__gtzan_reggae_00054__track.npy.npz
mscnn_gtzan,direct,gtzan/gtzan_reggae_00055/track.npy,gtzan,0.8807339449541284,0.8556652907158261,0.8556652907158261,0.8556652907158261,0.8727272727272727,0.8727272727272727,0.8727272727272727,0.8727272727272727,0.4666666666666667,0.4534706421420093,0.4534706421420093,0.4534706421420093,0.375,0.375,0.375,0.375,66.0,0.0,0.0,0.04255961441879885,19.0,0.0,0.0,1.3884565443407337,0.0,/media/mengh/SharedData/zhanh/auto_structbeat/caches/pilot/mscnn_final_last_gtzan/gtzan__gtzan_reggae_00055__track.npy.npz
mscnn_gtzan,direct,gtzan/gtzan_reggae_00056/track.npy,gtzan,0.9923664122137404,0.9491023993056996,0.9491023993056996,0.9491023993056996,0.9545454545454546,0.9848484848484849,0.9545454545454546,0.9848484848484849,0.47058823529411764,0.4318769862992859,0.6393780041288,0.535627495214043,0.2777777777777778,0.2777777777777778,0.2777777777777778,0.3888888888888889,78.0,0.012987012987012988,0.012987012987012988,0.2760764814135426,23.0,0.0,0.0,0.7062192621272989,0.0,/media/mengh/SharedData/zhanh/auto_structbeat/caches/pilot/mscnn_final_last_gtzan/gtzan__gtzan_reggae_00056__track.npy.npz
mscnn_gtzan,direct,gtzan/gtzan_reggae_00057/track.npy,gtzan,0.9937888198757764,0.9491038929250177,0.9491038929250177,0.9491038929250177,0.5679012345679012,0.9753086419753086,0.5679012345679012,0.9753086419753086,1.0,0.9460135267173749,0.9460135267173749,0.9460135267173749,1.0,1.0,1.0,1.0,98.0,0.010309278350515464,0.010309278350515464,0.20140289865926575,25.0,0.0,0.0,0.032736926762514315,0.0,/media/mengh/SharedData/zhanh/auto_structbeat/caches/pilot/mscnn_final_last_gtzan/gtzan__gtzan_reggae_00057__track.npy.npz
mscnn_gtzan,direct,gtzan/gtzan_reggae_00058/track.npy,gtzan,1.0,0.8513178748851856,0.8513178748851856,0.8513178748851856,1.0,1.0,1.0,1.0,0.8666666666666666,0.7191296081159528,0.7191296081159528,0.7191296081159528,0.4117647058823529,0.5882352941176471,0.4117647058823529,0.5882352941176471,62.0,0.0,0.0,0.04082199452025792,23.0,0.0,0.0,1.1124056108004488,0.0,/media/mengh/SharedData/zhanh/auto_structbeat/caches/pilot/mscnn_final_last_gtzan/gtzan__gtzan_reggae_00058__track.npy.npz
mscnn_gtzan,direct,gtzan/gtzan_reggae_00059/track.npy,gtzan,0.959349593495935,0.9190190235117166,0.9190190235117166,0.9190190235117166,0.84375,0.84375,0.84375,0.84375,0.9375,0.903903480935911,0.903903480935911,0.903903480935911,0.4375,0.8125,0.4375,0.8125,72.0,0.0,0.0,0.10858633135664605,21.0,0.0,0.0,0.6828080187853723,0.0,/media/mengh/SharedData/zhanh/auto_structbeat/caches/pilot/mscnn_final_last_gtzan/gtzan__gtzan_reggae_00059__track.npy.npz
mscnn_gtzan,direct,gtzan/gtzan_reggae_00060/track.npy,gtzan,1.0,0.9551967338615222,0.9551967338615222,0.9551967338615222,1.0,1.0,1.0,1.0,1.0,0.9434204507655028,0.9434204507655028,0.9434204507655028,1.0,1.0,1.0,1.0,57.0,0.0,0.0,0.07696104113612728,15.0,0.0,0.0,0.29639782289841404,0.0,/media/mengh/SharedData/zhanh/auto_structbeat/caches/pilot/mscnn_final_last_gtzan/gtzan__gtzan_reggae_00060__track.npy.npz
mscnn_gtzan,direct,gtzan/gtzan_reggae_00061/track.npy,gtzan,1.0,0.9846017739521618,0.9846017739521618,0.9846017739521618,1.0,1.0,1.0,1.0,1.0,0.9824919075487776,0.9824919075487776,0.9824919075487776,1.0,1.0,1.0,1.0,46.0,0.0,0.0,0.030771658666758572,11.0,0.0,0.0,0.007662872745569871,0.0,/media/mengh/SharedData/zhanh/auto_structbeat/caches/pilot/mscnn_final_last_gtzan/gtzan__gtzan_reggae_00061__track.npy.npz
mscnn_gtzan,direct,gtzan/gtzan_reggae_00062/track.npy,gtzan,0.8113207547169812,0.7783701872909995,0.8091046553005047,0.7937374212957521,0.19047619047619047,0.38095238095238093,0.19047619047619047,0.4418604651162791,0.5714285714285715,0.5643956398398405,0.7626671436180709,0.6635313917289557,0.2,0.2,0.2,0.3448275862068966,56.0,0.0,0.0,0.7191226669632009,24.0,0.0,0.0,1.078975984551572,0.0,/media/mengh/SharedData/zhanh/auto_structbeat/caches/pilot/mscnn_final_last_gtzan/gtzan__gtzan_reggae_00062__track.npy.npz
mscnn_gtzan,direct,gtzan/gtzan_reggae_00063/track.npy,gtzan,0.6608695652173914,0.6330053474588517,0.9332771148403597,0.7831412311496058,0.0,0.0,0.725,0.95,0.7222222222222222,0.6954925707468828,0.7119450546678605,0.7037188127073717,0.2631578947368421,0.3684210526315789,0.2631578947368421,0.3684210526315789,48.0,0.02127659574468085,0.02127659574468085,0.535995015704352,20.0,0.05263157894736842,0.05263157894736842,2.7479279566527817,0.0,/media/mengh/SharedData/zhanh/auto_structbeat/caches/pilot/mscnn_final_last_gtzan/gtzan__gtzan_reggae_00063__track.npy.npz
mscnn_gtzan,direct,gtzan/gtzan_reggae_00064/track.npy,gtzan,0.6728971962616822,0.6599420336901207,0.9807471889561516,0.8203446113231362,0.0,0.0,1.0,1.0,0.6666666666666666,0.6593591677479144,0.9890387516218715,0.8241989596848929,0.0,0.0,1.0,1.0,43.0,0.0,0.0,0.057158413839947464,10.0,0.0,0.0,0.011794843528375239,0.0,/media/mengh/SharedData/zhanh/auto_structbeat/caches/pilot/mscnn_final_last_gtzan/gtzan__gtzan_reggae_00064__track.npy.npz
mscnn_gtzan,direct,gtzan/gtzan_reggae_00065/track.npy,gtzan,0.6727272727272727,0.647178859316903,0.9620226287143041,0.8046007440156036,0.0,0.0,1.0,1.0,0.7142857142857143,0.7033981843857713,0.7033981843857713,0.7033981843857713,0.05555555555555555,0.05555555555555555,0.6,0.6,44.0,0.0,0.0,0.05884050002293223,12.0,0.0,0.0,0.7046412180611555,0.0,/media/mengh/SharedData/zhanh/auto_structbeat/caches/pilot/mscnn_final_last_gtzan/gtzan__gtzan_reggae_00065__track.npy.npz
mscnn_gtzan,direct,gtzan/gtzan_reggae_00066/track.npy,gtzan,1.0,0.949120292982497,0.949120292982497,0.949120292982497,1.0,1.0,1.0,1.0,0.6666666666666666,0.6286829226731615,0.9093353714507589,0.7690091470619602,0.0,0.0,0.9375,0.9375,40.0,0.0,0.0,0.05264373348541618,19.0,0.0,0.0,0.6957962259099494,0.0,/media/mengh/SharedData/zhanh/auto_structbeat/caches/pilot/mscnn_final_last_gtzan/gtzan__gtzan_reggae_00066__track.npy.npz
mscnn_gtzan,direct,gtzan/gtzan_reggae_00067/track.npy,gtzan,0.9312977099236641,0.902255254298051,0.902255254298051,0.902255254298051,0.2857142857142857,0.7571428571428571,0.2857142857142857,0.7571428571428571,0.7777777777777778,0.7493863060394422,0.7493863060394422,0.7493863060394422,0.2631578947368421,0.5789473684210527,0.2631578947368421,0.5789473684210527,74.0,0.0,0.0,0.6931471805599452,22.0,0.0,0.0,0.7406436018389622,0.0,/media/mengh/SharedData/zhanh/auto_structbeat/caches/pilot/mscnn_final_last_gtzan/gtzan__gtzan_reggae_00067__track.npy.npz
mscnn_gtzan,direct,gtzan/gtzan_reggae_00068/track.npy,gtzan,1.0,0.9226259875903994,0.9226259875903994,0.9226259875903994,1.0,1.0,1.0,1.0,1.0,0.8659678787432274,0.8659678787432274,0.8659678787432274,1.0,1.0,1.0,1.0,69.0,0.0,0.0,0.09097177820572468,18.0,0.0,0.0,0.0343881946059445,0.0,/media/mengh/SharedData/zhanh/auto_structbeat/caches/pilot/mscnn_final_last_gtzan/gtzan__gtzan_reggae_00068__track.npy.npz
mscnn_gtzan,direct,gtzan/gtzan_reggae_00069/track.npy,gtzan,0.9917355371900827,0.9244769959412584,0.9244769959412584,0.9244769959412584,0.9508196721311475,0.9508196721311475,0.9508196721311475,0.9508196721311475,0.6857142857142857,0.6445898000340586,0.6958340937947081,0.6702119469143833,0.2,0.4,0.2,0.4,71.0,0.0,0.04285714285714286,0.9850264031435331,25.0,0.0,0.08333333333333333,2.0925081736586213,0.0,/media/mengh/SharedData/zhanh/auto_structbeat/caches/pilot/mscnn_final_last_gtzan/gtzan__gtzan_reggae_00069__track.npy.npz
mscnn_gtzan,direct,gtzan/gtzan_reggae_00070/track.npy,gtzan,0.7241379310344828,0.6748890738748358,0.8806848043115104,0.7777869390931731,0.05405405405405406,0.13513513513513514,0.35714285714285715,0.7619047619047619,0.7741935483870968,0.744405749428899,0.8737431040541572,0.8090744267415282,0.21052631578947367,0.21052631578947367,0.3333333333333333,0.6666666666666666,49.0,0.0,0.0,0.7134384563712237,13.0,0.0,0.0,0.6931471805599456,0.0,/media/mengh/SharedData/zhanh/auto_structbeat/caches/pilot/mscnn_final_last_gtzan/gtzan__gtzan_reggae_00070__track.npy.npz
mscnn_gtzan,direct,gtzan/gtzan_reggae_00071/track.npy,gtzan,0.6818181818181819,0.6536403683216124,0.9416941536557357,0.7976672609886741,0.034482758620689655,0.034482758620689655,0.4666666666666667,0.9333333333333333,0.962962962962963,0.9212198821551442,0.9212198821551442,0.9212198821551442,0.7142857142857143,0.8571428571428571,0.7142857142857143,0.8571428571428571,36.0,0.0,0.0,0.28107519745222975,16.0,0.0,0.0,0.6990123000123426,0.0,/media/mengh/SharedData/zhanh/auto_structbeat/caches/pilot/mscnn_final_last_gtzan/gtzan__gtzan_reggae_00071__track.npy.npz
mscnn_gtzan,direct,gtzan/gtzan_reggae_00072/track.npy,gtzan,1.0,0.941095497504652,0.941095497504652,0.941095497504652,1.0,1.0,1.0,1.0,1.0,0.9375003364862702,0.9375003364862702,0.9375003364862702,1.0,1.0,1.0,1.0,42.0,0.0,0.0,0.05556985115481223,11.0,0.0,0.0,0.0070175726586469535,0.0,/media/mengh/SharedData/zhanh/auto_structbeat/caches/pilot/mscnn_final_last_gtzan/gtzan__gtzan_reggae_00072__track.npy.npz
mscnn_gtzan,direct,gtzan/gtzan_reggae_00073/track.npy,gtzan,0.9722222222222222,0.862605010865129,0.862605010865129,0.862605010865129,0.35135135135135137,0.9459459459459459,0.35135135135135137,0.9459459459459459,1.0,0.8754876410704467,0.8754876410704467,0.8754876410704467,1.0,1.0,1.0,1.0,44.0,0.046511627906976744,0.046511627906976744,2.1086746174132296,10.0,0.0,0.0,0.011530091544213946,0.0,/media/mengh/SharedData/zhanh/auto_structbeat/caches/pilot/mscnn_final_last_gtzan/gtzan__gtzan_reggae_00073__track.npy.npz
mscnn_gtzan,direct,gtzan/gtzan_reggae_00074/track.npy,gtzan,0.9859154929577464,0.8529889752733976,0.8529889752733976,0.8529889752733976,0.6111111111111112,0.9722222222222222,0.6111111111111112,0.9722222222222222,1.0,0.810769641349866,0.810769641349866,0.810769641349866,1.0,1.0,1.0,1.0,43.0,0.023809523809523808,0.023809523809523808,0.11778303565638104,10.0,0.0,0.0,0.013986241974739999,0.0,/media/mengh/SharedData/zhanh/auto_structbeat/caches/pilot/mscnn_final_last_gtzan/gtzan__gtzan_reggae_00074__track.npy.npz
mscnn_gtzan,direct,gtzan/gtzan_reggae_00075/track.npy,gtzan,0.8598130841121495,0.6826272639692335,0.6826272639692335,0.6826272639692335,0.3333333333333333,0.5166666666666667,0.3333333333333333,0.5166666666666667,0.9032258064516129,0.7326864377524125,0.7326864377524125,0.7326864377524125,0.6875,0.75,0.6875,0.75,56.0,0.0,0.0,0.6774837720335563,19.0,0.0,0.0,0.7967441198308036,0.0,/media/mengh/SharedData/zhanh/auto_structbeat/caches/pilot/mscnn_final_last_gtzan/gtzan__gtzan_reggae_00075__track.npy.npz
mscnn_gtzan,direct,gtzan/gtzan_reggae_00076/track.npy,gtzan,1.0,0.9541346825806734,0.9541346825806734,0.9541346825806734,1.0,1.0,1.0,1.0,0.11764705882352941,0.11065741921933156,0.8054418370160892,0.4580496281177104,0.0,0.0,0.7777777777777778,0.7777777777777778,40.0,0.0,0.0,0.05264373348542313,10.0,0.0,0.0,0.4489342823047317,0.0,/media/mengh/SharedData/zhanh/auto_structbeat/caches/pilot/mscnn_final_last_gtzan/gtzan__gtzan_reggae_00076__track.npy.npz
mscnn_gtzan,direct,gtzan/gtzan_reggae_00077/track.npy,gtzan,0.991869918699187,0.9617644109890322,0.9617644109890322,0.9617644109890322,0.9838709677419355,0.9838709677419355,0.9838709677419355,0.9838709677419355,0.9375,0.9128579796731195,0.9128579796731195,0.9128579796731195,0.8823529411764706,0.8823529411764706,0.8823529411764706,0.8823529411764706,75.0,0.0,0.0,0.04879016416943971,23.0,0.0,0.0,1.115141590619322,0.0,/media/mengh/SharedData/zhanh/auto_structbeat/caches/pilot/mscnn_final_last_gtzan/gtzan__gtzan_reggae_00077__track.npy.npz
mscnn_gtzan,direct,gtzan/gtzan_reggae_00078/track.npy,gtzan,0.9606299212598425,0.9203993747336713,0.9203993747336713,0.9203993747336713,0.3484848484848485,0.8636363636363636,0.3484848484848485,0.8636363636363636,0.8823529411764706,0.8513872466773008,0.8513872466773008,0.8513872466773008,0.6111111111111112,0.7222222222222222,0.6111111111111112,0.7222222222222222,72.0,0.0,0.0,0.6664789334777839,22.0,0.0,0.0,0.7134204359653562,0.0,/media/mengh/SharedData/zhanh/auto_structbeat/caches/pilot/mscnn_final_last_gtzan/gtzan__gtzan_reggae_00078__track.npy.npz
mscnn_gtzan,direct,gtzan/gtzan_reggae_00079/track.npy,gtzan,0.9243697478991597,0.8418258932063081,0.8418258932063081,0.8418258932063081,0.375,0.734375,0.375,0.734375,0.6153846153846153,0.5503171920332975,0.5503171920332975,0.5503171920332975,0.21739130434782608,0.391304347826087,0.21739130434782608,0.391304347826087,67.0,0.0,0.0,0.5542801897719234,26.0,0.0,0.0,1.3844075437888606,0.0,/media/mengh/SharedData/zhanh/auto_structbeat/caches/pilot/mscnn_final_last_gtzan/gtzan__gtzan_reggae_00079__track.npy.npz
mscnn_gtzan,direct,gtzan/gtzan_reggae_00080/track.npy,gtzan,1.0,0.9572706688043431,0.9572706688043431,0.9572706688043431,1.0,1.0,1.0,1.0,1.0,0.9430832536722665,0.9430832536722665,0.9430832536722665,1.0,1.0,1.0,1.0,50.0,0.0,0.0,0.06669137449867674,12.0,0.0,0.0,0.008368249670517192,0.0,/media/mengh/SharedData/zhanh/auto_structbeat/caches/pilot/mscnn_final_last_gtzan/gtzan__gtzan_reggae_00080__track.npy.npz
mscnn_gtzan,direct,gtzan/gtzan_reggae_00081/track.npy,gtzan,1.0,0.9579832781725973,0.9579832781725973,0.9579832781725973,1.0,1.0,1.0,1.0,1.0,0.9604150679423012,0.9604150679423012,0.9604150679423012,1.0,1.0,1.0,1.0,51.0,0.0,0.0,0.06669137449867463,13.0,0.0,0.0,0.008368249670517858,0.0,/media/mengh/SharedData/zhanh/auto_structbeat/caches/pilot/mscnn_final_last_gtzan/gtzan__gtzan_reggae_00081__track.npy.npz
mscnn_gtzan,direct,gtzan/gtzan_reggae_00082/track.npy,gtzan,1.0,0.9579832781725973,0.9579832781725973,0.9579832781725973,1.0,1.0,1.0,1.0,1.0,0.9604150679423012,0.9604150679423012,0.9604150679423012,1.0,1.0,1.0,1.0,51.0,0.0,0.0,0.06669137449867463,13.0,0.0,0.0,0.008368249670517858,0.0,/media/mengh/SharedData/zhanh/auto_structbeat/caches/pilot/mscnn_final_last_gtzan/gtzan__gtzan_reggae_00082__track.npy.npz
mscnn_gtzan,direct,gtzan/gtzan_reggae_00083/track.npy,gtzan,0.896551724137931,0.7437674626362962,0.7437674626362962,0.7437674626362962,0.7333333333333333,0.8666666666666667,0.7333333333333333,0.8666666666666667,0.5714285714285714,0.42270341104171244,0.5937687116135787,0.5082360613276455,0.0,0.0,0.7142857142857143,0.7142857142857143,35.0,0.0,0.0,0.8530744224794552,17.0,0.0,0.0,1.1272115397693834,0.0,/media/mengh/SharedData/zhanh/auto_structbeat/caches/pilot/mscnn_final_last_gtzan/gtzan__gtzan_reggae_00083__track.npy.npz
mscnn_gtzan,direct,gtzan/gtzan_reggae_00084/track.npy,gtzan,0.9767441860465117,0.9131278186794225,0.9131278186794225,0.9131278186794225,0.5,0.9318181818181818,0.5,0.9318181818181818,0.8333333333333333,0.7437107865480265,0.7437107865480265,0.7437107865480265,0.46153846153846156,0.5384615384615384,0.46153846153846156,0.5384615384615384,52.0,0.0,0.0,0.13132364840580907,18.0,0.0,0.0,1.0628466209527416,0.0,/media/mengh/SharedData/zhanh/auto_structbeat/caches/pilot/mscnn_final_last_gtzan/gtzan__gtzan_reggae_00084__track.npy.npz
mscnn_gtzan,direct,gtzan/gtzan_reggae_00085/track.npy,gtzan,0.979591836734694,0.8561605047348516,0.8561605047348516,0.8561605047348516,0.6486486486486487,0.9324324324324325,0.6486486486486487,0.9324324324324325,1.0,0.8389174164402836,0.8389174164402836,0.8389174164402836,1.0,1.0,1.0,1.0,86.0,0.011764705882352941,0.011764705882352941,0.3027267129862664,24.0,0.0,0.0,1.1009718336242456,0.0,/media/mengh/SharedData/zhanh/auto_structbeat/caches/pilot/mscnn_final_last_gtzan/gtzan__gtzan_reggae_00085__track.npy.npz
mscnn_gtzan,direct,gtzan/gtzan_reggae_00087/track.npy,gtzan,1.0,0.9709324262716105,0.9709324262716105,0.9709324262716105,1.0,1.0,1.0,1.0,1.0,0.9803613128426755,0.9803613128426755,0.9803613128426755,1.0,1.0,1.0,1.0,41.0,0.0,0.0,0.05556985115481156,10.0,0.0,0.0,0.006920442844573782,0.0,/media/mengh/SharedData/zhanh/auto_structbeat/caches/pilot/mscnn_final_last_gtzan/gtzan__gtzan_reggae_00087__track.npy.npz
mscnn_gtzan,direct,gtzan/gtzan_reggae_00088/track.npy,gtzan,1.0,0.9814117427332403,0.9814117427332403,0.9814117427332403,1.0,1.0,1.0,1.0,1.0,0.9889187198051882,0.9889187198051882,0.9889187198051882,1.0,1.0,1.0,1.0,54.0,0.0,0.0,0.07145896398214968,13.0,0.0,0.0,1.6653345369377348e-15,0.0,/media/mengh/SharedData/zhanh/auto_structbeat/caches/pilot/mscnn_final_last_gtzan/gtzan__gtzan_reggae_00088__track.npy.npz
mscnn_gtzan,direct,gtzan/gtzan_reggae_00089/track.npy,gtzan,0.9919999999999999,0.8905385572577615,0.8905385572577615,0.8905385572577615,0.9841269841269841,0.9841269841269841,0.9841269841269841,0.9841269841269841,0.3684210526315789,0.32499395574871004,0.738266521954758,0.531630238851734,0.0,0.0,0.3448275862068966,0.4827586206896552,75.0,0.0,0.0,0.10008345855697595,28.0,0.0,0.0,0.6931471805599453,0.0,/media/mengh/SharedData/zhanh/auto_structbeat/caches/pilot/mscnn_final_last_gtzan/gtzan__gtzan_reggae_00089__track.npy.npz
mscnn_gtzan,direct,gtzan/gtzan_reggae_00090/track.npy,gtzan,0.6666666666666666,0.5937031572779018,0.8905547359168526,0.7421289465973773,0.0,0.0,1.0,1.0,0.26666666666666666,0.2509349185104018,0.6201269423525375,0.4355309304314696,0.0,0.0,0.2,0.26666666666666666,39.0,0.0,0.0,0.0512932943875517,17.0,0.0,0.0,1.1011654955684818,0.0,/media/mengh/SharedData/zhanh/auto_structbeat/caches/pilot/mscnn_final_last_gtzan/gtzan__gtzan_reggae_00090__track.npy.npz
mscnn_gtzan,direct,gtzan/gtzan_reggae_00091/track.npy,gtzan,0.888888888888889,0.8496327489522841,0.8496327489522841,0.8496327489522841,0.3,0.6,0.3,0.6,0.967741935483871,0.9096835151074092,0.9096835151074092,0.9096835151074092,0.5625,0.875,0.5625,0.875,58.0,0.0,0.0,0.6690496289808863,20.0,0.0,0.0,1.1107282339135296,0.0,/media/mengh/SharedData/zhanh/auto_structbeat/caches/pilot/mscnn_final_last_gtzan/gtzan__gtzan_reggae_00091__track.npy.npz
mscnn_gtzan,direct,gtzan/gtzan_reggae_00092/track.npy,gtzan,0.8807339449541284,0.648981048497547,0.648981048497547,0.648981048497547,0.3114754098360656,0.5737704918032787,0.3114754098360656,0.5737704918032787,0.8571428571428572,0.6704923083457505,0.6704923083457505,0.6704923083457505,0.47368421052631576,0.631578947368421,0.47368421052631576,0.631578947368421,59.0,0.0,0.0,0.6931471805599461,24.0,0.0,0.0,0.6811709895132299,0.0,/media/mengh/SharedData/zhanh/auto_structbeat/caches/pilot/mscnn_final_last_gtzan/gtzan__gtzan_reggae_00092__track.npy.npz
mscnn_gtzan,direct,gtzan/gtzan_reggae_00093/track.npy,gtzan,0.9436619718309859,0.8609413404399632,0.8609413404399632,0.8609413404399632,0.3466666666666667,0.7866666666666666,0.3466666666666667,0.7866666666666666,0.5641025641025641,0.5178596201067628,0.6065855962891491,0.562222608197956,0.15,0.25,0.15,0.25,81.0,0.0,0.0,0.6662795137252325,25.0,0.0,0.0,0.7522902937978648,0.0,/media/mengh/SharedData/zhanh/auto_structbeat/caches/pilot/mscnn_final_last_gtzan/gtzan__gtzan_reggae_00093__track.npy.npz
mscnn_gtzan,direct,gtzan/gtzan_reggae_00094/track.npy,gtzan,1.0,0.9641865321202773,0.9641865321202773,0.9641865321202773,1.0,1.0,1.0,1.0,0.962962962962963,0.9169077827956924,0.9169077827956924,0.9169077827956924,0.9285714285714286,0.9285714285714286,0.9285714285714286,0.9285714285714286,64.0,0.0,0.0,0.04255961441880263,20.0,0.0,0.0,0.12345479130172998,0.0,/media/mengh/SharedData/zhanh/auto_structbeat/caches/pilot/mscnn_final_last_gtzan/gtzan__gtzan_reggae_00094__track.npy.npz
mscnn_gtzan,direct,gtzan/gtzan_reggae_00095/track.npy,gtzan,0.9122807017543859,0.8766103103721959,0.8766103103721959,0.8766103103721959,0.27419354838709675,0.7903225806451613,0.27419354838709675,0.7903225806451613,0.7407407407407408,0.6154954300931462,0.6154954300931462,0.6154954300931462,0.35714285714285715,0.6428571428571429,0.35714285714285715,0.6428571428571429,72.0,0.14084507042253522,0.14084507042253522,1.7917594692280427,16.0,0.06666666666666667,0.06666666666666667,3.188416617383514,0.0,/media/mengh/SharedData/zhanh/auto_structbeat/caches/pilot/mscnn_final_last_gtzan/gtzan__gtzan_reggae_00095__track.npy.npz
mscnn_gtzan,direct,gtzan/gtzan_reggae_00096/track.npy,gtzan,0.9864864864864865,0.8857858465406189,0.8857858465406189,0.8857858465406189,0.44594594594594594,0.9459459459459459,0.44594594594594594,0.9459459459459459,0.8421052631578948,0.7530823350665068,0.7530823350665068,0.7530823350665068,0.5,0.7,0.5,0.7,89.0,0.0,0.0,0.1718502569266558,25.0,0.0,0.0,0.7066812701880315,0.0,/media/mengh/SharedData/zhanh/auto_structbeat/caches/pilot/mscnn_final_last_gtzan/gtzan__gtzan_reggae_00096__track.npy.npz
mscnn_gtzan,direct,gtzan/gtzan_reggae_00097/track.npy,gtzan,0.4857142857142857,0.421846271065664,0.421846271065664,0.421846271065664,0.041666666666666664,0.0625,0.041666666666666664,0.0625,0.3076923076923077,0.2539945858309481,0.4651945750693269,0.3595945804501375,0.0,0.0,0.0,0.0,55.0,0.0,0.0,0.7021363229007666,25.0,0.0,0.0,0.7427013006763088,0.0,/media/mengh/SharedData/zhanh/auto_structbeat/caches/pilot/mscnn_final_last_gtzan/gtzan__gtzan_reggae_00097__track.npy.npz
mscnn_gtzan,direct,gtzan/gtzan_reggae_00098/track.npy,gtzan,0.8543689320388349,0.6174501027501383,0.6174501027501383,0.6174501027501383,0.10377358490566038,0.27358490566037735,0.10377358490566038,0.27358490566037735,0.8846153846153846,0.5584798024369176,0.5584798024369176,0.5584798024369176,0.7407407407407407,0.9259259259259259,0.7407407407407407,0.9259259259259259,127.0,0.10317460317460317,0.29365079365079366,0.9162907318741595,32.0,0.06451612903225806,0.06451612903225806,2.2883182424502144,0.0,/media/mengh/SharedData/zhanh/auto_structbeat/caches/pilot/mscnn_final_last_gtzan/gtzan__gtzan_reggae_00098__track.npy.npz
mscnn_gtzan,direct,gtzan/gtzan_reggae_00099/track.npy,gtzan,0.7261146496815286,0.679805757775811,0.679805757775811,0.679805757775811,0.08163265306122448,0.15306122448979592,0.23728813559322035,0.4745762711864407,0.21276595744680854,0.20578809323718777,0.23017081378909543,0.2179794535131416,0.0,0.0,0.2727272727272727,0.4090909090909091,69.0,0.014705882352941176,0.029411764705882353,0.8109302162163426,25.0,0.0,0.0,2.061884378641571,0.0,/media/mengh/SharedData/zhanh/auto_structbeat/caches/pilot/mscnn_final_last_gtzan/gtzan__gtzan_reggae_00099__track.npy.npz
mscnn_gtzan,direct,gtzan/gtzan_rock_00000/track.npy,gtzan,0.8541666666666666,0.7399688179401624,0.7399688179401624,0.7399688179401624,0.7450980392156863,0.7647058823529411,0.7450980392156863,0.7647058823529411,0.7857142857142856,0.6781018900812723,0.6781018900812723,0.6781018900812723,0.6666666666666666,0.6666666666666666,0.6666666666666666,0.6666666666666666,55.0,0.0,0.0,0.6790288821138291,19.0,0.0,0.0,0.776998866608044,0.0,/media/mengh/SharedData/zhanh/auto_structbeat/caches/pilot/mscnn_final_last_gtzan/gtzan__gtzan_rock_00000__track.npy.npz
mscnn_gtzan,direct,gtzan/gtzan_rock_00001/track.npy,gtzan,0.9841269841269841,0.8069482267402287,0.8069482267402287,0.8069482267402287,0.9375,0.9375,0.9375,0.9375,0.9411764705882353,0.7104336639422225,0.7104336639422225,0.7104336639422225,0.8888888888888888,0.8888888888888888,0.8888888888888888,0.8888888888888888,41.0,0.0,0.025,0.6982765099987007,12.0,0.0,0.0,0.7567559161648358,0.0,/media/mengh/SharedData/zhanh/auto_structbeat/caches/pilot/mscnn_final_last_gtzan/gtzan__gtzan_rock_00001__track.npy.npz
mscnn_gtzan,direct,gtzan/gtzan_rock_00002/track.npy,gtzan,1.0,0.9662496530449233,0.9662496530449233,0.9662496530449233,1.0,1.0,1.0,1.0,1.0,0.9749489779419974,0.9749489779419974,0.9749489779419974,1.0,1.0,1.0,1.0,53.0,0.0,0.0,0.035091319811275556,13.0,0.0,0.0,0.03011933608679168,0.0,/media/mengh/SharedData/zhanh/auto_structbeat/caches/pilot/mscnn_final_last_gtzan/gtzan__gtzan_rock_00002__track.npy.npz
mscnn_gtzan,direct,gtzan/gtzan_rock_00003/track.npy,gtzan,1.0,0.9241791511201114,0.9241791511201114,0.9241791511201114,1.0,1.0,1.0,1.0,0.4347826086956522,0.3844647316904086,0.6641478510232653,0.524306291356837,0.15384615384615385,0.15384615384615385,0.15789473684210525,0.3157894736842105,48.0,0.0,0.0,0.0625203569813347,16.0,0.0,0.0,0.7170527014134994,0.0,/media/mengh/SharedData/zhanh/auto_structbeat/caches/pilot/mscnn_final_last_gtzan/gtzan__gtzan_rock_00003__track.npy.npz
mscnn_gtzan,direct,gtzan/gtzan_rock_00004/track.npy,gtzan,0.8571428571428571,0.7148532967735644,0.7148532967735644,0.7148532967735644,0.29545454545454547,0.5,0.3384615384615385,0.5,0.6923076923076924,0.5816421115999124,0.8169354846784044,0.6992887981391585,0.0,0.0,1.0,1.0,50.0,0.0,0.0,0.10536051565782212,19.0,0.0,0.0,0.16702036488935876,0.0,/media/mengh/SharedData/zhanh/auto_structbeat/caches/pilot/mscnn_final_last_gtzan/gtzan__gtzan_rock_00004__track.npy.npz
mscnn_gtzan,direct,gtzan/gtzan_rock_00005/track.npy,gtzan,0.5904761904761905,0.5280901241780978,0.7735811769181689,0.6508356505481333,0.109375,0.109375,0.345679012345679,0.5679012345679012,0.3448275862068966,0.30450958490425767,0.30450958490425767,0.30450958490425767,0.10526315789473684,0.21052631578947367,0.10526315789473684,0.21052631578947367,75.0,0.0,0.0,0.6544240678773994,21.0,0.0,0.0,1.9382455175362348,0.0,/media/mengh/SharedData/zhanh/auto_structbeat/caches/pilot/mscnn_final_last_gtzan/gtzan__gtzan_rock_00005__track.npy.npz
mscnn_gtzan,direct,gtzan/gtzan_rock_00006/track.npy,gtzan,0.9199999999999999,0.8563183898464376,0.8563183898464376,0.8563183898464376,0.8076923076923077,0.8461538461538461,0.8076923076923077,0.8461538461538461,0.5555555555555556,0.5399522545582438,0.7501513766815744,0.6450518156199091,0.0,0.0,0.9166666666666666,0.9166666666666666,31.0,0.0,0.0,0.4466727247904124,15.0,0.0,0.0,0.032322194722597015,0.0,/media/mengh/SharedData/zhanh/auto_structbeat/caches/pilot/mscnn_final_last_gtzan/gtzan__gtzan_rock_00006__track.npy.npz
mscnn_gtzan,direct,gtzan/gtzan_rock_00007/track.npy,gtzan,1.0,0.848046860040899,0.848046860040899,0.848046860040899,1.0,1.0,1.0,1.0,0.9523809523809523,0.8084050974126059,0.8084050974126059,0.8084050974126059,0.7272727272727273,0.7272727272727273,0.7272727272727273,0.7272727272727273,45.0,0.0,0.0,0.02985296314968583,13.0,0.0,0.0,0.7043836084859748,0.0,/media/mengh/SharedData/zhanh/auto_structbeat/caches/pilot/mscnn_final_last_gtzan/gtzan__gtzan_rock_00007__track.npy.npz
mscnn_gtzan,direct,gtzan/gtzan_rock_00008/track.npy,gtzan,0.7536231884057971,0.6765466237891247,0.6765466237891247,0.6765466237891247,0.3783783783783784,0.7027027027027027,0.3783783783783784,0.7027027027027027,0.6666666666666666,0.5798487082304385,0.5798487082304385,0.5798487082304385,0.2727272727272727,0.5454545454545454,0.2727272727272727,0.5454545454545454,40.0,0.02564102564102564,0.02564102564102564,1.5288040788232837,14.0,0.0,0.0,0.7113815197551887,0.0,/media/mengh/SharedData/zhanh/auto_structbeat/caches/pilot/mscnn_final_last_gtzan/gtzan__gtzan_rock_00008__track.npy.npz
mscnn_gtzan,direct,gtzan/gtzan_rock_00009/track.npy,gtzan,1.0,0.9306326913186063,0.9306326913186063,0.9306326913186063,1.0,1.0,1.0,1.0,0.11764705882352941,0.11328158429310141,0.8290693795745355,0.4711754819338185,0.0,0.0,0.7777777777777778,0.7777777777777778,38.0,0.0,0.0,0.025317807984289488,10.0,0.0,0.0,0.7035040814071271,0.0,/media/mengh/SharedData/zhanh/auto_structbeat/caches/pilot/mscnn_final_last_gtzan/gtzan__gtzan_rock_00009__track.npy.npz
mscnn_gtzan,direct,gtzan/gtzan_rock_00010/track.npy,gtzan,1.0,0.8369604184643572,0.8369604184643572,0.8369604184643572,1.0,1.0,1.0,1.0,1.0,0.7991725717585434,0.7991725717585434,0.7991725717585434,1.0,1.0,1.0,1.0,42.0,0.0,0.0,0.05556985115480991,11.0,0.0,0.0,0.024744181092240587,0.0,/media/mengh/SharedData/zhanh/auto_structbeat/caches/pilot/mscnn_final_last_gtzan/gtzan__gtzan_rock_00010__track.npy.npz
mscnn_gtzan,direct,gtzan/gtzan_rock_00011/track.npy,gtzan,0.98,0.8276280047942899,0.8276280047942899,0.8276280047942899,0.7254901960784313,0.9215686274509803,0.7254901960784313,0.9215686274509803,1.0,0.8389567125616607,0.8389567125616607,0.8389567125616607,1.0,1.0,1.0,1.0,60.0,0.0,0.0,0.12323818228201387,14.0,0.0,0.0,0.042287096844785176,0.0,/media/mengh/SharedData/zhanh/auto_structbeat/caches/pilot/mscnn_final_last_gtzan/gtzan__gtzan_rock_00011__track.npy.npz
mscnn_gtzan,direct,gtzan/gtzan_rock_00012/track.npy,gtzan,1.0,0.9589041753150596,0.9589041753150596,0.9589041753150596,1.0,1.0,1.0,1.0,1.0,0.9636024117998251,0.9636024117998251,0.9636024117998251,1.0,1.0,1.0,1.0,56.0,0.0,0.0,0.03774032798285287,15.0,0.0,0.0,0.2885799628066071,0.0,/media/mengh/SharedData/zhanh/auto_structbeat/caches/pilot/mscnn_final_last_gtzan/gtzan__gtzan_rock_00012__track.npy.npz
mscnn_gtzan,direct,gtzan/gtzan_rock_00013/track.npy,gtzan,1.0,0.8949149853258175,0.8949149853258175,0.8949149853258175,1.0,1.0,1.0,1.0,1.0,0.9411056557684083,0.9411056557684083,0.9411056557684083,1.0,1.0,1.0,1.0,46.0,0.0,0.0,0.0606246218164391,11.0,0.0,0.0,0.015267472130788851,0.0,/media/mengh/SharedData/zhanh/auto_structbeat/caches/pilot/mscnn_final_last_gtzan/gtzan__gtzan_rock_00013__track.npy.npz
mscnn_gtzan,direct,gtzan/gtzan_rock_00014/track.npy,gtzan,0.4716981132075472,0.4181105189936317,0.6220992219619564,0.5201048704777941,0.22413793103448276,0.22413793103448276,0.22413793103448276,0.29310344827586204,0.26666666666666666,0.2120175515662028,0.2120175515662028,0.2120175515662028,0.2222222222222222,0.2777777777777778,0.2222222222222222,0.2777777777777778,69.0,0.0,0.0,0.8906453075952138,22.0,0.0,0.0,1.4182772859003383,0.0,/media/mengh/SharedData/zhanh/auto_structbeat/caches/pilot/mscnn_final_last_gtzan/gtzan__gtzan_rock_00014__track.npy.npz
mscnn_gtzan,direct,gtzan/gtzan_rock_00015/track.npy,gtzan,0.9885057471264368,0.75687584241355,0.75687584241355,0.75687584241355,0.9772727272727273,0.9772727272727273,0.9772727272727273,0.9772727272727273,0.88,0.7412590580611342,0.7412590580611342,0.7412590580611342,0.5714285714285714,0.5714285714285714,0.5714285714285714,0.5714285714285714,52.0,0.0,0.0,0.07034922235931092,16.0,0.0,0.0,1.0993334282009823,0.0,/media/mengh/SharedData/zhanh/auto_structbeat/caches/pilot/mscnn_final_last_gtzan/gtzan__gtzan_rock_00015__track.npy.npz
mscnn_gtzan,direct,gtzan/gtzan_rock_00016/track.npy,gtzan,0.810344827586207,0.7092040261089126,0.7092040261089126,0.7092040261089126,0.7704918032786885,0.7704918032786885,0.7704918032786885,0.7704918032786885,0.7586206896551724,0.6731682537940834,0.6731682537940834,0.6731682537940834,0.8666666666666667,0.8666666666666667,0.8666666666666667,0.8666666666666667,68.0,0.0,0.0,0.04879016416943971,18.0,0.0,0.0,0.20542912113016332,0.0,/media/mengh/SharedData/zhanh/auto_structbeat/caches/pilot/mscnn_final_last_gtzan/gtzan__gtzan_rock_00016__track.npy.npz
mscnn_gtzan,direct,gtzan/gtzan_rock_00017/track.npy,gtzan,0.9803921568627451,0.9248015834860117,0.9248015834860117,0.9248015834860117,0.9803921568627451,0.9803921568627451,0.9803921568627451,0.9803921568627451,0.888888888888889,0.8608965362552043,0.8608965362552043,0.8608965362552043,0.8571428571428571,0.8571428571428571,0.8571428571428571,0.8571428571428571,61.0,0.0,0.0,0.04082199452025792,17.0,0.0,0.0,1.2350105636489122,0.0,/media/mengh/SharedData/zhanh/auto_structbeat/caches/pilot/mscnn_final_last_gtzan/gtzan__gtzan_rock_00017__track.npy.npz
mscnn_gtzan,direct,gtzan/gtzan_rock_00018/track.npy,gtzan,0.9795918367346939,0.9210982370215828,0.9210982370215828,0.9210982370215828,0.9795918367346939,0.9795918367346939,0.9795918367346939,0.9795918367346939,0.6874999999999999,0.6348454140385463,0.7673307581848344,0.7010880861116904,0.1,0.2,0.21739130434782608,0.5652173913043478,59.0,0.0,0.0,0.039220713153287345,25.0,0.0,0.0,0.7119451626210432,0.0,/media/mengh/SharedData/zhanh/auto_structbeat/caches/pilot/mscnn_final_last_gtzan/gtzan__gtzan_rock_00018__track.npy.npz
mscnn_gtzan,direct,gtzan/gtzan_rock_00019/track.npy,gtzan,0.98,0.9149150774760956,0.9149150774760956,0.9149150774760956,1.0,1.0,1.0,1.0,1.0,0.9127611477110441,0.9127611477110441,0.9127611477110441,1.0,1.0,1.0,1.0,58.0,0.0,0.0,0.08004270767353874,16.0,0.0,0.0,1.3862943611198906,0.0,/media/mengh/SharedData/zhanh/auto_structbeat/caches/pilot/mscnn_final_last_gtzan/gtzan__gtzan_rock_00019__track.npy.npz
mscnn_gtzan,direct,gtzan/gtzan_rock_00020/track.npy,gtzan,0.5454545454545454,0.4594325560948104,0.6064575066389039,0.5329450313668571,0.1702127659574468,0.3617021276595745,0.1702127659574468,0.3617021276595745,0.27586206896551724,0.21073054927896706,0.35674699277260496,0.28373877102578604,0.0,0.0,0.21052631578947367,0.3684210526315789,55.0,0.0,0.0,0.7621400520468903,22.0,0.0,0.0,1.955388893009867,0.0,/media/mengh/SharedData/zhanh/auto_structbeat/caches/pilot/mscnn_final_last_gtzan/gtzan__gtzan_rock_00020__track.npy.npz
mscnn_gtzan,direct,gtzan/gtzan_rock_00021/track.npy,gtzan,0.625,0.549905395450801,0.6038350963467205,0.5768702458987607,0.05063291139240506,0.12658227848101267,0.30612244897959184,0.4897959183673469,0.05128205128205128,0.054263721995975074,0.4369980097345715,0.24563086586527327,0.05,0.05,0.21052631578947367,0.21052631578947367,58.0,0.017543859649122806,0.017543859649122806,0.7587992892848624,22.0,0.0,0.0,1.7983637044662497,0.0,/media/mengh/SharedData/zhanh/auto_structbeat/caches/pilot/mscnn_final_last_gtzan/gtzan__gtzan_rock_00021__track.npy.npz
mscnn_gtzan,direct,gtzan/gtzan_rock_00022/track.npy,gtzan,0.7076923076923076,0.6443097247358686,0.6443097247358686,0.6443097247358686,0.10843373493975904,0.1566265060240964,0.3617021276595745,0.3829787234042553,0.23809523809523808,0.2114348789904213,0.28646015863202834,0.24894751881122482,0.0,0.0,0.09523809523809523,0.19047619047619047,58.0,0.0,0.0,0.8764129265607314,28.0,0.0,0.0,1.3417286691708366,0.0,/media/mengh/SharedData/zhanh/auto_structbeat/caches/pilot/mscnn_final_last_gtzan/gtzan__gtzan_rock_00022__track.npy.npz
mscnn_gtzan,direct,gtzan/gtzan_rock_00023/track.npy,gtzan,0.9841269841269841,0.9135092815332874,0.9135092815332874,0.9135092815332874,0.96875,0.96875,0.96875,0.96875,0.7058823529411765,0.6817147816323336,0.6817147816323336,0.6817147816323336,0.6666666666666666,0.6666666666666666,0.6666666666666666,0.6666666666666666,38.0,0.0,0.0,0.050010420574660236,10.0,0.0,0.0,0.6994563497532088,0.0,/media/mengh/SharedData/zhanh/auto_structbeat/caches/pilot/mscnn_final_last_gtzan/gtzan__gtzan_rock_00023__track.npy.npz
mscnn_gtzan,direct,gtzan/gtzan_rock_00024/track.npy,gtzan,0.9268292682926829,0.6518512409102557,0.6518512409102557,0.6518512409102557,0.6935483870967742,0.9193548387096774,0.6935483870967742,0.9193548387096774,0.9333333333333333,0.6754834706197068,0.6754834706197068,0.6754834706197068,1.0,1.0,1.0,1.0,77.0,0.0,0.02631578947368421,0.26641381563132466,20.0,0.0,0.0,0.27073195765778335,0.0,/media/mengh/SharedData/zhanh/auto_structbeat/caches/pilot/mscnn_final_last_gtzan/gtzan__gtzan_rock_00024__track.npy.npz
mscnn_gtzan,direct,gtzan/gtzan_rock_00025/track.npy,gtzan,0.896551724137931,0.6774134736527269,0.6774134736527269,0.6774134736527269,0.6136363636363636,0.8863636363636364,0.6136363636363636,0.8863636363636364,0.8333333333333333,0.6381618326300919,0.6381618326300919,0.6381618326300919,0.5384615384615384,0.7692307692307693,0.5384615384615384,0.7692307692307693,52.0,0.0196078431372549,0.0196078431372549,0.5036306373758915,17.0,0.0625,0.0625,1.473501345026187,0.0,/media/mengh/SharedData/zhanh/auto_structbeat/caches/pilot/mscnn_final_last_gtzan/gtzan__gtzan_rock_00025__track.npy.npz
mscnn_gtzan,direct,gtzan/gtzan_rock_00026/track.npy,gtzan,1.0,0.9456728489430504,0.9456728489430504,0.9456728489430504,1.0,1.0,1.0,1.0,1.0,0.9217611032928943,0.9217611032928943,0.9217611032928943,1.0,1.0,1.0,1.0,57.0,0.0,0.0,0.03818444353398141,14.0,0.0,0.0,0.3962140417806415,0.0,/media/mengh/SharedData/zhanh/auto_structbeat/caches/pilot/mscnn_final_last_gtzan/gtzan__gtzan_rock_00026__track.npy.npz
mscnn_gtzan,direct,gtzan/gtzan_rock_00027/track.npy,gtzan,0.9586776859504132,0.8377991011427861,0.8377991011427861,0.8377991011427861,0.6984126984126984,0.8412698412698413,0.6984126984126984,0.8412698412698413,0.8571428571428572,0.8009679570283921,0.8009679570283921,0.8009679570283921,0.5789473684210527,0.631578947368421,0.5789473684210527,0.631578947368421,71.0,0.0,0.0,0.6223378205046142,23.0,0.0,0.0,1.0818051703517317,0.0,/media/mengh/SharedData/zhanh/auto_structbeat/caches/pilot/mscnn_final_last_gtzan/gtzan__gtzan_rock_00027__track.npy.npz
mscnn_gtzan,direct,gtzan/gtzan_rock_00028/track.npy,gtzan,1.0,0.896670821182298,0.896670821182298,0.896670821182298,1.0,1.0,1.0,1.0,1.0,0.8657064089257623,0.8657064089257623,0.8657064089257623,1.0,1.0,1.0,1.0,69.0,0.0,0.0,0.14455101464685838,19.0,0.0,0.0,0.2195088082609272,0.0,/media/mengh/SharedData/zhanh/auto_structbeat/caches/pilot/mscnn_final_last_gtzan/gtzan__gtzan_rock_00028__track.npy.npz
mscnn_gtzan,direct,gtzan/gtzan_rock_00029/track.npy,gtzan,0.9298245614035088,0.8695114169355065,0.8695114169355065,0.8695114169355065,0.4918032786885246,0.7377049180327869,0.4918032786885246,0.7377049180327869,0.6190476190476191,0.5727600503175577,0.5727600503175577,0.5727600503175577,0.10714285714285714,0.17857142857142858,0.17857142857142858,0.17857142857142858,74.0,0.0136986301369863,0.0136986301369863,0.7801585575495811,31.0,0.0,0.0,2.040022200633151,0.0,/media/mengh/SharedData/zhanh/auto_structbeat/caches/pilot/mscnn_final_last_gtzan/gtzan__gtzan_rock_00029__track.npy.npz
mscnn_gtzan,direct,gtzan/gtzan_rock_00030/track.npy,gtzan,0.6875,0.6316466863357989,0.6316466863357989,0.6316466863357989,0.6666666666666666,0.6666666666666666,0.6666666666666666,0.6666666666666666,0.6666666666666666,0.6317122465861055,0.6317122465861055,0.6317122465861055,1.0,1.0,1.0,1.0,58.0,0.0,0.0,0.1221015152598198,15.0,0.0,0.0,0.02280409111062994,0.0,/media/mengh/SharedData/zhanh/auto_structbeat/caches/pilot/mscnn_final_last_gtzan/gtzan__gtzan_rock_00030__track.npy.npz
mscnn_gtzan,direct,gtzan/gtzan_rock_00031/track.npy,gtzan,0.9514563106796117,0.81035423930123,0.81035423930123,0.81035423930123,0.3148148148148148,0.8703703703703703,0.3148148148148148,0.8703703703703703,0.923076923076923,0.7712257242310451,0.7712257242310451,0.7712257242310451,0.5714285714285714,0.8571428571428571,0.5714285714285714,0.8571428571428571,65.0,0.09375,0.09375,1.8284992642962656,18.0,0.11764705882352941,0.11764705882352941,3.231289229832126,0.0,/media/mengh/SharedData/zhanh/auto_structbeat/caches/pilot/mscnn_final_last_gtzan/gtzan__gtzan_rock_00031__track.npy.npz
mscnn_gtzan,direct,gtzan/gtzan_rock_00032/track.npy,gtzan,0.9870129870129869,0.8303211391557308,0.8303211391557308,0.8303211391557308,0.9743589743589743,0.9743589743589743,0.9743589743589743,0.9743589743589743,0.9,0.7049698106030357,0.7049698106030357,0.7049698106030357,0.9,0.9,0.9,0.9,46.0,0.0,0.0,0.05614667734398237,12.0,0.0,0.0,0.5685127877716346,0.0,/media/mengh/SharedData/zhanh/auto_structbeat/caches/pilot/mscnn_final_last_gtzan/gtzan__gtzan_rock_00032__track.npy.npz
mscnn_gtzan,direct,gtzan/gtzan_rock_00033/track.npy,gtzan,0.98,0.8826749055515251,0.8826749055515251,0.8826749055515251,0.6470588235294118,0.9411764705882353,0.6470588235294118,0.9411764705882353,0.9600000000000001,0.8894359021448554,0.8894359021448554,0.8894359021448554,0.6923076923076923,0.9230769230769231,0.6923076923076923,0.9230769230769231,61.0,0.03333333333333333,0.03333333333333333,1.6628800781669937,15.0,0.07142857142857142,0.07142857142857142,3.220766674274547,0.0,/media/mengh/SharedData/zhanh/auto_structbeat/caches/pilot/mscnn_final_last_gtzan/gtzan__gtzan_rock_00033__track.npy.npz
mscnn_gtzan,direct,gtzan/gtzan_rock_00034/track.npy,gtzan,1.0,0.9744647439740277,0.9744647439740277,0.9744647439740277,1.0,1.0,1.0,1.0,1.0,0.9716355563724403,0.9716355563724403,0.9716355563724403,1.0,1.0,1.0,1.0,35.0,0.0,0.0,0.0229895182247011,9.0,0.0,0.0,0.01147467434510141,0.0,/media/mengh/SharedData/zhanh/auto_structbeat/caches/pilot/mscnn_final_last_gtzan/gtzan__gtzan_rock_00034__track.npy.npz
mscnn_gtzan,direct,gtzan/gtzan_rock_00035/track.npy,gtzan,1.0,0.9462895426089114,0.9462895426089114,0.9462895426089114,1.0,1.0,1.0,1.0,0.588235294117647,0.5677258358649678,0.7790162263570162,0.673371031110992,0.09523809523809523,0.19047619047619047,0.28,0.48,66.0,0.0,0.0,0.044451762570840825,26.0,0.0,0.0,0.6931471805599486,0.0,/media/mengh/SharedData/zhanh/auto_structbeat/caches/pilot/mscnn_final_last_gtzan/gtzan__gtzan_rock_00035__track.npy.npz
mscnn_gtzan,direct,gtzan/gtzan_rock_00036/track.npy,gtzan,0.8750000000000001,0.7184886916526632,0.7184886916526632,0.7184886916526632,0.4444444444444444,0.5555555555555556,0.4444444444444444,0.5555555555555556,0.7368421052631579,0.6192058064492714,0.7026316172294517,0.6609187118393616,0.16666666666666666,0.16666666666666666,0.6923076923076923,0.6923076923076923,46.0,0.044444444444444446,0.044444444444444446,1.6746474879191016,16.0,0.06666666666666667,0.06666666666666667,3.0604505092875414,0.0,/media/mengh/SharedData/zhanh/auto_structbeat/caches/pilot/mscnn_final_last_gtzan/gtzan__gtzan_rock_00036__track.npy.npz
mscnn_gtzan,direct,gtzan/gtzan_rock_00037/track.npy,gtzan,0.9636363636363636,0.9164161981172733,0.9164161981172733,0.9164161981172733,0.45614035087719296,0.9298245614035088,0.45614035087719296,0.9298245614035088,0.8666666666666666,0.8151452008794796,0.8151452008794796,0.8151452008794796,0.35294117647058826,0.7647058823529411,0.35294117647058826,0.7647058823529411,67.0,0.045454545454545456,0.045454545454545456,1.6094379124341205,21.0,0.1,0.1,3.146305132033367,0.0,/media/mengh/SharedData/zhanh/auto_structbeat/caches/pilot/mscnn_final_last_gtzan/gtzan__gtzan_rock_00037__track.npy.npz
mscnn_gtzan,direct,gtzan/gtzan_rock_00038/track.npy,gtzan,0.9333333333333333,0.9016294066991525,0.9016294066991525,0.9016294066991525,0.5,0.78125,0.5,0.78125,0.8750000000000001,0.8594857977828985,0.8594857977828985,0.8594857977828985,0.4444444444444444,0.6666666666666666,0.4444444444444444,0.6666666666666666,38.0,0.02702702702702703,0.02702702702702703,1.0851956317769846,11.0,0.1,0.1,3.800997455654887,0.0,/media/mengh/SharedData/zhanh/auto_structbeat/caches/pilot/mscnn_final_last_gtzan/gtzan__gtzan_rock_00038__track.npy.npz
mscnn_gtzan,direct,gtzan/gtzan_rock_00039/track.npy,gtzan,0.9166666666666666,0.7927333169630318,0.7927333169630318,0.7927333169630318,0.9166666666666666,0.9166666666666666,0.9166666666666666,0.9166666666666666,0.9333333333333333,0.7802656880111165,0.7802656880111165,0.7802656880111165,1.0,1.0,1.0,1.0,74.0,0.0136986301369863,0.0136986301369863,0.1210174655926906,21.0,0.0,0.0,0.7331386496150248,0.0,/media/mengh/SharedData/zhanh/auto_structbeat/caches/pilot/mscnn_final_last_gtzan/gtzan__gtzan_rock_00039__track.npy.npz
mscnn_gtzan,direct,gtzan/gtzan_rock_00040/track.npy,gtzan,0.6511627906976745,0.5540239754560091,0.5540239754560091,0.5540239754560091,0.3125,0.4583333333333333,0.3125,0.4583333333333333,0.37499999999999994,0.32661138682678564,0.32661138682678564,0.32661138682678564,0.09523809523809523,0.14285714285714285,0.14285714285714285,0.23809523809523808,58.0,0.0,0.017543859649122806,0.8485504539508955,26.0,0.0,0.0,1.396006388048662,0.0,/media/mengh/SharedData/zhanh/auto_structbeat/caches/pilot/mscnn_final_last_gtzan/gtzan__gtzan_rock_00040__track.npy.npz
mscnn_gtzan,direct,gtzan/gtzan_rock_00041/track.npy,gtzan,0.9333333333333333,0.8753440773534559,0.8753440773534559,0.8753440773534559,0.21428571428571427,0.8571428571428571,0.21428571428571427,0.8571428571428571,0.13793103448275862,0.12963367958327252,0.6751810482330807,0.4024073639081766,0.058823529411764705,0.058823529411764705,0.23529411764705882,0.5882352941176471,67.0,0.12121212121212122,0.12121212121212122,1.832581463748331,20.0,0.2631578947368421,0.2631578947368421,3.2303040001878194,0.0,/media/mengh/SharedData/zhanh/auto_structbeat/caches/pilot/mscnn_final_last_gtzan/gtzan__gtzan_rock_00041__track.npy.npz
mscnn_gtzan,direct,gtzan/gtzan_rock_00042/track.npy,gtzan,0.7894736842105263,0.7501277019292838,0.7501277019292838,0.7501277019292838,0.5116279069767442,0.627906976744186,0.5116279069767442,0.627906976744186,0.5714285714285714,0.5210616700323774,0.6601847553316683,0.5906232126820228,0.23076923076923078,0.3076923076923077,0.23076923076923078,0.3076923076923077,50.0,0.10204081632653061,0.10204081632653061,2.0819713653802725,16.0,0.0,0.0,2.300338852883033,0.0,/media/mengh/SharedData/zhanh/auto_structbeat/caches/pilot/mscnn_final_last_gtzan/gtzan__gtzan_rock_00042__track.npy.npz
mscnn_gtzan,direct,gtzan/gtzan_rock_00043/track.npy,gtzan,0.6727272727272727,0.6039175836923658,0.6788601218375359,0.6413888527649508,0.0,0.0,0.5405405405405406,0.7027027027027027,0.3870967741935484,0.3320525312848167,0.3792553690560222,0.35565395017041945,0.1111111111111111,0.1111111111111111,0.3076923076923077,0.46153846153846156,44.0,0.0,0.0,0.3731060145256795,16.0,0.0,0.0,0.723678718465854,0.0,/media/mengh/SharedData/zhanh/auto_structbeat/caches/pilot/mscnn_final_last_gtzan/gtzan__gtzan_rock_00043__track.npy.npz
mscnn_gtzan,direct,gtzan/gtzan_rock_00044/track.npy,gtzan,0.9230769230769231,0.8489969505161477,0.8489969505161477,0.8489969505161477,0.95,0.95,0.95,0.95,0.8571428571428572,0.7972048753172575,0.7972048753172575,0.7972048753172575,0.5454545454545454,0.7272727272727273,0.5454545454545454,0.7272727272727273,48.0,0.0,0.0,0.09531017980432491,13.0,0.0,0.0,1.3939563020301438,0.0,/media/mengh/SharedData/zhanh/auto_structbeat/caches/pilot/mscnn_final_last_gtzan/gtzan__gtzan_rock_00044__track.npy.npz
mscnn_gtzan,direct,gtzan/gtzan_rock_00045/track.npy,gtzan,1.0,0.8779592192452333,0.8779592192452333,0.8779592192452333,1.0,1.0,1.0,1.0,0.5384615384615385,0.4827842960479236,0.7746889232622616,0.6287366096550926,0.0,0.0,0.6666666666666666,0.6666666666666666,39.0,0.0,0.0,0.3900944401526298,22.0,0.0,0.0,1.3359960033556155,0.0,/media/mengh/SharedData/zhanh/auto_structbeat/caches/pilot/mscnn_final_last_gtzan/gtzan__gtzan_rock_00045__track.npy.npz
mscnn_gtzan,direct,gtzan/gtzan_rock_00046/track.npy,gtzan,1.0,0.7688106712971262,0.7688106712971262,0.7688106712971262,1.0,1.0,1.0,1.0,1.0,0.7426592793097079,0.7426592793097079,0.7426592793097079,1.0,1.0,1.0,1.0,51.0,0.0,0.0,0.055432250816680025,13.0,0.0,0.0,0.029361265965030525,0.0,/media/mengh/SharedData/zhanh/auto_structbeat/caches/pilot/mscnn_final_last_gtzan/gtzan__gtzan_rock_00046__track.npy.npz
mscnn_gtzan,direct,gtzan/gtzan_rock_00047/track.npy,gtzan,0.8936170212765957,0.7904579433739252,0.7904579433739252,0.7904579433739252,0.7708333333333334,0.8541666666666666,0.7708333333333334,0.8541666666666666,0.8461538461538461,0.7208566098232279,0.7208566098232279,0.7208566098232279,0.6428571428571429,0.7142857142857143,0.6428571428571429,0.7142857142857143,57.0,0.017857142857142856,0.017857142857142856,0.7082146654466093,17.0,0.0,0.0,0.7052247404052892,0.0,/media/mengh/SharedData/zhanh/auto_structbeat/caches/pilot/mscnn_final_last_gtzan/gtzan__gtzan_rock_00047__track.npy.npz
mscnn_gtzan,direct,gtzan/gtzan_rock_00048/track.npy,gtzan,1.0,0.8970248134164889,0.8970248134164889,0.8970248134164889,1.0,1.0,1.0,1.0,0.7027027027027025,0.6312253822777887,0.8077318051514419,0.7194785937146153,0.17391304347826086,0.17391304347826086,0.4074074074074074,0.6296296296296297,66.0,0.0,0.0,0.044451762570840825,26.0,0.0,0.0,0.693147180559947,0.0,/media/mengh/SharedData/zhanh/auto_structbeat/caches/pilot/mscnn_final_last_gtzan/gtzan__gtzan_rock_00048__track.npy.npz
mscnn_gtzan,direct,gtzan/gtzan_rock_00049/track.npy,gtzan,0.9210526315789475,0.8698827244756633,0.8698827244756633,0.8698827244756633,0.7560975609756098,0.7560975609756098,0.7560975609756098,0.7560975609756098,0.6956521739130436,0.6569248947315272,0.6569248947315272,0.6569248947315272,0.26666666666666666,0.26666666666666666,0.3333333333333333,0.3333333333333333,48.0,0.0425531914893617,0.0425531914893617,0.9374188895991817,19.0,0.05555555555555555,0.05555555555555555,1.2735814446941605,0.0,/media/mengh/SharedData/zhanh/auto_structbeat/caches/pilot/mscnn_final_last_gtzan/gtzan__gtzan_rock_00049__track.npy.npz
mscnn_gtzan,direct,gtzan/gtzan_rock_00050/track.npy,gtzan,0.9811320754716981,0.9038527938371246,0.9038527938371246,0.9038527938371246,0.48148148148148145,0.9444444444444444,0.48148148148148145,0.9444444444444444,0.962962962962963,0.8916407362202476,0.8916407362202476,0.8916407362202476,0.7857142857142857,0.9285714285714286,0.7857142857142857,0.9285714285714286,64.0,0.031746031746031744,0.031746031746031744,1.5380820946520828,17.0,0.0625,0.0625,3.1589385776383794,0.0,/media/mengh/SharedData/zhanh/auto_structbeat/caches/pilot/mscnn_final_last_gtzan/gtzan__gtzan_rock_00050__track.npy.npz
mscnn_gtzan,direct,gtzan/gtzan_rock_00051/track.npy,gtzan,0.961038961038961,0.9267795745575906,0.9267795745575906,0.9267795745575906,0.35,0.925,0.35,0.925,0.9,0.8721303950633408,0.8721303950633408,0.8721303950633408,0.36363636363636365,0.8181818181818182,0.36363636363636365,0.8181818181818182,48.0,0.06382978723404255,0.06382978723404255,2.108775377757751,13.0,0.16666666666666666,0.16666666666666666,3.526360524616149,0.0,/media/mengh/SharedData/zhanh/auto_structbeat/caches/pilot/mscnn_final_last_gtzan/gtzan__gtzan_rock_00051__track.npy.npz
mscnn_gtzan,direct,gtzan/gtzan_rock_00052/track.npy,gtzan,1.0,0.9475503877327703,0.9475503877327703,0.9475503877327703,1.0,1.0,1.0,1.0,1.0,0.9251187767670419,0.9251187767670419,0.9251187767670419,1.0,1.0,1.0,1.0,48.0,0.0,0.0,0.06453852113757264,13.0,0.0,0.0,0.13333699334259963,0.0,/media/mengh/SharedData/zhanh/auto_structbeat/caches/pilot/mscnn_final_last_gtzan/gtzan__gtzan_rock_00052__track.npy.npz
mscnn_gtzan,direct,gtzan/gtzan_rock_00053/track.npy,gtzan,0.8771929824561403,0.8496402167277366,0.8496402167277366,0.8496402167277366,0.203125,0.78125,0.203125,0.78125,0.7586206896551724,0.7380140594628629,0.7380140594628629,0.7380140594628629,0.23529411764705882,0.47058823529411764,0.23529411764705882,0.47058823529411764,77.0,0.2236842105263158,0.2236842105263158,1.832581463748331,21.0,0.15,0.15,3.2198708579535182,0.0,/media/mengh/SharedData/zhanh/auto_structbeat/caches/pilot/mscnn_final_last_gtzan/gtzan__gtzan_rock_00053__track.npy.npz
mscnn_gtzan,direct,gtzan/gtzan_rock_00054/track.npy,gtzan,0.7272727272727272,0.5858018747817451,0.5858018747817451,0.5858018747817451,0.18518518518518517,0.42592592592592593,0.18518518518518517,0.42592592592592593,0.6666666666666667,0.5512490170836573,0.5512490170836573,0.5512490170836573,0.14285714285714285,0.38095238095238093,0.14285714285714285,0.38095238095238093,63.0,0.0,0.016129032258064516,1.074514737089058,24.0,0.0,0.043478260869565216,2.50644175683715,0.0,/media/mengh/SharedData/zhanh/auto_structbeat/caches/pilot/mscnn_final_last_gtzan/gtzan__gtzan_rock_00054__track.npy.npz
mscnn_gtzan,direct,gtzan/gtzan_rock_00055/track.npy,gtzan,0.9908256880733944,0.9463777720862346,0.9463777720862346,0.9463777720862346,0.9818181818181818,0.9818181818181818,0.9818181818181818,0.9818181818181818,1.0,0.9671292234382803,0.9671292234382803,0.9671292234382803,1.0,1.0,1.0,1.0,65.0,0.0,0.0,0.0870113769896314,17.0,0.0,0.0,0.2187550702721996,0.0,/media/mengh/SharedData/zhanh/auto_structbeat/caches/pilot/mscnn_final_last_gtzan/gtzan__gtzan_rock_00055__track.npy.npz
mscnn_gtzan,direct,gtzan/gtzan_rock_00056/track.npy,gtzan,1.0,0.8867019077829558,0.8867019077829558,0.8867019077829558,1.0,1.0,1.0,1.0,1.0,0.9808248046928315,0.9808248046928315,0.9808248046928315,1.0,1.0,1.0,1.0,69.0,0.0,0.0,0.2336148511815044,17.0,0.0,0.0,0.014989431148160436,0.0,/media/mengh/SharedData/zhanh/auto_structbeat/caches/pilot/mscnn_final_last_gtzan/gtzan__gtzan_rock_00056__track.npy.npz
mscnn_gtzan,direct,gtzan/gtzan_rock_00057/track.npy,gtzan,1.0,0.9798821611429982,0.9798821611429982,0.9798821611429982,1.0,1.0,1.0,1.0,0.896551724137931,0.873599109434874,0.873599109434874,0.873599109434874,0.25,0.625,0.25,0.625,64.0,0.015873015873015872,0.015873015873015872,0.08134050921303633,19.0,0.0,0.0,0.6973578623995128,0.0,/media/mengh/SharedData/zhanh/auto_structbeat/caches/pilot/mscnn_final_last_gtzan/gtzan__gtzan_rock_00057__track.npy.npz
mscnn_gtzan,direct,gtzan/gtzan_rock_00058/track.npy,gtzan,0.8627450980392156,0.613373712377641,0.613373712377641,0.613373712377641,0.5370370370370371,0.7592592592592593,0.5370370370370371,0.7592592592592593,0.6666666666666667,0.4933434982935411,0.5014811303795081,0.49741231433652466,0.2222222222222222,0.3888888888888889,0.2608695652173913,0.391304347826087,59.0,0.017241379310344827,0.05172413793103448,0.7665600246060287,21.0,0.0,0.0,0.7450625990797873,0.0,/media/mengh/SharedData/zhanh/auto_structbeat/caches/pilot/mscnn_final_last_gtzan/gtzan__gtzan_rock_00058__track.npy.npz
mscnn_gtzan,direct,gtzan/gtzan_rock_00059/track.npy,gtzan,0.8846153846153847,0.8320785933387753,0.8320785933387753,0.8320785933387753,0.19642857142857142,0.7142857142857143,0.19642857142857142,0.7142857142857143,0.823529411764706,0.7798805121882753,0.7798805121882753,0.7798805121882753,0.3888888888888889,0.6111111111111112,0.3888888888888889,0.6111111111111112,66.0,0.07692307692307693,0.07692307692307693,1.7047480922384453,21.0,0.0,0.0,1.123458424597959,0.0,/media/mengh/SharedData/zhanh/auto_structbeat/caches/pilot/mscnn_final_last_gtzan/gtzan__gtzan_rock_00059__track.npy.npz
mscnn_gtzan,direct,gtzan/gtzan_rock_00060/track.npy,gtzan,0.9736842105263158,0.8082561693533153,0.8082561693533153,0.8082561693533153,0.24358974358974358,0.8333333333333334,0.24358974358974358,0.8333333333333334,0.7804878048780488,0.6871834758892559,0.6871834758892559,0.6871834758892559,0.5217391304347826,0.5217391304347826,0.5217391304347826,0.5217391304347826,93.0,0.05434782608695652,0.05434782608695652,1.1786549963416295,29.0,0.0,0.0,0.7073318155519016,0.0,/media/mengh/SharedData/zhanh/auto_structbeat/caches/pilot/mscnn_final_last_gtzan/gtzan__gtzan_rock_00060__track.npy.npz
mscnn_gtzan,direct,gtzan/gtzan_rock_00061/track.npy,gtzan,0.20833333333333334,0.20252806232154183,0.694313615515266,0.44842083891840395,0.0,0.0,0.34,0.5,0.0,6.0626248188643936e-33,5.3890407189983775e-09,2.6945203594991887e-09,0.0,0.0,0.3333333333333333,0.4,53.0,0.0,0.0,1.2397752252937293,18.0,0.0,0.0,2.257552898617171,0.0,/media/mengh/SharedData/zhanh/auto_structbeat/caches/pilot/mscnn_final_last_gtzan/gtzan__gtzan_rock_00061__track.npy.npz
mscnn_gtzan,direct,gtzan/gtzan_rock_00062/track.npy,gtzan,0.9719626168224299,0.884688537473521,0.884688537473521,0.884688537473521,0.5272727272727272,0.9272727272727272,0.5272727272727272,0.9272727272727272,0.8387096774193548,0.7495318738484039,0.7495318738484039,0.7495318738484039,0.4444444444444444,0.4444444444444444,0.4444444444444444,0.4444444444444444,65.0,0.046875,0.046875,1.6533490601865906,22.0,0.0,0.0,1.1266181876682018,0.0,/media/mengh/SharedData/zhanh/auto_structbeat/caches/pilot/mscnn_final_last_gtzan/gtzan__gtzan_rock_00062__track.npy.npz
mscnn_gtzan,direct,gtzan/gtzan_rock_00063/track.npy,gtzan,0.8571428571428571,0.7655809749594067,0.7655809749594067,0.7655809749594067,0.3269230769230769,0.5192307692307693,0.3269230769230769,0.5192307692307693,0.787878787878788,0.7229987206722442,0.7756589108336612,0.7493288157529527,0.3,0.3,0.3,0.52,50.0,0.0,0.0,0.6514475168956168,23.0,0.0,0.0,0.7035099675954918,0.0,/media/mengh/SharedData/zhanh/auto_structbeat/caches/pilot/mscnn_final_last_gtzan/gtzan__gtzan_rock_00063__track.npy.npz
mscnn_gtzan,direct,gtzan/gtzan_rock_00064/track.npy,gtzan,0.8333333333333334,0.6947945246864915,0.6947945246864915,0.6947945246864915,0.14492753623188406,0.5942028985507246,0.14492753623188406,0.5942028985507246,0.1111111111111111,0.11477529226614624,0.1372945472238173,0.12603491974498177,0.0,0.0,0.04,0.04,81.0,0.0625,0.125,1.3862943611198904,29.0,0.0,0.03571428571428571,1.3065725801558197,0.0,/media/mengh/SharedData/zhanh/auto_structbeat/caches/pilot/mscnn_final_last_gtzan/gtzan__gtzan_rock_00064__track.npy.npz
mscnn_gtzan,direct,gtzan/gtzan_rock_00065/track.npy,gtzan,0.5783132530120482,0.5440972071421561,0.6126730106192374,0.5783851088806968,0.07017543859649122,0.17543859649122806,0.15789473684210525,0.2807017543859649,0.3846153846153846,0.3516812792048189,0.5898060548576476,0.47074366703123327,0.05263157894736842,0.05263157894736842,0.3157894736842105,0.47368421052631576,73.0,0.06944444444444445,0.20833333333333334,1.1547527679193037,27.0,0.07692307692307693,0.15384615384615385,2.449952257722508,0.0,/media/mengh/SharedData/zhanh/auto_structbeat/caches/pilot/mscnn_final_last_gtzan/gtzan__gtzan_rock_00065__track.npy.npz
mscnn_gtzan,direct,gtzan/gtzan_rock_00066/track.npy,gtzan,1.0,0.882404528842131,0.882404528842131,0.882404528842131,1.0,1.0,1.0,1.0,0.6666666666666666,0.5855217391871241,0.8747134894629698,0.730117614325047,0.0,0.0,0.9375,0.9375,38.0,0.0,0.0,0.03198421994611187,19.0,0.0,0.0,0.015386285465584406,0.0,/media/mengh/SharedData/zhanh/auto_structbeat/caches/pilot/mscnn_final_last_gtzan/gtzan__gtzan_rock_00066__track.npy.npz
mscnn_gtzan,direct,gtzan/gtzan_rock_00067/track.npy,gtzan,1.0,0.9309669542682154,0.9309669542682154,0.9309669542682154,1.0,1.0,1.0,1.0,0.2608695652173913,0.2443311286827465,0.6802898475361864,0.46231048810946646,0.25,0.25,0.5833333333333334,0.5833333333333334,53.0,0.0,0.0,0.03636764417086924,14.0,0.0,0.0,0.6971472068977052,0.0,/media/mengh/SharedData/zhanh/auto_structbeat/caches/pilot/mscnn_final_last_gtzan/gtzan__gtzan_rock_00067__track.npy.npz
mscnn_gtzan,direct,gtzan/gtzan_rock_00068/track.npy,gtzan,1.0,0.9456108215179356,0.9456108215179356,0.9456108215179356,1.0,1.0,1.0,1.0,0.5161290322580646,0.4777052759376595,0.4777052759376595,0.4777052759376595,0.17647058823529413,0.23529411764705882,0.17647058823529413,0.23529411764705882,63.0,0.0,0.0,0.08338160893905111,16.0,0.0,0.0,1.2233326634418078,0.0,/media/mengh/SharedData/zhanh/auto_structbeat/caches/pilot/mscnn_final_last_gtzan/gtzan__gtzan_rock_00068__track.npy.npz
mscnn_gtzan,direct,gtzan/gtzan_rock_00069/track.npy,gtzan,0.88,0.8136300474202943,0.8136300474202943,0.8136300474202943,0.37142857142857144,0.6,0.37142857142857144,0.6,0.7727272727272727,0.6978993850655951,0.6978993850655951,0.6978993850655951,0.2916666666666667,0.5833333333333334,0.2916666666666667,0.5833333333333334,69.0,0.0,0.0,0.7503055943998943,25.0,0.0,0.0,0.6801230256003739,0.0,/media/mengh/SharedData/zhanh/auto_structbeat/caches/pilot/mscnn_final_last_gtzan/gtzan__gtzan_rock_00069__track.npy.npz
mscnn_gtzan,direct,gtzan/gtzan_rock_00070/track.npy,gtzan,0.9640287769784173,0.9094855398099357,0.9094855398099357,0.9094855398099357,0.37142857142857144,0.8857142857142857,0.37142857142857144,0.8857142857142857,0.6666666666666666,0.631801168237354,0.7080423566754985,0.6699217624564262,0.08333333333333333,0.20833333333333334,0.1111111111111111,0.3333333333333333,84.0,0.0,0.04819277108433735,0.6931471805599475,23.0,0.0,0.045454545454545456,2.5055259369907352,0.0,/media/mengh/SharedData/zhanh/auto_structbeat/caches/pilot/mscnn_final_last_gtzan/gtzan__gtzan_rock_00070__track.npy.npz
mscnn_gtzan,direct,gtzan/gtzan_rock_00071/track.npy,gtzan,0.9782608695652174,0.9133365131158568,0.9133365131158568,0.9133365131158568,1.0,1.0,1.0,1.0,1.0,0.9446356459150382,0.9446356459150382,0.9446356459150382,1.0,1.0,1.0,1.0,56.0,0.0,0.0,0.07410797215372247,15.0,0.0,0.0,0.2884741520312696,0.0,/media/mengh/SharedData/zhanh/auto_structbeat/caches/pilot/mscnn_final_last_gtzan/gtzan__gtzan_rock_00071__track.npy.npz
mscnn_gtzan,direct,gtzan/gtzan_rock_00072/track.npy,gtzan,0.9767441860465117,0.9432057768961276,0.9432057768961276,0.9432057768961276,0.9545454545454546,0.9545454545454546,0.9545454545454546,0.9545454545454546,1.0,0.9712525300477598,0.9712525300477598,0.9712525300477598,1.0,1.0,1.0,1.0,52.0,0.0,0.0,0.0689928714869512,13.0,0.0,0.0,0.012949934588810552,0.0,/media/mengh/SharedData/zhanh/auto_structbeat/caches/pilot/mscnn_final_last_gtzan/gtzan__gtzan_rock_00072__track.npy.npz
mscnn_gtzan,direct,gtzan/gtzan_rock_00073/track.npy,gtzan,1.0,0.9722997251757297,0.9722997251757297,0.9722997251757297,1.0,1.0,1.0,1.0,1.0,0.9685853702831977,0.9685853702831977,0.9685853702831977,1.0,1.0,1.0,1.0,47.0,0.0,0.0,0.03174869831458428,12.0,0.0,0.0,0.00784317746102654,0.0,/media/mengh/SharedData/zhanh/auto_structbeat/caches/pilot/mscnn_final_last_gtzan/gtzan__gtzan_rock_00073__track.npy.npz
mscnn_gtzan,direct,gtzan/gtzan_rock_00074/track.npy,gtzan,0.9782608695652174,0.9513947649810699,0.9513947649810699,0.9513947649810699,0.44680851063829785,0.9148936170212766,0.44680851063829785,0.9148936170212766,0.64,0.6094667691210169,0.6932456506199594,0.6513562098704881,0.3076923076923077,0.5384615384615384,0.3076923076923077,0.5384615384615384,54.0,0.0,0.0,0.6544528432538124,15.0,0.0,0.0,0.6838447878976336,0.0,/media/mengh/SharedData/zhanh/auto_structbeat/caches/pilot/mscnn_final_last_gtzan/gtzan__gtzan_rock_00074__track.npy.npz
mscnn_gtzan,direct,gtzan/gtzan_rock_00075/track.npy,gtzan,1.0,0.9707361423237424,0.9707361423237424,0.9707361423237424,1.0,1.0,1.0,1.0,1.0,0.9667680697894115,0.9667680697894115,0.9667680697894115,1.0,1.0,1.0,1.0,60.0,0.0,0.0,0.08004270767353472,15.0,0.0,0.0,0.02000066670667089,0.0,/media/mengh/SharedData/zhanh/auto_structbeat/caches/pilot/mscnn_final_last_gtzan/gtzan__gtzan_rock_00075__track.npy.npz
mscnn_gtzan,direct,gtzan/gtzan_rock_00076/track.npy,gtzan,1.0,0.9749161727562223,0.9749161727562223,0.9749161727562223,1.0,1.0,1.0,1.0,1.0,0.9831744403414057,0.9831744403414057,0.9831744403414057,1.0,1.0,1.0,1.0,48.0,0.0,0.0,0.03174869831458238,12.0,0.0,0.0,0.012385864082672046,0.0,/media/mengh/SharedData/zhanh/auto_structbeat/caches/pilot/mscnn_final_last_gtzan/gtzan__gtzan_rock_00076__track.npy.npz
mscnn_gtzan,direct,gtzan/gtzan_rock_00077/track.npy,gtzan,0.9662921348314608,0.9202986797180855,0.9202986797180855,0.9202986797180855,0.9555555555555556,0.9555555555555556,0.9555555555555556,0.9555555555555556,1.0,0.9632119888905504,0.9632119888905504,0.9632119888905504,1.0,1.0,1.0,1.0,53.0,0.0,0.0,0.07145896398214585,13.0,0.0,0.0,0.017857617400006076,0.0,/media/mengh/SharedData/zhanh/auto_structbeat/caches/pilot/mscnn_final_last_gtzan/gtzan__gtzan_rock_00077__track.npy.npz
mscnn_gtzan,direct,gtzan/gtzan_rock_00078/track.npy,gtzan,1.0,0.9741695221335278,0.9741695221335278,0.9741695221335278,1.0,1.0,1.0,1.0,1.0,0.9799667906970282,0.9799667906970282,0.9799667906970282,1.0,1.0,1.0,1.0,49.0,0.0,0.0,0.06453852113756979,13.0,0.0,0.0,0.016260520871780593,0.0,/media/mengh/SharedData/zhanh/auto_structbeat/caches/pilot/mscnn_final_last_gtzan/gtzan__gtzan_rock_00078__track.npy.npz
mscnn_gtzan,direct,gtzan/gtzan_rock_00079/track.npy,gtzan,1.0,0.987550714490363,0.987550714490363,0.987550714490363,1.0,1.0,1.0,1.0,1.0,0.9854473270740267,0.9854473270740267,0.9854473270740267,1.0,1.0,1.0,1.0,63.0,0.0,0.0,0.04255961441880263,18.0,0.0,0.0,0.18114027004045907,0.0,/media/mengh/SharedData/zhanh/auto_structbeat/caches/pilot/mscnn_final_last_gtzan/gtzan__gtzan_rock_00079__track.npy.npz
mscnn_gtzan,direct,gtzan/gtzan_rock_00080/track.npy,gtzan,1.0,0.9677423269154513,0.9677423269154513,0.9677423269154513,1.0,1.0,1.0,1.0,0.8333333333333334,0.7883958213081227,0.7883958213081227,0.7883958213081227,0.8333333333333334,0.8333333333333334,0.8333333333333334,0.8333333333333334,59.0,0.0,0.0,0.03922071315328459,15.0,0.0,0.0,0.6931471805599453,0.0,/media/mengh/SharedData/zhanh/auto_structbeat/caches/pilot/mscnn_final_last_gtzan/gtzan__gtzan_rock_00080__track.npy.npz
mscnn_gtzan,direct,gtzan/gtzan_rock_00081/track.npy,gtzan,1.0,0.9537527871464198,0.9537527871464198,0.9537527871464198,1.0,1.0,1.0,1.0,0.9600000000000001,0.9223776399628362,0.9223776399628362,0.9223776399628362,0.7692307692307693,0.7692307692307693,0.7692307692307693,0.7692307692307693,60.0,0.0,0.0,0.040821994520261584,17.0,0.0,0.0,0.6961322798158953,0.0,/media/mengh/SharedData/zhanh/auto_structbeat/caches/pilot/mscnn_final_last_gtzan/gtzan__gtzan_rock_00081__track.npy.npz
mscnn_gtzan,direct,gtzan/gtzan_rock_00082/track.npy,gtzan,1.0,0.9416637659940613,0.9416637659940613,0.9416637659940613,1.0,1.0,1.0,1.0,1.0,0.9381016730871014,0.9381016730871014,0.9381016730871014,1.0,1.0,1.0,1.0,50.0,0.0,0.0,0.032789822822995036,15.0,0.0,0.0,0.29533976403386336,0.0,/media/mengh/SharedData/zhanh/auto_structbeat/caches/pilot/mscnn_final_last_gtzan/gtzan__gtzan_rock_00082__track.npy.npz
mscnn_gtzan,direct,gtzan/gtzan_rock_00083/track.npy,gtzan,1.0,0.9702242458085969,0.9702242458085969,0.9702242458085969,1.0,1.0,1.0,1.0,1.0,0.967331732365415,0.967331732365415,0.967331732365415,1.0,1.0,1.0,1.0,61.0,0.0,0.0,0.040821994520258274,15.0,0.0,0.0,0.010152371464019061,0.0,/media/mengh/SharedData/zhanh/auto_structbeat/caches/pilot/mscnn_final_last_gtzan/gtzan__gtzan_rock_00083__track.npy.npz
mscnn_gtzan,direct,gtzan/gtzan_rock_00084/track.npy,gtzan,1.0,0.9647199921084938,0.9647199921084938,0.9647199921084938,1.0,1.0,1.0,1.0,1.0,0.9516246453438125,0.9516246453438125,0.9516246453438125,1.0,1.0,1.0,1.0,65.0,0.0,0.0,0.044262547755637004,17.0,0.0,0.0,0.021506205220964015,0.0,/media/mengh/SharedData/zhanh/auto_structbeat/caches/pilot/mscnn_final_last_gtzan/gtzan__gtzan_rock_00084__track.npy.npz
mscnn_gtzan,direct,gtzan/gtzan_rock_00085/track.npy,gtzan,1.0,0.9030904955430602,0.9030904955430602,0.9030904955430602,1.0,1.0,1.0,1.0,0.9565217391304348,0.8663520458895241,0.8663520458895241,0.8663520458895241,0.75,0.75,0.75,0.75,49.0,0.0,0.0,0.06669137449867063,14.0,0.0,0.0,0.7042588562256121,0.0,/media/mengh/SharedData/zhanh/auto_structbeat/caches/pilot/mscnn_final_last_gtzan/gtzan__gtzan_rock_00085__track.npy.npz
mscnn_gtzan,direct,gtzan/gtzan_rock_00086/track.npy,gtzan,0.9038461538461537,0.8471145541961875,0.8471145541961875,0.8471145541961875,0.509090909090909,0.7636363636363637,0.509090909090909,0.7636363636363637,0.47058823529411764,0.44261315562700493,0.5270827856757172,0.4848479706513611,0.19047619047619047,0.19047619047619047,0.2,0.32,62.0,0.0,0.01639344262295082,0.6516166015261511,27.0,0.0,0.0,0.9415298426228901,0.0,/media/mengh/SharedData/zhanh/auto_structbeat/caches/pilot/mscnn_final_last_gtzan/gtzan__gtzan_rock_00086__track.npy.npz
mscnn_gtzan,direct,gtzan/gtzan_rock_00087/track.npy,gtzan,0.9908256880733944,0.9295715084403362,0.9295715084403362,0.9295715084403362,0.9818181818181818,0.9818181818181818,0.9818181818181818,0.9818181818181818,0.9285714285714286,0.8729690859756081,0.8729690859756081,0.8729690859756081,0.7857142857142857,0.7857142857142857,0.7857142857142857,0.7857142857142857,65.0,0.0,0.0,0.044451762570840825,17.0,0.0,0.0,0.7040297726888715,0.0,/media/mengh/SharedData/zhanh/auto_structbeat/caches/pilot/mscnn_final_last_gtzan/gtzan__gtzan_rock_00087__track.npy.npz
mscnn_gtzan,direct,gtzan/gtzan_rock_00088/track.npy,gtzan,1.0,0.9378876387213066,0.9378876387213066,0.9378876387213066,1.0,1.0,1.0,1.0,0.8695652173913044,0.8266649493110529,0.8266649493110529,0.8266649493110529,0.38461538461538464,0.5384615384615384,0.38461538461538464,0.5384615384615384,46.0,0.0,0.0,0.060624621816434146,16.0,0.0,0.0,0.6963126617080898,0.0,/media/mengh/SharedData/zhanh/auto_structbeat/caches/pilot/mscnn_final_last_gtzan/gtzan__gtzan_rock_00088__track.npy.npz
mscnn_gtzan,direct,gtzan/gtzan_rock_00089/track.npy,gtzan,1.0,0.9607147161892209,0.9607147161892209,0.9607147161892209,1.0,1.0,1.0,1.0,1.0,0.9599255731737479,0.9599255731737479,0.9599255731737479,1.0,1.0,1.0,1.0,54.0,0.0,0.0,0.03636764417088045,15.0,0.0,0.0,0.29188828963286373,0.0,/media/mengh/SharedData/zhanh/auto_structbeat/caches/pilot/mscnn_final_last_gtzan/gtzan__gtzan_rock_00089__track.npy.npz
mscnn_gtzan,direct,gtzan/gtzan_rock_00090/track.npy,gtzan,0.9803921568627451,0.9413128152476227,0.9413128152476227,0.9413128152476227,0.9615384615384616,0.9615384615384616,0.9615384615384616,0.9615384615384616,0.962962962962963,0.9300813296055445,0.9300813296055445,0.9300813296055445,0.9285714285714286,0.9285714285714286,0.9285714285714286,0.9285714285714286,62.0,0.0,0.0,0.08510168027491763,17.0,0.0,0.0,0.6011049662976409,0.0,/media/mengh/SharedData/zhanh/auto_structbeat/caches/pilot/mscnn_final_last_gtzan/gtzan__gtzan_rock_00090__track.npy.npz
mscnn_gtzan,direct,gtzan/gtzan_rock_00091/track.npy,gtzan,0.9193548387096774,0.7304819896986685,0.7304819896986685,0.7304819896986685,0.515625,0.828125,0.515625,0.828125,1.0,0.859565990456214,0.859565990456214,0.859565990456214,1.0,1.0,1.0,1.0,76.0,0.05333333333333334,0.05333333333333334,1.2998573729066738,18.0,0.0,0.0,0.029980175931609232,0.0,/media/mengh/SharedData/zhanh/auto_structbeat/caches/pilot/mscnn_final_last_gtzan/gtzan__gtzan_rock_00091__track.npy.npz
mscnn_gtzan,direct,gtzan/gtzan_rock_00092/track.npy,gtzan,0.8029197080291971,0.7694365679816508,0.7694365679816508,0.7694365679816508,0.2073170731707317,0.35365853658536583,0.2073170731707317,0.35365853658536583,0.8387096774193548,0.8091866852494325,0.8091866852494325,0.8091866852494325,0.2777777777777778,0.6666666666666666,0.2777777777777778,0.6666666666666666,93.0,0.010869565217391304,0.21739130434782608,0.7375989431307832,21.0,0.0,0.0,2.1140571407716995,0.0,/media/mengh/SharedData/zhanh/auto_structbeat/caches/pilot/mscnn_final_last_gtzan/gtzan__gtzan_rock_00092__track.npy.npz
mscnn_gtzan,direct,gtzan/gtzan_rock_00093/track.npy,gtzan,0.9885057471264368,0.8715195752407042,0.8715195752407042,0.8715195752407042,0.9772727272727273,0.9772727272727273,0.9772727272727273,0.9772727272727273,1.0,0.8919838752122335,0.8919838752122335,0.8919838752122335,1.0,1.0,1.0,1.0,53.0,0.0,0.0,0.0689928714869561,14.0,0.0,0.0,0.35835928256573335,0.0,/media/mengh/SharedData/zhanh/auto_structbeat/caches/pilot/mscnn_final_last_gtzan/gtzan__gtzan_rock_00093__track.npy.npz
mscnn_gtzan,direct,gtzan/gtzan_rock_00094/track.npy,gtzan,0.6470588235294118,0.5677181330230259,0.6485064968476447,0.6081123149353354,0.42857142857142855,0.42857142857142855,0.42857142857142855,0.42857142857142855,0.3870967741935484,0.3591840634390924,0.3908532884371273,0.3750186759381099,0.05263157894736842,0.10526315789473684,0.15789473684210525,0.15789473684210525,69.0,0.029411764705882353,0.10294117647058823,0.8972955310286839,23.0,0.045454545454545456,0.09090909090909091,1.9676501356917195,0.0,/media/mengh/SharedData/zhanh/auto_structbeat/caches/pilot/mscnn_final_last_gtzan/gtzan__gtzan_rock_00094__track.npy.npz
mscnn_gtzan,direct,gtzan/gtzan_rock_00095/track.npy,gtzan,0.5411764705882354,0.4970923738649041,0.5923088251319996,0.5447005994984518,0.5116279069767442,0.5116279069767442,0.5116279069767442,0.5116279069767442,0.5454545454545454,0.5036879186879695,0.5036879186879695,0.5036879186879695,0.8333333333333334,0.8333333333333334,0.8333333333333334,0.8333333333333334,52.0,0.0,0.0,0.06899287148695335,17.0,0.0,0.0,1.1747464449009393,0.0,/media/mengh/SharedData/zhanh/auto_structbeat/caches/pilot/mscnn_final_last_gtzan/gtzan__gtzan_rock_00095__track.npy.npz
mscnn_gtzan,direct,gtzan/gtzan_rock_00096/track.npy,gtzan,1.0,0.9150653824924181,0.9150653824924181,0.9150653824924181,1.0,1.0,1.0,1.0,1.0,0.9169060597762201,0.9169060597762201,0.9169060597762201,1.0,1.0,1.0,1.0,59.0,0.0,0.0,0.07696104113612875,15.0,0.0,0.0,0.2760332580110699,0.0,/media/mengh/SharedData/zhanh/auto_structbeat/caches/pilot/mscnn_final_last_gtzan/gtzan__gtzan_rock_00096__track.npy.npz
mscnn_gtzan,direct,gtzan/gtzan_rock_00097/track.npy,gtzan,0.9906542056074767,0.9352925589776292,0.9352925589776292,0.9352925589776292,0.9814814814814815,0.9814814814814815,0.9814814814814815,0.9814814814814815,1.0,0.9389808441976897,0.9389808441976897,0.9389808441976897,1.0,1.0,1.0,1.0,65.0,0.0,0.0,0.04255961441880225,17.0,0.0,0.0,0.21237040548074498,0.0,/media/mengh/SharedData/zhanh/auto_structbeat/caches/pilot/mscnn_final_last_gtzan/gtzan__gtzan_rock_00097__track.npy.npz
mscnn_gtzan,direct,gtzan/gtzan_rock_00098/track.npy,gtzan,0.8163265306122449,0.7237220172738047,0.7237220172738047,0.7237220172738047,0.3269230769230769,0.6538461538461539,0.3269230769230769,0.6538461538461539,0.6896551724137931,0.5979722778645757,0.5979722778645757,0.5979722778645757,0.17647058823529413,0.47058823529411764,0.17647058823529413,0.47058823529411764,61.0,0.016666666666666666,0.016666666666666666,1.0277128465928438,19.0,0.0,0.0,1.2302566753121953,0.0,/media/mengh/SharedData/zhanh/auto_structbeat/caches/pilot/mscnn_final_last_gtzan/gtzan__gtzan_rock_00098__track.npy.npz
mscnn_gtzan,direct,gtzan/gtzan_rock_00099/track.npy,gtzan,0.6407766990291263,0.560893752928332,0.6094207088972614,0.5851572309127967,0.2692307692307692,0.5961538461538461,0.3269230769230769,0.5961538461538461,0.125,0.11420570658692784,0.3726560920196514,0.24343089930328962,0.15789473684210525,0.15789473684210525,0.15789473684210525,0.21052631578947367,73.0,0.013888888888888888,0.041666666666666664,0.7135581778200724,25.0,0.0,0.041666666666666664,2.160997339444113,0.0,/media/mengh/SharedData/zhanh/auto_structbeat/caches/pilot/mscnn_final_last_gtzan/gtzan__gtzan_rock_00099__track.npy.npz
