panel,method,piece,dataset,beat_fmeasure,beat_cemgil,beat_cemgil_max,beat_cemgil_bt_legacy,beat_cmlc,beat_cmlt,beat_amlc,beat_amlt,downbeat_fmeasure,downbeat_cemgil,downbeat_cemgil_max,downbeat_cemgil_bt_legacy,downbeat_cmlc,downbeat_cmlt,downbeat_amlc,downbeat_amlt,beat_diag_count,beat_diag_ibi_lt_140ms,beat_diag_ibi_lt_200ms,beat_diag_log_ibi_jump_p95,downbeat_diag_count,downbeat_diag_ibi_lt_140ms,downbeat_diag_ibi_lt_200ms,downbeat_diag_log_ibi_jump_p95,downbeats_off_beat,source_path
mscnn_gtzan,no_safeguard,gtzan/gtzan_blues_00000/track.npy,gtzan,0.9811320754716981,0.7436868897283994,0.7436868897283994,0.7436868897283994,0.9811320754716981,0.9811320754716981,0.9811320754716981,0.9811320754716981,0.6341463414634146,0.4813346900172776,0.7057492829723505,0.593541986494814,0.0,0.0,1.0,1.0,63.0,0.0,0.0,0.04255961441880263,32.0,0.0,0.0,0.021053409197835646,0.0,/media/mengh/SharedData/zhanh/auto_structbeat/caches/pilot/mscnn_final_last_gtzan/gtzan__gtzan_blues_00000__track.npy.npz
mscnn_gtzan,no_safeguard,gtzan/gtzan_blues_00001/track.npy,gtzan,1.0,0.9142328439899737,0.9142328439899737,0.9142328439899737,1.0,1.0,1.0,1.0,1.0,0.9076734606343045,0.9076734606343045,0.9076734606343045,1.0,1.0,1.0,1.0,35.0,0.0,0.0,0.5346513721724216,8.0,0.0,0.0,0.031220616486542452,0.0,/media/mengh/SharedData/zhanh/auto_structbeat/caches/pilot/mscnn_final_last_gtzan/gtzan__gtzan_blues_00001__track.npy.npz
mscnn_gtzan,no_safeguard,gtzan/gtzan_blues_00002/track.npy,gtzan,0.9923664122137404,0.8717433522636846,0.8717433522636846,0.8717433522636846,0.9848484848484849,0.9848484848484849,0.9848484848484849,0.9848484848484849,0.9696969696969697,0.8229020872584605,0.8229020872584605,0.8229020872584605,0.9411764705882353,0.9411764705882353,0.9411764705882353,0.9411764705882353,79.0,0.0,0.0,0.1053605156578163,20.0,0.0,0.0,0.026317308317373007,0.0,/media/mengh/SharedData/zhanh/auto_structbeat/caches/pilot/mscnn_final_last_gtzan/gtzan__gtzan_blues_00002__track.npy.npz
mscnn_gtzan,no_safeguard,gtzan/gtzan_blues_00003/track.npy,gtzan,0.8813559322033898,0.7950750603736144,0.7950750603736144,0.7950750603736144,0.5151515151515151,0.5757575757575758,0.5151515151515151,0.5757575757575758,0.0,2.0286657806298868e-119,0.48716760047423646,0.24358380023711823,0.0,0.0,0.42857142857142855,0.42857142857142855,39.0,0.0,0.0,0.7060548847874637,8.0,0.0,0.0,0.2915781851096085,0.0,/media/mengh/SharedData/zhanh/auto_structbeat/caches/pilot/mscnn_final_last_gtzan/gtzan__gtzan_blues_00003__track.npy.npz
mscnn_gtzan,no_safeguard,gtzan/gtzan_blues_00004/track.npy,gtzan,0.9642857142857143,0.8540677994606802,0.8540677994606802,0.8540677994606802,1.0,1.0,1.0,1.0,0.9285714285714286,0.8490588071046148,0.8490588071046148,0.8490588071046148,1.0,1.0,1.0,1.0,67.0,0.0,0.0,0.044451762570840825,17.0,0.0,0.0,0.03300968358768734,0.0,/media/mengh/SharedData/zhanh/auto_structbeat/caches/pilot/mscnn_final_last_gtzan/gtzan__gtzan_blues_00004__track.npy.npz
mscnn_gtzan,no_safeguard,gtzan/gtzan_blues_00005/track.npy,gtzan,0.8771929824561403,0.7691756363589408,0.7691756363589408,0.7691756363589408,0.9655172413793104,0.9655172413793104,0.9655172413793104,0.9655172413793104,0.18181818181818182,0.17727366823607563,0.243751293824604,0.21051248103033982,0.0,0.0,0.75,0.75,34.0,0.0,0.0,0.033399841910147304,5.0,0.0,0.0,0.013140995672441425,0.0,/media/mengh/SharedData/zhanh/auto_structbeat/caches/pilot/mscnn_final_last_gtzan/gtzan__gtzan_blues_00005__track.npy.npz
mscnn_gtzan,no_safeguard,gtzan/gtzan_blues_00006/track.npy,gtzan,0.6785714285714285,0.5507077135647538,0.5507077135647538,0.5507077135647538,0.2903225806451613,0.5161290322580645,0.2903225806451613,0.5161290322580645,0.5333333333333333,0.45462948407840365,0.45462948407840365,0.45462948407840365,0.625,0.625,0.625,0.625,31.0,0.0,0.0,0.6805683983530846,8.0,0.0,0.0,0.4630060679435782,0.0,/media/mengh/SharedData/zhanh/auto_structbeat/caches/pilot/mscnn_final_last_gtzan/gtzan__gtzan_blues_00006__track.npy.npz
mscnn_gtzan,no_safeguard,gtzan/gtzan_blues_00007/track.npy,gtzan,0.9230769230769231,0.8346130120306827,0.8346130120306827,0.8346130120306827,0.6923076923076923,0.8974358974358975,0.6923076923076923,0.8974358974358975,0.8421052631578948,0.7324739244637652,0.7324739244637652,0.7324739244637652,0.9,0.9,0.9,0.9,47.0,0.0,0.0,0.24862032198763265,11.0,0.0,0.0,0.1565879704572891,0.0,/media/mengh/SharedData/zhanh/auto_structbeat/caches/pilot/mscnn_final_last_gtzan/gtzan__gtzan_blues_00007__track.npy.npz
mscnn_gtzan,no_safeguard,gtzan/gtzan_blues_00008/track.npy,gtzan,0.971830985915493,0.9058908244643985,0.9058908244643985,0.9058908244643985,0.971830985915493,0.971830985915493,0.971830985915493,0.971830985915493,0.6153846153846153,0.5754127958479519,0.6621581747537758,0.6187854853008639,0.36363636363636365,0.36363636363636365,0.36363636363636365,0.36363636363636365,85.0,0.0,0.0,0.11122563511022421,29.0,0.0,0.0,0.6988805524618931,0.0,/media/mengh/SharedData/zhanh/auto_structbeat/caches/pilot/mscnn_final_last_gtzan/gtzan__gtzan_blues_00008__track.npy.npz
mscnn_gtzan,no_safeguard,gtzan/gtzan_blues_00009/track.npy,gtzan,0.8358208955223881,0.6692486795637898,0.6692486795637898,0.6692486795637898,0.9705882352941176,0.9705882352941176,0.9705882352941176,0.9705882352941176,0.15384615384615383,0.14340038343992656,0.23302562308988065,0.1882130032649036,0.0,0.0,0.75,0.75,41.0,0.0,0.0,0.10851478968723198,5.0,0.0,0.0,0.02343857297201766,0.0,/media/mengh/SharedData/zhanh/auto_structbeat/caches/pilot/mscnn_final_last_gtzan/gtzan__gtzan_blues_00009__track.npy.npz
mscnn_gtzan,no_safeguard,gtzan/gtzan_blues_00010/track.npy,gtzan,0.6732673267326732,0.6308619914215782,0.9184487108346575,0.7746553511281178,0.0,0.0,0.5074626865671642,0.9402985074626866,0.0,1.9283619316732736e-16,9.890290845610864e-13,4.946109603771269e-13,0.0,0.0,0.0,0.0,80.0,0.0,0.0,0.2541613367607168,20.0,0.0,0.0,0.7029545944493755,0.0,/media/mengh/SharedData/zhanh/auto_structbeat/caches/pilot/mscnn_final_last_gtzan/gtzan__gtzan_blues_00010__track.npy.npz
mscnn_gtzan,no_safeguard,gtzan/gtzan_blues_00011/track.npy,gtzan,0.8979591836734694,0.8085616833910085,0.8085616833910085,0.8085616833910085,0.84,0.84,0.84,0.84,0.26666666666666666,0.2256003195089839,0.2256003195089839,0.2256003195089839,0.0,0.0,0.0,0.0,29.0,0.0,0.0,0.0500112773124687,4.0,0.0,0.0,0.002649008171577072,0.0,/media/mengh/SharedData/zhanh/auto_structbeat/caches/pilot/mscnn_final_last_gtzan/gtzan__gtzan_blues_00011__track.npy.npz
mscnn_gtzan,no_safeguard,gtzan/gtzan_blues_00012/track.npy,gtzan,0.8717948717948718,0.7682424625357918,0.7682424625357918,0.7682424625357918,0.8205128205128205,0.9743589743589743,0.8205128205128205,0.9743589743589743,0.6206896551724138,0.4787020011487625,0.7212798652945723,0.5999909332216674,0.0,0.0,1.0,1.0,47.0,0.0,0.0,0.06252035698133715,23.0,0.0,0.0,0.03174869831458102,0.0,/media/mengh/SharedData/zhanh/auto_structbeat/caches/pilot/mscnn_final_last_gtzan/gtzan__gtzan_blues_00012__track.npy.npz
mscnn_gtzan,no_safeguard,gtzan/gtzan_blues_00013/track.npy,gtzan,0.6165413533834586,0.5259358681776234,0.7627778944802392,0.6443568813289313,0.011363636363636364,0.011363636363636364,0.6292134831460674,0.7415730337078652,0.11764705882352942,0.10750531707654395,0.17075803401894918,0.13913167554774658,0.0,0.0,0.21739130434782608,0.21739130434782608,100.0,0.0,0.030303030303030304,0.5470691009507519,24.0,0.0,0.0,0.33324531056433476,0.0,/media/mengh/SharedData/zhanh/auto_structbeat/caches/pilot/mscnn_final_last_gtzan/gtzan__gtzan_blues_00013__track.npy.npz
mscnn_gtzan,no_safeguard,gtzan/gtzan_blues_00014/track.npy,gtzan,0.9428571428571428,0.8124577268217132,0.8124577268217132,0.8124577268217132,1.0,1.0,1.0,1.0,0.56,0.43153320304322124,0.5655680794169916,0.4985506412301064,0.0,0.0,0.8823529411764706,0.8823529411764706,42.0,0.0,0.0,0.12700792746720815,21.0,0.0,0.0,0.07830439206362362,0.0,/media/mengh/SharedData/zhanh/auto_structbeat/caches/pilot/mscnn_final_last_gtzan/gtzan__gtzan_blues_00014__track.npy.npz
mscnn_gtzan,no_safeguard,gtzan/gtzan_blues_00015/track.npy,gtzan,0.926829268292683,0.805817867368743,0.805817867368743,0.805817867368743,0.6829268292682927,0.9512195121951219,0.6829268292682927,0.9512195121951219,0.380952380952381,0.3541186240255594,0.3656349690506844,0.3598767965381219,0.2727272727272727,0.2727272727272727,0.2727272727272727,0.2727272727272727,49.0,0.0,0.0,0.0660455184903453,12.0,0.0,0.0,0.0754030141803013,0.0,/media/mengh/SharedData/zhanh/auto_structbeat/caches/pilot/mscnn_final_last_gtzan/gtzan__gtzan_blues_00015__track.npy.npz
mscnn_gtzan,no_safeguard,gtzan/gtzan_blues_00016/track.npy,gtzan,0.6722689075630252,0.5465547625133873,0.7585398371981128,0.65254729985575,0.06493506493506493,0.06493506493506493,0.43373493975903615,0.7831325301204819,0.5714285714285715,0.47488183972478565,0.730867438132885,0.6028746389288353,0.0,0.0,0.48,0.56,94.0,0.0,0.0,0.13353139262452865,30.0,0.0,0.0,0.46296302153285096,0.0,/media/mengh/SharedData/zhanh/auto_structbeat/caches/pilot/mscnn_final_last_gtzan/gtzan__gtzan_blues_00016__track.npy.npz
mscnn_gtzan,no_safeguard,gtzan/gtzan_blues_00017/track.npy,gtzan,0.9859154929577465,0.8015607063718425,0.8015607063718425,0.8015607063718425,0.7887323943661971,0.9577464788732394,0.7887323943661971,0.9577464788732394,0.0,8.549548930558413e-16,1.7121884214304977e-12,8.565216881617767e-13,0.0,0.0,0.0,0.0,82.0,0.0,0.0,0.14514269905322302,21.0,0.0,0.0,0.05715841383994512,0.0,/media/mengh/SharedData/zhanh/auto_structbeat/caches/pilot/mscnn_final_last_gtzan/gtzan__gtzan_blues_00017__track.npy.npz
mscnn_gtzan,no_safeguard,gtzan/gtzan_blues_00018/track.npy,gtzan,0.8695652173913043,0.6904812133133891,0.6904812133133891,0.6904812133133891,0.9714285714285714,0.9714285714285714,0.9714285714285714,0.9714285714285714,0.6153846153846153,0.5014500423697579,0.6563421441750404,0.5788960932723992,0.0,0.0,1.0,1.0,42.0,0.0,0.0,0.05841239805980329,21.0,0.0,0.0,0.05954388401976265,0.0,/media/mengh/SharedData/zhanh/auto_structbeat/caches/pilot/mscnn_final_last_gtzan/gtzan__gtzan_blues_00018__track.npy.npz
mscnn_gtzan,no_safeguard,gtzan/gtzan_blues_00019/track.npy,gtzan,0.5174825174825176,0.4333426815914538,0.7446330690578208,0.5889878753246373,0.0,0.0,0.49504950495049505,0.6435643564356436,0.16666666666666669,0.09764823116384629,0.12586156525575823,0.11175489820980225,0.0,0.0,0.2,0.2,113.0,0.0,0.026785714285714284,0.25176316064219206,28.0,0.0,0.0,0.5102529744941163,0.0,/media/mengh/SharedData/zhanh/auto_structbeat/caches/pilot/mscnn_final_last_gtzan/gtzan__gtzan_blues_00019__track.npy.npz
mscnn_gtzan,no_safeguard,gtzan/gtzan_blues_00020/track.npy,gtzan,0.593939393939394,0.5011644218370727,0.7027462322339831,0.6019553270355279,0.009259259259259259,0.037037037037037035,0.1592920353982301,0.584070796460177,0.058823529411764705,0.06312514712415662,0.07290307394693372,0.06801411053554518,0.15,0.15,0.15,0.15,129.0,0.0,0.1875,0.5863706369095536,23.0,0.0,0.0,0.167054084663166,0.0,/media/mengh/SharedData/zhanh/auto_structbeat/caches/pilot/mscnn_final_last_gtzan/gtzan__gtzan_blues_00020__track.npy.npz
mscnn_gtzan,no_safeguard,gtzan/gtzan_blues_00021/track.npy,gtzan,0.9523809523809523,0.5890030173703593,0.5890030173703593,0.5890030173703593,1.0,1.0,1.0,1.0,0.9523809523809523,0.5218678822976601,0.5218678822976601,0.5218678822976601,0.9090909090909091,0.9090909090909091,0.9090909090909091,0.9090909090909091,50.0,0.0,0.0,0.06818734754105227,12.0,0.0,0.0,0.061429668244579856,0.0,/media/mengh/SharedData/zhanh/auto_structbeat/caches/pilot/mscnn_final_last_gtzan/gtzan__gtzan_blues_00021__track.npy.npz
mscnn_gtzan,no_safeguard,gtzan/gtzan_blues_00022/track.npy,gtzan,0.8735632183908046,0.6400062933272561,0.6400062933272561,0.6400062933272561,0.8260869565217391,0.8260869565217391,0.8260869565217391,0.8260869565217391,0.0,2.5494588529294535e-15,3.2992996920263516e-15,2.9243792724779026e-15,0.0,0.0,0.0,0.0,62.0,0.0,0.01639344262295082,0.43913562032561376,15.0,0.0,0.0,0.4695366861072433,0.0,/media/mengh/SharedData/zhanh/auto_structbeat/caches/pilot/mscnn_final_last_gtzan/gtzan__gtzan_blues_00022__track.npy.npz
mscnn_gtzan,no_safeguard,gtzan/gtzan_blues_00023/track.npy,gtzan,0.5137614678899082,0.393187400979583,0.4645249647694406,0.42885618287451177,0.1323529411764706,0.16176470588235295,0.1323529411764706,0.37037037037037035,0.20000000000000004,0.1569424169064602,0.17720452827585256,0.1670734725911564,0.4,0.4,0.4,0.4,76.0,0.0,0.0,0.6613984822453634,11.0,0.0,0.0,0.4939367467940426,0.0,/media/mengh/SharedData/zhanh/auto_structbeat/caches/pilot/mscnn_final_last_gtzan/gtzan__gtzan_blues_00023__track.npy.npz
mscnn_gtzan,no_safeguard,gtzan/gtzan_blues_00024/track.npy,gtzan,0.6557377049180328,0.4997660011748726,0.6422277057067771,0.5709968534408248,0.06329113924050633,0.08860759493670886,0.4117647058823529,0.6235294117647059,0.8500000000000001,0.6098134251214689,0.6098134251214689,0.6098134251214689,0.8095238095238095,0.8095238095238095,0.8095238095238095,0.8095238095238095,89.0,0.0,0.0,0.6487182329408835,23.0,0.0,0.0,0.39959998865576535,0.0,/media/mengh/SharedData/zhanh/auto_structbeat/caches/pilot/mscnn_final_last_gtzan/gtzan__gtzan_blues_00024__track.npy.npz
mscnn_gtzan,no_safeguard,gtzan/gtzan_blues_00025/track.npy,gtzan,0.5591397849462365,0.3970355802325282,0.3970355802325282,0.3970355802325282,0.37735849056603776,0.37735849056603776,0.37735849056603776,0.37735849056603776,0.1111111111111111,0.06876510663858726,0.14339977193690825,0.10608243928774776,0.0,0.0,0.0,0.0,61.0,0.0,0.0,0.5675610946352656,30.0,0.0,0.0,0.3654116258788296,0.0,/media/mengh/SharedData/zhanh/auto_structbeat/caches/pilot/mscnn_final_last_gtzan/gtzan__gtzan_blues_00025__track.npy.npz
mscnn_gtzan,no_safeguard,gtzan/gtzan_blues_00026/track.npy,gtzan,0.8955223880597014,0.7530025868706671,0.7530025868706671,0.7530025868706671,0.7352941176470589,0.9117647058823529,0.7352941176470589,0.9117647058823529,0.0,3.734354191880457e-66,1.018927994395268e-06,5.09463997197634e-07,0.0,0.0,0.0,0.0,42.0,0.0,0.0,0.08724227116482053,7.0,0.0,0.0,0.09168855405991923,0.0,/media/mengh/SharedData/zhanh/auto_structbeat/caches/pilot/mscnn_final_last_gtzan/gtzan__gtzan_blues_00026__track.npy.npz
mscnn_gtzan,no_safeguard,gtzan/gtzan_blues_00027/track.npy,gtzan,0.6753246753246753,0.46897498040410357,0.46897498040410357,0.46897498040410357,0.6923076923076923,0.8461538461538461,0.6923076923076923,0.8461538461538461,0.0,0.012392156563843813,0.018024955001954637,0.015208555782899225,0.0,0.0,0.3333333333333333,0.3333333333333333,46.0,0.0,0.0,0.1573503902561407,8.0,0.0,0.0,0.27589370627272497,0.0,/media/mengh/SharedData/zhanh/auto_structbeat/caches/pilot/mscnn_final_last_gtzan/gtzan__gtzan_blues_00027__track.npy.npz
mscnn_gtzan,no_safeguard,gtzan/gtzan_blues_00028/track.npy,gtzan,0.6771653543307087,0.5797765842125698,0.8695051588946784,0.7246408715536241,0.03571428571428571,0.03571428571428571,0.6941176470588235,0.9294117647058824,0.9523809523809523,0.8489840934040319,0.8489840934040319,0.8489840934040319,0.9047619047619048,0.9047619047619048,0.9047619047619048,0.9047619047619048,93.0,0.0,0.0,0.06899287148696231,23.0,0.0,0.0,0.25629575863111076,0.0,/media/mengh/SharedData/zhanh/auto_structbeat/caches/pilot/mscnn_final_last_gtzan/gtzan__gtzan_blues_00028__track.npy.npz
mscnn_gtzan,no_safeguard,gtzan/gtzan_blues_00029/track.npy,gtzan,0.30612244897959184,0.21229414170776725,0.36178002776174456,0.2870370847347559,0.07692307692307693,0.23076923076923078,0.2549019607843137,0.29411764705882354,0.0,0.008376808441269553,0.020542040936208372,0.014459424688738964,0.0,0.0,0.3333333333333333,0.3333333333333333,55.0,0.0,0.0,1.105245962497265,8.0,0.0,0.0,0.3332523920955681,0.0,/media/mengh/SharedData/zhanh/auto_structbeat/caches/pilot/mscnn_final_last_gtzan/gtzan__gtzan_blues_00029__track.npy.npz
mscnn_gtzan,no_safeguard,gtzan/gtzan_blues_00030/track.npy,gtzan,0.0,2.3216793290009992e-05,0.4179099530029409,0.20896658489811548,0.0,0.0,0.4666666666666667,0.8222222222222222,0.0,8.78513207550252e-06,9.830539746710889e-06,9.307835911106705e-06,0.5833333333333334,0.5833333333333334,0.5833333333333334,0.5833333333333334,54.0,0.0,0.0,0.37237838933294903,12.0,0.0,0.0,0.3213171607245737,0.0,/media/mengh/SharedData/zhanh/auto_structbeat/caches/pilot/mscnn_final_last_gtzan/gtzan__gtzan_blues_00030__track.npy.npz
mscnn_gtzan,no_safeguard,gtzan/gtzan_blues_00031/track.npy,gtzan,0.3469387755102041,0.3077422807551397,0.41844787980462345,0.3630950802798816,0.1836734693877551,0.30612244897959184,0.30612244897959184,0.3877551020408163,0.0,2.7061533824910668e-09,0.16701301694478915,0.08350650982547127,0.0,0.0,0.25,0.5,59.0,0.0,0.0,0.6539264674066607,14.0,0.0,0.0,0.42915594878237384,0.0,/media/mengh/SharedData/zhanh/auto_structbeat/caches/pilot/mscnn_final_last_gtzan/gtzan__gtzan_blues_00031__track.npy.npz
mscnn_gtzan,no_safeguard,gtzan/gtzan_blues_00032/track.npy,gtzan,0.25316455696202533,0.21395903912561295,0.21395903912561295,0.21395903912561295,0.0,0.0,0.18518518518518517,0.2222222222222222,0.0,0.010550419537297425,0.011169505457842954,0.01085996249757019,0.0,0.0,0.0,0.0,35.0,0.0,0.0,0.7302598739403298,6.0,0.0,0.0,0.21696882555386185,0.0,/media/mengh/SharedData/zhanh/auto_structbeat/caches/pilot/mscnn_final_last_gtzan/gtzan__gtzan_blues_00032__track.npy.npz
mscnn_gtzan,no_safeguard,gtzan/gtzan_blues_00033/track.npy,gtzan,0.653061224489796,0.45861732307226344,0.6809772372891132,0.5697972801806883,0.0,0.0,0.6060606060606061,0.9696969696969697,0.9375,0.6442423929404462,0.6442423929404462,0.6442423929404462,1.0,1.0,1.0,1.0,39.0,0.0,0.0,0.052928431042395356,19.0,0.0,0.0,0.06538275926285142,0.0,/media/mengh/SharedData/zhanh/auto_structbeat/caches/pilot/mscnn_final_last_gtzan/gtzan__gtzan_blues_00033__track.npy.npz
mscnn_gtzan,no_safeguard,gtzan/gtzan_blues_00034/track.npy,gtzan,0.7792207792207793,0.6442871847830031,0.6442871847830031,0.6442871847830031,0.5384615384615384,0.7948717948717948,0.5384615384615384,0.7948717948717948,0.16666666666666666,0.15657237696529483,0.5103091400770486,0.3334407585211717,0.0,0.0,0.2857142857142857,0.2857142857142857,46.0,0.0,0.0,0.3715354380617335,16.0,0.0,0.0,0.5559968530271792,0.0,/media/mengh/SharedData/zhanh/auto_structbeat/caches/pilot/mscnn_final_last_gtzan/gtzan__gtzan_blues_00034__track.npy.npz
mscnn_gtzan,no_safeguard,gtzan/gtzan_blues_00035/track.npy,gtzan,0.4444444444444445,0.37450207308134337,0.4319365710797358,0.40321932208053957,0.07272727272727272,0.09090909090909091,0.16666666666666666,0.18518518518518517,0.19047619047619047,0.17196316657484953,0.18797355079275907,0.17996835868380429,0.0,0.0,0.23076923076923078,0.23076923076923078,50.0,0.0,0.04081632653061224,0.7613430069947953,8.0,0.0,0.0,0.707374143137907,0.0,/media/mengh/SharedData/zhanh/auto_structbeat/caches/pilot/mscnn_final_last_gtzan/gtzan__gtzan_blues_00035__track.npy.npz
mscnn_gtzan,no_safeguard,gtzan/gtzan_blues_00036/track.npy,gtzan,0.0,0.00046323539027831443,0.5765560754772315,0.2885096554337549,0.0,0.0,0.5625,0.7916666666666666,0.0,0.0005583489662255059,0.0006640025451812526,0.0006111757557033793,1.0,1.0,1.0,1.0,58.0,0.0,0.0,0.11332868530700402,15.0,0.0,0.0,0.0696538475409255,0.0,/media/mengh/SharedData/zhanh/auto_structbeat/caches/pilot/mscnn_final_last_gtzan/gtzan__gtzan_blues_00036__track.npy.npz
mscnn_gtzan,no_safeguard,gtzan/gtzan_blues_00037/track.npy,gtzan,0.9206349206349206,0.7465772261555371,0.7465772261555371,0.7465772261555371,0.59375,0.9375,0.59375,0.9375,0.0,6.733613038837e-312,0.7284662148592747,0.3642331074296373,0.0,0.0,0.875,0.875,38.0,0.0,0.0,0.08505289539439799,10.0,0.0,0.0,0.04618572838052169,0.0,/media/mengh/SharedData/zhanh/auto_structbeat/caches/pilot/mscnn_final_last_gtzan/gtzan__gtzan_blues_00037__track.npy.npz
mscnn_gtzan,no_safeguard,gtzan/gtzan_blues_00038/track.npy,gtzan,0.29213483146067415,0.2816248515836512,0.2816248515836512,0.2816248515836512,0.0,0.0,0.0,0.0,0.0,3.0264960134752577e-07,0.08701432187201401,0.04350731226080768,0.0,0.0,0.0,0.0,64.0,0.0,0.0,0.11716190965645944,16.0,0.0,0.0,0.09222875590143857,0.0,/media/mengh/SharedData/zhanh/auto_structbeat/caches/pilot/mscnn_final_last_gtzan/gtzan__gtzan_blues_00038__track.npy.npz
mscnn_gtzan,no_safeguard,gtzan/gtzan_blues_00039/track.npy,gtzan,0.7901234567901234,0.6891997672180324,0.6891997672180324,0.6891997672180324,0.4375,0.4791666666666667,0.4375,0.4791666666666667,0.8148148148148148,0.6872718735297177,0.6872718735297177,0.6872718735297177,0.5625,0.5625,0.5625,0.5625,43.0,0.0,0.0,0.6737290947028441,15.0,0.0,0.0,0.3076451119152312,0.0,/media/mengh/SharedData/zhanh/auto_structbeat/caches/pilot/mscnn_final_last_gtzan/gtzan__gtzan_blues_00039__track.npy.npz
mscnn_gtzan,no_safeguard,gtzan/gtzan_blues_00040/track.npy,gtzan,0.9859154929577464,0.9307934033032144,0.9307934033032144,0.9307934033032144,0.9722222222222222,0.9722222222222222,0.9722222222222222,0.9722222222222222,1.0,0.941094020559542,0.941094020559542,0.941094020559542,1.0,1.0,1.0,1.0,87.0,0.0,0.0,0.05715841383995235,21.0,0.0,0.0,0.014388737452099842,0.0,/media/mengh/SharedData/zhanh/auto_structbeat/caches/pilot/mscnn_final_last_gtzan/gtzan__gtzan_blues_00040__track.npy.npz
mscnn_gtzan,no_safeguard,gtzan/gtzan_blues_00041/track.npy,gtzan,1.0,0.8659775148410425,0.8659775148410425,0.8659775148410425,1.0,1.0,1.0,1.0,0.6666666666666666,0.585079306349718,0.8606266979524304,0.7228530021510742,0.0,0.0,0.9615384615384616,0.9615384615384616,63.0,0.0,0.0,0.044451762570828834,31.0,0.0,0.0,0.04348511193973405,0.0,/media/mengh/SharedData/zhanh/auto_structbeat/caches/pilot/mscnn_final_last_gtzan/gtzan__gtzan_blues_00041__track.npy.npz
mscnn_gtzan,no_safeguard,gtzan/gtzan_blues_00042/track.npy,gtzan,0.4600000000000001,0.39340927630996797,0.39340927630996797,0.39340927630996797,0.0,0.0,0.0,0.0,0.631578947368421,0.5065453968789515,0.7320887215522526,0.6193170592156021,0.0,0.0,0.8461538461538461,0.8461538461538461,90.0,0.0,0.0,0.11778303565638604,15.0,0.0,0.0,0.03409395674789149,0.0,/media/mengh/SharedData/zhanh/auto_structbeat/caches/pilot/mscnn_final_last_gtzan/gtzan__gtzan_blues_00042__track.npy.npz
mscnn_gtzan,no_safeguard,gtzan/gtzan_blues_00043/track.npy,gtzan,0.9906542056074767,0.956299864402859,0.956299864402859,0.956299864402859,0.9814814814814815,0.9814814814814815,0.9814814814814815,0.9814814814814815,0.65,0.63912147028846,0.9384495377136672,0.7887855040010636,0.0,0.0,0.9259259259259259,0.9259259259259259,65.0,0.0,0.0,0.04445176257083372,33.0,0.0,0.0,0.02197890671877307,0.0,/media/mengh/SharedData/zhanh/auto_structbeat/caches/pilot/mscnn_final_last_gtzan/gtzan__gtzan_blues_00043__track.npy.npz
mscnn_gtzan,no_safeguard,gtzan/gtzan_blues_00044/track.npy,gtzan,0.712121212121212,0.5930052407156192,0.7535459147741679,0.6732755777448935,0.14285714285714285,0.14285714285714285,0.75,0.75,0.0,7.606410283073448e-09,7.98487182536086e-09,7.795641054217153e-09,0.0,0.0,0.0,0.0,57.0,0.0,0.0,0.06899287148695532,29.0,0.0,0.0,0.06669137449867674,0.0,/media/mengh/SharedData/zhanh/auto_structbeat/caches/pilot/mscnn_final_last_gtzan/gtzan__gtzan_blues_00044__track.npy.npz
mscnn_gtzan,no_safeguard,gtzan/gtzan_blues_00045/track.npy,gtzan,0.6746987951807228,0.6430748303976923,0.9441471201591815,0.7936109752784368,0.00909090909090909,0.00909090909090909,0.9821428571428571,0.9821428571428571,1.0,0.9478324954040207,0.9478324954040207,0.9478324954040207,1.0,1.0,1.0,1.0,67.0,0.0,0.0,0.08701137698962946,33.0,0.0,0.0,0.022225881285418414,0.0,/media/mengh/SharedData/zhanh/auto_structbeat/caches/pilot/mscnn_final_last_gtzan/gtzan__gtzan_blues_00045__track.npy.npz
mscnn_gtzan,no_safeguard,gtzan/gtzan_blues_00046/track.npy,gtzan,1.0,0.9188008978406517,0.9188008978406517,0.9188008978406517,1.0,1.0,1.0,1.0,1.0,0.8991098718931388,0.8991098718931388,0.8991098718931388,1.0,1.0,1.0,1.0,61.0,0.0,0.0,0.08004270767353472,15.0,0.0,0.0,0.024306538246999874,0.0,/media/mengh/SharedData/zhanh/auto_structbeat/caches/pilot/mscnn_final_last_gtzan/gtzan__gtzan_blues_00046__track.npy.npz
mscnn_gtzan,no_safeguard,gtzan/gtzan_blues_00047/track.npy,gtzan,1.0,0.8505089913786665,0.8505089913786665,0.8505089913786665,0.9523809523809523,0.9841269841269841,0.9523809523809523,0.9841269841269841,0.975609756097561,0.8324346705212743,0.8324346705212743,0.8324346705212743,0.9523809523809523,0.9523809523809523,0.9523809523809523,0.9523809523809523,76.0,0.0,0.0,0.05129329438755548,25.0,0.0,0.0,0.034486176071170105,0.0,/media/mengh/SharedData/zhanh/auto_structbeat/caches/pilot/mscnn_final_last_gtzan/gtzan__gtzan_blues_00047__track.npy.npz
mscnn_gtzan,no_safeguard,gtzan/gtzan_blues_00048/track.npy,gtzan,1.0,0.8366168755622376,0.8366168755622376,0.8366168755622376,1.0,1.0,1.0,1.0,1.0,0.8593397244340509,0.8593397244340509,0.8593397244340509,1.0,1.0,1.0,1.0,61.0,0.0,0.0,0.040821994520261584,15.0,0.0,0.0,0.023822761637580157,0.0,/media/mengh/SharedData/zhanh/auto_structbeat/caches/pilot/mscnn_final_last_gtzan/gtzan__gtzan_blues_00048__track.npy.npz
mscnn_gtzan,no_safeguard,gtzan/gtzan_blues_00049/track.npy,gtzan,0.7301587301587302,0.6131273580126165,0.675796946099307,0.6444621520559617,0.24324324324324326,0.40540540540540543,0.43137254901960786,0.43137254901960786,0.5333333333333333,0.4811657695420783,0.6199635089751041,0.5505646392585912,0.125,0.125,0.38461538461538464,0.38461538461538464,47.0,0.0,0.0,0.5150040427275921,10.0,0.0,0.0,0.6109794998155973,0.0,/media/mengh/SharedData/zhanh/auto_structbeat/caches/pilot/mscnn_final_last_gtzan/gtzan__gtzan_blues_00049__track.npy.npz
mscnn_gtzan,no_safeguard,gtzan/gtzan_blues_00050/track.npy,gtzan,1.0,0.901690528505793,0.901690528505793,0.901690528505793,1.0,1.0,1.0,1.0,0.6818181818181819,0.6115641088491975,0.9068297995711174,0.7591969542101575,0.0,0.0,1.0,1.0,68.0,0.0,0.0,0.04652001563489491,34.0,0.0,0.0,0.04546237407675731,0.0,/media/mengh/SharedData/zhanh/auto_structbeat/caches/pilot/mscnn_final_last_gtzan/gtzan__gtzan_blues_00050__track.npy.npz
mscnn_gtzan,no_safeguard,gtzan/gtzan_blues_00051/track.npy,gtzan,0.9878048780487805,0.9433226831377058,0.9433226831377058,0.9433226831377058,0.9518072289156626,0.9518072289156626,0.9518072289156626,0.9518072289156626,0.8636363636363635,0.8178714517482675,0.8178714517482675,0.8178714517482675,0.625,0.625,0.625,0.625,99.0,0.0,0.0,0.1335313926245194,32.0,0.0,0.0,0.06453852113757125,0.0,/media/mengh/SharedData/zhanh/auto_structbeat/caches/pilot/mscnn_final_last_gtzan/gtzan__gtzan_blues_00051__track.npy.npz
mscnn_gtzan,no_safeguard,gtzan/gtzan_blues_00052/track.npy,gtzan,0.5384615384615384,0.47901523455737494,0.47901523455737494,0.47901523455737494,0.017543859649122806,0.017543859649122806,0.017543859649122806,0.017543859649122806,0.3333333333333333,0.2980787638316569,0.5022068133822831,0.40014278860697,0.0,0.0,0.10526315789473684,0.10526315789473684,68.0,0.0,0.0,0.6619612835293704,22.0,0.0,0.0,0.6610660563489053,0.0,/media/mengh/SharedData/zhanh/auto_structbeat/caches/pilot/mscnn_final_last_gtzan/gtzan__gtzan_blues_00052__track.npy.npz
mscnn_gtzan,no_safeguard,gtzan/gtzan_blues_00053/track.npy,gtzan,1.0,0.8803397731256372,0.8803397731256372,0.8803397731256372,1.0,1.0,1.0,1.0,1.0,0.8634622332052361,0.8634622332052361,0.8634622332052361,1.0,1.0,1.0,1.0,51.0,0.0,0.0,0.06669137449866834,12.0,0.0,0.0,0.021606519345212422,0.0,/media/mengh/SharedData/zhanh/auto_structbeat/caches/pilot/mscnn_final_last_gtzan/gtzan__gtzan_blues_00053__track.npy.npz
mscnn_gtzan,no_safeguard,gtzan/gtzan_blues_00054/track.npy,gtzan,1.0,0.9416769589518875,0.9416769589518875,0.9416769589518875,0.9868421052631579,0.9868421052631579,0.9868421052631579,0.9868421052631579,1.0,0.945443125632111,0.945443125632111,0.945443125632111,1.0,1.0,1.0,1.0,91.0,0.0,0.0,0.060624621816442306,22.0,0.0,0.0,0.0303053494953311,0.0,/media/mengh/SharedData/zhanh/auto_structbeat/caches/pilot/mscnn_final_last_gtzan/gtzan__gtzan_blues_00054__track.npy.npz
mscnn_gtzan,no_safeguard,gtzan/gtzan_blues_00055/track.npy,gtzan,0.9636363636363636,0.7985435639530553,0.7985435639530553,0.7985435639530553,0.6181818181818182,0.9636363636363636,0.6181818181818182,0.9636363636363636,0.6,0.520008768053424,0.7593897910287329,0.6396992795410785,0.0,0.0,0.9259259259259259,0.9259259259259259,67.0,0.0,0.0,0.08701137698963579,33.0,0.0,0.0,0.04765508990216143,0.0,/media/mengh/SharedData/zhanh/auto_structbeat/caches/pilot/mscnn_final_last_gtzan/gtzan__gtzan_blues_00055__track.npy.npz
mscnn_gtzan,no_safeguard,gtzan/gtzan_blues_00056/track.npy,gtzan,0.4943820224719101,0.4616533910962661,0.4616533910962661,0.4616533910962661,0.0,0.0,0.0,0.0,0.625,0.6046693596601289,0.8316579570177705,0.7181636583389497,0.0,0.0,0.8181818181818182,0.8181818181818182,79.0,0.0,0.0,0.11122563511022485,13.0,0.0,0.0,0.04445176257083405,0.0,/media/mengh/SharedData/zhanh/auto_structbeat/caches/pilot/mscnn_final_last_gtzan/gtzan__gtzan_blues_00056__track.npy.npz
mscnn_gtzan,no_safeguard,gtzan/gtzan_blues_00057/track.npy,gtzan,1.0,0.9677320371557746,0.9677320371557746,0.9677320371557746,1.0,1.0,1.0,1.0,1.0,0.9656775977153963,0.9656775977153963,0.9656775977153963,1.0,1.0,1.0,1.0,93.0,0.0,0.0,0.12516314295400344,23.0,0.0,0.0,0.03125254350410098,0.0,/media/mengh/SharedData/zhanh/auto_structbeat/caches/pilot/mscnn_final_last_gtzan/gtzan__gtzan_blues_00057__track.npy.npz
mscnn_gtzan,no_safeguard,gtzan/gtzan_blues_00058/track.npy,gtzan,1.0,0.9344765342122149,0.9344765342122149,0.9344765342122149,1.0,1.0,1.0,1.0,1.0,0.9178601782584379,0.9178601782584379,0.9178601782584379,1.0,1.0,1.0,1.0,53.0,0.0,0.0,0.052680257828912225,13.0,0.0,0.0,0.026433257068155414,0.0,/media/mengh/SharedData/zhanh/auto_structbeat/caches/pilot/mscnn_final_last_gtzan/gtzan__gtzan_blues_00058__track.npy.npz
mscnn_gtzan,no_safeguard,gtzan/gtzan_blues_00059/track.npy,gtzan,1.0,0.9410316360221914,0.9410316360221914,0.9410316360221914,1.0,1.0,1.0,1.0,1.0,0.9370988313721393,0.9370988313721393,0.9370988313721393,1.0,1.0,1.0,1.0,54.0,0.0,0.0,0.07145896398214968,14.0,0.0,0.0,0.018018505502678465,0.0,/media/mengh/SharedData/zhanh/auto_structbeat/caches/pilot/mscnn_final_last_gtzan/gtzan__gtzan_blues_00059__track.npy.npz
mscnn_gtzan,no_safeguard,gtzan/gtzan_blues_00060/track.npy,gtzan,0.9919999999999999,0.8447327228706282,0.8447327228706282,0.8447327228706282,0.9841269841269841,0.9841269841269841,0.9841269841269841,0.9841269841269841,1.0,0.8540464436980227,0.8540464436980227,0.8540464436980227,1.0,1.0,1.0,1.0,75.0,0.0,0.0,0.05129329438755037,18.0,0.0,0.0,0.02830620468752329,0.0,/media/mengh/SharedData/zhanh/auto_structbeat/caches/pilot/mscnn_final_last_gtzan/gtzan__gtzan_blues_00060__track.npy.npz
mscnn_gtzan,no_safeguard,gtzan/gtzan_blues_00061/track.npy,gtzan,1.0,0.9540181255359432,0.9540181255359432,0.9540181255359432,1.0,1.0,1.0,1.0,0.7368421052631579,0.7114143744202164,0.9120461678988643,0.8117302711595403,0.16666666666666666,0.16666666666666666,0.7407407407407407,0.7407407407407407,66.0,0.0,0.0,0.044451762570836544,27.0,0.0,0.0,0.04348511193974177,0.0,/media/mengh/SharedData/zhanh/auto_structbeat/caches/pilot/mscnn_final_last_gtzan/gtzan__gtzan_blues_00061__track.npy.npz
mscnn_gtzan,no_safeguard,gtzan/gtzan_blues_00062/track.npy,gtzan,1.0,0.919283223618481,0.919283223618481,0.919283223618481,1.0,1.0,1.0,1.0,0.6285714285714286,0.5759993809840953,0.8713595436345873,0.7236794623093413,0.0,0.0,0.9565217391304348,0.9565217391304348,57.0,0.0,0.0,0.03774032798285287,28.0,0.0,0.0,0.019048194970694717,0.0,/media/mengh/SharedData/zhanh/auto_structbeat/caches/pilot/mscnn_final_last_gtzan/gtzan__gtzan_blues_00062__track.npy.npz
mscnn_gtzan,no_safeguard,gtzan/gtzan_blues_00063/track.npy,gtzan,1.0,0.903391940299193,0.903391940299193,0.903391940299193,1.0,1.0,1.0,1.0,0.6428571428571429,0.5905575233132188,0.8476832555415093,0.719120389427364,0.0,0.0,0.8947368421052632,0.8947368421052632,46.0,0.0,0.0,0.03077165866675383,23.0,0.0,0.0,0.030305349495328315,0.0,/media/mengh/SharedData/zhanh/auto_structbeat/caches/pilot/mscnn_final_last_gtzan/gtzan__gtzan_blues_00063__track.npy.npz
mscnn_gtzan,no_safeguard,gtzan/gtzan_blues_00064/track.npy,gtzan,1.0,0.9734803195081412,0.9734803195081412,0.9734803195081412,1.0,1.0,1.0,1.0,1.0,0.9774991073671833,0.9774991073671833,0.9774991073671833,1.0,1.0,1.0,1.0,78.0,0.0,0.0,0.05129329438755226,20.0,0.0,0.0,0.013072081567352853,0.0,/media/mengh/SharedData/zhanh/auto_structbeat/caches/pilot/mscnn_final_last_gtzan/gtzan__gtzan_blues_00064__track.npy.npz
mscnn_gtzan,no_safeguard,gtzan/gtzan_blues_00065/track.npy,gtzan,1.0,0.8934575452956783,0.8934575452956783,0.8934575452956783,1.0,1.0,1.0,1.0,0.6857142857142856,0.5963324194135645,0.8648554688461907,0.7305939441298777,0.0,0.0,1.0,1.0,54.0,0.0,0.0,0.03636764417088045,27.0,0.0,0.0,0.03571808260207972,0.0,/media/mengh/SharedData/zhanh/auto_structbeat/caches/pilot/mscnn_final_last_gtzan/gtzan__gtzan_blues_00065__track.npy.npz
mscnn_gtzan,no_safeguard,gtzan/gtzan_blues_00066/track.npy,gtzan,1.0,0.9094801989422084,0.9094801989422084,0.9094801989422084,1.0,1.0,1.0,1.0,1.0,0.9321173660010507,0.9321173660010507,0.9321173660010507,1.0,1.0,1.0,1.0,82.0,0.0,0.0,0.056925141962280705,21.0,0.0,0.0,0.01379332213233797,0.0,/media/mengh/SharedData/zhanh/auto_structbeat/caches/pilot/mscnn_final_last_gtzan/gtzan__gtzan_blues_00066__track.npy.npz
mscnn_gtzan,no_safeguard,gtzan/gtzan_blues_00067/track.npy,gtzan,1.0,0.9434265372679211,0.9434265372679211,0.9434265372679211,1.0,1.0,1.0,1.0,0.8947368421052632,0.8414053697371717,0.8414053697371717,0.8414053697371717,0.5714285714285714,0.5714285714285714,0.5714285714285714,0.5714285714285714,81.0,0.0,0.0,0.05406722127028396,28.0,0.0,0.0,0.02666824708216152,0.0,/media/mengh/SharedData/zhanh/auto_structbeat/caches/pilot/mscnn_final_last_gtzan/gtzan__gtzan_blues_00067__track.npy.npz
mscnn_gtzan,no_safeguard,gtzan/gtzan_blues_00068/track.npy,gtzan,1.0,0.8031638437921897,0.8031638437921897,0.8031638437921897,1.0,1.0,1.0,1.0,1.0,0.8328420687151192,0.8328420687151192,0.8328420687151192,1.0,1.0,1.0,1.0,81.0,0.0,0.0,0.05406722127028396,20.0,0.0,0.0,0.01360565205577835,0.0,/media/mengh/SharedData/zhanh/auto_structbeat/caches/pilot/mscnn_final_last_gtzan/gtzan__gtzan_blues_00068__track.npy.npz
mscnn_gtzan,no_safeguard,gtzan/gtzan_blues_00069/track.npy,gtzan,1.0,0.9122847997395408,0.9122847997395408,0.9122847997395408,1.0,1.0,1.0,1.0,0.6399999999999999,0.6080185506272605,0.8691240826757404,0.7385713166515004,0.0,0.0,0.8823529411764706,0.8823529411764706,40.0,0.0,0.0,0.052643733485423554,20.0,0.0,0.0,0.0266682470821607,0.0,/media/mengh/SharedData/zhanh/auto_structbeat/caches/pilot/mscnn_final_last_gtzan/gtzan__gtzan_blues_00069__track.npy.npz
mscnn_gtzan,no_safeguard,gtzan/gtzan_blues_00070/track.npy,gtzan,1.0,0.8857866124809531,0.8857866124809531,0.8857866124809531,1.0,1.0,1.0,1.0,1.0,0.8653802060400625,0.8653802060400625,0.8653802060400625,1.0,1.0,1.0,1.0,74.0,0.0,0.0,0.04879016416943971,18.0,0.0,0.0,0.024692612590370977,0.0,/media/mengh/SharedData/zhanh/auto_structbeat/caches/pilot/mscnn_final_last_gtzan/gtzan__gtzan_blues_00070__track.npy.npz
mscnn_gtzan,no_safeguard,gtzan/gtzan_blues_00071/track.npy,gtzan,0.9838709677419355,0.7026431364595741,0.7026431364595741,0.7026431364595741,0.6451612903225806,0.9838709677419355,0.6451612903225806,0.9838709677419355,0.0,3.3786696389903203e-77,0.5271649880343001,0.26358249401715006,0.0,0.0,1.0,1.0,74.0,0.0,0.0,0.2451224580329795,18.0,0.0,0.0,0.06432756078804233,0.0,/media/mengh/SharedData/zhanh/auto_structbeat/caches/pilot/mscnn_final_last_gtzan/gtzan__gtzan_blues_00071__track.npy.npz
mscnn_gtzan,no_safeguard,gtzan/gtzan_blues_00072/track.npy,gtzan,1.0,0.9391219140741199,0.9391219140741199,0.9391219140741199,1.0,1.0,1.0,1.0,1.0,0.9373292115208377,0.9373292115208377,0.9373292115208377,1.0,1.0,1.0,1.0,35.0,0.0,0.0,0.045885430700011796,8.0,0.0,0.0,0.017143694497423756,0.0,/media/mengh/SharedData/zhanh/auto_structbeat/caches/pilot/mscnn_final_last_gtzan/gtzan__gtzan_blues_00072__track.npy.npz
mscnn_gtzan,no_safeguard,gtzan/gtzan_blues_00073/track.npy,gtzan,0.975609756097561,0.7802798534260459,0.7802798534260459,0.7802798534260459,1.0,1.0,1.0,1.0,0.6451612903225806,0.4858121068729258,0.7375176106899923,0.611664858781459,0.0,0.0,0.9047619047619048,0.9047619047619048,51.0,0.0,0.0,0.1790438069540404,26.0,0.0,0.0,0.12235787554517812,0.0,/media/mengh/SharedData/zhanh/auto_structbeat/caches/pilot/mscnn_final_last_gtzan/gtzan__gtzan_blues_00073__track.npy.npz
mscnn_gtzan,no_safeguard,gtzan/gtzan_blues_00074/track.npy,gtzan,0.967741935483871,0.9030400234160054,0.9030400234160054,0.9030400234160054,0.5319148936170213,0.9361702127659575,0.5319148936170213,0.9361702127659575,0.8,0.7822371068290264,0.8569379353293015,0.8195875210791639,0.2777777777777778,0.2777777777777778,0.5652173913043478,0.5652173913043478,55.0,0.0,0.0,0.07410797215372678,22.0,0.0,0.0,0.07797879123513457,0.0,/media/mengh/SharedData/zhanh/auto_structbeat/caches/pilot/mscnn_final_last_gtzan/gtzan__gtzan_blues_00074__track.npy.npz
mscnn_gtzan,no_safeguard,gtzan/gtzan_blues_00075/track.npy,gtzan,1.0,0.932692792957938,0.932692792957938,0.932692792957938,1.0,1.0,1.0,1.0,1.0,0.9439015262611504,0.9439015262611504,0.9439015262611504,1.0,1.0,1.0,1.0,59.0,0.0,0.0,0.07696104113612678,15.0,0.0,0.0,0.019608471388376247,0.0,/media/mengh/SharedData/zhanh/auto_structbeat/caches/pilot/mscnn_final_last_gtzan/gtzan__gtzan_blues_00075__track.npy.npz
mscnn_gtzan,no_safeguard,gtzan/gtzan_blues_00076/track.npy,gtzan,1.0,0.9541319850438694,0.9541319850438694,0.9541319850438694,1.0,1.0,1.0,1.0,1.0,0.9371589472785259,0.9371589472785259,0.9371589472785259,1.0,1.0,1.0,1.0,58.0,0.0,0.0,0.07696104113612678,19.0,0.0,0.0,0.03871451218068957,0.0,/media/mengh/SharedData/zhanh/auto_structbeat/caches/pilot/mscnn_final_last_gtzan/gtzan__gtzan_blues_00076__track.npy.npz
mscnn_gtzan,no_safeguard,gtzan/gtzan_blues_00077/track.npy,gtzan,0.9838709677419355,0.9159081177186899,0.9159081177186899,0.9159081177186899,0.9838709677419355,0.9838709677419355,0.9838709677419355,0.9838709677419355,1.0,0.9337194544056966,0.9337194544056966,0.9337194544056966,1.0,1.0,1.0,1.0,74.0,0.0,0.0,0.04879016416943971,18.0,0.0,0.0,0.012270092591814594,0.0,/media/mengh/SharedData/zhanh/auto_structbeat/caches/pilot/mscnn_final_last_gtzan/gtzan__gtzan_blues_00077__track.npy.npz
mscnn_gtzan,no_safeguard,gtzan/gtzan_blues_00078/track.npy,gtzan,1.0,0.9356570638844681,0.9356570638844681,0.9356570638844681,0.84,0.98,0.84,0.98,0.0,1.374760376179597e-31,0.9204913589842686,0.4602456794921343,0.0,0.0,0.96,0.96,120.0,0.0,0.008403361344537815,0.16705408466314742,30.0,0.0,0.0,0.040536163552959664,0.0,/media/mengh/SharedData/zhanh/auto_structbeat/caches/pilot/mscnn_final_last_gtzan/gtzan__gtzan_blues_00078__track.npy.npz
mscnn_gtzan,no_safeguard,gtzan/gtzan_blues_00079/track.npy,gtzan,0.9924812030075187,0.9081766855805893,0.9081766855805893,0.9081766855805893,0.9850746268656716,0.9850746268656716,0.9850746268656716,0.9850746268656716,0.9696969696969697,0.902242972689447,0.902242972689447,0.902242972689447,0.9411764705882353,0.9411764705882353,0.9411764705882353,0.9411764705882353,80.0,0.0,0.0,0.105360515657833,20.0,0.0,0.0,0.02885747850272297,0.0,/media/mengh/SharedData/zhanh/auto_structbeat/caches/pilot/mscnn_final_last_gtzan/gtzan__gtzan_blues_00079__track.npy.npz
mscnn_gtzan,no_safeguard,gtzan/gtzan_blues_00080/track.npy,gtzan,1.0,0.9603725780732848,0.9603725780732848,0.9603725780732848,1.0,1.0,1.0,1.0,1.0,0.9787823703370516,0.9787823703370516,0.9787823703370516,1.0,1.0,1.0,1.0,58.0,0.0,0.0,0.048655795148997205,14.0,0.0,0.0,0.014189708344721323,0.0,/media/mengh/SharedData/zhanh/auto_structbeat/caches/pilot/mscnn_final_last_gtzan/gtzan__gtzan_blues_00080__track.npy.npz
mscnn_gtzan,no_safeguard,gtzan/gtzan_blues_00081/track.npy,gtzan,0.6482758620689655,0.561430105142864,0.6110870080466794,0.5862585565947717,0.09302325581395349,0.18604651162790697,0.3050847457627119,0.3728813559322034,0.33333333333333326,0.31479566555068433,0.38270580184837916,0.34875073369953175,0.045454545454545456,0.045454545454545456,0.35714285714285715,0.35714285714285715,68.0,0.0,0.07462686567164178,0.8042677556471852,16.0,0.0,0.0,0.590463480412442,0.0,/media/mengh/SharedData/zhanh/auto_structbeat/caches/pilot/mscnn_final_last_gtzan/gtzan__gtzan_blues_00081__track.npy.npz
mscnn_gtzan,no_safeguard,gtzan/gtzan_blues_00082/track.npy,gtzan,0.9811320754716981,0.9226136070102702,0.9226136070102702,0.9226136070102702,0.9811320754716981,0.9811320754716981,0.9811320754716981,0.9811320754716981,0.9285714285714286,0.8706535890960166,0.8706535890960166,0.8706535890960166,1.0,1.0,1.0,1.0,63.0,0.0,0.0,0.08338160893905111,16.0,0.0,0.0,0.028569328863280244,0.0,/media/mengh/SharedData/zhanh/auto_structbeat/caches/pilot/mscnn_final_last_gtzan/gtzan__gtzan_blues_00082__track.npy.npz
mscnn_gtzan,no_safeguard,gtzan/gtzan_blues_00083/track.npy,gtzan,1.0,0.9742589523360687,0.9742589523360687,0.9742589523360687,1.0,1.0,1.0,1.0,1.0,0.9646575387533323,0.9646575387533323,0.9646575387533323,1.0,1.0,1.0,1.0,66.0,0.0,0.0,0.044451762570840825,16.0,0.0,0.0,0.022223136784710773,0.0,/media/mengh/SharedData/zhanh/auto_structbeat/caches/pilot/mscnn_final_last_gtzan/gtzan__gtzan_blues_00083__track.npy.npz
mscnn_gtzan,no_safeguard,gtzan/gtzan_blues_00084/track.npy,gtzan,1.0,0.9040319300336187,0.9040319300336187,0.9040319300336187,1.0,1.0,1.0,1.0,1.0,0.893111453277795,0.893111453277795,0.893111453277795,1.0,1.0,1.0,1.0,56.0,0.0,0.0,0.05046900344265511,14.0,0.0,0.0,0.01834913866819654,0.0,/media/mengh/SharedData/zhanh/auto_structbeat/caches/pilot/mscnn_final_last_gtzan/gtzan__gtzan_blues_00084__track.npy.npz
mscnn_gtzan,no_safeguard,gtzan/gtzan_blues_00085/track.npy,gtzan,0.7368421052631579,0.6760611722387878,0.8427866676347714,0.7594239199367796,0.16666666666666666,0.16666666666666666,0.7142857142857143,0.7142857142857143,1.0,0.9105136233531042,0.9105136233531042,0.9105136233531042,1.0,1.0,1.0,1.0,45.0,0.0,0.0,0.6333634804843828,17.0,0.0,0.0,0.035634284687656594,0.0,/media/mengh/SharedData/zhanh/auto_structbeat/caches/pilot/mscnn_final_last_gtzan/gtzan__gtzan_blues_00085__track.npy.npz
mscnn_gtzan,no_safeguard,gtzan/gtzan_blues_00086/track.npy,gtzan,0.9902912621359222,0.9243267528084493,0.9243267528084493,0.9243267528084493,0.9807692307692307,0.9807692307692307,0.9807692307692307,0.9807692307692307,0.896551724137931,0.8219515467401476,0.8219515467401476,0.8219515467401476,0.625,0.625,0.625,0.625,62.0,0.0,0.0,0.04255961441879885,19.0,0.0,0.0,0.1594613643045095,0.0,/media/mengh/SharedData/zhanh/auto_structbeat/caches/pilot/mscnn_final_last_gtzan/gtzan__gtzan_blues_00086__track.npy.npz
mscnn_gtzan,no_safeguard,gtzan/gtzan_blues_00087/track.npy,gtzan,0.993103448275862,0.94434605528185,0.94434605528185,0.94434605528185,0.7945205479452054,0.9726027397260274,0.7945205479452054,0.9726027397260274,0.9714285714285714,0.9175648660341497,0.9175648660341497,0.9175648660341497,0.9444444444444444,0.9444444444444444,0.9444444444444444,0.9444444444444444,87.0,0.0,0.0,0.12368712149448317,21.0,0.0,0.0,0.09241065195093716,0.0,/media/mengh/SharedData/zhanh/auto_structbeat/caches/pilot/mscnn_final_last_gtzan/gtzan__gtzan_blues_00087__track.npy.npz
mscnn_gtzan,no_safeguard,gtzan/gtzan_blues_00088/track.npy,gtzan,0.0,0.001378751247840077,0.806568701585808,0.403973726416824,0.0,0.0,0.9859154929577465,0.9859154929577465,0.0,8.949507454797955e-06,9.15434759296014e-06,9.051927523879047e-06,1.0,1.0,1.0,1.0,88.0,0.0,0.011494252873563218,0.3364722366212114,22.0,0.0,0.0,0.26403706082261447,0.0,/media/mengh/SharedData/zhanh/auto_structbeat/caches/pilot/mscnn_final_last_gtzan/gtzan__gtzan_blues_00088__track.npy.npz
mscnn_gtzan,no_safeguard,gtzan/gtzan_blues_00089/track.npy,gtzan,0.9777777777777777,0.8642992312122244,0.8642992312122244,0.8642992312122244,1.0,1.0,1.0,1.0,0.0,5.063649879718666e-41,1.155259105039427e-31,5.77629552772896e-32,0.0,0.0,0.0,0.0,54.0,0.0,0.0,0.07539185319580677,13.0,0.0,0.0,0.08491704981104536,0.0,/media/mengh/SharedData/zhanh/auto_structbeat/caches/pilot/mscnn_final_last_gtzan/gtzan__gtzan_blues_00089__track.npy.npz
mscnn_gtzan,no_safeguard,gtzan/gtzan_blues_00090/track.npy,gtzan,0.7578947368421053,0.6727347723700127,0.798305182148854,0.7355199772594334,0.2033898305084746,0.2033898305084746,0.6666666666666666,0.6666666666666666,0.9285714285714286,0.8001327156494208,0.8001327156494208,0.8001327156494208,0.8,0.8,0.8,0.8,42.0,0.0,0.0,0.05001215553000951,16.0,0.0,0.0,0.2580784348468983,0.0,/media/mengh/SharedData/zhanh/auto_structbeat/caches/pilot/mscnn_final_last_gtzan/gtzan__gtzan_blues_00090__track.npy.npz
mscnn_gtzan,no_safeguard,gtzan/gtzan_blues_00091/track.npy,gtzan,0.9,0.8417868977578341,0.8417868977578341,0.8417868977578341,0.5,0.7692307692307693,0.5,0.7692307692307693,0.4571428571428572,0.42356418297057347,0.6987422458281501,0.5611532143993618,0.0,0.0,0.48,0.64,59.0,0.0,0.0,0.660489584943741,25.0,0.0,0.0,0.667863646447783,0.0,/media/mengh/SharedData/zhanh/auto_structbeat/caches/pilot/mscnn_final_last_gtzan/gtzan__gtzan_blues_00091__track.npy.npz
mscnn_gtzan,no_safeguard,gtzan/gtzan_blues_00092/track.npy,gtzan,0.40963855421686746,0.3638552694335477,0.4229315543682107,0.3933934119008792,0.0,0.0,0.0,0.0,0.42857142857142855,0.3894379900292392,0.45364734279336916,0.42154266641130417,0.0,0.0,0.0,0.0,40.0,0.0,0.0,0.07827371640028749,13.0,0.0,0.0,0.048547748028128446,0.0,/media/mengh/SharedData/zhanh/auto_structbeat/caches/pilot/mscnn_final_last_gtzan/gtzan__gtzan_blues_00092__track.npy.npz
mscnn_gtzan,no_safeguard,gtzan/gtzan_blues_00093/track.npy,gtzan,0.3728813559322034,0.30784473104099264,0.3451629360785382,0.3265038335597654,0.0,0.0,0.09090909090909091,0.13636363636363635,0.0,7.089661693187739e-62,3.504704625732921e-60,1.787800621332399e-60,0.0,0.0,1.0,1.0,27.0,0.0,0.0,0.4286180428569712,6.0,0.0,0.0,0.009910379494558082,0.0,/media/mengh/SharedData/zhanh/auto_structbeat/caches/pilot/mscnn_final_last_gtzan/gtzan__gtzan_blues_00093__track.npy.npz
mscnn_gtzan,no_safeguard,gtzan/gtzan_blues_00094/track.npy,gtzan,0.9767441860465116,0.8406120962048842,0.8406120962048842,0.8406120962048842,1.0,1.0,1.0,1.0,0.9090909090909091,0.8001330129502956,0.8001330129502956,0.8001330129502956,1.0,1.0,1.0,1.0,52.0,0.0,0.0,0.06795719784222155,13.0,0.0,0.0,0.02554070376716827,0.0,/media/mengh/SharedData/zhanh/auto_structbeat/caches/pilot/mscnn_final_last_gtzan/gtzan__gtzan_blues_00094__track.npy.npz
mscnn_gtzan,no_safeguard,gtzan/gtzan_blues_00095/track.npy,gtzan,0.43636363636363634,0.38163150471046775,0.4653880095918396,0.4235097571511537,0.19298245614035087,0.2982456140350877,0.25,0.39285714285714285,0.30769230769230765,0.27194829889693867,0.27194829889693867,0.27194829889693867,0.42857142857142855,0.7142857142857143,0.42857142857142855,0.7142857142857143,64.0,0.0,0.015873015873015872,0.5942498055126761,15.0,0.0,0.0,0.6730337439628151,0.0,/media/mengh/SharedData/zhanh/auto_structbeat/caches/pilot/mscnn_final_last_gtzan/gtzan__gtzan_blues_00095__track.npy.npz
mscnn_gtzan,no_safeguard,gtzan/gtzan_blues_00096/track.npy,gtzan,0.6,0.5300560272766612,0.613730346459282,0.5718931868679716,0.08571428571428572,0.2,0.16326530612244897,0.3673469387755102,0.13333333333333333,0.1300006900428418,0.17727366823607563,0.1536371791394587,0.125,0.125,0.125,0.125,40.0,0.0,0.0,0.989951021089683,10.0,0.0,0.0,0.5176597886574259,0.0,/media/mengh/SharedData/zhanh/auto_structbeat/caches/pilot/mscnn_final_last_gtzan/gtzan__gtzan_blues_00096__track.npy.npz
mscnn_gtzan,no_safeguard,gtzan/gtzan_blues_00097/track.npy,gtzan,0.8352941176470587,0.7416347452884634,0.7524584147925742,0.7470465800405188,0.08080808080808081,0.32323232323232326,0.2535211267605634,0.39436619718309857,0.5238095238095238,0.4086538301482371,0.4086538301482371,0.4086538301482371,0.36,0.36,0.36,0.36,88.0,0.0,0.04597701149425287,0.4283886893316682,26.0,0.0,0.0,0.6305021091361586,0.0,/media/mengh/SharedData/zhanh/auto_structbeat/caches/pilot/mscnn_final_last_gtzan/gtzan__gtzan_blues_00097__track.npy.npz
mscnn_gtzan,no_safeguard,gtzan/gtzan_blues_00098/track.npy,gtzan,1.0,0.9704196110454644,0.9704196110454644,0.9704196110454644,1.0,1.0,1.0,1.0,1.0,0.977692761851756,0.977692761851756,0.977692761851756,1.0,1.0,1.0,1.0,63.0,0.0,0.0,0.04255961441879885,16.0,0.0,0.0,0.024796760388695435,0.0,/media/mengh/SharedData/zhanh/auto_structbeat/caches/pilot/mscnn_final_last_gtzan/gtzan__gtzan_blues_00098__track.npy.npz
mscnn_gtzan,no_safeguard,gtzan/gtzan_blues_00099/track.npy,gtzan,1.0,0.8672464213930977,0.8672464213930977,0.8672464213930977,1.0,1.0,1.0,1.0,1.0,0.8951040192000398,0.8951040192000398,0.8951040192000398,1.0,1.0,1.0,1.0,46.0,0.0,0.0,0.06252035698133299,15.0,0.0,0.0,0.040990380125771095,0.0,/media/mengh/SharedData/zhanh/auto_structbeat/caches/pilot/mscnn_final_last_gtzan/gtzan__gtzan_blues_00099__track.npy.npz
mscnn_gtzan,no_safeguard,gtzan/gtzan_classical_00000/track.npy,gtzan,1.0,0.8986782815025615,0.8986782815025615,0.8986782815025615,1.0,1.0,1.0,1.0,0.6666666666666666,0.6112907158806775,0.9110929943758768,0.7611918551282771,0.0,0.0,0.95,0.95,47.0,0.0,0.0,0.06453852113757479,24.0,0.0,0.0,0.06103383027341719,0.0,/media/mengh/SharedData/zhanh/auto_structbeat/caches/pilot/mscnn_final_last_gtzan/gtzan__gtzan_classical_00000__track.npy.npz
mscnn_gtzan,no_safeguard,gtzan/gtzan_classical_00001/track.npy,gtzan,0.7804878048780487,0.5806301800397803,0.5806301800397803,0.5806301800397803,0.48936170212765956,0.5106382978723404,0.48936170212765956,0.5106382978723404,0.36363636363636365,0.2323537527013646,0.3651273256735729,0.2987405391874688,0.0,0.0,0.5,0.5,45.0,0.0,0.0,0.4035645676976974,8.0,0.0,0.0,0.4885415144960956,0.0,/media/mengh/SharedData/zhanh/auto_structbeat/caches/pilot/mscnn_final_last_gtzan/gtzan__gtzan_classical_00001__track.npy.npz
mscnn_gtzan,no_safeguard,gtzan/gtzan_classical_00002/track.npy,gtzan,0.64,0.4938887567742368,0.6524745594022442,0.5731816580882405,0.012048192771084338,0.012048192771084338,0.8809523809523809,0.8809523809523809,0.34285714285714286,0.29010198905751045,0.35472984651456857,0.3224159177860395,0.0,0.0,0.0,0.0,50.0,0.0,0.0,0.45675840249571986,16.0,0.0,0.0,0.15851675944278737,0.0,/media/mengh/SharedData/zhanh/auto_structbeat/caches/pilot/mscnn_final_last_gtzan/gtzan__gtzan_classical_00002__track.npy.npz
mscnn_gtzan,no_safeguard,gtzan/gtzan_classical_00003/track.npy,gtzan,0.7450980392156864,0.6439935584324652,0.6439935584324652,0.6439935584324652,0.48148148148148145,0.7407407407407407,0.48148148148148145,0.7407407407407407,0.5454545454545454,0.5121838799714543,0.7042528349607498,0.608218357466102,0.0,0.0,1.0,1.0,30.0,0.0,0.0,0.5960383220172469,5.0,0.0,0.0,0.20248736144073995,0.0,/media/mengh/SharedData/zhanh/auto_structbeat/caches/pilot/mscnn_final_last_gtzan/gtzan__gtzan_classical_00003__track.npy.npz
mscnn_gtzan,no_safeguard,gtzan/gtzan_classical_00004/track.npy,gtzan,0.627450980392157,0.49190804818913736,0.7378620722832119,0.6148850602361746,0.0,0.0,1.0,1.0,0.9411764705882353,0.7269331610693074,0.7269331610693074,0.7269331610693074,1.0,1.0,1.0,1.0,41.0,0.0,0.0,0.1062654992098203,21.0,0.0,0.0,0.029855050662375718,0.0,/media/mengh/SharedData/zhanh/auto_structbeat/caches/pilot/mscnn_final_last_gtzan/gtzan__gtzan_classical_00004__track.npy.npz
mscnn_gtzan,no_safeguard,gtzan/gtzan_classical_00005/track.npy,gtzan,0.8869565217391304,0.6836788064805527,0.6836788064805527,0.6836788064805527,0.3793103448275862,0.8620689655172413,0.3793103448275862,0.8620689655172413,0.6285714285714286,0.5136613689684286,0.5136613689684286,0.5136613689684286,0.5263157894736842,0.5263157894736842,0.5263157894736842,0.5263157894736842,69.0,0.0,0.0,0.17379808352125764,20.0,0.0,0.0,0.33978465541308617,0.0,/media/mengh/SharedData/zhanh/auto_structbeat/caches/pilot/mscnn_final_last_gtzan/gtzan__gtzan_classical_00005__track.npy.npz
mscnn_gtzan,no_safeguard,gtzan/gtzan_classical_00006/track.npy,gtzan,0.6842105263157895,0.5330882099910685,0.5330882099910685,0.5330882099910685,0.375,0.7,0.375,0.7,0.20000000000000004,0.17353003036878803,0.2310591957142878,0.2022946130415379,0.3,0.3,0.3,0.3,44.0,0.0,0.0,0.19834101111983946,13.0,0.0,0.0,0.3272691628805096,0.0,/media/mengh/SharedData/zhanh/auto_structbeat/caches/pilot/mscnn_final_last_gtzan/gtzan__gtzan_classical_00006__track.npy.npz
mscnn_gtzan,no_safeguard,gtzan/gtzan_classical_00007/track.npy,gtzan,0.5894736842105264,0.43427898925235203,0.43427898925235203,0.43427898925235203,0.3,0.52,0.3,0.52,0.0,0.011330347555142353,0.2057316631256261,0.10853100534038423,0.0,0.0,0.07692307692307693,0.07692307692307693,56.0,0.0,0.0,0.7398831679785359,15.0,0.0,0.0,0.6558229722149287,0.0,/media/mengh/SharedData/zhanh/auto_structbeat/caches/pilot/mscnn_final_last_gtzan/gtzan__gtzan_classical_00007__track.npy.npz
mscnn_gtzan,no_safeguard,gtzan/gtzan_classical_00008/track.npy,gtzan,0.7659574468085106,0.5587232138895861,0.5623093768875057,0.5605162953885459,0.17857142857142858,0.3392857142857143,0.34210526315789475,0.4473684210526316,0.6451612903225806,0.466738328798018,0.4961907724751162,0.4814645506365671,0.35294117647058826,0.35294117647058826,0.35294117647058826,0.35294117647058826,50.0,0.0,0.0,0.7160164975033804,23.0,0.0,0.0,0.7905213445851205,0.0,/media/mengh/SharedData/zhanh/auto_structbeat/caches/pilot/mscnn_final_last_gtzan/gtzan__gtzan_classical_00008__track.npy.npz
mscnn_gtzan,no_safeguard,gtzan/gtzan_classical_00009/track.npy,gtzan,0.21739130434782608,0.17151018648354915,0.17151018648354915,0.17151018648354915,0.28,0.52,0.28,0.52,0.0,3.548174199512651e-06,5.322261299268976e-06,4.435217749390814e-06,0.0,0.0,1.0,1.0,25.0,0.0,0.0,0.3709233549913112,4.0,0.0,0.0,0.1767589438090037,0.0,/media/mengh/SharedData/zhanh/auto_structbeat/caches/pilot/mscnn_final_last_gtzan/gtzan__gtzan_classical_00009__track.npy.npz
mscnn_gtzan,no_safeguard,gtzan/gtzan_classical_00010/track.npy,gtzan,0.45652173913043476,0.3496879335306582,0.42915198102234514,0.3894199572765017,0.3125,0.3541666666666667,0.3125,0.375,0.0,8.42068681639675e-10,0.20219727923565445,0.10109864003886157,0.0,0.0,0.8333333333333334,0.8333333333333334,56.0,0.0,0.0,0.24087072376681837,14.0,0.0,0.0,0.3892087378869004,0.0,/media/mengh/SharedData/zhanh/auto_structbeat/caches/pilot/mscnn_final_last_gtzan/gtzan__gtzan_classical_00010__track.npy.npz
mscnn_gtzan,no_safeguard,gtzan/gtzan_classical_00011/track.npy,gtzan,0.8275862068965517,0.6223871015287611,0.6223871015287611,0.6223871015287611,0.6875,0.78125,0.6875,0.78125,0.375,0.21475077627000824,0.32181383752049014,0.2682823068952492,0.25,0.25,0.25,0.25,32.0,0.0,0.0,0.4523719267449734,10.0,0.0,0.0,0.24616558016811182,0.0,/media/mengh/SharedData/zhanh/auto_structbeat/caches/pilot/mscnn_final_last_gtzan/gtzan__gtzan_classical_00011__track.npy.npz
mscnn_gtzan,no_safeguard,gtzan/gtzan_classical_00012/track.npy,gtzan,0.625,0.474761082447987,0.474761082447987,0.474761082447987,0.18421052631578946,0.3684210526315789,0.18421052631578946,0.3684210526315789,0.2857142857142857,0.16746874943721188,0.24442664843183248,0.2059476989345222,0.0,0.0,0.2,0.2,33.0,0.0,0.0,0.6782206989851036,7.0,0.0,0.0,0.2988070270721085,0.0,/media/mengh/SharedData/zhanh/auto_structbeat/caches/pilot/mscnn_final_last_gtzan/gtzan__gtzan_classical_00012__track.npy.npz
mscnn_gtzan,no_safeguard,gtzan/gtzan_classical_00013/track.npy,gtzan,0.8461538461538461,0.7259367421812317,0.7259367421812317,0.7259367421812317,0.5,0.8653846153846154,0.5,0.8653846153846154,0.2580645161290323,0.22731642497260995,0.32030950791595036,0.27381296644428016,0.0,0.0,0.0,0.0,63.0,0.0,0.0,0.08338160893905688,15.0,0.0,0.0,0.08595614666096546,0.0,/media/mengh/SharedData/zhanh/auto_structbeat/caches/pilot/mscnn_final_last_gtzan/gtzan__gtzan_classical_00013__track.npy.npz
mscnn_gtzan,no_safeguard,gtzan/gtzan_classical_00014/track.npy,gtzan,0.7272727272727273,0.5279032491026155,0.569384151304247,0.5486437002034312,0.21311475409836064,0.2786885245901639,0.3684210526315789,0.5,0.5625,0.4794230046680387,0.4794230046680387,0.4794230046680387,0.4117647058823529,0.4117647058823529,0.4117647058823529,0.4117647058823529,56.0,0.0,0.03636363636363636,0.6466271649250503,20.0,0.0,0.0,0.6878840058492122,0.0,/media/mengh/SharedData/zhanh/auto_structbeat/caches/pilot/mscnn_final_last_gtzan/gtzan__gtzan_classical_00014__track.npy.npz
mscnn_gtzan,no_safeguard,gtzan/gtzan_classical_00015/track.npy,gtzan,0.5098039215686274,0.391546666447489,0.391546666447489,0.391546666447489,0.18181818181818182,0.3333333333333333,0.2777777777777778,0.3333333333333333,0.16666666666666666,0.13271225785490093,0.22750672775125874,0.18010949280307983,0.0,0.0,0.4,0.4,18.0,0.0,0.0,0.719815427642106,3.0,0.0,0.0,0.3345782966611419,0.0,/media/mengh/SharedData/zhanh/auto_structbeat/caches/pilot/mscnn_final_last_gtzan/gtzan__gtzan_classical_00015__track.npy.npz
mscnn_gtzan,no_safeguard,gtzan/gtzan_classical_00016/track.npy,gtzan,0.8809523809523809,0.6582170493707254,0.6582170493707254,0.6582170493707254,0.9761904761904762,0.9761904761904762,0.9761904761904762,0.9761904761904762,0.34285714285714286,0.2507263202704192,0.31340790033802396,0.2820671103042216,0.0,0.0,0.0,0.0,50.0,0.0,0.0,0.11697998592858506,25.0,0.0,0.0,0.05026678468114492,0.0,/media/mengh/SharedData/zhanh/auto_structbeat/caches/pilot/mscnn_final_last_gtzan/gtzan__gtzan_classical_00016__track.npy.npz
mscnn_gtzan,no_safeguard,gtzan/gtzan_classical_00017/track.npy,gtzan,0.7153284671532847,0.5208644748087232,0.5208644748087232,0.5208644748087232,0.2054794520547945,0.4794520547945205,0.2054794520547945,0.4794520547945205,0.5217391304347826,0.37876508732776004,0.45540829011660877,0.4170866887221844,0.17857142857142858,0.17857142857142858,0.2571428571428571,0.4,71.0,0.0,0.014285714285714285,0.5150540811313998,32.0,0.0,0.0,0.5244951586056871,0.0,/media/mengh/SharedData/zhanh/auto_structbeat/caches/pilot/mscnn_final_last_gtzan/gtzan__gtzan_classical_00017__track.npy.npz
mscnn_gtzan,no_safeguard,gtzan/gtzan_classical_00018/track.npy,gtzan,0.32,0.25259959544391275,0.3714699932998717,0.3120347943718922,0.0,0.0,1.0,1.0,0.5,0.42548452401992365,0.42548452401992365,0.42548452401992365,1.0,1.0,1.0,1.0,18.0,0.0,0.0,0.07228305452296754,9.0,0.0,0.0,0.0643201184421134,0.0,/media/mengh/SharedData/zhanh/auto_structbeat/caches/pilot/mscnn_final_last_gtzan/gtzan__gtzan_classical_00018__track.npy.npz
mscnn_gtzan,no_safeguard,gtzan/gtzan_classical_00019/track.npy,gtzan,0.6206896551724138,0.3631478702991814,0.399163448984564,0.3811556596418727,0.25,0.25,0.35,0.4,0.0,5.184571281516301e-47,4.2662876277930796e-44,2.1357360995372979e-44,0.0,0.0,0.0,0.0,18.0,0.0,0.0,0.7562772176339995,9.0,0.0,0.0,0.533139978897412,0.0,/media/mengh/SharedData/zhanh/auto_structbeat/caches/pilot/mscnn_final_last_gtzan/gtzan__gtzan_classical_00019__track.npy.npz
mscnn_gtzan,no_safeguard,gtzan/gtzan_classical_00020/track.npy,gtzan,0.7857142857142858,0.6158551306796612,0.6158551306796612,0.6158551306796612,0.4915254237288136,0.6610169491525424,0.4915254237288136,0.6610169491525424,0.7368421052631577,0.5603281525718476,0.5603281525718476,0.5603281525718476,0.85,0.85,0.85,0.85,64.0,0.0,0.0,0.2424190969694739,21.0,0.0,0.0,0.11104549745656822,0.0,/media/mengh/SharedData/zhanh/auto_structbeat/caches/pilot/mscnn_final_last_gtzan/gtzan__gtzan_classical_00020__track.npy.npz
mscnn_gtzan,no_safeguard,gtzan/gtzan_classical_00021/track.npy,gtzan,0.42384105960264895,0.3675221991428479,0.5808841427329302,0.47420317093788905,0.0,0.0,0.16071428571428573,0.35714285714285715,0.6808510638297872,0.5935954097136669,0.5935954097136669,0.5935954097136669,0.39285714285714285,0.39285714285714285,0.42105263157894735,0.42105263157894735,51.0,0.0,0.0,0.18756176477520664,25.0,0.0,0.0,0.1077019433918601,0.0,/media/mengh/SharedData/zhanh/auto_structbeat/caches/pilot/mscnn_final_last_gtzan/gtzan__gtzan_classical_00021__track.npy.npz
mscnn_gtzan,no_safeguard,gtzan/gtzan_classical_00022/track.npy,gtzan,0.6938775510204082,0.5144583500400786,0.5144583500400786,0.5144583500400786,0.3508771929824561,0.43859649122807015,0.3508771929824561,0.43859649122807015,0.4,0.3041771361005609,0.3041771361005609,0.3041771361005609,0.4,0.4,0.4,0.4,66.0,0.0,0.0,0.5993333404984419,19.0,0.0,0.0,0.2868818305151718,0.0,/media/mengh/SharedData/zhanh/auto_structbeat/caches/pilot/mscnn_final_last_gtzan/gtzan__gtzan_classical_00022__track.npy.npz
mscnn_gtzan,no_safeguard,gtzan/gtzan_classical_00023/track.npy,gtzan,0.3582089552238806,0.26352310026769316,0.26352310026769316,0.26352310026769316,0.10256410256410256,0.23076923076923078,0.10256410256410256,0.23076923076923078,0.34782608695652173,0.27317585049094445,0.27317585049094445,0.27317585049094445,0.23076923076923078,0.38461538461538464,0.23076923076923078,0.38461538461538464,35.0,0.0,0.0,0.7347895514104704,12.0,0.0,0.0,0.9325540229832522,0.0,/media/mengh/SharedData/zhanh/auto_structbeat/caches/pilot/mscnn_final_last_gtzan/gtzan__gtzan_classical_00023__track.npy.npz
mscnn_gtzan,no_safeguard,gtzan/gtzan_classical_00024/track.npy,gtzan,0.9682539682539683,0.8373815075676441,0.8373815075676441,0.8373815075676441,0.4375,0.90625,0.4375,0.90625,0.9523809523809523,0.8490290867334394,0.8490290867334394,0.8490290867334394,0.9090909090909091,0.9090909090909091,0.9090909090909091,0.9090909090909091,75.0,0.0,0.0,0.1986503546020519,25.0,0.0,0.0,0.03448617607117013,0.0,/media/mengh/SharedData/zhanh/auto_structbeat/caches/pilot/mscnn_final_last_gtzan/gtzan__gtzan_classical_00024__track.npy.npz
mscnn_gtzan,no_safeguard,gtzan/gtzan_classical_00025/track.npy,gtzan,0.764705882352941,0.6071642154299483,0.6071642154299483,0.6071642154299483,0.2545454545454545,0.6545454545454545,0.2545454545454545,0.6545454545454545,0.5625000000000001,0.5089248619022154,0.6321708469352624,0.5705478544187389,0.05555555555555555,0.05555555555555555,0.48148148148148145,0.48148148148148145,58.0,0.0,0.0,0.6106465091491978,21.0,0.0,0.0,0.699183683366767,0.0,/media/mengh/SharedData/zhanh/auto_structbeat/caches/pilot/mscnn_final_last_gtzan/gtzan__gtzan_classical_00025__track.npy.npz
mscnn_gtzan,no_safeguard,gtzan/gtzan_classical_00026/track.npy,gtzan,0.5106382978723405,0.33741790452616777,0.501865275962689,0.4196415902444284,0.0,0.0,0.6774193548387096,0.9032258064516129,0.7741935483870969,0.5358618777312444,0.5358618777312444,0.5358618777312444,0.8125,0.8125,0.8125,0.8125,44.0,0.0,0.0,0.4691911120229747,22.0,0.0,0.0,0.8495499632402804,0.0,/media/mengh/SharedData/zhanh/auto_structbeat/caches/pilot/mscnn_final_last_gtzan/gtzan__gtzan_classical_00026__track.npy.npz
mscnn_gtzan,no_safeguard,gtzan/gtzan_classical_00027/track.npy,gtzan,0.0,6.679437719738169e-10,0.4955237339996904,0.24776186733381708,0.0,0.0,0.36666666666666664,0.6666666666666666,0.0,2.4942612800737296e-18,3.659682897861699e-10,1.829841461402156e-10,0.0,0.0,0.06666666666666667,0.06666666666666667,26.0,0.0,0.0,0.5360605919583585,13.0,0.0,0.0,0.45808363373130756,0.0,/media/mengh/SharedData/zhanh/auto_structbeat/caches/pilot/mscnn_final_last_gtzan/gtzan__gtzan_classical_00027__track.npy.npz
mscnn_gtzan,no_safeguard,gtzan/gtzan_classical_00028/track.npy,gtzan,0.6511627906976744,0.516507470987585,0.516507470987585,0.516507470987585,0.2692307692307692,0.2692307692307692,0.2692307692307692,0.29850746268656714,0.45161290322580644,0.3213415862230618,0.4332996443587326,0.3773206152908972,0.0,0.0,0.6190476190476191,0.6190476190476191,65.0,0.0,0.0,0.4165449864560988,24.0,0.0,0.0,0.08611045171449629,0.0,/media/mengh/SharedData/zhanh/auto_structbeat/caches/pilot/mscnn_final_last_gtzan/gtzan__gtzan_classical_00028__track.npy.npz
mscnn_gtzan,no_safeguard,gtzan/gtzan_classical_00029/track.npy,gtzan,0.7397260273972602,0.5882925806142878,0.5882925806142878,0.5882925806142878,0.45454545454545453,0.45454545454545453,0.45454545454545453,0.45454545454545453,0.0,1.3296139206560445e-92,0.15239867928111112,0.07619933964055556,0.0,0.0,0.16666666666666666,0.16666666666666666,65.0,0.0,0.046875,0.4867606437137954,9.0,0.0,0.0,0.6588086414032691,0.0,/media/mengh/SharedData/zhanh/auto_structbeat/caches/pilot/mscnn_final_last_gtzan/gtzan__gtzan_classical_00029__track.npy.npz
mscnn_gtzan,no_safeguard,gtzan/gtzan_classical_00030/track.npy,gtzan,0.5376344086021505,0.3996713534766221,0.3996713534766221,0.3996713534766221,0.38,0.56,0.38,0.56,0.4117647058823529,0.28310176595929404,0.3773325217850592,0.3302171438721766,0.0,0.0,0.782608695652174,0.782608695652174,53.0,0.0,0.0,0.22712763613879886,27.0,0.0,0.0,0.2568740916252644,0.0,/media/mengh/SharedData/zhanh/auto_structbeat/caches/pilot/mscnn_final_last_gtzan/gtzan__gtzan_classical_00030__track.npy.npz
mscnn_gtzan,no_safeguard,gtzan/gtzan_classical_00031/track.npy,gtzan,0.7916666666666667,0.6294969310739371,0.6294969310739371,0.6294969310739371,0.66,0.68,0.66,0.68,0.0,1.2046841302280862e-08,0.05016448334588676,0.02508224769636403,0.0,0.0,0.0,0.0,63.0,0.0,0.016129032258064516,0.4168938039317878,29.0,0.0,0.0,0.24948530569206206,0.0,/media/mengh/SharedData/zhanh/auto_structbeat/caches/pilot/mscnn_final_last_gtzan/gtzan__gtzan_classical_00031__track.npy.npz
mscnn_gtzan,no_safeguard,gtzan/gtzan_classical_00032/track.npy,gtzan,0.0,0.0010492536675080664,0.004989743272584758,0.003019498470046412,0.08333333333333333,0.08333333333333333,0.08695652173913043,0.13043478260869565,0.0,9.195514425132325e-15,3.2829742646388663e-09,1.6414917300766457e-09,0.0,0.0,0.0,0.0,11.0,0.0,0.0,0.29106378588329906,3.0,0.0,0.0,0.10299923947214595,0.0,/media/mengh/SharedData/zhanh/auto_structbeat/caches/pilot/mscnn_final_last_gtzan/gtzan__gtzan_classical_00032__track.npy.npz
mscnn_gtzan,no_safeguard,gtzan/gtzan_classical_00033/track.npy,gtzan,0.26666666666666666,0.22856773955819457,0.22856773955819457,0.22856773955819457,0.022727272727272728,0.045454545454545456,0.05747126436781609,0.05747126436781609,0.0,1.040142308356939e-06,1.5602134625354085e-06,1.3001778854461737e-06,0.09090909090909091,0.09090909090909091,0.16666666666666666,0.16666666666666666,16.0,0.0,0.0,0.9050934569755901,4.0,0.0,0.0,0.6567235889165715,0.0,/media/mengh/SharedData/zhanh/auto_structbeat/caches/pilot/mscnn_final_last_gtzan/gtzan__gtzan_classical_00033__track.npy.npz
mscnn_gtzan,no_safeguard,gtzan/gtzan_classical_00034/track.npy,gtzan,0.1111111111111111,0.10678957967025868,0.13928685866662222,0.12303821916844045,0.0,0.0,0.18518518518518517,0.18518518518518517,0.0,4.9655589732004183e-11,6.319802329527804e-11,5.6426806513641114e-11,0.14285714285714285,0.14285714285714285,0.2857142857142857,0.2857142857142857,32.0,0.0,0.0,0.7966005650278378,8.0,0.0,0.0,0.4786879459839716,0.0,/media/mengh/SharedData/zhanh/auto_structbeat/caches/pilot/mscnn_final_last_gtzan/gtzan__gtzan_classical_00034__track.npy.npz
mscnn_gtzan,no_safeguard,gtzan/gtzan_classical_00035/track.npy,gtzan,0.6956521739130435,0.5935357758900037,0.5935357758900037,0.5935357758900037,0.47619047619047616,0.49206349206349204,0.47619047619047616,0.49206349206349204,0.8333333333333333,0.6643362703686297,0.6643362703686297,0.6643362703686297,0.47619047619047616,0.47619047619047616,0.47619047619047616,0.47619047619047616,64.0,0.0,0.0,0.693147180559944,18.0,0.0,0.0,0.6074262501873284,0.0,/media/mengh/SharedData/zhanh/auto_structbeat/caches/pilot/mscnn_final_last_gtzan/gtzan__gtzan_classical_00035__track.npy.npz
mscnn_gtzan,no_safeguard,gtzan/gtzan_classical_00036/track.npy,gtzan,0.4444444444444445,0.3725682241365506,0.3725682241365506,0.3725682241365506,0.20833333333333334,0.25,0.20833333333333334,0.25,0.20000000000000004,0.19900249583853583,0.24875311979816978,0.22387780781835281,0.0,0.0,0.0,0.0,24.0,0.0,0.0,0.7472272733731894,5.0,0.0,0.0,0.6274330352174887,0.0,/media/mengh/SharedData/zhanh/auto_structbeat/caches/pilot/mscnn_final_last_gtzan/gtzan__gtzan_classical_00036__track.npy.npz
mscnn_gtzan,no_safeguard,gtzan/gtzan_classical_00037/track.npy,gtzan,0.30952380952380953,0.28438798598060244,0.28438798598060244,0.28438798598060244,0.0,0.0,0.13333333333333333,0.2,0.18181818181818185,0.1861455397841608,0.2559501172015327,0.22104782849284677,0.0,0.0,0.08333333333333333,0.08333333333333333,36.0,0.0,0.0,0.6270243456243836,11.0,0.0,0.0,0.5951595016423333,0.0,/media/mengh/SharedData/zhanh/auto_structbeat/caches/pilot/mscnn_final_last_gtzan/gtzan__gtzan_classical_00037__track.npy.npz
mscnn_gtzan,no_safeguard,gtzan/gtzan_classical_00038/track.npy,gtzan,0.24489795918367346,0.16281923408437632,0.16320224092557503,0.1630107375049757,0.12903225806451613,0.12903225806451613,0.12903225806451613,0.12903225806451613,0.23529411764705882,0.23143801335984265,0.26438380274580403,0.24791090805282334,0.0,0.0,0.2,0.2,24.0,0.0,0.0,0.638812685985738,12.0,0.0,0.0,0.6053953469901964,0.0,/media/mengh/SharedData/zhanh/auto_structbeat/caches/pilot/mscnn_final_last_gtzan/gtzan__gtzan_classical_00038__track.npy.npz
mscnn_gtzan,no_safeguard,gtzan/gtzan_classical_00039/track.npy,gtzan,0.0,0.0,0.0,0.0,0.0,0.0,0.0,0.0,0.0,0.0,0.0,0.0,0.0,0.0,0.0,0.0,6.0,0.0,0.0,1.1766350472085683,3.0,0.0,0.0,0.3923930265408112,0.0,/media/mengh/SharedData/zhanh/auto_structbeat/caches/pilot/mscnn_final_last_gtzan/gtzan__gtzan_classical_00039__track.npy.npz
mscnn_gtzan,no_safeguard,gtzan/gtzan_classical_00040/track.npy,gtzan,0.23728813559322035,0.22334681187154948,0.22334681187154948,0.22334681187154948,0.1282051282051282,0.1282051282051282,0.1282051282051282,0.1282051282051282,0.0,4.66837379873659e-05,0.02676694376920148,0.013406813753594423,0.0,0.0,0.25,0.25,20.0,0.0,0.0,0.8406559929568742,4.0,0.0,0.0,0.15359429679385062,0.0,/media/mengh/SharedData/zhanh/auto_structbeat/caches/pilot/mscnn_final_last_gtzan/gtzan__gtzan_classical_00040__track.npy.npz
mscnn_gtzan,no_safeguard,gtzan/gtzan_classical_00041/track.npy,gtzan,0.1111111111111111,0.1029830299184964,0.15373501917291535,0.12835902454570586,0.0,0.0,0.0,0.0,0.0,8.667535036008794e-14,1.1556713381345058e-13,1.0112124208676927e-13,0.0,0.0,0.0,0.0,13.0,0.0,0.08333333333333333,0.6404669227310307,3.0,0.0,0.0,0.07275935428242833,0.0,/media/mengh/SharedData/zhanh/auto_structbeat/caches/pilot/mscnn_final_last_gtzan/gtzan__gtzan_classical_00041__track.npy.npz
mscnn_gtzan,no_safeguard,gtzan/gtzan_classical_00042/track.npy,gtzan,0.72,0.5425759114544695,0.5425759114544695,0.5425759114544695,0.5121951219512195,0.6585365853658537,0.5121951219512195,0.6585365853658537,0.64,0.5193576462471757,0.5193576462471757,0.5193576462471757,0.5,0.5,0.5,0.5,51.0,0.0,0.0,0.6889586606130291,17.0,0.0,0.0,0.817804714943195,0.0,/media/mengh/SharedData/zhanh/auto_structbeat/caches/pilot/mscnn_final_last_gtzan/gtzan__gtzan_classical_00042__track.npy.npz
mscnn_gtzan,no_safeguard,gtzan/gtzan_classical_00043/track.npy,gtzan,0.5365853658536586,0.4670745131988457,0.4670745131988457,0.4670745131988457,0.11764705882352941,0.11764705882352941,0.3225806451612903,0.3870967741935484,0.1111111111111111,0.11055694213252039,0.1658354131987806,0.13819617766565048,0.0,0.0,0.0,0.0,36.0,0.0,0.0,0.5813145651330917,5.0,0.0,0.0,0.5706702135843771,0.0,/media/mengh/SharedData/zhanh/auto_structbeat/caches/pilot/mscnn_final_last_gtzan/gtzan__gtzan_classical_00043__track.npy.npz
mscnn_gtzan,no_safeguard,gtzan/gtzan_classical_00044/track.npy,gtzan,0.22222222222222224,0.20241690183931954,0.24145895253878608,0.2219379271890528,0.0,0.0,0.1,0.1,0.2105263157894737,0.20190829742940078,0.26251932762314084,0.23221381252627082,0.1,0.1,0.2,0.2,25.0,0.0,0.0,0.9053664164404049,13.0,0.0,0.0,0.5716992516522901,0.0,/media/mengh/SharedData/zhanh/auto_structbeat/caches/pilot/mscnn_final_last_gtzan/gtzan__gtzan_classical_00044__track.npy.npz
mscnn_gtzan,no_safeguard,gtzan/gtzan_classical_00045/track.npy,gtzan,0.8607594936708861,0.6999153593654499,0.6999153593654499,0.6999153593654499,0.975,0.975,0.975,0.975,0.3636363636363636,0.2827268604274122,0.41087430270900616,0.34680058156820914,0.0,0.0,0.42105263157894735,0.42105263157894735,47.0,0.0,0.0,0.06413488830632322,13.0,0.0,0.0,0.6921862471649984,0.0,/media/mengh/SharedData/zhanh/auto_structbeat/caches/pilot/mscnn_final_last_gtzan/gtzan__gtzan_classical_00045__track.npy.npz
mscnn_gtzan,no_safeguard,gtzan/gtzan_classical_00046/track.npy,gtzan,0.21538461538461542,0.1337514460284972,0.21128816336295206,0.17251980469572464,0.0,0.0,0.23076923076923078,0.23076923076923078,0.0,1.2818514354891877e-28,6.165176308093344e-11,3.082588154046672e-11,0.0,0.0,0.07692307692307693,0.07692307692307693,18.0,0.0,0.0,0.4150801721815821,7.0,0.0,0.0,0.1582061116614419,0.0,/media/mengh/SharedData/zhanh/auto_structbeat/caches/pilot/mscnn_final_last_gtzan/gtzan__gtzan_classical_00046__track.npy.npz
mscnn_gtzan,no_safeguard,gtzan/gtzan_classical_00047/track.npy,gtzan,0.0,0.0,0.0,0.0,0.0,0.0,0.0,0.0,0.0,0.0,0.0,0.0,0.0,0.0,0.0,0.0,1.0,0.0,0.0,,1.0,0.0,0.0,,0.0,/media/mengh/SharedData/zhanh/auto_structbeat/caches/pilot/mscnn_final_last_gtzan/gtzan__gtzan_classical_00047__track.npy.npz
mscnn_gtzan,no_safeguard,gtzan/gtzan_classical_00048/track.npy,gtzan,0.275,0.2135223898256343,0.3313577788761751,0.2724400843509047,0.06818181818181818,0.09090909090909091,0.14084507042253522,0.14084507042253522,0.2105263157894737,0.12555584107856407,0.1742644520702392,0.14991014657440163,0.0,0.0,0.23529411764705882,0.23529411764705882,52.0,0.0,0.0,0.669391269870696,12.0,0.0,0.0,0.38242293194619714,0.0,/media/mengh/SharedData/zhanh/auto_structbeat/caches/pilot/mscnn_final_last_gtzan/gtzan__gtzan_classical_00048__track.npy.npz
mscnn_gtzan,no_safeguard,gtzan/gtzan_classical_00049/track.npy,gtzan,0.36,0.2212999417755741,0.2212999417755741,0.2212999417755741,0.16129032258064516,0.1935483870967742,0.16129032258064516,0.1935483870967742,0.3333333333333333,0.21747076420698497,0.24805471138556345,0.2327627377962742,0.25,0.25,0.25,0.25,30.0,0.0,0.0,0.6696689346110034,6.0,0.0,0.0,0.41341998168341504,0.0,/media/mengh/SharedData/zhanh/auto_structbeat/caches/pilot/mscnn_final_last_gtzan/gtzan__gtzan_classical_00049__track.npy.npz
mscnn_gtzan,no_safeguard,gtzan/gtzan_classical_00050/track.npy,gtzan,0.3529411764705882,0.28165680679989097,0.31519341791750605,0.2984251123586985,0.3076923076923077,0.3076923076923077,0.3076923076923077,0.3076923076923077,0.16666666666666666,0.07393477678529074,0.11090216517793612,0.09241847098161343,0.0,0.0,0.0,0.0,8.0,0.0,0.0,0.13763466515264075,4.0,0.0,0.0,0.030065163183057336,0.0,/media/mengh/SharedData/zhanh/auto_structbeat/caches/pilot/mscnn_final_last_gtzan/gtzan__gtzan_classical_00050__track.npy.npz
mscnn_gtzan,no_safeguard,gtzan/gtzan_classical_00051/track.npy,gtzan,0.7380952380952381,0.6088684549114314,0.6088684549114314,0.6088684549114314,0.41304347826086957,0.4782608695652174,0.41304347826086957,0.4782608695652174,0.6666666666666666,0.5812545056766263,0.7074390723864294,0.6443467890315279,0.1875,0.1875,0.47619047619047616,0.6190476190476191,44.0,0.0,0.0,0.5657449630840027,19.0,0.0,0.0,0.5133981408892627,0.0,/media/mengh/SharedData/zhanh/auto_structbeat/caches/pilot/mscnn_final_last_gtzan/gtzan__gtzan_classical_00051__track.npy.npz
mscnn_gtzan,no_safeguard,gtzan/gtzan_classical_00052/track.npy,gtzan,1.0,0.8526007965893563,0.8526007965893563,0.8526007965893563,1.0,1.0,1.0,1.0,0.08888888888888889,0.059963917734346554,0.41140848896453774,0.23568620334944215,0.0,0.0,0.0,0.0,79.0,0.0,0.0,0.054067221270275564,16.0,0.0,0.0,0.3459541375997009,0.0,/media/mengh/SharedData/zhanh/auto_structbeat/caches/pilot/mscnn_final_last_gtzan/gtzan__gtzan_classical_00052__track.npy.npz
mscnn_gtzan,no_safeguard,gtzan/gtzan_classical_00053/track.npy,gtzan,0.8809523809523809,0.6435720903293951,0.6435720903293951,0.6435720903293951,0.18888888888888888,0.7,0.18888888888888888,0.7,0.912280701754386,0.669462654346611,0.669462654346611,0.669462654346611,0.9,0.9,0.9,0.9,88.0,0.0,0.0,0.3298929095418636,30.0,0.0,0.0,0.1546713094880573,0.0,/media/mengh/SharedData/zhanh/auto_structbeat/caches/pilot/mscnn_final_last_gtzan/gtzan__gtzan_classical_00053__track.npy.npz
mscnn_gtzan,no_safeguard,gtzan/gtzan_classical_00054/track.npy,gtzan,0.8169014084507041,0.6199829245742448,0.6199829245742448,0.6199829245742448,0.8378378378378378,0.8378378378378378,0.8378378378378378,0.8378378378378378,0.823529411764706,0.543430086551468,0.543430086551468,0.543430086551468,0.8888888888888888,0.8888888888888888,0.8888888888888888,0.8888888888888888,34.0,0.0,0.0,0.14921791133673823,8.0,0.0,0.0,0.0465200156348915,0.0,/media/mengh/SharedData/zhanh/auto_structbeat/caches/pilot/mscnn_final_last_gtzan/gtzan__gtzan_classical_00054__track.npy.npz
mscnn_gtzan,no_safeguard,gtzan/gtzan_classical_00055/track.npy,gtzan,0.55,0.35679895580838916,0.35679895580838916,0.35679895580838916,0.36363636363636365,0.5,0.36363636363636365,0.5,0.5882352941176471,0.27685471543853607,0.27685471543853607,0.27685471543853607,0.5454545454545454,0.5454545454545454,0.5454545454545454,0.5454545454545454,18.0,0.0,0.0,0.49647381134405116,6.0,0.0,0.0,0.11005224450509632,0.0,/media/mengh/SharedData/zhanh/auto_structbeat/caches/pilot/mscnn_final_last_gtzan/gtzan__gtzan_classical_00055__track.npy.npz
mscnn_gtzan,no_safeguard,gtzan/gtzan_classical_00056/track.npy,gtzan,0.4657534246575342,0.27267900911782483,0.3407396271024173,0.30670931811012103,0.13043478260869565,0.13043478260869565,0.4074074074074074,0.4074074074074074,0.35294117647058826,0.21907703710432797,0.2779871708262253,0.24853210396527664,0.0,0.0,0.0,0.0,31.0,0.0,0.0,0.8225810677305899,4.0,0.0,0.0,0.2817649678567414,0.0,/media/mengh/SharedData/zhanh/auto_structbeat/caches/pilot/mscnn_final_last_gtzan/gtzan__gtzan_classical_00056__track.npy.npz
mscnn_gtzan,no_safeguard,gtzan/gtzan_classical_00057/track.npy,gtzan,0.27659574468085113,0.22243979031791847,0.2523283852726683,0.2373840877952934,0.06,0.14,0.06,0.14,0.1142857142857143,0.10717771077248746,0.11848763844407213,0.1128326746082798,0.0,0.0,0.16666666666666666,0.16666666666666666,50.0,0.0,0.0,0.6120181966582607,24.0,0.0,0.0,0.43197646770672987,0.0,/media/mengh/SharedData/zhanh/auto_structbeat/caches/pilot/mscnn_final_last_gtzan/gtzan__gtzan_classical_00057__track.npy.npz
mscnn_gtzan,no_safeguard,gtzan/gtzan_classical_00058/track.npy,gtzan,0.7843137254901961,0.5832991929245919,0.5832991929245919,0.5832991929245919,0.5714285714285714,0.6428571428571429,0.5714285714285714,0.6428571428571429,0.6250000000000001,0.5574179886543187,0.5574179886543187,0.5574179886543187,0.5555555555555556,0.5555555555555556,0.5555555555555556,0.5555555555555556,29.0,0.0,0.0,0.6109214942842879,9.0,0.0,0.0,0.38339080171026285,0.0,/media/mengh/SharedData/zhanh/auto_structbeat/caches/pilot/mscnn_final_last_gtzan/gtzan__gtzan_classical_00058__track.npy.npz
mscnn_gtzan,no_safeguard,gtzan/gtzan_classical_00059/track.npy,gtzan,0.8910891089108911,0.8055612767771838,0.8055612767771838,0.8055612767771838,0.4807692307692308,0.7884615384615384,0.4807692307692308,0.7884615384615384,0.5641025641025641,0.5270787389102128,0.726050376937661,0.626564557923937,0.0,0.0,0.46153846153846156,0.7307692307692307,63.0,0.0,0.0,0.6931471805599453,32.0,0.0,0.0,0.41274998282067554,0.0,/media/mengh/SharedData/zhanh/auto_structbeat/caches/pilot/mscnn_final_last_gtzan/gtzan__gtzan_classical_00059__track.npy.npz
mscnn_gtzan,no_safeguard,gtzan/gtzan_classical_00060/track.npy,gtzan,0.8155339805825242,0.7384263077112031,0.7384263077112031,0.7384263077112031,0.37735849056603776,0.7735849056603774,0.37735849056603776,0.7735849056603774,0.4,0.3700262014143037,0.44725863593341914,0.4086424186738614,0.38461538461538464,0.38461538461538464,0.46153846153846156,0.46153846153846156,63.0,0.0,0.0,0.733969175080207,15.0,0.0,0.0,0.4597602764521766,0.0,/media/mengh/SharedData/zhanh/auto_structbeat/caches/pilot/mscnn_final_last_gtzan/gtzan__gtzan_classical_00060__track.npy.npz
mscnn_gtzan,no_safeguard,gtzan/gtzan_classical_00061/track.npy,gtzan,0.6666666666666666,0.6012613237373393,0.901891985606009,0.7515766546716742,0.0,0.0,1.0,1.0,1.0,0.8979793598667689,0.8979793598667689,0.8979793598667689,1.0,1.0,1.0,1.0,38.0,0.0,0.0,0.050010420574661374,19.0,0.0,0.0,0.025975486403260594,0.0,/media/mengh/SharedData/zhanh/auto_structbeat/caches/pilot/mscnn_final_last_gtzan/gtzan__gtzan_classical_00061__track.npy.npz
mscnn_gtzan,no_safeguard,gtzan/gtzan_classical_00062/track.npy,gtzan,0.45569620253164556,0.3631050029190891,0.4316859643525427,0.3973954836358159,0.0,0.0,0.2597402597402597,0.2727272727272727,0.6666666666666665,0.5013737005789617,0.5013737005789617,0.5013737005789617,0.4666666666666667,0.4666666666666667,0.4666666666666667,0.4666666666666667,54.0,0.0,0.0,0.34746837565605054,18.0,0.0,0.0,0.8530705044982003,0.0,/media/mengh/SharedData/zhanh/auto_structbeat/caches/pilot/mscnn_final_last_gtzan/gtzan__gtzan_classical_00062__track.npy.npz
mscnn_gtzan,no_safeguard,gtzan/gtzan_classical_00063/track.npy,gtzan,0.7692307692307693,0.6592953866301928,0.6592953866301928,0.6592953866301928,0.23076923076923078,0.38461538461538464,0.34615384615384615,0.38461538461538464,0.6666666666666666,0.6185985303925607,0.6185985303925607,0.6185985303925607,0.36363636363636365,0.36363636363636365,0.36363636363636365,0.36363636363636365,32.0,0.0,0.0,0.702238296633109,14.0,0.0,0.0,0.6631786786537068,0.0,/media/mengh/SharedData/zhanh/auto_structbeat/caches/pilot/mscnn_final_last_gtzan/gtzan__gtzan_classical_00063__track.npy.npz
mscnn_gtzan,no_safeguard,gtzan/gtzan_classical_00064/track.npy,gtzan,0.6666666666666666,0.5316255046719439,0.5316255046719439,0.5316255046719439,0.24324324324324326,0.2702702702702703,0.24324324324324326,0.30434782608695654,0.23529411764705882,0.21981805758077594,0.33971881626119915,0.2797684369209875,0.0,0.0,0.2857142857142857,0.2857142857142857,27.0,0.0,0.0,0.6500551896003386,5.0,0.0,0.0,0.6510833725218221,0.0,/media/mengh/SharedData/zhanh/auto_structbeat/caches/pilot/mscnn_final_last_gtzan/gtzan__gtzan_classical_00064__track.npy.npz
mscnn_gtzan,no_safeguard,gtzan/gtzan_classical_00065/track.npy,gtzan,0.6419753086419753,0.5655158559730774,0.5655158559730774,0.5655158559730774,0.10869565217391304,0.2608695652173913,0.10869565217391304,0.2608695652173913,0.30303030303030304,0.24152854712632418,0.24152854712632418,0.24152854712632418,0.0,0.0,0.045454545454545456,0.09090909090909091,53.0,0.0,0.057692307692307696,0.6830458269011894,25.0,0.0,0.0,0.6295685224035612,0.0,/media/mengh/SharedData/zhanh/auto_structbeat/caches/pilot/mscnn_final_last_gtzan/gtzan__gtzan_classical_00065__track.npy.npz
mscnn_gtzan,no_safeguard,gtzan/gtzan_classical_00066/track.npy,gtzan,0.7912087912087912,0.7149840755862199,0.7578048285394658,0.7363944520628429,0.35185185185185186,0.35185185185185186,0.4594594594594595,0.4594594594594595,0.8750000000000001,0.7646006668855357,0.7646006668855357,0.7646006668855357,0.5,0.5,0.5,0.5,40.0,0.0,0.0,0.2809622960395954,19.0,0.0,0.0,0.5002175351064345,0.0,/media/mengh/SharedData/zhanh/auto_structbeat/caches/pilot/mscnn_final_last_gtzan/gtzan__gtzan_classical_00066__track.npy.npz
mscnn_gtzan,no_safeguard,gtzan/gtzan_classical_00067/track.npy,gtzan,0.7640449438202247,0.6620680812088813,0.6620680812088813,0.6620680812088813,0.35555555555555557,0.6444444444444445,0.35555555555555557,0.6444444444444445,0.4827586206896552,0.46689712290591673,0.5185457160202309,0.4927214194630738,0.1111111111111111,0.1111111111111111,0.38095238095238093,0.38095238095238093,52.0,0.0,0.0,0.6627950255775619,20.0,0.0,0.0,0.4719843102982609,0.0,/media/mengh/SharedData/zhanh/auto_structbeat/caches/pilot/mscnn_final_last_gtzan/gtzan__gtzan_classical_00067__track.npy.npz
mscnn_gtzan,no_safeguard,gtzan/gtzan_classical_00068/track.npy,gtzan,0.6538461538461539,0.5717374707213961,0.8617492312321368,0.7167433509767664,0.0,0.0,0.9714285714285714,0.9714285714285714,0.2727272727272727,0.22527789791396732,0.22527789791396732,0.22527789791396732,0.0,0.0,0.0,0.0,44.0,0.0,0.0,0.12446626756181758,6.0,0.0,0.0,0.006719402581046338,0.0,/media/mengh/SharedData/zhanh/auto_structbeat/caches/pilot/mscnn_final_last_gtzan/gtzan__gtzan_classical_00068__track.npy.npz
mscnn_gtzan,no_safeguard,gtzan/gtzan_classical_00069/track.npy,gtzan,0.75,0.46597088253760954,0.46597088253760954,0.46597088253760954,1.0,1.0,1.0,1.0,0.4761904761904762,0.26797043396286124,0.3102768675711803,0.28912365076702073,0.0,0.0,0.9285714285714286,0.9285714285714286,33.0,0.0,0.0,0.1311821322337437,17.0,0.0,0.0,0.1206175898657234,0.0,/media/mengh/SharedData/zhanh/auto_structbeat/caches/pilot/mscnn_final_last_gtzan/gtzan__gtzan_classical_00069__track.npy.npz
mscnn_gtzan,no_safeguard,gtzan/gtzan_classical_00070/track.npy,gtzan,0.7407407407407407,0.6070894003253349,0.6070894003253349,0.6070894003253349,0.07575757575757576,0.3484848484848485,0.07575757575757576,0.3484848484848485,0.7777777777777778,0.6936367622564176,0.6936367622564176,0.6936367622564176,0.5,0.5,0.5,0.5,50.0,0.0,0.0,1.1046567373917044,16.0,0.0,0.0,0.8409423614857495,0.0,/media/mengh/SharedData/zhanh/auto_structbeat/caches/pilot/mscnn_final_last_gtzan/gtzan__gtzan_classical_00070__track.npy.npz
mscnn_gtzan,no_safeguard,gtzan/gtzan_classical_00071/track.npy,gtzan,0.7244094488188977,0.5998132213533067,0.5998132213533067,0.5998132213533067,0.4492753623188406,0.4927536231884058,0.4492753623188406,0.4927536231884058,0.5581395348837209,0.48206976929794926,0.48206976929794926,0.48206976929794926,0.5217391304347826,0.5217391304347826,0.5217391304347826,0.5217391304347826,81.0,0.0,0.05,0.6512791664885481,27.0,0.0,0.0,0.5067854729271043,0.0,/media/mengh/SharedData/zhanh/auto_structbeat/caches/pilot/mscnn_final_last_gtzan/gtzan__gtzan_classical_00071__track.npy.npz
mscnn_gtzan,no_safeguard,gtzan/gtzan_classical_00072/track.npy,gtzan,0.8444444444444444,0.7107362804290618,0.7107362804290618,0.7107362804290618,0.3958333333333333,0.7083333333333334,0.3958333333333333,0.7083333333333334,0.43478260869565216,0.37595052465179973,0.46693683378846107,0.4214436792201304,0.4166666666666667,0.4166666666666667,0.4166666666666667,0.4166666666666667,53.0,0.0,0.0,0.26894238593999886,13.0,0.0,0.0,0.5638479735195048,0.0,/media/mengh/SharedData/zhanh/auto_structbeat/caches/pilot/mscnn_final_last_gtzan/gtzan__gtzan_classical_00072__track.npy.npz
mscnn_gtzan,no_safeguard,gtzan/gtzan_classical_00073/track.npy,gtzan,0.923076923076923,0.8150251527617022,0.8150251527617022,0.8150251527617022,0.7222222222222222,0.9074074074074074,0.7222222222222222,0.9074074074074074,0.9142857142857143,0.771613091507114,0.771613091507114,0.771613091507114,0.9444444444444444,0.9444444444444444,0.9444444444444444,0.9444444444444444,61.0,0.0,0.0,0.12902622859640922,21.0,0.0,0.0,0.06076521406105583,0.0,/media/mengh/SharedData/zhanh/auto_structbeat/caches/pilot/mscnn_final_last_gtzan/gtzan__gtzan_classical_00073__track.npy.npz
mscnn_gtzan,no_safeguard,gtzan/gtzan_classical_00074/track.npy,gtzan,0.9393939393939394,0.7962116009083716,0.7962116009083716,0.7962116009083716,0.4925373134328358,0.8656716417910447,0.4925373134328358,0.8656716417910447,0.558139534883721,0.46200830692321393,0.7008927680770175,0.5814505375001158,0.0,0.0,0.6363636363636364,0.696969696969697,79.0,0.0,0.0,0.2941454228381292,33.0,0.0,0.0,0.6664789334777834,0.0,/media/mengh/SharedData/zhanh/auto_structbeat/caches/pilot/mscnn_final_last_gtzan/gtzan__gtzan_classical_00074__track.npy.npz
mscnn_gtzan,no_safeguard,gtzan/gtzan_classical_00075/track.npy,gtzan,0.46376811594202894,0.3517183186378274,0.527577477956741,0.43964789829728423,0.0,0.0,1.0,1.0,0.35294117647058826,0.26171148390453913,0.26171148390453913,0.26171148390453913,0.0,0.0,0.0,0.0,27.0,0.0,0.0,0.1936394440652349,5.0,0.0,0.0,0.08349336578926629,0.0,/media/mengh/SharedData/zhanh/auto_structbeat/caches/pilot/mscnn_final_last_gtzan/gtzan__gtzan_classical_00075__track.npy.npz
mscnn_gtzan,no_safeguard,gtzan/gtzan_classical_00076/track.npy,gtzan,0.8571428571428572,0.6934023275232417,0.6934023275232417,0.6934023275232417,0.19444444444444445,0.5972222222222222,0.19444444444444445,0.5972222222222222,0.5217391304347826,0.4065460579740486,0.6982731693466593,0.5524096136603539,0.0,0.0,0.42857142857142855,0.6571428571428571,68.0,0.0,0.0,0.3394267260669924,29.0,0.0,0.0,0.7134384563712214,0.0,/media/mengh/SharedData/zhanh/auto_structbeat/caches/pilot/mscnn_final_last_gtzan/gtzan__gtzan_classical_00076__track.npy.npz
mscnn_gtzan,no_safeguard,gtzan/gtzan_classical_00077/track.npy,gtzan,0.6052631578947368,0.4269988199467355,0.4269988199467355,0.4269988199467355,0.15384615384615385,0.3076923076923077,0.15384615384615385,0.3076923076923077,0.26666666666666666,0.19907710968339418,0.19907710968339418,0.19907710968339418,0.1,0.1,0.2,0.2,43.0,0.0,0.0,0.7563260821814755,6.0,0.0,0.0,0.5646196986125547,0.0,/media/mengh/SharedData/zhanh/auto_structbeat/caches/pilot/mscnn_final_last_gtzan/gtzan__gtzan_classical_00077__track.npy.npz
mscnn_gtzan,no_safeguard,gtzan/gtzan_classical_00078/track.npy,gtzan,0.5641025641025641,0.4928434280473462,0.7392651420710193,0.6160542850591828,0.0,0.0,0.8571428571428571,0.8571428571428571,0.923076923076923,0.8454590943813619,0.8454590943813619,0.8454590943813619,0.8571428571428571,0.8571428571428571,0.8571428571428571,0.8571428571428571,15.0,0.0,0.0,0.15587037070678467,8.0,0.0,0.0,0.032145278085901396,0.0,/media/mengh/SharedData/zhanh/auto_structbeat/caches/pilot/mscnn_final_last_gtzan/gtzan__gtzan_classical_00078__track.npy.npz
mscnn_gtzan,no_safeguard,gtzan/gtzan_classical_00079/track.npy,gtzan,0.8250000000000001,0.736691313929897,0.736691313929897,0.736691313929897,0.36585365853658536,0.7317073170731707,0.36585365853658536,0.7317073170731707,0.5806451612903226,0.5301512713165673,0.6397842353738141,0.5849677533451907,0.05,0.05,0.6666666666666666,0.6666666666666666,47.0,0.0,0.0,0.6547721361952782,24.0,0.0,0.0,0.7073524911458466,0.0,/media/mengh/SharedData/zhanh/auto_structbeat/caches/pilot/mscnn_final_last_gtzan/gtzan__gtzan_classical_00079__track.npy.npz
mscnn_gtzan,no_safeguard,gtzan/gtzan_classical_00080/track.npy,gtzan,0.10526315789473684,0.09403348858585919,0.17866362831313248,0.13634855844949584,0.0,0.0,0.0,0.0,0.0,6.023942225377951e-133,2.849118810579365e-22,1.4245594052896824e-22,0.0,0.0,0.0,0.0,1.0,0.0,0.0,,1.0,0.0,0.0,,0.0,/media/mengh/SharedData/zhanh/auto_structbeat/caches/pilot/mscnn_final_last_gtzan/gtzan__gtzan_classical_00080__track.npy.npz
mscnn_gtzan,no_safeguard,gtzan/gtzan_classical_00081/track.npy,gtzan,0.9203539823008849,0.7499938302753757,0.7499938302753757,0.7499938302753757,0.3333333333333333,0.75,0.3333333333333333,0.75,0.2,0.1500170131957514,0.1500170131957514,0.1500170131957514,0.0,0.0,0.25,0.25,66.0,0.0,0.0,0.7141359012617653,10.0,0.0,0.0,0.33898074367292536,0.0,/media/mengh/SharedData/zhanh/auto_structbeat/caches/pilot/mscnn_final_last_gtzan/gtzan__gtzan_classical_00081__track.npy.npz
mscnn_gtzan,no_safeguard,gtzan/gtzan_classical_00082/track.npy,gtzan,0.7857142857142858,0.6683072760421805,0.6683072760421805,0.6683072760421805,0.5217391304347826,0.6304347826086957,0.5217391304347826,0.6304347826086957,0.0,4.194936225943523e-34,0.05079266511081622,0.02539633255540811,0.0,0.0,0.05263157894736842,0.05263157894736842,48.0,0.0,0.0,0.45569000020428346,24.0,0.0,0.0,0.389351694043276,0.0,/media/mengh/SharedData/zhanh/auto_structbeat/caches/pilot/mscnn_final_last_gtzan/gtzan__gtzan_classical_00082__track.npy.npz
mscnn_gtzan,no_safeguard,gtzan/gtzan_classical_00083/track.npy,gtzan,0.6071428571428571,0.4980899379241567,0.4980899379241567,0.4980899379241567,0.29411764705882354,0.4411764705882353,0.29411764705882354,0.4411764705882353,0.0,3.100736981912441e-73,0.0034831221522059934,0.0017415610761029967,0.0,0.0,0.5,0.5,26.0,0.0,0.0,0.6122533905843978,4.0,0.0,0.0,0.503000069245634,0.0,/media/mengh/SharedData/zhanh/auto_structbeat/caches/pilot/mscnn_final_last_gtzan/gtzan__gtzan_classical_00083__track.npy.npz
mscnn_gtzan,no_safeguard,gtzan/gtzan_classical_00084/track.npy,gtzan,0.6,0.46836342352545257,0.46836342352545257,0.46836342352545257,0.3333333333333333,0.35555555555555557,0.3333333333333333,0.35555555555555557,0.35714285714285715,0.27499664267287743,0.35580346754028636,0.31540005510658187,0.058823529411764705,0.058823529411764705,0.38095238095238093,0.38095238095238093,40.0,0.0,0.0,1.1632847363225136,20.0,0.0,0.0,0.4221894337419655,0.0,/media/mengh/SharedData/zhanh/auto_structbeat/caches/pilot/mscnn_final_last_gtzan/gtzan__gtzan_classical_00084__track.npy.npz
mscnn_gtzan,no_safeguard,gtzan/gtzan_classical_00085/track.npy,gtzan,1.0,0.8231212332902015,0.8231212332902015,0.8231212332902015,1.0,1.0,1.0,1.0,0.12121212121212123,0.11580830774361033,0.12992251071414748,0.1228654092288789,0.0,0.0,0.13636363636363635,0.13636363636363635,54.0,0.0,0.0,0.07410797215372403,27.0,0.0,0.0,0.326782378459598,0.0,/media/mengh/SharedData/zhanh/auto_structbeat/caches/pilot/mscnn_final_last_gtzan/gtzan__gtzan_classical_00085__track.npy.npz
mscnn_gtzan,no_safeguard,gtzan/gtzan_classical_00086/track.npy,gtzan,0.8400000000000001,0.7163898594578296,0.7163898594578296,0.7163898594578296,0.43103448275862066,0.4482758620689655,0.43103448275862066,0.4482758620689655,0.37837837837837834,0.31015997473131024,0.4545548760019333,0.38235742536662176,0.0,0.0,0.18518518518518517,0.18518518518518517,67.0,0.0,0.0,0.332298152733512,32.0,0.0,0.0,0.40727083730412766,0.0,/media/mengh/SharedData/zhanh/auto_structbeat/caches/pilot/mscnn_final_last_gtzan/gtzan__gtzan_classical_00086__track.npy.npz
mscnn_gtzan,no_safeguard,gtzan/gtzan_classical_00087/track.npy,gtzan,0.8627450980392156,0.6879752301799376,0.6879752301799376,0.6879752301799376,0.9230769230769231,0.9230769230769231,0.9230769230769231,0.9230769230769231,0.3157894736842105,0.2121099897124517,0.26867265363577214,0.24039132167411192,0.0,0.0,0.0,0.0,31.0,0.0,0.0,0.5343253177984444,13.0,0.0,0.0,0.33073029335876397,0.0,/media/mengh/SharedData/zhanh/auto_structbeat/caches/pilot/mscnn_final_last_gtzan/gtzan__gtzan_classical_00087__track.npy.npz
mscnn_gtzan,no_safeguard,gtzan/gtzan_classical_00088/track.npy,gtzan,1.0,0.8578369336422728,0.8578369336422728,0.8578369336422728,1.0,1.0,1.0,1.0,0.6451612903225806,0.5759003168420789,0.7772761758835377,0.6765882463628083,0.0,0.0,0.9047619047619048,0.9047619047619048,52.0,0.0,0.0,0.06899287148694377,24.0,0.0,0.0,0.05051453379827597,0.0,/media/mengh/SharedData/zhanh/auto_structbeat/caches/pilot/mscnn_final_last_gtzan/gtzan__gtzan_classical_00088__track.npy.npz
mscnn_gtzan,no_safeguard,gtzan/gtzan_classical_00089/track.npy,gtzan,0.8450704225352113,0.7361920119773986,0.7361920119773986,0.7361920119773986,0.7317073170731707,0.7317073170731707,0.7317073170731707,0.7317073170731707,0.64,0.5491279200801253,0.7325459097028272,0.6408369148914763,0.0,0.0,0.7894736842105263,0.7894736842105263,38.0,0.0,0.0,0.06302489802039153,19.0,0.0,0.0,0.032899142311910615,0.0,/media/mengh/SharedData/zhanh/auto_structbeat/caches/pilot/mscnn_final_last_gtzan/gtzan__gtzan_classical_00089__track.npy.npz
mscnn_gtzan,no_safeguard,gtzan/gtzan_classical_00090/track.npy,gtzan,0.5789473684210527,0.5143018206019943,0.5143018206019943,0.5143018206019943,0.3333333333333333,0.3333333333333333,0.3333333333333333,0.3333333333333333,0.0,3.6807196823174245e-32,5.316595096680724e-32,4.498657389499074e-32,0.0,0.0,0.0,0.0,17.0,0.0,0.0,0.7754038131748596,6.0,0.0,0.0,0.43168305464512063,0.0,/media/mengh/SharedData/zhanh/auto_structbeat/caches/pilot/mscnn_final_last_gtzan/gtzan__gtzan_classical_00090__track.npy.npz
mscnn_gtzan,no_safeguard,gtzan/gtzan_classical_00091/track.npy,gtzan,0.9589041095890412,0.8343873589989489,0.8343873589989489,0.8343873589989489,0.8648648648648649,0.918918918918919,0.8648648648648649,0.918918918918919,0.6428571428571429,0.5769974898039575,0.6917429755107014,0.6343702326573295,0.0,0.0,0.8421052631578947,0.8421052631578947,43.0,0.0,0.0,0.29298712468147514,22.0,0.0,0.0,0.2804796617184494,0.0,/media/mengh/SharedData/zhanh/auto_structbeat/caches/pilot/mscnn_final_last_gtzan/gtzan__gtzan_classical_00091__track.npy.npz
mscnn_gtzan,no_safeguard,gtzan/gtzan_classical_00092/track.npy,gtzan,0.5319148936170212,0.390211062944685,0.4667519484125067,0.4284815056785959,0.08620689655172414,0.13793103448275862,0.3888888888888889,0.6111111111111112,0.30769230769230765,0.25533025563120837,0.2989390363440826,0.2771346459876455,0.13333333333333333,0.13333333333333333,0.2727272727272727,0.2727272727272727,42.0,0.0,0.0,0.5669635085832545,12.0,0.0,0.0,0.7627134614699606,0.0,/media/mengh/SharedData/zhanh/auto_structbeat/caches/pilot/mscnn_final_last_gtzan/gtzan__gtzan_classical_00092__track.npy.npz
mscnn_gtzan,no_safeguard,gtzan/gtzan_classical_00093/track.npy,gtzan,0.9174311926605505,0.7863894649116075,0.7863894649116075,0.7863894649116075,0.5,0.7413793103448276,0.5,0.7413793103448276,0.6666666666666665,0.5762347728230937,0.7634690217757981,0.6698518972994458,0.09090909090909091,0.09090909090909091,0.48148148148148145,0.6666666666666666,62.0,0.0,0.0,0.23361485118149974,28.0,0.0,0.0,0.6403993126390009,0.0,/media/mengh/SharedData/zhanh/auto_structbeat/caches/pilot/mscnn_final_last_gtzan/gtzan__gtzan_classical_00093__track.npy.npz
mscnn_gtzan,no_safeguard,gtzan/gtzan_classical_00094/track.npy,gtzan,0.6557377049180328,0.44512513461674225,0.44512513461674225,0.44512513461674225,0.2647058823529412,0.5294117647058824,0.2647058823529412,0.5294117647058824,0.5555555555555556,0.4140664116102064,0.4140664116102064,0.4140664116102064,0.36363636363636365,0.36363636363636365,0.36363636363636365,0.36363636363636365,31.0,0.0,0.0,0.7060894106963786,9.0,0.0,0.0,0.6592933064470057,0.0,/media/mengh/SharedData/zhanh/auto_structbeat/caches/pilot/mscnn_final_last_gtzan/gtzan__gtzan_classical_00094__track.npy.npz
mscnn_gtzan,no_safeguard,gtzan/gtzan_classical_00095/track.npy,gtzan,0.19047619047619047,0.13110463581916834,0.13110463581916834,0.13110463581916834,0.15151515151515152,0.15151515151515152,0.15151515151515152,0.15151515151515152,0.0,0.0002156422233902052,0.00038815600210236935,0.00030189911274628725,0.0,0.0,0.0,0.0,16.0,0.0,0.0,1.0140931889385572,3.0,0.0,0.0,0.40712210931579373,0.0,/media/mengh/SharedData/zhanh/auto_structbeat/caches/pilot/mscnn_final_last_gtzan/gtzan__gtzan_classical_00095__track.npy.npz
mscnn_gtzan,no_safeguard,gtzan/gtzan_classical_00096/track.npy,gtzan,0.830188679245283,0.6494726404362524,0.6494726404362524,0.6494726404362524,0.35714285714285715,0.75,0.35714285714285715,0.75,0.2857142857142857,0.24438587086324434,0.36014759916688643,0.3022667350150654,0.0,0.0,0.2,0.2,62.0,0.0,0.0,0.6979126895501574,12.0,0.0,0.0,0.46259188297873777,0.0,/media/mengh/SharedData/zhanh/auto_structbeat/caches/pilot/mscnn_final_last_gtzan/gtzan__gtzan_classical_00096__track.npy.npz
mscnn_gtzan,no_safeguard,gtzan/gtzan_classical_00097/track.npy,gtzan,0.380952380952381,0.28025060700664767,0.5036682906344582,0.3919594488205529,0.37209302325581395,0.37209302325581395,0.38095238095238093,0.4523809523809524,0.1714285714285714,0.1265153910967381,0.16447050423838058,0.14549294766755932,0.0,0.0,0.15384615384615385,0.23076923076923078,49.0,0.0,0.0,0.5962346396469876,16.0,0.0,0.0,0.2319525262926528,0.0,/media/mengh/SharedData/zhanh/auto_structbeat/caches/pilot/mscnn_final_last_gtzan/gtzan__gtzan_classical_00097__track.npy.npz
mscnn_gtzan,no_safeguard,gtzan/gtzan_classical_00098/track.npy,gtzan,0.9876543209876543,0.8759024527171054,0.8759024527171054,0.8759024527171054,0.975609756097561,0.975609756097561,0.975609756097561,0.975609756097561,0.6451612903225806,0.5730886360470968,0.8556528502441226,0.7143707431456097,0.0,0.0,0.9047619047619048,0.9047619047619048,49.0,0.0,0.0,0.06453852113757563,25.0,0.0,0.0,0.06062462181643484,0.0,/media/mengh/SharedData/zhanh/auto_structbeat/caches/pilot/mscnn_final_last_gtzan/gtzan__gtzan_classical_00098__track.npy.npz
mscnn_gtzan,no_safeguard,gtzan/gtzan_classical_00099/track.npy,gtzan,0.6545454545454545,0.6042923287668057,0.8655157129062288,0.7349040208365172,0.05714285714285714,0.11428571428571428,0.65,0.7,0.11764705882352941,0.1124702919803643,0.4711217131316032,0.29179600255598376,0.0,0.0,0.6666666666666666,0.6666666666666666,24.0,0.0,0.0,0.761821746725352,11.0,0.0,0.0,0.37239609763398185,0.0,/media/mengh/SharedData/zhanh/auto_structbeat/caches/pilot/mscnn_final_last_gtzan/gtzan__gtzan_classical_00099__track.npy.npz
mscnn_gtzan,no_safeguard,gtzan/gtzan_country_00000/track.npy,gtzan,0.9577464788732395,0.9128120384320618,0.9128120384320618,0.9128120384320618,0.9722222222222222,0.9722222222222222,0.9722222222222222,0.9722222222222222,1.0,0.908972093206544,0.908972093206544,0.908972093206544,1.0,1.0,1.0,1.0,42.0,0.0,0.0,0.05556985115481223,11.0,0.0,0.0,0.01408473988173875,0.0,/media/mengh/SharedData/zhanh/auto_structbeat/caches/pilot/mscnn_final_last_gtzan/gtzan__gtzan_country_00000__track.npy.npz
mscnn_gtzan,no_safeguard,gtzan/gtzan_country_00001/track.npy,gtzan,0.9814814814814815,0.9343712881050938,0.9343712881050938,0.9343712881050938,1.0,1.0,1.0,1.0,1.0,0.9360336866284895,0.9360336866284895,0.9360336866284895,1.0,1.0,1.0,1.0,65.0,0.0,0.0,0.1397619423751545,16.0,0.0,0.0,0.04023691227953971,0.0,/media/mengh/SharedData/zhanh/auto_structbeat/caches/pilot/mscnn_final_last_gtzan/gtzan__gtzan_country_00001__track.npy.npz
mscnn_gtzan,no_safeguard,gtzan/gtzan_country_00002/track.npy,gtzan,0.8688524590163935,0.81688329397094,0.81688329397094,0.81688329397094,0.2898550724637681,0.5507246376811594,0.2898550724637681,0.5507246376811594,0.8275862068965517,0.7715067898105545,0.7715067898105545,0.7715067898105545,0.23529411764705882,0.47058823529411764,0.3333333333333333,0.47058823529411764,67.0,0.0,0.0,0.6931471805599481,15.0,0.0,0.0,0.6849555109281723,0.0,/media/mengh/SharedData/zhanh/auto_structbeat/caches/pilot/mscnn_final_last_gtzan/gtzan__gtzan_country_00002__track.npy.npz
mscnn_gtzan,no_safeguard,gtzan/gtzan_country_00003/track.npy,gtzan,0.9850746268656716,0.9520613015719669,0.9520613015719669,0.9520613015719669,0.9705882352941176,0.9705882352941176,0.9705882352941176,0.9705882352941176,1.0,0.9638574892583439,0.9638574892583439,0.9638574892583439,1.0,1.0,1.0,1.0,40.0,0.0,0.0,0.0528572566531489,10.0,0.0,0.0,0.006688988150797659,0.0,/media/mengh/SharedData/zhanh/auto_structbeat/caches/pilot/mscnn_final_last_gtzan/gtzan__gtzan_country_00003__track.npy.npz
mscnn_gtzan,no_safeguard,gtzan/gtzan_country_00004/track.npy,gtzan,1.0,0.9374670534258712,0.9374670534258712,0.9374670534258712,1.0,1.0,1.0,1.0,1.0,0.9079382126942962,0.9079382126942962,0.9079382126942962,1.0,1.0,1.0,1.0,59.0,0.0,0.0,0.03922071315328468,15.0,0.0,0.0,0.01960847138837709,0.0,/media/mengh/SharedData/zhanh/auto_structbeat/caches/pilot/mscnn_final_last_gtzan/gtzan__gtzan_country_00004__track.npy.npz
mscnn_gtzan,no_safeguard,gtzan/gtzan_country_00005/track.npy,gtzan,1.0,0.9624508665523976,0.9624508665523976,0.9624508665523976,0.5636363636363636,0.9818181818181818,0.5636363636363636,0.9818181818181818,1.0,0.9856469219781054,0.9856469219781054,0.9856469219781054,1.0,1.0,1.0,1.0,66.0,0.0,0.0,0.15725554392017685,16.0,0.0,0.0,0.021739986636405768,0.0,/media/mengh/SharedData/zhanh/auto_structbeat/caches/pilot/mscnn_final_last_gtzan/gtzan__gtzan_country_00005__track.npy.npz
mscnn_gtzan,no_safeguard,gtzan/gtzan_country_00006/track.npy,gtzan,0.9574468085106385,0.909090237391523,0.909090237391523,0.909090237391523,1.0,1.0,1.0,1.0,1.0,0.9311759940154505,0.9311759940154505,0.9311759940154505,1.0,1.0,1.0,1.0,57.0,0.0,0.0,0.09136480606838851,14.0,0.0,0.0,0.018519047767237763,0.0,/media/mengh/SharedData/zhanh/auto_structbeat/caches/pilot/mscnn_final_last_gtzan/gtzan__gtzan_country_00006__track.npy.npz
mscnn_gtzan,no_safeguard,gtzan/gtzan_country_00007/track.npy,gtzan,0.634920634920635,0.5991759854674313,0.8766045198818452,0.7378902526746383,0.0,0.0,0.9761904761904762,0.9761904761904762,0.5882352941176471,0.5924633066829593,0.8119679436816334,0.7022156251822964,0.0,0.0,1.0,1.0,51.0,0.0,0.0,0.07047252698407043,13.0,0.0,0.0,0.021133683149031468,0.0,/media/mengh/SharedData/zhanh/auto_structbeat/caches/pilot/mscnn_final_last_gtzan/gtzan__gtzan_country_00007__track.npy.npz
mscnn_gtzan,no_safeguard,gtzan/gtzan_country_00008/track.npy,gtzan,0.8484848484848484,0.764617491959433,0.764617491959433,0.764617491959433,0.4473684210526316,0.47368421052631576,0.4473684210526316,0.47368421052631576,0.8750000000000001,0.7616777887844842,0.7616777887844842,0.7616777887844842,0.5555555555555556,0.5555555555555556,0.5555555555555556,0.5555555555555556,43.0,0.0,0.0,0.35139788683788964,10.0,0.0,0.0,0.4949838586533455,0.0,/media/mengh/SharedData/zhanh/auto_structbeat/caches/pilot/mscnn_final_last_gtzan/gtzan__gtzan_country_00008__track.npy.npz
mscnn_gtzan,no_safeguard,gtzan/gtzan_country_00009/track.npy,gtzan,1.0,0.9684886616229692,0.9684886616229692,0.9684886616229692,1.0,1.0,1.0,1.0,1.0,0.9817861134253493,0.9817861134253493,0.9817861134253493,1.0,1.0,1.0,1.0,49.0,0.0,0.0,0.06453852113757061,12.0,0.0,0.0,0.11839512041590886,0.0,/media/mengh/SharedData/zhanh/auto_structbeat/caches/pilot/mscnn_final_last_gtzan/gtzan__gtzan_country_00009__track.npy.npz
mscnn_gtzan,no_safeguard,gtzan/gtzan_country_00010/track.npy,gtzan,0.9846153846153847,0.9342748455492557,0.9342748455492557,0.9342748455492557,0.9696969696969697,0.9696969696969697,0.9696969696969697,0.9696969696969697,0.6666666666666666,0.6258370175531522,0.9324643063931,0.7791506619731261,0.0,0.0,0.9375,0.9375,40.0,0.0,0.0,0.05285725665315058,20.0,0.0,0.0,0.026668247082161922,0.0,/media/mengh/SharedData/zhanh/auto_structbeat/caches/pilot/mscnn_final_last_gtzan/gtzan__gtzan_country_00010__track.npy.npz
mscnn_gtzan,no_safeguard,gtzan/gtzan_country_00011/track.npy,gtzan,0.9574468085106383,0.89994375070978,0.89994375070978,0.89994375070978,0.9583333333333334,0.9583333333333334,0.9583333333333334,0.9583333333333334,1.0,0.9225045476055133,0.9225045476055133,0.9225045476055133,1.0,1.0,1.0,1.0,57.0,0.0,0.0,0.09065342542298807,14.0,0.0,0.0,0.03293548903985998,0.0,/media/mengh/SharedData/zhanh/auto_structbeat/caches/pilot/mscnn_final_last_gtzan/gtzan__gtzan_country_00011__track.npy.npz
mscnn_gtzan,no_safeguard,gtzan/gtzan_country_00012/track.npy,gtzan,0.6902654867256637,0.5959249015839126,0.806218645752735,0.7010717736683238,0.0821917808219178,0.0821917808219178,0.8,0.8,0.9714285714285714,0.8586640908900786,0.8586640908900786,0.8586640908900786,0.9444444444444444,0.9444444444444444,0.9444444444444444,0.9444444444444444,48.0,0.0,0.0,0.14505876878453683,21.0,0.0,0.0,0.029030171706556408,0.0,/media/mengh/SharedData/zhanh/auto_structbeat/caches/pilot/mscnn_final_last_gtzan/gtzan__gtzan_country_00012__track.npy.npz
mscnn_gtzan,no_safeguard,gtzan/gtzan_country_00013/track.npy,gtzan,1.0,0.9623597294361509,0.9623597294361509,0.9623597294361509,1.0,1.0,1.0,1.0,1.0,0.9595667114442845,0.9595667114442845,0.9595667114442845,1.0,1.0,1.0,1.0,64.0,0.0,0.0,0.04255961441880263,16.0,0.0,0.0,0.024796760388695435,0.0,/media/mengh/SharedData/zhanh/auto_structbeat/caches/pilot/mscnn_final_last_gtzan/gtzan__gtzan_country_00013__track.npy.npz
mscnn_gtzan,no_safeguard,gtzan/gtzan_country_00014/track.npy,gtzan,0.9473684210526315,0.828397369544213,0.828397369544213,0.828397369544213,0.5087719298245614,0.9649122807017544,0.5087719298245614,0.9649122807017544,0.9285714285714286,0.7980429397781597,0.7980429397781597,0.7980429397781597,1.0,1.0,1.0,1.0,69.0,0.0,0.0,0.22084696685586666,17.0,0.0,0.0,0.06448651192423722,0.0,/media/mengh/SharedData/zhanh/auto_structbeat/caches/pilot/mscnn_final_last_gtzan/gtzan__gtzan_country_00014__track.npy.npz
mscnn_gtzan,no_safeguard,gtzan/gtzan_country_00015/track.npy,gtzan,0.9193548387096774,0.7847849801440779,0.7847849801440779,0.7847849801440779,0.7741935483870968,0.9193548387096774,0.7741935483870968,0.9193548387096774,0.9375,0.8374252928700698,0.8374252928700698,0.8374252928700698,1.0,1.0,1.0,1.0,74.0,0.0,0.0,0.167170881264308,19.0,0.0,0.0,0.047980990257319674,0.0,/media/mengh/SharedData/zhanh/auto_structbeat/caches/pilot/mscnn_final_last_gtzan/gtzan__gtzan_country_00015__track.npy.npz
mscnn_gtzan,no_safeguard,gtzan/gtzan_country_00016/track.npy,gtzan,0.6716417910447761,0.6357724633466196,0.9465945562793443,0.791183509812982,0.0,0.0,1.0,1.0,0.9302325581395349,0.8720891213722205,0.8720891213722205,0.8720891213722205,0.8695652173913043,0.8695652173913043,0.8695652173913043,0.8695652173913043,54.0,0.0,0.0,0.07145896398214416,24.0,0.0,0.0,0.03568674446254112,0.0,/media/mengh/SharedData/zhanh/auto_structbeat/caches/pilot/mscnn_final_last_gtzan/gtzan__gtzan_country_00016__track.npy.npz
mscnn_gtzan,no_safeguard,gtzan/gtzan_country_00017/track.npy,gtzan,0.8787878787878787,0.8118371576270729,0.8118371576270729,0.8118371576270729,0.2191780821917808,0.4794520547945205,0.2542372881355932,0.4794520547945205,1.0,0.9691342573725898,0.9691342573725898,0.9691342573725898,1.0,1.0,1.0,1.0,66.0,0.0,0.0,0.39814658348274096,22.0,0.0,0.0,0.015339553710411832,0.0,/media/mengh/SharedData/zhanh/auto_structbeat/caches/pilot/mscnn_final_last_gtzan/gtzan__gtzan_country_00017__track.npy.npz
mscnn_gtzan,no_safeguard,gtzan/gtzan_country_00018/track.npy,gtzan,0.7899159663865547,0.72180972454707,0.8281565819470248,0.7749831532470475,0.2222222222222222,0.25,0.425531914893617,0.5319148936170213,0.972972972972973,0.930005142343826,0.930005142343826,0.930005142343826,0.9473684210526315,0.9473684210526315,0.9473684210526315,0.9473684210526315,54.0,0.0,0.0,0.40546510810816017,21.0,0.0,0.0,0.0158072009512973,0.0,/media/mengh/SharedData/zhanh/auto_structbeat/caches/pilot/mscnn_final_last_gtzan/gtzan__gtzan_country_00018__track.npy.npz
mscnn_gtzan,no_safeguard,gtzan/gtzan_country_00019/track.npy,gtzan,1.0,0.9352431355677591,0.9352431355677591,0.9352431355677591,1.0,1.0,1.0,1.0,1.0,0.9667187311436783,0.9667187311436783,0.9667187311436783,1.0,1.0,1.0,1.0,43.0,0.0,0.0,0.08455738802806378,10.0,0.0,0.0,0.028573372444056146,0.0,/media/mengh/SharedData/zhanh/auto_structbeat/caches/pilot/mscnn_final_last_gtzan/gtzan__gtzan_country_00019__track.npy.npz
mscnn_gtzan,no_safeguard,gtzan/gtzan_country_00020/track.npy,gtzan,1.0,0.9289708062631316,0.9289708062631316,0.9289708062631316,1.0,1.0,1.0,1.0,1.0,0.9449247739796957,0.9449247739796957,0.9449247739796957,1.0,1.0,1.0,1.0,52.0,0.0,0.0,0.06899287148695178,13.0,0.0,0.0,0.021423464730856934,0.0,/media/mengh/SharedData/zhanh/auto_structbeat/caches/pilot/mscnn_final_last_gtzan/gtzan__gtzan_country_00020__track.npy.npz
mscnn_gtzan,no_safeguard,gtzan/gtzan_country_00021/track.npy,gtzan,0.8674698795180724,0.7577294289427937,0.7577294289427937,0.7577294289427937,0.6818181818181818,0.7272727272727273,0.6818181818181818,0.7272727272727273,0.8571428571428572,0.7088338724391325,0.7088338724391325,0.7088338724391325,0.7272727272727273,0.7272727272727273,0.7272727272727273,0.7272727272727273,48.0,0.0,0.0,0.07145896398214463,12.0,0.0,0.0,0.5015553983479983,0.0,/media/mengh/SharedData/zhanh/auto_structbeat/caches/pilot/mscnn_final_last_gtzan/gtzan__gtzan_country_00021__track.npy.npz
mscnn_gtzan,no_safeguard,gtzan/gtzan_country_00022/track.npy,gtzan,0.9259259259259259,0.766076851991181,0.766076851991181,0.766076851991181,0.8214285714285714,0.8214285714285714,0.8214285714285714,0.8214285714285714,0.6666666666666666,0.49208670234322216,0.7711383729578803,0.6316125376505513,0.0,0.0,0.7857142857142857,0.7857142857142857,33.0,0.0,0.0,0.5493061443340543,16.0,0.0,0.0,0.7149214166713733,0.0,/media/mengh/SharedData/zhanh/auto_structbeat/caches/pilot/mscnn_final_last_gtzan/gtzan__gtzan_country_00022__track.npy.npz
mscnn_gtzan,no_safeguard,gtzan/gtzan_country_00023/track.npy,gtzan,1.0,0.8205890803843489,0.8205890803843489,0.8205890803843489,1.0,1.0,1.0,1.0,1.0,0.7426607261840226,0.7426607261840226,0.7426607261840226,1.0,1.0,1.0,1.0,41.0,0.0,0.0,0.05556985115481089,10.0,0.0,0.0,0.022851312194956667,0.0,/media/mengh/SharedData/zhanh/auto_structbeat/caches/pilot/mscnn_final_last_gtzan/gtzan__gtzan_country_00023__track.npy.npz
mscnn_gtzan,no_safeguard,gtzan/gtzan_country_00024/track.npy,gtzan,0.6987951807228916,0.657027054335031,0.8676204940632877,0.7623237741991593,0.11320754716981132,0.11320754716981132,0.6333333333333333,0.7666666666666667,0.9285714285714286,0.8548866461242476,0.8548866461242476,0.8548866461242476,0.6666666666666666,0.8,0.6666666666666666,0.8,35.0,0.0,0.0,0.31195242147620666,17.0,0.0,0.0,0.7059150648855825,0.0,/media/mengh/SharedData/zhanh/auto_structbeat/caches/pilot/mscnn_final_last_gtzan/gtzan__gtzan_country_00024__track.npy.npz
mscnn_gtzan,no_safeguard,gtzan/gtzan_country_00025/track.npy,gtzan,0.9333333333333333,0.8490695830003432,0.8490695830003432,0.8490695830003432,0.8333333333333334,0.9666666666666667,0.8333333333333334,0.9666666666666667,1.0,0.8927353897672726,0.8927353897672726,0.8927353897672726,1.0,1.0,1.0,1.0,36.0,0.0,0.0,0.0476280489892552,9.0,0.0,0.0,0.05312292871164929,0.0,/media/mengh/SharedData/zhanh/auto_structbeat/caches/pilot/mscnn_final_last_gtzan/gtzan__gtzan_country_00025__track.npy.npz
mscnn_gtzan,no_safeguard,gtzan/gtzan_country_00026/track.npy,gtzan,0.9285714285714286,0.7994918687654246,0.7994918687654246,0.7994918687654246,0.5777777777777777,0.7333333333333333,0.5777777777777777,0.7333333333333333,0.8571428571428571,0.7091959470895004,0.7091959470895004,0.7091959470895004,0.5,0.6666666666666666,0.5,0.6666666666666666,48.0,0.0,0.0,0.5104493932873432,11.0,0.0,0.0,0.6985283825496019,0.0,/media/mengh/SharedData/zhanh/auto_structbeat/caches/pilot/mscnn_final_last_gtzan/gtzan__gtzan_country_00026__track.npy.npz
mscnn_gtzan,no_safeguard,gtzan/gtzan_country_00027/track.npy,gtzan,1.0,0.890799223344705,0.890799223344705,0.890799223344705,1.0,1.0,1.0,1.0,0.4615384615384615,0.3943987084776666,0.7713962850774974,0.582897496777582,0.0,0.0,0.631578947368421,0.631578947368421,47.0,0.0,0.0,0.06252035698133204,20.0,0.0,0.0,0.14118846239325283,0.0,/media/mengh/SharedData/zhanh/auto_structbeat/caches/pilot/mscnn_final_last_gtzan/gtzan__gtzan_country_00027__track.npy.npz
mscnn_gtzan,no_safeguard,gtzan/gtzan_country_00028/track.npy,gtzan,0.8125000000000001,0.7806420951514861,0.8018101791745799,0.7912261371630329,0.3157894736842105,0.34210526315789475,0.38461538461538464,0.5,0.8695652173913044,0.812667625525777,0.812667625525777,0.812667625525777,0.38461538461538464,0.5384615384615384,0.38461538461538464,0.5384615384615384,33.0,0.0,0.0,0.6855134444945516,16.0,0.0,0.0,0.6758078355673961,0.0,/media/mengh/SharedData/zhanh/auto_structbeat/caches/pilot/mscnn_final_last_gtzan/gtzan__gtzan_country_00028__track.npy.npz
mscnn_gtzan,no_safeguard,gtzan/gtzan_country_00029/track.npy,gtzan,0.8421052631578947,0.6325775374337125,0.6325775374337125,0.6325775374337125,0.9736842105263158,0.9736842105263158,0.9736842105263158,0.9736842105263158,0.6206896551724138,0.48271344640342956,0.6809769484066743,0.5818451974050519,0.0,0.0,1.0,1.0,46.0,0.0,0.0,0.060624621816434146,23.0,0.0,0.0,0.029852963149680556,0.0,/media/mengh/SharedData/zhanh/auto_structbeat/caches/pilot/mscnn_final_last_gtzan/gtzan__gtzan_country_00029__track.npy.npz
mscnn_gtzan,no_safeguard,gtzan/gtzan_country_00030/track.npy,gtzan,1.0,0.8983117118708746,0.8983117118708746,0.8983117118708746,1.0,1.0,1.0,1.0,1.0,0.8964012995141754,0.8964012995141754,0.8964012995141754,1.0,1.0,1.0,1.0,39.0,0.0,0.0,0.05292843104239345,10.0,0.0,0.0,0.028431067919597413,0.0,/media/mengh/SharedData/zhanh/auto_structbeat/caches/pilot/mscnn_final_last_gtzan/gtzan__gtzan_country_00030__track.npy.npz
mscnn_gtzan,no_safeguard,gtzan/gtzan_country_00031/track.npy,gtzan,0.891566265060241,0.846020321564458,0.846020321564458,0.846020321564458,0.5434782608695652,0.6086956521739131,0.5434782608695652,0.6086956521739131,0.9,0.8436181246299025,0.8436181246299025,0.8436181246299025,0.5454545454545454,0.5454545454545454,0.5454545454545454,0.5454545454545454,46.0,0.0,0.0,0.0741079721537233,11.0,0.0,0.0,0.6867355615854587,0.0,/media/mengh/SharedData/zhanh/auto_structbeat/caches/pilot/mscnn_final_last_gtzan/gtzan__gtzan_country_00031__track.npy.npz
mscnn_gtzan,no_safeguard,gtzan/gtzan_country_00032/track.npy,gtzan,1.0,0.9008631413742526,0.9008631413742526,0.9008631413742526,1.0,1.0,1.0,1.0,1.0,0.9087349027348405,0.9087349027348405,0.9087349027348405,1.0,1.0,1.0,1.0,49.0,0.0,0.0,0.0645385211375688,17.0,0.0,0.0,0.03219240291199667,0.0,/media/mengh/SharedData/zhanh/auto_structbeat/caches/pilot/mscnn_final_last_gtzan/gtzan__gtzan_country_00032__track.npy.npz
mscnn_gtzan,no_safeguard,gtzan/gtzan_country_00033/track.npy,gtzan,1.0,0.963833558634153,0.963833558634153,0.963833558634153,1.0,1.0,1.0,1.0,0.6896551724137931,0.6514890158239423,0.9500288342736949,0.8007589250488185,0.0,0.0,1.0,1.0,46.0,0.0,0.0,0.05614667734398431,23.0,0.0,0.0,0.030305349495328315,0.0,/media/mengh/SharedData/zhanh/auto_structbeat/caches/pilot/mscnn_final_last_gtzan/gtzan__gtzan_country_00033__track.npy.npz
mscnn_gtzan,no_safeguard,gtzan/gtzan_country_00034/track.npy,gtzan,0.4444444444444444,0.21345515217249758,0.3500196163227064,0.281737384247602,0.0,0.0,0.22807017543859648,0.8596491228070176,0.4285714285714286,0.17032524632320112,0.2554878694848017,0.2129065579040014,0.0,0.0,1.0,1.0,69.0,0.0,0.0,0.17160613201332803,17.0,0.0,0.0,0.04542197619405355,0.0,/media/mengh/SharedData/zhanh/auto_structbeat/caches/pilot/mscnn_final_last_gtzan/gtzan__gtzan_country_00034__track.npy.npz
mscnn_gtzan,no_safeguard,gtzan/gtzan_country_00035/track.npy,gtzan,0.8023952095808383,0.3146726949060461,0.3146726949060461,0.3146726949060461,0.047619047619047616,0.14285714285714285,0.047619047619047616,0.14285714285714285,0.8571428571428571,0.30495567049298644,0.30495567049298644,0.30495567049298644,1.0,1.0,1.0,1.0,99.0,0.0,0.0,0.13353139262452252,25.0,0.0,0.0,0.016529301951212987,0.0,/media/mengh/SharedData/zhanh/auto_structbeat/caches/pilot/mscnn_final_last_gtzan/gtzan__gtzan_country_00035__track.npy.npz
mscnn_gtzan,no_safeguard,gtzan/gtzan_country_00036/track.npy,gtzan,0.8941176470588235,0.7875351230937554,0.7875351230937554,0.7875351230937554,0.2553191489361702,0.6170212765957447,0.2553191489361702,0.6170212765957447,0.761904761904762,0.7324082322176926,0.7324082322176926,0.7324082322176926,0.25,0.4166666666666667,0.25,0.4166666666666667,48.0,0.0,0.0,0.6525939911033009,12.0,0.0,0.0,0.6936035555775493,0.0,/media/mengh/SharedData/zhanh/auto_structbeat/caches/pilot/mscnn_final_last_gtzan/gtzan__gtzan_country_00036__track.npy.npz
mscnn_gtzan,no_safeguard,gtzan/gtzan_country_00037/track.npy,gtzan,1.0,0.8678324882290643,0.8678324882290643,0.8678324882290643,1.0,1.0,1.0,1.0,1.0,0.8666426584075156,0.8666426584075156,0.8666426584075156,1.0,1.0,1.0,1.0,49.0,0.0,0.0,0.06453852113757264,16.0,0.0,0.0,0.025483337827267638,0.0,/media/mengh/SharedData/zhanh/auto_structbeat/caches/pilot/mscnn_final_last_gtzan/gtzan__gtzan_country_00037__track.npy.npz
mscnn_gtzan,no_safeguard,gtzan/gtzan_country_00038/track.npy,gtzan,0.9922480620155039,0.9395293673120042,0.9395293673120042,0.9395293673120042,0.9846153846153847,0.9846153846153847,0.9846153846153847,0.9846153846153847,1.0,0.9447888187176707,0.9447888187176707,0.9447888187176707,1.0,1.0,1.0,1.0,78.0,0.0,0.0,0.051293294387558364,20.0,0.0,0.0,0.025692388981827092,0.0,/media/mengh/SharedData/zhanh/auto_structbeat/caches/pilot/mscnn_final_last_gtzan/gtzan__gtzan_country_00038__track.npy.npz
mscnn_gtzan,no_safeguard,gtzan/gtzan_country_00039/track.npy,gtzan,0.7076923076923077,0.6131239709347954,0.6131239709347954,0.6131239709347954,0.3246753246753247,0.3246753246753247,0.3246753246753247,0.3246753246753247,0.5625,0.5056091930890935,0.5056091930890935,0.5056091930890935,0.3684210526315789,0.3684210526315789,0.3684210526315789,0.38461538461538464,67.0,0.0,0.0,0.23751585398351044,17.0,0.0,0.0,0.6954460423836156,0.0,/media/mengh/SharedData/zhanh/auto_structbeat/caches/pilot/mscnn_final_last_gtzan/gtzan__gtzan_country_00039__track.npy.npz
mscnn_gtzan,no_safeguard,gtzan/gtzan_country_00040/track.npy,gtzan,1.0,0.8288127100423841,0.8288127100423841,0.8288127100423841,1.0,1.0,1.0,1.0,0.4827586206896552,0.46538403254725724,0.552239923405604,0.5088119779764306,0.4,0.4,0.4666666666666667,0.4666666666666667,70.0,0.0,0.0,0.21871898613492424,18.0,0.0,0.0,0.6389127766607916,0.0,/media/mengh/SharedData/zhanh/auto_structbeat/caches/pilot/mscnn_final_last_gtzan/gtzan__gtzan_country_00040__track.npy.npz
mscnn_gtzan,no_safeguard,gtzan/gtzan_country_00041/track.npy,gtzan,0.9818181818181818,0.9119400937596626,0.9119400937596626,0.9119400937596626,0.9818181818181818,0.9818181818181818,0.9818181818181818,0.9818181818181818,0.7222222222222223,0.6550191004019474,0.8366194073730887,0.7458192538875181,0.18181818181818182,0.18181818181818182,0.6666666666666666,0.6666666666666666,66.0,0.0,0.0,0.044451762570840825,24.0,0.0,0.0,0.04348511193974167,0.0,/media/mengh/SharedData/zhanh/auto_structbeat/caches/pilot/mscnn_final_last_gtzan/gtzan__gtzan_country_00041__track.npy.npz
mscnn_gtzan,no_safeguard,gtzan/gtzan_country_00042/track.npy,gtzan,0.9941520467836257,0.7860035602748895,0.7860035602748895,0.7860035602748895,0.16279069767441862,0.7674418604651163,0.16279069767441862,0.7674418604651163,1.0,0.8400498496964817,0.8400498496964817,0.8400498496964817,1.0,1.0,1.0,1.0,102.0,0.0,0.0,0.3498658406400559,26.0,0.0,0.0,0.18138978692959595,0.0,/media/mengh/SharedData/zhanh/auto_structbeat/caches/pilot/mscnn_final_last_gtzan/gtzan__gtzan_country_00042__track.npy.npz
mscnn_gtzan,no_safeguard,gtzan/gtzan_country_00043/track.npy,gtzan,1.0,0.9399919363724649,0.9399919363724649,0.9399919363724649,1.0,1.0,1.0,1.0,0.962962962962963,0.8918526578281714,0.8918526578281714,0.8918526578281714,0.9285714285714286,0.9285714285714286,0.9285714285714286,0.9285714285714286,69.0,0.0,0.0,0.04652001563490016,16.0,0.0,0.0,0.022989518224699496,0.0,/media/mengh/SharedData/zhanh/auto_structbeat/caches/pilot/mscnn_final_last_gtzan/gtzan__gtzan_country_00043__track.npy.npz
mscnn_gtzan,no_safeguard,gtzan/gtzan_country_00044/track.npy,gtzan,0.9846153846153847,0.923420428948221,0.923420428948221,0.923420428948221,0.9696969696969697,0.9696969696969697,0.9696969696969697,0.9696969696969697,1.0,0.9556709910349914,0.9556709910349914,0.9556709910349914,1.0,1.0,1.0,1.0,39.0,0.0,0.0,0.052643733485421784,10.0,0.0,0.0,0.017392627241287026,0.0,/media/mengh/SharedData/zhanh/auto_structbeat/caches/pilot/mscnn_final_last_gtzan/gtzan__gtzan_country_00044__track.npy.npz
mscnn_gtzan,no_safeguard,gtzan/gtzan_country_00045/track.npy,gtzan,0.9696969696969697,0.9488187066309351,0.9488187066309351,0.9488187066309351,0.9696969696969697,0.9696969696969697,0.9696969696969697,0.9696969696969697,0.9411764705882353,0.9308284203217444,0.9308284203217444,0.9308284203217444,0.8888888888888888,0.8888888888888888,0.8888888888888888,0.8888888888888888,40.0,0.0,0.0,0.05264373348542556,9.0,0.0,0.0,0.006514681021193569,0.0,/media/mengh/SharedData/zhanh/auto_structbeat/caches/pilot/mscnn_final_last_gtzan/gtzan__gtzan_country_00045__track.npy.npz
mscnn_gtzan,no_safeguard,gtzan/gtzan_country_00046/track.npy,gtzan,0.9923664122137404,0.9592619604671498,0.9592619604671498,0.9592619604671498,0.9848484848484849,0.9848484848484849,0.9848484848484849,0.9848484848484849,0.7234042553191489,0.6920505792221245,0.9133248835140891,0.8026877313681069,0.13333333333333333,0.13333333333333333,0.7878787878787878,0.7878787878787878,74.0,0.0,0.0,0.12731608953407322,32.0,0.0,0.0,0.13922898842921044,0.0,/media/mengh/SharedData/zhanh/auto_structbeat/caches/pilot/mscnn_final_last_gtzan/gtzan__gtzan_country_00046__track.npy.npz
mscnn_gtzan,no_safeguard,gtzan/gtzan_country_00047/track.npy,gtzan,0.8928571428571428,0.8289603574231771,0.8289603574231771,0.8289603574231771,0.2903225806451613,0.5967741935483871,0.2903225806451613,0.5967741935483871,0.8148148148148148,0.7726276547829278,0.7726276547829278,0.7726276547829278,0.26666666666666666,0.5333333333333333,0.26666666666666666,0.5333333333333333,56.0,0.0,0.0,0.6931471805599443,14.0,0.0,0.0,0.6987373145592957,0.0,/media/mengh/SharedData/zhanh/auto_structbeat/caches/pilot/mscnn_final_last_gtzan/gtzan__gtzan_country_00047__track.npy.npz
mscnn_gtzan,no_safeguard,gtzan/gtzan_country_00048/track.npy,gtzan,0.9696969696969697,0.6883111012458003,0.6883111012458003,0.6883111012458003,0.98,0.98,0.98,0.98,1.0,0.737820781931778,0.737820781931778,0.737820781931778,1.0,1.0,1.0,1.0,60.0,0.0,0.0,0.08004270767353472,15.0,0.0,0.0,0.02749450675227953,0.0,/media/mengh/SharedData/zhanh/auto_structbeat/caches/pilot/mscnn_final_last_gtzan/gtzan__gtzan_country_00048__track.npy.npz
mscnn_gtzan,no_safeguard,gtzan/gtzan_country_00049/track.npy,gtzan,0.9375,0.8801933406463412,0.8801933406463412,0.8801933406463412,1.0,1.0,1.0,1.0,0.7096774193548387,0.678426173596969,0.7791723294185099,0.7287992515077395,0.3157894736842105,0.3157894736842105,0.5217391304347826,0.5217391304347826,57.0,0.0,0.0,0.16160891434227942,21.0,0.0,0.0,0.1305813024122725,0.0,/media/mengh/SharedData/zhanh/auto_structbeat/caches/pilot/mscnn_final_last_gtzan/gtzan__gtzan_country_00049__track.npy.npz
mscnn_gtzan,no_safeguard,gtzan/gtzan_country_00050/track.npy,gtzan,1.0,0.9807662080933612,0.9807662080933612,0.9807662080933612,1.0,1.0,1.0,1.0,1.0,0.9776683776545304,0.9776683776545304,0.9776683776545304,1.0,1.0,1.0,1.0,60.0,0.0,0.0,0.039220713153287345,15.0,0.0,0.0,0.013832428784279292,0.0,/media/mengh/SharedData/zhanh/auto_structbeat/caches/pilot/mscnn_final_last_gtzan/gtzan__gtzan_country_00050__track.npy.npz
mscnn_gtzan,no_safeguard,gtzan/gtzan_country_00051/track.npy,gtzan,1.0,0.958048902418087,0.958048902418087,0.958048902418087,1.0,1.0,1.0,1.0,1.0,0.9693965941207965,0.9693965941207965,0.9693965941207965,1.0,1.0,1.0,1.0,33.0,0.0,0.0,0.06744128079553238,9.0,0.0,0.0,0.05396183028206014,0.0,/media/mengh/SharedData/zhanh/auto_structbeat/caches/pilot/mscnn_final_last_gtzan/gtzan__gtzan_country_00051__track.npy.npz
mscnn_gtzan,no_safeguard,gtzan/gtzan_country_00052/track.npy,gtzan,1.0,0.730986255201523,0.730986255201523,0.730986255201523,1.0,1.0,1.0,1.0,1.0,0.9091610617802722,0.9091610617802722,0.9091610617802722,1.0,1.0,1.0,1.0,36.0,0.0,0.0,0.047628048989254844,12.0,0.0,0.0,0.023905520853553908,0.0,/media/mengh/SharedData/zhanh/auto_structbeat/caches/pilot/mscnn_final_last_gtzan/gtzan__gtzan_country_00052__track.npy.npz
mscnn_gtzan,no_safeguard,gtzan/gtzan_country_00053/track.npy,gtzan,1.0,0.9782244148667223,0.9782244148667223,0.9782244148667223,1.0,1.0,1.0,1.0,1.0,0.9820788840624691,0.9820788840624691,0.9820788840624691,1.0,1.0,1.0,1.0,90.0,0.0,0.0,0.060624621816438795,22.0,0.0,0.0,0.015037877364540592,0.0,/media/mengh/SharedData/zhanh/auto_structbeat/caches/pilot/mscnn_final_last_gtzan/gtzan__gtzan_country_00053__track.npy.npz
mscnn_gtzan,no_safeguard,gtzan/gtzan_country_00054/track.npy,gtzan,1.0,0.964332030351154,0.964332030351154,0.964332030351154,1.0,1.0,1.0,1.0,0.6666666666666666,0.6258595131047783,0.9248087396739831,0.7753341263893807,0.0,0.0,0.9375,0.9375,38.0,0.0,0.0,0.0323049383993326,19.0,0.0,0.0,0.01525478221880199,0.0,/media/mengh/SharedData/zhanh/auto_structbeat/caches/pilot/mscnn_final_last_gtzan/gtzan__gtzan_country_00054__track.npy.npz
mscnn_gtzan,no_safeguard,gtzan/gtzan_country_00055/track.npy,gtzan,1.0,0.9777611728611324,0.9777611728611324,0.9777611728611324,1.0,1.0,1.0,1.0,1.0,0.9798847136776591,0.9798847136776591,0.9798847136776591,1.0,1.0,1.0,1.0,66.0,0.0,0.0,0.044451762570840825,17.0,0.0,0.0,0.021978906718778668,0.0,/media/mengh/SharedData/zhanh/auto_structbeat/caches/pilot/mscnn_final_last_gtzan/gtzan__gtzan_country_00055__track.npy.npz
mscnn_gtzan,no_safeguard,gtzan/gtzan_country_00056/track.npy,gtzan,0.9565217391304348,0.8367238365179447,0.8367238365179447,0.8367238365179447,0.9428571428571428,0.9428571428571428,0.9428571428571428,0.9428571428571428,0.9166666666666666,0.7965125905602406,0.7965125905602406,0.7965125905602406,1.0,1.0,1.0,1.0,41.0,0.0,0.0,0.05406722127027935,14.0,0.0,0.0,0.0712597539418158,0.0,/media/mengh/SharedData/zhanh/auto_structbeat/caches/pilot/mscnn_final_last_gtzan/gtzan__gtzan_country_00056__track.npy.npz
mscnn_gtzan,no_safeguard,gtzan/gtzan_country_00057/track.npy,gtzan,1.0,0.9110106251580495,0.9110106251580495,0.9110106251580495,1.0,1.0,1.0,1.0,0.6666666666666666,0.6077968358570432,0.8731697713190966,0.7404833035880699,0.0,0.0,0.9285714285714286,0.9285714285714286,34.0,0.0,0.0,0.044906537748498516,17.0,0.0,0.0,0.03390155167567945,0.0,/media/mengh/SharedData/zhanh/auto_structbeat/caches/pilot/mscnn_final_last_gtzan/gtzan__gtzan_country_00057__track.npy.npz
mscnn_gtzan,no_safeguard,gtzan/gtzan_country_00058/track.npy,gtzan,0.9894736842105264,0.9144191129244756,0.9144191129244756,0.9144191129244756,0.9791666666666666,0.9791666666666666,0.9791666666666666,0.9791666666666666,1.0,0.9632346373747978,0.9632346373747978,0.9632346373747978,1.0,1.0,1.0,1.0,57.0,0.0,0.0,0.03774032798285287,14.0,0.0,0.0,0.013704127111970991,0.0,/media/mengh/SharedData/zhanh/auto_structbeat/caches/pilot/mscnn_final_last_gtzan/gtzan__gtzan_country_00058__track.npy.npz
mscnn_gtzan,no_safeguard,gtzan/gtzan_country_00059/track.npy,gtzan,1.0,0.977264700400975,0.977264700400975,0.977264700400975,1.0,1.0,1.0,1.0,1.0,0.9960402567347403,0.9960402567347403,0.9960402567347403,1.0,1.0,1.0,1.0,34.0,0.0,0.0,0.022989518224699735,8.0,0.0,0.0,0.005698021114638185,0.0,/media/mengh/SharedData/zhanh/auto_structbeat/caches/pilot/mscnn_final_last_gtzan/gtzan__gtzan_country_00059__track.npy.npz
mscnn_gtzan,no_safeguard,gtzan/gtzan_country_00060/track.npy,gtzan,0.983050847457627,0.9374935956554467,0.9374935956554467,0.9374935956554467,0.9666666666666667,0.9666666666666667,0.9666666666666667,0.9666666666666667,1.0,0.953117245579756,0.953117245579756,0.953117245579756,1.0,1.0,1.0,1.0,36.0,0.0,0.0,0.046520015634893976,12.0,0.0,0.0,0.020075482695909943,0.0,/media/mengh/SharedData/zhanh/auto_structbeat/caches/pilot/mscnn_final_last_gtzan/gtzan__gtzan_country_00060__track.npy.npz
mscnn_gtzan,no_safeguard,gtzan/gtzan_country_00061/track.npy,gtzan,0.9811320754716981,0.9176018653173095,0.9176018653173095,0.9176018653173095,0.8888888888888888,0.8888888888888888,0.8888888888888888,0.8888888888888888,0.7000000000000001,0.637823263046338,0.9211609618075571,0.7794921124269476,0.0,0.0,1.0,1.0,36.0,0.0,0.0,0.6931471805599453,14.0,0.0,0.0,0.31722161634740603,0.0,/media/mengh/SharedData/zhanh/auto_structbeat/caches/pilot/mscnn_final_last_gtzan/gtzan__gtzan_country_00061__track.npy.npz
mscnn_gtzan,no_safeguard,gtzan/gtzan_country_00062/track.npy,gtzan,1.0,0.9714364347716373,0.9714364347716373,0.9714364347716373,1.0,1.0,1.0,1.0,0.6666666666666666,0.6549094513764907,0.9644339046108442,0.8096716779936675,0.0,0.0,0.9722222222222222,0.9722222222222222,88.0,0.0,0.0,0.1177830356563847,44.0,0.0,0.0,0.0588405000229346,0.0,/media/mengh/SharedData/zhanh/auto_structbeat/caches/pilot/mscnn_final_last_gtzan/gtzan__gtzan_country_00062__track.npy.npz
mscnn_gtzan,no_safeguard,gtzan/gtzan_country_00063/track.npy,gtzan,0.9859154929577464,0.9629635222315361,0.9629635222315361,0.9629635222315361,0.9722222222222222,0.9722222222222222,0.9722222222222222,0.9722222222222222,0.9411764705882353,0.9322017064301297,0.9322017064301297,0.9322017064301297,0.8888888888888888,0.8888888888888888,0.8888888888888888,0.8888888888888888,42.0,0.0,0.0,0.05556985115481211,10.0,0.0,0.0,0.007017572658646554,0.0,/media/mengh/SharedData/zhanh/auto_structbeat/caches/pilot/mscnn_final_last_gtzan/gtzan__gtzan_country_00063__track.npy.npz
mscnn_gtzan,no_safeguard,gtzan/gtzan_country_00064/track.npy,gtzan,0.9818181818181818,0.9517924287872799,0.9517924287872799,0.9517924287872799,0.9642857142857143,0.9642857142857143,0.9642857142857143,0.9642857142857143,1.0,0.9490693477658702,0.9490693477658702,0.9490693477658702,1.0,1.0,1.0,1.0,34.0,0.0,0.0,0.05412955492026682,8.0,0.0,0.0,0.011034657533837755,0.0,/media/mengh/SharedData/zhanh/auto_structbeat/caches/pilot/mscnn_final_last_gtzan/gtzan__gtzan_country_00064__track.npy.npz
mscnn_gtzan,no_safeguard,gtzan/gtzan_country_00065/track.npy,gtzan,0.64,0.591953808951462,0.887930713427193,0.7399422611893275,0.0,0.0,1.0,1.0,1.0,0.9056665503390359,0.9056665503390359,0.9056665503390359,1.0,1.0,1.0,1.0,30.0,0.0,0.0,0.06020420134546628,15.0,0.0,0.0,0.058029069123728245,0.0,/media/mengh/SharedData/zhanh/auto_structbeat/caches/pilot/mscnn_final_last_gtzan/gtzan__gtzan_country_00065__track.npy.npz
mscnn_gtzan,no_safeguard,gtzan/gtzan_country_00066/track.npy,gtzan,0.736111111111111,0.6781713850047372,0.8656473191762348,0.7719093520904861,0.07692307692307693,0.14285714285714285,0.6792452830188679,0.7169811320754716,0.9777777777777777,0.9136949591638894,0.9136949591638894,0.9136949591638894,0.7391304347826086,0.9130434782608695,0.7391304347826086,0.9130434782608695,72.0,0.0,0.0,0.14310084364067643,26.0,0.0,0.0,0.591978923427776,0.0,/media/mengh/SharedData/zhanh/auto_structbeat/caches/pilot/mscnn_final_last_gtzan/gtzan__gtzan_country_00066__track.npy.npz
mscnn_gtzan,no_safeguard,gtzan/gtzan_country_00067/track.npy,gtzan,0.9259259259259259,0.6932611725300538,0.6932611725300538,0.6932611725300538,1.0,1.0,1.0,1.0,0.3333333333333333,0.1356708484554313,0.32318585513034537,0.22942835179288834,0.0,0.0,0.0,0.0,31.0,0.0,0.0,0.06187540371808867,6.0,0.0,0.0,0.026095819893653033,0.0,/media/mengh/SharedData/zhanh/auto_structbeat/caches/pilot/mscnn_final_last_gtzan/gtzan__gtzan_country_00067__track.npy.npz
mscnn_gtzan,no_safeguard,gtzan/gtzan_country_00068/track.npy,gtzan,1.0,0.863450429838761,0.863450429838761,0.863450429838761,1.0,1.0,1.0,1.0,1.0,0.9017007043160592,0.9017007043160592,0.9017007043160592,1.0,1.0,1.0,1.0,42.0,0.0,0.0,0.05715841383994759,10.0,0.0,0.0,0.02790585126504015,0.0,/media/mengh/SharedData/zhanh/auto_structbeat/caches/pilot/mscnn_final_last_gtzan/gtzan__gtzan_country_00068__track.npy.npz
mscnn_gtzan,no_safeguard,gtzan/gtzan_country_00069/track.npy,gtzan,0.924731182795699,0.8303518431655875,0.8303518431655875,0.8303518431655875,0.8936170212765957,0.8936170212765957,0.8936170212765957,0.8936170212765957,0.9375,0.8868303480644484,0.8868303480644484,0.8868303480644484,1.0,1.0,1.0,1.0,52.0,0.0,0.0,0.5017776062251285,19.0,0.0,0.0,0.06947704365564565,0.0,/media/mengh/SharedData/zhanh/auto_structbeat/caches/pilot/mscnn_final_last_gtzan/gtzan__gtzan_country_00069__track.npy.npz
mscnn_gtzan,no_safeguard,gtzan/gtzan_country_00070/track.npy,gtzan,0.6666666666666666,0.6191900210233746,0.9287850306475174,0.773987525835446,0.0,0.0,1.0,1.0,0.6470588235294118,0.6093881604522667,0.9417817025171396,0.7755849314847032,0.0,0.0,1.0,1.0,56.0,0.0,0.0,0.03774032798284185,14.0,0.0,0.0,0.03516456532061203,0.0,/media/mengh/SharedData/zhanh/auto_structbeat/caches/pilot/mscnn_final_last_gtzan/gtzan__gtzan_country_00070__track.npy.npz
mscnn_gtzan,no_safeguard,gtzan/gtzan_country_00071/track.npy,gtzan,1.0,0.8848408842103459,0.8848408842103459,0.8848408842103459,1.0,1.0,1.0,1.0,1.0,0.8715126568862549,0.8715126568862549,0.8715126568862549,1.0,1.0,1.0,1.0,37.0,0.0,0.0,0.05584931339248961,9.0,0.0,0.0,0.022205484093511613,0.0,/media/mengh/SharedData/zhanh/auto_structbeat/caches/pilot/mscnn_final_last_gtzan/gtzan__gtzan_country_00071__track.npy.npz
mscnn_gtzan,no_safeguard,gtzan/gtzan_country_00072/track.npy,gtzan,1.0,0.948017033177345,0.948017033177345,0.948017033177345,1.0,1.0,1.0,1.0,1.0,0.9154550193217954,0.9154550193217954,0.9154550193217954,1.0,1.0,1.0,1.0,75.0,0.0,0.0,0.05129329438755024,19.0,0.0,0.0,0.025001302205418963,0.0,/media/mengh/SharedData/zhanh/auto_structbeat/caches/pilot/mscnn_final_last_gtzan/gtzan__gtzan_country_00072__track.npy.npz
mscnn_gtzan,no_safeguard,gtzan/gtzan_country_00073/track.npy,gtzan,0.6736842105263158,0.6394786821932459,0.9492261688805993,0.7943524255369225,0.0,0.0,1.0,1.0,1.0,0.9467584533576635,0.9467584533576635,0.9467584533576635,1.0,1.0,1.0,1.0,38.0,0.0,0.0,0.02531780798429213,19.0,0.0,0.0,0.025317807984290674,0.0,/media/mengh/SharedData/zhanh/auto_structbeat/caches/pilot/mscnn_final_last_gtzan/gtzan__gtzan_country_00073__track.npy.npz
mscnn_gtzan,no_safeguard,gtzan/gtzan_country_00074/track.npy,gtzan,1.0,0.830246862960503,0.830246862960503,0.830246862960503,1.0,1.0,1.0,1.0,1.0,0.8773996547980236,0.8773996547980236,0.8773996547980236,1.0,1.0,1.0,1.0,32.0,0.0,0.0,0.08894748601649462,8.0,0.0,0.0,0.03246888299843387,0.0,/media/mengh/SharedData/zhanh/auto_structbeat/caches/pilot/mscnn_final_last_gtzan/gtzan__gtzan_country_00074__track.npy.npz
mscnn_gtzan,no_safeguard,gtzan/gtzan_country_00075/track.npy,gtzan,1.0,0.9574763828145656,0.9574763828145656,0.9574763828145656,1.0,1.0,1.0,1.0,1.0,0.9723652675418666,0.9723652675418666,0.9723652675418666,1.0,1.0,1.0,1.0,48.0,0.0,0.0,0.05508772344174845,12.0,0.0,0.0,0.020511875236931595,0.0,/media/mengh/SharedData/zhanh/auto_structbeat/caches/pilot/mscnn_final_last_gtzan/gtzan__gtzan_country_00075__track.npy.npz
mscnn_gtzan,no_safeguard,gtzan/gtzan_country_00076/track.npy,gtzan,0.846153846153846,0.7356619116065831,0.7356619116065831,0.7356619116065831,0.36666666666666664,0.4666666666666667,0.36666666666666664,0.4666666666666667,0.6923076923076923,0.5681537419236123,0.5681537419236123,0.5681537419236123,0.3333333333333333,0.4,0.3333333333333333,0.4,50.0,0.0,0.0,0.4994623471952683,13.0,0.0,0.0,0.5513101550328239,0.0,/media/mengh/SharedData/zhanh/auto_structbeat/caches/pilot/mscnn_final_last_gtzan/gtzan__gtzan_country_00076__track.npy.npz
mscnn_gtzan,no_safeguard,gtzan/gtzan_country_00077/track.npy,gtzan,0.8676470588235294,0.7756260490721074,0.7756260490721074,0.7756260490721074,0.3684210526315789,0.5131578947368421,0.3684210526315789,0.5131578947368421,0.8823529411764706,0.8114273727982497,0.8114273727982497,0.8114273727982497,0.47368421052631576,0.5789473684210527,0.47368421052631576,0.5789473684210527,75.0,0.0,0.0,0.30538164955117963,19.0,0.0,0.0,0.6735122792830935,0.0,/media/mengh/SharedData/zhanh/auto_structbeat/caches/pilot/mscnn_final_last_gtzan/gtzan__gtzan_country_00077__track.npy.npz
mscnn_gtzan,no_safeguard,gtzan/gtzan_country_00078/track.npy,gtzan,0.8771929824561403,0.637913224364475,0.637913224364475,0.637913224364475,0.8275862068965517,0.8275862068965517,0.8275862068965517,0.8275862068965517,0.6,0.3797379814800925,0.6296330036816411,0.5046854925808668,0.0,0.0,0.9230769230769231,0.9230769230769231,35.0,0.0,0.0,0.12132316791266637,17.0,0.0,0.0,0.1756107024689726,0.0,/media/mengh/SharedData/zhanh/auto_structbeat/caches/pilot/mscnn_final_last_gtzan/gtzan__gtzan_country_00078__track.npy.npz
mscnn_gtzan,no_safeguard,gtzan/gtzan_country_00079/track.npy,gtzan,1.0,0.8899352515976564,0.8899352515976564,0.8899352515976564,1.0,1.0,1.0,1.0,1.0,0.8775270837354728,0.8775270837354728,0.8775270837354728,1.0,1.0,1.0,1.0,42.0,0.0,0.0,0.05690326350892233,14.0,0.0,0.0,0.02670109135467261,0.0,/media/mengh/SharedData/zhanh/auto_structbeat/caches/pilot/mscnn_final_last_gtzan/gtzan__gtzan_country_00079__track.npy.npz
mscnn_gtzan,no_safeguard,gtzan/gtzan_country_00080/track.npy,gtzan,0.6666666666666666,0.6486747873180881,0.9730121809759759,0.810843484147032,0.0,0.0,1.0,1.0,0.6875000000000001,0.6719496805383394,0.9773813535103119,0.8246655170243256,0.0,0.0,1.0,1.0,49.0,0.0,0.0,0.032789822822996084,13.0,0.0,0.0,0.012211915755470704,0.0,/media/mengh/SharedData/zhanh/auto_structbeat/caches/pilot/mscnn_final_last_gtzan/gtzan__gtzan_country_00080__track.npy.npz
mscnn_gtzan,no_safeguard,gtzan/gtzan_country_00081/track.npy,gtzan,0.9932885906040269,0.937641396072475,0.937641396072475,0.937641396072475,0.7466666666666667,0.9733333333333334,0.7466666666666667,0.9733333333333334,1.0,0.9651776822519044,0.9651776822519044,0.9651776822519044,1.0,1.0,1.0,1.0,89.0,0.0,0.0,0.1823215567939509,22.0,0.0,0.0,0.029852963149680556,0.0,/media/mengh/SharedData/zhanh/auto_structbeat/caches/pilot/mscnn_final_last_gtzan/gtzan__gtzan_country_00081__track.npy.npz
mscnn_gtzan,no_safeguard,gtzan/gtzan_country_00082/track.npy,gtzan,0.6802721088435374,0.6493510968925998,0.9444909069296119,0.7969210019111059,0.030927835051546393,0.030927835051546393,0.94,0.94,0.9565217391304348,0.9132962816692534,0.9132962816692534,0.9132962816692534,0.9166666666666666,0.9166666666666666,0.9166666666666666,0.9166666666666666,61.0,0.0,0.0,0.5872292924683158,25.0,0.0,0.0,0.19751295670669372,0.0,/media/mengh/SharedData/zhanh/auto_structbeat/caches/pilot/mscnn_final_last_gtzan/gtzan__gtzan_country_00082__track.npy.npz
mscnn_gtzan,no_safeguard,gtzan/gtzan_country_00083/track.npy,gtzan,1.0,0.962150548189023,0.962150548189023,0.962150548189023,1.0,1.0,1.0,1.0,1.0,0.9634933118085607,0.9634933118085607,0.9634933118085607,1.0,1.0,1.0,1.0,37.0,0.0,0.0,0.04879016416943238,10.0,0.0,0.0,0.010054593637715832,0.0,/media/mengh/SharedData/zhanh/auto_structbeat/caches/pilot/mscnn_final_last_gtzan/gtzan__gtzan_country_00083__track.npy.npz
mscnn_gtzan,no_safeguard,gtzan/gtzan_country_00084/track.npy,gtzan,0.8387096774193548,0.7860897594259372,0.7860897594259372,0.7860897594259372,0.2222222222222222,0.4305555555555556,0.38461538461538464,0.4305555555555556,0.8387096774193548,0.7863817129311145,0.7863817129311145,0.7863817129311145,0.2222222222222222,0.4444444444444444,0.38461538461538464,0.4444444444444444,66.0,0.0,0.0,0.5045352549936553,15.0,0.0,0.0,0.6960352797493401,0.0,/media/mengh/SharedData/zhanh/auto_structbeat/caches/pilot/mscnn_final_last_gtzan/gtzan__gtzan_country_00084__track.npy.npz
mscnn_gtzan,no_safeguard,gtzan/gtzan_country_00085/track.npy,gtzan,1.0,0.9661649810876689,0.9661649810876689,0.9661649810876689,1.0,1.0,1.0,1.0,0.6956521739130436,0.6731343182435142,0.9750559314166379,0.8240951248300761,0.0,0.0,1.0,1.0,36.0,0.0,0.0,0.048790164169433214,18.0,0.0,0.0,0.01829448048657946,0.0,/media/mengh/SharedData/zhanh/auto_structbeat/caches/pilot/mscnn_final_last_gtzan/gtzan__gtzan_country_00085__track.npy.npz
mscnn_gtzan,no_safeguard,gtzan/gtzan_country_00086/track.npy,gtzan,0.6887417218543048,0.645708460491752,0.9055426443159508,0.7756255524038513,0.04081632653061224,0.061224489795918366,0.37735849056603776,0.8679245283018868,0.8260869565217391,0.7798085749290276,0.7798085749290276,0.7798085749290276,0.4,0.52,0.4,0.52,63.0,0.0,0.0,0.579818495252938,26.0,0.0,0.0,0.48550781578170504,0.0,/media/mengh/SharedData/zhanh/auto_structbeat/caches/pilot/mscnn_final_last_gtzan/gtzan__gtzan_country_00086__track.npy.npz
mscnn_gtzan,no_safeguard,gtzan/gtzan_country_00087/track.npy,gtzan,1.0,0.9350801298877396,0.9350801298877396,0.9350801298877396,1.0,1.0,1.0,1.0,1.0,0.943965521218707,0.943965521218707,0.943965521218707,1.0,1.0,1.0,1.0,36.0,0.0,0.0,0.04879016416943241,9.0,0.0,0.0,0.012048338516174595,0.0,/media/mengh/SharedData/zhanh/auto_structbeat/caches/pilot/mscnn_final_last_gtzan/gtzan__gtzan_country_00087__track.npy.npz
mscnn_gtzan,no_safeguard,gtzan/gtzan_country_00088/track.npy,gtzan,1.0,0.9613289496383648,0.9613289496383648,0.9613289496383648,1.0,1.0,1.0,1.0,1.0,0.9749485416073902,0.9749485416073902,0.9749485416073902,1.0,1.0,1.0,1.0,53.0,0.0,0.0,0.05204209564911583,13.0,0.0,0.0,0.013177469666532937,0.0,/media/mengh/SharedData/zhanh/auto_structbeat/caches/pilot/mscnn_final_last_gtzan/gtzan__gtzan_country_00088__track.npy.npz
mscnn_gtzan,no_safeguard,gtzan/gtzan_country_00089/track.npy,gtzan,1.0,0.9271670975570337,0.9271670975570337,0.9271670975570337,1.0,1.0,1.0,1.0,1.0,0.9783590732410212,0.9783590732410212,0.9783590732410212,1.0,1.0,1.0,1.0,37.0,0.0,0.0,0.02469261259037095,10.0,0.0,0.0,0.01219527309381907,0.0,/media/mengh/SharedData/zhanh/auto_structbeat/caches/pilot/mscnn_final_last_gtzan/gtzan__gtzan_country_00089__track.npy.npz
mscnn_gtzan,no_safeguard,gtzan/gtzan_country_00090/track.npy,gtzan,0.9541284403669724,0.937433492776252,0.937433492776252,0.937433492776252,0.49122807017543857,0.8245614035087719,0.49122807017543857,0.8245614035087719,0.9655172413793104,0.9498885482019944,0.9498885482019944,0.9498885482019944,0.4666666666666667,0.8666666666666667,0.4666666666666667,0.8666666666666667,63.0,0.0,0.0,0.04652001563489172,16.0,0.0,0.0,0.6931471805599446,0.0,/media/mengh/SharedData/zhanh/auto_structbeat/caches/pilot/mscnn_final_last_gtzan/gtzan__gtzan_country_00090__track.npy.npz
mscnn_gtzan,no_safeguard,gtzan/gtzan_country_00091/track.npy,gtzan,0.5,0.4753434892442997,0.4753434892442997,0.4753434892442997,0.0,0.0,0.0,0.0,0.4,0.36800703182984945,0.5481949010356955,0.4581009664327724,0.0,0.0,0.0,0.0,58.0,0.0,0.0,0.07696104113613,20.0,0.0,0.0,0.025642430613338374,0.0,/media/mengh/SharedData/zhanh/auto_structbeat/caches/pilot/mscnn_final_last_gtzan/gtzan__gtzan_country_00091__track.npy.npz
mscnn_gtzan,no_safeguard,gtzan/gtzan_country_00092/track.npy,gtzan,0.145985401459854,0.12145485586051481,0.7713950448221252,0.44642495034132,0.043478260869565216,0.07246376811594203,0.5362318840579711,0.7536231884057971,0.06896551724137931,0.06690418762668755,0.09696678734794775,0.08193548748731766,0.29411764705882354,0.29411764705882354,0.29411764705882354,0.29411764705882354,83.0,0.0,0.012195121951219513,0.40546510810817926,15.0,0.0,0.0,0.2646623719078991,0.0,/media/mengh/SharedData/zhanh/auto_structbeat/caches/pilot/mscnn_final_last_gtzan/gtzan__gtzan_country_00092__track.npy.npz
mscnn_gtzan,no_safeguard,gtzan/gtzan_country_00093/track.npy,gtzan,0.9714285714285714,0.8136043859927578,0.8136043859927578,0.8136043859927578,1.0,1.0,1.0,1.0,0.9565217391304348,0.7524853602491856,0.7524853602491856,0.7524853602491856,0.9166666666666666,0.9166666666666666,0.9166666666666666,0.9166666666666666,43.0,0.0,0.0,0.05884050002293345,14.0,0.0,0.0,0.038099846232270876,0.0,/media/mengh/SharedData/zhanh/auto_structbeat/caches/pilot/mscnn_final_last_gtzan/gtzan__gtzan_country_00093__track.npy.npz
mscnn_gtzan,no_safeguard,gtzan/gtzan_country_00094/track.npy,gtzan,1.0,0.972491322687349,0.972491322687349,0.972491322687349,1.0,1.0,1.0,1.0,1.0,0.9825846934522776,0.9825846934522776,0.9825846934522776,1.0,1.0,1.0,1.0,57.0,0.0,0.0,0.05054281154813425,14.0,0.0,0.0,0.009478743954544556,0.0,/media/mengh/SharedData/zhanh/auto_structbeat/caches/pilot/mscnn_final_last_gtzan/gtzan__gtzan_country_00094__track.npy.npz
mscnn_gtzan,no_safeguard,gtzan/gtzan_country_00095/track.npy,gtzan,1.0,0.962341601665002,0.962341601665002,0.962341601665002,1.0,1.0,1.0,1.0,1.0,0.956330314731666,0.956330314731666,0.956330314731666,1.0,1.0,1.0,1.0,45.0,0.0,0.0,0.06062462181643358,11.0,0.0,0.0,0.015037877364540209,0.0,/media/mengh/SharedData/zhanh/auto_structbeat/caches/pilot/mscnn_final_last_gtzan/gtzan__gtzan_country_00095__track.npy.npz
mscnn_gtzan,no_safeguard,gtzan/gtzan_country_00096/track.npy,gtzan,1.0,0.9754775960013936,0.9754775960013936,0.9754775960013936,1.0,1.0,1.0,1.0,1.0,0.9797001222841386,0.9797001222841386,0.9797001222841386,1.0,1.0,1.0,1.0,58.0,0.0,0.0,0.048655795148993014,14.0,0.0,0.0,0.013968163869004445,0.0,/media/mengh/SharedData/zhanh/auto_structbeat/caches/pilot/mscnn_final_last_gtzan/gtzan__gtzan_country_00096__track.npy.npz
mscnn_gtzan,no_safeguard,gtzan/gtzan_country_00097/track.npy,gtzan,0.5079365079365079,0.4909347224569686,0.4909347224569686,0.4909347224569686,0.0,0.0,0.0,0.0,0.4,0.3850115201577858,0.5862433778923453,0.4856274490250655,0.0,0.0,0.0,0.0,57.0,0.0,0.0,0.07696104113612892,19.0,0.0,0.0,0.025317807984290452,0.0,/media/mengh/SharedData/zhanh/auto_structbeat/caches/pilot/mscnn_final_last_gtzan/gtzan__gtzan_country_00097__track.npy.npz
mscnn_gtzan,no_safeguard,gtzan/gtzan_country_00098/track.npy,gtzan,0.9361702127659575,0.9071555281500562,0.9071555281500562,0.9071555281500562,0.56,0.76,0.56,0.76,0.8571428571428571,0.8456571955686681,0.8456571955686681,0.8456571955686681,0.5833333333333334,0.5833333333333334,0.5833333333333334,0.5833333333333334,50.0,0.0,0.0,0.4530671515000674,11.0,0.0,0.0,0.5827222348373344,0.0,/media/mengh/SharedData/zhanh/auto_structbeat/caches/pilot/mscnn_final_last_gtzan/gtzan__gtzan_country_00098__track.npy.npz
mscnn_gtzan,no_safeguard,gtzan/gtzan_country_00099/track.npy,gtzan,0.9836065573770492,0.9577391326793363,0.9577391326793363,0.9577391326793363,0.6065573770491803,0.9672131147540983,0.6065573770491803,0.9672131147540983,1.0,0.9781597481713222,0.9781597481713222,0.9781597481713222,1.0,1.0,1.0,1.0,73.0,0.0,0.0,0.07568837647226934,18.0,0.0,0.0,0.012270092591814302,0.0,/media/mengh/SharedData/zhanh/auto_structbeat/caches/pilot/mscnn_final_last_gtzan/gtzan__gtzan_country_00099__track.npy.npz
mscnn_gtzan,no_safeguard,gtzan/gtzan_disco_00000/track.npy,gtzan,1.0,0.9421272950318951,0.9421272950318951,0.9421272950318951,1.0,1.0,1.0,1.0,1.0,0.9436563705928029,0.9436563705928029,0.9436563705928029,1.0,1.0,1.0,1.0,58.0,0.0,0.0,0.07696104113612678,15.0,0.0,0.0,0.013416424535320668,0.0,/media/mengh/SharedData/zhanh/auto_structbeat/caches/pilot/mscnn_final_last_gtzan/gtzan__gtzan_disco_00000__track.npy.npz
mscnn_gtzan,no_safeguard,gtzan/gtzan_disco_00001/track.npy,gtzan,0.6666666666666666,0.6386345207210378,0.9480759798155992,0.7933552502683185,0.0,0.0,0.9795918367346939,0.9795918367346939,0.6666666666666666,0.6265918588161726,0.9398877882242589,0.7832398235202158,0.0,0.0,1.0,1.0,59.0,0.0,0.0,0.07696104113612845,14.0,0.0,0.0,0.009756174945365292,0.0,/media/mengh/SharedData/zhanh/auto_structbeat/caches/pilot/mscnn_final_last_gtzan/gtzan__gtzan_disco_00001__track.npy.npz
mscnn_gtzan,no_safeguard,gtzan/gtzan_disco_00002/track.npy,gtzan,0.6713286713286714,0.6062703750783397,0.9030901244892166,0.7546802497837781,0.0,0.0,1.0,1.0,0.6666666666666666,0.5930375158757806,0.889556273813671,0.7412968948447258,0.0,0.0,1.0,1.0,57.0,0.0,0.0,0.09680298188749253,15.0,0.0,0.0,0.04436651349325173,0.0,/media/mengh/SharedData/zhanh/auto_structbeat/caches/pilot/mscnn_final_last_gtzan/gtzan__gtzan_disco_00002__track.npy.npz
mscnn_gtzan,no_safeguard,gtzan/gtzan_disco_00003/track.npy,gtzan,1.0,0.9544755132974873,0.9544755132974873,0.9544755132974873,1.0,1.0,1.0,1.0,1.0,0.9731110026296569,0.9731110026296569,0.9731110026296569,1.0,1.0,1.0,1.0,64.0,0.0,0.0,0.04255961441879885,16.0,0.0,0.0,0.014247064284089957,0.0,/media/mengh/SharedData/zhanh/auto_structbeat/caches/pilot/mscnn_final_last_gtzan/gtzan__gtzan_disco_00003__track.npy.npz
mscnn_gtzan,no_safeguard,gtzan/gtzan_disco_00004/track.npy,gtzan,1.0,0.9458823114214497,0.9458823114214497,0.9458823114214497,1.0,1.0,1.0,1.0,1.0,0.9195792413720214,0.9195792413720214,0.9195792413720214,1.0,1.0,1.0,1.0,61.0,0.0,0.0,0.08004270767353543,15.0,0.0,0.0,0.03045920748470876,0.0,/media/mengh/SharedData/zhanh/auto_structbeat/caches/pilot/mscnn_final_last_gtzan/gtzan__gtzan_disco_00004__track.npy.npz
mscnn_gtzan,no_safeguard,gtzan/gtzan_disco_00005/track.npy,gtzan,0.9662921348314608,0.8111627626577961,0.8111627626577961,0.8111627626577961,0.9777777777777777,0.9777777777777777,0.9777777777777777,0.9777777777777777,1.0,0.7779447176809436,0.7779447176809436,0.7779447176809436,1.0,1.0,1.0,1.0,54.0,0.0,0.0,0.17878456711229465,13.0,0.0,0.0,0.04945889371781409,0.0,/media/mengh/SharedData/zhanh/auto_structbeat/caches/pilot/mscnn_final_last_gtzan/gtzan__gtzan_disco_00005__track.npy.npz
mscnn_gtzan,no_safeguard,gtzan/gtzan_disco_00006/track.npy,gtzan,1.0,0.8237382718131431,0.8237382718131431,0.8237382718131431,1.0,1.0,1.0,1.0,0.7407407407407408,0.594741615964041,0.594741615964041,0.594741615964041,0.6428571428571429,0.6428571428571429,0.6428571428571429,0.6428571428571429,62.0,0.0,0.0,0.04082199452025792,16.0,0.0,0.0,0.6828906803927582,0.0,/media/mengh/SharedData/zhanh/auto_structbeat/caches/pilot/mscnn_final_last_gtzan/gtzan__gtzan_disco_00006__track.npy.npz
mscnn_gtzan,no_safeguard,gtzan/gtzan_disco_00007/track.npy,gtzan,0.9719626168224299,0.7213411858302001,0.7213411858302001,0.7213411858302001,0.9814814814814815,0.9814814814814815,0.9814814814814815,0.9814814814814815,1.0,0.6734010417364608,0.6734010417364608,0.6734010417364608,1.0,1.0,1.0,1.0,64.0,0.0,0.0,0.17365285029129773,16.0,0.0,0.0,0.04390186723309433,0.0,/media/mengh/SharedData/zhanh/auto_structbeat/caches/pilot/mscnn_final_last_gtzan/gtzan__gtzan_disco_00007__track.npy.npz
mscnn_gtzan,no_safeguard,gtzan/gtzan_disco_00008/track.npy,gtzan,1.0,0.8590070877999934,0.8590070877999934,0.8590070877999934,1.0,1.0,1.0,1.0,0.8,0.6945961649298427,0.7367328223600995,0.7156644936449711,0.3888888888888889,0.3888888888888889,0.43478260869565216,0.43478260869565216,61.0,0.0,0.0,0.04082199452025622,21.0,0.0,0.0,0.08445123389328948,0.0,/media/mengh/SharedData/zhanh/auto_structbeat/caches/pilot/mscnn_final_last_gtzan/gtzan__gtzan_disco_00008__track.npy.npz
mscnn_gtzan,no_safeguard,gtzan/gtzan_disco_00009/track.npy,gtzan,1.0,0.9476813088437436,0.9476813088437436,0.9476813088437436,1.0,1.0,1.0,1.0,1.0,0.9539955361250575,0.9539955361250575,0.9539955361250575,1.0,1.0,1.0,1.0,65.0,0.0,0.0,0.08701137698963579,16.0,0.0,0.0,0.021506205220965375,0.0,/media/mengh/SharedData/zhanh/auto_structbeat/caches/pilot/mscnn_final_last_gtzan/gtzan__gtzan_disco_00009__track.npy.npz
mscnn_gtzan,no_safeguard,gtzan/gtzan_disco_00010/track.npy,gtzan,1.0,0.9522387531213549,0.9522387531213549,0.9522387531213549,1.0,1.0,1.0,1.0,1.0,0.9216513873492996,0.9216513873492996,0.9216513873492996,1.0,1.0,1.0,1.0,54.0,0.0,0.0,0.07145896398214968,14.0,0.0,0.0,0.039045954746620926,0.0,/media/mengh/SharedData/zhanh/auto_structbeat/caches/pilot/mscnn_final_last_gtzan/gtzan__gtzan_disco_00010__track.npy.npz
mscnn_gtzan,no_safeguard,gtzan/gtzan_disco_00011/track.npy,gtzan,1.0,0.9507596091304547,0.9507596091304547,0.9507596091304547,1.0,1.0,1.0,1.0,1.0,0.9543326907358145,0.9543326907358145,0.9543326907358145,1.0,1.0,1.0,1.0,47.0,0.0,0.0,0.03174869831458238,12.0,0.0,0.0,0.015748356968139844,0.0,/media/mengh/SharedData/zhanh/auto_structbeat/caches/pilot/mscnn_final_last_gtzan/gtzan__gtzan_disco_00011__track.npy.npz
mscnn_gtzan,no_safeguard,gtzan/gtzan_disco_00012/track.npy,gtzan,0.8723404255319149,0.8034647980249295,0.8034647980249295,0.8034647980249295,1.0,1.0,1.0,1.0,0.8695652173913043,0.7878685556884636,0.7878685556884636,0.7878685556884636,0.9166666666666666,0.9166666666666666,0.9166666666666666,0.9166666666666666,57.0,0.0,0.0,0.160342650075176,13.0,0.0,0.0,0.0748012130826976,0.0,/media/mengh/SharedData/zhanh/auto_structbeat/caches/pilot/mscnn_final_last_gtzan/gtzan__gtzan_disco_00012__track.npy.npz
mscnn_gtzan,no_safeguard,gtzan/gtzan_disco_00013/track.npy,gtzan,0.9863013698630138,0.866145786084235,0.866145786084235,0.866145786084235,0.972972972972973,0.972972972972973,0.972972972972973,0.972972972972973,1.0,0.8992153117613353,0.8992153117613353,0.8992153117613353,1.0,1.0,1.0,1.0,44.0,0.0,0.0,0.05884050002293223,11.0,0.0,0.0,0.01929982647214392,0.0,/media/mengh/SharedData/zhanh/auto_structbeat/caches/pilot/mscnn_final_last_gtzan/gtzan__gtzan_disco_00013__track.npy.npz
mscnn_gtzan,no_safeguard,gtzan/gtzan_disco_00014/track.npy,gtzan,1.0,0.9643452217131853,0.9643452217131853,0.9643452217131853,1.0,1.0,1.0,1.0,1.0,0.9151718214599337,0.9151718214599337,0.9151718214599337,1.0,1.0,1.0,1.0,52.0,0.0,0.0,0.053737173232896396,13.0,0.0,0.0,0.008658062743115202,0.0,/media/mengh/SharedData/zhanh/auto_structbeat/caches/pilot/mscnn_final_last_gtzan/gtzan__gtzan_disco_00014__track.npy.npz
mscnn_gtzan,no_safeguard,gtzan/gtzan_disco_00015/track.npy,gtzan,0.9215686274509803,0.764844427888708,0.764844427888708,0.764844427888708,0.9019607843137255,0.9019607843137255,0.9019607843137255,0.9019607843137255,0.9230769230769231,0.7324159364452973,0.7324159364452973,0.7324159364452973,1.0,1.0,1.0,1.0,62.0,0.0,0.0,0.08243224086535537,16.0,0.0,0.0,0.11470161175349737,0.0,/media/mengh/SharedData/zhanh/auto_structbeat/caches/pilot/mscnn_final_last_gtzan/gtzan__gtzan_disco_00015__track.npy.npz
mscnn_gtzan,no_safeguard,gtzan/gtzan_disco_00016/track.npy,gtzan,1.0,0.9546673299974094,0.9546673299974094,0.9546673299974094,1.0,1.0,1.0,1.0,0.8125000000000001,0.7743255382553006,0.8258445633332756,0.800085050794288,0.3684210526315789,0.3684210526315789,0.48,0.48,62.0,0.0,0.0,0.0408219945202581,21.0,0.0,0.0,0.10913167899090051,0.0,/media/mengh/SharedData/zhanh/auto_structbeat/caches/pilot/mscnn_final_last_gtzan/gtzan__gtzan_disco_00016__track.npy.npz
mscnn_gtzan,no_safeguard,gtzan/gtzan_disco_00017/track.npy,gtzan,0.99009900990099,0.9476896102942397,0.9476896102942397,0.9476896102942397,0.9803921568627451,0.9803921568627451,0.9803921568627451,0.9803921568627451,1.0,0.9558150967022624,0.9558150967022624,0.9558150967022624,1.0,1.0,1.0,1.0,62.0,0.0,0.0,0.08338160893905111,16.0,0.0,0.0,0.01036278703554594,0.0,/media/mengh/SharedData/zhanh/auto_structbeat/caches/pilot/mscnn_final_last_gtzan/gtzan__gtzan_disco_00017__track.npy.npz
mscnn_gtzan,no_safeguard,gtzan/gtzan_disco_00018/track.npy,gtzan,1.0,0.9505015568622471,0.9505015568622471,0.9505015568622471,1.0,1.0,1.0,1.0,1.0,0.9564665819813225,0.9564665819813225,0.9564665819813225,1.0,1.0,1.0,1.0,63.0,0.0,0.0,0.04082199452025792,16.0,0.0,0.0,0.027987980421976977,0.0,/media/mengh/SharedData/zhanh/auto_structbeat/caches/pilot/mscnn_final_last_gtzan/gtzan__gtzan_disco_00018__track.npy.npz
mscnn_gtzan,no_safeguard,gtzan/gtzan_disco_00019/track.npy,gtzan,1.0,0.9464335129984812,0.9464335129984812,0.9464335129984812,1.0,1.0,1.0,1.0,0.8666666666666666,0.8273542854255316,0.8273542854255316,0.8273542854255316,0.47058823529411764,0.47058823529411764,0.47058823529411764,0.47058823529411764,59.0,0.0,0.0,0.07696104113612678,22.0,0.0,0.0,0.053104540592244724,0.0,/media/mengh/SharedData/zhanh/auto_structbeat/caches/pilot/mscnn_final_last_gtzan/gtzan__gtzan_disco_00019__track.npy.npz
mscnn_gtzan,no_safeguard,gtzan/gtzan_disco_00020/track.npy,gtzan,0.9705882352941176,0.9194996741212039,0.9194996741212039,0.9194996741212039,0.9705882352941176,0.9705882352941176,0.9705882352941176,0.9705882352941176,0.9411764705882353,0.8844305657001256,0.8844305657001256,0.8844305657001256,0.8888888888888888,0.8888888888888888,0.8888888888888888,0.8888888888888888,41.0,0.0,0.0,0.05406722127027458,10.0,0.0,0.0,0.01762397548984401,0.0,/media/mengh/SharedData/zhanh/auto_structbeat/caches/pilot/mscnn_final_last_gtzan/gtzan__gtzan_disco_00020__track.npy.npz
mscnn_gtzan,no_safeguard,gtzan/gtzan_disco_00021/track.npy,gtzan,0.989010989010989,0.8864061582918958,0.8864061582918958,0.8864061582918958,0.9782608695652174,0.9782608695652174,0.9782608695652174,0.9782608695652174,1.0,0.8546152698547882,0.8546152698547882,0.8546152698547882,1.0,1.0,1.0,1.0,55.0,0.0,0.0,0.03691671769566702,14.0,0.0,0.0,0.018349138668196097,0.0,/media/mengh/SharedData/zhanh/auto_structbeat/caches/pilot/mscnn_final_last_gtzan/gtzan__gtzan_disco_00021__track.npy.npz
mscnn_gtzan,no_safeguard,gtzan/gtzan_disco_00022/track.npy,gtzan,1.0,0.9546426984103117,0.9546426984103117,0.9546426984103117,1.0,1.0,1.0,1.0,1.0,0.9576451502350128,0.9576451502350128,0.9576451502350128,1.0,1.0,1.0,1.0,60.0,0.0,0.0,0.04082199452025426,15.0,0.0,0.0,0.020000666706669112,0.0,/media/mengh/SharedData/zhanh/auto_structbeat/caches/pilot/mscnn_final_last_gtzan/gtzan__gtzan_disco_00022__track.npy.npz
mscnn_gtzan,no_safeguard,gtzan/gtzan_disco_00023/track.npy,gtzan,0.8958333333333334,0.8050485447417665,0.8050485447417665,0.8050485447417665,1.0,1.0,1.0,1.0,0.8571428571428571,0.6314771322904208,0.6314771322904208,0.6314771322904208,0.4375,0.4375,0.4375,0.4375,57.0,0.0,0.0,0.31015492830383473,21.0,0.0,0.0,0.17232844207019896,0.0,/media/mengh/SharedData/zhanh/auto_structbeat/caches/pilot/mscnn_final_last_gtzan/gtzan__gtzan_disco_00023__track.npy.npz
mscnn_gtzan,no_safeguard,gtzan/gtzan_disco_00024/track.npy,gtzan,1.0,0.9799150735863121,0.9799150735863121,0.9799150735863121,1.0,1.0,1.0,1.0,1.0,0.976859840519712,0.976859840519712,0.976859840519712,1.0,1.0,1.0,1.0,64.0,0.0,0.0,0.04255961441880263,16.0,0.0,0.0,0.02127739844728438,0.0,/media/mengh/SharedData/zhanh/auto_structbeat/caches/pilot/mscnn_final_last_gtzan/gtzan__gtzan_disco_00024__track.npy.npz
mscnn_gtzan,no_safeguard,gtzan/gtzan_disco_00025/track.npy,gtzan,1.0,0.9876523404122477,0.9876523404122477,0.9876523404122477,1.0,1.0,1.0,1.0,0.0,6.030786377045134e-32,9.908575196603085e-32,7.96968078682411e-32,0.0,0.0,0.0,0.0,62.0,0.0,0.0,0.040821994520255186,16.0,0.0,0.0,0.01036278703554816,0.0,/media/mengh/SharedData/zhanh/auto_structbeat/caches/pilot/mscnn_final_last_gtzan/gtzan__gtzan_disco_00025__track.npy.npz
mscnn_gtzan,no_safeguard,gtzan/gtzan_disco_00026/track.npy,gtzan,1.0,0.9721019616547316,0.9721019616547316,0.9721019616547316,1.0,1.0,1.0,1.0,1.0,0.9764841124917133,0.9764841124917133,0.9764841124917133,1.0,1.0,1.0,1.0,60.0,0.0,0.0,0.08004270767353472,15.0,0.0,0.0,0.009950330853168099,0.0,/media/mengh/SharedData/zhanh/auto_structbeat/caches/pilot/mscnn_final_last_gtzan/gtzan__gtzan_disco_00026__track.npy.npz
mscnn_gtzan,no_safeguard,gtzan/gtzan_disco_00027/track.npy,gtzan,0.9347826086956522,0.8904620245802404,0.8904620245802404,0.8904620245802404,1.0,1.0,1.0,1.0,1.0,0.9278931266457163,0.9278931266457163,0.9278931266457163,1.0,1.0,1.0,1.0,56.0,0.0,0.0,0.08890394046804619,14.0,0.0,0.0,0.04035626648405629,0.0,/media/mengh/SharedData/zhanh/auto_structbeat/caches/pilot/mscnn_final_last_gtzan/gtzan__gtzan_disco_00027__track.npy.npz
mscnn_gtzan,no_safeguard,gtzan/gtzan_disco_00028/track.npy,gtzan,1.0,0.9726648119869977,0.9726648119869977,0.9726648119869977,1.0,1.0,1.0,1.0,1.0,0.9876835654248577,0.9876835654248577,0.9876835654248577,1.0,1.0,1.0,1.0,61.0,0.0,0.0,0.04082199452025622,15.0,0.0,0.0,0.010152371464019594,0.0,/media/mengh/SharedData/zhanh/auto_structbeat/caches/pilot/mscnn_final_last_gtzan/gtzan__gtzan_disco_00028__track.npy.npz
mscnn_gtzan,no_safeguard,gtzan/gtzan_disco_00029/track.npy,gtzan,1.0,0.9329005422151918,0.9329005422151918,0.9329005422151918,1.0,1.0,1.0,1.0,1.0,0.9175187779540515,0.9175187779540515,0.9175187779540515,1.0,1.0,1.0,1.0,53.0,0.0,0.0,0.03509131981127256,14.0,0.0,0.0,0.012629808203156711,0.0,/media/mengh/SharedData/zhanh/auto_structbeat/caches/pilot/mscnn_final_last_gtzan/gtzan__gtzan_disco_00029__track.npy.npz
mscnn_gtzan,no_safeguard,gtzan/gtzan_disco_00030/track.npy,gtzan,0.9473684210526315,0.6763128639312104,0.6763128639312104,0.6763128639312104,0.5263157894736842,0.9649122807017544,0.5263157894736842,0.9649122807017544,0.9285714285714286,0.5374647173080692,0.5374647173080692,0.5374647173080692,1.0,1.0,1.0,1.0,68.0,0.0,0.0,0.27443684570176285,17.0,0.0,0.0,0.0652380634372258,0.0,/media/mengh/SharedData/zhanh/auto_structbeat/caches/pilot/mscnn_final_last_gtzan/gtzan__gtzan_disco_00030__track.npy.npz
mscnn_gtzan,no_safeguard,gtzan/gtzan_disco_00031/track.npy,gtzan,1.0,0.9313554989789511,0.9313554989789511,0.9313554989789511,1.0,1.0,1.0,1.0,0.0,4.6821670128127726e-123,0.8559230891870735,0.42796154459353675,0.0,0.0,0.9166666666666666,0.9166666666666666,62.0,0.0,0.0,0.042559614418796854,14.0,0.0,0.0,0.035852536268773216,0.0,/media/mengh/SharedData/zhanh/auto_structbeat/caches/pilot/mscnn_final_last_gtzan/gtzan__gtzan_disco_00031__track.npy.npz
mscnn_gtzan,no_safeguard,gtzan/gtzan_disco_00032/track.npy,gtzan,0.989247311827957,0.9212242563047933,0.9212242563047933,0.9212242563047933,0.9787234042553191,0.9787234042553191,0.9787234042553191,0.9787234042553191,1.0,0.9160929976557913,0.9160929976557913,0.9160929976557913,1.0,1.0,1.0,1.0,55.0,0.0,0.0,0.07410797215371838,14.0,0.0,0.0,0.018349138668196197,0.0,/media/mengh/SharedData/zhanh/auto_structbeat/caches/pilot/mscnn_final_last_gtzan/gtzan__gtzan_disco_00032__track.npy.npz
mscnn_gtzan,no_safeguard,gtzan/gtzan_disco_00033/track.npy,gtzan,0.24299065420560748,0.23629117052647466,0.6950463598512256,0.46566876518885014,0.24074074074074073,0.24074074074074073,0.7037037037037037,0.7037037037037037,0.23076923076923078,0.2238865915744736,0.2238865915744736,0.2238865915744736,1.0,1.0,1.0,1.0,64.0,0.0,0.0,0.0870113769896318,16.0,0.0,0.0,0.02506121908376075,0.0,/media/mengh/SharedData/zhanh/auto_structbeat/caches/pilot/mscnn_final_last_gtzan/gtzan__gtzan_disco_00033__track.npy.npz
mscnn_gtzan,no_safeguard,gtzan/gtzan_disco_00034/track.npy,gtzan,0.9818181818181818,0.9436639222370349,0.9436639222370349,0.9436639222370349,0.9818181818181818,0.9818181818181818,0.9818181818181818,0.9818181818181818,0.8799999999999999,0.8516384867977601,0.8516384867977601,0.8516384867977601,0.8461538461538461,0.8461538461538461,0.8461538461538461,0.8461538461538461,66.0,0.0,0.0,0.11726368032692781,15.0,0.0,0.0,0.17523003522510816,0.0,/media/mengh/SharedData/zhanh/auto_structbeat/caches/pilot/mscnn_final_last_gtzan/gtzan__gtzan_disco_00034__track.npy.npz
mscnn_gtzan,no_safeguard,gtzan/gtzan_disco_00035/track.npy,gtzan,0.9803921568627451,0.9060185451722458,0.9060185451722458,0.9060185451722458,0.9803921568627451,0.9803921568627451,0.9803921568627451,0.9803921568627451,1.0,0.8949306855508741,0.8949306855508741,0.8949306855508741,1.0,1.0,1.0,1.0,61.0,0.0,0.0,0.08004270767353472,15.0,0.0,0.0,0.010152371464019594,0.0,/media/mengh/SharedData/zhanh/auto_structbeat/caches/pilot/mscnn_final_last_gtzan/gtzan__gtzan_disco_00035__track.npy.npz
mscnn_gtzan,no_safeguard,gtzan/gtzan_disco_00036/track.npy,gtzan,0.6842105263157895,0.2583334617691151,0.2583334617691151,0.2583334617691151,0.45614035087719296,0.8596491228070176,0.45614035087719296,0.8596491228070176,0.7333333333333333,0.2915109035476513,0.2915109035476513,0.2915109035476513,1.0,1.0,1.0,1.0,68.0,0.0,0.0,0.16194143204534692,17.0,0.0,0.0,0.03761541936277361,0.0,/media/mengh/SharedData/zhanh/auto_structbeat/caches/pilot/mscnn_final_last_gtzan/gtzan__gtzan_disco_00036__track.npy.npz
mscnn_gtzan,no_safeguard,gtzan/gtzan_disco_00037/track.npy,gtzan,0.9818181818181818,0.8556820982726455,0.8556820982726455,0.8556820982726455,1.0,1.0,1.0,1.0,0.9285714285714286,0.8226570311584867,0.8226570311584867,0.8226570311584867,1.0,1.0,1.0,1.0,66.0,0.0,0.0,0.12260232209233701,16.0,0.0,0.0,0.043050842569608005,0.0,/media/mengh/SharedData/zhanh/auto_structbeat/caches/pilot/mscnn_final_last_gtzan/gtzan__gtzan_disco_00037__track.npy.npz
mscnn_gtzan,no_safeguard,gtzan/gtzan_disco_00038/track.npy,gtzan,1.0,0.9598255348024238,0.9598255348024238,0.9598255348024238,1.0,1.0,1.0,1.0,0.38461538461538464,0.36832621449089437,0.6582868407618406,0.5133065276263675,0.38461538461538464,0.38461538461538464,0.5384615384615384,0.5384615384615384,62.0,0.0,0.0,0.040908875515188445,16.0,0.0,0.0,0.7070997426540069,0.0,/media/mengh/SharedData/zhanh/auto_structbeat/caches/pilot/mscnn_final_last_gtzan/gtzan__gtzan_disco_00038__track.npy.npz
mscnn_gtzan,no_safeguard,gtzan/gtzan_disco_00039/track.npy,gtzan,0.9787234042553191,0.920992865451782,0.920992865451782,0.920992865451782,0.9787234042553191,0.9787234042553191,0.9787234042553191,0.9787234042553191,1.0,0.9308475219163704,0.9308475219163704,0.9308475219163704,1.0,1.0,1.0,1.0,56.0,0.0,0.0,0.08504636238016063,14.0,0.0,0.0,0.022628665370709664,0.0,/media/mengh/SharedData/zhanh/auto_structbeat/caches/pilot/mscnn_final_last_gtzan/gtzan__gtzan_disco_00039__track.npy.npz
mscnn_gtzan,no_safeguard,gtzan/gtzan_disco_00040/track.npy,gtzan,1.0,0.8750862229279315,0.8750862229279315,0.8750862229279315,1.0,1.0,1.0,1.0,1.0,0.8813559489305205,0.8813559489305205,0.8813559489305205,1.0,1.0,1.0,1.0,69.0,0.0,0.0,0.23361485118150566,18.0,0.0,0.0,0.060612896038357456,0.0,/media/mengh/SharedData/zhanh/auto_structbeat/caches/pilot/mscnn_final_last_gtzan/gtzan__gtzan_disco_00040__track.npy.npz
mscnn_gtzan,no_safeguard,gtzan/gtzan_disco_00041/track.npy,gtzan,0.8163265306122449,0.8168357717082112,0.8168357717082112,0.8168357717082112,0.4074074074074074,0.6296296296296297,0.4074074074074074,0.6296296296296297,0.6153846153846153,0.614137150675165,0.6803905433094131,0.647263846992289,0.14285714285714285,0.14285714285714285,0.36363636363636365,0.45454545454545453,32.0,0.0,0.0,0.8636507288475305,10.0,0.0,0.0,0.7372285805209685,0.0,/media/mengh/SharedData/zhanh/auto_structbeat/caches/pilot/mscnn_final_last_gtzan/gtzan__gtzan_disco_00041__track.npy.npz
mscnn_gtzan,no_safeguard,gtzan/gtzan_disco_00042/track.npy,gtzan,0.9885057471264368,0.8998820836616159,0.8998820836616159,0.8998820836616159,0.9772727272727273,0.9772727272727273,0.9772727272727273,0.9772727272727273,1.0,0.9059630148195932,0.9059630148195932,0.9059630148195932,1.0,1.0,1.0,1.0,52.0,0.0,0.0,0.053737173232896396,13.0,0.0,0.0,0.0349387179483433,0.0,/media/mengh/SharedData/zhanh/auto_structbeat/caches/pilot/mscnn_final_last_gtzan/gtzan__gtzan_disco_00042__track.npy.npz
mscnn_gtzan,no_safeguard,gtzan/gtzan_disco_00043/track.npy,gtzan,1.0,0.9598181331580876,0.9598181331580876,0.9598181331580876,1.0,1.0,1.0,1.0,1.0,0.9717629290847748,0.9717629290847748,0.9717629290847748,1.0,1.0,1.0,1.0,64.0,0.0,0.0,0.04255961441880263,16.0,0.0,0.0,0.010695289116747775,0.0,/media/mengh/SharedData/zhanh/auto_structbeat/caches/pilot/mscnn_final_last_gtzan/gtzan__gtzan_disco_00043__track.npy.npz
mscnn_gtzan,no_safeguard,gtzan/gtzan_disco_00044/track.npy,gtzan,1.0,0.9829919913581747,0.9829919913581747,0.9829919913581747,1.0,1.0,1.0,1.0,1.0,0.9745915711963993,0.9745915711963993,0.9745915711963993,1.0,1.0,1.0,1.0,61.0,0.0,0.0,0.04082199452025792,15.0,0.0,0.0,0.020408871631205926,0.0,/media/mengh/SharedData/zhanh/auto_structbeat/caches/pilot/mscnn_final_last_gtzan/gtzan__gtzan_disco_00044__track.npy.npz
mscnn_gtzan,no_safeguard,gtzan/gtzan_disco_00045/track.npy,gtzan,1.0,0.9611244639551744,0.9611244639551744,0.9611244639551744,1.0,1.0,1.0,1.0,1.0,0.9627751058096555,0.9627751058096555,0.9627751058096555,1.0,1.0,1.0,1.0,62.0,0.0,0.0,0.0408219945202581,15.0,0.0,0.0,0.010256500167190707,0.0,/media/mengh/SharedData/zhanh/auto_structbeat/caches/pilot/mscnn_final_last_gtzan/gtzan__gtzan_disco_00045__track.npy.npz
mscnn_gtzan,no_safeguard,gtzan/gtzan_disco_00046/track.npy,gtzan,1.0,0.9568737809141394,0.9568737809141394,0.9568737809141394,1.0,1.0,1.0,1.0,1.0,0.9430182361344288,0.9430182361344288,0.9430182361344288,1.0,1.0,1.0,1.0,61.0,0.0,0.0,0.040821994520261584,15.0,0.0,0.0,0.01403046819477086,0.0,/media/mengh/SharedData/zhanh/auto_structbeat/caches/pilot/mscnn_final_last_gtzan/gtzan__gtzan_disco_00046__track.npy.npz
mscnn_gtzan,no_safeguard,gtzan/gtzan_disco_00047/track.npy,gtzan,0.1702127659574468,0.11029666536568282,0.16290756186377595,0.13660211361472938,0.038461538461538464,0.11538461538461539,0.0975609756097561,0.19230769230769232,0.16666666666666666,0.16153887241272605,0.19384664689527126,0.17769275965399867,0.14285714285714285,0.14285714285714285,0.14285714285714285,0.14285714285714285,34.0,0.0,0.0,0.799338322096759,9.0,0.0,0.0,0.44891073135781673,0.0,/media/mengh/SharedData/zhanh/auto_structbeat/caches/pilot/mscnn_final_last_gtzan/gtzan__gtzan_disco_00047__track.npy.npz
mscnn_gtzan,no_safeguard,gtzan/gtzan_disco_00048/track.npy,gtzan,1.0,0.9407609058723919,0.9407609058723919,0.9407609058723919,1.0,1.0,1.0,1.0,1.0,0.937157798160887,0.937157798160887,0.937157798160887,1.0,1.0,1.0,1.0,51.0,0.0,0.0,0.03390155167568665,13.0,0.0,0.0,0.008438868645864794,0.0,/media/mengh/SharedData/zhanh/auto_structbeat/caches/pilot/mscnn_final_last_gtzan/gtzan__gtzan_disco_00048__track.npy.npz
mscnn_gtzan,no_safeguard,gtzan/gtzan_disco_00049/track.npy,gtzan,1.0,0.9730093920695243,0.9730093920695243,0.9730093920695243,1.0,1.0,1.0,1.0,1.0,0.967348687130214,0.967348687130214,0.967348687130214,1.0,1.0,1.0,1.0,60.0,0.0,0.0,0.0467051014932474,15.0,0.0,0.0,0.009950330853168187,0.0,/media/mengh/SharedData/zhanh/auto_structbeat/caches/pilot/mscnn_final_last_gtzan/gtzan__gtzan_disco_00049__track.npy.npz
mscnn_gtzan,no_safeguard,gtzan/gtzan_disco_00050/track.npy,gtzan,1.0,0.9535536081117141,0.9535536081117141,0.9535536081117141,1.0,1.0,1.0,1.0,1.0,0.9499072511138705,0.9499072511138705,0.9499072511138705,1.0,1.0,1.0,1.0,54.0,0.0,0.0,0.03636764417088045,14.0,0.0,0.0,0.022329813880407362,0.0,/media/mengh/SharedData/zhanh/auto_structbeat/caches/pilot/mscnn_final_last_gtzan/gtzan__gtzan_disco_00050__track.npy.npz
mscnn_gtzan,no_safeguard,gtzan/gtzan_disco_00051/track.npy,gtzan,0.9777777777777777,0.9161537174264138,0.9161537174264138,0.9161537174264138,0.9565217391304348,0.9565217391304348,0.9565217391304348,0.9565217391304348,0.9565217391304348,0.9166630255124023,0.9166630255124023,0.9166630255124023,0.9166666666666666,0.9166666666666666,0.9166666666666666,0.9166666666666666,55.0,0.0,0.0,0.03636764417088045,14.0,0.0,0.0,0.022329813880405697,0.0,/media/mengh/SharedData/zhanh/auto_structbeat/caches/pilot/mscnn_final_last_gtzan/gtzan__gtzan_disco_00051__track.npy.npz
mscnn_gtzan,no_safeguard,gtzan/gtzan_disco_00052/track.npy,gtzan,1.0,0.8801759406178552,0.8801759406178552,0.8801759406178552,1.0,1.0,1.0,1.0,1.0,0.905596450837331,0.905596450837331,0.905596450837331,1.0,1.0,1.0,1.0,63.0,0.0,0.0,0.04255961441880263,16.0,0.0,0.0,0.02091084970608837,0.0,/media/mengh/SharedData/zhanh/auto_structbeat/caches/pilot/mscnn_final_last_gtzan/gtzan__gtzan_disco_00052__track.npy.npz
mscnn_gtzan,no_safeguard,gtzan/gtzan_disco_00053/track.npy,gtzan,0.9913043478260869,0.808389760639447,0.808389760639447,0.808389760639447,0.9827586206896551,0.9827586206896551,0.9827586206896551,0.9827586206896551,1.0,0.8136074192100639,0.8136074192100639,0.8136074192100639,1.0,1.0,1.0,1.0,70.0,0.0,0.0,0.09097177820572992,17.0,0.0,0.0,0.018592895230601945,0.0,/media/mengh/SharedData/zhanh/auto_structbeat/caches/pilot/mscnn_final_last_gtzan/gtzan__gtzan_disco_00053__track.npy.npz
mscnn_gtzan,no_safeguard,gtzan/gtzan_disco_00054/track.npy,gtzan,1.0,0.9586301253367319,0.9586301253367319,0.9586301253367319,1.0,1.0,1.0,1.0,0.6470588235294118,0.6220232712793008,0.9211542671565079,0.7715887692179044,0.0,0.0,0.9130434782608695,0.9130434782608695,57.0,0.0,0.0,0.05054281154813475,28.0,0.0,0.0,0.019048194970694238,0.0,/media/mengh/SharedData/zhanh/auto_structbeat/caches/pilot/mscnn_final_last_gtzan/gtzan__gtzan_disco_00054__track.npy.npz
mscnn_gtzan,no_safeguard,gtzan/gtzan_disco_00055/track.npy,gtzan,1.0,0.9370963212709031,0.9370963212709031,0.9370963212709031,1.0,1.0,1.0,1.0,1.0,0.9163387107146703,0.9163387107146703,0.9163387107146703,1.0,1.0,1.0,1.0,65.0,0.0,0.0,0.08275541554774235,16.0,0.0,0.0,0.02548333782726773,0.0,/media/mengh/SharedData/zhanh/auto_structbeat/caches/pilot/mscnn_final_last_gtzan/gtzan__gtzan_disco_00055__track.npy.npz
mscnn_gtzan,no_safeguard,gtzan/gtzan_disco_00056/track.npy,gtzan,1.0,0.9593517568184593,0.9593517568184593,0.9593517568184593,1.0,1.0,1.0,1.0,0.6666666666666666,0.6488874403848504,0.9462704002648515,0.7975789203248509,0.0,0.0,0.9444444444444444,0.9444444444444444,44.0,0.0,0.0,0.02985296314969066,22.0,0.0,0.0,0.029413885206292713,0.0,/media/mengh/SharedData/zhanh/auto_structbeat/caches/pilot/mscnn_final_last_gtzan/gtzan__gtzan_disco_00056__track.npy.npz
mscnn_gtzan,no_safeguard,gtzan/gtzan_disco_00057/track.npy,gtzan,1.0,0.9788675126928793,0.9788675126928793,0.9788675126928793,1.0,1.0,1.0,1.0,1.0,0.982622091535034,0.982622091535034,0.982622091535034,1.0,1.0,1.0,1.0,59.0,0.0,0.0,0.039220713153283904,15.0,0.0,0.0,0.009852296443012642,0.0,/media/mengh/SharedData/zhanh/auto_structbeat/caches/pilot/mscnn_final_last_gtzan/gtzan__gtzan_disco_00057__track.npy.npz
mscnn_gtzan,no_safeguard,gtzan/gtzan_disco_00058/track.npy,gtzan,1.0,0.9729085817596287,0.9729085817596287,0.9729085817596287,1.0,1.0,1.0,1.0,1.0,0.9675699800144841,0.9675699800144841,0.9675699800144841,1.0,1.0,1.0,1.0,66.0,0.0,0.0,0.044451762570840825,17.0,0.0,0.0,0.014244021388165617,0.0,/media/mengh/SharedData/zhanh/auto_structbeat/caches/pilot/mscnn_final_last_gtzan/gtzan__gtzan_disco_00058__track.npy.npz
mscnn_gtzan,no_safeguard,gtzan/gtzan_disco_00059/track.npy,gtzan,1.0,0.9539392912544288,0.9539392912544288,0.9539392912544288,1.0,1.0,1.0,1.0,1.0,0.9319027195828643,0.9319027195828643,0.9319027195828643,1.0,1.0,1.0,1.0,63.0,0.0,0.0,0.04255961441879497,15.0,0.0,0.0,0.01047129986729567,0.0,/media/mengh/SharedData/zhanh/auto_structbeat/caches/pilot/mscnn_final_last_gtzan/gtzan__gtzan_disco_00059__track.npy.npz
mscnn_gtzan,no_safeguard,gtzan/gtzan_disco_00060/track.npy,gtzan,1.0,0.9391033458366637,0.9391033458366637,0.9391033458366637,1.0,1.0,1.0,1.0,1.0,0.926010493705294,0.926010493705294,0.926010493705294,1.0,1.0,1.0,1.0,64.0,0.0,0.0,0.04445176257083388,16.0,0.0,0.0,0.0322097509720791,0.0,/media/mengh/SharedData/zhanh/auto_structbeat/caches/pilot/mscnn_final_last_gtzan/gtzan__gtzan_disco_00060__track.npy.npz
mscnn_gtzan,no_safeguard,gtzan/gtzan_disco_00061/track.npy,gtzan,1.0,0.9802164006188014,0.9802164006188014,0.9802164006188014,1.0,1.0,1.0,1.0,1.0,0.9815729848896411,0.9815729848896411,0.9815729848896411,1.0,1.0,1.0,1.0,63.0,0.0,0.0,0.042559614418796854,16.0,0.0,0.0,0.010471299867295846,0.0,/media/mengh/SharedData/zhanh/auto_structbeat/caches/pilot/mscnn_final_last_gtzan/gtzan__gtzan_disco_00061__track.npy.npz
mscnn_gtzan,no_safeguard,gtzan/gtzan_disco_00062/track.npy,gtzan,0.989010989010989,0.9540805449832812,0.9540805449832812,0.9540805449832812,0.9782608695652174,0.9782608695652174,0.9782608695652174,0.9782608695652174,1.0,0.9539533715425192,0.9539533715425192,0.9539533715425192,1.0,1.0,1.0,1.0,55.0,0.0,0.0,0.03636764417088045,14.0,0.0,0.0,0.0181823190831909,0.0,/media/mengh/SharedData/zhanh/auto_structbeat/caches/pilot/mscnn_final_last_gtzan/gtzan__gtzan_disco_00062__track.npy.npz
mscnn_gtzan,no_safeguard,gtzan/gtzan_disco_00063/track.npy,gtzan,1.0,0.9785363103122202,0.9785363103122202,0.9785363103122202,1.0,1.0,1.0,1.0,1.0,0.9807460118041154,0.9807460118041154,0.9807460118041154,1.0,1.0,1.0,1.0,65.0,0.0,0.0,0.08701137698962769,16.0,0.0,0.0,0.021739986636405417,0.0,/media/mengh/SharedData/zhanh/auto_structbeat/caches/pilot/mscnn_final_last_gtzan/gtzan__gtzan_disco_00063__track.npy.npz
mscnn_gtzan,no_safeguard,gtzan/gtzan_disco_00064/track.npy,gtzan,1.0,0.9807390386682694,0.9807390386682694,0.9807390386682694,1.0,1.0,1.0,1.0,1.0,0.973636134183896,0.973636134183896,0.973636134183896,1.0,1.0,1.0,1.0,61.0,0.0,0.0,0.04082199452025792,15.0,0.0,0.0,0.020408871631207127,0.0,/media/mengh/SharedData/zhanh/auto_structbeat/caches/pilot/mscnn_final_last_gtzan/gtzan__gtzan_disco_00064__track.npy.npz
mscnn_gtzan,no_safeguard,gtzan/gtzan_disco_00065/track.npy,gtzan,1.0,0.9394098537136077,0.9394098537136077,0.9394098537136077,1.0,1.0,1.0,1.0,1.0,0.951066583344929,0.951066583344929,0.951066583344929,1.0,1.0,1.0,1.0,66.0,0.0,0.0,0.044451762570840825,16.0,0.0,0.0,0.021978906718775483,0.0,/media/mengh/SharedData/zhanh/auto_structbeat/caches/pilot/mscnn_final_last_gtzan/gtzan__gtzan_disco_00065__track.npy.npz
mscnn_gtzan,no_safeguard,gtzan/gtzan_disco_00066/track.npy,gtzan,1.0,0.9733944335532129,0.9733944335532129,0.9733944335532129,1.0,1.0,1.0,1.0,0.8750000000000001,0.8487547023415648,0.8487547023415648,0.8487547023415648,0.5,0.5,0.5,0.5,67.0,0.0,0.0,0.044451762570840825,23.0,0.0,0.0,0.04445176257083375,0.0,/media/mengh/SharedData/zhanh/auto_structbeat/caches/pilot/mscnn_final_last_gtzan/gtzan__gtzan_disco_00066__track.npy.npz
mscnn_gtzan,no_safeguard,gtzan/gtzan_disco_00067/track.npy,gtzan,1.0,0.9496146794661139,0.9496146794661139,0.9496146794661139,1.0,1.0,1.0,1.0,1.0,0.9680352656967678,0.9680352656967678,0.9680352656967678,1.0,1.0,1.0,1.0,50.0,0.0,0.0,0.03390155167568665,12.0,0.0,0.0,0.004602537318784669,0.0,/media/mengh/SharedData/zhanh/auto_structbeat/caches/pilot/mscnn_final_last_gtzan/gtzan__gtzan_disco_00067__track.npy.npz
mscnn_gtzan,no_safeguard,gtzan/gtzan_disco_00068/track.npy,gtzan,1.0,0.8961149046228325,0.8961149046228325,0.8961149046228325,1.0,1.0,1.0,1.0,1.0,0.8661757677401231,0.8661757677401231,0.8661757677401231,1.0,1.0,1.0,1.0,54.0,0.0,0.0,0.07145896398214477,13.0,0.0,0.0,0.013374706309659534,0.0,/media/mengh/SharedData/zhanh/auto_structbeat/caches/pilot/mscnn_final_last_gtzan/gtzan__gtzan_disco_00068__track.npy.npz
mscnn_gtzan,no_safeguard,gtzan/gtzan_disco_00069/track.npy,gtzan,1.0,0.9451335758110653,0.9451335758110653,0.9451335758110653,1.0,1.0,1.0,1.0,1.0,0.9306420095487821,0.9306420095487821,0.9306420095487821,1.0,1.0,1.0,1.0,54.0,0.0,0.0,0.05215873808594726,13.0,0.0,0.0,0.01797864421992057,0.0,/media/mengh/SharedData/zhanh/auto_structbeat/caches/pilot/mscnn_final_last_gtzan/gtzan__gtzan_disco_00069__track.npy.npz
mscnn_gtzan,no_safeguard,gtzan/gtzan_disco_00070/track.npy,gtzan,1.0,0.9208870849748366,0.9208870849748366,0.9208870849748366,1.0,1.0,1.0,1.0,1.0,0.9073441466009221,0.9073441466009221,0.9073441466009221,1.0,1.0,1.0,1.0,55.0,0.0,0.0,0.036367644170878524,14.0,0.0,0.0,0.02242156465215947,0.0,/media/mengh/SharedData/zhanh/auto_structbeat/caches/pilot/mscnn_final_last_gtzan/gtzan__gtzan_disco_00070__track.npy.npz
mscnn_gtzan,no_safeguard,gtzan/gtzan_disco_00071/track.npy,gtzan,1.0,0.978032170361608,0.978032170361608,0.978032170361608,1.0,1.0,1.0,1.0,1.0,0.9846815813340485,0.9846815813340485,0.9846815813340485,1.0,1.0,1.0,1.0,57.0,0.0,0.0,0.048650621234113976,14.0,0.0,0.0,0.013784996911812397,0.0,/media/mengh/SharedData/zhanh/auto_structbeat/caches/pilot/mscnn_final_last_gtzan/gtzan__gtzan_disco_00071__track.npy.npz
mscnn_gtzan,no_safeguard,gtzan/gtzan_disco_00072/track.npy,gtzan,0.9824561403508771,0.8319098747360076,0.8319098747360076,0.8319098747360076,1.0,1.0,1.0,1.0,0.8148148148148148,0.7592187953756091,0.7592187953756091,0.7592187953756091,0.7857142857142857,0.7857142857142857,0.7857142857142857,0.7857142857142857,69.0,0.0,0.0,0.08978365784089704,16.0,0.0,0.0,0.21415461213861792,0.0,/media/mengh/SharedData/zhanh/auto_structbeat/caches/pilot/mscnn_final_last_gtzan/gtzan__gtzan_disco_00072__track.npy.npz
mscnn_gtzan,no_safeguard,gtzan/gtzan_disco_00073/track.npy,gtzan,1.0,0.9694969678544941,0.9694969678544941,0.9694969678544941,1.0,1.0,1.0,1.0,1.0,0.9679463564859087,0.9679463564859087,0.9679463564859087,1.0,1.0,1.0,1.0,57.0,0.0,0.0,0.03774032798285287,14.0,0.0,0.0,0.009478743954545288,0.0,/media/mengh/SharedData/zhanh/auto_structbeat/caches/pilot/mscnn_final_last_gtzan/gtzan__gtzan_disco_00073__track.npy.npz
mscnn_gtzan,no_safeguard,gtzan/gtzan_disco_00074/track.npy,gtzan,1.0,0.9642985340262902,0.9642985340262902,0.9642985340262902,1.0,1.0,1.0,1.0,1.0,0.9506879063611623,0.9506879063611623,0.9506879063611623,1.0,1.0,1.0,1.0,56.0,0.0,0.0,0.07410797215371821,14.0,0.0,0.0,0.018692133012152425,0.0,/media/mengh/SharedData/zhanh/auto_structbeat/caches/pilot/mscnn_final_last_gtzan/gtzan__gtzan_disco_00074__track.npy.npz
mscnn_gtzan,no_safeguard,gtzan/gtzan_disco_00075/track.npy,gtzan,1.0,0.9749796135029121,0.9749796135029121,0.9749796135029121,1.0,1.0,1.0,1.0,1.0,0.9769142586930114,0.9769142586930114,0.9769142586930114,1.0,1.0,1.0,1.0,67.0,0.0,0.0,0.044451762570840825,17.0,0.0,0.0,0.025501857944367223,0.0,/media/mengh/SharedData/zhanh/auto_structbeat/caches/pilot/mscnn_final_last_gtzan/gtzan__gtzan_disco_00075__track.npy.npz
mscnn_gtzan,no_safeguard,gtzan/gtzan_disco_00076/track.npy,gtzan,1.0,0.9748900143491953,0.9748900143491953,0.9748900143491953,1.0,1.0,1.0,1.0,0.8666666666666666,0.8417600965391353,0.8417600965391353,0.8417600965391353,0.5294117647058824,0.5294117647058824,0.5294117647058824,0.5294117647058824,63.0,0.0,0.0,0.04255961441880263,20.0,0.0,0.0,0.13538544459278268,0.0,/media/mengh/SharedData/zhanh/auto_structbeat/caches/pilot/mscnn_final_last_gtzan/gtzan__gtzan_disco_00076__track.npy.npz
mscnn_gtzan,no_safeguard,gtzan/gtzan_disco_00077/track.npy,gtzan,0.9896907216494846,0.9653195295866436,0.9653195295866436,0.9653195295866436,0.9795918367346939,0.9795918367346939,0.9795918367346939,0.9795918367346939,0.9600000000000001,0.9286670299976507,0.9286670299976507,0.9286670299976507,0.9230769230769231,0.9230769230769231,0.9230769230769231,0.9230769230769231,59.0,0.0,0.0,0.039220713153283904,15.0,0.0,0.0,0.01960847138837656,0.0,/media/mengh/SharedData/zhanh/auto_structbeat/caches/pilot/mscnn_final_last_gtzan/gtzan__gtzan_disco_00077__track.npy.npz
mscnn_gtzan,no_safeguard,gtzan/gtzan_disco_00078/track.npy,gtzan,0.9904761904761905,0.9518129846380692,0.9518129846380692,0.9518129846380692,0.9811320754716981,0.9811320754716981,0.9811320754716981,0.9811320754716981,1.0,0.9388195525014236,0.9388195525014236,0.9388195525014236,1.0,1.0,1.0,1.0,58.0,0.0,0.0,0.0470758662682108,14.0,0.0,0.0,0.33969297326978004,0.0,/media/mengh/SharedData/zhanh/auto_structbeat/caches/pilot/mscnn_final_last_gtzan/gtzan__gtzan_disco_00078__track.npy.npz
mscnn_gtzan,no_safeguard,gtzan/gtzan_disco_00079/track.npy,gtzan,1.0,0.9810020525741783,0.9810020525741783,0.9810020525741783,1.0,1.0,1.0,1.0,1.0,0.9844112815413237,0.9844112815413237,0.9844112815413237,1.0,1.0,1.0,1.0,61.0,0.0,0.0,0.04082199452025603,16.0,0.0,0.0,0.010050335853501392,0.0,/media/mengh/SharedData/zhanh/auto_structbeat/caches/pilot/mscnn_final_last_gtzan/gtzan__gtzan_disco_00079__track.npy.npz
mscnn_gtzan,no_safeguard,gtzan/gtzan_disco_00080/track.npy,gtzan,1.0,0.9514054348183985,0.9514054348183985,0.9514054348183985,1.0,1.0,1.0,1.0,1.0,0.9525052912867711,0.9525052912867711,0.9525052912867711,1.0,1.0,1.0,1.0,50.0,0.0,0.0,0.0666913744986746,13.0,0.0,0.0,0.020612086450025158,0.0,/media/mengh/SharedData/zhanh/auto_structbeat/caches/pilot/mscnn_final_last_gtzan/gtzan__gtzan_disco_00080__track.npy.npz
mscnn_gtzan,no_safeguard,gtzan/gtzan_disco_00081/track.npy,gtzan,0.9523809523809523,0.8764844518819259,0.8764844518819259,0.8764844518819259,0.8148148148148148,0.8703703703703703,0.8148148148148148,0.8703703703703703,0.8461538461538461,0.7507758717083826,0.7507758717083826,0.7507758717083826,0.7857142857142857,0.7857142857142857,0.7857142857142857,0.7857142857142857,62.0,0.0,0.0,0.234458984125251,15.0,0.0,0.0,0.12034958661971507,0.0,/media/mengh/SharedData/zhanh/auto_structbeat/caches/pilot/mscnn_final_last_gtzan/gtzan__gtzan_disco_00081__track.npy.npz
mscnn_gtzan,no_safeguard,gtzan/gtzan_disco_00082/track.npy,gtzan,1.0,0.8772096102446756,0.8772096102446756,0.8772096102446756,1.0,1.0,1.0,1.0,1.0,0.8616632206532512,0.8616632206532512,0.8616632206532512,1.0,1.0,1.0,1.0,62.0,0.0,0.0,0.0408219945202581,15.0,0.0,0.0,0.010256500167190707,0.0,/media/mengh/SharedData/zhanh/auto_structbeat/caches/pilot/mscnn_final_last_gtzan/gtzan__gtzan_disco_00082__track.npy.npz
mscnn_gtzan,no_safeguard,gtzan/gtzan_disco_00083/track.npy,gtzan,1.0,0.9803313136089966,0.9803313136089966,0.9803313136089966,1.0,1.0,1.0,1.0,0.6857142857142856,0.6658669943615205,0.9770708508809938,0.8214689226212571,0.0,0.0,1.0,1.0,58.0,0.0,0.0,0.03922071315328737,28.0,0.0,0.0,0.019418085857104195,0.0,/media/mengh/SharedData/zhanh/auto_structbeat/caches/pilot/mscnn_final_last_gtzan/gtzan__gtzan_disco_00083__track.npy.npz
mscnn_gtzan,no_safeguard,gtzan/gtzan_disco_00084/track.npy,gtzan,0.9894736842105264,0.9543054913566146,0.9543054913566146,0.9543054913566146,0.9791666666666666,0.9791666666666666,0.9791666666666666,0.9791666666666666,0.9565217391304348,0.9214381453629316,0.9214381453629316,0.9214381453629316,0.9166666666666666,0.9166666666666666,0.9166666666666666,0.9166666666666666,58.0,0.0,0.0,0.037740327982850375,15.0,0.0,0.0,0.013416424535321068,0.0,/media/mengh/SharedData/zhanh/auto_structbeat/caches/pilot/mscnn_final_last_gtzan/gtzan__gtzan_disco_00084__track.npy.npz
mscnn_gtzan,no_safeguard,gtzan/gtzan_disco_00085/track.npy,gtzan,1.0,0.9791712771726159,0.9791712771726159,0.9791712771726159,1.0,1.0,1.0,1.0,1.0,0.9675020328672382,0.9675020328672382,0.9675020328672382,1.0,1.0,1.0,1.0,62.0,0.0,0.0,0.04082199452025613,16.0,0.0,0.0,0.003589775058517427,0.0,/media/mengh/SharedData/zhanh/auto_structbeat/caches/pilot/mscnn_final_last_gtzan/gtzan__gtzan_disco_00085__track.npy.npz
mscnn_gtzan,no_safeguard,gtzan/gtzan_disco_00086/track.npy,gtzan,1.0,0.9453904258841092,0.9453904258841092,0.9453904258841092,1.0,1.0,1.0,1.0,1.0,0.9653365425987966,0.9653365425987966,0.9653365425987966,1.0,1.0,1.0,1.0,63.0,0.0,0.0,0.04255961441879885,16.0,0.0,0.0,0.014098275329738232,0.0,/media/mengh/SharedData/zhanh/auto_structbeat/caches/pilot/mscnn_final_last_gtzan/gtzan__gtzan_disco_00086__track.npy.npz
mscnn_gtzan,no_safeguard,gtzan/gtzan_disco_00087/track.npy,gtzan,1.0,0.9473351039081367,0.9473351039081367,0.9473351039081367,1.0,1.0,1.0,1.0,1.0,0.9710766936315927,0.9710766936315927,0.9710766936315927,1.0,1.0,1.0,1.0,53.0,0.0,0.0,0.03636764417087246,13.0,0.0,0.0,0.022145437234081355,0.0,/media/mengh/SharedData/zhanh/auto_structbeat/caches/pilot/mscnn_final_last_gtzan/gtzan__gtzan_disco_00087__track.npy.npz
mscnn_gtzan,no_safeguard,gtzan/gtzan_disco_00088/track.npy,gtzan,1.0,0.9551614980738256,0.9551614980738256,0.9551614980738256,1.0,1.0,1.0,1.0,1.0,0.9486675903490855,0.9486675903490855,0.9486675903490855,1.0,1.0,1.0,1.0,62.0,0.0,0.0,0.04082199452025613,15.0,0.0,0.0,0.01036278703554816,0.0,/media/mengh/SharedData/zhanh/auto_structbeat/caches/pilot/mscnn_final_last_gtzan/gtzan__gtzan_disco_00088__track.npy.npz
mscnn_gtzan,no_safeguard,gtzan/gtzan_disco_00089/track.npy,gtzan,0.9908256880733944,0.8992090629301148,0.8992090629301148,0.8992090629301148,0.9818181818181818,0.9818181818181818,0.9818181818181818,0.9818181818181818,0.962962962962963,0.7913763920507433,0.7913763920507433,0.7913763920507433,0.9285714285714286,0.9285714285714286,0.9285714285714286,0.9285714285714286,65.0,0.0,0.0,0.11904322758206025,17.0,0.0,0.0,0.03229876703294771,0.0,/media/mengh/SharedData/zhanh/auto_structbeat/caches/pilot/mscnn_final_last_gtzan/gtzan__gtzan_disco_00089__track.npy.npz
mscnn_gtzan,no_safeguard,gtzan/gtzan_disco_00090/track.npy,gtzan,1.0,0.9786950585031543,0.9786950585031543,0.9786950585031543,1.0,1.0,1.0,1.0,0.7647058823529412,0.737177093430002,0.8464764182099691,0.7918267558199856,0.23809523809523808,0.23809523809523808,0.6,0.6,64.0,0.0,0.0,0.04255961441880263,26.0,0.0,0.0,0.02150620522096696,0.0,/media/mengh/SharedData/zhanh/auto_structbeat/caches/pilot/mscnn_final_last_gtzan/gtzan__gtzan_disco_00090__track.npy.npz
mscnn_gtzan,no_safeguard,gtzan/gtzan_disco_00091/track.npy,gtzan,1.0,0.958042339494938,0.958042339494938,0.958042339494938,1.0,1.0,1.0,1.0,1.0,0.947724241145689,0.947724241145689,0.947724241145689,1.0,1.0,1.0,1.0,50.0,0.0,0.0,0.0666913744986708,12.0,0.0,0.0,0.01666705248521218,0.0,/media/mengh/SharedData/zhanh/auto_structbeat/caches/pilot/mscnn_final_last_gtzan/gtzan__gtzan_disco_00091__track.npy.npz
mscnn_gtzan,no_safeguard,gtzan/gtzan_disco_00092/track.npy,gtzan,1.0,0.9079105176945594,0.9079105176945594,0.9079105176945594,1.0,1.0,1.0,1.0,1.0,0.9099817677686904,0.9099817677686904,0.9099817677686904,1.0,1.0,1.0,1.0,58.0,0.0,0.0,0.04794252790339329,14.0,0.0,0.0,0.019315387696034476,0.0,/media/mengh/SharedData/zhanh/auto_structbeat/caches/pilot/mscnn_final_last_gtzan/gtzan__gtzan_disco_00092__track.npy.npz
mscnn_gtzan,no_safeguard,gtzan/gtzan_disco_00093/track.npy,gtzan,1.0,0.977212731267725,0.977212731267725,0.977212731267725,1.0,1.0,1.0,1.0,1.0,0.9708765001943658,0.9708765001943658,0.9708765001943658,1.0,1.0,1.0,1.0,55.0,0.0,0.0,0.07410797215372485,13.0,0.0,0.0,0.013825765665254952,0.0,/media/mengh/SharedData/zhanh/auto_structbeat/caches/pilot/mscnn_final_last_gtzan/gtzan__gtzan_disco_00093__track.npy.npz
mscnn_gtzan,no_safeguard,gtzan/gtzan_disco_00094/track.npy,gtzan,1.0,0.9662751961565907,0.9662751961565907,0.9662751961565907,1.0,1.0,1.0,1.0,0.7142857142857143,0.6919195067685293,0.9254390496365995,0.8086792782025645,0.1111111111111111,0.1111111111111111,0.8275862068965517,0.8275862068965517,70.0,0.0,0.0,0.0754136613059309,30.0,0.0,0.0,0.0229895182247003,0.0,/media/mengh/SharedData/zhanh/auto_structbeat/caches/pilot/mscnn_final_last_gtzan/gtzan__gtzan_disco_00094__track.npy.npz
mscnn_gtzan,no_safeguard,gtzan/gtzan_disco_00095/track.npy,gtzan,1.0,0.9201643713686487,0.9201643713686487,0.9201643713686487,1.0,1.0,1.0,1.0,1.0,0.9064774011214597,0.9064774011214597,0.9064774011214597,1.0,1.0,1.0,1.0,60.0,0.0,0.0,0.08004270767353637,15.0,0.0,0.0,0.020202707317518786,0.0,/media/mengh/SharedData/zhanh/auto_structbeat/caches/pilot/mscnn_final_last_gtzan/gtzan__gtzan_disco_00095__track.npy.npz
mscnn_gtzan,no_safeguard,gtzan/gtzan_disco_00096/track.npy,gtzan,1.0,0.9147235154081049,0.9147235154081049,0.9147235154081049,1.0,1.0,1.0,1.0,1.0,0.905329199546271,0.905329199546271,0.905329199546271,1.0,1.0,1.0,1.0,51.0,0.0,0.0,0.03390155167568665,13.0,0.0,0.0,0.008510689667909133,0.0,/media/mengh/SharedData/zhanh/auto_structbeat/caches/pilot/mscnn_final_last_gtzan/gtzan__gtzan_disco_00096__track.npy.npz
mscnn_gtzan,no_safeguard,gtzan/gtzan_disco_00097/track.npy,gtzan,1.0,0.9669299816646156,0.9669299816646156,0.9669299816646156,1.0,1.0,1.0,1.0,1.0,0.9637375770048342,0.9637375770048342,0.9637375770048342,1.0,1.0,1.0,1.0,65.0,0.0,0.0,0.038303652976916173,16.0,0.0,0.0,0.010810916104216023,0.0,/media/mengh/SharedData/zhanh/auto_structbeat/caches/pilot/mscnn_final_last_gtzan/gtzan__gtzan_disco_00097__track.npy.npz
mscnn_gtzan,no_safeguard,gtzan/gtzan_disco_00098/track.npy,gtzan,0.9902912621359222,0.7969021606973403,0.7969021606973403,0.7969021606973403,0.9807692307692307,0.9807692307692307,0.9807692307692307,0.9807692307692307,1.0,0.8116168677862231,0.8116168677862231,0.8116168677862231,1.0,1.0,1.0,1.0,62.0,0.0,0.0,0.040821994520261584,15.0,0.0,0.0,0.010194022945287507,0.0,/media/mengh/SharedData/zhanh/auto_structbeat/caches/pilot/mscnn_final_last_gtzan/gtzan__gtzan_disco_00098__track.npy.npz
mscnn_gtzan,no_safeguard,gtzan/gtzan_disco_00099/track.npy,gtzan,0.9902912621359222,0.7869975040986695,0.7869975040986695,0.7869975040986695,0.9807692307692307,0.9807692307692307,0.9807692307692307,0.9807692307692307,1.0,0.7984669467633736,0.7984669467633736,0.7984669467633736,1.0,1.0,1.0,1.0,62.0,0.0,0.0,0.040821994520261584,15.0,0.0,0.0,0.010194022945287507,0.0,/media/mengh/SharedData/zhanh/auto_structbeat/caches/pilot/mscnn_final_last_gtzan/gtzan__gtzan_disco_00099__track.npy.npz
mscnn_gtzan,no_safeguard,gtzan/gtzan_hiphop_00000/track.npy,gtzan,1.0,0.9581546615195724,0.9581546615195724,0.9581546615195724,1.0,1.0,1.0,1.0,1.0,0.9743762208851449,0.9743762208851449,0.9743762208851449,1.0,1.0,1.0,1.0,60.0,0.0,0.0,0.04082199452025426,15.0,0.0,0.0,0.009950330853168632,0.0,/media/mengh/SharedData/zhanh/auto_structbeat/caches/pilot/mscnn_final_last_gtzan/gtzan__gtzan_hiphop_00000__track.npy.npz
mscnn_gtzan,no_safeguard,gtzan/gtzan_hiphop_00001/track.npy,gtzan,0.9743589743589743,0.8972577579007427,0.8972577579007427,0.8972577579007427,0.9743589743589743,0.9743589743589743,0.9743589743589743,0.9743589743589743,1.0,0.9027248208390597,0.9027248208390597,0.9027248208390597,1.0,1.0,1.0,1.0,46.0,0.0,0.0,0.08761101538382786,11.0,0.0,0.0,0.012156232110588713,0.0,/media/mengh/SharedData/zhanh/auto_structbeat/caches/pilot/mscnn_final_last_gtzan/gtzan__gtzan_hiphop_00001__track.npy.npz
mscnn_gtzan,no_safeguard,gtzan/gtzan_hiphop_00002/track.npy,gtzan,1.0,0.9244537441819671,0.9244537441819671,0.9244537441819671,1.0,1.0,1.0,1.0,1.0,0.8789891014475515,0.8789891014475515,0.8789891014475515,1.0,1.0,1.0,1.0,50.0,0.0,0.0,0.06669137449867374,12.0,0.0,0.0,0.016529301951211717,0.0,/media/mengh/SharedData/zhanh/auto_structbeat/caches/pilot/mscnn_final_last_gtzan/gtzan__gtzan_hiphop_00002__track.npy.npz
mscnn_gtzan,no_safeguard,gtzan/gtzan_hiphop_00003/track.npy,gtzan,0.9873417721518987,0.967998819303839,0.967998819303839,0.967998819303839,0.975,0.975,0.975,0.975,0.0,4.972774231293998e-224,0.9424205072291137,0.4712102536145569,0.0,0.0,0.9,0.9,46.0,0.0,0.0,0.03077165866675553,12.0,0.0,0.0,1.4432899320127035e-15,0.0,/media/mengh/SharedData/zhanh/auto_structbeat/caches/pilot/mscnn_final_last_gtzan/gtzan__gtzan_hiphop_00003__track.npy.npz
mscnn_gtzan,no_safeguard,gtzan/gtzan_hiphop_00004/track.npy,gtzan,1.0,0.9884668490669097,0.9884668490669097,0.9884668490669097,1.0,1.0,1.0,1.0,0.6666666666666666,0.6540368757971664,0.9601710737703008,0.8071039747837336,0.0,0.0,0.95,0.95,48.0,0.0,0.0,0.056601346558924945,24.0,0.0,0.0,0.01624751189551011,0.0,/media/mengh/SharedData/zhanh/auto_structbeat/caches/pilot/mscnn_final_last_gtzan/gtzan__gtzan_hiphop_00004__track.npy.npz
mscnn_gtzan,no_safeguard,gtzan/gtzan_hiphop_00005/track.npy,gtzan,0.9747899159663865,0.8781966836673685,0.8781966836673685,0.8781966836673685,0.9666666666666667,0.9666666666666667,0.9666666666666667,0.9666666666666667,0.9333333333333333,0.894254490231991,0.894254490231991,0.894254490231991,1.0,1.0,1.0,1.0,70.0,0.0,0.0,0.09531017980433143,18.0,0.0,0.0,0.0355066884569096,0.0,/media/mengh/SharedData/zhanh/auto_structbeat/caches/pilot/mscnn_final_last_gtzan/gtzan__gtzan_hiphop_00005__track.npy.npz
mscnn_gtzan,no_safeguard,gtzan/gtzan_hiphop_00006/track.npy,gtzan,0.9879518072289156,0.9604778585279016,0.9604778585279016,0.9604778585279016,0.9761904761904762,0.9761904761904762,0.9761904761904762,0.9761904761904762,0.6428571428571429,0.6231632190234507,0.8926224407523996,0.7578928298879252,0.0,0.0,0.8947368421052632,0.8947368421052632,50.0,0.0,0.0,0.06669137449867063,22.0,0.0,0.0,0.03333642026758974,0.0,/media/mengh/SharedData/zhanh/auto_structbeat/caches/pilot/mscnn_final_last_gtzan/gtzan__gtzan_hiphop_00006__track.npy.npz
mscnn_gtzan,no_safeguard,gtzan/gtzan_hiphop_00007/track.npy,gtzan,0.94,0.9006976889232015,0.9006976889232015,0.9006976889232015,0.96,0.96,0.96,0.96,0.9230769230769231,0.8967769270987073,0.8967769270987073,0.8967769270987073,1.0,1.0,1.0,1.0,60.0,0.0,0.0,0.08721130724898674,15.0,0.0,0.0,0.020202707317519053,0.0,/media/mengh/SharedData/zhanh/auto_structbeat/caches/pilot/mscnn_final_last_gtzan/gtzan__gtzan_hiphop_00007__track.npy.npz
mscnn_gtzan,no_safeguard,gtzan/gtzan_hiphop_00008/track.npy,gtzan,0.9722222222222222,0.8592045196313856,0.8592045196313856,0.8592045196313856,1.0,1.0,1.0,1.0,0.6250000000000001,0.5399044780295378,0.5399044780295378,0.5399044780295378,0.5555555555555556,0.5555555555555556,0.5555555555555556,0.5555555555555556,43.0,0.0,0.0,0.0555698511548145,9.0,0.0,0.0,0.41502802386091686,0.0,/media/mengh/SharedData/zhanh/auto_structbeat/caches/pilot/mscnn_final_last_gtzan/gtzan__gtzan_hiphop_00008__track.npy.npz
mscnn_gtzan,no_safeguard,gtzan/gtzan_hiphop_00009/track.npy,gtzan,0.9655172413793104,0.8784598421422838,0.8784598421422838,0.8784598421422838,0.9545454545454546,0.9545454545454546,0.9545454545454546,0.9545454545454546,0.9523809523809523,0.838581907861222,0.838581907861222,0.838581907861222,0.9090909090909091,0.9090909090909091,0.9090909090909091,0.9090909090909091,52.0,0.0,0.0,0.06795719784222497,13.0,0.0,0.0,0.01724180643450568,0.0,/media/mengh/SharedData/zhanh/auto_structbeat/caches/pilot/mscnn_final_last_gtzan/gtzan__gtzan_hiphop_00009__track.npy.npz
mscnn_gtzan,no_safeguard,gtzan/gtzan_hiphop_00010/track.npy,gtzan,0.9876543209876543,0.9290238035791603,0.9290238035791603,0.9290238035791603,0.975609756097561,0.975609756097561,0.975609756097561,0.975609756097561,1.0,0.9460659930078392,0.9460659930078392,0.9460659930078392,1.0,1.0,1.0,1.0,48.0,0.0,0.0,0.06453852113757189,12.0,0.0,0.0,0.016000341346440905,0.0,/media/mengh/SharedData/zhanh/auto_structbeat/caches/pilot/mscnn_final_last_gtzan/gtzan__gtzan_hiphop_00010__track.npy.npz
mscnn_gtzan,no_safeguard,gtzan/gtzan_hiphop_00011/track.npy,gtzan,1.0,0.9481279898517031,0.9481279898517031,0.9481279898517031,1.0,1.0,1.0,1.0,1.0,0.9375485929444516,0.9375485929444516,0.9375485929444516,1.0,1.0,1.0,1.0,50.0,0.0,0.0,0.06669137449867313,12.0,0.0,0.0,0.01666705248521253,0.0,/media/mengh/SharedData/zhanh/auto_structbeat/caches/pilot/mscnn_final_last_gtzan/gtzan__gtzan_hiphop_00011__track.npy.npz
mscnn_gtzan,no_safeguard,gtzan/gtzan_hiphop_00012/track.npy,gtzan,0.9879518072289156,0.9105012197930895,0.9105012197930895,0.9105012197930895,0.9761904761904762,0.9761904761904762,0.9761904761904762,0.9761904761904762,1.0,0.9274444605819104,0.9274444605819104,0.9274444605819104,1.0,1.0,1.0,1.0,49.0,0.0,0.0,0.06453852113757264,12.0,0.0,0.0,0.016393809775676636,0.0,/media/mengh/SharedData/zhanh/auto_structbeat/caches/pilot/mscnn_final_last_gtzan/gtzan__gtzan_hiphop_00012__track.npy.npz
mscnn_gtzan,no_safeguard,gtzan/gtzan_hiphop_00013/track.npy,gtzan,1.0,0.9621145584823092,0.9621145584823092,0.9621145584823092,1.0,1.0,1.0,1.0,1.0,0.9635418844488093,0.9635418844488093,0.9635418844488093,1.0,1.0,1.0,1.0,51.0,0.0,0.0,0.03390155167568665,13.0,0.0,0.0,0.012730123990841391,0.0,/media/mengh/SharedData/zhanh/auto_structbeat/caches/pilot/mscnn_final_last_gtzan/gtzan__gtzan_hiphop_00013__track.npy.npz
mscnn_gtzan,no_safeguard,gtzan/gtzan_hiphop_00014/track.npy,gtzan,1.0,0.9394373001375126,0.9394373001375126,0.9394373001375126,1.0,1.0,1.0,1.0,1.0,0.9676880154635391,0.9676880154635391,0.9676880154635391,1.0,1.0,1.0,1.0,67.0,0.0,0.0,0.16325952083309256,17.0,0.0,0.0,0.022223136784709985,0.0,/media/mengh/SharedData/zhanh/auto_structbeat/caches/pilot/mscnn_final_last_gtzan/gtzan__gtzan_hiphop_00014__track.npy.npz
mscnn_gtzan,no_safeguard,gtzan/gtzan_hiphop_00015/track.npy,gtzan,1.0,0.9136140005034322,0.9136140005034322,0.9136140005034322,1.0,1.0,1.0,1.0,1.0,0.937751274729008,0.937751274729008,0.937751274729008,1.0,1.0,1.0,1.0,50.0,0.0,0.0,0.06669137449866863,12.0,0.0,0.0,0.008230499136516444,0.0,/media/mengh/SharedData/zhanh/auto_structbeat/caches/pilot/mscnn_final_last_gtzan/gtzan__gtzan_hiphop_00015__track.npy.npz
mscnn_gtzan,no_safeguard,gtzan/gtzan_hiphop_00016/track.npy,gtzan,1.0,0.9504712777923852,0.9504712777923852,0.9504712777923852,1.0,1.0,1.0,1.0,1.0,0.9424372890033526,0.9424372890033526,0.9424372890033526,1.0,1.0,1.0,1.0,51.0,0.0,0.0,0.03390155167568665,13.0,0.0,0.0,0.008438868645865516,0.0,/media/mengh/SharedData/zhanh/auto_structbeat/caches/pilot/mscnn_final_last_gtzan/gtzan__gtzan_hiphop_00016__track.npy.npz
mscnn_gtzan,no_safeguard,gtzan/gtzan_hiphop_00017/track.npy,gtzan,0.9876543209876543,0.959140615333448,0.959140615333448,0.959140615333448,0.975609756097561,0.975609756097561,0.975609756097561,0.975609756097561,1.0,0.9767279467297625,0.9767279467297625,0.9767279467297625,1.0,1.0,1.0,1.0,49.0,0.0,0.0,0.05501391164319759,12.0,0.0,0.0,0.0162605208717805,0.0,/media/mengh/SharedData/zhanh/auto_structbeat/caches/pilot/mscnn_final_last_gtzan/gtzan__gtzan_hiphop_00017__track.npy.npz
mscnn_gtzan,no_safeguard,gtzan/gtzan_hiphop_00018/track.npy,gtzan,0.4943820224719101,0.365980438264929,0.365980438264929,0.365980438264929,0.26666666666666666,0.4222222222222222,0.26666666666666666,0.4222222222222222,0.41666666666666663,0.32213517983234863,0.32213517983234863,0.32213517983234863,0.5384615384615384,0.5384615384615384,0.5384615384615384,0.5384615384615384,54.0,0.0,0.0,0.6592456288842661,16.0,0.0,0.0,0.35687240147946614,0.0,/media/mengh/SharedData/zhanh/auto_structbeat/caches/pilot/mscnn_final_last_gtzan/gtzan__gtzan_hiphop_00018__track.npy.npz
mscnn_gtzan,no_safeguard,gtzan/gtzan_hiphop_00019/track.npy,gtzan,1.0,0.951207221359439,0.951207221359439,0.951207221359439,1.0,1.0,1.0,1.0,1.0,0.9460072503283441,0.9460072503283441,0.9460072503283441,1.0,1.0,1.0,1.0,51.0,0.0,0.0,0.05357544536947342,13.0,0.0,0.0,0.016807118316381264,0.0,/media/mengh/SharedData/zhanh/auto_structbeat/caches/pilot/mscnn_final_last_gtzan/gtzan__gtzan_hiphop_00019__track.npy.npz
mscnn_gtzan,no_safeguard,gtzan/gtzan_hiphop_00020/track.npy,gtzan,0.9896907216494846,0.9351667089460076,0.9351667089460076,0.9351667089460076,0.9795918367346939,0.9795918367346939,0.9795918367346939,0.9795918367346939,0.9600000000000001,0.9223583326270054,0.9223583326270054,0.9223583326270054,0.9230769230769231,0.9230769230769231,0.9230769230769231,0.9230769230769231,58.0,0.0,0.0,0.048655795148994624,14.0,0.0,0.0,0.019315387696032506,0.0,/media/mengh/SharedData/zhanh/auto_structbeat/caches/pilot/mscnn_final_last_gtzan/gtzan__gtzan_hiphop_00020__track.npy.npz
mscnn_gtzan,no_safeguard,gtzan/gtzan_hiphop_00021/track.npy,gtzan,1.0,0.9649325093865632,0.9649325093865632,0.9649325093865632,1.0,1.0,1.0,1.0,1.0,0.9850290358517746,0.9850290358517746,0.9850290358517746,1.0,1.0,1.0,1.0,50.0,0.0,0.0,0.055214936510627234,12.0,0.0,0.0,0.008438868645864406,0.0,/media/mengh/SharedData/zhanh/auto_structbeat/caches/pilot/mscnn_final_last_gtzan/gtzan__gtzan_hiphop_00021__track.npy.npz
mscnn_gtzan,no_safeguard,gtzan/gtzan_hiphop_00022/track.npy,gtzan,1.0,0.961776438631796,0.961776438631796,0.961776438631796,1.0,1.0,1.0,1.0,1.0,0.9653453534826123,0.9653453534826123,0.9653453534826123,1.0,1.0,1.0,1.0,51.0,0.0,0.0,0.06807227269164434,13.0,0.0,0.0,0.008438868645865183,0.0,/media/mengh/SharedData/zhanh/auto_structbeat/caches/pilot/mscnn_final_last_gtzan/gtzan__gtzan_hiphop_00022__track.npy.npz
mscnn_gtzan,no_safeguard,gtzan/gtzan_hiphop_00023/track.npy,gtzan,0.9873417721518987,0.9298587987512582,0.9298587987512582,0.9298587987512582,0.975,0.975,0.975,0.975,1.0,0.9442218869394299,0.9442218869394299,0.9442218869394299,1.0,1.0,1.0,1.0,47.0,0.0,0.0,0.03174869831458469,12.0,0.0,0.0,0.015625317903079878,0.0,/media/mengh/SharedData/zhanh/auto_structbeat/caches/pilot/mscnn_final_last_gtzan/gtzan__gtzan_hiphop_00023__track.npy.npz
mscnn_gtzan,no_safeguard,gtzan/gtzan_hiphop_00024/track.npy,gtzan,1.0,0.979243449747314,0.979243449747314,0.979243449747314,1.0,1.0,1.0,1.0,1.0,0.9790376191803426,0.9790376191803426,0.9790376191803426,1.0,1.0,1.0,1.0,51.0,0.0,0.0,0.03390155167568665,13.0,0.0,0.0,0.021241430159469332,0.0,/media/mengh/SharedData/zhanh/auto_structbeat/caches/pilot/mscnn_final_last_gtzan/gtzan__gtzan_hiphop_00024__track.npy.npz
mscnn_gtzan,no_safeguard,gtzan/gtzan_hiphop_00025/track.npy,gtzan,1.0,0.9107419450627866,0.9107419450627866,0.9107419450627866,1.0,1.0,1.0,1.0,1.0,0.932107732664178,0.932107732664178,0.932107732664178,1.0,1.0,1.0,1.0,53.0,0.0,0.0,0.10536051565782634,13.0,0.0,0.0,0.00884978854970031,0.0,/media/mengh/SharedData/zhanh/auto_structbeat/caches/pilot/mscnn_final_last_gtzan/gtzan__gtzan_hiphop_00025__track.npy.npz
mscnn_gtzan,no_safeguard,gtzan/gtzan_hiphop_00026/track.npy,gtzan,1.0,0.9431673917174387,0.9431673917174387,0.9431673917174387,1.0,1.0,1.0,1.0,1.0,0.9065079138548231,0.9065079138548231,0.9065079138548231,1.0,1.0,1.0,1.0,52.0,0.0,0.0,0.05373717323289365,13.0,0.0,0.0,0.012730123990841391,0.0,/media/mengh/SharedData/zhanh/auto_structbeat/caches/pilot/mscnn_final_last_gtzan/gtzan__gtzan_hiphop_00026__track.npy.npz
mscnn_gtzan,no_safeguard,gtzan/gtzan_hiphop_00027/track.npy,gtzan,1.0,0.9567532270190426,0.9567532270190426,0.9567532270190426,1.0,1.0,1.0,1.0,0.37499999999999994,0.357014260926739,0.45303647299747174,0.40502536696210534,0.0,0.0,0.0,0.0,46.0,0.0,0.0,0.05614667734398174,7.0,0.0,0.0,0.0050633019565469615,0.0,/media/mengh/SharedData/zhanh/auto_structbeat/caches/pilot/mscnn_final_last_gtzan/gtzan__gtzan_hiphop_00027__track.npy.npz
mscnn_gtzan,no_safeguard,gtzan/gtzan_hiphop_00028/track.npy,gtzan,0.7894736842105263,0.5873397338851489,0.5873397338851489,0.5873397338851489,1.0,1.0,1.0,1.0,0.7777777777777778,0.5126713632205838,0.5126713632205838,0.5126713632205838,1.0,1.0,1.0,1.0,45.0,0.0,0.0,0.08961215868968755,11.0,0.0,0.0,0.0520563619560531,0.0,/media/mengh/SharedData/zhanh/auto_structbeat/caches/pilot/mscnn_final_last_gtzan/gtzan__gtzan_hiphop_00028__track.npy.npz
mscnn_gtzan,no_safeguard,gtzan/gtzan_hiphop_00029/track.npy,gtzan,1.0,0.9736657629304327,0.9736657629304327,0.9736657629304327,1.0,1.0,1.0,1.0,1.0,0.9847464134587864,0.9847464134587864,0.9847464134587864,1.0,1.0,1.0,1.0,48.0,0.0,0.0,0.0625203569813354,12.0,0.0,0.0,0.004247125351652012,0.0,/media/mengh/SharedData/zhanh/auto_structbeat/caches/pilot/mscnn_final_last_gtzan/gtzan__gtzan_hiphop_00029__track.npy.npz
mscnn_gtzan,no_safeguard,gtzan/gtzan_hiphop_00030/track.npy,gtzan,0.20000000000000004,0.19581416316055977,0.7151689264045952,0.4554915447825775,0.06666666666666667,0.14666666666666667,0.5333333333333333,0.7466666666666667,0.0,8.903168983827142e-05,9.10657946566762e-05,9.004874224747381e-05,0.5263157894736842,0.7894736842105263,0.5263157894736842,0.7894736842105263,90.0,0.0,0.011235955056179775,0.48008135049411077,22.0,0.0,0.0,0.1940176941284189,0.0,/media/mengh/SharedData/zhanh/auto_structbeat/caches/pilot/mscnn_final_last_gtzan/gtzan__gtzan_hiphop_00030__track.npy.npz
mscnn_gtzan,no_safeguard,gtzan/gtzan_hiphop_00031/track.npy,gtzan,1.0,0.975048135095073,0.975048135095073,0.975048135095073,1.0,1.0,1.0,1.0,1.0,0.9809869883117592,0.9809869883117592,0.9809869883117592,1.0,1.0,1.0,1.0,50.0,0.0,0.0,0.03390155167568665,12.0,0.0,0.0,0.008368249670517042,0.0,/media/mengh/SharedData/zhanh/auto_structbeat/caches/pilot/mscnn_final_last_gtzan/gtzan__gtzan_hiphop_00031__track.npy.npz
mscnn_gtzan,no_safeguard,gtzan/gtzan_hiphop_00032/track.npy,gtzan,0.9879518072289156,0.7318072172949363,0.7318072172949363,0.7318072172949363,0.9761904761904762,0.9761904761904762,0.9761904761904762,0.9761904761904762,1.0,0.8161233340125847,0.8161233340125847,0.8161233340125847,1.0,1.0,1.0,1.0,51.0,0.0,0.0,0.06807227269164123,13.0,0.0,0.0,0.036944816854208196,0.0,/media/mengh/SharedData/zhanh/auto_structbeat/caches/pilot/mscnn_final_last_gtzan/gtzan__gtzan_hiphop_00032__track.npy.npz
mscnn_gtzan,no_safeguard,gtzan/gtzan_hiphop_00033/track.npy,gtzan,1.0,0.9587558808278099,0.9587558808278099,0.9587558808278099,1.0,1.0,1.0,1.0,1.0,0.9339226648363873,0.9339226648363873,0.9339226648363873,1.0,1.0,1.0,1.0,49.0,0.0,0.0,0.11998023387998327,12.0,0.0,0.0,0.02061920278142226,0.0,/media/mengh/SharedData/zhanh/auto_structbeat/caches/pilot/mscnn_final_last_gtzan/gtzan__gtzan_hiphop_00033__track.npy.npz
mscnn_gtzan,no_safeguard,gtzan/gtzan_hiphop_00034/track.npy,gtzan,0.9024390243902439,0.767874848429242,0.767874848429242,0.767874848429242,1.0,1.0,1.0,1.0,0.9,0.8224979476741014,0.8224979476741014,0.8224979476741014,1.0,1.0,1.0,1.0,50.0,0.0,0.0,0.06669137449867313,12.0,0.0,0.0,0.02977042236344994,0.0,/media/mengh/SharedData/zhanh/auto_structbeat/caches/pilot/mscnn_final_last_gtzan/gtzan__gtzan_hiphop_00034__track.npy.npz
mscnn_gtzan,no_safeguard,gtzan/gtzan_hiphop_00035/track.npy,gtzan,1.0,0.9679552704784548,0.9679552704784548,0.9679552704784548,1.0,1.0,1.0,1.0,1.0,0.9620482822140001,0.9620482822140001,0.9620482822140001,1.0,1.0,1.0,1.0,43.0,0.0,0.0,0.0555698511548145,11.0,0.0,0.0,0.007017572658646554,0.0,/media/mengh/SharedData/zhanh/auto_structbeat/caches/pilot/mscnn_final_last_gtzan/gtzan__gtzan_hiphop_00035__track.npy.npz
mscnn_gtzan,no_safeguard,gtzan/gtzan_hiphop_00036/track.npy,gtzan,0.9696969696969697,0.9040467508369996,0.9040467508369996,0.9040467508369996,0.92,0.92,0.92,0.92,0.9600000000000001,0.8996981696645098,0.8996981696645098,0.8996981696645098,0.9230769230769231,0.9230769230769231,0.9230769230769231,0.9230769230769231,49.0,0.0,0.0,0.07696104113612903,12.0,0.0,0.0,0.02033342400570315,0.0,/media/mengh/SharedData/zhanh/auto_structbeat/caches/pilot/mscnn_final_last_gtzan/gtzan__gtzan_hiphop_00036__track.npy.npz
mscnn_gtzan,no_safeguard,gtzan/gtzan_hiphop_00037/track.npy,gtzan,1.0,0.9702214250269601,0.9702214250269601,0.9702214250269601,1.0,1.0,1.0,1.0,1.0,0.9783447560139282,0.9783447560139282,0.9783447560139282,1.0,1.0,1.0,1.0,39.0,0.0,0.0,0.14330673670321079,10.0,0.0,0.0,0.20442143075427877,0.0,/media/mengh/SharedData/zhanh/auto_structbeat/caches/pilot/mscnn_final_last_gtzan/gtzan__gtzan_hiphop_00037__track.npy.npz
mscnn_gtzan,no_safeguard,gtzan/gtzan_hiphop_00038/track.npy,gtzan,1.0,0.9824435166205371,0.9824435166205371,0.9824435166205371,1.0,1.0,1.0,1.0,1.0,0.9782936802415405,0.9782936802415405,0.9782936802415405,1.0,1.0,1.0,1.0,42.0,0.0,0.0,0.06062462181643358,11.0,0.0,0.0,0.0076045993852190685,0.0,/media/mengh/SharedData/zhanh/auto_structbeat/caches/pilot/mscnn_final_last_gtzan/gtzan__gtzan_hiphop_00038__track.npy.npz
mscnn_gtzan,no_safeguard,gtzan/gtzan_hiphop_00039/track.npy,gtzan,1.0,0.9616321484273951,0.9616321484273951,0.9616321484273951,1.0,1.0,1.0,1.0,1.0,0.9602235779693675,0.9602235779693675,0.9602235779693675,1.0,1.0,1.0,1.0,49.0,0.0,0.0,0.031748698314585266,13.0,0.0,0.0,0.007905179507114446,0.0,/media/mengh/SharedData/zhanh/auto_structbeat/caches/pilot/mscnn_final_last_gtzan/gtzan__gtzan_hiphop_00039__track.npy.npz
mscnn_gtzan,no_safeguard,gtzan/gtzan_hiphop_00040/track.npy,gtzan,1.0,0.9310887256716682,0.9310887256716682,0.9310887256716682,1.0,1.0,1.0,1.0,1.0,0.968630963574363,0.968630963574363,0.968630963574363,1.0,1.0,1.0,1.0,41.0,0.0,0.0,0.05645665329022032,10.0,0.0,0.0,0.01100794091793111,0.0,/media/mengh/SharedData/zhanh/auto_structbeat/caches/pilot/mscnn_final_last_gtzan/gtzan__gtzan_hiphop_00040__track.npy.npz
mscnn_gtzan,no_safeguard,gtzan/gtzan_hiphop_00041/track.npy,gtzan,0.9873417721518987,0.9629877981911332,0.9629877981911332,0.9629877981911332,0.975,0.975,0.975,0.975,1.0,0.9715237296619943,0.9715237296619943,0.9715237296619943,1.0,1.0,1.0,1.0,47.0,0.0,0.0,0.1387004264656745,11.0,0.0,0.0,0.10859954897642668,0.0,/media/mengh/SharedData/zhanh/auto_structbeat/caches/pilot/mscnn_final_last_gtzan/gtzan__gtzan_hiphop_00041__track.npy.npz
mscnn_gtzan,no_safeguard,gtzan/gtzan_hiphop_00042/track.npy,gtzan,1.0,0.7480202803287909,0.7480202803287909,0.7480202803287909,1.0,1.0,1.0,1.0,0.0,3.016344159540897e-219,0.7169400291509809,0.35847001457549044,0.0,0.0,0.9,0.9,47.0,0.0,0.0,0.06062462181643358,12.0,0.0,0.0,0.015151805020601872,0.0,/media/mengh/SharedData/zhanh/auto_structbeat/caches/pilot/mscnn_final_last_gtzan/gtzan__gtzan_hiphop_00042__track.npy.npz
mscnn_gtzan,no_safeguard,gtzan/gtzan_hiphop_00043/track.npy,gtzan,1.0,0.9565301075039981,0.9565301075039981,0.9565301075039981,1.0,1.0,1.0,1.0,1.0,0.9742007420021608,0.9742007420021608,0.9742007420021608,1.0,1.0,1.0,1.0,46.0,0.0,0.0,0.12210018958685533,12.0,0.0,0.0,0.4620976680023281,0.0,/media/mengh/SharedData/zhanh/auto_structbeat/caches/pilot/mscnn_final_last_gtzan/gtzan__gtzan_hiphop_00043__track.npy.npz
mscnn_gtzan,no_safeguard,gtzan/gtzan_hiphop_00044/track.npy,gtzan,0.7526881720430109,0.6276159936040051,0.6276159936040051,0.6276159936040051,0.54,0.6,0.54,0.6,0.09090909090909093,0.025276118223017594,0.037071640060425806,0.0311738791417217,0.0,0.0,0.1111111111111111,0.1111111111111111,43.0,0.0,0.0,0.31015492830384167,9.0,0.0,0.0,0.6677111391212569,0.0,/media/mengh/SharedData/zhanh/auto_structbeat/caches/pilot/mscnn_final_last_gtzan/gtzan__gtzan_hiphop_00044__track.npy.npz
mscnn_gtzan,no_safeguard,gtzan/gtzan_hiphop_00045/track.npy,gtzan,1.0,0.9616321484273951,0.9616321484273951,0.9616321484273951,1.0,1.0,1.0,1.0,1.0,0.9602235779693675,0.9602235779693675,0.9602235779693675,1.0,1.0,1.0,1.0,49.0,0.0,0.0,0.031748698314585266,13.0,0.0,0.0,0.007905179507114446,0.0,/media/mengh/SharedData/zhanh/auto_structbeat/caches/pilot/mscnn_final_last_gtzan/gtzan__gtzan_hiphop_00045__track.npy.npz
mscnn_gtzan,no_safeguard,gtzan/gtzan_hiphop_00046/track.npy,gtzan,0.975609756097561,0.9538272554079871,0.9538272554079871,0.9538272554079871,0.975609756097561,0.975609756097561,0.975609756097561,0.975609756097561,0.9090909090909091,0.8944532424309876,0.8944532424309876,0.8944532424309876,1.0,1.0,1.0,1.0,49.0,0.0,0.0,0.03247748547046463,13.0,0.0,0.0,0.012080776813573668,0.0,/media/mengh/SharedData/zhanh/auto_structbeat/caches/pilot/mscnn_final_last_gtzan/gtzan__gtzan_hiphop_00046__track.npy.npz
mscnn_gtzan,no_safeguard,gtzan/gtzan_hiphop_00047/track.npy,gtzan,0.8421052631578947,0.8280905785217618,0.8280905785217618,0.8280905785217618,0.48148148148148145,0.48148148148148145,0.48148148148148145,0.48148148148148145,0.8333333333333333,0.8168786618665557,0.8288977500873976,0.8228882059769766,0.42857142857142855,0.42857142857142855,0.42857142857142855,0.42857142857142855,62.0,0.0,0.0,0.13656262371535358,16.0,0.0,0.0,0.2531708517626399,0.0,/media/mengh/SharedData/zhanh/auto_structbeat/caches/pilot/mscnn_final_last_gtzan/gtzan__gtzan_hiphop_00047__track.npy.npz
mscnn_gtzan,no_safeguard,gtzan/gtzan_hiphop_00048/track.npy,gtzan,1.0,0.9618018138168443,0.9618018138168443,0.9618018138168443,1.0,1.0,1.0,1.0,1.0,0.9775650254867614,0.9775650254867614,0.9775650254867614,1.0,1.0,1.0,1.0,49.0,0.0,0.0,0.06453852113757563,12.0,0.0,0.0,0.008032171697264296,0.0,/media/mengh/SharedData/zhanh/auto_structbeat/caches/pilot/mscnn_final_last_gtzan/gtzan__gtzan_hiphop_00048__track.npy.npz
mscnn_gtzan,no_safeguard,gtzan/gtzan_hiphop_00049/track.npy,gtzan,0.9523809523809523,0.9240389415074145,0.9240389415074145,0.9240389415074145,0.7619047619047619,0.9285714285714286,0.7619047619047619,0.9285714285714286,0.9090909090909091,0.8784140596276715,0.8784140596276715,0.8784140596276715,1.0,1.0,1.0,1.0,51.0,0.0,0.0,0.03390155167568665,13.0,0.0,0.0,0.012730123990841224,0.0,/media/mengh/SharedData/zhanh/auto_structbeat/caches/pilot/mscnn_final_last_gtzan/gtzan__gtzan_hiphop_00049__track.npy.npz
mscnn_gtzan,no_safeguard,gtzan/gtzan_hiphop_00050/track.npy,gtzan,0.9879518072289156,0.8802158420608632,0.8802158420608632,0.8802158420608632,0.9761904761904762,0.9761904761904762,0.9761904761904762,0.9761904761904762,1.0,0.940128055582265,0.940128055582265,0.940128055582265,1.0,1.0,1.0,1.0,49.0,0.0,0.0,0.06453852113757264,12.0,0.0,0.0,0.008163310639161554,0.0,/media/mengh/SharedData/zhanh/auto_structbeat/caches/pilot/mscnn_final_last_gtzan/gtzan__gtzan_hiphop_00050__track.npy.npz
mscnn_gtzan,no_safeguard,gtzan/gtzan_hiphop_00051/track.npy,gtzan,1.0,0.8814507245111521,0.8814507245111521,0.8814507245111521,1.0,1.0,1.0,1.0,1.0,0.8763207404054881,0.8763207404054881,0.8763207404054881,1.0,1.0,1.0,1.0,53.0,0.0,0.0,0.06899287148695155,13.0,0.0,0.0,0.021873341022466353,0.0,/media/mengh/SharedData/zhanh/auto_structbeat/caches/pilot/mscnn_final_last_gtzan/gtzan__gtzan_hiphop_00051__track.npy.npz
mscnn_gtzan,no_safeguard,gtzan/gtzan_hiphop_00052/track.npy,gtzan,1.0,0.9261100332230519,0.9261100332230519,0.9261100332230519,1.0,1.0,1.0,1.0,1.0,0.9596529071592059,0.9596529071592059,0.9596529071592059,1.0,1.0,1.0,1.0,53.0,0.0,0.0,0.10536051565782723,13.0,0.0,0.0,0.008733679968755959,0.0,/media/mengh/SharedData/zhanh/auto_structbeat/caches/pilot/mscnn_final_last_gtzan/gtzan__gtzan_hiphop_00052__track.npy.npz
mscnn_gtzan,no_safeguard,gtzan/gtzan_hiphop_00053/track.npy,gtzan,1.0,0.979163747224845,0.979163747224845,0.979163747224845,1.0,1.0,1.0,1.0,1.0,0.9873291968973426,0.9873291968973426,0.9873291968973426,1.0,1.0,1.0,1.0,55.0,0.0,0.0,0.07145896398214668,13.0,0.0,0.0,0.013534170511298182,0.0,/media/mengh/SharedData/zhanh/auto_structbeat/caches/pilot/mscnn_final_last_gtzan/gtzan__gtzan_hiphop_00053__track.npy.npz
mscnn_gtzan,no_safeguard,gtzan/gtzan_hiphop_00054/track.npy,gtzan,0.47311827956989244,0.44871760086504087,0.44871760086504087,0.44871760086504087,0.6170212765957447,0.9361702127659575,0.6170212765957447,0.9361702127659575,0.4166666666666667,0.24096279582864968,0.24096279582864968,0.24096279582864968,1.0,1.0,1.0,1.0,57.0,0.0,0.0,0.2359114356398469,14.0,0.0,0.0,0.040881124419262505,0.0,/media/mengh/SharedData/zhanh/auto_structbeat/caches/pilot/mscnn_final_last_gtzan/gtzan__gtzan_hiphop_00054__track.npy.npz
mscnn_gtzan,no_safeguard,gtzan/gtzan_hiphop_00055/track.npy,gtzan,1.0,0.9726348821019215,0.9726348821019215,0.9726348821019215,1.0,1.0,1.0,1.0,1.0,0.9499958469113766,0.9499958469113766,0.9499958469113766,1.0,1.0,1.0,1.0,41.0,0.0,0.0,0.027398974188118708,10.0,0.0,0.0,0.006825965070401008,0.0,/media/mengh/SharedData/zhanh/auto_structbeat/caches/pilot/mscnn_final_last_gtzan/gtzan__gtzan_hiphop_00055__track.npy.npz
mscnn_gtzan,no_safeguard,gtzan/gtzan_hiphop_00056/track.npy,gtzan,1.0,0.9756710548561429,0.9756710548561429,0.9756710548561429,1.0,1.0,1.0,1.0,0.9523809523809523,0.9500120456958838,0.9500120456958838,0.9500120456958838,0.9090909090909091,0.9090909090909091,0.9090909090909091,0.9090909090909091,50.0,0.0,0.0,0.03390155167568665,12.0,0.0,0.0,1.4432899320127035e-15,0.0,/media/mengh/SharedData/zhanh/auto_structbeat/caches/pilot/mscnn_final_last_gtzan/gtzan__gtzan_hiphop_00056__track.npy.npz
mscnn_gtzan,no_safeguard,gtzan/gtzan_hiphop_00057/track.npy,gtzan,0.45161290322580644,0.37026246720161154,0.37026246720161154,0.37026246720161154,0.9787234042553191,0.9787234042553191,0.9787234042553191,0.9787234042553191,0.5833333333333334,0.47309502797425224,0.47309502797425224,0.47309502797425224,1.0,1.0,1.0,1.0,55.0,0.0,0.0,0.1823215567939552,14.0,0.0,0.0,0.05505977718302854,0.0,/media/mengh/SharedData/zhanh/auto_structbeat/caches/pilot/mscnn_final_last_gtzan/gtzan__gtzan_hiphop_00057__track.npy.npz
mscnn_gtzan,no_safeguard,gtzan/gtzan_hiphop_00058/track.npy,gtzan,0.9736842105263158,0.9282666248913052,0.9282666248913052,0.9282666248913052,1.0,1.0,1.0,1.0,1.0,0.8877666731075551,0.8877666731075551,0.8877666731075551,1.0,1.0,1.0,1.0,46.0,0.0,0.0,0.06062462181643523,11.0,0.0,0.0,0.007547205635383203,0.0,/media/mengh/SharedData/zhanh/auto_structbeat/caches/pilot/mscnn_final_last_gtzan/gtzan__gtzan_hiphop_00058__track.npy.npz
mscnn_gtzan,no_safeguard,gtzan/gtzan_hiphop_00059/track.npy,gtzan,1.0,0.8969445537084125,0.8969445537084125,0.8969445537084125,1.0,1.0,1.0,1.0,1.0,0.9196613797774885,0.9196613797774885,0.9196613797774885,1.0,1.0,1.0,1.0,46.0,0.0,0.0,0.030771658666755797,11.0,0.0,0.0,0.015384918839479367,0.0,/media/mengh/SharedData/zhanh/auto_structbeat/caches/pilot/mscnn_final_last_gtzan/gtzan__gtzan_hiphop_00059__track.npy.npz
mscnn_gtzan,no_safeguard,gtzan/gtzan_hiphop_00060/track.npy,gtzan,1.0,0.9012588665512599,0.9012588665512599,0.9012588665512599,1.0,1.0,1.0,1.0,1.0,0.8813391335198055,0.8813391335198055,0.8813391335198055,1.0,1.0,1.0,1.0,46.0,0.0,0.0,0.03077165866675543,11.0,0.0,0.0,0.007547205635383136,0.0,/media/mengh/SharedData/zhanh/auto_structbeat/caches/pilot/mscnn_final_last_gtzan/gtzan__gtzan_hiphop_00060__track.npy.npz
mscnn_gtzan,no_safeguard,gtzan/gtzan_hiphop_00061/track.npy,gtzan,1.0,0.9712511115843026,0.9712511115843026,0.9712511115843026,1.0,1.0,1.0,1.0,1.0,0.9658547738044275,0.9658547738044275,0.9658547738044275,1.0,1.0,1.0,1.0,46.0,0.0,0.0,0.03077165866675558,12.0,0.0,0.0,0.012029265793704016,0.0,/media/mengh/SharedData/zhanh/auto_structbeat/caches/pilot/mscnn_final_last_gtzan/gtzan__gtzan_hiphop_00061__track.npy.npz
mscnn_gtzan,no_safeguard,gtzan/gtzan_hiphop_00062/track.npy,gtzan,1.0,0.952165855935709,0.952165855935709,0.952165855935709,1.0,1.0,1.0,1.0,0.0,1.072736193338275e-223,0.8110881864770794,0.4055440932385397,0.0,0.0,0.8,0.8,46.0,0.0,0.0,0.030771658666755797,12.0,0.0,0.0,0.015384918839479355,0.0,/media/mengh/SharedData/zhanh/auto_structbeat/caches/pilot/mscnn_final_last_gtzan/gtzan__gtzan_hiphop_00062__track.npy.npz
mscnn_gtzan,no_safeguard,gtzan/gtzan_hiphop_00063/track.npy,gtzan,0.7238095238095238,0.6619722546460647,0.8465413590706322,0.7542568068583484,0.09090909090909091,0.16666666666666666,0.38961038961038963,0.6103896103896104,0.4800000000000001,0.41361797207039364,0.6783551643110762,0.545986568190735,0.0,0.0,0.7058823529411765,0.7058823529411765,74.0,0.0,0.0,0.5108256237659895,18.0,0.0,0.0,0.6228793089108031,0.0,/media/mengh/SharedData/zhanh/auto_structbeat/caches/pilot/mscnn_final_last_gtzan/gtzan__gtzan_hiphop_00063__track.npy.npz
mscnn_gtzan,no_safeguard,gtzan/gtzan_hiphop_00064/track.npy,gtzan,0.9859154929577464,0.9531239254053034,0.9531239254053034,0.9531239254053034,0.9722222222222222,0.9722222222222222,0.9722222222222222,0.9722222222222222,1.0,0.9405681842020156,0.9405681842020156,0.9405681842020156,1.0,1.0,1.0,1.0,44.0,0.0,0.0,0.057158413839947464,11.0,0.0,0.0,0.014388737452099055,0.0,/media/mengh/SharedData/zhanh/auto_structbeat/caches/pilot/mscnn_final_last_gtzan/gtzan__gtzan_hiphop_00064__track.npy.npz
mscnn_gtzan,no_safeguard,gtzan/gtzan_hiphop_00065/track.npy,gtzan,0.9876543209876543,0.9717650122340509,0.9717650122340509,0.9717650122340509,0.7317073170731707,0.9512195121951219,0.7317073170731707,0.9512195121951219,0.7368421052631577,0.7294011478400451,0.7294011478400451,0.7294011478400451,0.7,0.7,0.7,0.7,50.0,0.0,0.0,0.06453852113756971,12.0,0.0,0.0,0.28140447776852884,0.0,/media/mengh/SharedData/zhanh/auto_structbeat/caches/pilot/mscnn_final_last_gtzan/gtzan__gtzan_hiphop_00065__track.npy.npz
mscnn_gtzan,no_safeguard,gtzan/gtzan_hiphop_00066/track.npy,gtzan,0.9866666666666666,0.9620707264278263,0.9620707264278263,0.9620707264278263,0.9736842105263158,0.9736842105263158,0.9736842105263158,0.9736842105263158,1.0,0.9906144481230865,0.9906144481230865,0.9906144481230865,1.0,1.0,1.0,1.0,46.0,0.0,0.0,0.031602142367408395,11.0,0.0,0.0,0.007662872745570315,0.0,/media/mengh/SharedData/zhanh/auto_structbeat/caches/pilot/mscnn_final_last_gtzan/gtzan__gtzan_hiphop_00066__track.npy.npz
mscnn_gtzan,no_safeguard,gtzan/gtzan_hiphop_00067/track.npy,gtzan,1.0,0.9770710282557796,0.9770710282557796,0.9770710282557796,1.0,1.0,1.0,1.0,1.0,0.9883306861863819,0.9883306861863819,0.9883306861863819,1.0,1.0,1.0,1.0,49.0,0.0,0.0,0.06453852113756797,12.0,0.0,0.0,0.00809721023261969,0.0,/media/mengh/SharedData/zhanh/auto_structbeat/caches/pilot/mscnn_final_last_gtzan/gtzan__gtzan_hiphop_00067__track.npy.npz
mscnn_gtzan,no_safeguard,gtzan/gtzan_hiphop_00068/track.npy,gtzan,1.0,0.9561781541002159,0.9561781541002159,0.9561781541002159,1.0,1.0,1.0,1.0,1.0,0.9598732517631557,0.9598732517631557,0.9598732517631557,1.0,1.0,1.0,1.0,49.0,0.0,0.0,0.0645385211375743,13.0,0.0,0.0,0.012146346284522214,0.0,/media/mengh/SharedData/zhanh/auto_structbeat/caches/pilot/mscnn_final_last_gtzan/gtzan__gtzan_hiphop_00068__track.npy.npz
mscnn_gtzan,no_safeguard,gtzan/gtzan_hiphop_00069/track.npy,gtzan,0.9767441860465116,0.8250793138906555,0.8250793138906555,0.8250793138906555,0.9767441860465116,0.9767441860465116,0.9767441860465116,0.9767441860465116,1.0,0.8475919240125347,0.8475919240125347,0.8475919240125347,1.0,1.0,1.0,1.0,51.0,0.0,0.0,0.054956343562446316,13.0,0.0,0.0,0.016949558313773982,0.0,/media/mengh/SharedData/zhanh/auto_structbeat/caches/pilot/mscnn_final_last_gtzan/gtzan__gtzan_hiphop_00069__track.npy.npz
mscnn_gtzan,no_safeguard,gtzan/gtzan_hiphop_00070/track.npy,gtzan,0.8695652173913044,0.8295091044748668,0.8295091044748668,0.8295091044748668,0.46153846153846156,0.5384615384615384,0.46153846153846156,0.5384615384615384,0.5555555555555556,0.5303373835541918,0.8036636356243374,0.6670005095892646,0.0,0.0,0.4230769230769231,0.5,60.0,0.0,0.0,0.2768377486706719,30.0,0.0,0.0,0.46165771177406734,0.0,/media/mengh/SharedData/zhanh/auto_structbeat/caches/pilot/mscnn_final_last_gtzan/gtzan__gtzan_hiphop_00070__track.npy.npz
mscnn_gtzan,no_safeguard,gtzan/gtzan_hiphop_00071/track.npy,gtzan,0.9620253164556962,0.8988548115223247,0.8988548115223247,0.8988548115223247,0.975,0.975,0.975,0.975,0.0,1.5254583862006018e-209,0.9593959470817991,0.47969797354089955,0.0,0.0,1.0,1.0,48.0,0.0,0.0,0.06252035698133365,11.0,0.0,0.0,0.007968169649176793,0.0,/media/mengh/SharedData/zhanh/auto_structbeat/caches/pilot/mscnn_final_last_gtzan/gtzan__gtzan_hiphop_00071__track.npy.npz
mscnn_gtzan,no_safeguard,gtzan/gtzan_hiphop_00072/track.npy,gtzan,1.0,0.929433073291275,0.929433073291275,0.929433073291275,1.0,1.0,1.0,1.0,1.0,0.9531073865998148,0.9531073865998148,0.9531073865998148,1.0,1.0,1.0,1.0,49.0,0.0,0.0,0.055013911643195496,12.0,0.0,0.0,0.008163310639161554,0.0,/media/mengh/SharedData/zhanh/auto_structbeat/caches/pilot/mscnn_final_last_gtzan/gtzan__gtzan_hiphop_00072__track.npy.npz
mscnn_gtzan,no_safeguard,gtzan/gtzan_hiphop_00073/track.npy,gtzan,1.0,0.9794898889486393,0.9794898889486393,0.9794898889486393,1.0,1.0,1.0,1.0,1.0,0.9756834924839378,0.9756834924839378,0.9756834924839378,1.0,1.0,1.0,1.0,47.0,0.0,0.0,0.07784405868510072,12.0,0.0,0.0,0.007722046093911583,0.0,/media/mengh/SharedData/zhanh/auto_structbeat/caches/pilot/mscnn_final_last_gtzan/gtzan__gtzan_hiphop_00073__track.npy.npz
mscnn_gtzan,no_safeguard,gtzan/gtzan_hiphop_00074/track.npy,gtzan,1.0,0.9072803525213329,0.9072803525213329,0.9072803525213329,1.0,1.0,1.0,1.0,1.0,0.8852474719821547,0.8852474719821547,0.8852474719821547,1.0,1.0,1.0,1.0,49.0,0.0,0.0,0.06669137449867354,12.0,0.0,0.0,0.02119382701029335,0.0,/media/mengh/SharedData/zhanh/auto_structbeat/caches/pilot/mscnn_final_last_gtzan/gtzan__gtzan_hiphop_00074__track.npy.npz
mscnn_gtzan,no_safeguard,gtzan/gtzan_hiphop_00075/track.npy,gtzan,1.0,0.963136643288518,0.963136643288518,0.963136643288518,1.0,1.0,1.0,1.0,0.0,2.0865206461908774e-212,0.7964449242328602,0.3982224621164301,0.0,0.0,0.8,0.8,46.0,0.0,0.0,0.060624621816435936,12.0,0.0,0.0,0.03150055204286577,0.0,/media/mengh/SharedData/zhanh/auto_structbeat/caches/pilot/mscnn_final_last_gtzan/gtzan__gtzan_hiphop_00075__track.npy.npz
mscnn_gtzan,no_safeguard,gtzan/gtzan_hiphop_00076/track.npy,gtzan,1.0,0.929463087546419,0.929463087546419,0.929463087546419,1.0,1.0,1.0,1.0,1.0,0.9286279102731653,0.9286279102731653,0.9286279102731653,1.0,1.0,1.0,1.0,49.0,0.0,0.0,0.12400678313014778,12.0,0.0,0.0,0.01639380977567606,0.0,/media/mengh/SharedData/zhanh/auto_structbeat/caches/pilot/mscnn_final_last_gtzan/gtzan__gtzan_hiphop_00076__track.npy.npz
mscnn_gtzan,no_safeguard,gtzan/gtzan_hiphop_00077/track.npy,gtzan,0.9795918367346939,0.8713744436998562,0.8713744436998562,0.8713744436998562,0.4897959183673469,0.9387755102040817,0.4897959183673469,0.9387755102040817,0.9600000000000001,0.8160908002544002,0.8160908002544002,0.8160908002544002,0.9230769230769231,0.9230769230769231,0.9230769230769231,0.9230769230769231,59.0,0.0,0.0,0.19833009832865683,14.0,0.0,0.0,0.08166976612196433,0.0,/media/mengh/SharedData/zhanh/auto_structbeat/caches/pilot/mscnn_final_last_gtzan/gtzan__gtzan_hiphop_00077__track.npy.npz
mscnn_gtzan,no_safeguard,gtzan/gtzan_hiphop_00078/track.npy,gtzan,1.0,0.929463087546419,0.929463087546419,0.929463087546419,1.0,1.0,1.0,1.0,1.0,0.9286279102731653,0.9286279102731653,0.9286279102731653,1.0,1.0,1.0,1.0,49.0,0.0,0.0,0.12400678313014778,12.0,0.0,0.0,0.01639380977567606,0.0,/media/mengh/SharedData/zhanh/auto_structbeat/caches/pilot/mscnn_final_last_gtzan/gtzan__gtzan_hiphop_00078__track.npy.npz
mscnn_gtzan,no_safeguard,gtzan/gtzan_hiphop_00079/track.npy,gtzan,1.0,0.888754651353262,0.888754651353262,0.888754651353262,1.0,1.0,1.0,1.0,0.9523809523809523,0.8695010323627685,0.8695010323627685,0.8695010323627685,0.9090909090909091,0.9090909090909091,0.9090909090909091,0.9090909090909091,53.0,0.0,0.0,0.0689928714869561,13.0,0.0,0.0,0.017391742711869274,0.0,/media/mengh/SharedData/zhanh/auto_structbeat/caches/pilot/mscnn_final_last_gtzan/gtzan__gtzan_hiphop_00079__track.npy.npz
mscnn_gtzan,no_safeguard,gtzan/gtzan_hiphop_00080/track.npy,gtzan,0.8292682926829269,0.620273642505594,0.620273642505594,0.620273642505594,0.5952380952380952,0.7619047619047619,0.5952380952380952,0.7619047619047619,0.32,0.24306106008432365,0.4720400043587263,0.357550532221525,0.0,0.0,0.47368421052631576,0.47368421052631576,51.0,0.0,0.0,0.5193099766428222,17.0,0.0,0.0,0.3159899470446852,0.0,/media/mengh/SharedData/zhanh/auto_structbeat/caches/pilot/mscnn_final_last_gtzan/gtzan__gtzan_hiphop_00080__track.npy.npz
mscnn_gtzan,no_safeguard,gtzan/gtzan_hiphop_00081/track.npy,gtzan,0.988235294117647,0.8633520694324323,0.8633520694324323,0.8633520694324323,0.9767441860465116,0.9767441860465116,0.9767441860465116,0.9767441860465116,1.0,0.9049075223543939,0.9049075223543939,0.9049075223543939,1.0,1.0,1.0,1.0,52.0,0.0,0.0,0.05320177757187797,13.0,0.0,0.0,0.012730123990841169,0.0,/media/mengh/SharedData/zhanh/auto_structbeat/caches/pilot/mscnn_final_last_gtzan/gtzan__gtzan_hiphop_00081__track.npy.npz
mscnn_gtzan,no_safeguard,gtzan/gtzan_hiphop_00082/track.npy,gtzan,1.0,0.7801546328242743,0.7801546328242743,0.7801546328242743,1.0,1.0,1.0,1.0,1.0,0.8016756034048247,0.8016756034048247,0.8016756034048247,1.0,1.0,1.0,1.0,53.0,0.0,0.0,0.07145896398214663,13.0,0.0,0.0,0.017544309650908585,0.0,/media/mengh/SharedData/zhanh/auto_structbeat/caches/pilot/mscnn_final_last_gtzan/gtzan__gtzan_hiphop_00082__track.npy.npz
mscnn_gtzan,no_safeguard,gtzan/gtzan_hiphop_00083/track.npy,gtzan,1.0,0.8994726252058868,0.8994726252058868,0.8994726252058868,1.0,1.0,1.0,1.0,1.0,0.8558599801285987,0.8558599801285987,0.8558599801285987,1.0,1.0,1.0,1.0,52.0,0.0,0.0,0.06899287148694999,13.0,0.0,0.0,0.00865806274311498,0.0,/media/mengh/SharedData/zhanh/auto_structbeat/caches/pilot/mscnn_final_last_gtzan/gtzan__gtzan_hiphop_00083__track.npy.npz
mscnn_gtzan,no_safeguard,gtzan/gtzan_hiphop_00084/track.npy,gtzan,0.9473684210526315,0.767959566760372,0.767959566760372,0.767959566760372,0.9791666666666666,0.9791666666666666,0.9791666666666666,0.9791666666666666,1.0,0.7606343990431458,0.7606343990431458,0.7606343990431458,1.0,1.0,1.0,1.0,57.0,0.0,0.0,0.24116205681688285,14.0,0.0,0.0,0.023273578128120663,0.0,/media/mengh/SharedData/zhanh/auto_structbeat/caches/pilot/mscnn_final_last_gtzan/gtzan__gtzan_hiphop_00084__track.npy.npz
mscnn_gtzan,no_safeguard,gtzan/gtzan_hiphop_00085/track.npy,gtzan,1.0,0.8288699610359167,0.8288699610359167,0.8288699610359167,1.0,1.0,1.0,1.0,1.0,0.8707430320885784,0.8707430320885784,0.8707430320885784,1.0,1.0,1.0,1.0,55.0,0.0,0.0,0.07410797215372678,14.0,0.0,0.0,0.02262866537071031,0.0,/media/mengh/SharedData/zhanh/auto_structbeat/caches/pilot/mscnn_final_last_gtzan/gtzan__gtzan_hiphop_00085__track.npy.npz
mscnn_gtzan,no_safeguard,gtzan/gtzan_hiphop_00086/track.npy,gtzan,1.0,0.9581120530256995,0.9581120530256995,0.9581120530256995,1.0,1.0,1.0,1.0,1.0,0.9660000160627643,0.9660000160627643,0.9660000160627643,1.0,1.0,1.0,1.0,49.0,0.0,0.0,0.032789822822996084,12.0,0.0,0.0,0.008230499136516745,0.0,/media/mengh/SharedData/zhanh/auto_structbeat/caches/pilot/mscnn_final_last_gtzan/gtzan__gtzan_hiphop_00086__track.npy.npz
mscnn_gtzan,no_safeguard,gtzan/gtzan_hiphop_00087/track.npy,gtzan,1.0,0.958547263024452,0.958547263024452,0.958547263024452,1.0,1.0,1.0,1.0,1.0,0.9605158748335857,0.9605158748335857,0.9605158748335857,1.0,1.0,1.0,1.0,51.0,0.0,0.0,0.03390155167568665,13.0,0.0,0.0,0.008438868645865183,0.0,/media/mengh/SharedData/zhanh/auto_structbeat/caches/pilot/mscnn_final_last_gtzan/gtzan__gtzan_hiphop_00087__track.npy.npz
mscnn_gtzan,no_safeguard,gtzan/gtzan_hiphop_00088/track.npy,gtzan,1.0,0.971296324709705,0.971296324709705,0.971296324709705,1.0,1.0,1.0,1.0,1.0,0.9681740747377524,0.9681740747377524,0.9681740747377524,1.0,1.0,1.0,1.0,58.0,0.0,0.0,0.07696104113612678,14.0,0.0,0.0,0.009661910911737608,0.0,/media/mengh/SharedData/zhanh/auto_structbeat/caches/pilot/mscnn_final_last_gtzan/gtzan__gtzan_hiphop_00088__track.npy.npz
mscnn_gtzan,no_safeguard,gtzan/gtzan_hiphop_00089/track.npy,gtzan,0.9904761904761905,0.9667041352311384,0.9667041352311384,0.9667041352311384,0.9811320754716981,0.9811320754716981,0.9811320754716981,0.9811320754716981,1.0,0.9763046375124426,0.9763046375124426,0.9763046375124426,1.0,1.0,1.0,1.0,64.0,0.0,0.0,0.08134050921303672,16.0,0.0,0.0,0.014247064284090928,0.0,/media/mengh/SharedData/zhanh/auto_structbeat/caches/pilot/mscnn_final_last_gtzan/gtzan__gtzan_hiphop_00089__track.npy.npz
mscnn_gtzan,no_safeguard,gtzan/gtzan_hiphop_00090/track.npy,gtzan,1.0,0.9630966750018065,0.9630966750018065,0.9630966750018065,1.0,1.0,1.0,1.0,1.0,0.9739350185387341,0.9739350185387341,0.9739350185387341,1.0,1.0,1.0,1.0,58.0,0.0,0.0,0.07696104113612917,15.0,0.0,0.0,0.019231361927887613,0.0,/media/mengh/SharedData/zhanh/auto_structbeat/caches/pilot/mscnn_final_last_gtzan/gtzan__gtzan_hiphop_00090__track.npy.npz
mscnn_gtzan,no_safeguard,gtzan/gtzan_hiphop_00091/track.npy,gtzan,0.9885057471264368,0.8813366830023915,0.8813366830023915,0.8813366830023915,0.9545454545454546,0.9545454545454546,0.9545454545454546,0.9545454545454546,1.0,0.8514273775788066,0.8514273775788066,0.8514273775788066,1.0,1.0,1.0,1.0,52.0,0.0,0.0,0.05320177757188475,13.0,0.0,0.0,0.016949558313772872,0.0,/media/mengh/SharedData/zhanh/auto_structbeat/caches/pilot/mscnn_final_last_gtzan/gtzan__gtzan_hiphop_00091__track.npy.npz
mscnn_gtzan,no_safeguard,gtzan/gtzan_hiphop_00092/track.npy,gtzan,1.0,0.9411059082396409,0.9411059082396409,0.9411059082396409,1.0,1.0,1.0,1.0,1.0,0.9618372225678291,0.9618372225678291,0.9618372225678291,1.0,1.0,1.0,1.0,57.0,0.0,0.0,0.03774032798285287,14.0,0.0,0.0,0.009478743954544556,0.0,/media/mengh/SharedData/zhanh/auto_structbeat/caches/pilot/mscnn_final_last_gtzan/gtzan__gtzan_hiphop_00092__track.npy.npz
mscnn_gtzan,no_safeguard,gtzan/gtzan_hiphop_00093/track.npy,gtzan,1.0,0.9850309639959137,0.9850309639959137,0.9850309639959137,1.0,1.0,1.0,1.0,1.0,0.9719180285377909,0.9719180285377909,0.9719180285377909,1.0,1.0,1.0,1.0,59.0,0.0,0.0,0.039220713153287345,15.0,0.0,0.0,0.013754766421158434,0.0,/media/mengh/SharedData/zhanh/auto_structbeat/caches/pilot/mscnn_final_last_gtzan/gtzan__gtzan_hiphop_00093__track.npy.npz
mscnn_gtzan,no_safeguard,gtzan/gtzan_hiphop_00094/track.npy,gtzan,1.0,0.9257149185513719,0.9257149185513719,0.9257149185513719,1.0,1.0,1.0,1.0,0.6666666666666666,0.6089872359973197,0.8752127705833792,0.7421000032903495,0.0,0.0,0.9375,0.9375,37.0,0.0,0.0,0.050010420574660236,19.0,0.0,0.0,0.027455320723781776,0.0,/media/mengh/SharedData/zhanh/auto_structbeat/caches/pilot/mscnn_final_last_gtzan/gtzan__gtzan_hiphop_00094__track.npy.npz
mscnn_gtzan,no_safeguard,gtzan/gtzan_hiphop_00095/track.npy,gtzan,1.0,0.9421016263098463,0.9421016263098463,0.9421016263098463,1.0,1.0,1.0,1.0,1.0,0.9282814213641274,0.9282814213641274,0.9282814213641274,1.0,1.0,1.0,1.0,56.0,0.0,0.0,0.07410797215372468,14.0,0.0,0.0,0.013449887459529047,0.0,/media/mengh/SharedData/zhanh/auto_structbeat/caches/pilot/mscnn_final_last_gtzan/gtzan__gtzan_hiphop_00095__track.npy.npz
mscnn_gtzan,no_safeguard,gtzan/gtzan_hiphop_00096/track.npy,gtzan,0.4731182795698925,0.4049917300577412,0.6049800297059691,0.5049858798818552,0.20833333333333334,0.4166666666666667,0.2708333333333333,0.4791666666666667,0.45454545454545453,0.3862308241108509,0.3862308241108509,0.3862308241108509,0.36363636363636365,0.6363636363636364,0.36363636363636365,0.6363636363636364,57.0,0.0,0.0,0.6676898296403404,13.0,0.0,0.0,0.6694972581637479,0.0,/media/mengh/SharedData/zhanh/auto_structbeat/caches/pilot/mscnn_final_last_gtzan/gtzan__gtzan_hiphop_00096__track.npy.npz
mscnn_gtzan,no_safeguard,gtzan/gtzan_hiphop_00097/track.npy,gtzan,0.9894736842105264,0.8425860583238655,0.8425860583238655,0.8425860583238655,0.9791666666666666,0.9791666666666666,0.9791666666666666,0.9791666666666666,1.0,0.8455650723555201,0.8455650723555201,0.8455650723555201,1.0,1.0,1.0,1.0,57.0,0.0,0.0,0.07696104113612875,14.0,0.0,0.0,0.013704127111971314,0.0,/media/mengh/SharedData/zhanh/auto_structbeat/caches/pilot/mscnn_final_last_gtzan/gtzan__gtzan_hiphop_00097__track.npy.npz
mscnn_gtzan,no_safeguard,gtzan/gtzan_hiphop_00098/track.npy,gtzan,1.0,0.9069809334650729,0.9069809334650729,0.9069809334650729,1.0,1.0,1.0,1.0,1.0,0.9421369722625865,0.9421369722625865,0.9421369722625865,1.0,1.0,1.0,1.0,54.0,0.0,0.0,0.035091319811275556,14.0,0.0,0.0,0.01285373077421566,0.0,/media/mengh/SharedData/zhanh/auto_structbeat/caches/pilot/mscnn_final_last_gtzan/gtzan__gtzan_hiphop_00098__track.npy.npz
mscnn_gtzan,no_safeguard,gtzan/gtzan_hiphop_00099/track.npy,gtzan,0.989010989010989,0.8597772331645732,0.8597772331645732,0.8597772331645732,0.9782608695652174,0.9782608695652174,0.9782608695652174,0.9782608695652174,0.0,2.2360208706355134e-160,0.8635461717108225,0.43177308585541124,0.0,0.0,0.8333333333333334,0.8333333333333334,55.0,0.0,0.0,0.07410797215372163,14.0,0.0,0.0,0.01308573701216104,0.0,/media/mengh/SharedData/zhanh/auto_structbeat/caches/pilot/mscnn_final_last_gtzan/gtzan__gtzan_hiphop_00099__track.npy.npz
mscnn_gtzan,no_safeguard,gtzan/gtzan_jazz_00000/track.npy,gtzan,0.5760000000000001,0.46234061298243895,0.5117338475162831,0.4870372302493611,0.20833333333333334,0.3055555555555556,0.20833333333333334,0.3055555555555556,0.06451612903225808,0.01587923659927935,0.16701550813550348,0.09144737236739141,0.0,0.0,0.2222222222222222,0.2222222222222222,84.0,0.0,0.03614457831325301,0.7394978365209052,21.0,0.0,0.0,0.32597648380593425,0.0,/media/mengh/SharedData/zhanh/auto_structbeat/caches/pilot/mscnn_final_last_gtzan/gtzan__gtzan_jazz_00000__track.npy.npz
mscnn_gtzan,no_safeguard,gtzan/gtzan_jazz_00001/track.npy,gtzan,0.33766233766233766,0.21846566990460392,0.31795401441370325,0.26820984215915356,0.020833333333333332,0.041666666666666664,0.12280701754385964,0.3333333333333333,0.4,0.22396636371259177,0.2740077510524127,0.24898705738250224,0.0,0.0,0.4,0.5333333333333333,59.0,0.0,0.0,0.689219698296113,16.0,0.0,0.0,0.5310482283831921,0.0,/media/mengh/SharedData/zhanh/auto_structbeat/caches/pilot/mscnn_final_last_gtzan/gtzan__gtzan_jazz_00001__track.npy.npz
mscnn_gtzan,no_safeguard,gtzan/gtzan_jazz_00002/track.npy,gtzan,0.5074626865671641,0.457254515717634,0.49093615361942544,0.4740953346685297,0.12195121951219512,0.12195121951219512,0.46153846153846156,0.46153846153846156,0.5,0.40059619179824946,0.40059619179824946,0.40059619179824946,0.7,0.7,0.7,0.7,36.0,0.0,0.0,0.5157052935025929,15.0,0.0,0.0,0.7146017061179032,0.0,/media/mengh/SharedData/zhanh/auto_structbeat/caches/pilot/mscnn_final_last_gtzan/gtzan__gtzan_jazz_00002__track.npy.npz
mscnn_gtzan,no_safeguard,gtzan/gtzan_jazz_00004/track.npy,gtzan,0.7058823529411765,0.5654417952660085,0.5654417952660085,0.5654417952660085,0.38461538461538464,0.6153846153846154,0.38461538461538464,0.6153846153846154,0.4615384615384615,0.4320015351408474,0.6240022174256684,0.5280018762832579,0.0,0.0,0.6,0.6,31.0,0.0,0.0,0.6868478377726895,6.0,0.0,0.0,0.3843623373922475,0.0,/media/mengh/SharedData/zhanh/auto_structbeat/caches/pilot/mscnn_final_last_gtzan/gtzan__gtzan_jazz_00004__track.npy.npz
mscnn_gtzan,no_safeguard,gtzan/gtzan_jazz_00005/track.npy,gtzan,0.6153846153846153,0.565966446858884,0.8391054617732819,0.702535954316083,0.023255813953488372,0.03488372093023256,0.6666666666666666,0.8505747126436781,0.2857142857142857,0.2706107063966856,0.33826338262096006,0.3044370445088228,0.0,0.0,0.0,0.0,106.0,0.0,0.0,0.23004586099382524,26.0,0.0,0.0,0.5979154396945479,0.0,/media/mengh/SharedData/zhanh/auto_structbeat/caches/pilot/mscnn_final_last_gtzan/gtzan__gtzan_jazz_00005__track.npy.npz
mscnn_gtzan,no_safeguard,gtzan/gtzan_jazz_00006/track.npy,gtzan,0.9908256880733944,0.8992772409949263,0.8992772409949263,0.8992772409949263,0.5636363636363636,0.9454545454545454,0.5636363636363636,0.9454545454545454,0.0,3.1539244244915506e-105,0.901163827719638,0.450581913859819,0.0,0.0,0.9285714285714286,0.9285714285714286,66.0,0.0,0.0,0.217747629230764,17.0,0.0,0.0,0.022223136784710072,0.0,/media/mengh/SharedData/zhanh/auto_structbeat/caches/pilot/mscnn_final_last_gtzan/gtzan__gtzan_jazz_00006__track.npy.npz
mscnn_gtzan,no_safeguard,gtzan/gtzan_jazz_00007/track.npy,gtzan,0.9411764705882353,0.7600333725783519,0.7600333725783519,0.7600333725783519,0.9615384615384616,0.9615384615384616,0.9615384615384616,0.9615384615384616,0.631578947368421,0.46024399482096995,0.8207345549886473,0.6404892749048087,0.0,0.0,0.9230769230769231,0.9230769230769231,30.0,0.0,0.0,0.04108911977516448,14.0,0.0,0.0,0.02061928720273585,0.0,/media/mengh/SharedData/zhanh/auto_structbeat/caches/pilot/mscnn_final_last_gtzan/gtzan__gtzan_jazz_00007__track.npy.npz
mscnn_gtzan,no_safeguard,gtzan/gtzan_jazz_00008/track.npy,gtzan,1.0,0.9089620817829307,0.9089620817829307,0.9089620817829307,1.0,1.0,1.0,1.0,1.0,0.9115163205789573,0.9115163205789573,0.9115163205789573,1.0,1.0,1.0,1.0,55.0,0.0,0.0,0.07251856725077432,14.0,0.0,0.0,0.040737268342669934,0.0,/media/mengh/SharedData/zhanh/auto_structbeat/caches/pilot/mscnn_final_last_gtzan/gtzan__gtzan_jazz_00008__track.npy.npz
mscnn_gtzan,no_safeguard,gtzan/gtzan_jazz_00011/track.npy,gtzan,1.0,0.917255520111321,0.917255520111321,0.917255520111321,0.4523809523809524,0.9642857142857143,0.4523809523809524,0.9642857142857143,1.0,0.9315181139496532,0.9315181139496532,0.9315181139496532,1.0,1.0,1.0,1.0,102.0,0.0,0.0,0.2084145741050513,25.0,0.0,0.0,0.06506532241149425,0.0,/media/mengh/SharedData/zhanh/auto_structbeat/caches/pilot/mscnn_final_last_gtzan/gtzan__gtzan_jazz_00011__track.npy.npz
mscnn_gtzan,no_safeguard,gtzan/gtzan_jazz_00012/track.npy,gtzan,1.0,0.8545891327982418,0.8545891327982418,0.8545891327982418,1.0,1.0,1.0,1.0,1.0,0.8502430937447055,0.8502430937447055,0.8502430937447055,1.0,1.0,1.0,1.0,57.0,0.0,0.0,0.07696104113612678,14.0,0.0,0.0,0.02730089666611131,0.0,/media/mengh/SharedData/zhanh/auto_structbeat/caches/pilot/mscnn_final_last_gtzan/gtzan__gtzan_jazz_00012__track.npy.npz
mscnn_gtzan,no_safeguard,gtzan/gtzan_jazz_00013/track.npy,gtzan,0.527027027027027,0.42449054983202195,0.6988265998132271,0.5616585748226246,0.022988505747126436,0.12643678160919541,0.04597701149425287,0.256198347107438,0.10000000000000002,0.08907569255477912,0.18927747353130409,0.1391765830430416,0.0,0.0,0.1,0.2,106.0,0.0,0.14285714285714285,0.6931471805599534,23.0,0.0,0.0,0.9458495341156978,0.0,/media/mengh/SharedData/zhanh/auto_structbeat/caches/pilot/mscnn_final_last_gtzan/gtzan__gtzan_jazz_00013__track.npy.npz
mscnn_gtzan,no_safeguard,gtzan/gtzan_jazz_00015/track.npy,gtzan,0.5379310344827587,0.45621230834162296,0.5914529345139469,0.5238326214277849,0.0,0.0,0.1134020618556701,0.4742268041237113,0.24390243902439027,0.20868496002365178,0.2592752533627189,0.23398010669318534,0.0,0.0,0.04,0.04,118.0,0.0,0.042735042735042736,0.4054651081081441,30.0,0.0,0.0,0.0916502662201915,0.0,/media/mengh/SharedData/zhanh/auto_structbeat/caches/pilot/mscnn_final_last_gtzan/gtzan__gtzan_jazz_00015__track.npy.npz
mscnn_gtzan,no_safeguard,gtzan/gtzan_jazz_00016/track.npy,gtzan,0.8421052631578947,0.6303802229958921,0.6303802229958921,0.6303802229958921,0.7931034482758621,0.9310344827586207,0.7931034482758621,0.9310344827586207,0.5,0.4312885053241276,0.6194398768398407,0.5253641910819842,0.0,0.0,0.8,0.8,34.0,0.0,0.0,0.6073779941983896,15.0,0.0,0.0,0.0525968096468586,0.0,/media/mengh/SharedData/zhanh/auto_structbeat/caches/pilot/mscnn_final_last_gtzan/gtzan__gtzan_jazz_00016__track.npy.npz
mscnn_gtzan,no_safeguard,gtzan/gtzan_jazz_00017/track.npy,gtzan,0.9101123595505618,0.7452773649718016,0.7452773649718016,0.7452773649718016,0.38202247191011235,0.7752808988764045,0.38202247191011235,0.7752808988764045,0.7272727272727273,0.5806934198828961,0.5806934198828961,0.5806934198828961,0.4090909090909091,0.6818181818181818,0.4090909090909091,0.6818181818181818,106.0,0.0,0.05714285714285714,0.2876820724517797,25.0,0.0,0.0,0.30091611084238956,0.0,/media/mengh/SharedData/zhanh/auto_structbeat/caches/pilot/mscnn_final_last_gtzan/gtzan__gtzan_jazz_00017__track.npy.npz
mscnn_gtzan,no_safeguard,gtzan/gtzan_jazz_00019/track.npy,gtzan,0.2727272727272727,0.15008277874174764,0.2346459978210009,0.19236438828137425,0.02631578947368421,0.02631578947368421,0.05405405405405406,0.10810810810810811,0.5185185185185186,0.30973136005187557,0.30973136005187557,0.30973136005187557,0.42857142857142855,0.42857142857142855,0.42857142857142855,0.42857142857142855,40.0,0.0,0.0,0.7753972710008203,20.0,0.0,0.0,0.6410965787076058,0.0,/media/mengh/SharedData/zhanh/auto_structbeat/caches/pilot/mscnn_final_last_gtzan/gtzan__gtzan_jazz_00019__track.npy.npz
mscnn_gtzan,no_safeguard,gtzan/gtzan_jazz_00021/track.npy,gtzan,0.55,0.47142848793951264,0.47685469269142045,0.47414159031546654,0.18840579710144928,0.30434782608695654,0.18840579710144928,0.30434782608695654,0.21276595744680854,0.1900384164208677,0.27280195120972045,0.23142018381529406,0.0,0.0,0.20588235294117646,0.23529411764705882,80.0,0.0,0.0379746835443038,0.4212691854568362,39.0,0.0,0.0,0.451721112719084,0.0,/media/mengh/SharedData/zhanh/auto_structbeat/caches/pilot/mscnn_final_last_gtzan/gtzan__gtzan_jazz_00021__track.npy.npz
mscnn_gtzan,no_safeguard,gtzan/gtzan_jazz_00022/track.npy,gtzan,0.5750000000000001,0.4384976700344379,0.6608954377281785,0.5496965538813082,0.0,0.0,0.6296296296296297,0.7777777777777778,0.21052631578947367,0.09793272807070681,0.2618169564639573,0.17987484226733205,0.0,0.0,0.0,0.0,41.0,0.0,0.025,0.8264293705982383,9.0,0.0,0.0,0.5763463634729247,0.0,/media/mengh/SharedData/zhanh/auto_structbeat/caches/pilot/mscnn_final_last_gtzan/gtzan__gtzan_jazz_00022__track.npy.npz
mscnn_gtzan,no_safeguard,gtzan/gtzan_jazz_00023/track.npy,gtzan,0.8219178082191781,0.6789647020085408,0.6789647020085408,0.6789647020085408,0.5945945945945946,0.7027027027027027,0.5945945945945946,0.7027027027027027,0.7777777777777778,0.5989484472827104,0.5989484472827104,0.5989484472827104,0.6666666666666666,0.6666666666666666,0.6666666666666666,0.6666666666666666,45.0,0.0,0.0,0.657257339724135,11.0,0.0,0.0,0.3221330036407172,0.0,/media/mengh/SharedData/zhanh/auto_structbeat/caches/pilot/mscnn_final_last_gtzan/gtzan__gtzan_jazz_00023__track.npy.npz
mscnn_gtzan,no_safeguard,gtzan/gtzan_jazz_00024/track.npy,gtzan,0.8444444444444444,0.6315786999703008,0.6315786999703008,0.6315786999703008,0.4666666666666667,0.9111111111111111,0.4666666666666667,0.9111111111111111,0.8181818181818182,0.5693591678198786,0.5693591678198786,0.5693591678198786,1.0,1.0,1.0,1.0,56.0,0.0,0.0,0.2768745082331244,14.0,0.0,0.0,0.2015789740644452,0.0,/media/mengh/SharedData/zhanh/auto_structbeat/caches/pilot/mscnn_final_last_gtzan/gtzan__gtzan_jazz_00024__track.npy.npz
mscnn_gtzan,no_safeguard,gtzan/gtzan_jazz_00025/track.npy,gtzan,1.0,0.912455366410459,0.912455366410459,0.912455366410459,1.0,1.0,1.0,1.0,0.6511627906976744,0.5933205346057935,0.5933205346057935,0.5933205346057935,0.6363636363636364,0.6363636363636364,0.6363636363636364,0.6363636363636364,102.0,0.0,0.0,0.13353139262452585,25.0,0.0,0.0,0.2536711243280323,0.0,/media/mengh/SharedData/zhanh/auto_structbeat/caches/pilot/mscnn_final_last_gtzan/gtzan__gtzan_jazz_00025__track.npy.npz
mscnn_gtzan,no_safeguard,gtzan/gtzan_jazz_00026/track.npy,gtzan,0.27692307692307694,0.2104768877244313,0.24709881093170522,0.22878784932806825,0.025,0.025,0.04,0.08,0.125,0.09611635898556586,0.1615009004706815,0.12880862972812368,0.0,0.0,0.5,0.5,25.0,0.0,0.0,1.0165000457470295,6.0,0.0,0.0,0.4206457625193556,0.0,/media/mengh/SharedData/zhanh/auto_structbeat/caches/pilot/mscnn_final_last_gtzan/gtzan__gtzan_jazz_00026__track.npy.npz
mscnn_gtzan,no_safeguard,gtzan/gtzan_jazz_00027/track.npy,gtzan,0.7913669064748202,0.7228698422991335,0.7228698422991335,0.7228698422991335,0.189873417721519,0.45569620253164556,0.189873417721519,0.45569620253164556,0.1951219512195122,0.1901527617034191,0.3187952318534672,0.2544739967784432,0.0,0.0,0.2413793103448276,0.2413793103448276,92.0,0.0,0.08791208791208792,0.6931471805599511,32.0,0.0,0.0,0.6466271649250535,0.0,/media/mengh/SharedData/zhanh/auto_structbeat/caches/pilot/mscnn_final_last_gtzan/gtzan__gtzan_jazz_00027__track.npy.npz
mscnn_gtzan,no_safeguard,gtzan/gtzan_jazz_00028/track.npy,gtzan,0.9940119760479043,0.8805829922334379,0.8805829922334379,0.8805829922334379,0.8809523809523809,0.9761904761904762,0.8809523809523809,0.9761904761904762,0.7924528301886793,0.7155072437181927,0.780194795640743,0.7478510196794679,0.34375,0.34375,0.4878048780487805,0.4878048780487805,101.0,0.0,0.0,0.14310084364067382,36.0,0.0,0.0,0.08046930947500035,0.0,/media/mengh/SharedData/zhanh/auto_structbeat/caches/pilot/mscnn_final_last_gtzan/gtzan__gtzan_jazz_00028__track.npy.npz
mscnn_gtzan,no_safeguard,gtzan/gtzan_jazz_00029/track.npy,gtzan,0.5058823529411764,0.39526217177156825,0.47214059649929674,0.43370138413543247,0.16129032258064516,0.24731182795698925,0.16129032258064516,0.24731182795698925,0.23809523809523808,0.20850133636148205,0.20850133636148205,0.20850133636148205,0.30434782608695654,0.30434782608695654,0.30434782608695654,0.30434782608695654,96.0,0.0,0.010526315789473684,0.6365897855166843,23.0,0.0,0.0,0.23440070583884196,0.0,/media/mengh/SharedData/zhanh/auto_structbeat/caches/pilot/mscnn_final_last_gtzan/gtzan__gtzan_jazz_00029__track.npy.npz
mscnn_gtzan,no_safeguard,gtzan/gtzan_jazz_00030/track.npy,gtzan,0.0,0.0,0.0,0.0,0.0,0.0,0.0,0.0,0.0,0.0,0.0,0.0,0.0,0.0,0.0,0.0,6.0,0.0,0.0,0.05791487070678942,3.0,0.0,0.0,0.05348868495098624,0.0,/media/mengh/SharedData/zhanh/auto_structbeat/caches/pilot/mscnn_final_last_gtzan/gtzan__gtzan_jazz_00030__track.npy.npz
mscnn_gtzan,no_safeguard,gtzan/gtzan_jazz_00031/track.npy,gtzan,0.6940639269406392,0.5821015950006844,0.5821015950006844,0.5821015950006844,0.058823529411764705,0.10294117647058823,0.1686746987951807,0.3373493975903614,0.36842105263157887,0.28116819350387656,0.3439191698384453,0.3125436816711609,0.16666666666666666,0.19047619047619047,0.16666666666666666,0.19047619047619047,97.0,0.0,0.11458333333333333,0.5477757752141523,49.0,0.0,0.0,0.371678348685359,0.0,/media/mengh/SharedData/zhanh/auto_structbeat/caches/pilot/mscnn_final_last_gtzan/gtzan__gtzan_jazz_00031__track.npy.npz
mscnn_gtzan,no_safeguard,gtzan/gtzan_jazz_00032/track.npy,gtzan,0.78,0.6718349567060138,0.6718349567060138,0.6718349567060138,0.48148148148148145,0.6481481481481481,0.48148148148148145,0.6481481481481481,0.4666666666666667,0.42025284147590913,0.5509758953196412,0.48561436839777516,0.0,0.0,0.48,0.48,57.0,0.0,0.0,0.4404419612696684,23.0,0.0,0.0,0.4978384282391807,0.0,/media/mengh/SharedData/zhanh/auto_structbeat/caches/pilot/mscnn_final_last_gtzan/gtzan__gtzan_jazz_00032__track.npy.npz
mscnn_gtzan,no_safeguard,gtzan/gtzan_jazz_00033/track.npy,gtzan,1.0,0.9013117887249775,0.9013117887249775,0.9013117887249775,1.0,1.0,1.0,1.0,1.0,0.9206728998451735,0.9206728998451735,0.9206728998451735,1.0,1.0,1.0,1.0,48.0,0.0,0.0,0.031748698314585266,12.0,0.0,0.0,0.012316018378089363,0.0,/media/mengh/SharedData/zhanh/auto_structbeat/caches/pilot/mscnn_final_last_gtzan/gtzan__gtzan_jazz_00033__track.npy.npz
mscnn_gtzan,no_safeguard,gtzan/gtzan_jazz_00034/track.npy,gtzan,0.9937888198757764,0.9527844497628586,0.9527844497628586,0.9527844497628586,0.9876543209876543,0.9876543209876543,0.9876543209876543,0.9876543209876543,1.0,0.9589860871979875,0.9589860871979875,0.9589860871979875,1.0,1.0,1.0,1.0,98.0,0.0,0.0,0.19415601444095704,25.0,0.0,0.0,0.01626052087178028,0.0,/media/mengh/SharedData/zhanh/auto_structbeat/caches/pilot/mscnn_final_last_gtzan/gtzan__gtzan_jazz_00034__track.npy.npz
mscnn_gtzan,no_safeguard,gtzan/gtzan_jazz_00035/track.npy,gtzan,1.0,0.7459774474076822,0.7459774474076822,0.7459774474076822,1.0,1.0,1.0,1.0,0.0,1.4616123785724175e-97,1.5590795815391042e-84,7.795397907696251e-85,0.0,0.0,0.0,0.0,35.0,0.0,0.0,0.04762804898925363,8.0,0.0,0.0,0.032355960913316606,0.0,/media/mengh/SharedData/zhanh/auto_structbeat/caches/pilot/mscnn_final_last_gtzan/gtzan__gtzan_jazz_00035__track.npy.npz
mscnn_gtzan,no_safeguard,gtzan/gtzan_jazz_00036/track.npy,gtzan,0.27096774193548384,0.1619270668720417,0.2136875020822181,0.1878072844771299,0.019417475728155338,0.019417475728155338,0.019417475728155338,0.04854368932038835,0.0,0.000944097302733561,0.0022920302636094667,0.0016180637831715138,0.0,0.0,0.44,0.72,120.0,0.0,0.06722689075630252,0.543728754392927,29.0,0.0,0.0,0.4685339478317341,0.0,/media/mengh/SharedData/zhanh/auto_structbeat/caches/pilot/mscnn_final_last_gtzan/gtzan__gtzan_jazz_00036__track.npy.npz
mscnn_gtzan,no_safeguard,gtzan/gtzan_jazz_00037/track.npy,gtzan,1.0,0.9405164308290516,0.9405164308290516,0.9405164308290516,1.0,1.0,1.0,1.0,1.0,0.955428944338587,0.955428944338587,0.955428944338587,1.0,1.0,1.0,1.0,49.0,0.0,0.0,0.032789822822996084,12.0,0.0,0.0,0.020738195312029202,0.0,/media/mengh/SharedData/zhanh/auto_structbeat/caches/pilot/mscnn_final_last_gtzan/gtzan__gtzan_jazz_00037__track.npy.npz
mscnn_gtzan,no_safeguard,gtzan/gtzan_jazz_00038/track.npy,gtzan,0.959349593495935,0.8096780013751413,0.8096780013751413,0.8096780013751413,0.8709677419354839,0.9516129032258065,0.8709677419354839,0.9516129032258065,0.9655172413793104,0.7925434873025429,0.7925434873025429,0.7925434873025429,0.9333333333333333,0.9333333333333333,0.9333333333333333,0.9333333333333333,68.0,0.0,0.0,0.23400951739027906,16.0,0.0,0.0,0.2541797496816779,0.0,/media/mengh/SharedData/zhanh/auto_structbeat/caches/pilot/mscnn_final_last_gtzan/gtzan__gtzan_jazz_00038__track.npy.npz
mscnn_gtzan,no_safeguard,gtzan/gtzan_jazz_00039/track.npy,gtzan,0.993939393939394,0.9671474583294696,0.9671474583294696,0.9671474583294696,0.9879518072289156,0.9879518072289156,0.9879518072289156,0.9879518072289156,0.975609756097561,0.9508610717512619,0.9508610717512619,0.9508610717512619,0.9523809523809523,0.9523809523809523,0.9523809523809523,0.9523809523809523,100.0,0.0,0.0,0.06453852113757642,25.0,0.0,0.0,0.0167793366798641,0.0,/media/mengh/SharedData/zhanh/auto_structbeat/caches/pilot/mscnn_final_last_gtzan/gtzan__gtzan_jazz_00039__track.npy.npz
mscnn_gtzan,no_safeguard,gtzan/gtzan_jazz_00040/track.npy,gtzan,1.0,0.8092174170509794,0.8092174170509794,0.8092174170509794,1.0,1.0,1.0,1.0,1.0,0.8013191708515789,0.8013191708515789,0.8013191708515789,1.0,1.0,1.0,1.0,50.0,0.0,0.0,0.06669137449867218,12.0,0.0,0.0,0.016807118316381965,0.0,/media/mengh/SharedData/zhanh/auto_structbeat/caches/pilot/mscnn_final_last_gtzan/gtzan__gtzan_jazz_00040__track.npy.npz
mscnn_gtzan,no_safeguard,gtzan/gtzan_jazz_00041/track.npy,gtzan,1.0,0.9435741463398426,0.9435741463398426,0.9435741463398426,1.0,1.0,1.0,1.0,0.0,2.1121196107740534e-13,3.99648736131232e-13,3.0543034860431865e-13,0.0,0.0,0.0,0.0,95.0,0.0,0.0,0.12516314295400344,23.0,0.0,0.0,0.01574835696814164,0.0,/media/mengh/SharedData/zhanh/auto_structbeat/caches/pilot/mscnn_final_last_gtzan/gtzan__gtzan_jazz_00041__track.npy.npz
mscnn_gtzan,no_safeguard,gtzan/gtzan_jazz_00042/track.npy,gtzan,1.0,0.7927353599154762,0.7927353599154762,0.7927353599154762,1.0,1.0,1.0,1.0,0.6363636363636364,0.5931214195593262,0.8370600768226714,0.7150907481909987,0.0,0.0,0.8666666666666667,0.8666666666666667,37.0,0.0,0.0,0.05780306649563818,18.0,0.0,0.0,0.0398080208843955,0.0,/media/mengh/SharedData/zhanh/auto_structbeat/caches/pilot/mscnn_final_last_gtzan/gtzan__gtzan_jazz_00042__track.npy.npz
mscnn_gtzan,no_safeguard,gtzan/gtzan_jazz_00043/track.npy,gtzan,0.9105691056910569,0.7757268917885465,0.7757268917885465,0.7757268917885465,0.59375,0.8125,0.59375,0.8125,0.967741935483871,0.8420011890999255,0.8420011890999255,0.8420011890999255,0.875,0.875,0.875,0.875,72.0,0.0,0.0,0.19634373904740665,18.0,0.0,0.0,0.1984483042757958,0.0,/media/mengh/SharedData/zhanh/auto_structbeat/caches/pilot/mscnn_final_last_gtzan/gtzan__gtzan_jazz_00043__track.npy.npz
mscnn_gtzan,no_safeguard,gtzan/gtzan_jazz_00044/track.npy,gtzan,1.0,0.9166128109539149,0.9166128109539149,0.9166128109539149,1.0,1.0,1.0,1.0,1.0,0.9259354632789851,0.9259354632789851,0.9259354632789851,1.0,1.0,1.0,1.0,52.0,0.0,0.0,0.06899287148694719,13.0,0.0,0.0,0.02608892939864227,0.0,/media/mengh/SharedData/zhanh/auto_structbeat/caches/pilot/mscnn_final_last_gtzan/gtzan__gtzan_jazz_00044__track.npy.npz
mscnn_gtzan,no_safeguard,gtzan/gtzan_jazz_00045/track.npy,gtzan,0.9180327868852459,0.8318109013716215,0.8318109013716215,0.8318109013716215,0.967741935483871,0.967741935483871,0.967741935483871,0.967741935483871,0.875,0.8339178545118896,0.8339178545118896,0.8339178545118896,1.0,1.0,1.0,1.0,37.0,0.0,0.0,0.058137697717403826,9.0,0.0,0.0,0.014792608913005347,0.0,/media/mengh/SharedData/zhanh/auto_structbeat/caches/pilot/mscnn_final_last_gtzan/gtzan__gtzan_jazz_00045__track.npy.npz
mscnn_gtzan,no_safeguard,gtzan/gtzan_jazz_00046/track.npy,gtzan,1.0,0.9576337787910967,0.9576337787910967,0.9576337787910967,1.0,1.0,1.0,1.0,1.0,0.9555079750311882,0.9555079750311882,0.9555079750311882,1.0,1.0,1.0,1.0,108.0,0.0,0.0,0.14310084364067355,27.0,0.0,0.0,0.03623773185711623,0.0,/media/mengh/SharedData/zhanh/auto_structbeat/caches/pilot/mscnn_final_last_gtzan/gtzan__gtzan_jazz_00046__track.npy.npz
mscnn_gtzan,no_safeguard,gtzan/gtzan_jazz_00047/track.npy,gtzan,0.9883720930232558,0.8886398813272307,0.8886398813272307,0.8886398813272307,0.8160919540229885,0.9080459770114943,0.8160919540229885,0.9080459770114943,0.9767441860465117,0.8888909743253463,0.8888909743253463,0.8888909743253463,0.9545454545454546,0.9545454545454546,0.9545454545454546,0.9545454545454546,93.0,0.0,0.0,0.40546510810816416,23.0,0.0,0.0,0.15048095093829572,0.0,/media/mengh/SharedData/zhanh/auto_structbeat/caches/pilot/mscnn_final_last_gtzan/gtzan__gtzan_jazz_00047__track.npy.npz
mscnn_gtzan,no_safeguard,gtzan/gtzan_jazz_00048/track.npy,gtzan,1.0,0.8587717174439408,0.8587717174439408,0.8587717174439408,1.0,1.0,1.0,1.0,0.962962962962963,0.8516450869534258,0.8516450869534258,0.8516450869534258,0.9285714285714286,0.9285714285714286,0.9285714285714286,0.9285714285714286,65.0,0.0,0.0,0.044451762570840825,16.0,0.0,0.0,0.03710705165577768,0.0,/media/mengh/SharedData/zhanh/auto_structbeat/caches/pilot/mscnn_final_last_gtzan/gtzan__gtzan_jazz_00048__track.npy.npz
mscnn_gtzan,no_safeguard,gtzan/gtzan_jazz_00049/track.npy,gtzan,0.5306122448979592,0.44622931965748874,0.45853963523174895,0.45238447744461885,0.0967741935483871,0.1935483870967742,0.34285714285714286,0.45714285714285713,0.3076923076923077,0.277533071388886,0.3028136211994435,0.29017334629416475,0.125,0.125,0.4444444444444444,0.4444444444444444,37.0,0.0,0.0,0.6482588562596803,10.0,0.0,0.0,0.7670257375670844,0.0,/media/mengh/SharedData/zhanh/auto_structbeat/caches/pilot/mscnn_final_last_gtzan/gtzan__gtzan_jazz_00049__track.npy.npz
mscnn_gtzan,no_safeguard,gtzan/gtzan_jazz_00050/track.npy,gtzan,1.0,0.90238432097694,0.90238432097694,0.90238432097694,0.6666666666666666,0.9696969696969697,0.6666666666666666,0.9696969696969697,0.6666666666666666,0.5913281227947929,0.8869921841921893,0.7391601534934911,0.0,0.0,1.0,1.0,79.0,0.0,0.0,0.11511854849171761,13.0,0.0,0.0,0.03042055770211849,0.0,/media/mengh/SharedData/zhanh/auto_structbeat/caches/pilot/mscnn_final_last_gtzan/gtzan__gtzan_jazz_00050__track.npy.npz
mscnn_gtzan,no_safeguard,gtzan/gtzan_jazz_00051/track.npy,gtzan,1.0,0.9086214343584731,0.9086214343584731,0.9086214343584731,1.0,1.0,1.0,1.0,1.0,0.9206728998451735,0.9206728998451735,0.9206728998451735,1.0,1.0,1.0,1.0,48.0,0.0,0.0,0.031748698314585266,12.0,0.0,0.0,0.012316018378089363,0.0,/media/mengh/SharedData/zhanh/auto_structbeat/caches/pilot/mscnn_final_last_gtzan/gtzan__gtzan_jazz_00051__track.npy.npz
mscnn_gtzan,no_safeguard,gtzan/gtzan_jazz_00052/track.npy,gtzan,0.8705882352941177,0.7627023380972497,0.7627023380972497,0.7627023380972497,0.4090909090909091,0.7954545454545454,0.4090909090909091,0.7954545454545454,0.3529411764705882,0.31148215330616447,0.4412663838503997,0.37637426857828205,0.0,0.0,1.0,1.0,49.0,0.0,0.0,0.6751286750572696,7.0,0.0,0.0,0.2563977816512655,0.0,/media/mengh/SharedData/zhanh/auto_structbeat/caches/pilot/mscnn_final_last_gtzan/gtzan__gtzan_jazz_00052__track.npy.npz
mscnn_gtzan,no_safeguard,gtzan/gtzan_jazz_00053/track.npy,gtzan,0.9937888198757764,0.9393476374588023,0.9393476374588023,0.9393476374588023,0.9876543209876543,0.9876543209876543,0.9876543209876543,0.9876543209876543,0.9743589743589743,0.9244862201847175,0.9244862201847175,0.9244862201847175,0.95,0.95,0.95,0.95,98.0,0.0,0.0,0.19415601444096575,24.0,0.0,0.0,0.03276337479275187,0.0,/media/mengh/SharedData/zhanh/auto_structbeat/caches/pilot/mscnn_final_last_gtzan/gtzan__gtzan_jazz_00053__track.npy.npz
mscnn_gtzan,no_safeguard,gtzan/gtzan_jazz_00054/track.npy,gtzan,0.6067415730337078,0.5365207389406992,0.555619221291032,0.5460699801158656,0.24444444444444444,0.26666666666666666,0.24444444444444444,0.26666666666666666,0.6086956521739131,0.5584081899085385,0.6009444280934763,0.5796763090010073,0.25,0.25,0.2857142857142857,0.2857142857142857,55.0,0.0,0.0,0.47224967278178986,15.0,0.0,0.0,0.7845083699573767,0.0,/media/mengh/SharedData/zhanh/auto_structbeat/caches/pilot/mscnn_final_last_gtzan/gtzan__gtzan_jazz_00054__track.npy.npz
mscnn_gtzan,no_safeguard,gtzan/gtzan_jazz_00055/track.npy,gtzan,1.0,0.765578664421672,0.765578664421672,0.765578664421672,1.0,1.0,1.0,1.0,0.923076923076923,0.6613437727106598,0.6613437727106598,0.6613437727106598,0.8571428571428571,0.8571428571428571,0.8571428571428571,0.8571428571428571,35.0,0.0,0.0,0.04762804898925363,8.0,0.0,0.0,0.032355960913316606,0.0,/media/mengh/SharedData/zhanh/auto_structbeat/caches/pilot/mscnn_final_last_gtzan/gtzan__gtzan_jazz_00055__track.npy.npz
mscnn_gtzan,no_safeguard,gtzan/gtzan_jazz_00056/track.npy,gtzan,0.6322580645161291,0.5525143234640035,0.8315763955299803,0.692045359496992,0.0,0.0,0.47572815533980584,0.8058252427184466,0.5789473684210525,0.537507320454374,0.820997255805766,0.67925228813007,0.0,0.0,0.96,0.96,123.0,0.0,0.06557377049180328,0.4054651081081644,30.0,0.0,0.0,0.16710176761504628,0.0,/media/mengh/SharedData/zhanh/auto_structbeat/caches/pilot/mscnn_final_last_gtzan/gtzan__gtzan_jazz_00056__track.npy.npz
mscnn_gtzan,no_safeguard,gtzan/gtzan_jazz_00057/track.npy,gtzan,0.8181818181818181,0.725800185815327,0.7472362221241657,0.7365182039697464,0.358974358974359,0.358974358974359,0.358974358974359,0.48148148148148145,0.41666666666666663,0.3526296775288363,0.3526296775288363,0.3526296775288363,0.2857142857142857,0.2857142857142857,0.2857142857142857,0.2857142857142857,31.0,0.0,0.0,0.41209091961668265,16.0,0.0,0.0,0.39755712966349277,0.0,/media/mengh/SharedData/zhanh/auto_structbeat/caches/pilot/mscnn_final_last_gtzan/gtzan__gtzan_jazz_00057__track.npy.npz
mscnn_gtzan,no_safeguard,gtzan/gtzan_jazz_00058/track.npy,gtzan,0.6624203821656051,0.6184775103072049,0.8775694086374574,0.7480234594723312,0.0,0.0,0.29523809523809524,0.8285714285714286,0.6666666666666666,0.6175370389806493,0.9041059143199408,0.760821476650295,0.0,0.0,0.9615384615384616,0.9615384615384616,126.0,0.0,0.096,0.33647223662121706,31.0,0.0,0.0,0.0954622209186733,0.0,/media/mengh/SharedData/zhanh/auto_structbeat/caches/pilot/mscnn_final_last_gtzan/gtzan__gtzan_jazz_00058__track.npy.npz
mscnn_gtzan,no_safeguard,gtzan/gtzan_jazz_00059/track.npy,gtzan,0.7951807228915663,0.7252918513318226,0.7252918513318226,0.7252918513318226,0.5333333333333333,0.5777777777777777,0.5333333333333333,0.5777777777777777,0.5454545454545454,0.505505944444725,0.505505944444725,0.505505944444725,0.5,0.5,0.5,0.5,47.0,0.0,0.0,0.5596157879354224,12.0,0.0,0.0,0.48594677452602425,0.0,/media/mengh/SharedData/zhanh/auto_structbeat/caches/pilot/mscnn_final_last_gtzan/gtzan__gtzan_jazz_00059__track.npy.npz
mscnn_gtzan,no_safeguard,gtzan/gtzan_jazz_00060/track.npy,gtzan,1.0,0.9364605684667121,0.9364605684667121,0.9364605684667121,1.0,1.0,1.0,1.0,1.0,0.955428944338587,0.955428944338587,0.955428944338587,1.0,1.0,1.0,1.0,49.0,0.0,0.0,0.032789822822996084,12.0,0.0,0.0,0.020738195312029202,0.0,/media/mengh/SharedData/zhanh/auto_structbeat/caches/pilot/mscnn_final_last_gtzan/gtzan__gtzan_jazz_00060__track.npy.npz
mscnn_gtzan,no_safeguard,gtzan/gtzan_jazz_00061/track.npy,gtzan,0.9130434782608695,0.798079121984549,0.798079121984549,0.798079121984549,0.33783783783783783,0.6621621621621622,0.33783783783783783,0.6621621621621622,0.38888888888888895,0.3769567859735358,0.5654351789602393,0.47119598246688754,0.0,0.0,0.4166666666666667,0.4166666666666667,78.0,0.0,0.0,0.23638877806423597,14.0,0.0,0.0,0.4514753470323621,0.0,/media/mengh/SharedData/zhanh/auto_structbeat/caches/pilot/mscnn_final_last_gtzan/gtzan__gtzan_jazz_00061__track.npy.npz
mscnn_gtzan,no_safeguard,gtzan/gtzan_jazz_00062/track.npy,gtzan,0.967741935483871,0.8324124616253553,0.8324124616253553,0.8324124616253553,0.967741935483871,0.9838709677419355,0.967741935483871,0.9838709677419355,1.0,0.858904808615152,0.858904808615152,0.858904808615152,1.0,1.0,1.0,1.0,72.0,0.0,0.0,0.20418515784041202,18.0,0.0,0.0,0.13134412568312023,0.0,/media/mengh/SharedData/zhanh/auto_structbeat/caches/pilot/mscnn_final_last_gtzan/gtzan__gtzan_jazz_00062__track.npy.npz
mscnn_gtzan,no_safeguard,gtzan/gtzan_jazz_00063/track.npy,gtzan,0.975609756097561,0.8664062449637491,0.8664062449637491,0.8664062449637491,0.24271844660194175,0.8349514563106796,0.24271844660194175,0.8349514563106796,0.9803921568627451,0.8853899137550227,0.8853899137550227,0.8853899137550227,0.9615384615384616,0.9615384615384616,0.9615384615384616,0.9615384615384616,123.0,0.0,0.04918032786885246,0.4054651081081406,31.0,0.0,0.0,0.11661365893234625,0.0,/media/mengh/SharedData/zhanh/auto_structbeat/caches/pilot/mscnn_final_last_gtzan/gtzan__gtzan_jazz_00063__track.npy.npz
mscnn_gtzan,no_safeguard,gtzan/gtzan_jazz_00064/track.npy,gtzan,0.9940828402366864,0.9356962534407489,0.9356962534407489,0.9356962534407489,0.6352941176470588,0.9764705882352941,0.6352941176470588,0.9764705882352941,1.0,0.9487729524718587,0.9487729524718587,0.9487729524718587,1.0,1.0,1.0,1.0,101.0,0.0,0.0,0.20763936477824618,25.0,0.0,0.0,0.03442771363162288,0.0,/media/mengh/SharedData/zhanh/auto_structbeat/caches/pilot/mscnn_final_last_gtzan/gtzan__gtzan_jazz_00064__track.npy.npz
mscnn_gtzan,no_safeguard,gtzan/gtzan_jazz_00065/track.npy,gtzan,0.993939393939394,0.9643446495413331,0.9643446495413331,0.9643446495413331,0.9879518072289156,0.9879518072289156,0.9879518072289156,0.9879518072289156,0.975609756097561,0.9508610717512619,0.9508610717512619,0.9508610717512619,0.9523809523809523,0.9523809523809523,0.9523809523809523,0.9523809523809523,100.0,0.0,0.0,0.06453852113757642,25.0,0.0,0.0,0.0167793366798641,0.0,/media/mengh/SharedData/zhanh/auto_structbeat/caches/pilot/mscnn_final_last_gtzan/gtzan__gtzan_jazz_00065__track.npy.npz
mscnn_gtzan,no_safeguard,gtzan/gtzan_jazz_00066/track.npy,gtzan,0.32203389830508483,0.2818468252073182,0.36376375399510696,0.3228052896012126,0.0,0.0,0.046511627906976744,0.046511627906976744,0.7878787878787877,0.7231328566516453,0.7231328566516453,0.7231328566516453,0.3888888888888889,0.6666666666666666,0.3888888888888889,0.6666666666666666,50.0,0.0,0.0,0.7245138507344245,16.0,0.0,0.0,0.9383902157283098,0.0,/media/mengh/SharedData/zhanh/auto_structbeat/caches/pilot/mscnn_final_last_gtzan/gtzan__gtzan_jazz_00066__track.npy.npz
mscnn_gtzan,no_safeguard,gtzan/gtzan_jazz_00067/track.npy,gtzan,1.0,0.8118553769063704,0.8118553769063704,0.8118553769063704,1.0,1.0,1.0,1.0,1.0,0.8013191708515789,0.8013191708515789,0.8013191708515789,1.0,1.0,1.0,1.0,50.0,0.0,0.0,0.06669137449867218,12.0,0.0,0.0,0.016807118316381965,0.0,/media/mengh/SharedData/zhanh/auto_structbeat/caches/pilot/mscnn_final_last_gtzan/gtzan__gtzan_jazz_00067__track.npy.npz
mscnn_gtzan,no_safeguard,gtzan/gtzan_jazz_00068/track.npy,gtzan,1.0,0.8368292337840081,0.8368292337840081,0.8368292337840081,1.0,1.0,1.0,1.0,0.6363636363636364,0.6003949846909195,0.8415005640610614,0.7209477743759904,0.0,0.0,0.8666666666666667,0.8666666666666667,37.0,0.0,0.0,0.06503233196935612,18.0,0.0,0.0,0.036813973122715726,0.0,/media/mengh/SharedData/zhanh/auto_structbeat/caches/pilot/mscnn_final_last_gtzan/gtzan__gtzan_jazz_00068__track.npy.npz
mscnn_gtzan,no_safeguard,gtzan/gtzan_jazz_00069/track.npy,gtzan,0.96875,0.8382702464887348,0.8382702464887348,0.8382702464887348,0.875,0.953125,0.875,0.953125,1.0,0.8554986786493491,0.8554986786493491,0.8554986786493491,1.0,1.0,1.0,1.0,77.0,0.0,0.0,0.051293294387558364,19.0,0.0,0.0,0.028143183747151284,0.0,/media/mengh/SharedData/zhanh/auto_structbeat/caches/pilot/mscnn_final_last_gtzan/gtzan__gtzan_jazz_00069__track.npy.npz
mscnn_gtzan,no_safeguard,gtzan/gtzan_jazz_00070/track.npy,gtzan,0.9268292682926829,0.8328028940007497,0.8328028940007497,0.8328028940007497,0.4772727272727273,0.7272727272727273,0.4772727272727273,0.7272727272727273,0.28571428571428564,0.27381874277460044,0.5202074732708267,0.3970131080227136,0.18181818181818182,0.18181818181818182,0.5,0.5,46.0,0.0,0.0,0.09990536903218758,12.0,0.0,0.0,0.5608770071058559,0.0,/media/mengh/SharedData/zhanh/auto_structbeat/caches/pilot/mscnn_final_last_gtzan/gtzan__gtzan_jazz_00070__track.npy.npz
mscnn_gtzan,no_safeguard,gtzan/gtzan_jazz_00071/track.npy,gtzan,0.9180327868852459,0.8318109013716215,0.8318109013716215,0.8318109013716215,0.967741935483871,0.967741935483871,0.967741935483871,0.967741935483871,0.875,0.8339178545118896,0.8339178545118896,0.8339178545118896,1.0,1.0,1.0,1.0,37.0,0.0,0.0,0.058137697717403826,9.0,0.0,0.0,0.014792608913005347,0.0,/media/mengh/SharedData/zhanh/auto_structbeat/caches/pilot/mscnn_final_last_gtzan/gtzan__gtzan_jazz_00071__track.npy.npz
mscnn_gtzan,no_safeguard,gtzan/gtzan_jazz_00072/track.npy,gtzan,1.0,0.9597193361540743,0.9597193361540743,0.9597193361540743,1.0,1.0,1.0,1.0,1.0,0.9677800984261083,0.9677800984261083,0.9677800984261083,1.0,1.0,1.0,1.0,108.0,0.0,0.0,0.1431008436406747,27.0,0.0,0.0,0.035718082602079405,0.0,/media/mengh/SharedData/zhanh/auto_structbeat/caches/pilot/mscnn_final_last_gtzan/gtzan__gtzan_jazz_00072__track.npy.npz
mscnn_gtzan,no_safeguard,gtzan/gtzan_jazz_00073/track.npy,gtzan,0.9791666666666666,0.8498162380409308,0.8498162380409308,0.8498162380409308,0.2604166666666667,0.8541666666666666,0.2604166666666667,0.8541666666666666,0.0,2.4584159787657545e-29,0.8627674847023242,0.4313837423511621,0.0,0.0,1.0,1.0,115.0,0.0,0.017543859649122806,0.4174062933680353,28.0,0.0,0.0,0.07257663596979494,0.0,/media/mengh/SharedData/zhanh/auto_structbeat/caches/pilot/mscnn_final_last_gtzan/gtzan__gtzan_jazz_00073__track.npy.npz
mscnn_gtzan,no_safeguard,gtzan/gtzan_jazz_00074/track.npy,gtzan,0.8923076923076922,0.7696726401480323,0.7696726401480323,0.7696726401480323,0.7647058823529411,0.7647058823529411,0.7647058823529411,0.7647058823529411,0.5454545454545454,0.48846363865079656,0.7651838533524814,0.626823746001639,0.0,0.0,0.8,0.8,38.0,0.0,0.0,0.477681801591549,18.0,0.0,0.0,0.19695840000340856,0.0,/media/mengh/SharedData/zhanh/auto_structbeat/caches/pilot/mscnn_final_last_gtzan/gtzan__gtzan_jazz_00074__track.npy.npz
mscnn_gtzan,no_safeguard,gtzan/gtzan_jazz_00075/track.npy,gtzan,1.0,0.7951780364265908,0.7951780364265908,0.7951780364265908,0.3793103448275862,0.9310344827586207,0.3793103448275862,0.9310344827586207,1.0,0.7616574415361417,0.7616574415361417,0.7616574415361417,1.0,1.0,1.0,1.0,105.0,0.0,0.0,0.14310084364068332,25.0,0.0,0.0,0.0667556410661317,0.0,/media/mengh/SharedData/zhanh/auto_structbeat/caches/pilot/mscnn_final_last_gtzan/gtzan__gtzan_jazz_00075__track.npy.npz
mscnn_gtzan,no_safeguard,gtzan/gtzan_jazz_00076/track.npy,gtzan,0.8846153846153846,0.6976860072805203,0.6976860072805203,0.6976860072805203,0.6296296296296297,0.8518518518518519,0.6296296296296297,0.8518518518518519,0.5714285714285715,0.4113871809802786,0.5017319687059342,0.4565595748431064,0.0,0.0,0.5454545454545454,0.5454545454545454,33.0,0.0,0.0,0.2622622340620764,9.0,0.0,0.0,1.2817918265022024,0.0,/media/mengh/SharedData/zhanh/auto_structbeat/caches/pilot/mscnn_final_last_gtzan/gtzan__gtzan_jazz_00076__track.npy.npz
mscnn_gtzan,no_safeguard,gtzan/gtzan_jazz_00077/track.npy,gtzan,0.9161290322580644,0.7019559400512334,0.7019559400512334,0.7019559400512334,0.21794871794871795,0.7051282051282052,0.21794871794871795,0.7051282051282052,0.20512820512820512,0.15585682571756454,0.15585682571756454,0.15585682571756454,0.25,0.25,0.25,0.25,93.0,0.0,0.0,0.26826398659467643,24.0,0.0,0.0,0.10959616330063805,0.0,/media/mengh/SharedData/zhanh/auto_structbeat/caches/pilot/mscnn_final_last_gtzan/gtzan__gtzan_jazz_00077__track.npy.npz
mscnn_gtzan,no_safeguard,gtzan/gtzan_jazz_00078/track.npy,gtzan,1.0,0.9015397021391787,0.9015397021391787,0.9015397021391787,1.0,1.0,1.0,1.0,1.0,0.8865165442167382,0.8865165442167382,0.8865165442167382,1.0,1.0,1.0,1.0,81.0,0.0,0.0,0.061978624021738274,21.0,0.0,0.0,0.026704289612737724,0.0,/media/mengh/SharedData/zhanh/auto_structbeat/caches/pilot/mscnn_final_last_gtzan/gtzan__gtzan_jazz_00078__track.npy.npz
mscnn_gtzan,no_safeguard,gtzan/gtzan_jazz_00079/track.npy,gtzan,1.0,0.9294149952133839,0.9294149952133839,0.9294149952133839,1.0,1.0,1.0,1.0,1.0,0.9391124985174032,0.9391124985174032,0.9391124985174032,1.0,1.0,1.0,1.0,54.0,0.0,0.0,0.07410797215372045,14.0,0.0,0.0,0.009087027139428189,0.0,/media/mengh/SharedData/zhanh/auto_structbeat/caches/pilot/mscnn_final_last_gtzan/gtzan__gtzan_jazz_00079__track.npy.npz
mscnn_gtzan,no_safeguard,gtzan/gtzan_jazz_00080/track.npy,gtzan,0.6719999999999999,0.6446925350259064,0.9593638913769221,0.8020282132014143,0.0,0.0,1.0,1.0,1.0,0.9659902404838137,0.9659902404838137,0.9659902404838137,1.0,1.0,1.0,1.0,50.0,0.0,0.0,0.06669137449867202,25.0,0.0,0.0,0.03333642026759141,0.0,/media/mengh/SharedData/zhanh/auto_structbeat/caches/pilot/mscnn_final_last_gtzan/gtzan__gtzan_jazz_00080__track.npy.npz
mscnn_gtzan,no_safeguard,gtzan/gtzan_jazz_00081/track.npy,gtzan,0.9565217391304348,0.9224210771656424,0.9224210771656424,0.9224210771656424,0.5416666666666666,0.8333333333333334,0.5416666666666666,0.8333333333333334,0.9565217391304348,0.9250783177746738,0.9250783177746738,0.9250783177746738,0.5,0.8333333333333334,0.5,0.8333333333333334,53.0,0.0,0.0,0.07696104113612845,13.0,0.0,0.0,0.697943352823439,0.0,/media/mengh/SharedData/zhanh/auto_structbeat/caches/pilot/mscnn_final_last_gtzan/gtzan__gtzan_jazz_00081__track.npy.npz
mscnn_gtzan,no_safeguard,gtzan/gtzan_jazz_00082/track.npy,gtzan,1.0,0.9270251228966839,0.9270251228966839,0.9270251228966839,1.0,1.0,1.0,1.0,0.8695652173913044,0.8073153902489428,0.8073153902489428,0.8073153902489428,0.5769230769230769,0.5769230769230769,0.5769230769230769,0.5769230769230769,99.0,0.0,0.0,0.13544528282775958,30.0,0.0,0.0,0.1184416509466457,0.0,/media/mengh/SharedData/zhanh/auto_structbeat/caches/pilot/mscnn_final_last_gtzan/gtzan__gtzan_jazz_00082__track.npy.npz
mscnn_gtzan,no_safeguard,gtzan/gtzan_jazz_00083/track.npy,gtzan,0.7706422018348624,0.6356740526911165,0.6356740526911165,0.6356740526911165,0.296875,0.40625,0.296875,0.40625,0.5,0.43931570161438205,0.43931570161438205,0.43931570161438205,0.35714285714285715,0.35714285714285715,0.35714285714285715,0.35714285714285715,73.0,0.0,0.0,0.6931471805599421,16.0,0.0,0.0,0.7542326496383147,0.0,/media/mengh/SharedData/zhanh/auto_structbeat/caches/pilot/mscnn_final_last_gtzan/gtzan__gtzan_jazz_00083__track.npy.npz
mscnn_gtzan,no_safeguard,gtzan/gtzan_jazz_00084/track.npy,gtzan,1.0,0.9424360713662159,0.9424360713662159,0.9424360713662159,1.0,1.0,1.0,1.0,1.0,0.9477618900614265,0.9477618900614265,0.9477618900614265,1.0,1.0,1.0,1.0,62.0,0.0,0.0,0.08338160893904922,15.0,0.0,0.0,0.030771658666753642,0.0,/media/mengh/SharedData/zhanh/auto_structbeat/caches/pilot/mscnn_final_last_gtzan/gtzan__gtzan_jazz_00084__track.npy.npz
mscnn_gtzan,no_safeguard,gtzan/gtzan_jazz_00085/track.npy,gtzan,0.9193548387096775,0.8242355975118945,0.8242355975118945,0.8242355975118945,0.7424242424242424,0.7727272727272727,0.7424242424242424,0.7727272727272727,0.7096774193548386,0.6541990257124402,0.6541990257124402,0.6541990257124402,0.6470588235294118,0.6470588235294118,0.6470588235294118,0.6470588235294118,71.0,0.0,0.0,0.6672891969365101,18.0,0.0,0.0,0.34462530305017985,0.0,/media/mengh/SharedData/zhanh/auto_structbeat/caches/pilot/mscnn_final_last_gtzan/gtzan__gtzan_jazz_00085__track.npy.npz
mscnn_gtzan,no_safeguard,gtzan/gtzan_jazz_00086/track.npy,gtzan,0.6744186046511628,0.554778460181776,0.554778460181776,0.554778460181776,0.4418604651162791,0.627906976744186,0.4418604651162791,0.627906976744186,0.4,0.3217127459257535,0.4029508943982715,0.3623318201620125,0.05555555555555555,0.05555555555555555,0.21739130434782608,0.43478260869565216,53.0,0.0,0.0,0.7049124292650432,23.0,0.0,0.0,0.7386095546367037,0.0,/media/mengh/SharedData/zhanh/auto_structbeat/caches/pilot/mscnn_final_last_gtzan/gtzan__gtzan_jazz_00086__track.npy.npz
mscnn_gtzan,no_safeguard,gtzan/gtzan_jazz_00087/track.npy,gtzan,0.7959183673469388,0.7036901715995184,0.7036901715995184,0.7036901715995184,0.509090909090909,0.509090909090909,0.509090909090909,0.509090909090909,0.9285714285714286,0.7958265666869029,0.7958265666869029,0.7958265666869029,1.0,1.0,1.0,1.0,51.0,0.0,0.0,0.30989228860087503,18.0,0.0,0.0,0.2769776479539722,0.0,/media/mengh/SharedData/zhanh/auto_structbeat/caches/pilot/mscnn_final_last_gtzan/gtzan__gtzan_jazz_00087__track.npy.npz
mscnn_gtzan,no_safeguard,gtzan/gtzan_jazz_00088/track.npy,gtzan,0.9629629629629629,0.9182439848314599,0.9182439848314599,0.9182439848314599,0.9444444444444444,0.9814814814814815,0.9444444444444444,0.9814814814814815,1.0,0.9580843949550877,0.9580843949550877,0.9580843949550877,1.0,1.0,1.0,1.0,64.0,0.0,0.0,0.12783337150988394,16.0,0.0,0.0,0.010810916104215362,0.0,/media/mengh/SharedData/zhanh/auto_structbeat/caches/pilot/mscnn_final_last_gtzan/gtzan__gtzan_jazz_00088__track.npy.npz
mscnn_gtzan,no_safeguard,gtzan/gtzan_jazz_00089/track.npy,gtzan,0.9565217391304348,0.7095793014295432,0.7095793014295432,0.7095793014295432,1.0,1.0,1.0,1.0,0.6666666666666666,0.4842651731957868,0.7000339512039572,0.592149562199872,0.0,0.0,0.9166666666666666,0.9166666666666666,28.0,0.0,0.0,0.05505977718302868,14.0,0.0,0.0,0.03158505088615478,0.0,/media/mengh/SharedData/zhanh/auto_structbeat/caches/pilot/mscnn_final_last_gtzan/gtzan__gtzan_jazz_00089__track.npy.npz
mscnn_gtzan,no_safeguard,gtzan/gtzan_jazz_00090/track.npy,gtzan,1.0,0.9331518973047385,0.9331518973047385,0.9331518973047385,1.0,1.0,1.0,1.0,1.0,0.915833511946681,0.915833511946681,0.915833511946681,1.0,1.0,1.0,1.0,68.0,0.0,0.0,0.09097177820572619,23.0,0.0,0.0,0.015267472130789439,0.0,/media/mengh/SharedData/zhanh/auto_structbeat/caches/pilot/mscnn_final_last_gtzan/gtzan__gtzan_jazz_00090__track.npy.npz
mscnn_gtzan,no_safeguard,gtzan/gtzan_jazz_00091/track.npy,gtzan,0.9583333333333334,0.8050786272935837,0.8050786272935837,0.8050786272935837,1.0,1.0,1.0,1.0,0.8333333333333334,0.7231452320903643,0.7231452320903643,0.7231452320903643,1.0,1.0,1.0,1.0,29.0,0.0,0.0,0.10792313365619892,7.0,0.0,0.0,0.046914507156253026,0.0,/media/mengh/SharedData/zhanh/auto_structbeat/caches/pilot/mscnn_final_last_gtzan/gtzan__gtzan_jazz_00091__track.npy.npz
mscnn_gtzan,no_safeguard,gtzan/gtzan_jazz_00092/track.npy,gtzan,0.8636363636363636,0.6623086918715484,0.6623086918715484,0.6623086918715484,1.0,1.0,1.0,1.0,0.6,0.5046371039030271,0.5046371039030271,0.5046371039030271,1.0,1.0,1.0,1.0,27.0,0.0,0.0,0.10350710375116676,6.0,0.0,0.0,0.04165287559142235,0.0,/media/mengh/SharedData/zhanh/auto_structbeat/caches/pilot/mscnn_final_last_gtzan/gtzan__gtzan_jazz_00092__track.npy.npz
mscnn_gtzan,no_safeguard,gtzan/gtzan_jazz_00093/track.npy,gtzan,0.6601941747572816,0.597196345173839,0.9045768169544905,0.7508865810641647,0.0,0.0,1.0,1.0,1.0,0.889734869368229,0.889734869368229,0.889734869368229,1.0,1.0,1.0,1.0,45.0,0.0,0.0,0.0555698511548145,20.0,0.0,0.0,0.13656986661663845,0.0,/media/mengh/SharedData/zhanh/auto_structbeat/caches/pilot/mscnn_final_last_gtzan/gtzan__gtzan_jazz_00093__track.npy.npz
mscnn_gtzan,no_safeguard,gtzan/gtzan_jazz_00094/track.npy,gtzan,0.7012987012987013,0.6289251728931666,0.8720415563131533,0.7504833646031599,0.08,0.08,0.8518518518518519,0.8518518518518519,0.9600000000000001,0.8274891246214274,0.8274891246214274,0.8274891246214274,0.9230769230769231,0.9230769230769231,0.9230769230769231,0.9230769230769231,32.0,0.0,0.0,0.36952525343696413,14.0,0.0,0.0,0.12725932831233386,0.0,/media/mengh/SharedData/zhanh/auto_structbeat/caches/pilot/mscnn_final_last_gtzan/gtzan__gtzan_jazz_00094__track.npy.npz
mscnn_gtzan,no_safeguard,gtzan/gtzan_jazz_00095/track.npy,gtzan,0.5909090909090909,0.474875240189191,0.6278930853248671,0.5513841627570291,0.036585365853658534,0.08536585365853659,0.12121212121212122,0.4444444444444444,0.5,0.40987974324449067,0.48117550174633483,0.4455276224954128,0.0,0.0,0.48,0.48,93.0,0.0,0.010869565217391304,0.4700036292457326,21.0,0.0,0.0,0.4435419442537919,0.0,/media/mengh/SharedData/zhanh/auto_structbeat/caches/pilot/mscnn_final_last_gtzan/gtzan__gtzan_jazz_00095__track.npy.npz
mscnn_gtzan,no_safeguard,gtzan/gtzan_jazz_00096/track.npy,gtzan,0.9320388349514563,0.7788308184172718,0.7788308184172718,0.7788308184172718,0.7454545454545455,0.7454545454545455,0.7454545454545455,0.7454545454545455,0.7692307692307692,0.5868283592963685,0.5868283592963685,0.5868283592963685,0.7142857142857143,0.7142857142857143,0.7142857142857143,0.7142857142857143,60.0,0.0,0.0,0.09735572036854757,15.0,0.0,0.0,0.3414987273217801,0.0,/media/mengh/SharedData/zhanh/auto_structbeat/caches/pilot/mscnn_final_last_gtzan/gtzan__gtzan_jazz_00096__track.npy.npz
mscnn_gtzan,no_safeguard,gtzan/gtzan_jazz_00097/track.npy,gtzan,0.5714285714285713,0.5194407878785147,0.5194407878785147,0.5194407878785147,0.6818181818181818,0.7272727272727273,0.6818181818181818,0.7272727272727273,0.20000000000000004,0.2324910200828724,0.2627179829940006,0.2476045015384365,1.0,1.0,1.0,1.0,22.0,0.0,0.0,0.25331963518004397,6.0,0.0,0.0,0.08438763677392998,0.0,/media/mengh/SharedData/zhanh/auto_structbeat/caches/pilot/mscnn_final_last_gtzan/gtzan__gtzan_jazz_00097__track.npy.npz
mscnn_gtzan,no_safeguard,gtzan/gtzan_jazz_00098/track.npy,gtzan,0.9852941176470589,0.8429862148019103,0.8429862148019103,0.8429862148019103,0.9705882352941176,0.9705882352941176,0.9705882352941176,0.9705882352941176,0.9411764705882353,0.822963582787008,0.822963582787008,0.822963582787008,1.0,1.0,1.0,1.0,81.0,0.0,0.0,0.16345206224066794,20.0,0.0,0.0,0.041781176457879945,0.0,/media/mengh/SharedData/zhanh/auto_structbeat/caches/pilot/mscnn_final_last_gtzan/gtzan__gtzan_jazz_00098__track.npy.npz
mscnn_gtzan,no_safeguard,gtzan/gtzan_jazz_00099/track.npy,gtzan,0.8367346938775511,0.7681097085720496,0.7681097085720496,0.7681097085720496,0.3333333333333333,0.43859649122807015,0.3902439024390244,0.43859649122807015,0.4444444444444444,0.40938241923935637,0.4289975097719075,0.41918996450563195,0.2631578947368421,0.2631578947368421,0.2631578947368421,0.2631578947368421,53.0,0.0,0.0,0.09097177820573005,21.0,0.0,0.0,0.6735865696831118,0.0,/media/mengh/SharedData/zhanh/auto_structbeat/caches/pilot/mscnn_final_last_gtzan/gtzan__gtzan_jazz_00099__track.npy.npz
mscnn_gtzan,no_safeguard,gtzan/gtzan_metal_00000/track.npy,gtzan,1.0,0.8923630133160583,0.8923630133160583,0.8923630133160583,1.0,1.0,1.0,1.0,1.0,0.864673733084669,0.864673733084669,0.864673733084669,1.0,1.0,1.0,1.0,47.0,0.0,0.0,0.06252035698133404,12.0,0.0,0.0,0.03149866705937123,0.0,/media/mengh/SharedData/zhanh/auto_structbeat/caches/pilot/mscnn_final_last_gtzan/gtzan__gtzan_metal_00000__track.npy.npz
mscnn_gtzan,no_safeguard,gtzan/gtzan_metal_00001/track.npy,gtzan,0.9160305343511451,0.848065695287573,0.848065695287573,0.848065695287573,0.4393939393939394,0.8939393939393939,0.4393939393939394,0.8939393939393939,0.9411764705882353,0.8803989416537595,0.8803989416537595,0.8803989416537595,1.0,1.0,1.0,1.0,79.0,0.0,0.0,0.24124635282238013,19.0,0.0,0.0,0.2190500026680119,0.0,/media/mengh/SharedData/zhanh/auto_structbeat/caches/pilot/mscnn_final_last_gtzan/gtzan__gtzan_metal_00001__track.npy.npz
mscnn_gtzan,no_safeguard,gtzan/gtzan_metal_00002/track.npy,gtzan,1.0,0.9088895238392641,0.9088895238392641,0.9088895238392641,1.0,1.0,1.0,1.0,1.0,0.9233872157956317,0.9233872157956317,0.9233872157956317,1.0,1.0,1.0,1.0,56.0,0.0,0.0,0.07410797215372678,14.0,0.0,0.0,0.028170876966696772,0.0,/media/mengh/SharedData/zhanh/auto_structbeat/caches/pilot/mscnn_final_last_gtzan/gtzan__gtzan_metal_00002__track.npy.npz
mscnn_gtzan,no_safeguard,gtzan/gtzan_metal_00003/track.npy,gtzan,0.6482758620689656,0.5584610026083302,0.5584610026083302,0.5584610026083302,0.35,0.3875,0.35,0.3875,0.41025641025641024,0.34509657500416496,0.34509657500416496,0.34509657500416496,0.3,0.4,0.3,0.4,75.0,0.0,0.0,0.6301742191508288,24.0,0.0,0.0,0.36217555371830934,0.0,/media/mengh/SharedData/zhanh/auto_structbeat/caches/pilot/mscnn_final_last_gtzan/gtzan__gtzan_metal_00003__track.npy.npz
mscnn_gtzan,no_safeguard,gtzan/gtzan_metal_00004/track.npy,gtzan,0.10434782608695653,0.0707372676065516,0.16027407442516592,0.11550567101585876,0.034482758620689655,0.13793103448275862,0.08620689655172414,0.3275862068965517,0.0689655172413793,0.05981858166548775,0.061698544855215094,0.06075856326035142,0.9333333333333333,0.9333333333333333,0.9333333333333333,0.9333333333333333,69.0,0.0,0.0,0.2195932140201127,17.0,0.0,0.0,0.05371351543752215,0.0,/media/mengh/SharedData/zhanh/auto_structbeat/caches/pilot/mscnn_final_last_gtzan/gtzan__gtzan_metal_00004__track.npy.npz
mscnn_gtzan,no_safeguard,gtzan/gtzan_metal_00005/track.npy,gtzan,0.9922480620155039,0.9347644110151144,0.9347644110151144,0.9347644110151144,0.9846153846153847,0.9846153846153847,0.9846153846153847,0.9846153846153847,1.0,0.9246536002724913,0.9246536002724913,0.9246536002724913,1.0,1.0,1.0,1.0,78.0,0.0,0.0,0.051293294387558364,20.0,0.0,0.0,0.02569238898182619,0.0,/media/mengh/SharedData/zhanh/auto_structbeat/caches/pilot/mscnn_final_last_gtzan/gtzan__gtzan_metal_00005__track.npy.npz
mscnn_gtzan,no_safeguard,gtzan/gtzan_metal_00006/track.npy,gtzan,0.96,0.769940293465464,0.769940293465464,0.769940293465464,0.96,0.96,0.96,0.96,1.0,0.7669631670819638,0.7669631670819638,0.7669631670819638,1.0,1.0,1.0,1.0,60.0,0.0,0.0,0.08004270767354893,15.0,0.0,0.0,0.12221763272424913,0.0,/media/mengh/SharedData/zhanh/auto_structbeat/caches/pilot/mscnn_final_last_gtzan/gtzan__gtzan_metal_00006__track.npy.npz
mscnn_gtzan,no_safeguard,gtzan/gtzan_metal_00007/track.npy,gtzan,0.9291338582677166,0.7778792750212592,0.7778792750212592,0.7778792750212592,0.375,0.90625,0.375,0.90625,0.37209302325581395,0.30512960715185455,0.42183847676523967,0.3634840419585471,0.07407407407407407,0.07407407407407407,0.41935483870967744,0.41935483870967744,77.0,0.0,0.0,0.13745301709473667,30.0,0.0,0.0,0.7408433428087008,0.0,/media/mengh/SharedData/zhanh/auto_structbeat/caches/pilot/mscnn_final_last_gtzan/gtzan__gtzan_metal_00007__track.npy.npz
mscnn_gtzan,no_safeguard,gtzan/gtzan_metal_00008/track.npy,gtzan,1.0,0.8958926982133861,0.8958926982133861,0.8958926982133861,1.0,1.0,1.0,1.0,1.0,0.8999594147468611,0.8999594147468611,0.8999594147468611,1.0,1.0,1.0,1.0,59.0,0.0,0.0,0.03922071315328459,15.0,0.0,0.0,0.019608471388376115,0.0,/media/mengh/SharedData/zhanh/auto_structbeat/caches/pilot/mscnn_final_last_gtzan/gtzan__gtzan_metal_00008__track.npy.npz
mscnn_gtzan,no_safeguard,gtzan/gtzan_metal_00009/track.npy,gtzan,0.924731182795699,0.8258057476202342,0.8258057476202342,0.8258057476202342,0.375,0.8541666666666666,0.375,0.8541666666666666,0.17391304347826086,0.1539778369642404,0.25604393594595665,0.20501088645509852,0.16666666666666666,0.16666666666666666,0.36363636363636365,0.36363636363636365,54.0,0.0,0.0,0.4426580243517888,13.0,0.0,0.0,0.23643413159503368,0.0,/media/mengh/SharedData/zhanh/auto_structbeat/caches/pilot/mscnn_final_last_gtzan/gtzan__gtzan_metal_00009__track.npy.npz
mscnn_gtzan,no_safeguard,gtzan/gtzan_metal_00010/track.npy,gtzan,0.50561797752809,0.42471708423369103,0.5055394410506779,0.4651282626421845,0.0989010989010989,0.25274725274725274,0.0989010989010989,0.25274725274725274,0.0975609756097561,0.07563653281964375,0.12206196554587546,0.09884924918275961,0.13043478260869565,0.13043478260869565,0.13043478260869565,0.13043478260869565,108.0,0.0,0.17757009345794392,0.6466271649250555,23.0,0.0,0.0,0.39256170327225676,0.0,/media/mengh/SharedData/zhanh/auto_structbeat/caches/pilot/mscnn_final_last_gtzan/gtzan__gtzan_metal_00010__track.npy.npz
mscnn_gtzan,no_safeguard,gtzan/gtzan_metal_00011/track.npy,gtzan,0.4148148148148148,0.34270536340351276,0.4197400576115642,0.3812227105075385,0.17391304347826086,0.3333333333333333,0.17391304347826086,0.3333333333333333,0.2162162162162162,0.2225300762884817,0.24889543600087355,0.23571275614467763,0.2857142857142857,0.2857142857142857,0.2857142857142857,0.2857142857142857,83.0,0.0,0.012195121951219513,0.3448404862917307,28.0,0.0,0.0,0.13353139262452401,0.0,/media/mengh/SharedData/zhanh/auto_structbeat/caches/pilot/mscnn_final_last_gtzan/gtzan__gtzan_metal_00011__track.npy.npz
mscnn_gtzan,no_safeguard,gtzan/gtzan_metal_00012/track.npy,gtzan,1.0,0.9395552621885997,0.9395552621885997,0.9395552621885997,1.0,1.0,1.0,1.0,1.0,0.9421608106715297,0.9421608106715297,0.9421608106715297,1.0,1.0,1.0,1.0,84.0,0.0,0.0,0.1112256351102243,21.0,0.0,0.0,0.04196419909903193,0.0,/media/mengh/SharedData/zhanh/auto_structbeat/caches/pilot/mscnn_final_last_gtzan/gtzan__gtzan_metal_00012__track.npy.npz
mscnn_gtzan,no_safeguard,gtzan/gtzan_metal_00013/track.npy,gtzan,0.9491525423728813,0.7942376957801176,0.7942376957801176,0.7942376957801176,0.7049180327868853,0.8852459016393442,0.7049180327868853,0.8852459016393442,1.0,0.838372853234292,0.838372853234292,0.838372853234292,1.0,1.0,1.0,1.0,73.0,0.0,0.0,0.64964149206513,17.0,0.0,0.0,0.03480728653490509,0.0,/media/mengh/SharedData/zhanh/auto_structbeat/caches/pilot/mscnn_final_last_gtzan/gtzan__gtzan_metal_00013__track.npy.npz
mscnn_gtzan,no_safeguard,gtzan/gtzan_metal_00014/track.npy,gtzan,0.6526315789473685,0.5870335891080232,0.8749104428727672,0.7309720159903952,0.0,0.0,0.953125,0.953125,0.6666666666666666,0.6275033669325277,0.8758492304425959,0.7516762986875618,0.0,0.0,0.9375,0.9375,76.0,0.0,0.0,0.105360515657833,19.0,0.0,0.0,0.20210377672979063,0.0,/media/mengh/SharedData/zhanh/auto_structbeat/caches/pilot/mscnn_final_last_gtzan/gtzan__gtzan_metal_00014__track.npy.npz
mscnn_gtzan,no_safeguard,gtzan/gtzan_metal_00015/track.npy,gtzan,0.6715328467153284,0.547216605233658,0.7746146772103124,0.6609156412219852,0.022222222222222223,0.05555555555555555,0.1827956989247312,0.7419354838709677,0.6896551724137931,0.578246396859186,0.6498056163711275,0.6140260066151568,0.2777777777777778,0.2777777777777778,0.5714285714285714,0.5714285714285714,110.0,0.0,0.09174311926605505,0.6782513155133669,21.0,0.0,0.0,0.3620354937430476,0.0,/media/mengh/SharedData/zhanh/auto_structbeat/caches/pilot/mscnn_final_last_gtzan/gtzan__gtzan_metal_00015__track.npy.npz
mscnn_gtzan,no_safeguard,gtzan/gtzan_metal_00016/track.npy,gtzan,0.9397590361445783,0.8797711321162465,0.8797711321162465,0.8797711321162465,0.5454545454545454,0.7727272727272727,0.5454545454545454,0.7727272727272727,0.6896551724137931,0.6274970685897755,0.9349552072930857,0.7812261379414306,0.0,0.0,1.0,1.0,51.0,0.0,0.0,0.07967384080518543,23.0,0.0,0.0,0.03125254350410653,0.0,/media/mengh/SharedData/zhanh/auto_structbeat/caches/pilot/mscnn_final_last_gtzan/gtzan__gtzan_metal_00016__track.npy.npz
mscnn_gtzan,no_safeguard,gtzan/gtzan_metal_00017/track.npy,gtzan,0.20224719101123592,0.16487229065808837,0.6189966277559454,0.3919344592070169,0.0898876404494382,0.1797752808988764,0.4157303370786517,0.6629213483146067,0.1702127659574468,0.13270691166529067,0.1631046697815556,0.14790579072342314,0.5833333333333334,0.5833333333333334,0.5833333333333334,0.5833333333333334,107.0,0.0,0.0,0.14310084364068193,28.0,0.0,0.0,0.547378770404654,0.0,/media/mengh/SharedData/zhanh/auto_structbeat/caches/pilot/mscnn_final_last_gtzan/gtzan__gtzan_metal_00017__track.npy.npz
mscnn_gtzan,no_safeguard,gtzan/gtzan_metal_00018/track.npy,gtzan,0.21705426356589147,0.147350716076275,0.24485145598398458,0.1961010860301298,0.0,0.0,0.05747126436781609,0.12643678160919541,0.06250000000000001,0.03946683753409559,0.061907875915753995,0.05068735672492479,0.0,0.0,0.18181818181818182,0.3181818181818182,104.0,0.0,0.10679611650485436,0.26181177265817046,26.0,0.0,0.0,0.235314086934466,0.0,/media/mengh/SharedData/zhanh/auto_structbeat/caches/pilot/mscnn_final_last_gtzan/gtzan__gtzan_metal_00018__track.npy.npz
mscnn_gtzan,no_safeguard,gtzan/gtzan_metal_00019/track.npy,gtzan,0.06629834254143646,0.07136021686790146,0.7346831970032672,0.40302170693558437,0.01098901098901099,0.02197802197802198,0.38461538461538464,0.8021978021978022,0.04444444444444444,0.0204977018639084,0.022596508072134917,0.02154710496802166,0.9130434782608695,0.9130434782608695,0.9130434782608695,0.9130434782608695,108.0,0.0,0.009345794392523364,0.34258562080982013,27.0,0.0,0.0,0.11424312023650288,0.0,/media/mengh/SharedData/zhanh/auto_structbeat/caches/pilot/mscnn_final_last_gtzan/gtzan__gtzan_metal_00019__track.npy.npz
mscnn_gtzan,no_safeguard,gtzan/gtzan_metal_00020/track.npy,gtzan,0.6031746031746031,0.5323597202872152,0.618174105105959,0.5752669126965871,0.2077922077922078,0.2077922077922078,0.4897959183673469,0.5102040816326531,0.6451612903225806,0.571803002365302,0.66380389012128,0.6178034462432911,0.2,0.2,0.6363636363636364,0.6363636363636364,61.0,0.0,0.0,0.5748008199094925,14.0,0.0,0.0,0.2040981118968898,0.0,/media/mengh/SharedData/zhanh/auto_structbeat/caches/pilot/mscnn_final_last_gtzan/gtzan__gtzan_metal_00020__track.npy.npz
mscnn_gtzan,no_safeguard,gtzan/gtzan_metal_00021/track.npy,gtzan,1.0,0.9431859594036734,0.9431859594036734,0.9431859594036734,1.0,1.0,1.0,1.0,1.0,0.9518409786540277,0.9518409786540277,0.9518409786540277,1.0,1.0,1.0,1.0,54.0,0.0,0.0,0.07145896398214542,13.0,0.0,0.0,0.018349138668196208,0.0,/media/mengh/SharedData/zhanh/auto_structbeat/caches/pilot/mscnn_final_last_gtzan/gtzan__gtzan_metal_00021__track.npy.npz
mscnn_gtzan,no_safeguard,gtzan/gtzan_metal_00022/track.npy,gtzan,1.0,0.9315871681662151,0.9315871681662151,0.9315871681662151,1.0,1.0,1.0,1.0,1.0,0.9209946082051,0.9209946082051,0.9209946082051,1.0,1.0,1.0,1.0,69.0,0.0,0.0,0.04652001563490016,17.0,0.0,0.0,0.034289073478632325,0.0,/media/mengh/SharedData/zhanh/auto_structbeat/caches/pilot/mscnn_final_last_gtzan/gtzan__gtzan_metal_00022__track.npy.npz
mscnn_gtzan,no_safeguard,gtzan/gtzan_metal_00023/track.npy,gtzan,0.9836065573770492,0.915387620757706,0.915387620757706,0.915387620757706,0.9836065573770492,0.9836065573770492,0.9836065573770492,0.9836065573770492,0.7142857142857143,0.6634290736440482,0.8755833580903242,0.7695062158671861,0.14814814814814814,0.14814814814814814,0.7586206896551724,0.7586206896551724,73.0,0.0,0.0,0.04879016416943971,30.0,0.0,0.0,0.06408498748606234,0.0,/media/mengh/SharedData/zhanh/auto_structbeat/caches/pilot/mscnn_final_last_gtzan/gtzan__gtzan_metal_00023__track.npy.npz
mscnn_gtzan,no_safeguard,gtzan/gtzan_metal_00024/track.npy,gtzan,1.0,0.9256928215068929,0.9256928215068929,0.9256928215068929,1.0,1.0,1.0,1.0,1.0,0.8789528145297315,0.8789528145297315,0.8789528145297315,1.0,1.0,1.0,1.0,56.0,0.0,0.0,0.07410797215372356,14.0,0.0,0.0,0.022839627809369573,0.0,/media/mengh/SharedData/zhanh/auto_structbeat/caches/pilot/mscnn_final_last_gtzan/gtzan__gtzan_metal_00024__track.npy.npz
mscnn_gtzan,no_safeguard,gtzan/gtzan_metal_00025/track.npy,gtzan,1.0,0.9659931142802385,0.9659931142802385,0.9659931142802385,1.0,1.0,1.0,1.0,1.0,0.9763235929077227,0.9763235929077227,0.9763235929077227,1.0,1.0,1.0,1.0,69.0,0.0,0.0,0.04652001563490016,17.0,0.0,0.0,0.011560822401075699,0.0,/media/mengh/SharedData/zhanh/auto_structbeat/caches/pilot/mscnn_final_last_gtzan/gtzan__gtzan_metal_00025__track.npy.npz
mscnn_gtzan,no_safeguard,gtzan/gtzan_metal_00026/track.npy,gtzan,0.9901960784313726,0.8723811179378654,0.8723811179378654,0.8723811179378654,0.30097087378640774,0.9029126213592233,0.30097087378640774,0.9029126213592233,0.9387755102040816,0.8248999933565297,0.8248999933565297,0.8248999933565297,0.7692307692307693,0.7692307692307693,0.7692307692307693,0.7692307692307693,122.0,0.0,0.0743801652892562,0.3844860198927259,26.0,0.0,0.0,0.16288988626382658,0.0,/media/mengh/SharedData/zhanh/auto_structbeat/caches/pilot/mscnn_final_last_gtzan/gtzan__gtzan_metal_00026__track.npy.npz
mscnn_gtzan,no_safeguard,gtzan/gtzan_metal_00027/track.npy,gtzan,0.88,0.7176834672226637,0.7176834672226637,0.7176834672226637,0.1588785046728972,0.5607476635514018,0.1588785046728972,0.5607476635514018,0.5,0.4735549406318614,0.4735549406318614,0.4735549406318614,0.46153846153846156,0.46153846153846156,0.46153846153846156,0.46153846153846156,114.0,0.0,0.04424778761061947,0.35367178239030106,24.0,0.0,0.0,0.3877226272211882,0.0,/media/mengh/SharedData/zhanh/auto_structbeat/caches/pilot/mscnn_final_last_gtzan/gtzan__gtzan_metal_00027__track.npy.npz
mscnn_gtzan,no_safeguard,gtzan/gtzan_metal_00028/track.npy,gtzan,0.49315068493150693,0.37221177366985153,0.6366435235341951,0.5044276486020233,0.03409090909090909,0.056818181818181816,0.043478260869565216,0.30434782608695654,0.0689655172413793,0.05583635108243602,0.07359787934769622,0.06471711521506612,0.5333333333333333,0.6666666666666666,0.5333333333333333,0.6666666666666666,108.0,0.0,0.17757009345794392,0.6931471805599525,18.0,0.0,0.0,0.449319641928439,0.0,/media/mengh/SharedData/zhanh/auto_structbeat/caches/pilot/mscnn_final_last_gtzan/gtzan__gtzan_metal_00028__track.npy.npz
mscnn_gtzan,no_safeguard,gtzan/gtzan_metal_00029/track.npy,gtzan,1.0,0.8674682093394664,0.8674682093394664,0.8674682093394664,1.0,1.0,1.0,1.0,1.0,0.849915549404725,0.849915549404725,0.849915549404725,1.0,1.0,1.0,1.0,61.0,0.0,0.0,0.04630792374427562,15.0,0.0,0.0,0.02443278758991801,0.0,/media/mengh/SharedData/zhanh/auto_structbeat/caches/pilot/mscnn_final_last_gtzan/gtzan__gtzan_metal_00029__track.npy.npz
mscnn_gtzan,no_safeguard,gtzan/gtzan_metal_00030/track.npy,gtzan,1.0,0.9566848806684979,0.9566848806684979,0.9566848806684979,1.0,1.0,1.0,1.0,1.0,0.9784570608063683,0.9784570608063683,0.9784570608063683,1.0,1.0,1.0,1.0,66.0,0.0,0.0,0.12655339027929147,16.0,0.0,0.0,0.014875010872853891,0.0,/media/mengh/SharedData/zhanh/auto_structbeat/caches/pilot/mscnn_final_last_gtzan/gtzan__gtzan_metal_00030__track.npy.npz
mscnn_gtzan,no_safeguard,gtzan/gtzan_metal_00031/track.npy,gtzan,1.0,0.9211271659517146,0.9211271659517146,0.9211271659517146,1.0,1.0,1.0,1.0,0.6511627906976745,0.5879678663214846,0.901141678533659,0.7445547724275718,0.0,0.0,0.9655172413793104,0.9655172413793104,69.0,0.0,0.0,0.07763624943447829,34.0,0.0,0.0,0.03387578061130886,0.0,/media/mengh/SharedData/zhanh/auto_structbeat/caches/pilot/mscnn_final_last_gtzan/gtzan__gtzan_metal_00031__track.npy.npz
mscnn_gtzan,no_safeguard,gtzan/gtzan_metal_00032/track.npy,gtzan,0.965034965034965,0.7710704833230032,0.7710704833230032,0.7710704833230032,0.8918918918918919,0.8918918918918919,0.8918918918918919,0.8918918918918919,0.9444444444444444,0.7201640106109534,0.7201640106109534,0.7201640106109534,0.8947368421052632,0.8947368421052632,0.8947368421052632,0.8947368421052632,83.0,0.0,0.0,0.11778303565638293,20.0,0.0,0.0,0.058542756464303895,0.0,/media/mengh/SharedData/zhanh/auto_structbeat/caches/pilot/mscnn_final_last_gtzan/gtzan__gtzan_metal_00032__track.npy.npz
mscnn_gtzan,no_safeguard,gtzan/gtzan_metal_00033/track.npy,gtzan,0.8253968253968255,0.7663648144391665,0.7663648144391665,0.7663648144391665,0.21621621621621623,0.40540540540540543,0.21621621621621623,0.40540540540540543,0.5,0.4469148584941631,0.6630894810316849,0.5550021697629239,0.15789473684210525,0.15789473684210525,0.36,0.36,84.0,0.0,0.04819277108433735,0.40546510810817016,21.0,0.0,0.0,0.6141307218486511,0.0,/media/mengh/SharedData/zhanh/auto_structbeat/caches/pilot/mscnn_final_last_gtzan/gtzan__gtzan_metal_00033__track.npy.npz
mscnn_gtzan,no_safeguard,gtzan/gtzan_metal_00034/track.npy,gtzan,0.5757575757575757,0.5131863904023198,0.5285672393806977,0.5208768148915088,0.40298507462686567,0.5223880597014925,0.40298507462686567,0.5223880597014925,0.0,1.0347017266269868e-20,0.3671140275717992,0.1835570137858996,0.0,0.0,0.6875,0.75,81.0,0.0,0.0125,0.6259242667829331,19.0,0.0,0.0,0.18519930428437414,0.0,/media/mengh/SharedData/zhanh/auto_structbeat/caches/pilot/mscnn_final_last_gtzan/gtzan__gtzan_metal_00034__track.npy.npz
mscnn_gtzan,no_safeguard,gtzan/gtzan_metal_00035/track.npy,gtzan,0.98989898989899,0.9147628115324757,0.9147628115324757,0.9147628115324757,0.98,0.98,0.98,0.98,0.6666666666666666,0.6203273074023233,0.9025611304770179,0.7614442189396706,0.0,0.0,0.9583333333333334,0.9583333333333334,59.0,0.0,0.0,0.048666137150910185,29.0,0.0,0.0,0.05826890812397575,0.0,/media/mengh/SharedData/zhanh/auto_structbeat/caches/pilot/mscnn_final_last_gtzan/gtzan__gtzan_metal_00035__track.npy.npz
mscnn_gtzan,no_safeguard,gtzan/gtzan_metal_00036/track.npy,gtzan,1.0,0.9160799122012365,0.9160799122012365,0.9160799122012365,1.0,1.0,1.0,1.0,0.9032258064516129,0.8454899263960834,0.8454899263960834,0.8454899263960834,0.6470588235294118,0.6470588235294118,0.6470588235294118,0.6470588235294118,71.0,0.0,0.0,0.04879016416943105,23.0,0.0,0.0,0.035932009226062545,0.0,/media/mengh/SharedData/zhanh/auto_structbeat/caches/pilot/mscnn_final_last_gtzan/gtzan__gtzan_metal_00036__track.npy.npz
mscnn_gtzan,no_safeguard,gtzan/gtzan_metal_00037/track.npy,gtzan,0.9824561403508771,0.9270440935402537,0.9270440935402537,0.9270440935402537,0.9649122807017544,0.9649122807017544,0.9649122807017544,0.9649122807017544,1.0,0.9439943285960212,0.9439943285960212,0.9439943285960212,1.0,1.0,1.0,1.0,69.0,0.0,0.0,0.09400865932474897,17.0,0.0,0.0,0.026685470911353246,0.0,/media/mengh/SharedData/zhanh/auto_structbeat/caches/pilot/mscnn_final_last_gtzan/gtzan__gtzan_metal_00037__track.npy.npz
mscnn_gtzan,no_safeguard,gtzan/gtzan_metal_00038/track.npy,gtzan,0.7317073170731706,0.6649292161840687,0.6649292161840687,0.6649292161840687,0.5952380952380952,0.6904761904761905,0.5952380952380952,0.6904761904761905,0.17391304347826086,0.1105265243572419,0.2765359191207822,0.19353122173901205,0.0,0.0,0.16666666666666666,0.16666666666666666,48.0,0.0,0.0,0.5354179908832356,15.0,0.0,0.0,0.28722372487669245,0.0,/media/mengh/SharedData/zhanh/auto_structbeat/caches/pilot/mscnn_final_last_gtzan/gtzan__gtzan_metal_00038__track.npy.npz
mscnn_gtzan,no_safeguard,gtzan/gtzan_metal_00039/track.npy,gtzan,0.6666666666666666,0.6368230104316204,0.9401067998745141,0.7884649051530672,0.0,0.0,0.98,0.98,0.6666666666666666,0.641003801267445,0.9182046050652772,0.7796042031663611,0.0,0.0,0.9166666666666666,0.9166666666666666,60.0,0.0,0.0,0.08004270767353472,15.0,0.0,0.0,0.020000666706669112,0.0,/media/mengh/SharedData/zhanh/auto_structbeat/caches/pilot/mscnn_final_last_gtzan/gtzan__gtzan_metal_00039__track.npy.npz
mscnn_gtzan,no_safeguard,gtzan/gtzan_metal_00040/track.npy,gtzan,0.6423357664233577,0.6023811114152731,0.905301236864434,0.7538411741398535,0.0,0.0,0.5604395604395604,0.9340659340659341,0.0,8.605127771651089e-11,9.248241345553624e-11,8.926684558602356e-11,0.0,0.0,0.0,0.0,110.0,0.0,0.0,0.15415067982725494,27.0,0.0,0.0,0.08563429066271527,0.0,/media/mengh/SharedData/zhanh/auto_structbeat/caches/pilot/mscnn_final_last_gtzan/gtzan__gtzan_metal_00040__track.npy.npz
mscnn_gtzan,no_safeguard,gtzan/gtzan_metal_00041/track.npy,gtzan,1.0,0.9402364416309538,0.9402364416309538,0.9402364416309538,1.0,1.0,1.0,1.0,1.0,0.9516686379832922,0.9516686379832922,0.9516686379832922,1.0,1.0,1.0,1.0,59.0,0.0,0.0,0.04804980384342894,15.0,0.0,0.0,0.019608471388376736,0.0,/media/mengh/SharedData/zhanh/auto_structbeat/caches/pilot/mscnn_final_last_gtzan/gtzan__gtzan_metal_00041__track.npy.npz
mscnn_gtzan,no_safeguard,gtzan/gtzan_metal_00042/track.npy,gtzan,1.0,0.9379733712838382,0.9379733712838382,0.9379733712838382,1.0,1.0,1.0,1.0,1.0,0.9290171882662885,0.9290171882662885,0.9290171882662885,1.0,1.0,1.0,1.0,65.0,0.0,0.0,0.044451762570840825,17.0,0.0,0.0,0.03243527575315343,0.0,/media/mengh/SharedData/zhanh/auto_structbeat/caches/pilot/mscnn_final_last_gtzan/gtzan__gtzan_metal_00042__track.npy.npz
mscnn_gtzan,no_safeguard,gtzan/gtzan_metal_00043/track.npy,gtzan,0.9873417721518987,0.9577942067941614,0.9577942067941614,0.9577942067941614,0.975,0.975,0.975,0.975,1.0,0.9651184608590206,0.9651184608590206,0.9651184608590206,1.0,1.0,1.0,1.0,47.0,0.0,0.0,0.03174869831458238,12.0,0.0,0.0,0.015692989388862533,0.0,/media/mengh/SharedData/zhanh/auto_structbeat/caches/pilot/mscnn_final_last_gtzan/gtzan__gtzan_metal_00043__track.npy.npz
mscnn_gtzan,no_safeguard,gtzan/gtzan_metal_00044/track.npy,gtzan,0.7346938775510203,0.7046917219318155,0.7046917219318155,0.7046917219318155,0.7346938775510204,0.7346938775510204,0.7346938775510204,0.7346938775510204,0.6923076923076923,0.664079487198941,0.664079487198941,0.664079487198941,1.0,1.0,1.0,1.0,59.0,0.0,0.0,0.07757737444361253,15.0,0.0,0.0,0.13491931789936962,0.0,/media/mengh/SharedData/zhanh/auto_structbeat/caches/pilot/mscnn_final_last_gtzan/gtzan__gtzan_metal_00044__track.npy.npz
mscnn_gtzan,no_safeguard,gtzan/gtzan_metal_00045/track.npy,gtzan,0.7575757575757575,0.6967309420453263,0.7615864398699084,0.7291586909576173,0.275,0.275,0.29411764705882354,0.5294117647058824,0.7499999999999999,0.6733944184246543,0.703419631268744,0.6884070248466991,0.3,0.3,0.3,0.45454545454545453,50.0,0.0,0.0,0.0845723427290001,12.0,0.0,0.0,0.6858397133497691,0.0,/media/mengh/SharedData/zhanh/auto_structbeat/caches/pilot/mscnn_final_last_gtzan/gtzan__gtzan_metal_00045__track.npy.npz
mscnn_gtzan,no_safeguard,gtzan/gtzan_metal_00046/track.npy,gtzan,0.9166666666666666,0.7402581818925228,0.7402581818925228,0.7402581818925228,0.28125,0.7083333333333334,0.28125,0.7083333333333334,0.9166666666666666,0.7736033945699111,0.7736033945699111,0.7736033945699111,0.9583333333333334,0.9583333333333334,0.9583333333333334,0.9583333333333334,112.0,0.0,0.04504504504504504,0.5033471712447697,28.0,0.0,0.0,0.2185562666471573,0.0,/media/mengh/SharedData/zhanh/auto_structbeat/caches/pilot/mscnn_final_last_gtzan/gtzan__gtzan_metal_00046__track.npy.npz
mscnn_gtzan,no_safeguard,gtzan/gtzan_metal_00047/track.npy,gtzan,0.7415730337078651,0.6507155308906959,0.6507155308906959,0.6507155308906959,0.5604395604395604,0.5934065934065934,0.5604395604395604,0.5934065934065934,0.23255813953488372,0.21306528505316322,0.21306528505316322,0.21306528505316322,0.2727272727272727,0.2727272727272727,0.2727272727272727,0.2727272727272727,108.0,0.0,0.037383177570093455,0.4613322397487557,27.0,0.0,0.0,0.29503498158173336,0.0,/media/mengh/SharedData/zhanh/auto_structbeat/caches/pilot/mscnn_final_last_gtzan/gtzan__gtzan_metal_00047__track.npy.npz
mscnn_gtzan,no_safeguard,gtzan/gtzan_metal_00048/track.npy,gtzan,0.7558139534883721,0.6478032683897172,0.6478032683897172,0.6478032683897172,0.3076923076923077,0.5714285714285714,0.3076923076923077,0.5714285714285714,0.4878048780487805,0.45189051455954876,0.45189051455954876,0.45189051455954876,0.5,0.5,0.5,0.5,99.0,0.0,0.02040816326530612,0.49356023637700963,24.0,0.0,0.0,0.650886959364082,0.0,/media/mengh/SharedData/zhanh/auto_structbeat/caches/pilot/mscnn_final_last_gtzan/gtzan__gtzan_metal_00048__track.npy.npz
mscnn_gtzan,no_safeguard,gtzan/gtzan_metal_00049/track.npy,gtzan,0.6545454545454545,0.4715454281924644,0.48996665511806237,0.4807560416552634,0.07228915662650602,0.3855421686746988,0.1686746987951807,0.3855421686746988,0.6190476190476191,0.4309454851150238,0.4309454851150238,0.4309454851150238,1.0,1.0,1.0,1.0,99.0,0.0,0.0,0.46354047955513245,25.0,0.0,0.0,0.1843300944325043,0.0,/media/mengh/SharedData/zhanh/auto_structbeat/caches/pilot/mscnn_final_last_gtzan/gtzan__gtzan_metal_00049__track.npy.npz
mscnn_gtzan,no_safeguard,gtzan/gtzan_metal_00050/track.npy,gtzan,0.8735632183908046,0.7612327066498075,0.7612327066498075,0.7612327066498075,0.3617021276595745,0.6382978723404256,0.3617021276595745,0.6382978723404256,0.7804878048780488,0.7206015533106334,0.7206015533106334,0.7206015533106334,0.5217391304347826,0.6521739130434783,0.5217391304347826,0.6521739130434783,99.0,0.0,0.0,0.5636563293989248,23.0,0.0,0.0,0.7817005779013911,0.0,/media/mengh/SharedData/zhanh/auto_structbeat/caches/pilot/mscnn_final_last_gtzan/gtzan__gtzan_metal_00050__track.npy.npz
mscnn_gtzan,no_safeguard,gtzan/gtzan_metal_00051/track.npy,gtzan,0.9248554913294798,0.8551177784090485,0.8551177784090485,0.8551177784090485,0.7362637362637363,0.7472527472527473,0.7362637362637363,0.7472527472527473,0.8780487804878049,0.8011360997105315,0.8011360997105315,0.8011360997105315,0.8181818181818182,0.8181818181818182,0.8181818181818182,0.8181818181818182,101.0,0.0,0.0,0.29374453463343136,24.0,0.0,0.0,0.08790110509978134,0.0,/media/mengh/SharedData/zhanh/auto_structbeat/caches/pilot/mscnn_final_last_gtzan/gtzan__gtzan_metal_00051__track.npy.npz
mscnn_gtzan,no_safeguard,gtzan/gtzan_metal_00052/track.npy,gtzan,1.0,0.910431316828095,0.910431316828095,0.910431316828095,1.0,1.0,1.0,1.0,1.0,0.9273231030481986,0.9273231030481986,0.9273231030481986,1.0,1.0,1.0,1.0,80.0,0.0,0.0,0.10536051565782922,20.0,0.0,0.0,0.04280877853275798,0.0,/media/mengh/SharedData/zhanh/auto_structbeat/caches/pilot/mscnn_final_last_gtzan/gtzan__gtzan_metal_00052__track.npy.npz
mscnn_gtzan,no_safeguard,gtzan/gtzan_metal_00053/track.npy,gtzan,0.7912087912087913,0.6744246607341194,0.6744246607341194,0.6744246607341194,0.21153846153846154,0.41346153846153844,0.21153846153846154,0.41346153846153844,0.6511627906976744,0.5879326923792808,0.5879326923792808,0.5879326923792808,0.4230769230769231,0.4230769230769231,0.4230769230769231,0.4230769230769231,99.0,0.0,0.02040816326530612,0.6156939363375847,23.0,0.0,0.0,0.36136978824293964,0.0,/media/mengh/SharedData/zhanh/auto_structbeat/caches/pilot/mscnn_final_last_gtzan/gtzan__gtzan_metal_00053__track.npy.npz
mscnn_gtzan,no_safeguard,gtzan/gtzan_metal_00054/track.npy,gtzan,0.7272727272727274,0.6222077822614493,0.6307991493388663,0.6265034658001578,0.125,0.3173076923076923,0.20833333333333334,0.3472222222222222,0.6976744186046512,0.617756215647179,0.617756215647179,0.617756215647179,0.38461538461538464,0.38461538461538464,0.38461538461538464,0.38461538461538464,83.0,0.0,0.06097560975609756,0.3364722366212205,20.0,0.0,0.0,0.6787787978172943,0.0,/media/mengh/SharedData/zhanh/auto_structbeat/caches/pilot/mscnn_final_last_gtzan/gtzan__gtzan_metal_00054__track.npy.npz
mscnn_gtzan,no_safeguard,gtzan/gtzan_metal_00055/track.npy,gtzan,1.0,0.9383245814995419,0.9383245814995419,0.9383245814995419,1.0,1.0,1.0,1.0,1.0,0.9334442184267476,0.9334442184267476,0.9334442184267476,1.0,1.0,1.0,1.0,85.0,0.0,0.0,0.1112256351102221,21.0,0.0,0.0,0.06025896352212891,0.0,/media/mengh/SharedData/zhanh/auto_structbeat/caches/pilot/mscnn_final_last_gtzan/gtzan__gtzan_metal_00055__track.npy.npz
mscnn_gtzan,no_safeguard,gtzan/gtzan_metal_00056/track.npy,gtzan,0.9540229885057472,0.8769445123355755,0.8769445123355755,0.8769445123355755,0.5444444444444444,0.8333333333333334,0.5444444444444444,0.8333333333333334,0.8181818181818182,0.7482775360609114,0.7482775360609114,0.7482775360609114,0.4782608695652174,0.6956521739130435,0.4782608695652174,0.6956521739130435,93.0,0.0,0.010869565217391304,0.6931471805599488,23.0,0.0,0.0,0.4533211292857991,0.0,/media/mengh/SharedData/zhanh/auto_structbeat/caches/pilot/mscnn_final_last_gtzan/gtzan__gtzan_metal_00056__track.npy.npz
mscnn_gtzan,no_safeguard,gtzan/gtzan_metal_00057/track.npy,gtzan,1.0,0.9102876042743738,0.9102876042743738,0.9102876042743738,1.0,1.0,1.0,1.0,0.6666666666666666,0.5831939283861588,0.8804368206595927,0.7318153745228757,0.0,0.0,0.9615384615384616,0.9615384615384616,64.0,0.0,0.0,0.08701137698962769,32.0,0.0,0.0,0.04306863805531461,0.0,/media/mengh/SharedData/zhanh/auto_structbeat/caches/pilot/mscnn_final_last_gtzan/gtzan__gtzan_metal_00057__track.npy.npz
mscnn_gtzan,no_safeguard,gtzan/gtzan_metal_00058/track.npy,gtzan,0.9473684210526316,0.9170778401926087,0.9170778401926087,0.9170778401926087,0.8,0.8,0.8,0.8,0.888888888888889,0.8640081613470072,0.8640081613470072,0.8640081613470072,0.8,0.8,0.8,0.8,67.0,0.0,0.0,0.04879016416943971,16.0,0.0,0.0,0.02893508877669216,0.0,/media/mengh/SharedData/zhanh/auto_structbeat/caches/pilot/mscnn_final_last_gtzan/gtzan__gtzan_metal_00058__track.npy.npz
mscnn_gtzan,no_safeguard,gtzan/gtzan_metal_00059/track.npy,gtzan,0.9523809523809524,0.882582542075708,0.882582542075708,0.882582542075708,0.7441860465116279,0.8837209302325582,0.7441860465116279,0.8837209302325582,0.5714285714285714,0.5593903816097956,0.8837754602433571,0.7215829209265763,0.0,0.0,0.7894736842105263,0.7894736842105263,51.0,0.0,0.0,0.4584227586253487,20.0,0.0,0.0,0.4543787683714918,0.0,/media/mengh/SharedData/zhanh/auto_structbeat/caches/pilot/mscnn_final_last_gtzan/gtzan__gtzan_metal_00059__track.npy.npz
mscnn_gtzan,no_safeguard,gtzan/gtzan_metal_00060/track.npy,gtzan,1.0,0.9197018923214271,0.9197018923214271,0.9197018923214271,1.0,1.0,1.0,1.0,1.0,0.9332663119780433,0.9332663119780433,0.9332663119780433,1.0,1.0,1.0,1.0,45.0,0.0,0.0,0.06062462181643358,12.0,0.0,0.0,0.014925650216675307,0.0,/media/mengh/SharedData/zhanh/auto_structbeat/caches/pilot/mscnn_final_last_gtzan/gtzan__gtzan_metal_00060__track.npy.npz
mscnn_gtzan,no_safeguard,gtzan/gtzan_metal_00061/track.npy,gtzan,1.0,0.9505755685517875,0.9505755685517875,0.9505755685517875,0.6373626373626373,0.978021978021978,0.6373626373626373,0.978021978021978,1.0,0.9470347968261837,0.9470347968261837,0.9470347968261837,1.0,1.0,1.0,1.0,110.0,0.0,0.0,0.15415067982725494,27.0,0.0,0.0,0.08563429066271527,0.0,/media/mengh/SharedData/zhanh/auto_structbeat/caches/pilot/mscnn_final_last_gtzan/gtzan__gtzan_metal_00061__track.npy.npz
mscnn_gtzan,no_safeguard,gtzan/gtzan_metal_00062/track.npy,gtzan,1.0,0.94530679191356,0.94530679191356,0.94530679191356,1.0,1.0,1.0,1.0,1.0,0.9516686379832922,0.9516686379832922,0.9516686379832922,1.0,1.0,1.0,1.0,59.0,0.0,0.0,0.04804980384342894,15.0,0.0,0.0,0.019608471388376736,0.0,/media/mengh/SharedData/zhanh/auto_structbeat/caches/pilot/mscnn_final_last_gtzan/gtzan__gtzan_metal_00062__track.npy.npz
mscnn_gtzan,no_safeguard,gtzan/gtzan_metal_00063/track.npy,gtzan,1.0,0.9479665907303484,0.9479665907303484,0.9479665907303484,1.0,1.0,1.0,1.0,1.0,0.9290171882662885,0.9290171882662885,0.9290171882662885,1.0,1.0,1.0,1.0,65.0,0.0,0.0,0.044451762570840825,17.0,0.0,0.0,0.03243527575315343,0.0,/media/mengh/SharedData/zhanh/auto_structbeat/caches/pilot/mscnn_final_last_gtzan/gtzan__gtzan_metal_00063__track.npy.npz
mscnn_gtzan,no_safeguard,gtzan/gtzan_metal_00064/track.npy,gtzan,1.0,0.9677319534242582,0.9677319534242582,0.9677319534242582,1.0,1.0,1.0,1.0,1.0,0.9651184608590206,0.9651184608590206,0.9651184608590206,1.0,1.0,1.0,1.0,47.0,0.0,0.0,0.03174869831458238,12.0,0.0,0.0,0.015692989388862533,0.0,/media/mengh/SharedData/zhanh/auto_structbeat/caches/pilot/mscnn_final_last_gtzan/gtzan__gtzan_metal_00064__track.npy.npz
mscnn_gtzan,no_safeguard,gtzan/gtzan_metal_00065/track.npy,gtzan,0.7346938775510203,0.7051443775635072,0.7051443775635072,0.7051443775635072,0.7346938775510204,0.7346938775510204,0.7346938775510204,0.7346938775510204,0.6923076923076923,0.6640794225004221,0.6640794225004221,0.6640794225004221,1.0,1.0,1.0,1.0,59.0,0.0,0.0,0.07757737444361253,15.0,0.0,0.0,0.13491931789936962,0.0,/media/mengh/SharedData/zhanh/auto_structbeat/caches/pilot/mscnn_final_last_gtzan/gtzan__gtzan_metal_00065__track.npy.npz
mscnn_gtzan,no_safeguard,gtzan/gtzan_metal_00066/track.npy,gtzan,0.7692307692307693,0.7290584108254837,0.8031188239136686,0.7660886173695762,0.275,0.275,0.30612244897959184,0.5510204081632653,0.7499999999999999,0.6998909527667816,0.7179788999598319,0.7089349263633067,0.3,0.3,0.3,0.45454545454545453,50.0,0.0,0.0,0.0845723427290001,12.0,0.0,0.0,0.6858397133497691,0.0,/media/mengh/SharedData/zhanh/auto_structbeat/caches/pilot/mscnn_final_last_gtzan/gtzan__gtzan_metal_00066__track.npy.npz
mscnn_gtzan,no_safeguard,gtzan/gtzan_metal_00067/track.npy,gtzan,1.0,0.9846490720457609,0.9846490720457609,0.9846490720457609,1.0,1.0,1.0,1.0,0.6666666666666666,0.6544075191700792,0.9608285602093156,0.8076180396896975,0.0,0.0,0.9642857142857143,0.9642857142857143,67.0,0.0,0.0,0.044451762570840825,33.0,0.0,0.0,0.021978906718776003,0.0,/media/mengh/SharedData/zhanh/auto_structbeat/caches/pilot/mscnn_final_last_gtzan/gtzan__gtzan_metal_00067__track.npy.npz
mscnn_gtzan,no_safeguard,gtzan/gtzan_metal_00068/track.npy,gtzan,1.0,0.9783220588210264,0.9783220588210264,0.9783220588210264,1.0,1.0,1.0,1.0,1.0,0.9869871959086304,0.9869871959086304,0.9869871959086304,1.0,1.0,1.0,1.0,83.0,0.0,0.0,0.05406722127028396,20.0,0.0,0.0,0.02708421765794782,0.0,/media/mengh/SharedData/zhanh/auto_structbeat/caches/pilot/mscnn_final_last_gtzan/gtzan__gtzan_metal_00068__track.npy.npz
mscnn_gtzan,no_safeguard,gtzan/gtzan_metal_00069/track.npy,gtzan,1.0,0.9417677533897149,0.9417677533897149,0.9417677533897149,1.0,1.0,1.0,1.0,1.0,0.9365942618010851,0.9365942618010851,0.9365942618010851,1.0,1.0,1.0,1.0,82.0,0.0,0.0,0.057158413839947464,20.0,0.0,0.0,0.03151036353414688,0.0,/media/mengh/SharedData/zhanh/auto_structbeat/caches/pilot/mscnn_final_last_gtzan/gtzan__gtzan_metal_00069__track.npy.npz
mscnn_gtzan,no_safeguard,gtzan/gtzan_metal_00070/track.npy,gtzan,1.0,0.9404311167992905,0.9404311167992905,0.9404311167992905,1.0,1.0,1.0,1.0,1.0,0.9280817610103047,0.9280817610103047,0.9280817610103047,1.0,1.0,1.0,1.0,58.0,0.0,0.0,0.03922071315328257,15.0,0.0,0.0,0.013546249738373515,0.0,/media/mengh/SharedData/zhanh/auto_structbeat/caches/pilot/mscnn_final_last_gtzan/gtzan__gtzan_metal_00070__track.npy.npz
mscnn_gtzan,no_safeguard,gtzan/gtzan_metal_00071/track.npy,gtzan,1.0,0.948497480279421,0.948497480279421,0.948497480279421,1.0,1.0,1.0,1.0,0.9411764705882353,0.9026175427078156,0.9026175427078156,0.9026175427078156,0.8888888888888888,0.8888888888888888,0.8888888888888888,0.8888888888888888,42.0,0.0,0.0,0.028170876966698233,10.0,0.0,0.0,0.007067167223092197,0.0,/media/mengh/SharedData/zhanh/auto_structbeat/caches/pilot/mscnn_final_last_gtzan/gtzan__gtzan_metal_00071__track.npy.npz
mscnn_gtzan,no_safeguard,gtzan/gtzan_metal_00072/track.npy,gtzan,1.0,0.9299638948081531,0.9299638948081531,0.9299638948081531,1.0,1.0,1.0,1.0,1.0,0.9440413577801324,0.9440413577801324,0.9440413577801324,1.0,1.0,1.0,1.0,60.0,0.0,0.0,0.04670510149324778,15.0,0.0,0.0,0.03230933017337086,0.0,/media/mengh/SharedData/zhanh/auto_structbeat/caches/pilot/mscnn_final_last_gtzan/gtzan__gtzan_metal_00072__track.npy.npz
mscnn_gtzan,no_safeguard,gtzan/gtzan_metal_00073/track.npy,gtzan,0.8611111111111112,0.8065635109064923,0.8065635109064923,0.8065635109064923,0.5121951219512195,0.5121951219512195,0.5121951219512195,0.5121951219512195,0.6666666666666666,0.6335381010049207,0.9103228914264493,0.771930496215685,0.0,0.0,0.9375,0.9375,47.0,0.0,0.0,0.08600617667735296,19.0,0.0,0.0,0.014516598741689504,0.0,/media/mengh/SharedData/zhanh/auto_structbeat/caches/pilot/mscnn_final_last_gtzan/gtzan__gtzan_metal_00073__track.npy.npz
mscnn_gtzan,no_safeguard,gtzan/gtzan_metal_00074/track.npy,gtzan,0.9902912621359222,0.9441309976481171,0.9441309976481171,0.9441309976481171,0.9807692307692307,0.9807692307692307,0.9807692307692307,0.9807692307692307,0.6666666666666666,0.646081063328783,0.942269117192524,0.7941750902606535,0.0,0.0,0.9615384615384616,0.9615384615384616,63.0,0.0,0.0,0.04255961441879319,31.0,0.0,0.0,0.040821994520256456,0.0,/media/mengh/SharedData/zhanh/auto_structbeat/caches/pilot/mscnn_final_last_gtzan/gtzan__gtzan_metal_00074__track.npy.npz
mscnn_gtzan,no_safeguard,gtzan/gtzan_metal_00075/track.npy,gtzan,1.0,0.9574205723922782,0.9574205723922782,0.9574205723922782,1.0,1.0,1.0,1.0,1.0,0.9461159116787357,0.9461159116787357,0.9461159116787357,1.0,1.0,1.0,1.0,56.0,0.0,0.0,0.03774032798284954,14.0,0.0,0.0,0.009478743954543279,0.0,/media/mengh/SharedData/zhanh/auto_structbeat/caches/pilot/mscnn_final_last_gtzan/gtzan__gtzan_metal_00075__track.npy.npz
mscnn_gtzan,no_safeguard,gtzan/gtzan_metal_00076/track.npy,gtzan,1.0,0.8753089477755668,0.8753089477755668,0.8753089477755668,1.0,1.0,1.0,1.0,0.888888888888889,0.7594467320774333,0.7594467320774333,0.7594467320774333,0.7857142857142857,0.7857142857142857,0.7857142857142857,0.7857142857142857,74.0,0.0,0.0273972602739726,0.617644599193166,15.0,0.0,0.0,0.3461108085962349,0.0,/media/mengh/SharedData/zhanh/auto_structbeat/caches/pilot/mscnn_final_last_gtzan/gtzan__gtzan_metal_00076__track.npy.npz
mscnn_gtzan,no_safeguard,gtzan/gtzan_metal_00077/track.npy,gtzan,0.6616541353383459,0.6108756893487552,0.6108756893487552,0.6108756893487552,0.16901408450704225,0.352112676056338,0.16901408450704225,0.352112676056338,0.6808510638297872,0.6343963215438231,0.8525076280369869,0.7434519747904049,0.03225806451612903,0.03225806451612903,0.3225806451612903,0.8064516129032258,90.0,0.0,0.011235955056179775,0.6532262063766678,38.0,0.0,0.0,0.634421505892943,0.0,/media/mengh/SharedData/zhanh/auto_structbeat/caches/pilot/mscnn_final_last_gtzan/gtzan__gtzan_metal_00077__track.npy.npz
mscnn_gtzan,no_safeguard,gtzan/gtzan_metal_00078/track.npy,gtzan,1.0,0.783433423996657,0.783433423996657,0.783433423996657,0.4819277108433735,0.8795180722891566,0.4819277108433735,0.8795180722891566,1.0,0.8163710557993552,0.8163710557993552,0.8163710557993552,1.0,1.0,1.0,1.0,100.0,0.0,0.0,0.40546510810814274,25.0,0.0,0.0,0.07955187369935716,0.0,/media/mengh/SharedData/zhanh/auto_structbeat/caches/pilot/mscnn_final_last_gtzan/gtzan__gtzan_metal_00078__track.npy.npz
mscnn_gtzan,no_safeguard,gtzan/gtzan_metal_00079/track.npy,gtzan,0.9142857142857143,0.8554688063577155,0.8554688063577155,0.8554688063577155,0.6415094339622641,0.8867924528301887,0.6415094339622641,0.8867924528301887,0.7741935483870968,0.7393804780186426,0.7602035524348367,0.7497920152267397,0.3888888888888889,0.3888888888888889,0.44,0.44,63.0,0.0,0.0,0.6131044728863964,23.0,0.0,0.0,0.24869662573882545,0.0,/media/mengh/SharedData/zhanh/auto_structbeat/caches/pilot/mscnn_final_last_gtzan/gtzan__gtzan_metal_00079__track.npy.npz
mscnn_gtzan,no_safeguard,gtzan/gtzan_metal_00080/track.npy,gtzan,0.8095238095238095,0.7861278488447748,0.8230913678409505,0.8046096083428627,0.28,0.36,0.47058823529411764,0.47058823529411764,0.8181818181818181,0.7838844598560836,0.7838844598560836,0.7838844598560836,0.3076923076923077,0.38461538461538464,0.4444444444444444,0.4444444444444444,41.0,0.0,0.0,0.027398974188118708,11.0,0.0,0.0,0.00682596507040083,0.0,/media/mengh/SharedData/zhanh/auto_structbeat/caches/pilot/mscnn_final_last_gtzan/gtzan__gtzan_metal_00080__track.npy.npz
mscnn_gtzan,no_safeguard,gtzan/gtzan_metal_00081/track.npy,gtzan,1.0,0.9508779847525809,0.9508779847525809,0.9508779847525809,1.0,1.0,1.0,1.0,0.7317073170731707,0.6775669351552912,0.8586126631799977,0.7680897991676445,0.19230769230769232,0.19230769230769232,0.6896551724137931,0.6896551724137931,72.0,0.0,0.0,0.08701137698962991,29.0,0.0,0.0,0.3336312269126329,0.0,/media/mengh/SharedData/zhanh/auto_structbeat/caches/pilot/mscnn_final_last_gtzan/gtzan__gtzan_metal_00081__track.npy.npz
mscnn_gtzan,no_safeguard,gtzan/gtzan_metal_00082/track.npy,gtzan,1.0,0.9656725052027346,0.9656725052027346,0.9656725052027346,1.0,1.0,1.0,1.0,1.0,0.9693065818393001,0.9693065818393001,0.9693065818393001,1.0,1.0,1.0,1.0,61.0,0.0,0.0,0.04082199452025622,16.0,0.0,0.0,0.01380983017959694,0.0,/media/mengh/SharedData/zhanh/auto_structbeat/caches/pilot/mscnn_final_last_gtzan/gtzan__gtzan_metal_00082__track.npy.npz
mscnn_gtzan,no_safeguard,gtzan/gtzan_metal_00083/track.npy,gtzan,1.0,0.9658263058911567,0.9658263058911567,0.9658263058911567,1.0,1.0,1.0,1.0,0.6666666666666666,0.6273433492219764,0.9109288181237193,0.7691360836728478,0.0,0.0,0.9583333333333334,0.9583333333333334,59.0,0.0,0.0,0.03954096942668072,29.0,0.0,0.0,0.039220713153280476,0.0,/media/mengh/SharedData/zhanh/auto_structbeat/caches/pilot/mscnn_final_last_gtzan/gtzan__gtzan_metal_00083__track.npy.npz
mscnn_gtzan,no_safeguard,gtzan/gtzan_metal_00084/track.npy,gtzan,0.9919999999999999,0.9584234310887814,0.9584234310887814,0.9584234310887814,0.9841269841269841,0.9841269841269841,0.9841269841269841,0.9841269841269841,0.967741935483871,0.9151934477994842,0.9151934477994842,0.9151934477994842,0.9375,0.9375,0.9375,0.9375,75.0,0.0,0.0,0.10008345855698275,19.0,0.0,0.0,0.014876538516921625,0.0,/media/mengh/SharedData/zhanh/auto_structbeat/caches/pilot/mscnn_final_last_gtzan/gtzan__gtzan_metal_00084__track.npy.npz
mscnn_gtzan,no_safeguard,gtzan/gtzan_metal_00085/track.npy,gtzan,1.0,0.9269240205335308,0.9269240205335308,0.9269240205335308,1.0,1.0,1.0,1.0,1.0,0.9106753775749625,0.9106753775749625,0.9106753775749625,1.0,1.0,1.0,1.0,51.0,0.0,0.0,0.033901551675685405,12.0,0.0,0.0,0.03003886701455447,0.0,/media/mengh/SharedData/zhanh/auto_structbeat/caches/pilot/mscnn_final_last_gtzan/gtzan__gtzan_metal_00085__track.npy.npz
mscnn_gtzan,no_safeguard,gtzan/gtzan_metal_00086/track.npy,gtzan,1.0,0.9635462787222648,0.9635462787222648,0.9635462787222648,1.0,1.0,1.0,1.0,1.0,0.9465094847447523,0.9465094847447523,0.9465094847447523,1.0,1.0,1.0,1.0,61.0,0.0,0.0,0.04082199452025792,15.0,0.0,0.0,0.020619287202735558,0.0,/media/mengh/SharedData/zhanh/auto_structbeat/caches/pilot/mscnn_final_last_gtzan/gtzan__gtzan_metal_00086__track.npy.npz
mscnn_gtzan,no_safeguard,gtzan/gtzan_metal_00087/track.npy,gtzan,0.8175182481751825,0.7582637331972047,0.7788850168744508,0.7685743750358278,0.275,0.375,0.3508771929824561,0.38596491228070173,0.8235294117647058,0.7731590465843835,0.7731590465843835,0.7731590465843835,0.45,0.45,0.45,0.45,73.0,0.0,0.0,0.4195109755416687,18.0,0.0,0.0,0.5669406355220471,0.0,/media/mengh/SharedData/zhanh/auto_structbeat/caches/pilot/mscnn_final_last_gtzan/gtzan__gtzan_metal_00087__track.npy.npz
mscnn_gtzan,no_safeguard,gtzan/gtzan_metal_00088/track.npy,gtzan,1.0,0.9518322631191737,0.9518322631191737,0.9518322631191737,1.0,1.0,1.0,1.0,1.0,0.9595235577741013,0.9595235577741013,0.9595235577741013,1.0,1.0,1.0,1.0,58.0,0.0,0.0,0.03922071315328257,15.0,0.0,0.0,0.01960847138837656,0.0,/media/mengh/SharedData/zhanh/auto_structbeat/caches/pilot/mscnn_final_last_gtzan/gtzan__gtzan_metal_00088__track.npy.npz
mscnn_gtzan,no_safeguard,gtzan/gtzan_metal_00089/track.npy,gtzan,0.6881720430107526,0.6291247570385489,0.9049074280765956,0.7670160925575722,0.03278688524590164,0.03278688524590164,0.9365079365079365,0.9365079365079365,0.6956521739130436,0.6438053859229124,0.9386589608655462,0.7912321733942294,0.0,0.0,1.0,1.0,74.0,0.0,0.0,0.10008345855698497,18.0,0.0,0.0,0.041326842819837575,0.0,/media/mengh/SharedData/zhanh/auto_structbeat/caches/pilot/mscnn_final_last_gtzan/gtzan__gtzan_metal_00089__track.npy.npz
mscnn_gtzan,no_safeguard,gtzan/gtzan_metal_00090/track.npy,gtzan,0.9722222222222222,0.9155943112117073,0.9155943112117073,0.9155943112117073,0.8378378378378378,0.8918918918918919,0.8378378378378378,0.8918918918918919,0.918918918918919,0.8537719320654141,0.8537719320654141,0.8537719320654141,0.7894736842105263,0.7894736842105263,0.7894736842105263,0.7894736842105263,85.0,0.0,0.0,0.6267690771440345,22.0,0.0,0.0,0.4160129605043237,0.0,/media/mengh/SharedData/zhanh/auto_structbeat/caches/pilot/mscnn_final_last_gtzan/gtzan__gtzan_metal_00090__track.npy.npz
mscnn_gtzan,no_safeguard,gtzan/gtzan_metal_00091/track.npy,gtzan,0.8333333333333334,0.7282449490250561,0.7282449490250561,0.7282449490250561,0.6666666666666666,0.6825396825396826,0.6666666666666666,0.6825396825396826,0.8275862068965518,0.7743624955040216,0.7743624955040216,0.7743624955040216,0.7333333333333333,0.7333333333333333,0.7333333333333333,0.7333333333333333,80.0,0.0,0.02531645569620253,0.7884573603642713,18.0,0.0,0.0,0.37859612378212,0.0,/media/mengh/SharedData/zhanh/auto_structbeat/caches/pilot/mscnn_final_last_gtzan/gtzan__gtzan_metal_00091__track.npy.npz
mscnn_gtzan,no_safeguard,gtzan/gtzan_metal_00092/track.npy,gtzan,0.9734513274336283,0.9208235158441215,0.9208235158441215,0.9208235158441215,0.49122807017543857,0.9298245614035088,0.49122807017543857,0.9298245614035088,0.3529411764705882,0.32414603857843705,0.436939823340884,0.3805429309596605,0.0,0.0,0.4074074074074074,0.4074074074074074,66.0,0.0,0.0,0.07399064704170125,25.0,0.0,0.0,0.545227238327118,0.0,/media/mengh/SharedData/zhanh/auto_structbeat/caches/pilot/mscnn_final_last_gtzan/gtzan__gtzan_metal_00092__track.npy.npz
mscnn_gtzan,no_safeguard,gtzan/gtzan_metal_00093/track.npy,gtzan,0.965034965034965,0.9242238770099263,0.9242238770099263,0.9242238770099263,0.7361111111111112,0.9166666666666666,0.7361111111111112,0.9166666666666666,1.0,0.9401692992984406,0.9401692992984406,0.9401692992984406,1.0,1.0,1.0,1.0,85.0,0.0,0.0,0.32459858835242034,21.0,0.0,0.0,0.028573372444057943,0.0,/media/mengh/SharedData/zhanh/auto_structbeat/caches/pilot/mscnn_final_last_gtzan/gtzan__gtzan_metal_00093__track.npy.npz
mscnn_gtzan,no_safeguard,gtzan/gtzan_metal_00094/track.npy,gtzan,0.6616541353383459,0.5579602590083157,0.5579602590083157,0.5579602590083157,0.47761194029850745,0.6119402985074627,0.47761194029850745,0.6119402985074627,0.6451612903225806,0.528184696826435,0.528184696826435,0.528184696826435,0.9375,0.9375,0.9375,0.9375,81.0,0.0,0.0125,0.6259242667829331,19.0,0.0,0.0,0.18519930428437414,0.0,/media/mengh/SharedData/zhanh/auto_structbeat/caches/pilot/mscnn_final_last_gtzan/gtzan__gtzan_metal_00094__track.npy.npz
mscnn_gtzan,no_safeguard,gtzan/gtzan_metal_00095/track.npy,gtzan,0.96875,0.816033952993497,0.816033952993497,0.816033952993497,1.0,1.0,1.0,1.0,0.5833333333333334,0.5291371813638782,0.7892317955608321,0.6591844884623552,0.0,0.0,0.9375,0.9375,38.0,0.0,0.0,0.051293294387554034,19.0,0.0,0.0,0.015254782218802013,0.0,/media/mengh/SharedData/zhanh/auto_structbeat/caches/pilot/mscnn_final_last_gtzan/gtzan__gtzan_metal_00095__track.npy.npz
mscnn_gtzan,no_safeguard,gtzan/gtzan_metal_00096/track.npy,gtzan,0.810126582278481,0.7315081281417578,0.7315081281417578,0.7315081281417578,0.6190476190476191,0.6190476190476191,0.6190476190476191,0.6190476190476191,0.6666666666666666,0.6404750584412822,0.6404750584412822,0.6404750584412822,0.6363636363636364,0.6363636363636364,0.6363636363636364,0.6363636363636364,55.0,0.0,0.0,0.29320586582774805,14.0,0.0,0.0,0.3739840352785817,0.0,/media/mengh/SharedData/zhanh/auto_structbeat/caches/pilot/mscnn_final_last_gtzan/gtzan__gtzan_metal_00096__track.npy.npz
mscnn_gtzan,no_safeguard,gtzan/gtzan_metal_00097/track.npy,gtzan,0.6666666666666666,0.6188471998172783,0.9163056617956531,0.7675764308064656,0.0,0.0,0.9852941176470589,0.9852941176470589,0.6923076923076924,0.6387044458013118,0.9337186948355993,0.7862115703184556,0.0,0.0,1.0,1.0,81.0,0.0,0.0,0.11122563511023142,20.0,0.0,0.0,0.04147327351021871,0.0,/media/mengh/SharedData/zhanh/auto_structbeat/caches/pilot/mscnn_final_last_gtzan/gtzan__gtzan_metal_00097__track.npy.npz
mscnn_gtzan,no_safeguard,gtzan/gtzan_metal_00098/track.npy,gtzan,1.0,0.9507400767101153,0.9507400767101153,0.9507400767101153,1.0,1.0,1.0,1.0,1.0,0.9702837175940149,0.9702837175940149,0.9702837175940149,1.0,1.0,1.0,1.0,39.0,0.0,0.0,0.056231816905624385,10.0,0.0,0.0,0.02145929471069357,0.0,/media/mengh/SharedData/zhanh/auto_structbeat/caches/pilot/mscnn_final_last_gtzan/gtzan__gtzan_metal_00098__track.npy.npz
mscnn_gtzan,no_safeguard,gtzan/gtzan_metal_00099/track.npy,gtzan,0.9836065573770492,0.8622413001281237,0.8622413001281237,0.8622413001281237,0.8709677419354839,0.9354838709677419,0.8709677419354839,0.9354838709677419,0.6666666666666667,0.5863502965995099,0.8293866593242024,0.7078684779618561,0.0,0.0,0.8666666666666667,0.8666666666666667,37.0,0.0,0.0,0.22071905692412377,16.0,0.0,0.0,0.028626401412861577,0.0,/media/mengh/SharedData/zhanh/auto_structbeat/caches/pilot/mscnn_final_last_gtzan/gtzan__gtzan_metal_00099__track.npy.npz
mscnn_gtzan,no_safeguard,gtzan/gtzan_pop_00000/track.npy,gtzan,1.0,0.9806793667597944,0.9806793667597944,0.9806793667597944,1.0,1.0,1.0,1.0,1.0,0.9860856554837639,0.9860856554837639,0.9860856554837639,1.0,1.0,1.0,1.0,33.0,0.0,0.0,0.04445176257083337,8.0,0.0,0.0,0.0055401803756163215,0.0,/media/mengh/SharedData/zhanh/auto_structbeat/caches/pilot/mscnn_final_last_gtzan/gtzan__gtzan_pop_00000__track.npy.npz
mscnn_gtzan,no_safeguard,gtzan/gtzan_pop_00001/track.npy,gtzan,0.9887640449438202,0.8694263034368247,0.8694263034368247,0.8694263034368247,0.9777777777777777,0.9777777777777777,0.9777777777777777,0.9777777777777777,0.9565217391304348,0.8771341805550855,0.8771341805550855,0.8771341805550855,0.9166666666666666,0.9166666666666666,0.9166666666666666,0.9166666666666666,54.0,0.0,0.0,0.1091992919649909,14.0,0.0,0.0,0.016846557512157585,0.0,/media/mengh/SharedData/zhanh/auto_structbeat/caches/pilot/mscnn_final_last_gtzan/gtzan__gtzan_pop_00001__track.npy.npz
mscnn_gtzan,no_safeguard,gtzan/gtzan_pop_00002/track.npy,gtzan,0.9904761904761905,0.9552020995788968,0.9552020995788968,0.9552020995788968,0.9811320754716981,0.9811320754716981,0.9811320754716981,0.9811320754716981,1.0,0.955637616317569,0.955637616317569,0.955637616317569,1.0,1.0,1.0,1.0,64.0,0.0,0.0,0.042559614418802336,16.0,0.0,0.0,0.010471299867296424,0.0,/media/mengh/SharedData/zhanh/auto_structbeat/caches/pilot/mscnn_final_last_gtzan/gtzan__gtzan_pop_00002__track.npy.npz
mscnn_gtzan,no_safeguard,gtzan/gtzan_pop_00003/track.npy,gtzan,0.9870129870129869,0.9506825816859404,0.9506825816859404,0.9506825816859404,0.9743589743589743,0.9743589743589743,0.9743589743589743,0.9743589743589743,0.9473684210526316,0.9146625141020154,0.9146625141020154,0.9146625141020154,0.9,0.9,0.9,0.9,46.0,0.0,0.0,0.030771658666755797,11.0,0.0,0.0,0.015384918839480299,0.0,/media/mengh/SharedData/zhanh/auto_structbeat/caches/pilot/mscnn_final_last_gtzan/gtzan__gtzan_pop_00003__track.npy.npz
mscnn_gtzan,no_safeguard,gtzan/gtzan_pop_00004/track.npy,gtzan,1.0,0.9556069848502176,0.9556069848502176,0.9556069848502176,1.0,1.0,1.0,1.0,1.0,0.9794377609689118,0.9794377609689118,0.9794377609689118,1.0,1.0,1.0,1.0,40.0,0.0,0.0,0.058640746283942544,10.0,0.0,0.0,0.006688988150796993,0.0,/media/mengh/SharedData/zhanh/auto_structbeat/caches/pilot/mscnn_final_last_gtzan/gtzan__gtzan_pop_00004__track.npy.npz
mscnn_gtzan,no_safeguard,gtzan/gtzan_pop_00005/track.npy,gtzan,1.0,0.9433780344408216,0.9433780344408216,0.9433780344408216,1.0,1.0,1.0,1.0,1.0,0.9179724318747576,0.9179724318747576,0.9179724318747576,1.0,1.0,1.0,1.0,44.0,0.0,0.0,0.0741079721537223,11.0,0.0,0.0,0.1550883384391292,0.0,/media/mengh/SharedData/zhanh/auto_structbeat/caches/pilot/mscnn_final_last_gtzan/gtzan__gtzan_pop_00005__track.npy.npz
mscnn_gtzan,no_safeguard,gtzan/gtzan_pop_00006/track.npy,gtzan,0.9743589743589743,0.9225029010217654,0.9225029010217654,0.9225029010217654,0.9743589743589743,0.9743589743589743,0.9743589743589743,0.9743589743589743,0.9,0.8510793155021975,0.8510793155021975,0.8510793155021975,1.0,1.0,1.0,1.0,47.0,0.0,0.0,0.030771658666758572,12.0,0.0,0.0,0.020663819669518,0.0,/media/mengh/SharedData/zhanh/auto_structbeat/caches/pilot/mscnn_final_last_gtzan/gtzan__gtzan_pop_00006__track.npy.npz
mscnn_gtzan,no_safeguard,gtzan/gtzan_pop_00007/track.npy,gtzan,0.9473684210526316,0.8803091052116027,0.8803091052116027,0.8803091052116027,0.4666666666666667,0.8,0.4666666666666667,0.8,0.5882352941176471,0.5276747266175746,0.6588742370056511,0.5932744818116129,0.09090909090909091,0.09090909090909091,0.5454545454545454,0.5454545454545454,35.0,0.0,0.0,0.3453774029956779,14.0,0.0,0.0,1.0005263848065553,0.0,/media/mengh/SharedData/zhanh/auto_structbeat/caches/pilot/mscnn_final_last_gtzan/gtzan__gtzan_pop_00007__track.npy.npz
mscnn_gtzan,no_safeguard,gtzan/gtzan_pop_00008/track.npy,gtzan,1.0,0.9764589181832,0.9764589181832,0.9764589181832,1.0,1.0,1.0,1.0,1.0,0.973058028472278,0.973058028472278,0.973058028472278,1.0,1.0,1.0,1.0,42.0,0.0,0.0,0.055569851154809724,10.0,0.0,0.0,0.007017572658647142,0.0,/media/mengh/SharedData/zhanh/auto_structbeat/caches/pilot/mscnn_final_last_gtzan/gtzan__gtzan_pop_00008__track.npy.npz
mscnn_gtzan,no_safeguard,gtzan/gtzan_pop_00009/track.npy,gtzan,0.9885057471264368,0.9513834524372936,0.9513834524372936,0.9513834524372936,0.9772727272727273,0.9772727272727273,0.9772727272727273,0.9772727272727273,0.9523809523809523,0.9427747537146071,0.9427747537146071,0.9427747537146071,0.9090909090909091,0.9090909090909091,0.9090909090909091,0.9090909090909091,52.0,0.0,0.0,0.06899287148694555,13.0,0.0,0.0,0.017544309650909917,0.0,/media/mengh/SharedData/zhanh/auto_structbeat/caches/pilot/mscnn_final_last_gtzan/gtzan__gtzan_pop_00009__track.npy.npz
mscnn_gtzan,no_safeguard,gtzan/gtzan_pop_00010/track.npy,gtzan,0.9777777777777777,0.8758265702280705,0.8758265702280705,0.8758265702280705,0.9777777777777777,0.9777777777777777,0.9777777777777777,0.9777777777777777,1.0,0.8243306345904273,0.8243306345904273,0.8243306345904273,1.0,1.0,1.0,1.0,54.0,0.0,0.0,0.10515476432285388,13.0,0.0,0.0,0.03571808260208009,0.0,/media/mengh/SharedData/zhanh/auto_structbeat/caches/pilot/mscnn_final_last_gtzan/gtzan__gtzan_pop_00010__track.npy.npz
mscnn_gtzan,no_safeguard,gtzan/gtzan_pop_00011/track.npy,gtzan,0.17857142857142855,0.10704826625427435,0.1167860917041359,0.11191717897920513,0.0967741935483871,0.12903225806451613,0.0967741935483871,0.16129032258064516,0.14285714285714288,0.12280468051464548,0.1562968661095488,0.13955077331209714,0.0,0.0,0.125,0.125,38.0,0.0,0.0,0.10211599007779514,10.0,0.0,0.0,0.058033116031162325,0.0,/media/mengh/SharedData/zhanh/auto_structbeat/caches/pilot/mscnn_final_last_gtzan/gtzan__gtzan_pop_00011__track.npy.npz
mscnn_gtzan,no_safeguard,gtzan/gtzan_pop_00012/track.npy,gtzan,0.8915662650602411,0.7592377963907826,0.7592377963907826,0.7592377963907826,0.5238095238095238,0.8809523809523809,0.5238095238095238,0.8809523809523809,0.962962962962963,0.8328172820060211,0.8328172820060211,0.8328172820060211,0.9285714285714286,0.9285714285714286,0.9285714285714286,0.9285714285714286,50.0,0.0,0.0,0.2817031333552369,17.0,0.0,0.0,0.02585543794936026,0.0,/media/mengh/SharedData/zhanh/auto_structbeat/caches/pilot/mscnn_final_last_gtzan/gtzan__gtzan_pop_00012__track.npy.npz
mscnn_gtzan,no_safeguard,gtzan/gtzan_pop_00013/track.npy,gtzan,1.0,0.9756814822567131,0.9756814822567131,0.9756814822567131,1.0,1.0,1.0,1.0,1.0,0.9984847201768172,0.9984847201768172,0.9984847201768172,1.0,1.0,1.0,1.0,36.0,0.0,0.0,0.03233322567263051,9.0,0.0,0.0,1.043609643147647e-15,0.0,/media/mengh/SharedData/zhanh/auto_structbeat/caches/pilot/mscnn_final_last_gtzan/gtzan__gtzan_pop_00013__track.npy.npz
mscnn_gtzan,no_safeguard,gtzan/gtzan_pop_00014/track.npy,gtzan,0.9896907216494846,0.9197435726999169,0.9197435726999169,0.9197435726999169,0.9795918367346939,0.9795918367346939,0.9795918367346939,0.9795918367346939,1.0,0.9188645003880765,0.9188645003880765,0.9188645003880765,1.0,1.0,1.0,1.0,58.0,0.0,0.0,0.039220713153280684,14.0,0.0,0.0,0.013968163869004988,0.0,/media/mengh/SharedData/zhanh/auto_structbeat/caches/pilot/mscnn_final_last_gtzan/gtzan__gtzan_pop_00014__track.npy.npz
mscnn_gtzan,no_safeguard,gtzan/gtzan_pop_00015/track.npy,gtzan,1.0,0.9412269804662867,0.9412269804662867,0.9412269804662867,1.0,1.0,1.0,1.0,1.0,0.9295039268465742,0.9295039268465742,0.9295039268465742,1.0,1.0,1.0,1.0,52.0,0.0,0.0,0.06899287148695085,13.0,0.0,0.0,0.013024902727492738,0.0,/media/mengh/SharedData/zhanh/auto_structbeat/caches/pilot/mscnn_final_last_gtzan/gtzan__gtzan_pop_00015__track.npy.npz
mscnn_gtzan,no_safeguard,gtzan/gtzan_pop_00016/track.npy,gtzan,0.9010989010989011,0.8196543471020881,0.8196543471020881,0.8196543471020881,0.8260869565217391,0.9130434782608695,0.8260869565217391,0.9130434782608695,0.8695652173913043,0.8601035206390711,0.8601035206390711,0.8601035206390711,0.75,0.75,0.75,0.75,54.0,0.0,0.0,0.08817161673056685,13.0,0.0,0.0,0.6566081645511095,0.0,/media/mengh/SharedData/zhanh/auto_structbeat/caches/pilot/mscnn_final_last_gtzan/gtzan__gtzan_pop_00016__track.npy.npz
mscnn_gtzan,no_safeguard,gtzan/gtzan_pop_00017/track.npy,gtzan,0.9130434782608695,0.695593759747387,0.695593759747387,0.695593759747387,0.8043478260869565,0.9565217391304348,0.8043478260869565,0.9565217391304348,0.9166666666666666,0.7383902043026093,0.7383902043026093,0.7383902043026093,1.0,1.0,1.0,1.0,56.0,0.0,0.0,0.15593766620526758,14.0,0.0,0.0,0.048598891135881866,0.0,/media/mengh/SharedData/zhanh/auto_structbeat/caches/pilot/mscnn_final_last_gtzan/gtzan__gtzan_pop_00017__track.npy.npz
mscnn_gtzan,no_safeguard,gtzan/gtzan_pop_00018/track.npy,gtzan,1.0,0.8593266327335546,0.8593266327335546,0.8593266327335546,1.0,1.0,1.0,1.0,1.0,0.8562408297562804,0.8562408297562804,0.8562408297562804,1.0,1.0,1.0,1.0,61.0,0.0,0.0,0.04082199452025792,15.0,0.0,0.0,0.014254971530894396,0.0,/media/mengh/SharedData/zhanh/auto_structbeat/caches/pilot/mscnn_final_last_gtzan/gtzan__gtzan_pop_00018__track.npy.npz
mscnn_gtzan,no_safeguard,gtzan/gtzan_pop_00019/track.npy,gtzan,1.0,0.9807371538257118,0.9807371538257118,0.9807371538257118,1.0,1.0,1.0,1.0,1.0,0.9800148652058723,0.9800148652058723,0.9800148652058723,1.0,1.0,1.0,1.0,47.0,0.0,0.0,0.030771658666754353,12.0,0.0,0.0,0.01550418653596467,0.0,/media/mengh/SharedData/zhanh/auto_structbeat/caches/pilot/mscnn_final_last_gtzan/gtzan__gtzan_pop_00019__track.npy.npz
mscnn_gtzan,no_safeguard,gtzan/gtzan_pop_00020/track.npy,gtzan,0.9777777777777777,0.8392520772208485,0.8392520772208485,0.8392520772208485,1.0,1.0,1.0,1.0,0.9090909090909091,0.712012553894436,0.712012553894436,0.712012553894436,1.0,1.0,1.0,1.0,54.0,0.0,0.0,0.18232155679395862,13.0,0.0,0.0,0.05406722127027619,0.0,/media/mengh/SharedData/zhanh/auto_structbeat/caches/pilot/mscnn_final_last_gtzan/gtzan__gtzan_pop_00020__track.npy.npz
mscnn_gtzan,no_safeguard,gtzan/gtzan_pop_00021/track.npy,gtzan,0.988235294117647,0.9583062931929536,0.9583062931929536,0.9583062931929536,0.9767441860465116,0.9767441860465116,0.9767441860465116,0.9767441860465116,1.0,0.9639432468920369,0.9639432468920369,0.9639432468920369,1.0,1.0,1.0,1.0,50.0,0.0,0.0,0.03390155167568665,13.0,0.0,0.0,0.012730123990840836,0.0,/media/mengh/SharedData/zhanh/auto_structbeat/caches/pilot/mscnn_final_last_gtzan/gtzan__gtzan_pop_00021__track.npy.npz
mscnn_gtzan,no_safeguard,gtzan/gtzan_pop_00022/track.npy,gtzan,1.0,0.7729499020917505,0.7729499020917505,0.7729499020917505,1.0,1.0,1.0,1.0,1.0,0.7726813768400951,0.7726813768400951,0.7726813768400951,1.0,1.0,1.0,1.0,52.0,0.0,0.0,0.035091319811275556,13.0,0.0,0.0,0.013024902727492405,0.0,/media/mengh/SharedData/zhanh/auto_structbeat/caches/pilot/mscnn_final_last_gtzan/gtzan__gtzan_pop_00022__track.npy.npz
mscnn_gtzan,no_safeguard,gtzan/gtzan_pop_00023/track.npy,gtzan,1.0,0.9519731956636355,0.9519731956636355,0.9519731956636355,1.0,1.0,1.0,1.0,0.9523809523809523,0.9077915798734596,0.9077915798734596,0.9077915798734596,0.9090909090909091,0.9090909090909091,0.9090909090909091,0.9090909090909091,52.0,0.0,0.0,0.035091319811275556,12.0,0.0,0.0,0.008583743691391931,0.0,/media/mengh/SharedData/zhanh/auto_structbeat/caches/pilot/mscnn_final_last_gtzan/gtzan__gtzan_pop_00023__track.npy.npz
mscnn_gtzan,no_safeguard,gtzan/gtzan_pop_00024/track.npy,gtzan,1.0,0.9444657648507921,0.9444657648507921,0.9444657648507921,1.0,1.0,1.0,1.0,1.0,0.9622329856731956,0.9622329856731956,0.9622329856731956,1.0,1.0,1.0,1.0,59.0,0.0,0.0,0.0392207131532815,15.0,0.0,0.0,0.009756174945365648,0.0,/media/mengh/SharedData/zhanh/auto_structbeat/caches/pilot/mscnn_final_last_gtzan/gtzan__gtzan_pop_00024__track.npy.npz
mscnn_gtzan,no_safeguard,gtzan/gtzan_pop_00025/track.npy,gtzan,1.0,0.9681557588844769,0.9681557588844769,0.9681557588844769,1.0,1.0,1.0,1.0,1.0,0.9621984355035761,0.9621984355035761,0.9621984355035761,1.0,1.0,1.0,1.0,38.0,0.0,0.0,0.05001042057466223,9.0,0.0,0.0,4.440892098500626e-16,0.0,/media/mengh/SharedData/zhanh/auto_structbeat/caches/pilot/mscnn_final_last_gtzan/gtzan__gtzan_pop_00025__track.npy.npz
mscnn_gtzan,no_safeguard,gtzan/gtzan_pop_00026/track.npy,gtzan,0.9841269841269841,0.9630100704770412,0.9630100704770412,0.9630100704770412,0.96875,0.96875,0.96875,0.96875,1.0,0.977018012789208,0.977018012789208,0.977018012789208,1.0,1.0,1.0,1.0,38.0,0.0,0.0,0.02531780798429213,9.0,0.0,0.0,0.2802468410253418,0.0,/media/mengh/SharedData/zhanh/auto_structbeat/caches/pilot/mscnn_final_last_gtzan/gtzan__gtzan_pop_00026__track.npy.npz
mscnn_gtzan,no_safeguard,gtzan/gtzan_pop_00027/track.npy,gtzan,1.0,0.9783050405659663,0.9783050405659663,0.9783050405659663,1.0,1.0,1.0,1.0,1.0,0.9742642505887099,0.9742642505887099,0.9742642505887099,1.0,1.0,1.0,1.0,42.0,0.0,0.0,0.05556985115481211,10.0,0.0,0.0,0.0070175726586468425,0.0,/media/mengh/SharedData/zhanh/auto_structbeat/caches/pilot/mscnn_final_last_gtzan/gtzan__gtzan_pop_00027__track.npy.npz
mscnn_gtzan,no_safeguard,gtzan/gtzan_pop_00028/track.npy,gtzan,0.9047619047619048,0.7934393954422841,0.7934393954422841,0.7934393954422841,1.0,1.0,1.0,1.0,0.7272727272727273,0.5182510596457612,0.5182510596457612,0.5182510596457612,1.0,1.0,1.0,1.0,51.0,0.0,0.0,0.20067069546215288,13.0,0.0,0.0,0.03728029658382109,0.0,/media/mengh/SharedData/zhanh/auto_structbeat/caches/pilot/mscnn_final_last_gtzan/gtzan__gtzan_pop_00028__track.npy.npz
mscnn_gtzan,no_safeguard,gtzan/gtzan_pop_00029/track.npy,gtzan,1.0,0.9786595417451027,0.9786595417451027,0.9786595417451027,1.0,1.0,1.0,1.0,1.0,0.9986350737575962,0.9986350737575962,0.9986350737575962,1.0,1.0,1.0,1.0,40.0,0.0,0.0,0.026668247082165475,10.0,0.0,0.0,4.440892098500626e-16,0.0,/media/mengh/SharedData/zhanh/auto_structbeat/caches/pilot/mscnn_final_last_gtzan/gtzan__gtzan_pop_00029__track.npy.npz
mscnn_gtzan,no_safeguard,gtzan/gtzan_pop_00030/track.npy,gtzan,1.0,0.9599703163723964,0.9599703163723964,0.9599703163723964,1.0,1.0,1.0,1.0,1.0,0.9678080582051167,0.9678080582051167,0.9678080582051167,1.0,1.0,1.0,1.0,48.0,0.0,0.0,0.03252954169588951,12.0,0.0,0.0,0.015873349156289795,0.0,/media/mengh/SharedData/zhanh/auto_structbeat/caches/pilot/mscnn_final_last_gtzan/gtzan__gtzan_pop_00030__track.npy.npz
mscnn_gtzan,no_safeguard,gtzan/gtzan_pop_00031/track.npy,gtzan,1.0,0.7745090064100929,0.7745090064100929,0.7745090064100929,1.0,1.0,1.0,1.0,1.0,0.6961018988461831,0.6961018988461831,0.6961018988461831,1.0,1.0,1.0,1.0,48.0,0.0,0.0,0.054827442314645744,12.0,0.0,0.0,0.00790517950711378,0.0,/media/mengh/SharedData/zhanh/auto_structbeat/caches/pilot/mscnn_final_last_gtzan/gtzan__gtzan_pop_00031__track.npy.npz
mscnn_gtzan,no_safeguard,gtzan/gtzan_pop_00032/track.npy,gtzan,1.0,0.9600000545043945,0.9600000545043945,0.9600000545043945,1.0,1.0,1.0,1.0,1.0,0.9737908730112487,0.9737908730112487,0.9737908730112487,1.0,1.0,1.0,1.0,48.0,0.0,0.0,0.031748698314585266,12.0,0.0,0.0,0.007905179507114446,0.0,/media/mengh/SharedData/zhanh/auto_structbeat/caches/pilot/mscnn_final_last_gtzan/gtzan__gtzan_pop_00032__track.npy.npz
mscnn_gtzan,no_safeguard,gtzan/gtzan_pop_00033/track.npy,gtzan,0.5853658536585366,0.5424838559546746,0.5793579703891958,0.5609209131719353,0.6097560975609756,0.6097560975609756,0.6097560975609756,0.6097560975609756,0.5454545454545454,0.5228119579138621,0.5228119579138621,0.5228119579138621,1.0,1.0,1.0,1.0,50.0,0.0,0.0,0.06669137449867264,13.0,0.0,0.0,0.020817611541143866,0.0,/media/mengh/SharedData/zhanh/auto_structbeat/caches/pilot/mscnn_final_last_gtzan/gtzan__gtzan_pop_00033__track.npy.npz
mscnn_gtzan,no_safeguard,gtzan/gtzan_pop_00034/track.npy,gtzan,0.9873417721518987,0.9592122838393282,0.9592122838393282,0.9592122838393282,0.975,0.975,0.975,0.975,1.0,0.9762117967711585,0.9762117967711585,0.9762117967711585,1.0,1.0,1.0,1.0,48.0,0.0,0.0,0.031748698314585266,12.0,0.0,0.0,0.012414665004313406,0.0,/media/mengh/SharedData/zhanh/auto_structbeat/caches/pilot/mscnn_final_last_gtzan/gtzan__gtzan_pop_00034__track.npy.npz
mscnn_gtzan,no_safeguard,gtzan/gtzan_pop_00035/track.npy,gtzan,1.0,0.9524298414522461,0.9524298414522461,0.9524298414522461,1.0,1.0,1.0,1.0,1.0,0.9766699895476509,0.9766699895476509,0.9766699895476509,1.0,1.0,1.0,1.0,54.0,0.0,0.0,0.08510464262965091,13.0,0.0,0.0,0.018018505502678805,0.0,/media/mengh/SharedData/zhanh/auto_structbeat/caches/pilot/mscnn_final_last_gtzan/gtzan__gtzan_pop_00035__track.npy.npz
mscnn_gtzan,no_safeguard,gtzan/gtzan_pop_00036/track.npy,gtzan,1.0,0.9736902123925385,0.9736902123925385,0.9736902123925385,1.0,1.0,1.0,1.0,1.0,0.981107532583249,0.981107532583249,0.981107532583249,1.0,1.0,1.0,1.0,49.0,0.0,0.0,0.032789822822996084,12.0,0.0,0.0,0.008163310639161902,0.0,/media/mengh/SharedData/zhanh/auto_structbeat/caches/pilot/mscnn_final_last_gtzan/gtzan__gtzan_pop_00036__track.npy.npz
mscnn_gtzan,no_safeguard,gtzan/gtzan_pop_00037/track.npy,gtzan,1.0,0.9406827946846181,0.9406827946846181,0.9406827946846181,1.0,1.0,1.0,1.0,1.0,0.9289025443921101,0.9289025443921101,0.9289025443921101,1.0,1.0,1.0,1.0,52.0,0.0,0.0,0.06899287148695164,13.0,0.0,0.0,0.013062711340312227,0.0,/media/mengh/SharedData/zhanh/auto_structbeat/caches/pilot/mscnn_final_last_gtzan/gtzan__gtzan_pop_00037__track.npy.npz
mscnn_gtzan,no_safeguard,gtzan/gtzan_pop_00038/track.npy,gtzan,1.0,0.9665072671406512,0.9665072671406512,0.9665072671406512,1.0,1.0,1.0,1.0,1.0,0.9834047806559385,0.9834047806559385,0.9834047806559385,1.0,1.0,1.0,1.0,47.0,0.0,0.0,0.030771658666758572,11.0,0.0,0.0,0.007782140442055052,0.0,/media/mengh/SharedData/zhanh/auto_structbeat/caches/pilot/mscnn_final_last_gtzan/gtzan__gtzan_pop_00038__track.npy.npz
mscnn_gtzan,no_safeguard,gtzan/gtzan_pop_00039/track.npy,gtzan,1.0,0.9734896044816317,0.9734896044816317,0.9734896044816317,1.0,1.0,1.0,1.0,1.0,0.9891668654809076,0.9891668654809076,0.9891668654809076,1.0,1.0,1.0,1.0,41.0,0.0,0.0,0.0555698511548145,11.0,0.0,0.0,0.006920442844573715,0.0,/media/mengh/SharedData/zhanh/auto_structbeat/caches/pilot/mscnn_final_last_gtzan/gtzan__gtzan_pop_00039__track.npy.npz
mscnn_gtzan,no_safeguard,gtzan/gtzan_pop_00040/track.npy,gtzan,0.9818181818181818,0.9268621016506844,0.9268621016506844,0.9268621016506844,0.9642857142857143,0.9642857142857143,0.9642857142857143,0.9642857142857143,0.923076923076923,0.8731311945497267,0.8731311945497267,0.8731311945497267,0.8571428571428571,0.8571428571428571,0.8571428571428571,0.8571428571428571,33.0,0.0,0.0,0.021978906718778682,9.0,0.0,0.0,0.018544430500013455,0.0,/media/mengh/SharedData/zhanh/auto_structbeat/caches/pilot/mscnn_final_last_gtzan/gtzan__gtzan_pop_00040__track.npy.npz
mscnn_gtzan,no_safeguard,gtzan/gtzan_pop_00041/track.npy,gtzan,0.8301886792452831,0.7011358824947107,0.7011358824947107,0.7011358824947107,0.26666666666666666,0.5,0.26666666666666666,0.5,0.3636363636363636,0.3544421650514737,0.43948607556698854,0.3969641203092311,0.3333333333333333,0.3333333333333333,0.3333333333333333,0.3333333333333333,39.0,0.0,0.0,0.6506593203087847,7.0,0.0,0.0,0.6392062777398608,0.0,/media/mengh/SharedData/zhanh/auto_structbeat/caches/pilot/mscnn_final_last_gtzan/gtzan__gtzan_pop_00041__track.npy.npz
mscnn_gtzan,no_safeguard,gtzan/gtzan_pop_00042/track.npy,gtzan,1.0,0.9828363036842009,0.9828363036842009,0.9828363036842009,1.0,1.0,1.0,1.0,1.0,0.9799333367497425,0.9799333367497425,0.9799333367497425,1.0,1.0,1.0,1.0,47.0,0.0,0.0,0.030771658666758017,12.0,0.0,0.0,0.007782140442054541,0.0,/media/mengh/SharedData/zhanh/auto_structbeat/caches/pilot/mscnn_final_last_gtzan/gtzan__gtzan_pop_00042__track.npy.npz
mscnn_gtzan,no_safeguard,gtzan/gtzan_pop_00043/track.npy,gtzan,0.6545454545454545,0.5393924588238311,0.8017830068632152,0.6705877328435232,0.0,0.0,0.9821428571428571,0.9821428571428571,0.6341463414634146,0.5373415526893295,0.8159630985282411,0.6766523256087853,0.0,0.0,0.9285714285714286,0.9285714285714286,67.0,0.0,0.0,0.044451762570840825,17.0,0.0,0.0,0.011049836186585726,0.0,/media/mengh/SharedData/zhanh/auto_structbeat/caches/pilot/mscnn_final_last_gtzan/gtzan__gtzan_pop_00043__track.npy.npz
mscnn_gtzan,no_safeguard,gtzan/gtzan_pop_00044/track.npy,gtzan,0.98989898989899,0.9706482404015228,0.9706482404015228,0.9706482404015228,0.98,0.98,0.98,0.98,1.0,0.9811293969696755,0.9811293969696755,0.9811293969696755,1.0,1.0,1.0,1.0,60.0,0.0,0.0,0.03922071315328442,15.0,0.0,0.0,0.01980262729618021,0.0,/media/mengh/SharedData/zhanh/auto_structbeat/caches/pilot/mscnn_final_last_gtzan/gtzan__gtzan_pop_00044__track.npy.npz
mscnn_gtzan,no_safeguard,gtzan/gtzan_pop_00045/track.npy,gtzan,1.0,0.9788138324875408,0.9788138324875408,0.9788138324875408,1.0,1.0,1.0,1.0,1.0,0.9799970676688806,0.9799970676688806,0.9799970676688806,1.0,1.0,1.0,1.0,44.0,0.0,0.0,0.02985296314968082,11.0,0.0,0.0,0.014598799421152409,0.0,/media/mengh/SharedData/zhanh/auto_structbeat/caches/pilot/mscnn_final_last_gtzan/gtzan__gtzan_pop_00045__track.npy.npz
mscnn_gtzan,no_safeguard,gtzan/gtzan_pop_00046/track.npy,gtzan,1.0,0.980310362875661,0.980310362875661,0.980310362875661,1.0,1.0,1.0,1.0,1.0,0.9828238885932019,0.9828238885932019,0.9828238885932019,1.0,1.0,1.0,1.0,44.0,0.0,0.0,0.05739112317927088,11.0,0.0,0.0,0.007326040092074049,0.0,/media/mengh/SharedData/zhanh/auto_structbeat/caches/pilot/mscnn_final_last_gtzan/gtzan__gtzan_pop_00046__track.npy.npz
mscnn_gtzan,no_safeguard,gtzan/gtzan_pop_00047/track.npy,gtzan,0.9782608695652174,0.8889059067655495,0.8889059067655495,0.8889059067655495,0.9782608695652174,0.9782608695652174,0.9782608695652174,0.9782608695652174,1.0,0.9147699051920886,0.9147699051920886,0.9147699051920886,1.0,1.0,1.0,1.0,56.0,0.0,0.0,0.109199291964993,14.0,0.0,0.0,0.018349138668196298,0.0,/media/mengh/SharedData/zhanh/auto_structbeat/caches/pilot/mscnn_final_last_gtzan/gtzan__gtzan_pop_00047__track.npy.npz
mscnn_gtzan,no_safeguard,gtzan/gtzan_pop_00048/track.npy,gtzan,0.9811320754716981,0.9630393133379663,0.9630393133379663,0.9630393133379663,0.9629629629629629,0.9629629629629629,0.9629629629629629,0.9629629629629629,0.962962962962963,0.9514828370648725,0.9514828370648725,0.9514828370648725,0.9285714285714286,0.9285714285714286,0.9285714285714286,0.9285714285714286,64.0,0.0,0.0,0.04255961441880263,16.0,0.0,0.0,0.010695289116748302,0.0,/media/mengh/SharedData/zhanh/auto_structbeat/caches/pilot/mscnn_final_last_gtzan/gtzan__gtzan_pop_00048__track.npy.npz
mscnn_gtzan,no_safeguard,gtzan/gtzan_pop_00049/track.npy,gtzan,1.0,0.9778171177383048,0.9778171177383048,0.9778171177383048,1.0,1.0,1.0,1.0,1.0,0.9750609243466851,0.9750609243466851,0.9750609243466851,1.0,1.0,1.0,1.0,30.0,0.0,0.0,0.019802627296179858,8.0,0.0,0.0,0.004914014802429312,0.0,/media/mengh/SharedData/zhanh/auto_structbeat/caches/pilot/mscnn_final_last_gtzan/gtzan__gtzan_pop_00049__track.npy.npz
mscnn_gtzan,no_safeguard,gtzan/gtzan_pop_00050/track.npy,gtzan,1.0,0.9375070147168152,0.9375070147168152,0.9375070147168152,1.0,1.0,1.0,1.0,1.0,0.9267758227159334,0.9267758227159334,0.9267758227159334,1.0,1.0,1.0,1.0,35.0,0.0,0.0,0.04652001563489474,9.0,0.0,0.0,0.005854859709917304,0.0,/media/mengh/SharedData/zhanh/auto_structbeat/caches/pilot/mscnn_final_last_gtzan/gtzan__gtzan_pop_00050__track.npy.npz
mscnn_gtzan,no_safeguard,gtzan/gtzan_pop_00051/track.npy,gtzan,0.851063829787234,0.7317124083347923,0.7317124083347923,0.7317124083347923,0.9583333333333334,0.9583333333333334,0.9583333333333334,0.9583333333333334,0.6956521739130435,0.6002885387591668,0.6002885387591668,0.6002885387591668,0.9166666666666666,0.9166666666666666,0.9166666666666666,0.9166666666666666,56.0,0.0,0.0,0.22314355131421126,14.0,0.0,0.0,0.06575137756278028,0.0,/media/mengh/SharedData/zhanh/auto_structbeat/caches/pilot/mscnn_final_last_gtzan/gtzan__gtzan_pop_00051__track.npy.npz
mscnn_gtzan,no_safeguard,gtzan/gtzan_pop_00052/track.npy,gtzan,0.9772727272727273,0.8855871151716659,0.8855871151716659,0.8855871151716659,0.9772727272727273,0.9772727272727273,0.9772727272727273,0.9772727272727273,1.0,0.8884690178604515,0.8884690178604515,0.8884690178604515,1.0,1.0,1.0,1.0,52.0,0.0,0.0,0.06899287148695198,13.0,0.0,0.0,0.01724180643450618,0.0,/media/mengh/SharedData/zhanh/auto_structbeat/caches/pilot/mscnn_final_last_gtzan/gtzan__gtzan_pop_00052__track.npy.npz
mscnn_gtzan,no_safeguard,gtzan/gtzan_pop_00053/track.npy,gtzan,0.2340425531914894,0.1733938715582509,0.23578165225724146,0.2045877619077462,0.014925373134328358,0.014925373134328358,0.014925373134328358,0.05970149253731343,0.10526315789473684,0.031032488448765314,0.09853497139913492,0.06478372992395012,0.0,0.0,0.15384615384615385,0.23076923076923078,81.0,0.0,0.0375,0.6931471805599312,16.0,0.0,0.0,0.3207548383771649,0.0,/media/mengh/SharedData/zhanh/auto_structbeat/caches/pilot/mscnn_final_last_gtzan/gtzan__gtzan_pop_00053__track.npy.npz
mscnn_gtzan,no_safeguard,gtzan/gtzan_pop_00054/track.npy,gtzan,1.0,0.9227313729465133,0.9227313729465133,0.9227313729465133,1.0,1.0,1.0,1.0,1.0,0.9042586069149868,0.9042586069149868,0.9042586069149868,1.0,1.0,1.0,1.0,49.0,0.0,0.0,0.1454544187652825,12.0,0.0,0.0,0.04193202232232352,0.0,/media/mengh/SharedData/zhanh/auto_structbeat/caches/pilot/mscnn_final_last_gtzan/gtzan__gtzan_pop_00054__track.npy.npz
mscnn_gtzan,no_safeguard,gtzan/gtzan_pop_00055/track.npy,gtzan,0.9885057471264368,0.9715838317608108,0.9715838317608108,0.9715838317608108,0.9772727272727273,0.9772727272727273,0.9772727272727273,0.9772727272727273,0.9523809523809523,0.9433200153889022,0.9433200153889022,0.9433200153889022,0.9090909090909091,0.9090909090909091,0.9090909090909091,0.9090909090909091,52.0,0.0,0.0,0.035091319811275556,13.0,0.0,0.0,0.008733679968754016,0.0,/media/mengh/SharedData/zhanh/auto_structbeat/caches/pilot/mscnn_final_last_gtzan/gtzan__gtzan_pop_00055__track.npy.npz
mscnn_gtzan,no_safeguard,gtzan/gtzan_pop_00056/track.npy,gtzan,1.0,0.9626749973039306,0.9626749973039306,0.9626749973039306,1.0,1.0,1.0,1.0,1.0,0.9562431272425735,0.9562431272425735,0.9562431272425735,1.0,1.0,1.0,1.0,45.0,0.0,0.0,0.05884050002293223,12.0,0.0,0.0,0.01481508578514042,0.0,/media/mengh/SharedData/zhanh/auto_structbeat/caches/pilot/mscnn_final_last_gtzan/gtzan__gtzan_pop_00056__track.npy.npz
mscnn_gtzan,no_safeguard,gtzan/gtzan_pop_00057/track.npy,gtzan,0.9655172413793104,0.9067057708962983,0.9067057708962983,0.9067057708962983,0.9545454545454546,0.9545454545454546,0.9545454545454546,0.9545454545454546,0.0,2.921276376815921e-178,0.9480050390751098,0.4740025195375549,0.0,0.0,1.0,1.0,52.0,0.0,0.0,0.06899287148695395,13.0,0.0,0.0,0.008583743691391255,0.0,/media/mengh/SharedData/zhanh/auto_structbeat/caches/pilot/mscnn_final_last_gtzan/gtzan__gtzan_pop_00057__track.npy.npz
mscnn_gtzan,no_safeguard,gtzan/gtzan_pop_00058/track.npy,gtzan,0.963855421686747,0.8921746493040223,0.8921746493040223,0.8921746493040223,0.9761904761904762,0.9761904761904762,0.9761904761904762,0.9761904761904762,1.0,0.9761294326228125,0.9761294326228125,0.9761294326228125,1.0,1.0,1.0,1.0,50.0,0.0,0.0,0.09844007281325404,12.0,0.0,0.0,0.008163310639161536,0.0,/media/mengh/SharedData/zhanh/auto_structbeat/caches/pilot/mscnn_final_last_gtzan/gtzan__gtzan_pop_00058__track.npy.npz
mscnn_gtzan,no_safeguard,gtzan/gtzan_pop_00059/track.npy,gtzan,1.0,0.9659072083425112,0.9659072083425112,0.9659072083425112,1.0,1.0,1.0,1.0,1.0,0.9687112504538963,0.9687112504538963,0.9687112504538963,1.0,1.0,1.0,1.0,45.0,0.0,0.0,0.02985296314969116,12.0,0.0,0.0,0.00743497848751784,0.0,/media/mengh/SharedData/zhanh/auto_structbeat/caches/pilot/mscnn_final_last_gtzan/gtzan__gtzan_pop_00059__track.npy.npz
mscnn_gtzan,no_safeguard,gtzan/gtzan_pop_00060/track.npy,gtzan,0.926829268292683,0.848405879934262,0.848405879934262,0.848405879934262,0.9512195121951219,0.9512195121951219,0.9512195121951219,0.9512195121951219,0.9,0.8348483316417011,0.8348483316417011,0.8348483316417011,1.0,1.0,1.0,1.0,49.0,0.0,0.0,0.1454544187652825,12.0,0.0,0.0,0.04193202232232352,0.0,/media/mengh/SharedData/zhanh/auto_structbeat/caches/pilot/mscnn_final_last_gtzan/gtzan__gtzan_pop_00060__track.npy.npz
mscnn_gtzan,no_safeguard,gtzan/gtzan_pop_00061/track.npy,gtzan,1.0,0.9791148365527572,0.9791148365527572,0.9791148365527572,1.0,1.0,1.0,1.0,1.0,0.9769665982421486,0.9769665982421486,0.9769665982421486,1.0,1.0,1.0,1.0,48.0,0.0,0.0,0.031748698314584545,12.0,0.0,0.0,0.01241466500431134,0.0,/media/mengh/SharedData/zhanh/auto_structbeat/caches/pilot/mscnn_final_last_gtzan/gtzan__gtzan_pop_00061__track.npy.npz
mscnn_gtzan,no_safeguard,gtzan/gtzan_pop_00062/track.npy,gtzan,0.9253731343283583,0.7273930377769109,0.7273930377769109,0.7273930377769109,0.9705882352941176,0.9705882352941176,0.9705882352941176,0.9705882352941176,0.823529411764706,0.6604453129744587,0.6604453129744587,0.6604453129744587,0.8888888888888888,0.8888888888888888,0.8888888888888888,0.8888888888888888,41.0,0.0,0.0,0.1163549645489816,11.0,0.0,0.0,0.03230021317761253,0.0,/media/mengh/SharedData/zhanh/auto_structbeat/caches/pilot/mscnn_final_last_gtzan/gtzan__gtzan_pop_00062__track.npy.npz
mscnn_gtzan,no_safeguard,gtzan/gtzan_pop_00063/track.npy,gtzan,0.6753246753246753,0.6573881366373161,0.9665587616107144,0.8119734491240153,0.0,0.0,1.0,1.0,0.7000000000000001,0.692515830764582,0.984653386818841,0.8385846087917115,0.0,0.0,1.0,1.0,61.0,0.0,0.0,0.08539157616863635,15.0,0.0,0.0,0.014339137759505866,0.0,/media/mengh/SharedData/zhanh/auto_structbeat/caches/pilot/mscnn_final_last_gtzan/gtzan__gtzan_pop_00063__track.npy.npz
mscnn_gtzan,no_safeguard,gtzan/gtzan_pop_00064/track.npy,gtzan,0.6728971962616822,0.575457553457154,0.575457553457154,0.575457553457154,0.37037037037037035,0.6111111111111112,0.37037037037037035,0.6111111111111112,0.6153846153846153,0.5377138959054052,0.5377138959054052,0.5377138959054052,0.4,0.4,0.4,0.4,64.0,0.0,0.0,0.2741282027463995,14.0,0.0,0.0,0.3614948452245642,0.0,/media/mengh/SharedData/zhanh/auto_structbeat/caches/pilot/mscnn_final_last_gtzan/gtzan__gtzan_pop_00064__track.npy.npz
mscnn_gtzan,no_safeguard,gtzan/gtzan_pop_00065/track.npy,gtzan,1.0,0.964920415829924,0.964920415829924,0.964920415829924,1.0,1.0,1.0,1.0,0.6666666666666666,0.6514207666191623,0.9360860160008108,0.7937533913099866,0.0,0.0,0.9166666666666666,0.9166666666666666,29.0,0.0,0.0,0.019048194970696947,14.0,0.0,0.0,0.009569451016152253,0.0,/media/mengh/SharedData/zhanh/auto_structbeat/caches/pilot/mscnn_final_last_gtzan/gtzan__gtzan_pop_00065__track.npy.npz
mscnn_gtzan,no_safeguard,gtzan/gtzan_pop_00066/track.npy,gtzan,1.0,0.9752173766097092,0.9752173766097092,0.9752173766097092,1.0,1.0,1.0,1.0,1.0,0.9749491758390066,0.9749491758390066,0.9749491758390066,1.0,1.0,1.0,1.0,41.0,0.0,0.0,0.027398974188118708,11.0,0.0,0.0,0.010893777261627099,0.0,/media/mengh/SharedData/zhanh/auto_structbeat/caches/pilot/mscnn_final_last_gtzan/gtzan__gtzan_pop_00066__track.npy.npz
mscnn_gtzan,no_safeguard,gtzan/gtzan_pop_00067/track.npy,gtzan,0.8936170212765957,0.8626519701595795,0.8626519701595795,0.8626519701595795,0.8723404255319149,0.9787234042553191,0.8723404255319149,0.9787234042553191,0.5454545454545454,0.543110171547174,0.8171985909164008,0.6801543812317874,0.0,0.0,0.9130434782608695,0.9130434782608695,57.0,0.0,0.0,0.27554011257990707,26.0,0.0,0.0,0.12836531912748053,0.0,/media/mengh/SharedData/zhanh/auto_structbeat/caches/pilot/mscnn_final_last_gtzan/gtzan__gtzan_pop_00067__track.npy.npz
mscnn_gtzan,no_safeguard,gtzan/gtzan_pop_00068/track.npy,gtzan,1.0,0.9605391070007123,0.9605391070007123,0.9605391070007123,1.0,1.0,1.0,1.0,1.0,0.9625217166260441,0.9625217166260441,0.9625217166260441,1.0,1.0,1.0,1.0,35.0,0.0,0.0,0.04255961441879641,8.0,0.0,0.0,0.009312135147632794,0.0,/media/mengh/SharedData/zhanh/auto_structbeat/caches/pilot/mscnn_final_last_gtzan/gtzan__gtzan_pop_00068__track.npy.npz
mscnn_gtzan,no_safeguard,gtzan/gtzan_pop_00069/track.npy,gtzan,1.0,0.9536557247169936,0.9536557247169936,0.9536557247169936,1.0,1.0,1.0,1.0,1.0,0.9292339675246715,0.9292339675246715,0.9292339675246715,1.0,1.0,1.0,1.0,53.0,0.0,0.0,0.1409756988713985,13.0,0.0,0.0,0.04835186163972627,0.0,/media/mengh/SharedData/zhanh/auto_structbeat/caches/pilot/mscnn_final_last_gtzan/gtzan__gtzan_pop_00069__track.npy.npz
mscnn_gtzan,no_safeguard,gtzan/gtzan_pop_00070/track.npy,gtzan,0.7000000000000001,0.6840251819425308,0.9418520229840639,0.8129386024632974,0.07692307692307693,0.07692307692307693,0.42857142857142855,0.8571428571428571,0.962962962962963,0.9428392773873283,0.9428392773873283,0.9428392773873283,0.42857142857142855,0.8571428571428571,0.42857142857142855,0.8571428571428571,37.0,0.0,0.0,0.7137664677626793,16.0,0.0,0.0,0.7108786608147316,0.0,/media/mengh/SharedData/zhanh/auto_structbeat/caches/pilot/mscnn_final_last_gtzan/gtzan__gtzan_pop_00070__track.npy.npz
mscnn_gtzan,no_safeguard,gtzan/gtzan_pop_00071/track.npy,gtzan,0.9361702127659575,0.8636470687291204,0.8636470687291204,0.8636470687291204,0.574468085106383,0.9361702127659575,0.574468085106383,0.9361702127659575,0.6060606060606061,0.5492092121739367,0.8245028184096438,0.6868560152917902,0.0,0.0,0.9130434782608695,0.9130434782608695,57.0,0.0,0.0,0.27554011257990707,26.0,0.0,0.0,0.12836531912748053,0.0,/media/mengh/SharedData/zhanh/auto_structbeat/caches/pilot/mscnn_final_last_gtzan/gtzan__gtzan_pop_00071__track.npy.npz
mscnn_gtzan,no_safeguard,gtzan/gtzan_pop_00072/track.npy,gtzan,1.0,0.9882494235197403,0.9882494235197403,0.9882494235197403,1.0,1.0,1.0,1.0,0.7741935483870968,0.7666343596614869,0.8507330633259131,0.8086837114937,0.3157894736842105,0.3157894736842105,0.5217391304347826,0.5217391304347826,58.0,0.0,0.0,0.03922071315328213,21.0,0.0,0.0,0.08645809352962072,0.0,/media/mengh/SharedData/zhanh/auto_structbeat/caches/pilot/mscnn_final_last_gtzan/gtzan__gtzan_pop_00072__track.npy.npz
mscnn_gtzan,no_safeguard,gtzan/gtzan_pop_00073/track.npy,gtzan,0.9400000000000001,0.9228665501592862,0.9228665501592862,0.9228665501592862,0.7735849056603774,0.7735849056603774,0.7735849056603774,0.7735849056603774,0.8333333333333333,0.8122445082961116,0.8122445082961116,0.8122445082961116,0.6923076923076923,0.6923076923076923,0.6923076923076923,0.6923076923076923,56.0,0.0,0.0,0.6869896364086905,14.0,0.0,0.0,0.4054651081081646,0.0,/media/mengh/SharedData/zhanh/auto_structbeat/caches/pilot/mscnn_final_last_gtzan/gtzan__gtzan_pop_00073__track.npy.npz
mscnn_gtzan,no_safeguard,gtzan/gtzan_pop_00074/track.npy,gtzan,0.9714285714285714,0.9383368856269284,0.9383368856269284,0.9383368856269284,1.0,1.0,1.0,1.0,1.0,0.9581235745481788,0.9581235745481788,0.9581235745481788,1.0,1.0,1.0,1.0,42.0,0.0,0.0,0.05556985115480961,10.0,0.0,0.0,0.006968669316093068,0.0,/media/mengh/SharedData/zhanh/auto_structbeat/caches/pilot/mscnn_final_last_gtzan/gtzan__gtzan_pop_00074__track.npy.npz
mscnn_gtzan,no_safeguard,gtzan/gtzan_pop_00075/track.npy,gtzan,1.0,0.9759527292307936,0.9759527292307936,0.9759527292307936,1.0,1.0,1.0,1.0,1.0,0.9735017292019623,0.9735017292019623,0.9735017292019623,1.0,1.0,1.0,1.0,47.0,0.0,0.0,0.03174869831458086,12.0,0.0,0.0,0.00784317746102684,0.0,/media/mengh/SharedData/zhanh/auto_structbeat/caches/pilot/mscnn_final_last_gtzan/gtzan__gtzan_pop_00075__track.npy.npz
mscnn_gtzan,no_safeguard,gtzan/gtzan_pop_00076/track.npy,gtzan,0.5882352941176471,0.3881845469870524,0.6388178680423356,0.5135012075146941,0.0,0.0,0.6222222222222222,0.9555555555555556,0.5,0.21162030194924517,0.2328736246161835,0.22224696328271432,0.0,0.0,0.45454545454545453,0.45454545454545453,55.0,0.0,0.0,0.3735785592500292,12.0,0.0,0.0,0.19526052057053206,0.0,/media/mengh/SharedData/zhanh/auto_structbeat/caches/pilot/mscnn_final_last_gtzan/gtzan__gtzan_pop_00076__track.npy.npz
mscnn_gtzan,no_safeguard,gtzan/gtzan_pop_00077/track.npy,gtzan,0.989247311827957,0.9075046403153856,0.9075046403153856,0.9075046403153856,0.9787234042553191,0.9787234042553191,0.9787234042553191,0.9787234042553191,0.9565217391304348,0.9076295647072845,0.9076295647072845,0.9076295647072845,0.9166666666666666,0.9166666666666666,0.9166666666666666,0.9166666666666666,56.0,0.0,0.0,0.07410797215372178,14.0,0.0,0.0,0.009216655104923754,0.0,/media/mengh/SharedData/zhanh/auto_structbeat/caches/pilot/mscnn_final_last_gtzan/gtzan__gtzan_pop_00077__track.npy.npz
mscnn_gtzan,no_safeguard,gtzan/gtzan_pop_00078/track.npy,gtzan,1.0,0.9650356333627609,0.9650356333627609,0.9650356333627609,1.0,1.0,1.0,1.0,1.0,0.9760645861542824,0.9760645861542824,0.9760645861542824,1.0,1.0,1.0,1.0,53.0,0.0,0.0,0.06899287148695143,14.0,0.0,0.0,0.012629808203156845,0.0,/media/mengh/SharedData/zhanh/auto_structbeat/caches/pilot/mscnn_final_last_gtzan/gtzan__gtzan_pop_00078__track.npy.npz
mscnn_gtzan,no_safeguard,gtzan/gtzan_pop_00079/track.npy,gtzan,1.0,0.9352530107907289,0.9352530107907289,0.9352530107907289,1.0,1.0,1.0,1.0,1.0,0.9248814914267145,0.9248814914267145,0.9248814914267145,1.0,1.0,1.0,1.0,56.0,0.0,0.0,0.03774032798285287,14.0,0.0,0.0,0.027908788117076328,0.0,/media/mengh/SharedData/zhanh/auto_structbeat/caches/pilot/mscnn_final_last_gtzan/gtzan__gtzan_pop_00079__track.npy.npz
mscnn_gtzan,no_safeguard,gtzan/gtzan_pop_00080/track.npy,gtzan,1.0,0.9066630420061076,0.9066630420061076,0.9066630420061076,1.0,1.0,1.0,1.0,1.0,0.9251483611873872,0.9251483611873872,0.9251483611873872,1.0,1.0,1.0,1.0,55.0,0.0,0.0,0.08814450007822866,14.0,0.0,0.0,0.018349138668196097,0.0,/media/mengh/SharedData/zhanh/auto_structbeat/caches/pilot/mscnn_final_last_gtzan/gtzan__gtzan_pop_00080__track.npy.npz
mscnn_gtzan,no_safeguard,gtzan/gtzan_pop_00081/track.npy,gtzan,1.0,0.9844537049419394,0.9844537049419394,0.9844537049419394,1.0,1.0,1.0,1.0,1.0,0.9863779572023929,0.9863779572023929,0.9863779572023929,1.0,1.0,1.0,1.0,36.0,0.0,0.0,0.024305822933019527,9.0,0.0,0.0,0.006079046076382988,0.0,/media/mengh/SharedData/zhanh/auto_structbeat/caches/pilot/mscnn_final_last_gtzan/gtzan__gtzan_pop_00081__track.npy.npz
mscnn_gtzan,no_safeguard,gtzan/gtzan_pop_00082/track.npy,gtzan,1.0,0.9651712273372146,0.9651712273372146,0.9651712273372146,1.0,1.0,1.0,1.0,1.0,0.9626637990894058,0.9626637990894058,0.9626637990894058,1.0,1.0,1.0,1.0,63.0,0.0,0.0,0.04255961441880263,16.0,0.0,0.0,0.010582109330538603,0.0,/media/mengh/SharedData/zhanh/auto_structbeat/caches/pilot/mscnn_final_last_gtzan/gtzan__gtzan_pop_00082__track.npy.npz
mscnn_gtzan,no_safeguard,gtzan/gtzan_pop_00083/track.npy,gtzan,1.0,0.9740162242477068,0.9740162242477068,0.9740162242477068,1.0,1.0,1.0,1.0,1.0,0.9698309486786727,0.9698309486786727,0.9698309486786727,1.0,1.0,1.0,1.0,62.0,0.0,0.0,0.04082199452025561,16.0,0.0,0.0,0.01036278703554816,0.0,/media/mengh/SharedData/zhanh/auto_structbeat/caches/pilot/mscnn_final_last_gtzan/gtzan__gtzan_pop_00083__track.npy.npz
mscnn_gtzan,no_safeguard,gtzan/gtzan_pop_00084/track.npy,gtzan,1.0,0.9503292563441048,0.9503292563441048,0.9503292563441048,1.0,1.0,1.0,1.0,1.0,0.9503549191210061,0.9503549191210061,0.9503549191210061,1.0,1.0,1.0,1.0,50.0,0.0,0.0,0.06669137449867057,12.0,0.0,0.0,0.016667052485210738,0.0,/media/mengh/SharedData/zhanh/auto_structbeat/caches/pilot/mscnn_final_last_gtzan/gtzan__gtzan_pop_00084__track.npy.npz
mscnn_gtzan,no_safeguard,gtzan/gtzan_pop_00085/track.npy,gtzan,0.94,0.914923864215988,0.914923864215988,0.914923864215988,0.9,0.92,0.9,0.92,0.7096774193548387,0.7005279359835066,0.8298948849674234,0.765211410475465,0.2777777777777778,0.2777777777777778,0.52,0.52,60.0,0.0,0.0,0.10300417396245623,20.0,0.0,0.0,0.11251486255946744,0.0,/media/mengh/SharedData/zhanh/auto_structbeat/caches/pilot/mscnn_final_last_gtzan/gtzan__gtzan_pop_00085__track.npy.npz
mscnn_gtzan,no_safeguard,gtzan/gtzan_pop_00086/track.npy,gtzan,1.0,0.9759056005913604,0.9759056005913604,0.9759056005913604,1.0,1.0,1.0,1.0,0.6666666666666666,0.6488331831760568,0.9594550317128494,0.8041441074444531,0.0,0.0,0.9642857142857143,0.9642857142857143,66.0,0.0,0.0,0.044451762570840825,33.0,0.0,0.0,0.03321533464480577,0.0,/media/mengh/SharedData/zhanh/auto_structbeat/caches/pilot/mscnn_final_last_gtzan/gtzan__gtzan_pop_00086__track.npy.npz
mscnn_gtzan,no_safeguard,gtzan/gtzan_pop_00087/track.npy,gtzan,1.0,0.9072200503117374,0.9072200503117374,0.9072200503117374,1.0,1.0,1.0,1.0,1.0,0.8896943032256339,0.8896943032256339,0.8896943032256339,1.0,1.0,1.0,1.0,51.0,0.0,0.0,0.03390155167568665,13.0,0.0,0.0,0.008510689667908966,0.0,/media/mengh/SharedData/zhanh/auto_structbeat/caches/pilot/mscnn_final_last_gtzan/gtzan__gtzan_pop_00087__track.npy.npz
mscnn_gtzan,no_safeguard,gtzan/gtzan_pop_00088/track.npy,gtzan,0.9523809523809523,0.8982152257326919,0.8982152257326919,0.8982152257326919,1.0,1.0,1.0,1.0,0.9,0.8546701926640559,0.8546701926640559,0.8546701926640559,1.0,1.0,1.0,1.0,50.0,0.0,0.0,0.1700015763217726,12.0,0.0,0.0,0.043352210536934624,0.0,/media/mengh/SharedData/zhanh/auto_structbeat/caches/pilot/mscnn_final_last_gtzan/gtzan__gtzan_pop_00088__track.npy.npz
mscnn_gtzan,no_safeguard,gtzan/gtzan_pop_00089/track.npy,gtzan,1.0,0.9724399060192953,0.9724399060192953,0.9724399060192953,1.0,1.0,1.0,1.0,1.0,0.9767715186446043,0.9767715186446043,0.9767715186446043,1.0,1.0,1.0,1.0,50.0,0.0,0.0,0.03390155167568556,13.0,0.0,0.0,0.008368249670517858,0.0,/media/mengh/SharedData/zhanh/auto_structbeat/caches/pilot/mscnn_final_last_gtzan/gtzan__gtzan_pop_00089__track.npy.npz
mscnn_gtzan,no_safeguard,gtzan/gtzan_pop_00090/track.npy,gtzan,0.9761904761904762,0.9068360617083207,0.9068360617083207,0.9068360617083207,1.0,1.0,1.0,1.0,1.0,0.91809833596865,0.91809833596865,0.91809833596865,1.0,1.0,1.0,1.0,51.0,0.0,0.0,0.052283733352818065,13.0,0.0,0.0,0.008510689667908633,0.0,/media/mengh/SharedData/zhanh/auto_structbeat/caches/pilot/mscnn_final_last_gtzan/gtzan__gtzan_pop_00090__track.npy.npz
mscnn_gtzan,no_safeguard,gtzan/gtzan_pop_00091/track.npy,gtzan,1.0,0.9469405109742418,0.9469405109742418,0.9469405109742418,1.0,1.0,1.0,1.0,1.0,0.9600775450935126,0.9600775450935126,0.9600775450935126,1.0,1.0,1.0,1.0,58.0,0.0,0.0,0.07696104113612698,14.0,0.0,0.0,0.009569451016152253,0.0,/media/mengh/SharedData/zhanh/auto_structbeat/caches/pilot/mscnn_final_last_gtzan/gtzan__gtzan_pop_00091__track.npy.npz
mscnn_gtzan,no_safeguard,gtzan/gtzan_pop_00092/track.npy,gtzan,1.0,0.9278538092279278,0.9278538092279278,0.9278538092279278,1.0,1.0,1.0,1.0,1.0,0.8878313926723487,0.8878313926723487,0.8878313926723487,1.0,1.0,1.0,1.0,55.0,0.0,0.0,0.10170512074850208,13.0,0.0,0.0,0.04110525779047197,0.0,/media/mengh/SharedData/zhanh/auto_structbeat/caches/pilot/mscnn_final_last_gtzan/gtzan__gtzan_pop_00092__track.npy.npz
mscnn_gtzan,no_safeguard,gtzan/gtzan_pop_00093/track.npy,gtzan,1.0,0.9850876724943578,0.9850876724943578,0.9850876724943578,1.0,1.0,1.0,1.0,1.0,0.9786984847372909,0.9786984847372909,0.9786984847372909,1.0,1.0,1.0,1.0,67.0,0.0,0.0,0.044451762570840825,17.0,0.0,0.0,0.011173300598127045,0.0,/media/mengh/SharedData/zhanh/auto_structbeat/caches/pilot/mscnn_final_last_gtzan/gtzan__gtzan_pop_00093__track.npy.npz
mscnn_gtzan,no_safeguard,gtzan/gtzan_pop_00094/track.npy,gtzan,1.0,0.9641241451098032,0.9641241451098032,0.9641241451098032,1.0,1.0,1.0,1.0,1.0,0.9609618324512579,0.9609618324512579,0.9609618324512579,1.0,1.0,1.0,1.0,38.0,0.0,0.0,0.05001042057466479,9.0,0.0,0.0,0.012500162764231937,0.0,/media/mengh/SharedData/zhanh/auto_structbeat/caches/pilot/mscnn_final_last_gtzan/gtzan__gtzan_pop_00094__track.npy.npz
mscnn_gtzan,no_safeguard,gtzan/gtzan_pop_00095/track.npy,gtzan,1.0,0.9593612952070376,0.9593612952070376,0.9593612952070376,1.0,1.0,1.0,1.0,1.0,0.9717850118750704,0.9717850118750704,0.9717850118750704,1.0,1.0,1.0,1.0,53.0,0.0,0.0,0.06899287148694999,14.0,0.0,0.0,0.00873367996875422,0.0,/media/mengh/SharedData/zhanh/auto_structbeat/caches/pilot/mscnn_final_last_gtzan/gtzan__gtzan_pop_00095__track.npy.npz
mscnn_gtzan,no_safeguard,gtzan/gtzan_pop_00096/track.npy,gtzan,1.0,0.9462985220891997,0.9462985220891997,0.9462985220891997,1.0,1.0,1.0,1.0,1.0,0.8929347307912344,0.8929347307912344,0.8929347307912344,1.0,1.0,1.0,1.0,46.0,0.0,0.0,0.06062462181643358,12.0,0.0,0.0,0.011781785496837307,0.0,/media/mengh/SharedData/zhanh/auto_structbeat/caches/pilot/mscnn_final_last_gtzan/gtzan__gtzan_pop_00096__track.npy.npz
mscnn_gtzan,no_safeguard,gtzan/gtzan_pop_00097/track.npy,gtzan,1.0,0.9165034201902136,0.9165034201902136,0.9165034201902136,1.0,1.0,1.0,1.0,1.0,0.9001044704076744,0.9001044704076744,0.9001044704076744,1.0,1.0,1.0,1.0,50.0,0.0,0.0,0.05521493651062443,12.0,0.0,0.0,0.01652930195121059,0.0,/media/mengh/SharedData/zhanh/auto_structbeat/caches/pilot/mscnn_final_last_gtzan/gtzan__gtzan_pop_00097__track.npy.npz
mscnn_gtzan,no_safeguard,gtzan/gtzan_pop_00098/track.npy,gtzan,0.9375,0.8866307799434687,0.8866307799434687,0.8866307799434687,1.0,1.0,1.0,1.0,0.8333333333333334,0.8455404803292473,0.8455404803292473,0.8455404803292473,1.0,1.0,1.0,1.0,57.0,0.0,0.0,0.1783761830580162,15.0,0.0,0.0,0.048790164169432715,0.0,/media/mengh/SharedData/zhanh/auto_structbeat/caches/pilot/mscnn_final_last_gtzan/gtzan__gtzan_pop_00098__track.npy.npz
mscnn_gtzan,no_safeguard,gtzan/gtzan_pop_00099/track.npy,gtzan,1.0,0.9591289884773847,0.9591289884773847,0.9591289884773847,1.0,1.0,1.0,1.0,1.0,0.9742927401939958,0.9742927401939958,0.9742927401939958,1.0,1.0,1.0,1.0,39.0,0.0,0.0,0.05264373348542556,10.0,0.0,0.0,0.006600684031352666,0.0,/media/mengh/SharedData/zhanh/auto_structbeat/caches/pilot/mscnn_final_last_gtzan/gtzan__gtzan_pop_00099__track.npy.npz
mscnn_gtzan,no_safeguard,gtzan/gtzan_reggae_00000/track.npy,gtzan,0.9484536082474228,0.9133755526458228,0.9133755526458228,0.9133755526458228,0.45098039215686275,0.803921568627451,0.45098039215686275,0.803921568627451,0.34782608695652173,0.3361045493095651,0.3361045493095651,0.3361045493095651,0.25,0.25,0.25,0.25,56.0,0.0,0.0,0.7137664677626745,14.0,0.0,0.0,0.31509486505334294,0.0,/media/mengh/SharedData/zhanh/auto_structbeat/caches/pilot/mscnn_final_last_gtzan/gtzan__gtzan_reggae_00000__track.npy.npz
mscnn_gtzan,no_safeguard,gtzan/gtzan_reggae_00001/track.npy,gtzan,0.9846153846153847,0.8938183718439366,0.8938183718439366,0.8938183718439366,0.9696969696969697,0.9696969696969697,0.9696969696969697,0.9696969696969697,0.6666666666666666,0.587605359530122,0.8521940783335069,0.7198997189318145,0.0,0.0,0.9375,0.9375,40.0,0.0,0.0,0.07628225215168914,20.0,0.0,0.0,0.09064793405767296,0.0,/media/mengh/SharedData/zhanh/auto_structbeat/caches/pilot/mscnn_final_last_gtzan/gtzan__gtzan_reggae_00001__track.npy.npz
mscnn_gtzan,no_safeguard,gtzan/gtzan_reggae_00002/track.npy,gtzan,0.6666666666666666,0.6399250133831209,0.9598875200385086,0.7999062667108148,0.0,0.0,1.0,1.0,0.6666666666666666,0.6401865859626193,0.9602798789439291,0.8002332324532742,0.0,0.0,1.0,1.0,51.0,0.0,0.0,0.035091319811271005,13.0,0.0,0.0,0.017241806434505957,0.0,/media/mengh/SharedData/zhanh/auto_structbeat/caches/pilot/mscnn_final_last_gtzan/gtzan__gtzan_reggae_00002__track.npy.npz
mscnn_gtzan,no_safeguard,gtzan/gtzan_reggae_00003/track.npy,gtzan,0.7961165048543689,0.7618016880267369,0.7951342067011471,0.778467947363942,0.32786885245901637,0.36065573770491804,0.42857142857142855,0.4523809523809524,0.0,3.581856169128061e-86,0.7512796571211239,0.37563982856056194,0.0,0.0,0.35714285714285715,0.35714285714285715,55.0,0.0,0.0,0.3022075898484381,13.0,0.0,0.0,0.3589198965751586,0.0,/media/mengh/SharedData/zhanh/auto_structbeat/caches/pilot/mscnn_final_last_gtzan/gtzan__gtzan_reggae_00003__track.npy.npz
mscnn_gtzan,no_safeguard,gtzan/gtzan_reggae_00004/track.npy,gtzan,0.9807692307692307,0.9511035551238821,0.9511035551238821,0.9511035551238821,0.9807692307692307,0.9807692307692307,0.9807692307692307,0.9807692307692307,1.0,0.9760925116131474,0.9760925116131474,0.9760925116131474,1.0,1.0,1.0,1.0,63.0,0.0,0.0,0.04255961441880263,16.0,0.0,0.0,0.020834086902843385,0.0,/media/mengh/SharedData/zhanh/auto_structbeat/caches/pilot/mscnn_final_last_gtzan/gtzan__gtzan_reggae_00004__track.npy.npz
mscnn_gtzan,no_safeguard,gtzan/gtzan_reggae_00005/track.npy,gtzan,0.907563025210084,0.8568643987458072,0.8568643987458072,0.8568643987458072,0.4307692307692308,0.6615384615384615,0.4307692307692308,0.6615384615384615,0.6153846153846154,0.5759533072478734,0.5759533072478734,0.5759533072478734,0.3125,0.3125,0.3125,0.3125,68.0,0.0,0.0,0.5258465066431999,12.0,0.0,0.0,0.6387605758025893,0.0,/media/mengh/SharedData/zhanh/auto_structbeat/caches/pilot/mscnn_final_last_gtzan/gtzan__gtzan_reggae_00005__track.npy.npz
mscnn_gtzan,no_safeguard,gtzan/gtzan_reggae_00006/track.npy,gtzan,0.7843137254901961,0.7522187515894853,0.8350779499718426,0.793648350780664,0.2903225806451613,0.2903225806451613,0.45,0.55,0.29411764705882354,0.2911667219942287,0.7564380843343341,0.5238024031642814,0.0,0.0,0.5,0.5,46.0,0.0,0.0,0.05129329438755703,21.0,0.0,0.0,0.0896314839828162,0.0,/media/mengh/SharedData/zhanh/auto_structbeat/caches/pilot/mscnn_final_last_gtzan/gtzan__gtzan_reggae_00006__track.npy.npz
mscnn_gtzan,no_safeguard,gtzan/gtzan_reggae_00007/track.npy,gtzan,0.9322033898305085,0.8905633594648891,0.8905633594648891,0.8905633594648891,0.7419354838709677,0.7741935483870968,0.7419354838709677,0.7741935483870968,0.7222222222222223,0.6957469372878462,0.7514646213633382,0.7236057793255922,0.3,0.35,0.3870967741935484,0.41935483870967744,68.0,0.0,0.0,0.10008345855698375,23.0,0.0,0.0,0.7058862063373725,0.0,/media/mengh/SharedData/zhanh/auto_structbeat/caches/pilot/mscnn_final_last_gtzan/gtzan__gtzan_reggae_00007__track.npy.npz
mscnn_gtzan,no_safeguard,gtzan/gtzan_reggae_00008/track.npy,gtzan,0.9876543209876543,0.9287666046487092,0.9287666046487092,0.9287666046487092,0.9753086419753086,0.9753086419753086,0.9753086419753086,0.9753086419753086,0.9523809523809523,0.8948611196492295,0.8948611196492295,0.8948611196492295,1.0,1.0,1.0,1.0,97.0,0.0,0.0,0.06587482624238841,25.0,0.0,0.0,0.032209645827854315,0.0,/media/mengh/SharedData/zhanh/auto_structbeat/caches/pilot/mscnn_final_last_gtzan/gtzan__gtzan_reggae_00008__track.npy.npz
mscnn_gtzan,no_safeguard,gtzan/gtzan_reggae_00009/track.npy,gtzan,0.8,0.7651923335266719,0.8243321503455155,0.7947622419360938,0.21212121212121213,0.3181818181818182,0.36363636363636365,0.5227272727272727,0.5517241379310345,0.5337868669355799,0.5844913611715018,0.5591391140535409,0.17647058823529413,0.17647058823529413,0.3333333333333333,0.3333333333333333,52.0,0.0,0.0,0.6931471805599465,14.0,0.0,0.0,0.4296615962948867,0.0,/media/mengh/SharedData/zhanh/auto_structbeat/caches/pilot/mscnn_final_last_gtzan/gtzan__gtzan_reggae_00009__track.npy.npz
mscnn_gtzan,no_safeguard,gtzan/gtzan_reggae_00010/track.npy,gtzan,1.0,0.9262603083872273,0.9262603083872273,0.9262603083872273,1.0,1.0,1.0,1.0,1.0,0.9319206786169955,0.9319206786169955,0.9319206786169955,1.0,1.0,1.0,1.0,57.0,0.0,0.0,0.07696104113612678,14.0,0.0,0.0,0.02327357812812193,0.0,/media/mengh/SharedData/zhanh/auto_structbeat/caches/pilot/mscnn_final_last_gtzan/gtzan__gtzan_reggae_00010__track.npy.npz
mscnn_gtzan,no_safeguard,gtzan/gtzan_reggae_00011/track.npy,gtzan,1.0,0.9585918432454663,0.9585918432454663,0.9585918432454663,1.0,1.0,1.0,1.0,0.0,1.1698876809647746e-118,0.9552582790872494,0.4776291395436247,0.0,0.0,1.0,1.0,63.0,0.0,0.0,0.042559614418795966,16.0,0.0,0.0,0.014170301480844923,0.0,/media/mengh/SharedData/zhanh/auto_structbeat/caches/pilot/mscnn_final_last_gtzan/gtzan__gtzan_reggae_00011__track.npy.npz
mscnn_gtzan,no_safeguard,gtzan/gtzan_reggae_00012/track.npy,gtzan,0.6707317073170732,0.605755997849927,0.9031257534625635,0.7544408756562453,0.0,0.0,1.0,1.0,0.6,0.547572766897941,0.8424196413814476,0.6949962041396943,0.0,0.0,0.8461538461538461,0.8461538461538461,66.0,0.0,0.0,0.08701137698962969,16.0,0.0,0.0,0.20559924166330024,0.0,/media/mengh/SharedData/zhanh/auto_structbeat/caches/pilot/mscnn_final_last_gtzan/gtzan__gtzan_reggae_00012__track.npy.npz
mscnn_gtzan,no_safeguard,gtzan/gtzan_reggae_00013/track.npy,gtzan,1.0,0.975791229810046,0.975791229810046,0.975791229810046,1.0,1.0,1.0,1.0,1.0,0.9622334907299785,0.9622334907299785,0.9622334907299785,1.0,1.0,1.0,1.0,62.0,0.0,0.0,0.04082199452025613,16.0,0.0,0.0,0.024172617215142057,0.0,/media/mengh/SharedData/zhanh/auto_structbeat/caches/pilot/mscnn_final_last_gtzan/gtzan__gtzan_reggae_00013__track.npy.npz
mscnn_gtzan,no_safeguard,gtzan/gtzan_reggae_00014/track.npy,gtzan,0.9908256880733944,0.7444247003575374,0.7444247003575374,0.7444247003575374,0.9818181818181818,0.9818181818181818,0.9818181818181818,0.9818181818181818,0.4137931034482759,0.3189207305116317,0.550502691018487,0.4347117107650594,0.3333333333333333,0.3333333333333333,0.4666666666666667,0.4666666666666667,61.0,0.0,0.0,0.0870113769896318,16.0,0.0,0.0,0.6753429724800515,0.0,/media/mengh/SharedData/zhanh/auto_structbeat/caches/pilot/mscnn_final_last_gtzan/gtzan__gtzan_reggae_00014__track.npy.npz
mscnn_gtzan,no_safeguard,gtzan/gtzan_reggae_00015/track.npy,gtzan,1.0,0.8710017268258552,0.8710017268258552,0.8710017268258552,1.0,1.0,1.0,1.0,0.0,6.991892622302598e-28,6.991892622302598e-28,6.991892622302598e-28,0.0,0.0,0.0,0.0,63.0,0.0,0.0,0.04255961441880263,16.0,0.0,0.0,0.01424706428409004,0.0,/media/mengh/SharedData/zhanh/auto_structbeat/caches/pilot/mscnn_final_last_gtzan/gtzan__gtzan_reggae_00015__track.npy.npz
mscnn_gtzan,no_safeguard,gtzan/gtzan_reggae_00016/track.npy,gtzan,0.6590909090909091,0.6244308327834087,0.9313544624566096,0.7778926476200092,0.0,0.0,0.9666666666666667,0.9666666666666667,0.888888888888889,0.8724447368499496,0.8724447368499496,0.8724447368499496,0.7142857142857143,0.7142857142857143,0.7142857142857143,0.7142857142857143,36.0,0.0,0.0,0.09468223934027638,15.0,0.0,0.0,0.2868114783814072,0.0,/media/mengh/SharedData/zhanh/auto_structbeat/caches/pilot/mscnn_final_last_gtzan/gtzan__gtzan_reggae_00016__track.npy.npz
mscnn_gtzan,no_safeguard,gtzan/gtzan_reggae_00017/track.npy,gtzan,0.9904761904761905,0.6893551521983762,0.6893551521983762,0.6893551521983762,0.9811320754716981,0.9811320754716981,0.9811320754716981,0.9811320754716981,0.0,6.651108538196761e-34,7.614562198512857e-26,3.807281132511971e-26,0.0,0.0,0.0,0.0,63.0,0.0,0.0,0.04255961441880263,16.0,0.0,0.0,0.024942353400839043,0.0,/media/mengh/SharedData/zhanh/auto_structbeat/caches/pilot/mscnn_final_last_gtzan/gtzan__gtzan_reggae_00017__track.npy.npz
mscnn_gtzan,no_safeguard,gtzan/gtzan_reggae_00018/track.npy,gtzan,0.8363636363636363,0.7286129692948222,0.7286129692948222,0.7286129692948222,0.1875,0.4375,0.30434782608695654,0.4375,0.07142857142857144,0.0638084386832616,0.6178558742331958,0.3408321564582287,0.0,0.0,0.5333333333333333,0.5333333333333333,59.0,0.0,0.0,0.6728929341725115,15.0,0.0,0.0,0.41270142411873123,0.0,/media/mengh/SharedData/zhanh/auto_structbeat/caches/pilot/mscnn_final_last_gtzan/gtzan__gtzan_reggae_00018__track.npy.npz
mscnn_gtzan,no_safeguard,gtzan/gtzan_reggae_00019/track.npy,gtzan,0.6813186813186815,0.6090838729718722,0.8793441993001476,0.7442140361360099,0.03333333333333333,0.03333333333333333,0.7096774193548387,0.9354838709677419,0.6363636363636364,0.5278793308053165,0.8295246626940687,0.6787019967496926,0.0,0.0,1.0,1.0,37.0,0.0,0.0,0.2274602198357536,8.0,0.0,0.0,0.16797707792110944,0.0,/media/mengh/SharedData/zhanh/auto_structbeat/caches/pilot/mscnn_final_last_gtzan/gtzan__gtzan_reggae_00019__track.npy.npz
mscnn_gtzan,no_safeguard,gtzan/gtzan_reggae_00020/track.npy,gtzan,0.9504950495049505,0.9275193299025378,0.9275193299025378,0.9275193299025378,0.5471698113207547,0.8301886792452831,0.5471698113207547,0.8301886792452831,0.787878787878788,0.7638872213592109,0.8663165620210852,0.815101891690148,0.3,0.3,0.56,0.56,54.0,0.0,0.0,0.6602653584905821,22.0,0.0,0.0,0.4182617768150245,0.0,/media/mengh/SharedData/zhanh/auto_structbeat/caches/pilot/mscnn_final_last_gtzan/gtzan__gtzan_reggae_00020__track.npy.npz
mscnn_gtzan,no_safeguard,gtzan/gtzan_reggae_00021/track.npy,gtzan,0.944,0.7780721477426935,0.7780721477426935,0.7780721477426935,0.5384615384615384,0.8153846153846154,0.5384615384615384,0.8153846153846154,0.14814814814814814,0.11778591210372609,0.3082809722601611,0.2130334421819436,0.0,0.0,0.2727272727272727,0.2727272727272727,72.0,0.0,0.0,0.40043186944083986,14.0,0.0,0.0,0.3300044912757475,0.0,/media/mengh/SharedData/zhanh/auto_structbeat/caches/pilot/mscnn_final_last_gtzan/gtzan__gtzan_reggae_00021__track.npy.npz
mscnn_gtzan,no_safeguard,gtzan/gtzan_reggae_00022/track.npy,gtzan,0.9203539823008848,0.8923558802230133,0.8923558802230133,0.8923558802230133,0.6885245901639344,0.6885245901639344,0.6885245901639344,0.6885245901639344,0.14285714285714288,0.14281250697471995,0.19993750976460792,0.17137500836966393,0.0,0.0,0.25,0.25,58.0,0.0,0.0,0.04879016416943971,14.0,0.0,0.0,0.4283265830963867,0.0,/media/mengh/SharedData/zhanh/auto_structbeat/caches/pilot/mscnn_final_last_gtzan/gtzan__gtzan_reggae_00022__track.npy.npz
mscnn_gtzan,no_safeguard,gtzan/gtzan_reggae_00023/track.npy,gtzan,1.0,0.9392985762724125,0.9392985762724125,0.9392985762724125,1.0,1.0,1.0,1.0,0.36363636363636365,0.34767301257024413,0.7896169956130153,0.5686450040916298,0.0,0.0,0.47368421052631576,0.47368421052631576,65.0,0.0,0.0,0.08701137698962769,25.0,0.0,0.0,0.6281809736979245,0.0,/media/mengh/SharedData/zhanh/auto_structbeat/caches/pilot/mscnn_final_last_gtzan/gtzan__gtzan_reggae_00023__track.npy.npz
mscnn_gtzan,no_safeguard,gtzan/gtzan_reggae_00024/track.npy,gtzan,0.9824561403508771,0.8969224180584884,0.8969224180584884,0.8969224180584884,0.9655172413793104,0.9655172413793104,0.9655172413793104,0.9655172413793104,0.8235294117647058,0.765779749950649,0.765779749950649,0.765779749950649,0.4,0.4,0.4074074074074074,0.4074074074074074,70.0,0.0,0.0,0.04652001563490016,26.0,0.0,0.0,0.04474484698784337,0.0,/media/mengh/SharedData/zhanh/auto_structbeat/caches/pilot/mscnn_final_last_gtzan/gtzan__gtzan_reggae_00024__track.npy.npz
mscnn_gtzan,no_safeguard,gtzan/gtzan_reggae_00025/track.npy,gtzan,0.98989898989899,0.9400066787223883,0.9400066787223883,0.9400066787223883,0.98,0.98,0.98,0.98,0.8,0.75461877005101,0.7932337974200029,0.7739262837355064,0.3333333333333333,0.3333333333333333,0.4782608695652174,0.4782608695652174,60.0,0.0,0.0,0.08004270767353472,23.0,0.0,0.0,0.040821994520255166,0.0,/media/mengh/SharedData/zhanh/auto_structbeat/caches/pilot/mscnn_final_last_gtzan/gtzan__gtzan_reggae_00025__track.npy.npz
mscnn_gtzan,no_safeguard,gtzan/gtzan_reggae_00026/track.npy,gtzan,0.9913043478260869,0.8330679762083966,0.8330679762083966,0.8330679762083966,0.9827586206896551,0.9827586206896551,0.9827586206896551,0.9827586206896551,0.9655172413793104,0.9101059079531635,0.9101059079531635,0.9101059079531635,0.9333333333333333,0.9333333333333333,0.9333333333333333,0.9333333333333333,69.0,0.0,0.0,0.09097177820572214,18.0,0.0,0.0,0.014417996356982404,0.0,/media/mengh/SharedData/zhanh/auto_structbeat/caches/pilot/mscnn_final_last_gtzan/gtzan__gtzan_reggae_00026__track.npy.npz
mscnn_gtzan,no_safeguard,gtzan/gtzan_reggae_00027/track.npy,gtzan,0.9824561403508771,0.8236683849184367,0.8236683849184367,0.8236683849184367,0.9824561403508771,0.9824561403508771,0.9824561403508771,0.9824561403508771,1.0,0.8455942868115749,0.8455942868115749,0.8455942868115749,1.0,1.0,1.0,1.0,68.0,0.0,0.0,0.2744368457017623,17.0,0.0,0.0,0.06744128079553247,0.0,/media/mengh/SharedData/zhanh/auto_structbeat/caches/pilot/mscnn_final_last_gtzan/gtzan__gtzan_reggae_00027__track.npy.npz
mscnn_gtzan,no_safeguard,gtzan/gtzan_reggae_00028/track.npy,gtzan,0.9344262295081968,0.9060824720589891,0.9060824720589891,0.9060824720589891,0.5538461538461539,0.7538461538461538,0.5538461538461539,0.7538461538461538,0.6666666666666666,0.6454534329378966,0.6454534329378966,0.6454534329378966,0.4375,0.4375,0.4375,0.4375,66.0,0.0,0.0,0.5613798805952122,15.0,0.0,0.0,0.6216479577186419,0.0,/media/mengh/SharedData/zhanh/auto_structbeat/caches/pilot/mscnn_final_last_gtzan/gtzan__gtzan_reggae_00028__track.npy.npz
mscnn_gtzan,no_safeguard,gtzan/gtzan_reggae_00029/track.npy,gtzan,0.9836065573770492,0.9273694513973747,0.9273694513973747,0.9273694513973747,0.532258064516129,0.9354838709677419,0.532258064516129,0.9354838709677419,1.0,0.9359449423313627,0.9359449423313627,0.9359449423313627,1.0,1.0,1.0,1.0,73.0,0.0,0.0,0.07568837647226934,19.0,0.0,0.0,0.012578782206862094,0.0,/media/mengh/SharedData/zhanh/auto_structbeat/caches/pilot/mscnn_final_last_gtzan/gtzan__gtzan_reggae_00029__track.npy.npz
mscnn_gtzan,no_safeguard,gtzan/gtzan_reggae_00030/track.npy,gtzan,0.9206349206349206,0.8767195426090673,0.8767195426090673,0.8767195426090673,0.6031746031746031,0.9047619047619048,0.6031746031746031,0.9047619047619048,0.0,1.1230021912863526e-07,1.4505444970781126e-07,1.2867733441822326e-07,0.0625,0.0625,0.0625,0.0625,71.0,0.0,0.0,0.43624108474069223,18.0,0.0,0.0,0.3557095275506962,0.0,/media/mengh/SharedData/zhanh/auto_structbeat/caches/pilot/mscnn_final_last_gtzan/gtzan__gtzan_reggae_00030__track.npy.npz
mscnn_gtzan,no_safeguard,gtzan/gtzan_reggae_00031/track.npy,gtzan,0.6666666666666666,0.6468882126009555,0.9703323189014332,0.8086102657511944,0.0,0.0,1.0,1.0,1.0,0.9665148609694879,0.9665148609694879,0.9665148609694879,1.0,1.0,1.0,1.0,40.0,0.0,0.0,0.026668247082165475,20.0,0.0,0.0,0.026317308317372834,0.0,/media/mengh/SharedData/zhanh/auto_structbeat/caches/pilot/mscnn_final_last_gtzan/gtzan__gtzan_reggae_00031__track.npy.npz
mscnn_gtzan,no_safeguard,gtzan/gtzan_reggae_00032/track.npy,gtzan,0.9,0.8566807487044847,0.8566807487044847,0.8566807487044847,0.38095238095238093,0.746031746031746,0.38095238095238093,0.746031746031746,0.47368421052631576,0.45285766888957496,0.45285766888957496,0.45285766888957496,0.4090909090909091,0.4090909090909091,0.4090909090909091,0.4090909090909091,70.0,0.0,0.0,0.5044984053035044,26.0,0.0,0.0,0.2852026771591006,0.0,/media/mengh/SharedData/zhanh/auto_structbeat/caches/pilot/mscnn_final_last_gtzan/gtzan__gtzan_reggae_00032__track.npy.npz
mscnn_gtzan,no_safeguard,gtzan/gtzan_reggae_00033/track.npy,gtzan,0.9863013698630138,0.9490307380115687,0.9490307380115687,0.9490307380115687,0.972972972972973,0.972972972972973,0.972972972972973,0.972972972972973,1.0,0.9743716106521669,0.9743716106521669,0.9743716106521669,1.0,1.0,1.0,1.0,44.0,0.0,0.0,0.030725723890899392,11.0,0.0,0.0,0.014663208202277511,0.0,/media/mengh/SharedData/zhanh/auto_structbeat/caches/pilot/mscnn_final_last_gtzan/gtzan__gtzan_reggae_00033__track.npy.npz
mscnn_gtzan,no_safeguard,gtzan/gtzan_reggae_00034/track.npy,gtzan,0.6722689075630253,0.6509789058820736,0.9683311224993998,0.8096550141907367,0.0,0.0,1.0,1.0,0.6666666666666666,0.6367799666526973,0.9551699499790459,0.7959749583158716,0.0,0.0,1.0,1.0,47.0,0.0,0.0,0.06252035698133387,12.0,0.0,0.0,0.01212335470415626,0.0,/media/mengh/SharedData/zhanh/auto_structbeat/caches/pilot/mscnn_final_last_gtzan/gtzan__gtzan_reggae_00034__track.npy.npz
mscnn_gtzan,no_safeguard,gtzan/gtzan_reggae_00035/track.npy,gtzan,0.9032258064516129,0.8561822020851738,0.8561822020851738,0.8561822020851738,0.6323529411764706,0.6323529411764706,0.6323529411764706,0.6323529411764706,0.0,9.614665746380785e-71,0.8305680454143655,0.41528402270718273,0.0,0.0,0.625,0.625,63.0,0.0,0.0,0.11122563511023142,16.0,0.0,0.0,0.2514451870322384,0.0,/media/mengh/SharedData/zhanh/auto_structbeat/caches/pilot/mscnn_final_last_gtzan/gtzan__gtzan_reggae_00035__track.npy.npz
mscnn_gtzan,no_safeguard,gtzan/gtzan_reggae_00036/track.npy,gtzan,0.6605504587155963,0.6235890789049735,0.9311124602769786,0.777350769590976,0.0,0.0,0.972972972972973,0.972972972972973,1.0,0.9333276220617664,0.9333276220617664,0.9333276220617664,1.0,1.0,1.0,1.0,43.0,0.0,0.0,0.02898753687325417,22.0,0.0,0.0,0.014598799421152553,0.0,/media/mengh/SharedData/zhanh/auto_structbeat/caches/pilot/mscnn_final_last_gtzan/gtzan__gtzan_reggae_00036__track.npy.npz
mscnn_gtzan,no_safeguard,gtzan/gtzan_reggae_00037/track.npy,gtzan,0.984375,0.9611959105678602,0.9611959105678602,0.9611959105678602,0.984375,0.984375,0.984375,0.984375,0.7441860465116279,0.7274642723359879,0.9115697701825799,0.8195170212592839,0.14814814814814814,0.14814814814814814,0.7419354838709677,0.7419354838709677,77.0,0.0,0.0,0.051293294387558364,34.0,0.0,0.0,0.02531780798429384,0.0,/media/mengh/SharedData/zhanh/auto_structbeat/caches/pilot/mscnn_final_last_gtzan/gtzan__gtzan_reggae_00037__track.npy.npz
mscnn_gtzan,no_safeguard,gtzan/gtzan_reggae_00038/track.npy,gtzan,1.0,0.9420243625810523,0.9420243625810523,0.9420243625810523,1.0,1.0,1.0,1.0,0.6666666666666666,0.6239063343330705,0.9217371197766491,0.7728217270548599,0.0,0.0,0.95,0.95,48.0,0.0,0.0,0.06403398009851514,24.0,0.0,0.0,0.030961280466175484,0.0,/media/mengh/SharedData/zhanh/auto_structbeat/caches/pilot/mscnn_final_last_gtzan/gtzan__gtzan_reggae_00038__track.npy.npz
mscnn_gtzan,no_safeguard,gtzan/gtzan_reggae_00039/track.npy,gtzan,0.7692307692307693,0.6651369919808996,0.7585001597638157,0.7118185758723576,0.109375,0.265625,0.5,0.575,0.9333333333333333,0.8209182525994435,0.8209182525994435,0.8209182525994435,0.75,0.75,0.75,0.75,47.0,0.0,0.0,0.7088640080856888,15.0,0.0,0.0,0.8119517682024134,0.0,/media/mengh/SharedData/zhanh/auto_structbeat/caches/pilot/mscnn_final_last_gtzan/gtzan__gtzan_reggae_00039__track.npy.npz
mscnn_gtzan,no_safeguard,gtzan/gtzan_reggae_00040/track.npy,gtzan,0.7297297297297296,0.6202354261364684,0.6202354261364684,0.6202354261364684,0.5128205128205128,0.6923076923076923,0.5128205128205128,0.6923076923076923,0.5882352941176471,0.4315926845044858,0.4315926845044858,0.4315926845044858,0.5555555555555556,0.5555555555555556,0.5555555555555556,0.5555555555555556,43.0,0.0,0.0,0.33647223662121034,10.0,0.0,0.0,0.31025891033705016,0.0,/media/mengh/SharedData/zhanh/auto_structbeat/caches/pilot/mscnn_final_last_gtzan/gtzan__gtzan_reggae_00040__track.npy.npz
mscnn_gtzan,no_safeguard,gtzan/gtzan_reggae_00041/track.npy,gtzan,0.9917355371900827,0.9147362668968959,0.9147362668968959,0.9147362668968959,0.9508196721311475,0.9508196721311475,0.9508196721311475,0.9508196721311475,0.787878787878788,0.7103854413605131,0.7103854413605131,0.7103854413605131,0.6470588235294118,0.6470588235294118,0.6470588235294118,0.6470588235294118,71.0,0.0,0.0,0.4414631608113201,20.0,0.0,0.0,0.6808770879681315,0.0,/media/mengh/SharedData/zhanh/auto_structbeat/caches/pilot/mscnn_final_last_gtzan/gtzan__gtzan_reggae_00041__track.npy.npz
mscnn_gtzan,no_safeguard,gtzan/gtzan_reggae_00042/track.npy,gtzan,0.98989898989899,0.912210632338331,0.912210632338331,0.912210632338331,0.86,0.96,0.86,0.96,0.0,1.096298290133273e-128,0.8670341590753895,0.43351707953769475,0.0,0.0,0.9166666666666666,0.9166666666666666,60.0,0.0,0.0,0.08054354286336818,14.0,0.0,0.0,0.030459207484708862,0.0,/media/mengh/SharedData/zhanh/auto_structbeat/caches/pilot/mscnn_final_last_gtzan/gtzan__gtzan_reggae_00042__track.npy.npz
mscnn_gtzan,no_safeguard,gtzan/gtzan_reggae_00043/track.npy,gtzan,1.0,0.7633462229628152,0.7633462229628152,0.7633462229628152,1.0,1.0,1.0,1.0,1.0,0.7825885405623856,0.7825885405623856,0.7825885405623856,1.0,1.0,1.0,1.0,78.0,0.0,0.0,0.06481009970512544,19.0,0.0,0.0,0.01293714018219796,0.0,/media/mengh/SharedData/zhanh/auto_structbeat/caches/pilot/mscnn_final_last_gtzan/gtzan__gtzan_reggae_00043__track.npy.npz
mscnn_gtzan,no_safeguard,gtzan/gtzan_reggae_00044/track.npy,gtzan,0.6545454545454545,0.6278598789200531,0.946090228509665,0.786975053714859,0.0,0.0,0.972972972972973,0.972972972972973,0.6153846153846153,0.5830222064462369,0.8916810216236565,0.7373516140349468,0.0,0.0,0.8888888888888888,0.8888888888888888,44.0,0.0,0.0,0.02898753687325288,10.0,0.0,0.0,0.012053333655975757,0.0,/media/mengh/SharedData/zhanh/auto_structbeat/caches/pilot/mscnn_final_last_gtzan/gtzan__gtzan_reggae_00044__track.npy.npz
mscnn_gtzan,no_safeguard,gtzan/gtzan_reggae_00045/track.npy,gtzan,0.7169811320754718,0.6711434991751806,0.8886669466614556,0.7799052229183181,0.11764705882352941,0.11764705882352941,0.7894736842105263,0.7894736842105263,0.6153846153846153,0.5646949660915007,0.7782218261312729,0.6714583961113868,0.0,0.0,0.8888888888888888,0.8888888888888888,45.0,0.0,0.0,0.0540672212702793,10.0,0.0,0.0,0.4165228263200045,0.0,/media/mengh/SharedData/zhanh/auto_structbeat/caches/pilot/mscnn_final_last_gtzan/gtzan__gtzan_reggae_00045__track.npy.npz
mscnn_gtzan,no_safeguard,gtzan/gtzan_reggae_00046/track.npy,gtzan,0.8067226890756303,0.6950076455387905,0.7048939795305265,0.6999508125346585,0.36619718309859156,0.36619718309859156,0.36619718309859156,0.4583333333333333,0.5384615384615384,0.48485820079604025,0.48485820079604025,0.48485820079604025,0.35294117647058826,0.35294117647058826,0.35294117647058826,0.35294117647058826,61.0,0.0,0.0,0.166600701958526,11.0,0.0,0.0,0.9658965780798773,0.0,/media/mengh/SharedData/zhanh/auto_structbeat/caches/pilot/mscnn_final_last_gtzan/gtzan__gtzan_reggae_00046__track.npy.npz
mscnn_gtzan,no_safeguard,gtzan/gtzan_reggae_00047/track.npy,gtzan,0.9836065573770492,0.9120119015998809,0.9120119015998809,0.9120119015998809,0.6065573770491803,0.9836065573770492,0.6065573770491803,0.9836065573770492,0.2580645161290323,0.25324795743696804,0.6780259575277535,0.4656369574823608,0.25,0.25,0.625,0.625,73.0,0.0,0.0,0.19105523676270508,19.0,0.0,0.0,0.6833311064864938,0.0,/media/mengh/SharedData/zhanh/auto_structbeat/caches/pilot/mscnn_final_last_gtzan/gtzan__gtzan_reggae_00047__track.npy.npz
mscnn_gtzan,no_safeguard,gtzan/gtzan_reggae_00048/track.npy,gtzan,0.9452054794520548,0.7998855192650313,0.7998855192650313,0.7998855192650313,0.2876712328767123,0.9315068493150684,0.2876712328767123,0.9315068493150684,0.0,1.3146889915488758e-58,0.8374880948584502,0.4187440474292251,0.0,0.0,0.9444444444444444,0.9444444444444444,83.0,0.0,0.0,0.3566749439387247,20.0,0.0,0.0,0.08804383150934386,0.0,/media/mengh/SharedData/zhanh/auto_structbeat/caches/pilot/mscnn_final_last_gtzan/gtzan__gtzan_reggae_00048__track.npy.npz
mscnn_gtzan,no_safeguard,gtzan/gtzan_reggae_00049/track.npy,gtzan,0.6554621848739496,0.6051276913349778,0.8344483981596124,0.7197880447472951,0.01282051282051282,0.01282051282051282,0.43902439024390244,0.8536585365853658,0.6896551724137931,0.6106720683999391,0.8854744991799117,0.7480732837899254,0.0,0.0,1.0,1.0,49.0,0.0,0.0,0.32249043339380784,12.0,0.0,0.0,0.03329120774883843,0.0,/media/mengh/SharedData/zhanh/auto_structbeat/caches/pilot/mscnn_final_last_gtzan/gtzan__gtzan_reggae_00049__track.npy.npz
mscnn_gtzan,no_safeguard,gtzan/gtzan_reggae_00050/track.npy,gtzan,0.6666666666666666,0.6387798167397251,0.9581697251093195,0.7984747709245223,0.0,0.0,1.0,1.0,0.6666666666666666,0.6469175723144829,0.9703763584717244,0.8086469653931037,0.0,0.0,1.0,1.0,47.0,0.0,0.0,0.03174869831458238,12.0,0.0,0.0,0.015748356968138994,0.0,/media/mengh/SharedData/zhanh/auto_structbeat/caches/pilot/mscnn_final_last_gtzan/gtzan__gtzan_reggae_00050__track.npy.npz
mscnn_gtzan,no_safeguard,gtzan/gtzan_reggae_00051/track.npy,gtzan,1.0,0.9839879654309795,0.9839879654309795,0.9839879654309795,1.0,1.0,1.0,1.0,1.0,0.9875571354414556,0.9875571354414556,0.9875571354414556,1.0,1.0,1.0,1.0,64.0,0.0,0.0,0.04255961441880244,16.0,0.0,0.0,0.010695289116748436,0.0,/media/mengh/SharedData/zhanh/auto_structbeat/caches/pilot/mscnn_final_last_gtzan/gtzan__gtzan_reggae_00051__track.npy.npz
mscnn_gtzan,no_safeguard,gtzan/gtzan_reggae_00052/track.npy,gtzan,1.0,0.9201414509571658,0.9201414509571658,0.9201414509571658,1.0,1.0,1.0,1.0,1.0,0.89139361353234,0.89139361353234,0.89139361353234,1.0,1.0,1.0,1.0,50.0,0.0,0.0,0.06669137449867363,12.0,0.0,0.0,0.00833699858539766,0.0,/media/mengh/SharedData/zhanh/auto_structbeat/caches/pilot/mscnn_final_last_gtzan/gtzan__gtzan_reggae_00052__track.npy.npz
mscnn_gtzan,no_safeguard,gtzan/gtzan_reggae_00053/track.npy,gtzan,0.9508196721311475,0.8719276551052892,0.8719276551052892,0.8719276551052892,0.8125,0.8125,0.8125,0.8125,0.48484848484848486,0.4000681397613852,0.5977581244684803,0.49891313211493277,0.29411764705882354,0.29411764705882354,0.29411764705882354,0.29411764705882354,71.0,0.0,0.0,0.1032496928174891,21.0,0.0,0.0,0.6742326045921558,0.0,/media/mengh/SharedData/zhanh/auto_structbeat/caches/pilot/mscnn_final_last_gtzan/gtzan__gtzan_reggae_00053__track.npy.npz
mscnn_gtzan,no_safeguard,gtzan/gtzan_reggae_00054/track.npy,gtzan,0.7722772277227722,0.7124568511615316,0.7817565846593156,0.7471067179104236,0.29508196721311475,0.29508196721311475,0.525,0.525,0.4166666666666667,0.34417670067275846,0.5162650510091377,0.43022087584094804,0.0,0.0,0.4444444444444444,0.4444444444444444,53.0,0.0,0.0,0.07443681136320912,13.0,0.0,0.0,0.3527848502792509,0.0,/media/mengh/SharedData/zhanh/auto_structbeat/caches/pilot/mscnn_final_last_gtzan/gtzan__gtzan_reggae_00054__track.npy.npz
mscnn_gtzan,no_safeguard,gtzan/gtzan_reggae_00055/track.npy,gtzan,0.8807339449541284,0.8556652907158261,0.8556652907158261,0.8556652907158261,0.8727272727272727,0.8727272727272727,0.8727272727272727,0.8727272727272727,0.8571428571428571,0.8378109754184504,0.8378109754184504,0.8378109754184504,1.0,1.0,1.0,1.0,66.0,0.0,0.0,0.04255961441879885,17.0,0.0,0.0,0.010810916104215362,0.0,/media/mengh/SharedData/zhanh/auto_structbeat/caches/pilot/mscnn_final_last_gtzan/gtzan__gtzan_reggae_00055__track.npy.npz
mscnn_gtzan,no_safeguard,gtzan/gtzan_reggae_00056/track.npy,gtzan,1.0,0.9564031869926666,0.9564031869926666,0.9564031869926666,1.0,1.0,1.0,1.0,0.47058823529411764,0.43299508591489405,0.640153828351875,0.5365744571333845,0.3333333333333333,0.3333333333333333,0.4444444444444444,0.4444444444444444,78.0,0.0,0.0,0.105360515657833,21.0,0.0,0.0,0.6684789023134232,0.0,/media/mengh/SharedData/zhanh/auto_structbeat/caches/pilot/mscnn_final_last_gtzan/gtzan__gtzan_reggae_00056__track.npy.npz
mscnn_gtzan,no_safeguard,gtzan/gtzan_reggae_00057/track.npy,gtzan,1.0,0.9553114935495735,0.9553114935495735,0.9553114935495735,1.0,1.0,1.0,1.0,1.0,0.9460135267173749,0.9460135267173749,0.9460135267173749,1.0,1.0,1.0,1.0,97.0,0.0,0.0,0.1335313926245228,25.0,0.0,0.0,0.032736926762514315,0.0,/media/mengh/SharedData/zhanh/auto_structbeat/caches/pilot/mscnn_final_last_gtzan/gtzan__gtzan_reggae_00057__track.npy.npz
mscnn_gtzan,no_safeguard,gtzan/gtzan_reggae_00058/track.npy,gtzan,1.0,0.8513178748851856,0.8513178748851856,0.8513178748851856,1.0,1.0,1.0,1.0,1.0,0.8297649324414841,0.8297649324414841,0.8297649324414841,1.0,1.0,1.0,1.0,62.0,0.0,0.0,0.04082199452025792,16.0,0.0,0.0,0.02417261721514028,0.0,/media/mengh/SharedData/zhanh/auto_structbeat/caches/pilot/mscnn_final_last_gtzan/gtzan__gtzan_reggae_00058__track.npy.npz
mscnn_gtzan,no_safeguard,gtzan/gtzan_reggae_00059/track.npy,gtzan,0.9508196721311475,0.9112715976001811,0.9112715976001811,0.9112715976001811,0.8125,0.8125,0.8125,0.8125,0.9333333333333333,0.9020235468410036,0.9020235468410036,0.9020235468410036,0.8125,0.8125,0.8125,0.8125,71.0,0.0,0.0,0.10887958732926611,18.0,0.0,0.0,0.19909682806652684,0.0,/media/mengh/SharedData/zhanh/auto_structbeat/caches/pilot/mscnn_final_last_gtzan/gtzan__gtzan_reggae_00059__track.npy.npz
mscnn_gtzan,no_safeguard,gtzan/gtzan_reggae_00060/track.npy,gtzan,1.0,0.9551967338615222,0.9551967338615222,0.9551967338615222,1.0,1.0,1.0,1.0,1.0,0.9434204507655028,0.9434204507655028,0.9434204507655028,1.0,1.0,1.0,1.0,57.0,0.0,0.0,0.07696104113612728,14.0,0.0,0.0,0.032935489039859336,0.0,/media/mengh/SharedData/zhanh/auto_structbeat/caches/pilot/mscnn_final_last_gtzan/gtzan__gtzan_reggae_00060__track.npy.npz
mscnn_gtzan,no_safeguard,gtzan/gtzan_reggae_00061/track.npy,gtzan,1.0,0.9846017739521618,0.9846017739521618,0.9846017739521618,1.0,1.0,1.0,1.0,1.0,0.9824919075487776,0.9824919075487776,0.9824919075487776,1.0,1.0,1.0,1.0,46.0,0.0,0.0,0.030771658666758572,11.0,0.0,0.0,0.007662872745569871,0.0,/media/mengh/SharedData/zhanh/auto_structbeat/caches/pilot/mscnn_final_last_gtzan/gtzan__gtzan_reggae_00061__track.npy.npz
mscnn_gtzan,no_safeguard,gtzan/gtzan_reggae_00062/track.npy,gtzan,0.74,0.7127244440602685,0.8804962425329022,0.7966103432965853,0.19047619047619047,0.19047619047619047,0.6756756756756757,0.6756756756756757,0.7499999999999999,0.7204244863989123,0.9299420100741418,0.8251832482365271,0.2,0.2,0.6666666666666666,0.6666666666666666,50.0,0.0,0.0,0.10008345855698267,13.0,0.0,0.0,0.3529027887159345,0.0,/media/mengh/SharedData/zhanh/auto_structbeat/caches/pilot/mscnn_final_last_gtzan/gtzan__gtzan_reggae_00062__track.npy.npz
mscnn_gtzan,no_safeguard,gtzan/gtzan_reggae_00063/track.npy,gtzan,0.6725663716814159,0.6442089819252412,0.957837038915106,0.8010230104201737,0.0,0.0,1.0,1.0,0.6896551724137931,0.6628453957252494,0.9611258238016116,0.8119856097634305,0.0,0.0,1.0,1.0,46.0,0.0,0.0,0.06223599670659924,12.0,0.0,0.0,0.02298951822469882,0.0,/media/mengh/SharedData/zhanh/auto_structbeat/caches/pilot/mscnn_final_last_gtzan/gtzan__gtzan_reggae_00063__track.npy.npz
mscnn_gtzan,no_safeguard,gtzan/gtzan_reggae_00064/track.npy,gtzan,0.6728971962616822,0.6599420336901207,0.9807471889561516,0.8203446113231362,0.0,0.0,1.0,1.0,0.6666666666666666,0.6593591677479144,0.9890387516218715,0.8241989596848929,0.0,0.0,1.0,1.0,43.0,0.0,0.0,0.057158413839947464,10.0,0.0,0.0,0.011794843528375239,0.0,/media/mengh/SharedData/zhanh/auto_structbeat/caches/pilot/mscnn_final_last_gtzan/gtzan__gtzan_reggae_00064__track.npy.npz
mscnn_gtzan,no_safeguard,gtzan/gtzan_reggae_00065/track.npy,gtzan,0.6727272727272727,0.647178859316903,0.9620226287143041,0.8046007440156036,0.0,0.0,1.0,1.0,0.7586206896551725,0.7428588310712125,0.7831445061709299,0.7630016686210712,0.2777777777777778,0.2777777777777778,0.5454545454545454,0.5454545454545454,44.0,0.0,0.0,0.05884050002293223,13.0,0.0,0.0,0.36499802212687793,0.0,/media/mengh/SharedData/zhanh/auto_structbeat/caches/pilot/mscnn_final_last_gtzan/gtzan__gtzan_reggae_00065__track.npy.npz
mscnn_gtzan,no_safeguard,gtzan/gtzan_reggae_00066/track.npy,gtzan,1.0,0.949120292982497,0.949120292982497,0.949120292982497,1.0,1.0,1.0,1.0,0.6666666666666666,0.6286829226731615,0.9093353714507589,0.7690091470619602,0.0,0.0,0.9375,0.9375,40.0,0.0,0.0,0.05264373348541618,20.0,0.0,0.0,0.013245226750020414,0.0,/media/mengh/SharedData/zhanh/auto_structbeat/caches/pilot/mscnn_final_last_gtzan/gtzan__gtzan_reggae_00066__track.npy.npz
mscnn_gtzan,no_safeguard,gtzan/gtzan_reggae_00067/track.npy,gtzan,0.8135593220338984,0.7894285866994688,0.8158124871999544,0.8026205369497116,0.22857142857142856,0.37142857142857144,0.22916666666666666,0.4583333333333333,0.46153846153846156,0.44284016120702735,0.44284016120702735,0.44284016120702735,0.17647058823529413,0.17647058823529413,0.17647058823529413,0.17647058823529413,60.0,0.0,0.0,0.6471900424802113,11.0,0.0,0.0,0.8838307294072909,0.0,/media/mengh/SharedData/zhanh/auto_structbeat/caches/pilot/mscnn_final_last_gtzan/gtzan__gtzan_reggae_00067__track.npy.npz
mscnn_gtzan,no_safeguard,gtzan/gtzan_reggae_00068/track.npy,gtzan,1.0,0.9226259875903994,0.9226259875903994,0.9226259875903994,1.0,1.0,1.0,1.0,1.0,0.8659678787432274,0.8659678787432274,0.8659678787432274,1.0,1.0,1.0,1.0,69.0,0.0,0.0,0.09097177820572468,18.0,0.0,0.0,0.0343881946059445,0.0,/media/mengh/SharedData/zhanh/auto_structbeat/caches/pilot/mscnn_final_last_gtzan/gtzan__gtzan_reggae_00068__track.npy.npz
mscnn_gtzan,no_safeguard,gtzan/gtzan_reggae_00069/track.npy,gtzan,0.9917355371900827,0.9244769959412584,0.9244769959412584,0.9244769959412584,0.9508196721311475,0.9508196721311475,0.9508196721311475,0.9508196721311475,1.0,0.9388697602664473,0.9388697602664473,0.9388697602664473,1.0,1.0,1.0,1.0,66.0,0.0,0.0,0.08833217745909741,16.0,0.0,0.0,0.2584559577266837,0.0,/media/mengh/SharedData/zhanh/auto_structbeat/caches/pilot/mscnn_final_last_gtzan/gtzan__gtzan_reggae_00069__track.npy.npz
mscnn_gtzan,no_safeguard,gtzan/gtzan_reggae_00070/track.npy,gtzan,0.6666666666666666,0.6267936895550461,0.9401905343325584,0.7834921119438023,0.0,0.0,1.0,1.0,0.6896551724137931,0.6628395961790158,0.9611174144595729,0.8119785053192943,0.0,0.0,1.0,1.0,44.0,0.0,0.0,0.05739112317926955,11.0,0.0,0.0,0.007326040092073383,0.0,/media/mengh/SharedData/zhanh/auto_structbeat/caches/pilot/mscnn_final_last_gtzan/gtzan__gtzan_reggae_00070__track.npy.npz
mscnn_gtzan,no_safeguard,gtzan/gtzan_reggae_00071/track.npy,gtzan,0.6666666666666666,0.6386201731688322,0.9579302597532484,0.7982752164610403,0.0,0.0,1.0,1.0,1.0,0.9593914920205092,0.9593914920205092,0.9593914920205092,1.0,1.0,1.0,1.0,35.0,0.0,0.0,0.04652001563489301,17.0,0.0,0.0,0.023338952738044982,0.0,/media/mengh/SharedData/zhanh/auto_structbeat/caches/pilot/mscnn_final_last_gtzan/gtzan__gtzan_reggae_00071__track.npy.npz
mscnn_gtzan,no_safeguard,gtzan/gtzan_reggae_00072/track.npy,gtzan,1.0,0.941095497504652,0.941095497504652,0.941095497504652,1.0,1.0,1.0,1.0,1.0,0.9375003364862702,0.9375003364862702,0.9375003364862702,1.0,1.0,1.0,1.0,42.0,0.0,0.0,0.05556985115481223,11.0,0.0,0.0,0.0070175726586469535,0.0,/media/mengh/SharedData/zhanh/auto_structbeat/caches/pilot/mscnn_final_last_gtzan/gtzan__gtzan_reggae_00072__track.npy.npz
mscnn_gtzan,no_safeguard,gtzan/gtzan_reggae_00073/track.npy,gtzan,1.0,0.8872508683184184,0.8872508683184184,0.8872508683184184,1.0,1.0,1.0,1.0,1.0,0.8754876410704467,0.8754876410704467,0.8754876410704467,1.0,1.0,1.0,1.0,42.0,0.0,0.0,0.0555698511548145,10.0,0.0,0.0,0.011530091544213946,0.0,/media/mengh/SharedData/zhanh/auto_structbeat/caches/pilot/mscnn_final_last_gtzan/gtzan__gtzan_reggae_00073__track.npy.npz
mscnn_gtzan,no_safeguard,gtzan/gtzan_reggae_00074/track.npy,gtzan,1.0,0.8651745320630175,0.8651745320630175,0.8651745320630175,1.0,1.0,1.0,1.0,1.0,0.810769641349866,0.810769641349866,0.810769641349866,1.0,1.0,1.0,1.0,42.0,0.0,0.0,0.055649279289071145,10.0,0.0,0.0,0.013986241974739999,0.0,/media/mengh/SharedData/zhanh/auto_structbeat/caches/pilot/mscnn_final_last_gtzan/gtzan__gtzan_reggae_00074__track.npy.npz
mscnn_gtzan,no_safeguard,gtzan/gtzan_reggae_00075/track.npy,gtzan,0.7157894736842105,0.570223402201441,0.7604079130440738,0.6653156576227575,0.08333333333333333,0.11666666666666667,0.42857142857142855,0.7714285714285715,0.967741935483871,0.7881466160493504,0.7881466160493504,0.7881466160493504,0.875,0.875,0.875,0.875,42.0,0.0,0.0,0.6943818111894632,20.0,0.0,0.0,0.6827176018569013,0.0,/media/mengh/SharedData/zhanh/auto_structbeat/caches/pilot/mscnn_final_last_gtzan/gtzan__gtzan_reggae_00075__track.npy.npz
mscnn_gtzan,no_safeguard,gtzan/gtzan_reggae_00076/track.npy,gtzan,1.0,0.9541346825806734,0.9541346825806734,0.9541346825806734,1.0,1.0,1.0,1.0,0.0,5.483869732724255e-307,0.8591379594838284,0.4295689797419142,0.0,0.0,0.875,0.875,40.0,0.0,0.0,0.05264373348542313,9.0,0.0,0.0,0.01967276559870501,0.0,/media/mengh/SharedData/zhanh/auto_structbeat/caches/pilot/mscnn_final_last_gtzan/gtzan__gtzan_reggae_00076__track.npy.npz
mscnn_gtzan,no_safeguard,gtzan/gtzan_reggae_00077/track.npy,gtzan,0.991869918699187,0.9617644109890322,0.9617644109890322,0.9617644109890322,0.9838709677419355,0.9838709677419355,0.9838709677419355,0.9838709677419355,0.967741935483871,0.9423050112754783,0.9423050112754783,0.9423050112754783,0.9375,0.9375,0.9375,0.9375,75.0,0.0,0.0,0.04879016416943971,23.0,0.0,0.0,0.024692612590374252,0.0,/media/mengh/SharedData/zhanh/auto_structbeat/caches/pilot/mscnn_final_last_gtzan/gtzan__gtzan_reggae_00077__track.npy.npz
mscnn_gtzan,no_safeguard,gtzan/gtzan_reggae_00078/track.npy,gtzan,0.944,0.9042117375139265,0.9042117375139265,0.9042117375139265,0.3484848484848485,0.803030303030303,0.3484848484848485,0.803030303030303,0.8275862068965517,0.798721043393759,0.798721043393759,0.798721043393759,0.375,0.5625,0.375,0.5625,66.0,0.0,0.0,0.6891469434976164,14.0,0.0,0.0,0.8716416958516495,0.0,/media/mengh/SharedData/zhanh/auto_structbeat/caches/pilot/mscnn_final_last_gtzan/gtzan__gtzan_reggae_00078__track.npy.npz
mscnn_gtzan,no_safeguard,gtzan/gtzan_reggae_00079/track.npy,gtzan,0.8869565217391304,0.803551288546191,0.803551288546191,0.803551288546191,0.375,0.609375,0.375,0.609375,0.8571428571428571,0.7687033229628578,0.7687033229628578,0.7687033229628578,0.375,0.5625,0.375,0.5625,63.0,0.0,0.0,0.10008345855698275,15.0,0.0,0.0,0.6993381648349157,0.0,/media/mengh/SharedData/zhanh/auto_structbeat/caches/pilot/mscnn_final_last_gtzan/gtzan__gtzan_reggae_00079__track.npy.npz
mscnn_gtzan,no_safeguard,gtzan/gtzan_reggae_00080/track.npy,gtzan,1.0,0.9572706688043431,0.9572706688043431,0.9572706688043431,1.0,1.0,1.0,1.0,1.0,0.9430832536722665,0.9430832536722665,0.9430832536722665,1.0,1.0,1.0,1.0,50.0,0.0,0.0,0.06669137449867674,12.0,0.0,0.0,0.008368249670517192,0.0,/media/mengh/SharedData/zhanh/auto_structbeat/caches/pilot/mscnn_final_last_gtzan/gtzan__gtzan_reggae_00080__track.npy.npz
mscnn_gtzan,no_safeguard,gtzan/gtzan_reggae_00081/track.npy,gtzan,1.0,0.9579832781725973,0.9579832781725973,0.9579832781725973,1.0,1.0,1.0,1.0,1.0,0.9604150679423012,0.9604150679423012,0.9604150679423012,1.0,1.0,1.0,1.0,51.0,0.0,0.0,0.06669137449867463,13.0,0.0,0.0,0.008368249670517858,0.0,/media/mengh/SharedData/zhanh/auto_structbeat/caches/pilot/mscnn_final_last_gtzan/gtzan__gtzan_reggae_00081__track.npy.npz
mscnn_gtzan,no_safeguard,gtzan/gtzan_reggae_00082/track.npy,gtzan,1.0,0.9579832781725973,0.9579832781725973,0.9579832781725973,1.0,1.0,1.0,1.0,1.0,0.9604150679423012,0.9604150679423012,0.9604150679423012,1.0,1.0,1.0,1.0,51.0,0.0,0.0,0.06669137449867463,13.0,0.0,0.0,0.008368249670517858,0.0,/media/mengh/SharedData/zhanh/auto_structbeat/caches/pilot/mscnn_final_last_gtzan/gtzan__gtzan_reggae_00082__track.npy.npz
mscnn_gtzan,no_safeguard,gtzan/gtzan_reggae_00083/track.npy,gtzan,0.9285714285714286,0.7703305863018782,0.7703305863018782,0.7703305863018782,1.0,1.0,1.0,1.0,0.5714285714285714,0.42270341104171244,0.6191906487619635,0.5209470299018379,0.0,0.0,0.9285714285714286,0.9285714285714286,34.0,0.0,0.0,0.1921762369394489,17.0,0.0,0.0,0.4783763887432677,0.0,/media/mengh/SharedData/zhanh/auto_structbeat/caches/pilot/mscnn_final_last_gtzan/gtzan__gtzan_reggae_00083__track.npy.npz
mscnn_gtzan,no_safeguard,gtzan/gtzan_reggae_00084/track.npy,gtzan,0.988235294117647,0.9238704988991804,0.9238704988991804,0.9238704988991804,0.9767441860465116,0.9767441860465116,0.9767441860465116,0.9767441860465116,1.0,0.8894692911071688,0.8894692911071688,0.8894692911071688,1.0,1.0,1.0,1.0,51.0,0.0,0.0,0.06669137449867073,13.0,0.0,0.0,0.008438868645865127,0.0,/media/mengh/SharedData/zhanh/auto_structbeat/caches/pilot/mscnn_final_last_gtzan/gtzan__gtzan_reggae_00084__track.npy.npz
mscnn_gtzan,no_safeguard,gtzan/gtzan_reggae_00085/track.npy,gtzan,0.9726027397260274,0.8500184900059441,0.8500184900059441,0.8500184900059441,0.6575342465753424,0.9452054794520548,0.6575342465753424,0.9452054794520548,1.0,0.8389174164402836,0.8389174164402836,0.8389174164402836,1.0,1.0,1.0,1.0,85.0,0.0,0.0,0.287682072451783,21.0,0.0,0.0,0.016037673166364598,0.0,/media/mengh/SharedData/zhanh/auto_structbeat/caches/pilot/mscnn_final_last_gtzan/gtzan__gtzan_reggae_00085__track.npy.npz
mscnn_gtzan,no_safeguard,gtzan/gtzan_reggae_00087/track.npy,gtzan,1.0,0.9709324262716105,0.9709324262716105,0.9709324262716105,1.0,1.0,1.0,1.0,1.0,0.9803613128426755,0.9803613128426755,0.9803613128426755,1.0,1.0,1.0,1.0,41.0,0.0,0.0,0.05556985115481156,10.0,0.0,0.0,0.006920442844573782,0.0,/media/mengh/SharedData/zhanh/auto_structbeat/caches/pilot/mscnn_final_last_gtzan/gtzan__gtzan_reggae_00087__track.npy.npz
mscnn_gtzan,no_safeguard,gtzan/gtzan_reggae_00088/track.npy,gtzan,1.0,0.9814117427332403,0.9814117427332403,0.9814117427332403,1.0,1.0,1.0,1.0,1.0,0.9889187198051882,0.9889187198051882,0.9889187198051882,1.0,1.0,1.0,1.0,54.0,0.0,0.0,0.07145896398214968,13.0,0.0,0.0,1.6653345369377348e-15,0.0,/media/mengh/SharedData/zhanh/auto_structbeat/caches/pilot/mscnn_final_last_gtzan/gtzan__gtzan_reggae_00088__track.npy.npz
mscnn_gtzan,no_safeguard,gtzan/gtzan_reggae_00089/track.npy,gtzan,0.9919999999999999,0.8905385572577615,0.8905385572577615,0.8905385572577615,0.9841269841269841,0.9841269841269841,0.9841269841269841,0.9841269841269841,0.0,9.6682555808124e-83,0.8680029607732145,0.43400148038660724,0.0,0.0,0.875,0.875,75.0,0.0,0.0,0.10008345855697595,19.0,0.0,0.0,0.025001302205418963,0.0,/media/mengh/SharedData/zhanh/auto_structbeat/caches/pilot/mscnn_final_last_gtzan/gtzan__gtzan_reggae_00089__track.npy.npz
mscnn_gtzan,no_safeguard,gtzan/gtzan_reggae_00090/track.npy,gtzan,0.6666666666666666,0.5937031572779018,0.8905547359168526,0.7421289465973773,0.0,0.0,1.0,1.0,0.0,1.5134606716477883e-79,0.6364042545773193,0.31820212728865965,0.0,0.0,0.0,0.0,39.0,0.0,0.0,0.0512932943875517,10.0,0.0,0.0,0.014805961984508103,0.0,/media/mengh/SharedData/zhanh/auto_structbeat/caches/pilot/mscnn_final_last_gtzan/gtzan__gtzan_reggae_00090__track.npy.npz
mscnn_gtzan,no_safeguard,gtzan/gtzan_reggae_00091/track.npy,gtzan,0.8679245283018869,0.819670910551561,0.819670910551561,0.819670910551561,0.3,0.5333333333333333,0.3,0.5333333333333333,0.6923076923076923,0.6079139034824484,0.6079139034824484,0.6079139034824484,0.2,0.3333333333333333,0.2727272727272727,0.3333333333333333,55.0,0.0,0.0,0.6690496289808844,13.0,0.0,0.0,0.5634834321113398,0.0,/media/mengh/SharedData/zhanh/auto_structbeat/caches/pilot/mscnn_final_last_gtzan/gtzan__gtzan_reggae_00091__track.npy.npz
mscnn_gtzan,no_safeguard,gtzan/gtzan_reggae_00092/track.npy,gtzan,0.8155339805825244,0.6248307685528347,0.6316018557207204,0.6282163121367775,0.19672131147540983,0.3770491803278688,0.21428571428571427,0.40476190476190477,0.6923076923076923,0.5219492996206103,0.5319396851178606,0.5269444923692355,0.1875,0.3125,0.2,0.3125,52.0,0.0,0.0,0.7178397931503143,12.0,0.0,0.0,0.7704071506334258,0.0,/media/mengh/SharedData/zhanh/auto_structbeat/caches/pilot/mscnn_final_last_gtzan/gtzan__gtzan_reggae_00092__track.npy.npz
mscnn_gtzan,no_safeguard,gtzan/gtzan_reggae_00093/track.npy,gtzan,0.888888888888889,0.8035987608505308,0.8035987608505308,0.8035987608505308,0.3466666666666667,0.6,0.3466666666666667,0.6,0.43243243243243246,0.36841449405906485,0.5013494971203495,0.4348819955897072,0.0,0.0,0.32432432432432434,0.32432432432432434,74.0,0.0,0.0,0.7239188392266984,25.0,0.0,0.0,0.44410386177639083,0.0,/media/mengh/SharedData/zhanh/auto_structbeat/caches/pilot/mscnn_final_last_gtzan/gtzan__gtzan_reggae_00093__track.npy.npz
mscnn_gtzan,no_safeguard,gtzan/gtzan_reggae_00094/track.npy,gtzan,1.0,0.9641865321202773,0.9641865321202773,0.9641865321202773,1.0,1.0,1.0,1.0,1.0,0.9521734667493729,0.9521734667493729,0.9521734667493729,1.0,1.0,1.0,1.0,63.0,0.0,0.0,0.04255961441880263,16.0,0.0,0.0,0.01424706428409189,0.0,/media/mengh/SharedData/zhanh/auto_structbeat/caches/pilot/mscnn_final_last_gtzan/gtzan__gtzan_reggae_00094__track.npy.npz
mscnn_gtzan,no_safeguard,gtzan/gtzan_reggae_00095/track.npy,gtzan,1.0,0.974202328523097,0.974202328523097,0.974202328523097,1.0,1.0,1.0,1.0,0.7692307692307693,0.7482594260078479,0.7482594260078479,0.7482594260078479,0.6923076923076923,0.6923076923076923,0.6923076923076923,0.6923076923076923,62.0,0.0,0.0,0.04294997524120094,15.0,0.0,0.0,0.02061928720273414,0.0,/media/mengh/SharedData/zhanh/auto_structbeat/caches/pilot/mscnn_final_last_gtzan/gtzan__gtzan_reggae_00095__track.npy.npz
mscnn_gtzan,no_safeguard,gtzan/gtzan_reggae_00096/track.npy,gtzan,0.972972972972973,0.8755339291107612,0.8755339291107612,0.8755339291107612,0.44594594594594594,0.9459459459459459,0.44594594594594594,0.9459459459459459,0.9444444444444444,0.8546635260438896,0.8546635260438896,0.8546635260438896,1.0,1.0,1.0,1.0,89.0,0.0,0.0,0.16035459763601498,20.0,0.0,0.0,0.13332243672283328,0.0,/media/mengh/SharedData/zhanh/auto_structbeat/caches/pilot/mscnn_final_last_gtzan/gtzan__gtzan_reggae_00096__track.npy.npz
mscnn_gtzan,no_safeguard,gtzan/gtzan_reggae_00097/track.npy,gtzan,0.45454545454545453,0.39175325801560223,0.39175325801560223,0.39175325801560223,0.09090909090909091,0.09090909090909091,0.09090909090909091,0.09090909090909091,0.4210526315789473,0.34757153850550787,0.606775532699122,0.4771735356023149,0.0,0.0,0.35714285714285715,0.35714285714285715,51.0,0.0,0.0,0.6566289145556227,16.0,0.0,0.0,0.6634523547230725,0.0,/media/mengh/SharedData/zhanh/auto_structbeat/caches/pilot/mscnn_final_last_gtzan/gtzan__gtzan_reggae_00097__track.npy.npz
mscnn_gtzan,no_safeguard,gtzan/gtzan_reggae_00098/track.npy,gtzan,0.8659793814432989,0.6222787893691981,0.6222787893691981,0.6222787893691981,0.11,0.35,0.11,0.35,0.8510638297872342,0.5506350201726242,0.5506350201726242,0.5506350201726242,0.44,0.8,0.44,0.8,111.0,0.0,0.1,0.40546510810817016,27.0,0.0,0.0,0.7113398207067643,0.0,/media/mengh/SharedData/zhanh/auto_structbeat/caches/pilot/mscnn_final_last_gtzan/gtzan__gtzan_reggae_00098__track.npy.npz
mscnn_gtzan,no_safeguard,gtzan/gtzan_reggae_00099/track.npy,gtzan,0.6711409395973154,0.6306246205007381,0.639685509729672,0.635155065115205,0.02040816326530612,0.030612244897959183,0.3137254901960784,0.6274509803921569,0.2222222222222222,0.21738354600219167,0.3402525067860392,0.27881802639411546,0.0,0.0,0.9166666666666666,0.9166666666666666,61.0,0.0,0.0,0.7378912463955273,14.0,0.0,0.0,0.12070973411197676,0.0,/media/mengh/SharedData/zhanh/auto_structbeat/caches/pilot/mscnn_final_last_gtzan/gtzan__gtzan_reggae_00099__track.npy.npz
mscnn_gtzan,no_safeguard,gtzan/gtzan_rock_00000/track.npy,gtzan,0.8749999999999999,0.7585892850656301,0.7585892850656301,0.7585892850656301,0.803921568627451,0.8235294117647058,0.803921568627451,0.8235294117647058,0.8333333333333333,0.7405722744204808,0.7405722744204808,0.7405722744204808,0.8461538461538461,0.8461538461538461,0.8461538461538461,0.8461538461538461,55.0,0.0,0.0,0.09513883886668172,13.0,0.0,0.0,0.025330957401113907,0.0,/media/mengh/SharedData/zhanh/auto_structbeat/caches/pilot/mscnn_final_last_gtzan/gtzan__gtzan_rock_00000__track.npy.npz
mscnn_gtzan,no_safeguard,gtzan/gtzan_rock_00001/track.npy,gtzan,0.967741935483871,0.8023642797128712,0.8023642797128712,0.8023642797128712,0.967741935483871,0.967741935483871,0.967741935483871,0.967741935483871,1.0,0.7548357679386114,0.7548357679386114,0.7548357679386114,1.0,1.0,1.0,1.0,38.0,0.0,0.0,0.05129329438755115,9.0,0.0,0.0,0.017023241581921162,0.0,/media/mengh/SharedData/zhanh/auto_structbeat/caches/pilot/mscnn_final_last_gtzan/gtzan__gtzan_rock_00001__track.npy.npz
mscnn_gtzan,no_safeguard,gtzan/gtzan_rock_00002/track.npy,gtzan,1.0,0.9662496530449233,0.9662496530449233,0.9662496530449233,1.0,1.0,1.0,1.0,1.0,0.9749489779419974,0.9749489779419974,0.9749489779419974,1.0,1.0,1.0,1.0,53.0,0.0,0.0,0.035091319811275556,13.0,0.0,0.0,0.03011933608679168,0.0,/media/mengh/SharedData/zhanh/auto_structbeat/caches/pilot/mscnn_final_last_gtzan/gtzan__gtzan_rock_00002__track.npy.npz
mscnn_gtzan,no_safeguard,gtzan/gtzan_rock_00003/track.npy,gtzan,1.0,0.9204185650084273,0.9204185650084273,0.9204185650084273,1.0,1.0,1.0,1.0,0.3333333333333333,0.3128639669651037,0.7191618995746861,0.516012933269895,0.0,0.0,0.42105263157894735,0.42105263157894735,48.0,0.0,0.0,0.0625203569813347,18.0,0.0,0.0,0.2030746990893095,0.0,/media/mengh/SharedData/zhanh/auto_structbeat/caches/pilot/mscnn_final_last_gtzan/gtzan__gtzan_rock_00003__track.npy.npz
mscnn_gtzan,no_safeguard,gtzan/gtzan_rock_00004/track.npy,gtzan,0.9041095890410958,0.7540233404323897,0.7540233404323897,0.7540233404323897,0.375,0.65,0.375,0.65,0.5217391304347826,0.4320791302416814,0.7287397281621514,0.5804094292019164,0.0,0.0,0.6470588235294118,0.6470588235294118,46.0,0.0,0.0,0.105360515657823,16.0,0.0,0.0,0.2654858077560113,0.0,/media/mengh/SharedData/zhanh/auto_structbeat/caches/pilot/mscnn_final_last_gtzan/gtzan__gtzan_rock_00004__track.npy.npz
mscnn_gtzan,no_safeguard,gtzan/gtzan_rock_00005/track.npy,gtzan,0.5050505050505051,0.4545107173631747,0.7317724362114283,0.5931415767873015,0.1206896551724138,0.1206896551724138,0.19753086419753085,0.41975308641975306,0.21428571428571427,0.1774561659988083,0.1878413221962122,0.18264874409751025,0.05555555555555555,0.05555555555555555,0.21052631578947367,0.21052631578947367,66.0,0.0,0.0,0.6592456288842619,20.0,0.0,0.0,0.329086166670998,0.0,/media/mengh/SharedData/zhanh/auto_structbeat/caches/pilot/mscnn_final_last_gtzan/gtzan__gtzan_rock_00005__track.npy.npz
mscnn_gtzan,no_safeguard,gtzan/gtzan_rock_00006/track.npy,gtzan,0.9583333333333334,0.8919983227567059,0.8919983227567059,0.8919983227567059,1.0,1.0,1.0,1.0,0.5555555555555556,0.5399522545582438,0.7501513766815744,0.6450518156199091,0.0,0.0,0.9166666666666666,0.9166666666666666,29.0,0.0,0.0,0.038776597602150215,15.0,0.0,0.0,0.032322194722597015,0.0,/media/mengh/SharedData/zhanh/auto_structbeat/caches/pilot/mscnn_final_last_gtzan/gtzan__gtzan_rock_00006__track.npy.npz
mscnn_gtzan,no_safeguard,gtzan/gtzan_rock_00007/track.npy,gtzan,1.0,0.848046860040899,0.848046860040899,0.848046860040899,1.0,1.0,1.0,1.0,1.0,0.8488253522832363,0.8488253522832363,0.8488253522832363,1.0,1.0,1.0,1.0,45.0,0.0,0.0,0.02985296314968583,12.0,0.0,0.0,0.018934955236177012,0.0,/media/mengh/SharedData/zhanh/auto_structbeat/caches/pilot/mscnn_final_last_gtzan/gtzan__gtzan_rock_00007__track.npy.npz
mscnn_gtzan,no_safeguard,gtzan/gtzan_rock_00008/track.npy,gtzan,0.7222222222222223,0.6365055260881736,0.6365055260881736,0.6365055260881736,0.3783783783783784,0.7567567567567568,0.3783783783783784,0.7567567567567568,0.5,0.428187462180698,0.5968892062540674,0.5125383342173827,0.0,0.0,0.47368421052631576,0.7894736842105263,43.0,0.0,0.0,0.16362942378180245,22.0,0.0,0.0,0.2749430466743492,0.0,/media/mengh/SharedData/zhanh/auto_structbeat/caches/pilot/mscnn_final_last_gtzan/gtzan__gtzan_rock_00008__track.npy.npz
mscnn_gtzan,no_safeguard,gtzan/gtzan_rock_00009/track.npy,gtzan,1.0,0.9306326913186063,0.9306326913186063,0.9306326913186063,1.0,1.0,1.0,1.0,0.0,0.0,0.8843406715461712,0.4421703357730856,0.0,0.0,0.875,0.875,38.0,0.0,0.0,0.025317807984289488,9.0,0.0,0.0,0.012500162764231626,0.0,/media/mengh/SharedData/zhanh/auto_structbeat/caches/pilot/mscnn_final_last_gtzan/gtzan__gtzan_rock_00009__track.npy.npz
mscnn_gtzan,no_safeguard,gtzan/gtzan_rock_00010/track.npy,gtzan,1.0,0.8369604184643572,0.8369604184643572,0.8369604184643572,1.0,1.0,1.0,1.0,1.0,0.7991725717585434,0.7991725717585434,0.7991725717585434,1.0,1.0,1.0,1.0,42.0,0.0,0.0,0.05556985115480991,11.0,0.0,0.0,0.024744181092240587,0.0,/media/mengh/SharedData/zhanh/auto_structbeat/caches/pilot/mscnn_final_last_gtzan/gtzan__gtzan_rock_00010__track.npy.npz
mscnn_gtzan,no_safeguard,gtzan/gtzan_rock_00011/track.npy,gtzan,1.0,0.8445183722390713,0.8445183722390713,0.8445183722390713,1.0,1.0,1.0,1.0,1.0,0.8389567125616607,0.8389567125616607,0.8389567125616607,1.0,1.0,1.0,1.0,58.0,0.0,0.0,0.08004270767353522,14.0,0.0,0.0,0.042287096844785176,0.0,/media/mengh/SharedData/zhanh/auto_structbeat/caches/pilot/mscnn_final_last_gtzan/gtzan__gtzan_rock_00011__track.npy.npz
mscnn_gtzan,no_safeguard,gtzan/gtzan_rock_00012/track.npy,gtzan,1.0,0.9589041753150596,0.9589041753150596,0.9589041753150596,1.0,1.0,1.0,1.0,1.0,0.9636024117998251,0.9636024117998251,0.9636024117998251,1.0,1.0,1.0,1.0,56.0,0.0,0.0,0.03774032798285287,14.0,0.0,0.0,0.013704127111971331,0.0,/media/mengh/SharedData/zhanh/auto_structbeat/caches/pilot/mscnn_final_last_gtzan/gtzan__gtzan_rock_00012__track.npy.npz
mscnn_gtzan,no_safeguard,gtzan/gtzan_rock_00013/track.npy,gtzan,1.0,0.8949149853258175,0.8949149853258175,0.8949149853258175,1.0,1.0,1.0,1.0,1.0,0.9411056557684083,0.9411056557684083,0.9411056557684083,1.0,1.0,1.0,1.0,46.0,0.0,0.0,0.0606246218164391,11.0,0.0,0.0,0.015267472130788851,0.0,/media/mengh/SharedData/zhanh/auto_structbeat/caches/pilot/mscnn_final_last_gtzan/gtzan__gtzan_rock_00013__track.npy.npz
mscnn_gtzan,no_safeguard,gtzan/gtzan_rock_00014/track.npy,gtzan,0.48000000000000004,0.41746939916198594,0.5668374745850226,0.4921534368735043,0.23076923076923078,0.25,0.23076923076923078,0.25,0.0909090909090909,0.037790113031290214,0.07954954564077668,0.058669829336033444,0.0,0.0,0.0,0.0,60.0,0.0,0.0,0.7983589066681304,12.0,0.0,0.0,0.6525170288439539,0.0,/media/mengh/SharedData/zhanh/auto_structbeat/caches/pilot/mscnn_final_last_gtzan/gtzan__gtzan_rock_00014__track.npy.npz
mscnn_gtzan,no_safeguard,gtzan/gtzan_rock_00015/track.npy,gtzan,0.9885057471264368,0.75687584241355,0.75687584241355,0.75687584241355,0.9772727272727273,0.9772727272727273,0.9772727272727273,0.9772727272727273,1.0,0.8423398387058344,0.8423398387058344,0.8423398387058344,1.0,1.0,1.0,1.0,52.0,0.0,0.0,0.07034922235931092,13.0,0.0,0.0,0.035364118438095504,0.0,/media/mengh/SharedData/zhanh/auto_structbeat/caches/pilot/mscnn_final_last_gtzan/gtzan__gtzan_rock_00015__track.npy.npz
mscnn_gtzan,no_safeguard,gtzan/gtzan_rock_00016/track.npy,gtzan,0.817391304347826,0.7153466461730877,0.7153466461730877,0.7153466461730877,0.7704918032786885,0.7704918032786885,0.7704918032786885,0.7704918032786885,0.8148148148148148,0.7230273932516267,0.7230273932516267,0.7230273932516267,0.8,0.8,0.8,0.8,67.0,0.0,0.0,0.04879016416943971,16.0,0.0,0.0,0.02893508877669216,0.0,/media/mengh/SharedData/zhanh/auto_structbeat/caches/pilot/mscnn_final_last_gtzan/gtzan__gtzan_rock_00016__track.npy.npz
mscnn_gtzan,no_safeguard,gtzan/gtzan_rock_00017/track.npy,gtzan,0.9803921568627451,0.9248015834860117,0.9248015834860117,0.9248015834860117,0.9803921568627451,0.9803921568627451,0.9803921568627451,0.9803921568627451,0.9230769230769231,0.8940079414957892,0.8940079414957892,0.8940079414957892,1.0,1.0,1.0,1.0,61.0,0.0,0.0,0.04082199452025792,16.0,0.0,0.0,0.013669989012743402,0.0,/media/mengh/SharedData/zhanh/auto_structbeat/caches/pilot/mscnn_final_last_gtzan/gtzan__gtzan_rock_00017__track.npy.npz
mscnn_gtzan,no_safeguard,gtzan/gtzan_rock_00018/track.npy,gtzan,0.9795918367346939,0.9210982370215828,0.9210982370215828,0.9210982370215828,0.9795918367346939,0.9795918367346939,0.9795918367346939,0.9795918367346939,0.6486486486486487,0.6028399515572666,0.8746363503897711,0.7387381509735188,0.0,0.0,0.92,0.92,59.0,0.0,0.0,0.039220713153287345,30.0,0.0,0.0,0.03973071710255236,0.0,/media/mengh/SharedData/zhanh/auto_structbeat/caches/pilot/mscnn_final_last_gtzan/gtzan__gtzan_rock_00018__track.npy.npz
mscnn_gtzan,no_safeguard,gtzan/gtzan_rock_00019/track.npy,gtzan,0.98,0.9149150774760956,0.9149150774760956,0.9149150774760956,1.0,1.0,1.0,1.0,1.0,0.9127611477110441,0.9127611477110441,0.9127611477110441,1.0,1.0,1.0,1.0,56.0,0.0,0.0,0.0800427076735385,14.0,0.0,0.0,0.26282747125960787,0.0,/media/mengh/SharedData/zhanh/auto_structbeat/caches/pilot/mscnn_final_last_gtzan/gtzan__gtzan_rock_00019__track.npy.npz
mscnn_gtzan,no_safeguard,gtzan/gtzan_rock_00020/track.npy,gtzan,0.5679012345679012,0.47445296097157125,0.530273956490733,0.5023634587311521,0.43902439024390244,0.5365853658536586,0.43902439024390244,0.5365853658536586,0.35714285714285715,0.277012180496306,0.41085245540965487,0.3439323179529804,0.0,0.0,0.47368421052631576,0.47368421052631576,48.0,0.0,0.0,0.4582467298889453,19.0,0.0,0.0,0.409667547644681,0.0,/media/mengh/SharedData/zhanh/auto_structbeat/caches/pilot/mscnn_final_last_gtzan/gtzan__gtzan_rock_00020__track.npy.npz
mscnn_gtzan,no_safeguard,gtzan/gtzan_rock_00021/track.npy,gtzan,0.5714285714285715,0.5168476705184786,0.5743020558116686,0.5455748631650736,0.012658227848101266,0.012658227848101266,0.35,0.575,0.0,0.0001335729616156244,0.38851922577594683,0.19432639936878124,0.0,0.0,0.0,0.0,48.0,0.0,0.0,0.44357366874266146,12.0,0.0,0.0,0.26090448579330383,0.0,/media/mengh/SharedData/zhanh/auto_structbeat/caches/pilot/mscnn_final_last_gtzan/gtzan__gtzan_rock_00021__track.npy.npz
mscnn_gtzan,no_safeguard,gtzan/gtzan_rock_00022/track.npy,gtzan,0.6451612903225806,0.5854598091052249,0.5854598091052249,0.5854598091052249,0.012048192771084338,0.012048192771084338,0.4634146341463415,0.4634146341463415,0.07142857142857142,0.07001419096660387,0.11531749099842055,0.09266584098251221,0.0,0.0,0.4,0.4,50.0,0.0,0.0,0.3939886701201183,9.0,0.0,0.0,0.45300162671259886,0.0,/media/mengh/SharedData/zhanh/auto_structbeat/caches/pilot/mscnn_final_last_gtzan/gtzan__gtzan_rock_00022__track.npy.npz
mscnn_gtzan,no_safeguard,gtzan/gtzan_rock_00023/track.npy,gtzan,0.9841269841269841,0.9135092815332874,0.9135092815332874,0.9135092815332874,0.96875,0.96875,0.96875,0.96875,1.0,0.960986723180067,0.960986723180067,0.960986723180067,1.0,1.0,1.0,1.0,38.0,0.0,0.0,0.050010420574660236,9.0,0.0,0.0,0.008750113934962136,0.0,/media/mengh/SharedData/zhanh/auto_structbeat/caches/pilot/mscnn_final_last_gtzan/gtzan__gtzan_rock_00023__track.npy.npz
mscnn_gtzan,no_safeguard,gtzan/gtzan_rock_00024/track.npy,gtzan,0.9268292682926829,0.6518512409102557,0.6518512409102557,0.6518512409102557,0.6935483870967742,0.9193548387096774,0.6935483870967742,0.9193548387096774,0.9333333333333333,0.6754834706197068,0.6754834706197068,0.6754834706197068,1.0,1.0,1.0,1.0,76.0,0.0,0.0,0.18566084978585012,19.0,0.0,0.0,0.042701055606414205,0.0,/media/mengh/SharedData/zhanh/auto_structbeat/caches/pilot/mscnn_final_last_gtzan/gtzan__gtzan_rock_00024__track.npy.npz
mscnn_gtzan,no_safeguard,gtzan/gtzan_rock_00025/track.npy,gtzan,0.9195402298850575,0.6944384564379399,0.6944384564379399,0.6944384564379399,0.6136363636363636,0.9318181818181818,0.6136363636363636,0.9318181818181818,0.9090909090909091,0.6961765446873729,0.6961765446873729,0.6961765446873729,1.0,1.0,1.0,1.0,52.0,0.0,0.0,0.21305506099524962,13.0,0.0,0.0,0.04367506350266187,0.0,/media/mengh/SharedData/zhanh/auto_structbeat/caches/pilot/mscnn_final_last_gtzan/gtzan__gtzan_rock_00025__track.npy.npz
mscnn_gtzan,no_safeguard,gtzan/gtzan_rock_00026/track.npy,gtzan,1.0,0.9456728489430504,0.9456728489430504,0.9456728489430504,1.0,1.0,1.0,1.0,1.0,0.9217611032928943,0.9217611032928943,0.9217611032928943,1.0,1.0,1.0,1.0,57.0,0.0,0.0,0.03818444353398141,14.0,0.0,0.0,0.028269381111485765,0.0,/media/mengh/SharedData/zhanh/auto_structbeat/caches/pilot/mscnn_final_last_gtzan/gtzan__gtzan_rock_00026__track.npy.npz
mscnn_gtzan,no_safeguard,gtzan/gtzan_rock_00027/track.npy,gtzan,0.9411764705882353,0.8197464912292556,0.8197464912292556,0.8197464912292556,0.6984126984126984,0.7777777777777778,0.6984126984126984,0.7777777777777778,0.7333333333333334,0.6725535465165738,0.6725535465165738,0.6725535465165738,0.6875,0.6875,0.6875,0.6875,69.0,0.0,0.0,0.6272168369215574,17.0,0.0,0.0,0.3101759827184175,0.0,/media/mengh/SharedData/zhanh/auto_structbeat/caches/pilot/mscnn_final_last_gtzan/gtzan__gtzan_rock_00027__track.npy.npz
mscnn_gtzan,no_safeguard,gtzan/gtzan_rock_00028/track.npy,gtzan,1.0,0.908061175230102,0.908061175230102,0.908061175230102,1.0,1.0,1.0,1.0,1.0,0.8657064089257623,0.8657064089257623,0.8657064089257623,1.0,1.0,1.0,1.0,69.0,0.0,0.0,0.09531017980432886,17.0,0.0,0.0,0.034408018831408795,0.0,/media/mengh/SharedData/zhanh/auto_structbeat/caches/pilot/mscnn_final_last_gtzan/gtzan__gtzan_rock_00028__track.npy.npz
mscnn_gtzan,no_safeguard,gtzan/gtzan_rock_00029/track.npy,gtzan,0.9906542056074767,0.9263953414079228,0.9263953414079228,0.9263953414079228,0.8333333333333334,0.9629629629629629,0.8333333333333334,0.9629629629629629,0.8571428571428571,0.7882673656006054,0.7882673656006054,0.7882673656006054,0.8571428571428571,0.8571428571428571,0.8571428571428571,0.8571428571428571,65.0,0.0,0.0,0.08338160893905092,16.0,0.0,0.0,0.26708240540570233,0.0,/media/mengh/SharedData/zhanh/auto_structbeat/caches/pilot/mscnn_final_last_gtzan/gtzan__gtzan_rock_00029__track.npy.npz
mscnn_gtzan,no_safeguard,gtzan/gtzan_rock_00030/track.npy,gtzan,0.6875,0.6285569167050412,0.6285569167050412,0.6285569167050412,0.6666666666666666,0.6666666666666666,0.6666666666666666,0.6666666666666666,0.6666666666666666,0.6317122465861055,0.6317122465861055,0.6317122465861055,1.0,1.0,1.0,1.0,58.0,0.0,0.0,0.1221015152598198,15.0,0.0,0.0,0.02280409111062994,0.0,/media/mengh/SharedData/zhanh/auto_structbeat/caches/pilot/mscnn_final_last_gtzan/gtzan__gtzan_rock_00030__track.npy.npz
mscnn_gtzan,no_safeguard,gtzan/gtzan_rock_00031/track.npy,gtzan,1.0,0.8516988433472111,0.8516988433472111,0.8516988433472111,1.0,1.0,1.0,1.0,1.0,0.8354945345836322,0.8354945345836322,0.8354945345836322,1.0,1.0,1.0,1.0,59.0,0.0,0.0,0.07696104113612875,15.0,0.0,0.0,0.023360097582326763,0.0,/media/mengh/SharedData/zhanh/auto_structbeat/caches/pilot/mscnn_final_last_gtzan/gtzan__gtzan_rock_00031__track.npy.npz
mscnn_gtzan,no_safeguard,gtzan/gtzan_rock_00032/track.npy,gtzan,0.9870129870129869,0.8303211391557308,0.8303211391557308,0.8303211391557308,0.9743589743589743,0.9743589743589743,0.9743589743589743,0.9743589743589743,0.9473684210526316,0.7420734848453007,0.7420734848453007,0.7420734848453007,0.9,0.9,0.9,0.9,46.0,0.0,0.0,0.05614667734398237,11.0,0.0,0.0,0.022850701634723268,0.0,/media/mengh/SharedData/zhanh/auto_structbeat/caches/pilot/mscnn_final_last_gtzan/gtzan__gtzan_rock_00032__track.npy.npz
mscnn_gtzan,no_safeguard,gtzan/gtzan_rock_00033/track.npy,gtzan,1.0,0.9006886791342092,0.9006886791342092,0.9006886791342092,1.0,1.0,1.0,1.0,1.0,0.926495731400891,0.926495731400891,0.926495731400891,1.0,1.0,1.0,1.0,59.0,0.0,0.0,0.03922071315328317,14.0,0.0,0.0,0.009756174945365449,0.0,/media/mengh/SharedData/zhanh/auto_structbeat/caches/pilot/mscnn_final_last_gtzan/gtzan__gtzan_rock_00033__track.npy.npz
mscnn_gtzan,no_safeguard,gtzan/gtzan_rock_00034/track.npy,gtzan,1.0,0.9744647439740277,0.9744647439740277,0.9744647439740277,1.0,1.0,1.0,1.0,1.0,0.9716355563724403,0.9716355563724403,0.9716355563724403,1.0,1.0,1.0,1.0,35.0,0.0,0.0,0.0229895182247011,9.0,0.0,0.0,0.01147467434510141,0.0,/media/mengh/SharedData/zhanh/auto_structbeat/caches/pilot/mscnn_final_last_gtzan/gtzan__gtzan_rock_00034__track.npy.npz
mscnn_gtzan,no_safeguard,gtzan/gtzan_rock_00035/track.npy,gtzan,1.0,0.9462895426089114,0.9462895426089114,0.9462895426089114,1.0,1.0,1.0,1.0,0.65,0.6112793355200102,0.9028713368682126,0.7570753361941114,0.0,0.0,0.9259259259259259,0.9259259259259259,66.0,0.0,0.0,0.044451762570840825,33.0,0.0,0.0,0.021978906718777218,0.0,/media/mengh/SharedData/zhanh/auto_structbeat/caches/pilot/mscnn_final_last_gtzan/gtzan__gtzan_rock_00035__track.npy.npz
mscnn_gtzan,no_safeguard,gtzan/gtzan_rock_00036/track.npy,gtzan,0.9824561403508771,0.8067241450135165,0.8067241450135165,0.8067241450135165,0.6551724137931034,0.9310344827586207,0.6551724137931034,0.9310344827586207,0.6666666666666666,0.5602338248826741,0.7982419155311511,0.6792378702069126,0.0,0.0,0.9285714285714286,0.9285714285714286,35.0,0.0,0.0,0.3678557970392048,17.0,0.0,0.0,0.04826375795156754,0.0,/media/mengh/SharedData/zhanh/auto_structbeat/caches/pilot/mscnn_final_last_gtzan/gtzan__gtzan_rock_00036__track.npy.npz
mscnn_gtzan,no_safeguard,gtzan/gtzan_rock_00037/track.npy,gtzan,0.9906542056074767,0.9421101102140192,0.9421101102140192,0.9421101102140192,0.9814814814814815,0.9814814814814815,0.9814814814814815,0.9814814814814815,1.0,0.940552154860938,0.940552154860938,0.940552154860938,1.0,1.0,1.0,1.0,64.0,0.0,0.0,0.04435715516323121,16.0,0.0,0.0,0.025483337827267794,0.0,/media/mengh/SharedData/zhanh/auto_structbeat/caches/pilot/mscnn_final_last_gtzan/gtzan__gtzan_rock_00037__track.npy.npz
mscnn_gtzan,no_safeguard,gtzan/gtzan_rock_00038/track.npy,gtzan,1.0,0.9660315071776634,0.9660315071776634,0.9660315071776634,1.0,1.0,1.0,1.0,0.923076923076923,0.9041747078982477,0.9041747078982477,0.9041747078982477,0.8571428571428571,0.8571428571428571,0.8571428571428571,0.8571428571428571,34.0,0.0,0.0,0.031928371091513974,8.0,0.0,0.0,0.0055401803756163215,0.0,/media/mengh/SharedData/zhanh/auto_structbeat/caches/pilot/mscnn_final_last_gtzan/gtzan__gtzan_rock_00038__track.npy.npz
mscnn_gtzan,no_safeguard,gtzan/gtzan_rock_00039/track.npy,gtzan,0.9166666666666666,0.7927333169630318,0.7927333169630318,0.7927333169630318,0.9166666666666666,0.9166666666666666,0.9166666666666666,0.9166666666666666,0.9333333333333333,0.7802656880111165,0.7802656880111165,0.7802656880111165,1.0,1.0,1.0,1.0,73.0,0.0,0.0,0.09769681918066031,18.0,0.0,0.0,0.01515523161729053,0.0,/media/mengh/SharedData/zhanh/auto_structbeat/caches/pilot/mscnn_final_last_gtzan/gtzan__gtzan_rock_00039__track.npy.npz
mscnn_gtzan,no_safeguard,gtzan/gtzan_rock_00040/track.npy,gtzan,0.6428571428571428,0.5449300135678363,0.5449300135678363,0.5449300135678363,0.32608695652173914,0.4782608695652174,0.32608695652173914,0.4782608695652174,0.5,0.4312136562831836,0.4312136562831836,0.4312136562831836,0.5454545454545454,0.5454545454545454,0.5454545454545454,0.5454545454545454,56.0,0.0,0.0,0.43140289836196616,12.0,0.0,0.0,0.39205787801159026,0.0,/media/mengh/SharedData/zhanh/auto_structbeat/caches/pilot/mscnn_final_last_gtzan/gtzan__gtzan_rock_00040__track.npy.npz
mscnn_gtzan,no_safeguard,gtzan/gtzan_rock_00041/track.npy,gtzan,1.0,0.9378686543072742,0.9378686543072742,0.9378686543072742,1.0,1.0,1.0,1.0,0.0,3.2953357163890466e-137,0.9501665270361446,0.4750832635180723,0.0,0.0,1.0,1.0,59.0,0.0,0.0,0.03922071315328459,14.0,0.0,0.0,0.019608471388376493,0.0,/media/mengh/SharedData/zhanh/auto_structbeat/caches/pilot/mscnn_final_last_gtzan/gtzan__gtzan_rock_00041__track.npy.npz
mscnn_gtzan,no_safeguard,gtzan/gtzan_rock_00042/track.npy,gtzan,0.8955223880597014,0.8501625395815593,0.8501625395815593,0.8501625395815593,0.8823529411764706,0.8823529411764706,0.8823529411764706,0.8823529411764706,0.9411764705882353,0.8697664309001389,0.8697664309001389,0.8697664309001389,0.8888888888888888,0.8888888888888888,0.8888888888888888,0.8888888888888888,41.0,0.0,0.0,0.054067221270275925,11.0,0.0,0.0,0.02713900707009804,0.0,/media/mengh/SharedData/zhanh/auto_structbeat/caches/pilot/mscnn_final_last_gtzan/gtzan__gtzan_rock_00042__track.npy.npz
mscnn_gtzan,no_safeguard,gtzan/gtzan_rock_00043/track.npy,gtzan,0.6727272727272727,0.6023405594761523,0.6765158966512721,0.6394282280637122,0.0,0.0,0.5405405405405406,0.7027027027027027,0.3846153846153846,0.32090838920124953,0.4908010658372052,0.40585472751922735,0.0,0.0,0.7777777777777778,0.7777777777777778,44.0,0.0,0.0,0.3731060145256795,10.0,0.0,0.0,0.24063712975168045,0.0,/media/mengh/SharedData/zhanh/auto_structbeat/caches/pilot/mscnn_final_last_gtzan/gtzan__gtzan_rock_00043__track.npy.npz
mscnn_gtzan,no_safeguard,gtzan/gtzan_rock_00044/track.npy,gtzan,0.9230769230769231,0.8489969505161477,0.8489969505161477,0.8489969505161477,0.95,0.95,0.95,0.95,1.0,0.9007482805202944,0.9007482805202944,0.9007482805202944,1.0,1.0,1.0,1.0,48.0,0.0,0.0,0.09531017980432491,12.0,0.0,0.0,0.03535808547147232,0.0,/media/mengh/SharedData/zhanh/auto_structbeat/caches/pilot/mscnn_final_last_gtzan/gtzan__gtzan_rock_00044__track.npy.npz
mscnn_gtzan,no_safeguard,gtzan/gtzan_rock_00045/track.npy,gtzan,1.0,0.8779592192452333,0.8779592192452333,0.8779592192452333,1.0,1.0,1.0,1.0,0.0,0.0,0.867489518027241,0.4337447590136205,0.0,0.0,0.875,0.875,38.0,0.0,0.0,0.07512083933863231,10.0,0.0,0.0,0.012658396871923161,0.0,/media/mengh/SharedData/zhanh/auto_structbeat/caches/pilot/mscnn_final_last_gtzan/gtzan__gtzan_rock_00045__track.npy.npz
mscnn_gtzan,no_safeguard,gtzan/gtzan_rock_00046/track.npy,gtzan,1.0,0.7688106712971262,0.7688106712971262,0.7688106712971262,1.0,1.0,1.0,1.0,1.0,0.7426592793097079,0.7426592793097079,0.7426592793097079,1.0,1.0,1.0,1.0,51.0,0.0,0.0,0.055432250816680025,13.0,0.0,0.0,0.029361265965030525,0.0,/media/mengh/SharedData/zhanh/auto_structbeat/caches/pilot/mscnn_final_last_gtzan/gtzan__gtzan_rock_00046__track.npy.npz
mscnn_gtzan,no_safeguard,gtzan/gtzan_rock_00047/track.npy,gtzan,0.9130434782608695,0.807641811708141,0.807641811708141,0.807641811708141,0.8478260869565217,0.9130434782608695,0.8478260869565217,0.9130434782608695,0.9166666666666666,0.7809279939751635,0.7809279939751635,0.7809279939751635,1.0,1.0,1.0,1.0,55.0,0.0,0.0,0.07410797215372297,14.0,0.0,0.0,0.040368506542144945,0.0,/media/mengh/SharedData/zhanh/auto_structbeat/caches/pilot/mscnn_final_last_gtzan/gtzan__gtzan_rock_00047__track.npy.npz
mscnn_gtzan,no_safeguard,gtzan/gtzan_rock_00048/track.npy,gtzan,1.0,0.8970248134164889,0.8970248134164889,0.8970248134164889,1.0,1.0,1.0,1.0,0.6666666666666666,0.6016031930462946,0.8759004254011685,0.7387518092237315,0.0,0.0,0.9642857142857143,0.9642857142857143,66.0,0.0,0.0,0.044451762570840825,33.0,0.0,0.0,0.032269260568786796,0.0,/media/mengh/SharedData/zhanh/auto_structbeat/caches/pilot/mscnn_final_last_gtzan/gtzan__gtzan_rock_00048__track.npy.npz
mscnn_gtzan,no_safeguard,gtzan/gtzan_rock_00049/track.npy,gtzan,1.0,0.9444441008592915,0.9444441008592915,0.9444441008592915,1.0,1.0,1.0,1.0,1.0,0.9443295361765703,0.9443295361765703,0.9443295361765703,1.0,1.0,1.0,1.0,42.0,0.0,0.0,0.06097282978616358,10.0,0.0,0.0,0.018297721372937267,0.0,/media/mengh/SharedData/zhanh/auto_structbeat/caches/pilot/mscnn_final_last_gtzan/gtzan__gtzan_rock_00049__track.npy.npz
mscnn_gtzan,no_safeguard,gtzan/gtzan_rock_00050/track.npy,gtzan,1.0,0.9212345783339924,0.9212345783339924,0.9212345783339924,1.0,1.0,1.0,1.0,1.0,0.9259346106902572,0.9259346106902572,0.9259346106902572,1.0,1.0,1.0,1.0,62.0,0.0,0.0,0.08338160893904922,16.0,0.0,0.0,0.014098275329735756,0.0,/media/mengh/SharedData/zhanh/auto_structbeat/caches/pilot/mscnn_final_last_gtzan/gtzan__gtzan_rock_00050__track.npy.npz
mscnn_gtzan,no_safeguard,gtzan/gtzan_rock_00051/track.npy,gtzan,1.0,0.9643517194720875,0.9643517194720875,0.9643517194720875,1.0,1.0,1.0,1.0,1.0,0.9690337722926008,0.9690337722926008,0.9690337722926008,1.0,1.0,1.0,1.0,45.0,0.0,0.0,0.029766420522037915,11.0,0.0,0.0,0.0073260400920737824,0.0,/media/mengh/SharedData/zhanh/auto_structbeat/caches/pilot/mscnn_final_last_gtzan/gtzan__gtzan_rock_00051__track.npy.npz
mscnn_gtzan,no_safeguard,gtzan/gtzan_rock_00052/track.npy,gtzan,1.0,0.9475503877327703,0.9475503877327703,0.9475503877327703,1.0,1.0,1.0,1.0,1.0,0.9251187767670419,0.9251187767670419,0.9251187767670419,1.0,1.0,1.0,1.0,48.0,0.0,0.0,0.06453852113757264,12.0,0.0,0.0,0.0374618885463106,0.0,/media/mengh/SharedData/zhanh/auto_structbeat/caches/pilot/mscnn_final_last_gtzan/gtzan__gtzan_rock_00052__track.npy.npz
mscnn_gtzan,no_safeguard,gtzan/gtzan_rock_00053/track.npy,gtzan,1.0,0.9685898470696198,0.9685898470696198,0.9685898470696198,1.0,1.0,1.0,1.0,1.0,0.9720081107252398,0.9720081107252398,0.9720081107252398,1.0,1.0,1.0,1.0,60.0,0.0,0.0,0.04082199452025632,15.0,0.0,0.0,0.009950330853167877,0.0,/media/mengh/SharedData/zhanh/auto_structbeat/caches/pilot/mscnn_final_last_gtzan/gtzan__gtzan_rock_00053__track.npy.npz
mscnn_gtzan,no_safeguard,gtzan/gtzan_rock_00054/track.npy,gtzan,0.7173913043478262,0.5650979680367163,0.5650979680367163,0.5650979680367163,0.2553191489361702,0.6382978723404256,0.2553191489361702,0.6382978723404256,0.5217391304347826,0.4248019746876058,0.4248019746876058,0.4248019746876058,0.75,0.75,0.75,0.75,56.0,0.0,0.0,0.6695082118488896,13.0,0.0,0.0,0.1570103261333306,0.0,/media/mengh/SharedData/zhanh/auto_structbeat/caches/pilot/mscnn_final_last_gtzan/gtzan__gtzan_rock_00054__track.npy.npz
mscnn_gtzan,no_safeguard,gtzan/gtzan_rock_00055/track.npy,gtzan,0.9908256880733944,0.9463777720862346,0.9463777720862346,0.9463777720862346,0.9818181818181818,0.9818181818181818,0.9818181818181818,0.9818181818181818,1.0,0.9671292234382803,0.9671292234382803,0.9671292234382803,1.0,1.0,1.0,1.0,65.0,0.0,0.0,0.0870113769896314,16.0,0.0,0.0,0.01081091610421725,0.0,/media/mengh/SharedData/zhanh/auto_structbeat/caches/pilot/mscnn_final_last_gtzan/gtzan__gtzan_rock_00055__track.npy.npz
mscnn_gtzan,no_safeguard,gtzan/gtzan_rock_00056/track.npy,gtzan,0.9824561403508771,0.8959930105757914,0.8959930105757914,0.8959930105757914,1.0,1.0,1.0,1.0,0.9285714285714286,0.9265427895681574,0.9265427895681574,0.9265427895681574,1.0,1.0,1.0,1.0,69.0,0.0,0.0,0.23361485118149708,17.0,0.0,0.0,0.0371692096332219,0.0,/media/mengh/SharedData/zhanh/auto_structbeat/caches/pilot/mscnn_final_last_gtzan/gtzan__gtzan_rock_00056__track.npy.npz
mscnn_gtzan,no_safeguard,gtzan/gtzan_rock_00057/track.npy,gtzan,1.0,0.9798821611429982,0.9798821611429982,0.9798821611429982,1.0,1.0,1.0,1.0,1.0,0.9743990066773593,0.9743990066773593,0.9743990066773593,1.0,1.0,1.0,1.0,63.0,0.0,0.0,0.04255961441879497,16.0,0.0,0.0,0.010471299867293338,0.0,/media/mengh/SharedData/zhanh/auto_structbeat/caches/pilot/mscnn_final_last_gtzan/gtzan__gtzan_rock_00057__track.npy.npz
mscnn_gtzan,no_safeguard,gtzan/gtzan_rock_00058/track.npy,gtzan,0.8541666666666666,0.6002816752827628,0.6002816752827628,0.6002816752827628,0.5416666666666666,0.8333333333333334,0.5416666666666666,0.8333333333333334,0.7826086956521738,0.5841923236267952,0.5841923236267952,0.5841923236267952,0.9166666666666666,0.9166666666666666,0.9166666666666666,0.9166666666666666,53.0,0.0,0.0,0.4248831939652654,13.0,0.0,0.0,0.3705016008687904,0.0,/media/mengh/SharedData/zhanh/auto_structbeat/caches/pilot/mscnn_final_last_gtzan/gtzan__gtzan_rock_00058__track.npy.npz
mscnn_gtzan,no_safeguard,gtzan/gtzan_rock_00059/track.npy,gtzan,0.9690721649484536,0.9115434402973736,0.9115434402973736,0.9115434402973736,0.4897959183673469,0.9591836734693877,0.4897959183673469,0.9591836734693877,0.967741935483871,0.9154884644877551,0.9154884644877551,0.9154884644877551,0.9375,0.9375,0.9375,0.9375,59.0,0.0,0.0,0.18390615338671595,18.0,0.0,0.0,0.012903404835908738,0.0,/media/mengh/SharedData/zhanh/auto_structbeat/caches/pilot/mscnn_final_last_gtzan/gtzan__gtzan_rock_00059__track.npy.npz
mscnn_gtzan,no_safeguard,gtzan/gtzan_rock_00060/track.npy,gtzan,0.9864864864864865,0.8161914346678275,0.8161914346678275,0.8161914346678275,0.527027027027027,0.8783783783783784,0.527027027027027,0.8783783783783784,1.0,0.8905751886404373,0.8905751886404373,0.8905751886404373,1.0,1.0,1.0,1.0,88.0,0.0,0.0,0.356674943938728,22.0,0.0,0.0,0.030518923585456985,0.0,/media/mengh/SharedData/zhanh/auto_structbeat/caches/pilot/mscnn_final_last_gtzan/gtzan__gtzan_rock_00060__track.npy.npz
mscnn_gtzan,no_safeguard,gtzan/gtzan_rock_00061/track.npy,gtzan,0.20454545454545459,0.19866245828174375,0.6025519220899944,0.4006071901858691,0.0,0.0,0.34,0.38,0.0,4.504533245015842e-33,2.4098994270831455e-09,1.2049497135415728e-09,0.0,0.0,0.3333333333333333,0.3333333333333333,43.0,0.0,0.0,0.7137664677626809,10.0,0.0,0.0,0.5751308049561639,0.0,/media/mengh/SharedData/zhanh/auto_structbeat/caches/pilot/mscnn_final_last_gtzan/gtzan__gtzan_rock_00061__track.npy.npz
mscnn_gtzan,no_safeguard,gtzan/gtzan_rock_00062/track.npy,gtzan,1.0,0.9102083991314112,0.9102083991314112,0.9102083991314112,1.0,1.0,1.0,1.0,1.0,0.8936726188192508,0.8936726188192508,0.8936726188192508,1.0,1.0,1.0,1.0,62.0,0.0,0.0,0.08338160893904585,16.0,0.0,0.0,0.013952562094062445,0.0,/media/mengh/SharedData/zhanh/auto_structbeat/caches/pilot/mscnn_final_last_gtzan/gtzan__gtzan_rock_00062__track.npy.npz
mscnn_gtzan,no_safeguard,gtzan/gtzan_rock_00063/track.npy,gtzan,0.761904761904762,0.694413826384039,0.8462783841024141,0.7703461052432266,0.25,0.25,0.59375,0.59375,0.896551724137931,0.8227226821442779,0.8227226821442779,0.8227226821442779,0.5625,0.5625,0.5625,0.5625,43.0,0.0,0.0,0.2513144282809079,21.0,0.0,0.0,0.1169448793649012,0.0,/media/mengh/SharedData/zhanh/auto_structbeat/caches/pilot/mscnn_final_last_gtzan/gtzan__gtzan_rock_00063__track.npy.npz
mscnn_gtzan,no_safeguard,gtzan/gtzan_rock_00064/track.npy,gtzan,0.8780487804878048,0.7266166097558199,0.7266166097558199,0.7266166097558199,0.2857142857142857,0.7619047619047619,0.2857142857142857,0.7619047619047619,0.23076923076923078,0.2074979760164927,0.2839445987594111,0.2457212873879519,0.0,0.0,0.0,0.0,71.0,0.0,0.0,0.5142735809298854,15.0,0.0,0.0,0.6652107474705156,0.0,/media/mengh/SharedData/zhanh/auto_structbeat/caches/pilot/mscnn_final_last_gtzan/gtzan__gtzan_rock_00064__track.npy.npz
mscnn_gtzan,no_safeguard,gtzan/gtzan_rock_00065/track.npy,gtzan,0.696969696969697,0.6618014370182508,0.6618014370182508,0.6618014370182508,0.225,0.375,0.225,0.375,0.47058823529411764,0.4225388090950796,0.6501568266049663,0.536347817850023,0.2,0.2,0.3076923076923077,0.38461538461538464,50.0,0.0,0.0,0.7569213261241664,11.0,0.0,0.0,1.0752678786137921,0.0,/media/mengh/SharedData/zhanh/auto_structbeat/caches/pilot/mscnn_final_last_gtzan/gtzan__gtzan_rock_00065__track.npy.npz
mscnn_gtzan,no_safeguard,gtzan/gtzan_rock_00066/track.npy,gtzan,1.0,0.882404528842131,0.882404528842131,0.882404528842131,1.0,1.0,1.0,1.0,0.6666666666666666,0.5855217391871241,0.8747134894629698,0.730117614325047,0.0,0.0,0.9375,0.9375,38.0,0.0,0.0,0.03198421994611187,19.0,0.0,0.0,0.015386285465584406,0.0,/media/mengh/SharedData/zhanh/auto_structbeat/caches/pilot/mscnn_final_last_gtzan/gtzan__gtzan_rock_00066__track.npy.npz
mscnn_gtzan,no_safeguard,gtzan/gtzan_rock_00067/track.npy,gtzan,1.0,0.9309669542682154,0.9309669542682154,0.9309669542682154,1.0,1.0,1.0,1.0,0.2608695652173913,0.2443311286827465,0.6802898475361864,0.46231048810946646,0.25,0.25,0.5833333333333334,0.5833333333333334,53.0,0.0,0.0,0.03636764417086924,14.0,0.0,0.0,0.6971472068977052,0.0,/media/mengh/SharedData/zhanh/auto_structbeat/caches/pilot/mscnn_final_last_gtzan/gtzan__gtzan_rock_00067__track.npy.npz
mscnn_gtzan,no_safeguard,gtzan/gtzan_rock_00068/track.npy,gtzan,1.0,0.9456108215179356,0.9456108215179356,0.9456108215179356,1.0,1.0,1.0,1.0,0.4666666666666667,0.42704539974060945,0.42704539974060945,0.42704539974060945,0.17647058823529413,0.17647058823529413,0.17647058823529413,0.17647058823529413,63.0,0.0,0.0,0.08338160893905111,15.0,0.0,0.0,0.06615351936478707,0.0,/media/mengh/SharedData/zhanh/auto_structbeat/caches/pilot/mscnn_final_last_gtzan/gtzan__gtzan_rock_00068__track.npy.npz
mscnn_gtzan,no_safeguard,gtzan/gtzan_rock_00069/track.npy,gtzan,0.8617886178861789,0.7995078283717357,0.7995078283717357,0.7995078283717357,0.37142857142857144,0.5571428571428572,0.37142857142857144,0.5571428571428572,0.7555555555555556,0.6940644657324727,0.6940644657324727,0.6940644657324727,0.4166666666666667,0.625,0.4166666666666667,0.625,68.0,0.0,0.0,0.4215966480979445,26.0,0.0,0.0,0.37644659667215724,0.0,/media/mengh/SharedData/zhanh/auto_structbeat/caches/pilot/mscnn_final_last_gtzan/gtzan__gtzan_rock_00069__track.npy.npz
mscnn_gtzan,no_safeguard,gtzan/gtzan_rock_00070/track.npy,gtzan,1.0,0.9419389413371488,0.9419389413371488,0.9419389413371488,1.0,1.0,1.0,1.0,0.6666666666666666,0.6449693552635395,0.9674540328953092,0.8062116940794244,0.0,0.0,1.0,1.0,85.0,0.0,0.0,0.11778303565638334,15.0,0.0,0.0,0.035863421737850947,0.0,/media/mengh/SharedData/zhanh/auto_structbeat/caches/pilot/mscnn_final_last_gtzan/gtzan__gtzan_rock_00070__track.npy.npz
mscnn_gtzan,no_safeguard,gtzan/gtzan_rock_00071/track.npy,gtzan,0.9782608695652174,0.9133365131158568,0.9133365131158568,0.9133365131158568,1.0,1.0,1.0,1.0,1.0,0.9446356459150382,0.9446356459150382,0.9446356459150382,1.0,1.0,1.0,1.0,56.0,0.0,0.0,0.07410797215372247,14.0,0.0,0.0,0.018692133012153216,0.0,/media/mengh/SharedData/zhanh/auto_structbeat/caches/pilot/mscnn_final_last_gtzan/gtzan__gtzan_rock_00071__track.npy.npz
mscnn_gtzan,no_safeguard,gtzan/gtzan_rock_00072/track.npy,gtzan,0.9767441860465117,0.9432057768961276,0.9432057768961276,0.9432057768961276,0.9545454545454546,0.9545454545454546,0.9545454545454546,0.9545454545454546,1.0,0.9712525300477598,0.9712525300477598,0.9712525300477598,1.0,1.0,1.0,1.0,52.0,0.0,0.0,0.0689928714869512,13.0,0.0,0.0,0.012949934588810552,0.0,/media/mengh/SharedData/zhanh/auto_structbeat/caches/pilot/mscnn_final_last_gtzan/gtzan__gtzan_rock_00072__track.npy.npz
mscnn_gtzan,no_safeguard,gtzan/gtzan_rock_00073/track.npy,gtzan,1.0,0.9722997251757297,0.9722997251757297,0.9722997251757297,1.0,1.0,1.0,1.0,1.0,0.9685853702831977,0.9685853702831977,0.9685853702831977,1.0,1.0,1.0,1.0,47.0,0.0,0.0,0.03174869831458428,12.0,0.0,0.0,0.00784317746102654,0.0,/media/mengh/SharedData/zhanh/auto_structbeat/caches/pilot/mscnn_final_last_gtzan/gtzan__gtzan_rock_00073__track.npy.npz
mscnn_gtzan,no_safeguard,gtzan/gtzan_rock_00074/track.npy,gtzan,0.989247311827957,0.9591275139901179,0.9591275139901179,0.9591275139901179,0.5319148936170213,0.9574468085106383,0.5319148936170213,0.9574468085106383,0.7826086956521738,0.7491761795987446,0.7491761795987446,0.7491761795987446,0.3333333333333333,0.6666666666666666,0.3333333333333333,0.6666666666666666,55.0,0.0,0.0,0.07410797215372236,13.0,0.0,0.0,0.3252056074244588,0.0,/media/mengh/SharedData/zhanh/auto_structbeat/caches/pilot/mscnn_final_last_gtzan/gtzan__gtzan_rock_00074__track.npy.npz
mscnn_gtzan,no_safeguard,gtzan/gtzan_rock_00075/track.npy,gtzan,1.0,0.9707361423237424,0.9707361423237424,0.9707361423237424,1.0,1.0,1.0,1.0,1.0,0.9667680697894115,0.9667680697894115,0.9667680697894115,1.0,1.0,1.0,1.0,60.0,0.0,0.0,0.08004270767353472,15.0,0.0,0.0,0.02000066670667089,0.0,/media/mengh/SharedData/zhanh/auto_structbeat/caches/pilot/mscnn_final_last_gtzan/gtzan__gtzan_rock_00075__track.npy.npz
mscnn_gtzan,no_safeguard,gtzan/gtzan_rock_00076/track.npy,gtzan,1.0,0.9749161727562223,0.9749161727562223,0.9749161727562223,1.0,1.0,1.0,1.0,1.0,0.9831744403414057,0.9831744403414057,0.9831744403414057,1.0,1.0,1.0,1.0,48.0,0.0,0.0,0.03174869831458238,12.0,0.0,0.0,0.012385864082672046,0.0,/media/mengh/SharedData/zhanh/auto_structbeat/caches/pilot/mscnn_final_last_gtzan/gtzan__gtzan_rock_00076__track.npy.npz
mscnn_gtzan,no_safeguard,gtzan/gtzan_rock_00077/track.npy,gtzan,0.9662921348314608,0.9202986797180855,0.9202986797180855,0.9202986797180855,0.9555555555555556,0.9555555555555556,0.9555555555555556,0.9555555555555556,1.0,0.9632119888905504,0.9632119888905504,0.9632119888905504,1.0,1.0,1.0,1.0,53.0,0.0,0.0,0.07145896398214585,13.0,0.0,0.0,0.017857617400006076,0.0,/media/mengh/SharedData/zhanh/auto_structbeat/caches/pilot/mscnn_final_last_gtzan/gtzan__gtzan_rock_00077__track.npy.npz
mscnn_gtzan,no_safeguard,gtzan/gtzan_rock_00078/track.npy,gtzan,1.0,0.9741695221335278,0.9741695221335278,0.9741695221335278,1.0,1.0,1.0,1.0,1.0,0.9799667906970282,0.9799667906970282,0.9799667906970282,1.0,1.0,1.0,1.0,49.0,0.0,0.0,0.06453852113756979,13.0,0.0,0.0,0.016260520871780593,0.0,/media/mengh/SharedData/zhanh/auto_structbeat/caches/pilot/mscnn_final_last_gtzan/gtzan__gtzan_rock_00078__track.npy.npz
mscnn_gtzan,no_safeguard,gtzan/gtzan_rock_00079/track.npy,gtzan,1.0,0.987550714490363,0.987550714490363,0.987550714490363,1.0,1.0,1.0,1.0,1.0,0.9854473270740267,0.9854473270740267,0.9854473270740267,1.0,1.0,1.0,1.0,63.0,0.0,0.0,0.04255961441880263,16.0,0.0,0.0,0.0036649549535551014,0.0,/media/mengh/SharedData/zhanh/auto_structbeat/caches/pilot/mscnn_final_last_gtzan/gtzan__gtzan_rock_00079__track.npy.npz
mscnn_gtzan,no_safeguard,gtzan/gtzan_rock_00080/track.npy,gtzan,1.0,0.9677423269154513,0.9677423269154513,0.9677423269154513,1.0,1.0,1.0,1.0,0.9565217391304348,0.9096032525670009,0.9096032525670009,0.9096032525670009,0.9166666666666666,0.9166666666666666,0.9166666666666666,0.9166666666666666,59.0,0.0,0.0,0.03922071315328459,14.0,0.0,0.0,0.01980262729618007,0.0,/media/mengh/SharedData/zhanh/auto_structbeat/caches/pilot/mscnn_final_last_gtzan/gtzan__gtzan_rock_00080__track.npy.npz
mscnn_gtzan,no_safeguard,gtzan/gtzan_rock_00081/track.npy,gtzan,1.0,0.9537527871464198,0.9537527871464198,0.9537527871464198,1.0,1.0,1.0,1.0,1.0,0.9608100416279544,0.9608100416279544,0.9608100416279544,1.0,1.0,1.0,1.0,60.0,0.0,0.0,0.040821994520261584,15.0,0.0,0.0,0.023941585283876163,0.0,/media/mengh/SharedData/zhanh/auto_structbeat/caches/pilot/mscnn_final_last_gtzan/gtzan__gtzan_rock_00081__track.npy.npz
mscnn_gtzan,no_safeguard,gtzan/gtzan_rock_00082/track.npy,gtzan,1.0,0.9416637659940613,0.9416637659940613,0.9416637659940613,1.0,1.0,1.0,1.0,1.0,0.9381016730871014,0.9381016730871014,0.9381016730871014,1.0,1.0,1.0,1.0,50.0,0.0,0.0,0.032789822822995036,13.0,0.0,0.0,0.016427961614765896,0.0,/media/mengh/SharedData/zhanh/auto_structbeat/caches/pilot/mscnn_final_last_gtzan/gtzan__gtzan_rock_00082__track.npy.npz
mscnn_gtzan,no_safeguard,gtzan/gtzan_rock_00083/track.npy,gtzan,1.0,0.9702242458085969,0.9702242458085969,0.9702242458085969,1.0,1.0,1.0,1.0,1.0,0.967331732365415,0.967331732365415,0.967331732365415,1.0,1.0,1.0,1.0,61.0,0.0,0.0,0.040821994520258274,15.0,0.0,0.0,0.010152371464019061,0.0,/media/mengh/SharedData/zhanh/auto_structbeat/caches/pilot/mscnn_final_last_gtzan/gtzan__gtzan_rock_00083__track.npy.npz
mscnn_gtzan,no_safeguard,gtzan/gtzan_rock_00084/track.npy,gtzan,1.0,0.9647199921084938,0.9647199921084938,0.9647199921084938,1.0,1.0,1.0,1.0,1.0,0.9516246453438125,0.9516246453438125,0.9516246453438125,1.0,1.0,1.0,1.0,65.0,0.0,0.0,0.044262547755637004,17.0,0.0,0.0,0.021506205220964015,0.0,/media/mengh/SharedData/zhanh/auto_structbeat/caches/pilot/mscnn_final_last_gtzan/gtzan__gtzan_rock_00084__track.npy.npz
mscnn_gtzan,no_safeguard,gtzan/gtzan_rock_00085/track.npy,gtzan,1.0,0.9030904955430602,0.9030904955430602,0.9030904955430602,1.0,1.0,1.0,1.0,1.0,0.9057316843390478,0.9057316843390478,0.9057316843390478,1.0,1.0,1.0,1.0,49.0,0.0,0.0,0.06669137449867063,13.0,0.0,0.0,0.02044241489198456,0.0,/media/mengh/SharedData/zhanh/auto_structbeat/caches/pilot/mscnn_final_last_gtzan/gtzan__gtzan_rock_00085__track.npy.npz
mscnn_gtzan,no_safeguard,gtzan/gtzan_rock_00086/track.npy,gtzan,0.8823529411764706,0.8268129395219049,0.8268129395219049,0.8268129395219049,0.509090909090909,0.6909090909090909,0.509090909090909,0.6909090909090909,0.5,0.4776204214421577,0.4776204214421577,0.4776204214421577,0.21052631578947367,0.2631578947368421,0.24,0.2631578947368421,58.0,0.0,0.0,0.49495009056345085,22.0,0.0,0.0,0.7052840160783505,0.0,/media/mengh/SharedData/zhanh/auto_structbeat/caches/pilot/mscnn_final_last_gtzan/gtzan__gtzan_rock_00086__track.npy.npz
mscnn_gtzan,no_safeguard,gtzan/gtzan_rock_00087/track.npy,gtzan,0.9908256880733944,0.9295715084403362,0.9295715084403362,0.9295715084403362,0.9818181818181818,0.9818181818181818,0.9818181818181818,0.9818181818181818,0.962962962962963,0.905301274345075,0.905301274345075,0.905301274345075,0.9285714285714286,0.9285714285714286,0.9285714285714286,0.9285714285714286,65.0,0.0,0.0,0.044451762570840825,16.0,0.0,0.0,0.025734263874578805,0.0,/media/mengh/SharedData/zhanh/auto_structbeat/caches/pilot/mscnn_final_last_gtzan/gtzan__gtzan_rock_00087__track.npy.npz
mscnn_gtzan,no_safeguard,gtzan/gtzan_rock_00088/track.npy,gtzan,1.0,0.9378876387213066,0.9378876387213066,0.9378876387213066,1.0,1.0,1.0,1.0,1.0,0.950664691707711,0.950664691707711,0.950664691707711,1.0,1.0,1.0,1.0,46.0,0.0,0.0,0.060624621816434146,11.0,0.0,0.0,0.012225632376701753,0.0,/media/mengh/SharedData/zhanh/auto_structbeat/caches/pilot/mscnn_final_last_gtzan/gtzan__gtzan_rock_00088__track.npy.npz
mscnn_gtzan,no_safeguard,gtzan/gtzan_rock_00089/track.npy,gtzan,1.0,0.9607147161892209,0.9607147161892209,0.9607147161892209,1.0,1.0,1.0,1.0,1.0,0.9599255731737479,0.9599255731737479,0.9599255731737479,1.0,1.0,1.0,1.0,54.0,0.0,0.0,0.03636764417088045,13.0,0.0,0.0,0.018265728875695164,0.0,/media/mengh/SharedData/zhanh/auto_structbeat/caches/pilot/mscnn_final_last_gtzan/gtzan__gtzan_rock_00089__track.npy.npz
mscnn_gtzan,no_safeguard,gtzan/gtzan_rock_00090/track.npy,gtzan,0.9803921568627451,0.9413128152476227,0.9413128152476227,0.9413128152476227,0.9615384615384616,0.9615384615384616,0.9615384615384616,0.9615384615384616,1.0,0.965853688436527,0.965853688436527,0.965853688436527,1.0,1.0,1.0,1.0,62.0,0.0,0.0,0.08510168027491763,16.0,0.0,0.0,0.02027486482731094,0.0,/media/mengh/SharedData/zhanh/auto_structbeat/caches/pilot/mscnn_final_last_gtzan/gtzan__gtzan_rock_00090__track.npy.npz
mscnn_gtzan,no_safeguard,gtzan/gtzan_rock_00091/track.npy,gtzan,0.9666666666666667,0.7648936042214285,0.7648936042214285,0.7648936042214285,0.55,0.9833333333333333,0.55,0.9833333333333333,1.0,0.859565990456214,0.859565990456214,0.859565990456214,1.0,1.0,1.0,1.0,72.0,0.0,0.0,0.2399440349498114,18.0,0.0,0.0,0.029980175931609232,0.0,/media/mengh/SharedData/zhanh/auto_structbeat/caches/pilot/mscnn_final_last_gtzan/gtzan__gtzan_rock_00091__track.npy.npz
mscnn_gtzan,no_safeguard,gtzan/gtzan_rock_00092/track.npy,gtzan,0.9909909909909909,0.9496649532746502,0.9496649532746502,0.9496649532746502,0.7678571428571429,0.9642857142857143,0.7678571428571429,0.9642857142857143,1.0,0.9647995093358618,0.9647995093358618,0.9647995093358618,1.0,1.0,1.0,1.0,67.0,0.0,0.0,0.0784994541058702,16.0,0.0,0.0,0.021823608665236045,0.0,/media/mengh/SharedData/zhanh/auto_structbeat/caches/pilot/mscnn_final_last_gtzan/gtzan__gtzan_rock_00092__track.npy.npz
mscnn_gtzan,no_safeguard,gtzan/gtzan_rock_00093/track.npy,gtzan,0.9885057471264368,0.8715195752407042,0.8715195752407042,0.8715195752407042,0.9772727272727273,0.9772727272727273,0.9772727272727273,0.9772727272727273,1.0,0.8919838752122335,0.8919838752122335,0.8919838752122335,1.0,1.0,1.0,1.0,53.0,0.0,0.0,0.0689928714869561,13.0,0.0,0.0,0.021608646418883104,0.0,/media/mengh/SharedData/zhanh/auto_structbeat/caches/pilot/mscnn_final_last_gtzan/gtzan__gtzan_rock_00093__track.npy.npz
mscnn_gtzan,no_safeguard,gtzan/gtzan_rock_00094/track.npy,gtzan,0.6382978723404256,0.538699401032717,0.5833190278890567,0.5610092144608868,0.5208333333333334,0.5625,0.5208333333333334,0.5625,0.5217391304347826,0.484117650722255,0.484117650722255,0.484117650722255,0.4166666666666667,0.4166666666666667,0.4166666666666667,0.4166666666666667,58.0,0.0,0.0,0.4343182759609796,14.0,0.0,0.0,0.2617850834879447,0.0,/media/mengh/SharedData/zhanh/auto_structbeat/caches/pilot/mscnn_final_last_gtzan/gtzan__gtzan_rock_00094__track.npy.npz
mscnn_gtzan,no_safeguard,gtzan/gtzan_rock_00095/track.npy,gtzan,0.5411764705882354,0.4970923738649041,0.5923088251319996,0.5447005994984518,0.5116279069767442,0.5116279069767442,0.5116279069767442,0.5116279069767442,0.5714285714285713,0.5276730576731109,0.5276730576731109,0.5276730576731109,0.9090909090909091,0.9090909090909091,0.9090909090909091,0.9090909090909091,51.0,0.0,0.0,0.06899287148694999,13.0,0.0,0.0,0.012949934588809275,0.0,/media/mengh/SharedData/zhanh/auto_structbeat/caches/pilot/mscnn_final_last_gtzan/gtzan__gtzan_rock_00095__track.npy.npz
mscnn_gtzan,no_safeguard,gtzan/gtzan_rock_00096/track.npy,gtzan,1.0,0.9150653824924181,0.9150653824924181,0.9150653824924181,1.0,1.0,1.0,1.0,1.0,0.9169060597762201,0.9169060597762201,0.9169060597762201,1.0,1.0,1.0,1.0,58.0,0.0,0.0,0.07696104113612845,14.0,0.0,0.0,0.024192906021594213,0.0,/media/mengh/SharedData/zhanh/auto_structbeat/caches/pilot/mscnn_final_last_gtzan/gtzan__gtzan_rock_00096__track.npy.npz
mscnn_gtzan,no_safeguard,gtzan/gtzan_rock_00097/track.npy,gtzan,0.9906542056074767,0.9352925589776292,0.9352925589776292,0.9352925589776292,0.9814814814814815,0.9814814814814815,0.9814814814814815,0.9814814814814815,1.0,0.9389808441976897,0.9389808441976897,0.9389808441976897,1.0,1.0,1.0,1.0,65.0,0.0,0.0,0.04255961441880225,16.0,0.0,0.0,0.010735758562362007,0.0,/media/mengh/SharedData/zhanh/auto_structbeat/caches/pilot/mscnn_final_last_gtzan/gtzan__gtzan_rock_00097__track.npy.npz
mscnn_gtzan,no_safeguard,gtzan/gtzan_rock_00098/track.npy,gtzan,0.8260869565217391,0.7452914140644594,0.7452914140644594,0.7452914140644594,0.6521739130434783,0.8043478260869565,0.6521739130434783,0.8043478260869565,0.8333333333333334,0.722549835753029,0.722549835753029,0.722549835753029,1.0,1.0,1.0,1.0,55.0,0.0,0.0,0.4804593808823687,14.0,0.0,0.0,0.17267218845983073,0.0,/media/mengh/SharedData/zhanh/auto_structbeat/caches/pilot/mscnn_final_last_gtzan/gtzan__gtzan_rock_00098__track.npy.npz
mscnn_gtzan,no_safeguard,gtzan/gtzan_rock_00099/track.npy,gtzan,0.6336633663366336,0.5539085673366109,0.592319934508844,0.5731142509227274,0.35294117647058826,0.6078431372549019,0.35294117647058826,0.6078431372549019,0.0,2.884934290606174e-09,0.20130488592592358,0.10065244440542893,0.0,0.0,0.42857142857142855,0.42857142857142855,65.0,0.0,0.0,0.43286408229627804,9.0,0.0,0.0,0.36347985937349697,0.0,/media/mengh/SharedData/zhanh/auto_structbeat/caches/pilot/mscnn_final_last_gtzan/gtzan__gtzan_rock_00099__track.npy.npz
