panel,method,piece,dataset,beat_fmeasure,beat_cemgil,beat_cemgil_max,beat_cemgil_bt_legacy,beat_cmlc,beat_cmlt,beat_amlc,beat_amlt,downbeat_fmeasure,downbeat_cemgil,downbeat_cemgil_max,downbeat_cemgil_bt_legacy,downbeat_cmlc,downbeat_cmlt,downbeat_amlc,downbeat_amlt,beat_diag_count,beat_diag_ibi_lt_140ms,beat_diag_ibi_lt_200ms,beat_diag_log_ibi_jump_p95,downbeat_diag_count,downbeat_diag_ibi_lt_140ms,downbeat_diag_ibi_lt_200ms,downbeat_diag_log_ibi_jump_p95,downbeats_off_beat,source_path
mscnn_gtzan,dbn_matched_30_300,gtzan/gtzan_blues_00000/track.npy,gtzan,0.9811320754716981,0.7385859368696848,0.7385859368696848,0.7385859368696848,0.9811320754716981,0.9811320754716981,0.9811320754716981,0.9811320754716981,0.9285714285714286,0.7089247097061662,0.7089247097061662,0.7089247097061662,1.0,1.0,1.0,1.0,63.0,0.0,0.0,0.04255961441880263,16.0,0.0,0.0,0.010471299867297001,0.0,/media/mengh/SharedData/zhanh/auto_structbeat/caches/pilot/mscnn_final_last_gtzan/gtzan__gtzan_blues_00000__track.npy.npz
mscnn_gtzan,dbn_matched_30_300,gtzan/gtzan_blues_00001/track.npy,gtzan,1.0,0.9027615837725328,0.9027615837725328,0.9027615837725328,1.0,1.0,1.0,1.0,1.0,0.9362178167836015,0.9362178167836015,0.9362178167836015,1.0,1.0,1.0,1.0,34.0,0.0,0.0,0.06747669897889648,8.0,0.0,0.0,0.034241371047991964,0.0,/media/mengh/SharedData/zhanh/auto_structbeat/caches/pilot/mscnn_final_last_gtzan/gtzan__gtzan_blues_00001__track.npy.npz
mscnn_gtzan,dbn_matched_30_300,gtzan/gtzan_blues_00002/track.npy,gtzan,0.9923664122137404,0.8814464156676283,0.8814464156676283,0.8814464156676283,0.9848484848484849,0.9848484848484849,0.9848484848484849,0.9848484848484849,0.9696969696969697,0.8368322960317577,0.8368322960317577,0.8368322960317577,0.9411764705882353,0.9411764705882353,0.9411764705882353,0.9411764705882353,79.0,0.0,0.0,0.10536051565782945,20.0,0.0,0.0,0.026369949132092004,0.0,/media/mengh/SharedData/zhanh/auto_structbeat/caches/pilot/mscnn_final_last_gtzan/gtzan__gtzan_blues_00002__track.npy.npz
mscnn_gtzan,dbn_matched_30_300,gtzan/gtzan_blues_00003/track.npy,gtzan,0.8846153846153846,0.7574747382386663,0.7574747382386663,0.7574747382386663,0.8461538461538461,0.8461538461538461,0.8461538461538461,0.8461538461538461,0.0,0.0,0.6923404310609351,0.34617021553046756,0.0,0.0,0.7142857142857143,0.7142857142857143,31.0,0.0,0.0,0.16173804017587426,8.0,0.0,0.0,0.07355589825682207,0.0,/media/mengh/SharedData/zhanh/auto_structbeat/caches/pilot/mscnn_final_last_gtzan/gtzan__gtzan_blues_00003__track.npy.npz
mscnn_gtzan,dbn_matched_30_300,gtzan/gtzan_blues_00004/track.npy,gtzan,0.9642857142857143,0.8228653623214021,0.8228653623214021,0.8228653623214021,1.0,1.0,1.0,1.0,0.9285714285714286,0.8490588071046148,0.8490588071046148,0.8490588071046148,1.0,1.0,1.0,1.0,67.0,0.0,0.0,0.09017969796250697,17.0,0.0,0.0,0.03300968358768734,0.0,/media/mengh/SharedData/zhanh/auto_structbeat/caches/pilot/mscnn_final_last_gtzan/gtzan__gtzan_blues_00004__track.npy.npz
mscnn_gtzan,dbn_matched_30_300,gtzan/gtzan_blues_00005/track.npy,gtzan,0.896551724137931,0.7826686441726403,0.7826686441726403,0.7826686441726403,1.0,1.0,1.0,1.0,0.0,5.36731636698527e-88,7.514242885645997e-88,6.440779626315633e-88,0.0,0.0,0.0,0.0,35.0,0.0,0.0,0.04762804898925363,8.0,0.0,0.0,0.02853416106195572,0.0,/media/mengh/SharedData/zhanh/auto_structbeat/caches/pilot/mscnn_final_last_gtzan/gtzan__gtzan_blues_00005__track.npy.npz
mscnn_gtzan,dbn_matched_30_300,gtzan/gtzan_blues_00006/track.npy,gtzan,0.7419354838709677,0.5875875359043197,0.5875875359043197,0.5875875359043197,0.6129032258064516,0.967741935483871,0.6129032258064516,0.967741935483871,0.75,0.6015173532285978,0.6015173532285978,0.6015173532285978,1.0,1.0,1.0,1.0,37.0,0.0,0.0,0.07232066157962458,9.0,0.0,0.0,0.04541948296559692,0.0,/media/mengh/SharedData/zhanh/auto_structbeat/caches/pilot/mscnn_final_last_gtzan/gtzan__gtzan_blues_00006__track.npy.npz
mscnn_gtzan,dbn_matched_30_300,gtzan/gtzan_blues_00007/track.npy,gtzan,0.9090909090909091,0.8015149031098565,0.8015149031098565,0.8015149031098565,0.6410256410256411,0.8717948717948718,0.6410256410256411,0.8717948717948718,0.7,0.5781158644705846,0.5781158644705846,0.5781158644705846,0.7,0.7,0.7,0.7,46.0,0.0,0.0,0.09445547663712706,12.0,0.0,0.0,0.13564851104802328,0.0,/media/mengh/SharedData/zhanh/auto_structbeat/caches/pilot/mscnn_final_last_gtzan/gtzan__gtzan_blues_00007__track.npy.npz
mscnn_gtzan,dbn_matched_30_300,gtzan/gtzan_blues_00008/track.npy,gtzan,0.951048951048951,0.8621850514998551,0.8621850514998551,0.8621850514998551,0.5972222222222222,0.8888888888888888,0.5972222222222222,0.8888888888888888,0.5714285714285715,0.5378251520032773,0.5577786958700868,0.547801923936682,0.6111111111111112,0.6111111111111112,0.6111111111111112,0.6111111111111112,86.0,0.0,0.0,0.1112256351102264,22.0,0.0,0.0,0.2598112858544923,0.0,/media/mengh/SharedData/zhanh/auto_structbeat/caches/pilot/mscnn_final_last_gtzan/gtzan__gtzan_blues_00008__track.npy.npz
mscnn_gtzan,dbn_matched_30_300,gtzan/gtzan_blues_00009/track.npy,gtzan,0.823529411764706,0.6780917845473076,0.6780917845473076,0.6780917845473076,0.9428571428571428,0.9428571428571428,0.9428571428571428,0.9428571428571428,0.0,2.1620674318636613e-259,0.5879601204940501,0.29398006024702505,0.0,0.0,0.8888888888888888,0.8888888888888888,42.0,0.0,0.0,0.08223809823697031,11.0,0.0,0.0,0.04281848743325133,0.0,/media/mengh/SharedData/zhanh/auto_structbeat/caches/pilot/mscnn_final_last_gtzan/gtzan__gtzan_blues_00009__track.npy.npz
mscnn_gtzan,dbn_matched_30_300,gtzan/gtzan_blues_00010/track.npy,gtzan,0.6601941747572816,0.5955910945574749,0.8735966065500128,0.7345938505537439,0.0,0.0,0.5217391304347826,0.9130434782608695,0.0,1.956391026260386e-16,0.07969433543436392,0.03984716771718206,0.0,0.0,0.0,0.0,82.0,0.0,0.0,0.10536051565782639,20.0,0.0,0.0,0.2541174107369357,0.0,/media/mengh/SharedData/zhanh/auto_structbeat/caches/pilot/mscnn_final_last_gtzan/gtzan__gtzan_blues_00010__track.npy.npz
mscnn_gtzan,dbn_matched_30_300,gtzan/gtzan_blues_00011/track.npy,gtzan,0.8400000000000001,0.7700755737310786,0.7700755737310786,0.7700755737310786,0.7307692307692307,0.7307692307692307,0.7307692307692307,0.7307692307692307,0.10526315789473685,0.09811605182732144,0.5146930478574729,0.3064045498423972,0.0,0.0,0.0,0.0,30.0,0.0,0.0,0.07496774706222145,8.0,0.0,0.0,0.24346919591457838,0.0,/media/mengh/SharedData/zhanh/auto_structbeat/caches/pilot/mscnn_final_last_gtzan/gtzan__gtzan_blues_00011__track.npy.npz
mscnn_gtzan,dbn_matched_30_300,gtzan/gtzan_blues_00012/track.npy,gtzan,0.8717948717948718,0.7266186942795752,0.7266186942795752,0.7266186942795752,0.8205128205128205,0.9743589743589743,0.8205128205128205,0.9743589743589743,0.0,6.81395360576327e-194,0.7374884469276526,0.3687442234638263,0.0,0.0,1.0,1.0,47.0,0.0,0.0,0.06252035698133829,11.0,0.0,0.0,0.03305744885277692,0.0,/media/mengh/SharedData/zhanh/auto_structbeat/caches/pilot/mscnn_final_last_gtzan/gtzan__gtzan_blues_00012__track.npy.npz
mscnn_gtzan,dbn_matched_30_300,gtzan/gtzan_blues_00013/track.npy,gtzan,0.8131868131868132,0.7393132897710092,0.7393132897710092,0.7393132897710092,0.6086956521739131,0.8478260869565217,0.6086956521739131,0.8478260869565217,0.0,1.1339463003891793e-40,0.17671010357060626,0.08835505178530313,0.0,0.0,0.36363636363636365,0.36363636363636365,55.0,0.0,0.0,0.07251856725078051,14.0,0.0,0.0,0.08362152468055414,0.0,/media/mengh/SharedData/zhanh/auto_structbeat/caches/pilot/mscnn_final_last_gtzan/gtzan__gtzan_blues_00013__track.npy.npz
mscnn_gtzan,dbn_matched_30_300,gtzan/gtzan_blues_00014/track.npy,gtzan,0.9142857142857143,0.7771252940103305,0.7771252940103305,0.7771252940103305,1.0,1.0,1.0,1.0,0.0,1.8129818391193768e-250,0.5121889835093316,0.2560944917546658,0.0,0.0,0.7777777777777778,0.7777777777777778,42.0,0.0,0.0,0.06012634442318995,11.0,0.0,0.0,0.05234934282976459,0.0,/media/mengh/SharedData/zhanh/auto_structbeat/caches/pilot/mscnn_final_last_gtzan/gtzan__gtzan_blues_00014__track.npy.npz
mscnn_gtzan,dbn_matched_30_300,gtzan/gtzan_blues_00015/track.npy,gtzan,0.926829268292683,0.7812352229497309,0.7812352229497309,0.7812352229497309,0.6829268292682927,0.9512195121951219,0.6829268292682927,0.9512195121951219,0.380952380952381,0.3541186240255594,0.3656349690506844,0.3598767965381219,0.2727272727272727,0.2727272727272727,0.2727272727272727,0.2727272727272727,49.0,0.0,0.0,0.0666913744986758,12.0,0.0,0.0,0.0754030141803013,0.0,/media/mengh/SharedData/zhanh/auto_structbeat/caches/pilot/mscnn_final_last_gtzan/gtzan__gtzan_blues_00015__track.npy.npz
mscnn_gtzan,dbn_matched_30_300,gtzan/gtzan_blues_00016/track.npy,gtzan,0.6666666666666667,0.5659928886083437,0.5659928886083437,0.5659928886083437,0.38095238095238093,0.38095238095238093,0.38095238095238093,0.38095238095238093,0.22222222222222224,0.1992738887224736,0.2512378919064065,0.22525589031444004,0.0,0.0,0.0,0.0,39.0,0.0,0.0,0.04889968495639925,10.0,0.0,0.0,0.2178306143704591,0.0,/media/mengh/SharedData/zhanh/auto_structbeat/caches/pilot/mscnn_final_last_gtzan/gtzan__gtzan_blues_00016__track.npy.npz
mscnn_gtzan,dbn_matched_30_300,gtzan/gtzan_blues_00017/track.npy,gtzan,0.971830985915493,0.8016630038186763,0.8016630038186763,0.8016630038186763,0.7605633802816901,0.9436619718309859,0.7605633802816901,0.9436619718309859,0.0,7.810968604704166e-16,1.7663930656131914e-12,8.83587081236831e-13,0.0,0.0,0.0,0.0,85.0,0.0,0.0,0.11122563511022321,21.0,0.0,0.0,0.05715841383994512,0.0,/media/mengh/SharedData/zhanh/auto_structbeat/caches/pilot/mscnn_final_last_gtzan/gtzan__gtzan_blues_00017__track.npy.npz
mscnn_gtzan,dbn_matched_30_300,gtzan/gtzan_blues_00018/track.npy,gtzan,0.8529411764705882,0.6777362027022019,0.6777362027022019,0.6777362027022019,1.0,1.0,1.0,1.0,0.8888888888888888,0.6879767046427242,0.6879767046427242,0.6879767046427242,1.0,1.0,1.0,1.0,41.0,0.0,0.0,0.08223809823696593,11.0,0.0,0.0,0.03414249113350141,0.0,/media/mengh/SharedData/zhanh/auto_structbeat/caches/pilot/mscnn_final_last_gtzan/gtzan__gtzan_blues_00018__track.npy.npz
mscnn_gtzan,dbn_matched_30_300,gtzan/gtzan_blues_00019/track.npy,gtzan,0.2549019607843137,0.23431344163499,0.5121390479640799,0.373226244799535,0.27450980392156865,0.27450980392156865,0.6470588235294118,0.6470588235294118,0.0,3.332252157420602e-66,0.24723569576250828,0.12361784788125414,0.0,0.0,1.0,1.0,62.0,0.0,0.0,0.08338160893905311,15.0,0.0,0.0,0.1155128871218436,0.0,/media/mengh/SharedData/zhanh/auto_structbeat/caches/pilot/mscnn_final_last_gtzan/gtzan__gtzan_blues_00019__track.npy.npz
mscnn_gtzan,dbn_matched_30_300,gtzan/gtzan_blues_00020/track.npy,gtzan,0.8521739130434783,0.7023795924853868,0.7023795924853868,0.7023795924853868,0.3448275862068966,0.8793103448275862,0.3448275862068966,0.8793103448275862,0.0,9.37161097625945e-21,4.3015880869261996e-19,2.197652098344397e-19,0.0,0.0,0.0,0.0,69.0,0.0,0.0,0.09531017980433143,17.0,0.0,0.0,0.03834009827851773,0.0,/media/mengh/SharedData/zhanh/auto_structbeat/caches/pilot/mscnn_final_last_gtzan/gtzan__gtzan_blues_00020__track.npy.npz
mscnn_gtzan,dbn_matched_30_300,gtzan/gtzan_blues_00021/track.npy,gtzan,0.9285714285714286,0.6024544670958342,0.6024544670958342,0.6024544670958342,1.0,1.0,1.0,1.0,1.0,0.5578869233626081,0.5578869233626081,0.5578869233626081,1.0,1.0,1.0,1.0,50.0,0.0,0.0,0.06818734754105031,13.0,0.0,0.0,0.06473871373610823,0.0,/media/mengh/SharedData/zhanh/auto_structbeat/caches/pilot/mscnn_final_last_gtzan/gtzan__gtzan_blues_00021__track.npy.npz
mscnn_gtzan,dbn_matched_30_300,gtzan/gtzan_blues_00022/track.npy,gtzan,0.926829268292683,0.7230306542104965,0.7230306542104965,0.7230306542104965,1.0,1.0,1.0,1.0,0.0,4.967697004409068e-50,2.6624121870146934e-43,1.3312063418921968e-43,0.0,0.0,0.0,0.0,49.0,0.0,0.0,0.06830242239047049,12.0,0.0,0.0,0.050089410338112164,0.0,/media/mengh/SharedData/zhanh/auto_structbeat/caches/pilot/mscnn_final_last_gtzan/gtzan__gtzan_blues_00022__track.npy.npz
mscnn_gtzan,dbn_matched_30_300,gtzan/gtzan_blues_00023/track.npy,gtzan,0.5882352941176471,0.435443576604632,0.435443576604632,0.435443576604632,0.3409090909090909,0.6136363636363636,0.3409090909090909,0.6136363636363636,0.28571428571428564,0.21839197824625503,0.23298553786729223,0.22568875805677363,0.45454545454545453,0.45454545454545453,0.45454545454545453,0.45454545454545453,52.0,0.0,0.0,0.11778303565638282,13.0,0.0,0.0,0.1896926976625563,0.0,/media/mengh/SharedData/zhanh/auto_structbeat/caches/pilot/mscnn_final_last_gtzan/gtzan__gtzan_blues_00023__track.npy.npz
mscnn_gtzan,dbn_matched_30_300,gtzan/gtzan_blues_00024/track.npy,gtzan,0.9534883720930233,0.7017174489331321,0.7017174489331321,0.7017174489331321,1.0,1.0,1.0,1.0,0.6249999999999999,0.4999172351623311,0.7271523420542998,0.6135347886083155,0.0,0.0,1.0,1.0,52.0,0.0,0.0,0.0689928714869561,13.0,0.0,0.0,0.03057721157666593,0.0,/media/mengh/SharedData/zhanh/auto_structbeat/caches/pilot/mscnn_final_last_gtzan/gtzan__gtzan_blues_00024__track.npy.npz
mscnn_gtzan,dbn_matched_30_300,gtzan/gtzan_blues_00025/track.npy,gtzan,0.7341772151898733,0.4813342839552714,0.4813342839552714,0.4813342839552714,0.65,0.85,0.65,0.85,0.0,2.8211387127095916e-39,3.434044164082725e-38,1.858079017676842e-38,0.0,0.0,0.0,0.0,46.0,0.0,0.0,0.09156902865980923,11.0,0.0,0.0,0.031498667059370725,0.0,/media/mengh/SharedData/zhanh/auto_structbeat/caches/pilot/mscnn_final_last_gtzan/gtzan__gtzan_blues_00025__track.npy.npz
mscnn_gtzan,dbn_matched_30_300,gtzan/gtzan_blues_00026/track.npy,gtzan,0.8955223880597014,0.7183572047292829,0.7183572047292829,0.7183572047292829,0.7352941176470589,0.9411764705882353,0.7352941176470589,0.9411764705882353,0.125,0.12360163057640404,0.16480217410187206,0.14420190233913804,0.0,0.0,0.0,0.0,41.0,0.0,0.0,0.09147230128474028,10.0,0.0,0.0,0.06123678562175507,0.0,/media/mengh/SharedData/zhanh/auto_structbeat/caches/pilot/mscnn_final_last_gtzan/gtzan__gtzan_blues_00026__track.npy.npz
mscnn_gtzan,dbn_matched_30_300,gtzan/gtzan_blues_00027/track.npy,gtzan,0.7000000000000001,0.5137383364509384,0.5137383364509384,0.5137383364509384,0.6585365853658537,0.8536585365853658,0.6585365853658537,0.8536585365853658,0.09523809523809525,0.024355189631695667,0.4145469549959705,0.2194510723138331,0.2727272727272727,0.2727272727272727,0.5454545454545454,0.5454545454545454,49.0,0.0,0.0,0.07911820771231233,13.0,0.0,0.0,0.16053424573470743,0.0,/media/mengh/SharedData/zhanh/auto_structbeat/caches/pilot/mscnn_final_last_gtzan/gtzan__gtzan_blues_00027__track.npy.npz
mscnn_gtzan,dbn_matched_30_300,gtzan/gtzan_blues_00028/track.npy,gtzan,0.41666666666666663,0.34643489132731453,0.43911331461850855,0.39277410297291154,0.0,0.0,0.0,0.0,0.5,0.39989028712797753,0.39989028712797753,0.39989028712797753,0.0,0.0,0.0,0.0,35.0,0.0,0.0,0.04696322897664027,9.0,0.0,0.0,0.015572294697365293,0.0,/media/mengh/SharedData/zhanh/auto_structbeat/caches/pilot/mscnn_final_last_gtzan/gtzan__gtzan_blues_00028__track.npy.npz
mscnn_gtzan,dbn_matched_30_300,gtzan/gtzan_blues_00029/track.npy,gtzan,0.38095238095238093,0.2828349880527149,0.35585893820506814,0.31934696312889155,0.16981132075471697,0.4339622641509434,0.24528301886792453,0.4339622641509434,0.3076923076923077,0.26101744183139697,0.26101744183139697,0.26101744183139697,1.0,1.0,1.0,1.0,63.0,0.0,0.0,0.12260232209232969,16.0,0.0,0.0,0.11557522662459231,0.0,/media/mengh/SharedData/zhanh/auto_structbeat/caches/pilot/mscnn_final_last_gtzan/gtzan__gtzan_blues_00029__track.npy.npz
mscnn_gtzan,dbn_matched_30_300,gtzan/gtzan_blues_00030/track.npy,gtzan,0.0,1.7922099641933724e-05,0.4309121377871152,0.21546502994337854,0.0,0.0,0.4782608695652174,0.9130434782608695,0.0,6.837112095611073e-06,8.920953916794333e-06,7.879033006202703e-06,1.0,1.0,1.0,1.0,55.0,0.0,0.0,0.07410797215372189,14.0,0.0,0.0,0.03670136685042822,0.0,/media/mengh/SharedData/zhanh/auto_structbeat/caches/pilot/mscnn_final_last_gtzan/gtzan__gtzan_blues_00030__track.npy.npz
mscnn_gtzan,dbn_matched_30_300,gtzan/gtzan_blues_00031/track.npy,gtzan,0.4948453608247423,0.4375838438282204,0.4375838438282204,0.4375838438282204,0.5306122448979592,0.5306122448979592,0.5306122448979592,0.5306122448979592,0.0,2.1472975909717299e-19,3.563736475511109e-11,1.7818682484920425e-11,0.0,0.0,0.25,0.25,57.0,0.0,0.0,0.07788554109735374,14.0,0.0,0.0,0.042085557817244726,0.0,/media/mengh/SharedData/zhanh/auto_structbeat/caches/pilot/mscnn_final_last_gtzan/gtzan__gtzan_blues_00031__track.npy.npz
mscnn_gtzan,dbn_matched_30_300,gtzan/gtzan_blues_00032/track.npy,gtzan,0.08823529411764705,0.08825491568984314,0.09280835893742788,0.0905316373136355,0.0,0.0,0.0,0.0,0.0,0.0022045660827077953,0.11673152214826475,0.05946804411548627,0.0,0.0,0.0,0.0,19.0,0.0,0.0,0.16030835875785784,6.0,0.0,0.0,0.09065721079174316,0.0,/media/mengh/SharedData/zhanh/auto_structbeat/caches/pilot/mscnn_final_last_gtzan/gtzan__gtzan_blues_00032__track.npy.npz
mscnn_gtzan,dbn_matched_30_300,gtzan/gtzan_blues_00033/track.npy,gtzan,0.5918367346938775,0.4739828281697311,0.7037926842519125,0.5888877562108218,0.0,0.0,1.0,1.0,0.5833333333333334,0.4651097322102593,0.697664598315389,0.5813871652628242,0.0,0.0,1.0,1.0,39.0,0.0,0.0,0.057312168183924775,9.0,0.0,0.0,0.03704902910375282,0.0,/media/mengh/SharedData/zhanh/auto_structbeat/caches/pilot/mscnn_final_last_gtzan/gtzan__gtzan_blues_00033__track.npy.npz
mscnn_gtzan,dbn_matched_30_300,gtzan/gtzan_blues_00034/track.npy,gtzan,0.9230769230769231,0.7587015441209612,0.7587015441209612,0.7587015441209612,0.9743589743589743,0.9743589743589743,0.9743589743589743,0.9743589743589743,0.0,9.568363530828936e-202,0.7887187807580099,0.39435939037900497,0.0,0.0,0.9,0.9,47.0,0.0,0.0,0.06413488830632003,12.0,0.0,0.0,0.047617822825214866,0.0,/media/mengh/SharedData/zhanh/auto_structbeat/caches/pilot/mscnn_final_last_gtzan/gtzan__gtzan_blues_00034__track.npy.npz
mscnn_gtzan,dbn_matched_30_300,gtzan/gtzan_blues_00035/track.npy,gtzan,0.6355140186915889,0.5385509001680094,0.5385509001680094,0.5385509001680094,0.36363636363636365,0.6,0.36363636363636365,0.6,0.3703703703703704,0.3031846134449812,0.35487843807702524,0.32903152576100325,0.5,0.5,0.5,0.5,63.0,0.0,0.0,0.08701137698962991,16.0,0.0,0.0,0.08167672672621758,0.0,/media/mengh/SharedData/zhanh/auto_structbeat/caches/pilot/mscnn_final_last_gtzan/gtzan__gtzan_blues_00035__track.npy.npz
mscnn_gtzan,dbn_matched_30_300,gtzan/gtzan_blues_00036/track.npy,gtzan,0.0,0.0004612427403049803,0.6096207977836078,0.3050410202619564,0.0,0.0,0.7708333333333334,0.7916666666666666,0.0,0.0005583490128762058,0.0006640026074277833,0.0006111758101519946,1.0,1.0,1.0,1.0,57.0,0.0,0.0,0.07696104113612728,15.0,0.0,0.0,0.0377403279828471,0.0,/media/mengh/SharedData/zhanh/auto_structbeat/caches/pilot/mscnn_final_last_gtzan/gtzan__gtzan_blues_00036__track.npy.npz
mscnn_gtzan,dbn_matched_30_300,gtzan/gtzan_blues_00037/track.npy,gtzan,0.9206349206349206,0.7099077623762221,0.7099077623762221,0.7099077623762221,0.59375,0.9375,0.59375,0.9375,0.0,2.9549093e-317,0.7878096535722746,0.3939048267861373,0.0,0.0,0.875,0.875,38.0,0.0,0.0,0.07796154146971061,10.0,0.0,0.0,0.041723922204844464,0.0,/media/mengh/SharedData/zhanh/auto_structbeat/caches/pilot/mscnn_final_last_gtzan/gtzan__gtzan_blues_00037__track.npy.npz
mscnn_gtzan,dbn_matched_30_300,gtzan/gtzan_blues_00038/track.npy,gtzan,0.3146067415730337,0.26353036552080106,0.2662121275347257,0.2648712465277634,0.0,0.0,0.014084507042253521,0.014084507042253521,0.0,1.3496563854854187e-07,0.08701394332526846,0.04350703914545351,0.0,0.0,0.0,0.0,64.0,0.0,0.0,0.08701137698962959,16.0,0.0,0.0,0.074107972153721,0.0,/media/mengh/SharedData/zhanh/auto_structbeat/caches/pilot/mscnn_final_last_gtzan/gtzan__gtzan_blues_00038__track.npy.npz
mscnn_gtzan,dbn_matched_30_300,gtzan/gtzan_blues_00039/track.npy,gtzan,0.6666666666666666,0.5650615686579697,0.8475923529869546,0.7063269608224622,0.0,0.0,1.0,1.0,0.6666666666666666,0.5597405504676178,0.8396108257014268,0.6996756880845223,0.0,0.0,1.0,1.0,29.0,0.0,0.0,0.05201249007207287,10.0,0.0,0.0,0.0401903754070079,0.0,/media/mengh/SharedData/zhanh/auto_structbeat/caches/pilot/mscnn_final_last_gtzan/gtzan__gtzan_blues_00039__track.npy.npz
mscnn_gtzan,dbn_matched_30_300,gtzan/gtzan_blues_00040/track.npy,gtzan,0.9859154929577464,0.8689051657704794,0.8689051657704794,0.8689051657704794,0.625,0.9583333333333334,0.625,0.9583333333333334,1.0,0.9082394136397421,0.9082394136397421,0.9082394136397421,1.0,1.0,1.0,1.0,87.0,0.0,0.0,0.11647155554715119,21.0,0.0,0.0,0.07197349962508916,0.0,/media/mengh/SharedData/zhanh/auto_structbeat/caches/pilot/mscnn_final_last_gtzan/gtzan__gtzan_blues_00040__track.npy.npz
mscnn_gtzan,dbn_matched_30_300,gtzan/gtzan_blues_00041/track.npy,gtzan,0.9906542056074767,0.8680073835693094,0.8680073835693094,0.8680073835693094,0.9814814814814815,0.9814814814814815,0.9814814814814815,0.9814814814814815,0.0,2.7759677416950346e-111,0.8335544981241663,0.41677724906208313,0.0,0.0,0.9230769230769231,0.9230769230769231,64.0,0.0,0.0,0.08682988858709217,16.0,0.0,0.0,0.042719834151508845,0.0,/media/mengh/SharedData/zhanh/auto_structbeat/caches/pilot/mscnn_final_last_gtzan/gtzan__gtzan_blues_00041__track.npy.npz
mscnn_gtzan,dbn_matched_30_300,gtzan/gtzan_blues_00042/track.npy,gtzan,0.4799999999999999,0.3793043405957859,0.3793043405957859,0.3793043405957859,0.0,0.0,0.0,0.0,0.3870967741935484,0.276961062230351,0.458201068731394,0.3675810654808725,0.0,0.0,0.0,0.0,90.0,0.0,0.0,0.11778303565638604,30.0,0.0,0.0,0.040005334613698304,0.0,/media/mengh/SharedData/zhanh/auto_structbeat/caches/pilot/mscnn_final_last_gtzan/gtzan__gtzan_blues_00042__track.npy.npz
mscnn_gtzan,dbn_matched_30_300,gtzan/gtzan_blues_00043/track.npy,gtzan,0.9906542056074767,0.9497476196249094,0.9497476196249094,0.9497476196249094,0.9814814814814815,0.9814814814814815,0.9814814814814815,0.9814814814814815,1.0,0.9563683727863085,0.9563683727863085,0.9563683727863085,1.0,1.0,1.0,1.0,65.0,0.0,0.0,0.08701137698962809,16.0,0.0,0.0,0.021506205220963137,0.0,/media/mengh/SharedData/zhanh/auto_structbeat/caches/pilot/mscnn_final_last_gtzan/gtzan__gtzan_blues_00043__track.npy.npz
mscnn_gtzan,dbn_matched_30_300,gtzan/gtzan_blues_00044/track.npy,gtzan,0.6666666666666666,0.5316296213748537,0.7974444287776641,0.6645370250762589,0.0,0.0,1.0,1.0,0.0,2.212209114448115e-09,3.217758711924531e-09,2.714983913186323e-09,0.0,0.0,1.0,1.0,51.0,0.0,0.0,0.06669137449867674,13.0,0.0,0.0,0.03375908123733329,0.0,/media/mengh/SharedData/zhanh/auto_structbeat/caches/pilot/mscnn_final_last_gtzan/gtzan__gtzan_blues_00044__track.npy.npz
mscnn_gtzan,dbn_matched_30_300,gtzan/gtzan_blues_00045/track.npy,gtzan,0.6666666666666666,0.6257316931251552,0.9385962627262523,0.7821639779257037,0.0,0.0,1.0,1.0,0.6666666666666666,0.6350201373972247,0.952530206095837,0.7937751717465309,0.0,0.0,1.0,1.0,66.0,0.0,0.0,0.08701137698963059,16.0,0.0,0.0,0.022223136784711772,0.0,/media/mengh/SharedData/zhanh/auto_structbeat/caches/pilot/mscnn_final_last_gtzan/gtzan__gtzan_blues_00045__track.npy.npz
mscnn_gtzan,dbn_matched_30_300,gtzan/gtzan_blues_00046/track.npy,gtzan,1.0,0.9228074191856181,0.9228074191856181,0.9228074191856181,1.0,1.0,1.0,1.0,1.0,0.8868220051407221,0.8868220051407221,0.8868220051407221,1.0,1.0,1.0,1.0,61.0,0.0,0.0,0.08004270767353472,15.0,0.0,0.0,0.03045920748470876,0.0,/media/mengh/SharedData/zhanh/auto_structbeat/caches/pilot/mscnn_final_last_gtzan/gtzan__gtzan_blues_00046__track.npy.npz
mscnn_gtzan,dbn_matched_30_300,gtzan/gtzan_blues_00047/track.npy,gtzan,1.0,0.8471059178471214,0.8471059178471214,0.8471059178471214,0.9523809523809523,0.9841269841269841,0.9523809523809523,0.9841269841269841,1.0,0.8493010120674708,0.8493010120674708,0.8493010120674708,1.0,1.0,1.0,1.0,76.0,0.0,0.0,0.05129329438755248,26.0,0.0,0.0,0.03333642026759357,0.0,/media/mengh/SharedData/zhanh/auto_structbeat/caches/pilot/mscnn_final_last_gtzan/gtzan__gtzan_blues_00047__track.npy.npz
mscnn_gtzan,dbn_matched_30_300,gtzan/gtzan_blues_00048/track.npy,gtzan,1.0,0.8356209347266079,0.8356209347266079,0.8356209347266079,1.0,1.0,1.0,1.0,1.0,0.8593397244340509,0.8593397244340509,0.8593397244340509,1.0,1.0,1.0,1.0,61.0,0.0,0.0,0.04082199452025829,15.0,0.0,0.0,0.023822761637580157,0.0,/media/mengh/SharedData/zhanh/auto_structbeat/caches/pilot/mscnn_final_last_gtzan/gtzan__gtzan_blues_00048__track.npy.npz
mscnn_gtzan,dbn_matched_30_300,gtzan/gtzan_blues_00049/track.npy,gtzan,0.8846153846153846,0.7352314477820203,0.7352314477820203,0.7352314477820203,1.0,1.0,1.0,1.0,1.0,0.7850925916874557,0.7850925916874557,0.7850925916874557,1.0,1.0,1.0,1.0,31.0,0.0,0.0,0.04311491293136094,8.0,0.0,0.0,0.04199626724826466,0.0,/media/mengh/SharedData/zhanh/auto_structbeat/caches/pilot/mscnn_final_last_gtzan/gtzan__gtzan_blues_00049__track.npy.npz
mscnn_gtzan,dbn_matched_30_300,gtzan/gtzan_blues_00050/track.npy,gtzan,1.0,0.8928064871187125,0.8928064871187125,0.8928064871187125,1.0,1.0,1.0,1.0,1.0,0.9136381423901001,0.9136381423901001,0.9136381423901001,1.0,1.0,1.0,1.0,68.0,0.0,0.0,0.09422557940467538,17.0,0.0,0.0,0.03042735287760407,0.0,/media/mengh/SharedData/zhanh/auto_structbeat/caches/pilot/mscnn_final_last_gtzan/gtzan__gtzan_blues_00050__track.npy.npz
mscnn_gtzan,dbn_matched_30_300,gtzan/gtzan_blues_00051/track.npy,gtzan,0.9878048780487805,0.9320446659546587,0.9320446659546587,0.9320446659546587,0.9518072289156626,0.9518072289156626,0.9518072289156626,0.9518072289156626,0.9500000000000001,0.904339999956103,0.904339999956103,0.904339999956103,0.95,0.95,0.95,0.95,99.0,0.0,0.0,0.06453852113757157,24.0,0.0,0.0,0.04879016416943241,0.0,/media/mengh/SharedData/zhanh/auto_structbeat/caches/pilot/mscnn_final_last_gtzan/gtzan__gtzan_blues_00051__track.npy.npz
mscnn_gtzan,dbn_matched_30_300,gtzan/gtzan_blues_00052/track.npy,gtzan,0.5,0.4265622249296554,0.4265622249296554,0.4265622249296554,0.0,0.0,0.0,0.0,0.3846153846153846,0.3438664082727356,0.5282809019278429,0.4360736551002893,0.0,0.0,0.0,0.0,75.0,0.0,0.0,0.10008345855698667,25.0,0.0,0.0,0.049596941139372026,0.0,/media/mengh/SharedData/zhanh/auto_structbeat/caches/pilot/mscnn_final_last_gtzan/gtzan__gtzan_blues_00052__track.npy.npz
mscnn_gtzan,dbn_matched_30_300,gtzan/gtzan_blues_00053/track.npy,gtzan,1.0,0.8795749605414788,0.8795749605414788,0.8795749605414788,1.0,1.0,1.0,1.0,1.0,0.8634622332052361,0.8634622332052361,0.8634622332052361,1.0,1.0,1.0,1.0,51.0,0.0,0.0,0.0666913744986708,12.0,0.0,0.0,0.021606519345212422,0.0,/media/mengh/SharedData/zhanh/auto_structbeat/caches/pilot/mscnn_final_last_gtzan/gtzan__gtzan_blues_00053__track.npy.npz
mscnn_gtzan,dbn_matched_30_300,gtzan/gtzan_blues_00054/track.npy,gtzan,0.9868421052631579,0.933991586139336,0.933991586139336,0.933991586139336,0.9868421052631579,0.9868421052631579,0.9868421052631579,0.9868421052631579,1.0,0.92882373040431,0.92882373040431,0.92882373040431,1.0,1.0,1.0,1.0,91.0,0.0,0.0,0.060624621816444346,22.0,0.0,0.0,0.045120435280468704,0.0,/media/mengh/SharedData/zhanh/auto_structbeat/caches/pilot/mscnn_final_last_gtzan/gtzan__gtzan_blues_00054__track.npy.npz
mscnn_gtzan,dbn_matched_30_300,gtzan/gtzan_blues_00055/track.npy,gtzan,0.9636363636363636,0.7952219989715398,0.7952219989715398,0.7952219989715398,0.6181818181818182,0.9636363636363636,0.6181818181818182,0.9636363636363636,0.9230769230769231,0.788571982788582,0.788571982788582,0.788571982788582,1.0,1.0,1.0,1.0,67.0,0.0,0.0,0.09097177820572637,16.0,0.0,0.0,0.06507210855795563,0.0,/media/mengh/SharedData/zhanh/auto_structbeat/caches/pilot/mscnn_final_last_gtzan/gtzan__gtzan_blues_00055__track.npy.npz
mscnn_gtzan,dbn_matched_30_300,gtzan/gtzan_blues_00056/track.npy,gtzan,0.4943820224719101,0.4387490675493269,0.4387490675493269,0.4387490675493269,0.0,0.0,0.0,0.0,0.37037037037037035,0.3583225835022986,0.5487167847268637,0.45351968411458116,0.0,0.0,0.0,0.0,80.0,0.0,0.0,0.10536051565782856,26.0,0.0,0.0,0.05392361187682643,0.0,/media/mengh/SharedData/zhanh/auto_structbeat/caches/pilot/mscnn_final_last_gtzan/gtzan__gtzan_blues_00056__track.npy.npz
mscnn_gtzan,dbn_matched_30_300,gtzan/gtzan_blues_00057/track.npy,gtzan,1.0,0.9622379057328251,0.9622379057328251,0.9622379057328251,1.0,1.0,1.0,1.0,1.0,0.9673476892765712,0.9673476892765712,0.9673476892765712,1.0,1.0,1.0,1.0,93.0,0.0,0.0,0.06062462181643369,23.0,0.0,0.0,0.03077165866675438,0.0,/media/mengh/SharedData/zhanh/auto_structbeat/caches/pilot/mscnn_final_last_gtzan/gtzan__gtzan_blues_00057__track.npy.npz
mscnn_gtzan,dbn_matched_30_300,gtzan/gtzan_blues_00058/track.npy,gtzan,1.0,0.9236062595985057,0.9236062595985057,0.9236062595985057,1.0,1.0,1.0,1.0,1.0,0.9007210334321926,0.9007210334321926,0.9007210334321926,1.0,1.0,1.0,1.0,53.0,0.0,0.0,0.07022591773454678,13.0,0.0,0.0,0.026433257068155414,0.0,/media/mengh/SharedData/zhanh/auto_structbeat/caches/pilot/mscnn_final_last_gtzan/gtzan__gtzan_blues_00058__track.npy.npz
mscnn_gtzan,dbn_matched_30_300,gtzan/gtzan_blues_00059/track.npy,gtzan,1.0,0.9410316360221914,0.9410316360221914,0.9410316360221914,1.0,1.0,1.0,1.0,1.0,0.9370988313721393,0.9370988313721393,0.9370988313721393,1.0,1.0,1.0,1.0,54.0,0.0,0.0,0.07145896398214968,14.0,0.0,0.0,0.018018505502678465,0.0,/media/mengh/SharedData/zhanh/auto_structbeat/caches/pilot/mscnn_final_last_gtzan/gtzan__gtzan_blues_00059__track.npy.npz
mscnn_gtzan,dbn_matched_30_300,gtzan/gtzan_blues_00060/track.npy,gtzan,0.976,0.8228617487960597,0.8228617487960597,0.8228617487960597,0.7619047619047619,0.9682539682539683,0.7619047619047619,0.9682539682539683,0.967741935483871,0.8085117330950319,0.8085117330950319,0.8085117330950319,0.9375,0.9375,0.9375,0.9375,75.0,0.0,0.0,0.10008345855698156,19.0,0.0,0.0,0.025064603361190808,0.0,/media/mengh/SharedData/zhanh/auto_structbeat/caches/pilot/mscnn_final_last_gtzan/gtzan__gtzan_blues_00060__track.npy.npz
mscnn_gtzan,dbn_matched_30_300,gtzan/gtzan_blues_00061/track.npy,gtzan,1.0,0.940682258417604,0.940682258417604,0.940682258417604,1.0,1.0,1.0,1.0,1.0,0.9697848971346311,0.9697848971346311,0.9697848971346311,1.0,1.0,1.0,1.0,66.0,0.0,0.0,0.0870113769896318,17.0,0.0,0.0,0.011049836186586726,0.0,/media/mengh/SharedData/zhanh/auto_structbeat/caches/pilot/mscnn_final_last_gtzan/gtzan__gtzan_blues_00061__track.npy.npz
mscnn_gtzan,dbn_matched_30_300,gtzan/gtzan_blues_00062/track.npy,gtzan,1.0,0.9158162762506199,0.9158162762506199,0.9158162762506199,1.0,1.0,1.0,1.0,0.0,1.652491748489569e-145,0.881391167487722,0.440695583743861,0.0,0.0,0.9166666666666666,0.9166666666666666,57.0,0.0,0.0,0.04865062123411304,14.0,0.0,0.0,0.023054561002423743,0.0,/media/mengh/SharedData/zhanh/auto_structbeat/caches/pilot/mscnn_final_last_gtzan/gtzan__gtzan_blues_00062__track.npy.npz
mscnn_gtzan,dbn_matched_30_300,gtzan/gtzan_blues_00063/track.npy,gtzan,1.0,0.9043396708749781,0.9043396708749781,0.9043396708749781,1.0,1.0,1.0,1.0,1.0,0.9504788466963352,0.9504788466963352,0.9504788466963352,1.0,1.0,1.0,1.0,46.0,0.0,0.0,0.06062462181643358,11.0,0.0,0.0,0.012202323032561233,0.0,/media/mengh/SharedData/zhanh/auto_structbeat/caches/pilot/mscnn_final_last_gtzan/gtzan__gtzan_blues_00063__track.npy.npz
mscnn_gtzan,dbn_matched_30_300,gtzan/gtzan_blues_00064/track.npy,gtzan,1.0,0.971522650372645,0.971522650372645,0.971522650372645,1.0,1.0,1.0,1.0,1.0,0.9744988737988289,0.9744988737988289,0.9744988737988289,1.0,1.0,1.0,1.0,78.0,0.0,0.0,0.0519867761082386,20.0,0.0,0.0,0.02597548640326125,0.0,/media/mengh/SharedData/zhanh/auto_structbeat/caches/pilot/mscnn_final_last_gtzan/gtzan__gtzan_blues_00064__track.npy.npz
mscnn_gtzan,dbn_matched_30_300,gtzan/gtzan_blues_00065/track.npy,gtzan,1.0,0.8992179744520741,0.8992179744520741,0.8992179744520741,1.0,1.0,1.0,1.0,1.0,0.8555147469896501,0.8555147469896501,0.8555147469896501,1.0,1.0,1.0,1.0,54.0,0.0,0.0,0.07145896398214358,14.0,0.0,0.0,0.031151015403711603,0.0,/media/mengh/SharedData/zhanh/auto_structbeat/caches/pilot/mscnn_final_last_gtzan/gtzan__gtzan_blues_00065__track.npy.npz
mscnn_gtzan,dbn_matched_30_300,gtzan/gtzan_blues_00066/track.npy,gtzan,1.0,0.9106223539402184,0.9106223539402184,0.9106223539402184,1.0,1.0,1.0,1.0,1.0,0.9321173660010507,0.9321173660010507,0.9321173660010507,1.0,1.0,1.0,1.0,82.0,0.0,0.0,0.056925141962280705,21.0,0.0,0.0,0.01379332213233797,0.0,/media/mengh/SharedData/zhanh/auto_structbeat/caches/pilot/mscnn_final_last_gtzan/gtzan__gtzan_blues_00066__track.npy.npz
mscnn_gtzan,dbn_matched_30_300,gtzan/gtzan_blues_00067/track.npy,gtzan,0.9420289855072465,0.8803499808421693,0.8803499808421693,0.8803499808421693,0.7571428571428571,0.8857142857142857,0.7571428571428571,0.8857142857142857,0.8235294117647058,0.7561987971142022,0.7561987971142022,0.7561987971142022,0.7647058823529411,0.7647058823529411,0.7647058823529411,0.7647058823529411,83.0,0.0,0.0,0.057158413839947464,21.0,0.0,0.0,0.21801904414640727,0.0,/media/mengh/SharedData/zhanh/auto_structbeat/caches/pilot/mscnn_final_last_gtzan/gtzan__gtzan_blues_00067__track.npy.npz
mscnn_gtzan,dbn_matched_30_300,gtzan/gtzan_blues_00068/track.npy,gtzan,1.0,0.8078365672029403,0.8078365672029403,0.8078365672029403,1.0,1.0,1.0,1.0,1.0,0.8328420687151192,0.8328420687151192,0.8328420687151192,1.0,1.0,1.0,1.0,81.0,0.0,0.0,0.0540672212702793,20.0,0.0,0.0,0.01360565205577835,0.0,/media/mengh/SharedData/zhanh/auto_structbeat/caches/pilot/mscnn_final_last_gtzan/gtzan__gtzan_blues_00068__track.npy.npz
mscnn_gtzan,dbn_matched_30_300,gtzan/gtzan_blues_00069/track.npy,gtzan,1.0,0.9090614843681057,0.9090614843681057,0.9090614843681057,1.0,1.0,1.0,1.0,1.0,0.9500289853550946,0.9500289853550946,0.9500289853550946,1.0,1.0,1.0,1.0,40.0,0.0,0.0,0.05644140468306838,10.0,0.0,0.0,0.017507537105023882,0.0,/media/mengh/SharedData/zhanh/auto_structbeat/caches/pilot/mscnn_final_last_gtzan/gtzan__gtzan_blues_00069__track.npy.npz
mscnn_gtzan,dbn_matched_30_300,gtzan/gtzan_blues_00070/track.npy,gtzan,0.9516129032258065,0.8093946366168194,0.8093946366168194,0.8093946366168194,0.6774193548387096,0.967741935483871,0.6774193548387096,0.967741935483871,0.9333333333333333,0.775607054599511,0.775607054599511,0.775607054599511,1.0,1.0,1.0,1.0,74.0,0.0,0.0,0.10008345855697562,18.0,0.0,0.0,0.03409321324813583,0.0,/media/mengh/SharedData/zhanh/auto_structbeat/caches/pilot/mscnn_final_last_gtzan/gtzan__gtzan_blues_00070__track.npy.npz
mscnn_gtzan,dbn_matched_30_300,gtzan/gtzan_blues_00071/track.npy,gtzan,0.9838709677419355,0.7084068332179351,0.7084068332179351,0.7084068332179351,1.0,1.0,1.0,1.0,0.0,2.990621781328635e-79,0.7277354094754241,0.36386770473771207,0.0,0.0,1.0,1.0,74.0,0.0,0.0,0.10008345855697143,18.0,0.0,0.0,0.03980802088439628,0.0,/media/mengh/SharedData/zhanh/auto_structbeat/caches/pilot/mscnn_final_last_gtzan/gtzan__gtzan_blues_00071__track.npy.npz
mscnn_gtzan,dbn_matched_30_300,gtzan/gtzan_blues_00072/track.npy,gtzan,1.0,0.8887585927747805,0.8887585927747805,0.8887585927747805,1.0,1.0,1.0,1.0,1.0,0.9304399284855684,0.9304399284855684,0.9304399284855684,1.0,1.0,1.0,1.0,35.0,0.0,0.0,0.0643007206632257,8.0,0.0,0.0,0.021344288443260917,0.0,/media/mengh/SharedData/zhanh/auto_structbeat/caches/pilot/mscnn_final_last_gtzan/gtzan__gtzan_blues_00072__track.npy.npz
mscnn_gtzan,dbn_matched_30_300,gtzan/gtzan_blues_00073/track.npy,gtzan,0.975609756097561,0.7825256877170537,0.7825256877170537,0.7825256877170537,1.0,1.0,1.0,1.0,0.0,1.2027083159552952e-192,0.69764812694012,0.34882406347006,0.0,0.0,0.8181818181818182,0.8181818181818182,49.0,0.0,0.0,0.05102529686295236,13.0,0.0,0.0,0.04330895428019704,0.0,/media/mengh/SharedData/zhanh/auto_structbeat/caches/pilot/mscnn_final_last_gtzan/gtzan__gtzan_blues_00073__track.npy.npz
mscnn_gtzan,dbn_matched_30_300,gtzan/gtzan_blues_00074/track.npy,gtzan,0.9787234042553191,0.9079697723813345,0.9079697723813345,0.9079697723813345,0.9787234042553191,0.9787234042553191,0.9787234042553191,0.9787234042553191,1.0,0.9710249829026392,0.9710249829026392,0.9710249829026392,1.0,1.0,1.0,1.0,56.0,0.0,0.0,0.07410797215372153,14.0,0.0,0.0,0.035810434043582744,0.0,/media/mengh/SharedData/zhanh/auto_structbeat/caches/pilot/mscnn_final_last_gtzan/gtzan__gtzan_blues_00074__track.npy.npz
mscnn_gtzan,dbn_matched_30_300,gtzan/gtzan_blues_00075/track.npy,gtzan,1.0,0.9317086096671854,0.9317086096671854,0.9317086096671854,1.0,1.0,1.0,1.0,1.0,0.9401919123190824,0.9401919123190824,0.9401919123190824,1.0,1.0,1.0,1.0,59.0,0.0,0.0,0.07696104113612678,15.0,0.0,0.0,0.019608471388376247,0.0,/media/mengh/SharedData/zhanh/auto_structbeat/caches/pilot/mscnn_final_last_gtzan/gtzan__gtzan_blues_00075__track.npy.npz
mscnn_gtzan,dbn_matched_30_300,gtzan/gtzan_blues_00076/track.npy,gtzan,1.0,0.9451374523218466,0.9451374523218466,0.9451374523218466,1.0,1.0,1.0,1.0,1.0,0.9124407422256874,0.9124407422256874,0.9124407422256874,1.0,1.0,1.0,1.0,58.0,0.0,0.0,0.07696104113613,19.0,0.0,0.0,0.02852329155874829,0.0,/media/mengh/SharedData/zhanh/auto_structbeat/caches/pilot/mscnn_final_last_gtzan/gtzan__gtzan_blues_00076__track.npy.npz
mscnn_gtzan,dbn_matched_30_300,gtzan/gtzan_blues_00077/track.npy,gtzan,0.9838709677419355,0.9194542098748535,0.9194542098748535,0.9194542098748535,0.9838709677419355,0.9838709677419355,0.9838709677419355,0.9838709677419355,1.0,0.9443689389244572,0.9443689389244572,0.9443689389244572,1.0,1.0,1.0,1.0,74.0,0.0,0.0,0.04879016416943971,18.0,0.0,0.0,0.02439145312415869,0.0,/media/mengh/SharedData/zhanh/auto_structbeat/caches/pilot/mscnn_final_last_gtzan/gtzan__gtzan_blues_00077__track.npy.npz
mscnn_gtzan,dbn_matched_30_300,gtzan/gtzan_blues_00078/track.npy,gtzan,0.6394557823129251,0.6007347893430744,0.8323337211106552,0.7165342552268648,0.0,0.0,0.8,0.8,0.0,1.4662910708214368e-08,0.0549340633228168,0.027467038992863752,0.0,0.0,0.8333333333333334,0.8333333333333334,57.0,0.0,0.0,0.08004270767353676,15.0,0.0,0.0,0.17924475348435293,0.0,/media/mengh/SharedData/zhanh/auto_structbeat/caches/pilot/mscnn_final_last_gtzan/gtzan__gtzan_blues_00078__track.npy.npz
mscnn_gtzan,dbn_matched_30_300,gtzan/gtzan_blues_00079/track.npy,gtzan,0.9924812030075187,0.9106406214252434,0.9106406214252434,0.9106406214252434,0.9850746268656716,0.9850746268656716,0.9850746268656716,0.9850746268656716,0.9696969696969697,0.9131060875951041,0.9131060875951041,0.9131060875951041,0.9411764705882353,0.9411764705882353,0.9411764705882353,0.9411764705882353,80.0,0.0,0.0,0.10536051565782643,20.0,0.0,0.0,0.02702867238791873,0.0,/media/mengh/SharedData/zhanh/auto_structbeat/caches/pilot/mscnn_final_last_gtzan/gtzan__gtzan_blues_00079__track.npy.npz
mscnn_gtzan,dbn_matched_30_300,gtzan/gtzan_blues_00080/track.npy,gtzan,1.0,0.9603725780732848,0.9603725780732848,0.9603725780732848,1.0,1.0,1.0,1.0,1.0,0.9787823703370516,0.9787823703370516,0.9787823703370516,1.0,1.0,1.0,1.0,58.0,0.0,0.0,0.048655795148997205,14.0,0.0,0.0,0.014189708344721323,0.0,/media/mengh/SharedData/zhanh/auto_structbeat/caches/pilot/mscnn_final_last_gtzan/gtzan__gtzan_blues_00080__track.npy.npz
mscnn_gtzan,dbn_matched_30_300,gtzan/gtzan_blues_00081/track.npy,gtzan,0.3106796116504854,0.24839746169298194,0.24839746169298194,0.24839746169298194,0.0,0.0,0.0,0.0,0.3076923076923077,0.2327759869768486,0.24605204921012908,0.23941401809348883,0.0,0.0,0.0,0.0,22.0,0.0,0.0,0.09324359824778328,5.0,0.0,0.0,0.09755019428016888,0.0,/media/mengh/SharedData/zhanh/auto_structbeat/caches/pilot/mscnn_final_last_gtzan/gtzan__gtzan_blues_00081__track.npy.npz
mscnn_gtzan,dbn_matched_30_300,gtzan/gtzan_blues_00082/track.npy,gtzan,0.9811320754716981,0.9087660386058011,0.9087660386058011,0.9087660386058011,0.9811320754716981,0.9811320754716981,0.9811320754716981,0.9811320754716981,0.9285714285714286,0.8535566718214405,0.8535566718214405,0.8535566718214405,1.0,1.0,1.0,1.0,63.0,0.0,0.0,0.08338160893905022,16.0,0.0,0.0,0.024942353400838436,0.0,/media/mengh/SharedData/zhanh/auto_structbeat/caches/pilot/mscnn_final_last_gtzan/gtzan__gtzan_blues_00082__track.npy.npz
mscnn_gtzan,dbn_matched_30_300,gtzan/gtzan_blues_00083/track.npy,gtzan,1.0,0.9649895502377103,0.9649895502377103,0.9649895502377103,1.0,1.0,1.0,1.0,1.0,0.9646575387533323,0.9646575387533323,0.9646575387533323,1.0,1.0,1.0,1.0,66.0,0.0,0.0,0.044451762570840825,16.0,0.0,0.0,0.022223136784710773,0.0,/media/mengh/SharedData/zhanh/auto_structbeat/caches/pilot/mscnn_final_last_gtzan/gtzan__gtzan_blues_00083__track.npy.npz
mscnn_gtzan,dbn_matched_30_300,gtzan/gtzan_blues_00084/track.npy,gtzan,1.0,0.9085934966822853,0.9085934966822853,0.9085934966822853,1.0,1.0,1.0,1.0,1.0,0.9109775893184056,0.9109775893184056,0.9109775893184056,1.0,1.0,1.0,1.0,56.0,0.0,0.0,0.07410797215371821,14.0,0.0,0.0,0.022535215366237746,0.0,/media/mengh/SharedData/zhanh/auto_structbeat/caches/pilot/mscnn_final_last_gtzan/gtzan__gtzan_blues_00084__track.npy.npz
mscnn_gtzan,dbn_matched_30_300,gtzan/gtzan_blues_00085/track.npy,gtzan,1.0,0.8699714083309076,0.8699714083309076,0.8699714083309076,1.0,1.0,1.0,1.0,1.0,0.8804972012445125,0.8804972012445125,0.8804972012445125,1.0,1.0,1.0,1.0,72.0,0.0,0.0,0.09531017980433143,18.0,0.0,0.0,0.023810648693718073,0.0,/media/mengh/SharedData/zhanh/auto_structbeat/caches/pilot/mscnn_final_last_gtzan/gtzan__gtzan_blues_00085__track.npy.npz
mscnn_gtzan,dbn_matched_30_300,gtzan/gtzan_blues_00086/track.npy,gtzan,0.9902912621359222,0.9302636149331043,0.9302636149331043,0.9302636149331043,0.9807692307692307,0.9807692307692307,0.9807692307692307,0.9807692307692307,1.0,0.9285970402980678,0.9285970402980678,0.9285970402980678,1.0,1.0,1.0,1.0,62.0,0.0,0.0,0.08004270767353476,16.0,0.0,0.0,0.040821994520255166,0.0,/media/mengh/SharedData/zhanh/auto_structbeat/caches/pilot/mscnn_final_last_gtzan/gtzan__gtzan_blues_00086__track.npy.npz
mscnn_gtzan,dbn_matched_30_300,gtzan/gtzan_blues_00087/track.npy,gtzan,1.0,0.9187801644726722,0.9187801644726722,0.9187801644726722,1.0,1.0,1.0,1.0,1.0,0.9028566291544268,0.9028566291544268,0.9028566291544268,1.0,1.0,1.0,1.0,88.0,0.0,0.0,0.11778303565638115,22.0,0.0,0.0,0.03010179953923978,0.0,/media/mengh/SharedData/zhanh/auto_structbeat/caches/pilot/mscnn_final_last_gtzan/gtzan__gtzan_blues_00087__track.npy.npz
mscnn_gtzan,dbn_matched_30_300,gtzan/gtzan_blues_00088/track.npy,gtzan,0.0,0.0014630142438079492,0.8221488119670567,0.4118059131054323,0.0,0.0,0.9859154929577465,0.9859154929577465,0.0,3.1810435214523154e-05,3.8873754622076495e-05,3.5342094918299825e-05,1.0,1.0,1.0,1.0,85.0,0.0,0.0,0.11778303565638115,21.0,0.0,0.0,0.028573372444055573,0.0,/media/mengh/SharedData/zhanh/auto_structbeat/caches/pilot/mscnn_final_last_gtzan/gtzan__gtzan_blues_00088__track.npy.npz
mscnn_gtzan,dbn_matched_30_300,gtzan/gtzan_blues_00089/track.npy,gtzan,1.0,0.8442796970357155,0.8442796970357155,0.8442796970357155,1.0,1.0,1.0,1.0,0.0,4.755407025362237e-41,1.15554420900918e-31,5.777721047423604e-32,0.0,0.0,0.0,0.0,54.0,0.0,0.0,0.07410797215371856,13.0,0.0,0.0,0.07619670293576009,0.0,/media/mengh/SharedData/zhanh/auto_structbeat/caches/pilot/mscnn_final_last_gtzan/gtzan__gtzan_blues_00089__track.npy.npz
mscnn_gtzan,dbn_matched_30_300,gtzan/gtzan_blues_00090/track.npy,gtzan,1.0,0.9027030544585192,0.9027030544585192,0.9027030544585192,1.0,1.0,1.0,1.0,1.0,0.8755240450815587,0.8755240450815587,0.8755240450815587,1.0,1.0,1.0,1.0,71.0,0.0,0.0,0.09531017980432288,18.0,0.0,0.0,0.023810648693718434,0.0,/media/mengh/SharedData/zhanh/auto_structbeat/caches/pilot/mscnn_final_last_gtzan/gtzan__gtzan_blues_00090__track.npy.npz
mscnn_gtzan,dbn_matched_30_300,gtzan/gtzan_blues_00091/track.npy,gtzan,1.0,0.9246130094714403,0.9246130094714403,0.9246130094714403,1.0,1.0,1.0,1.0,0.0,1.9037333906334275e-116,0.8490886485466875,0.42454432427334376,0.0,0.0,0.9230769230769231,0.9230769230769231,63.0,0.0,0.0,0.08338160893904922,16.0,0.0,0.0,0.02083408690283961,0.0,/media/mengh/SharedData/zhanh/auto_structbeat/caches/pilot/mscnn_final_last_gtzan/gtzan__gtzan_blues_00091__track.npy.npz
mscnn_gtzan,dbn_matched_30_300,gtzan/gtzan_blues_00092/track.npy,gtzan,0.40963855421686746,0.3567497191105743,0.4413348639766904,0.39904229154363235,0.0,0.0,0.0,0.0,0.42857142857142855,0.3697261155383848,0.4421059728220047,0.4059160441801948,0.0,0.0,0.0,0.0,40.0,0.0,0.0,0.0782737164002855,13.0,0.0,0.0,0.05791327750566405,0.0,/media/mengh/SharedData/zhanh/auto_structbeat/caches/pilot/mscnn_final_last_gtzan/gtzan__gtzan_blues_00092__track.npy.npz
mscnn_gtzan,dbn_matched_30_300,gtzan/gtzan_blues_00093/track.npy,gtzan,0.33333333333333337,0.2415132083576276,0.28952222322661064,0.26551771579211914,0.0,0.0,0.3157894736842105,0.3157894736842105,0.42857142857142855,0.35389317108116913,0.35389317108116913,0.35389317108116913,0.0,0.0,0.4,0.4,20.0,0.0,0.0,0.2351400644548593,5.0,0.0,0.0,0.2605854516022351,0.0,/media/mengh/SharedData/zhanh/auto_structbeat/caches/pilot/mscnn_final_last_gtzan/gtzan__gtzan_blues_00093__track.npy.npz
mscnn_gtzan,dbn_matched_30_300,gtzan/gtzan_blues_00094/track.npy,gtzan,0.9767441860465116,0.8480717017803413,0.8480717017803413,0.8480717017803413,1.0,1.0,1.0,1.0,0.9090909090909091,0.809802959064599,0.809802959064599,0.809802959064599,1.0,1.0,1.0,1.0,52.0,0.0,0.0,0.05247134988934285,13.0,0.0,0.0,0.021313867682231757,0.0,/media/mengh/SharedData/zhanh/auto_structbeat/caches/pilot/mscnn_final_last_gtzan/gtzan__gtzan_blues_00094__track.npy.npz
mscnn_gtzan,dbn_matched_30_300,gtzan/gtzan_blues_00095/track.npy,gtzan,0.4173913043478261,0.3102553200625832,0.3950727021499263,0.3526640111062548,0.2413793103448276,0.46551724137931033,0.25862068965517243,0.46551724137931033,0.21428571428571427,0.18398017783794973,0.18398017783794973,0.18398017783794973,0.42857142857142855,0.7142857142857143,0.42857142857142855,0.7142857142857143,69.0,0.0,0.0,0.09531017980432575,17.0,0.0,0.0,0.06789051131700974,0.0,/media/mengh/SharedData/zhanh/auto_structbeat/caches/pilot/mscnn_final_last_gtzan/gtzan__gtzan_blues_00095__track.npy.npz
mscnn_gtzan,dbn_matched_30_300,gtzan/gtzan_blues_00096/track.npy,gtzan,0.6486486486486486,0.4901479810695635,0.7386318810822752,0.6143899310759193,0.0,0.0,1.0,1.0,0.7000000000000001,0.5574726996176784,0.6835243068427539,0.6204985032302162,0.0,0.0,1.0,1.0,58.0,0.0,0.0,0.08004270767353758,15.0,0.0,0.0,0.040598961201493956,0.0,/media/mengh/SharedData/zhanh/auto_structbeat/caches/pilot/mscnn_final_last_gtzan/gtzan__gtzan_blues_00096__track.npy.npz
mscnn_gtzan,dbn_matched_30_300,gtzan/gtzan_blues_00097/track.npy,gtzan,0.6064516129032258,0.5030848030099287,0.6366322318716081,0.5698585174407684,0.0,0.0,0.5892857142857143,0.5892857142857143,0.0,0.0031638945971199798,0.051171065285393814,0.027167479941256897,0.0,0.0,0.5714285714285714,0.5714285714285714,66.0,0.0,0.0,0.11778303565638115,17.0,0.0,0.0,0.1389942081174809,0.0,/media/mengh/SharedData/zhanh/auto_structbeat/caches/pilot/mscnn_final_last_gtzan/gtzan__gtzan_blues_00097__track.npy.npz
mscnn_gtzan,dbn_matched_30_300,gtzan/gtzan_blues_00098/track.npy,gtzan,1.0,0.9718085947898445,0.9718085947898445,0.9718085947898445,1.0,1.0,1.0,1.0,1.0,0.977692761851756,0.977692761851756,0.977692761851756,1.0,1.0,1.0,1.0,63.0,0.0,0.0,0.04255961441879885,16.0,0.0,0.0,0.024796760388695435,0.0,/media/mengh/SharedData/zhanh/auto_structbeat/caches/pilot/mscnn_final_last_gtzan/gtzan__gtzan_blues_00098__track.npy.npz
mscnn_gtzan,dbn_matched_30_300,gtzan/gtzan_blues_00099/track.npy,gtzan,1.0,0.8759123720010328,0.8759123720010328,0.8759123720010328,1.0,1.0,1.0,1.0,1.0,0.8608265869897659,0.8608265869897659,0.8608265869897659,1.0,1.0,1.0,1.0,46.0,0.0,0.0,0.0625203569813354,15.0,0.0,0.0,0.028829249949806637,0.0,/media/mengh/SharedData/zhanh/auto_structbeat/caches/pilot/mscnn_final_last_gtzan/gtzan__gtzan_blues_00099__track.npy.npz
mscnn_gtzan,dbn_matched_30_300,gtzan/gtzan_classical_00000/track.npy,gtzan,0.6071428571428571,0.5318622022660475,0.7420233876504305,0.636942794958239,0.0,0.0,0.6842105263157895,0.6842105263157895,0.0,4.642858810401878e-54,0.15384615384615385,0.07692307692307693,0.0,0.0,0.6,0.6,20.0,0.0,0.0,0.086235464803525,5.0,0.0,0.0,0.2703870400853967,0.0,/media/mengh/SharedData/zhanh/auto_structbeat/caches/pilot/mscnn_final_last_gtzan/gtzan__gtzan_classical_00000__track.npy.npz
mscnn_gtzan,dbn_matched_30_300,gtzan/gtzan_classical_00001/track.npy,gtzan,0.2857142857142857,0.21089405575938355,0.21089405575938355,0.21089405575938355,0.0,0.0,0.0,0.0,0.36363636363636365,0.22268499292421387,0.2894250694362976,0.25605503118025574,0.0,0.0,0.0,0.0,19.0,0.0,0.0,0.09536212970035697,7.0,0.0,0.0,0.08281229392992473,0.0,/media/mengh/SharedData/zhanh/auto_structbeat/caches/pilot/mscnn_final_last_gtzan/gtzan__gtzan_classical_00001__track.npy.npz
mscnn_gtzan,dbn_matched_30_300,gtzan/gtzan_classical_00002/track.npy,gtzan,0.3333333333333333,0.2439019093864867,0.39835092720344184,0.32112641829496424,0.0,0.0,0.0,0.0,0.37037037037037035,0.2737407852996926,0.2737407852996926,0.2737407852996926,0.0,0.0,0.0,0.0,22.0,0.0,0.0,0.1911191400361698,7.0,0.0,0.0,0.20003282188297689,0.0,/media/mengh/SharedData/zhanh/auto_structbeat/caches/pilot/mscnn_final_last_gtzan/gtzan__gtzan_classical_00002__track.npy.npz
mscnn_gtzan,dbn_matched_30_300,gtzan/gtzan_classical_00003/track.npy,gtzan,0.7777777777777778,0.5902301177781948,0.5902301177781948,0.5902301177781948,1.0,1.0,1.0,1.0,0.8571428571428571,0.7027179559665341,0.7027179559665341,0.7027179559665341,1.0,1.0,1.0,1.0,32.0,0.0,0.0,0.08338160893905026,8.0,0.0,0.0,0.08005991991573219,0.0,/media/mengh/SharedData/zhanh/auto_structbeat/caches/pilot/mscnn_final_last_gtzan/gtzan__gtzan_classical_00003__track.npy.npz
mscnn_gtzan,dbn_matched_30_300,gtzan/gtzan_classical_00004/track.npy,gtzan,0.6470588235294118,0.5116649081303462,0.7674973621954992,0.6395811351629227,0.0,0.0,1.0,1.0,0.6153846153846153,0.459076192306249,0.6631100555534708,0.5610931239298599,0.0,0.0,1.0,1.0,41.0,0.0,0.0,0.08455033997905154,11.0,0.0,0.0,0.020284893469281907,0.0,/media/mengh/SharedData/zhanh/auto_structbeat/caches/pilot/mscnn_final_last_gtzan/gtzan__gtzan_classical_00004__track.npy.npz
mscnn_gtzan,dbn_matched_30_300,gtzan/gtzan_classical_00005/track.npy,gtzan,0.8547008547008546,0.6762871793941277,0.6762871793941277,0.6762871793941277,0.4915254237288136,0.864406779661017,0.4915254237288136,0.864406779661017,0.717948717948718,0.5299494815936944,0.5299494815936944,0.5299494815936944,0.8,0.8,0.8,0.8,70.0,0.0,0.0,0.09531017980432996,24.0,0.0,0.0,0.06015805544499088,0.0,/media/mengh/SharedData/zhanh/auto_structbeat/caches/pilot/mscnn_final_last_gtzan/gtzan__gtzan_classical_00005__track.npy.npz
mscnn_gtzan,dbn_matched_30_300,gtzan/gtzan_classical_00006/track.npy,gtzan,0.3928571428571429,0.29368080002307334,0.35111430079185024,0.32239755040746176,0.0,0.0,0.35,0.35,0.13333333333333333,0.034178686855344635,0.05126803028301695,0.04272335856918079,0.0,0.0,0.6,0.6,18.0,0.0,0.0,0.1963276541005473,6.0,0.0,0.0,0.354103428454419,0.0,/media/mengh/SharedData/zhanh/auto_structbeat/caches/pilot/mscnn_final_last_gtzan/gtzan__gtzan_classical_00006__track.npy.npz
mscnn_gtzan,dbn_matched_30_300,gtzan/gtzan_classical_00007/track.npy,gtzan,0.4776119402985074,0.3102195659528102,0.47237979360996096,0.3912996797813856,0.0,0.0,1.0,1.0,0.39999999999999997,0.24250962441935464,0.24250962441935464,0.24250962441935464,0.0,0.0,0.0,0.0,26.0,0.0,0.0,0.0741079721537231,9.0,0.0,0.0,0.06643013162188638,0.0,/media/mengh/SharedData/zhanh/auto_structbeat/caches/pilot/mscnn_final_last_gtzan/gtzan__gtzan_classical_00007__track.npy.npz
mscnn_gtzan,dbn_matched_30_300,gtzan/gtzan_classical_00008/track.npy,gtzan,0.9203539823008849,0.6855986518610033,0.6855986518610033,0.6855986518610033,0.5263157894736842,0.9298245614035088,0.5263157894736842,0.9298245614035088,0.9285714285714286,0.6707773970081059,0.6707773970081059,0.6707773970081059,1.0,1.0,1.0,1.0,69.0,0.0,0.0,0.09531017980432288,17.0,0.0,0.0,0.06716642284250782,0.0,/media/mengh/SharedData/zhanh/auto_structbeat/caches/pilot/mscnn_final_last_gtzan/gtzan__gtzan_classical_00008__track.npy.npz
mscnn_gtzan,dbn_matched_30_300,gtzan/gtzan_classical_00009/track.npy,gtzan,0.20833333333333331,0.12116345348555786,0.12116345348555786,0.12116345348555786,0.28,0.56,0.28,0.56,0.0,0.022405768577107816,0.10833735077820573,0.06537155967765677,0.0,0.0,0.0,0.0,28.0,0.0,0.0,0.0918075492531237,9.0,0.0,0.0,0.0986977890237955,0.0,/media/mengh/SharedData/zhanh/auto_structbeat/caches/pilot/mscnn_final_last_gtzan/gtzan__gtzan_classical_00009__track.npy.npz
mscnn_gtzan,dbn_matched_30_300,gtzan/gtzan_classical_00010/track.npy,gtzan,0.29885057471264365,0.18957609453292446,0.3104410104491057,0.25000855249101506,0.3181818181818182,0.3181818181818182,0.627906976744186,0.627906976744186,0.0,6.925513839142776e-111,0.20129482635746423,0.10064741317873212,0.0,0.0,0.9090909090909091,0.9090909090909091,51.0,0.0,0.0,0.06807227269163513,13.0,0.0,0.0,0.04631560405863394,0.0,/media/mengh/SharedData/zhanh/auto_structbeat/caches/pilot/mscnn_final_last_gtzan/gtzan__gtzan_classical_00010__track.npy.npz
mscnn_gtzan,dbn_matched_30_300,gtzan/gtzan_classical_00011/track.npy,gtzan,0.96875,0.7262304466098628,0.7262304466098628,0.7262304466098628,1.0,1.0,1.0,1.0,0.3157894736842105,0.23470841138747223,0.3240448330389659,0.2793766222132191,0.0,0.0,0.0,0.0,37.0,0.0,0.0,0.07410797215372446,13.0,0.0,0.0,0.05605864906035318,0.0,/media/mengh/SharedData/zhanh/auto_structbeat/caches/pilot/mscnn_final_last_gtzan/gtzan__gtzan_classical_00011__track.npy.npz
mscnn_gtzan,dbn_matched_30_300,gtzan/gtzan_classical_00012/track.npy,gtzan,0.6133333333333333,0.462580863721269,0.462580863721269,0.462580863721269,0.3684210526315789,0.6842105263157895,0.3684210526315789,0.6842105263157895,0.1904761904761905,0.11164583295814126,0.1854271128648887,0.14853647291151498,0.0,0.0,0.0,0.0,44.0,0.0,0.0,0.12085409590956768,15.0,0.0,0.0,0.07620027368802237,0.0,/media/mengh/SharedData/zhanh/auto_structbeat/caches/pilot/mscnn_final_last_gtzan/gtzan__gtzan_classical_00012__track.npy.npz
mscnn_gtzan,dbn_matched_30_300,gtzan/gtzan_classical_00013/track.npy,gtzan,0.7735849056603773,0.6753707848681136,0.6753707848681136,0.6753707848681136,0.4074074074074074,0.7777777777777778,0.4074074074074074,0.7777777777777778,0.2580645161290323,0.2533670260884055,0.3570171731245714,0.3051920996064884,0.0,0.0,0.17647058823529413,0.17647058823529413,65.0,0.0,0.0,0.09097177820572827,16.0,0.0,0.0,0.14435234975990552,0.0,/media/mengh/SharedData/zhanh/auto_structbeat/caches/pilot/mscnn_final_last_gtzan/gtzan__gtzan_classical_00013__track.npy.npz
mscnn_gtzan,dbn_matched_30_300,gtzan/gtzan_classical_00014/track.npy,gtzan,0.9180327868852459,0.5294124496848067,0.5294124496848067,0.5294124496848067,0.36065573770491804,0.9344262295081968,0.36065573770491804,0.9344262295081968,0.8666666666666667,0.5382905926523074,0.5382905926523074,0.5382905926523074,1.0,1.0,1.0,1.0,74.0,0.0,0.0,0.1000834585569814,18.0,0.0,0.0,0.049488071539731504,0.0,/media/mengh/SharedData/zhanh/auto_structbeat/caches/pilot/mscnn_final_last_gtzan/gtzan__gtzan_classical_00014__track.npy.npz
mscnn_gtzan,dbn_matched_30_300,gtzan/gtzan_classical_00015/track.npy,gtzan,0.6268656716417911,0.444605746972803,0.444605746972803,0.444605746972803,0.38235294117647056,0.8529411764705882,0.38235294117647056,0.8529411764705882,0.3333333333333333,0.24374521012408934,0.24374521012408934,0.24374521012408934,0.5555555555555556,0.5555555555555556,0.5555555555555556,0.5555555555555556,40.0,0.0,0.0,0.17847283324843743,10.0,0.0,0.0,0.13507430510537238,0.0,/media/mengh/SharedData/zhanh/auto_structbeat/caches/pilot/mscnn_final_last_gtzan/gtzan__gtzan_classical_00015__track.npy.npz
mscnn_gtzan,dbn_matched_30_300,gtzan/gtzan_classical_00016/track.npy,gtzan,0.43636363636363634,0.3118625077500803,0.3118625077500803,0.3118625077500803,0.0,0.0,0.0,0.0,0.0,6.280828603222468e-44,1.9329235931240965e-14,9.664617965620483e-15,0.0,0.0,0.0,0.0,16.0,0.0,0.0,0.03352269203864423,5.0,0.0,0.0,0.025403596112020765,0.0,/media/mengh/SharedData/zhanh/auto_structbeat/caches/pilot/mscnn_final_last_gtzan/gtzan__gtzan_classical_00016__track.npy.npz
mscnn_gtzan,dbn_matched_30_300,gtzan/gtzan_classical_00017/track.npy,gtzan,0.7862068965517242,0.594731465639041,0.594731465639041,0.594731465639041,0.410958904109589,0.726027397260274,0.410958904109589,0.726027397260274,0.7777777777777778,0.5801759255284709,0.5801759255284709,0.5801759255284709,1.0,1.0,1.0,1.0,86.0,0.0,0.0,0.11778303565638604,22.0,0.0,0.0,0.042590242291116874,0.0,/media/mengh/SharedData/zhanh/auto_structbeat/caches/pilot/mscnn_final_last_gtzan/gtzan__gtzan_classical_00017__track.npy.npz
mscnn_gtzan,dbn_matched_30_300,gtzan/gtzan_classical_00018/track.npy,gtzan,0.36363636363636365,0.3018451331764573,0.3018451331764573,0.3018451331764573,0.3939393939393939,0.6363636363636364,0.3939393939393939,0.6363636363636364,0.5,0.39764646032703377,0.39764646032703377,0.39764646032703377,1.0,1.0,1.0,1.0,39.0,0.0,0.0,0.10536051565782625,10.0,0.0,0.0,0.0617331938486328,0.0,/media/mengh/SharedData/zhanh/auto_structbeat/caches/pilot/mscnn_final_last_gtzan/gtzan__gtzan_classical_00018__track.npy.npz
mscnn_gtzan,dbn_matched_30_300,gtzan/gtzan_classical_00019/track.npy,gtzan,0.37037037037037035,0.18562966607664813,0.18562966607664813,0.18562966607664813,0.0,0.0,0.0,0.0,0.0,7.897799015141543e-44,0.001585089071183403,0.0007925445355917015,0.0,0.0,0.0,0.0,17.0,0.0,0.0,0.06416334376175171,5.0,0.0,0.0,0.08165374527340456,0.0,/media/mengh/SharedData/zhanh/auto_structbeat/caches/pilot/mscnn_final_last_gtzan/gtzan__gtzan_classical_00019__track.npy.npz
mscnn_gtzan,dbn_matched_30_300,gtzan/gtzan_classical_00020/track.npy,gtzan,0.864406779661017,0.6180971331860302,0.6180971331860302,0.6180971331860302,0.6949152542372882,0.864406779661017,0.6949152542372882,0.864406779661017,0.9,0.621140705724144,0.621140705724144,0.621140705724144,1.0,1.0,1.0,1.0,70.0,0.0,0.0,0.09531017980433143,23.0,0.0,0.0,0.031748698314582435,0.0,/media/mengh/SharedData/zhanh/auto_structbeat/caches/pilot/mscnn_final_last_gtzan/gtzan__gtzan_classical_00020__track.npy.npz
mscnn_gtzan,dbn_matched_30_300,gtzan/gtzan_classical_00021/track.npy,gtzan,0.5476190476190476,0.41624947020780906,0.618107725085937,0.517178597646873,0.0,0.0,0.5357142857142857,0.8571428571428571,0.5238095238095237,0.3771871088970123,0.5657806633455185,0.47148388612126535,0.0,0.0,1.0,1.0,68.0,0.0,0.0,0.09097177820572866,17.0,0.0,0.0,0.033377010624535075,0.0,/media/mengh/SharedData/zhanh/auto_structbeat/caches/pilot/mscnn_final_last_gtzan/gtzan__gtzan_classical_00021__track.npy.npz
mscnn_gtzan,dbn_matched_30_300,gtzan/gtzan_classical_00022/track.npy,gtzan,0.2857142857142857,0.24239079384499007,0.24239079384499007,0.24239079384499007,0.0,0.0,0.047619047619047616,0.047619047619047616,0.28571428571428575,0.21566845771114757,0.21566845771114757,0.21566845771114757,0.0,0.0,0.0,0.0,18.0,0.0,0.0,0.10990972247270372,5.0,0.0,0.0,0.10357354750556597,0.0,/media/mengh/SharedData/zhanh/auto_structbeat/caches/pilot/mscnn_final_last_gtzan/gtzan__gtzan_classical_00022__track.npy.npz
mscnn_gtzan,dbn_matched_30_300,gtzan/gtzan_classical_00023/track.npy,gtzan,0.39473684210526316,0.3021760048779272,0.3021760048779272,0.3021760048779272,0.3333333333333333,0.4358974358974359,0.3333333333333333,0.4358974358974359,0.38461538461538464,0.33913142589425693,0.33913142589425693,0.33913142589425693,0.6923076923076923,0.6923076923076923,0.6923076923076923,0.6923076923076923,44.0,0.0,0.0,0.1560333225130376,15.0,0.0,0.0,0.10044245533531872,0.0,/media/mengh/SharedData/zhanh/auto_structbeat/caches/pilot/mscnn_final_last_gtzan/gtzan__gtzan_classical_00023__track.npy.npz
mscnn_gtzan,dbn_matched_30_300,gtzan/gtzan_classical_00024/track.npy,gtzan,0.7874015748031497,0.6044944315798172,0.6044944315798172,0.6044944315798172,0.421875,0.78125,0.421875,0.78125,0.7441860465116279,0.5772254837167505,0.5772254837167505,0.5772254837167505,0.9545454545454546,0.9545454545454546,0.9545454545454546,0.9545454545454546,76.0,0.0,0.0,0.10536051565782567,26.0,0.0,0.0,0.0488629982011074,0.0,/media/mengh/SharedData/zhanh/auto_structbeat/caches/pilot/mscnn_final_last_gtzan/gtzan__gtzan_classical_00024__track.npy.npz
mscnn_gtzan,dbn_matched_30_300,gtzan/gtzan_classical_00025/track.npy,gtzan,0.9090909090909091,0.6732091573098481,0.6732091573098481,0.6732091573098481,1.0,1.0,1.0,1.0,0.9285714285714286,0.7049554141901314,0.7049554141901314,0.7049554141901314,1.0,1.0,1.0,1.0,66.0,0.0,0.0,0.08701137698962791,17.0,0.0,0.0,0.03390155167568095,0.0,/media/mengh/SharedData/zhanh/auto_structbeat/caches/pilot/mscnn_final_last_gtzan/gtzan__gtzan_classical_00025__track.npy.npz
mscnn_gtzan,dbn_matched_30_300,gtzan/gtzan_classical_00026/track.npy,gtzan,0.3037974683544304,0.2080059643884282,0.33682622531748435,0.27241609485295626,0.0,0.0,0.0,0.0,0.0,2.0173454664603494e-55,0.15249748335044377,0.07624874167522189,0.0,0.0,0.0,0.0,19.0,0.0,0.0,0.11687845622532993,5.0,0.0,0.0,0.05465828361940661,0.0,/media/mengh/SharedData/zhanh/auto_structbeat/caches/pilot/mscnn_final_last_gtzan/gtzan__gtzan_classical_00026__track.npy.npz
mscnn_gtzan,dbn_matched_30_300,gtzan/gtzan_classical_00027/track.npy,gtzan,0.0,2.2443482889685764e-15,0.35165611412792,0.17582805706396112,0.0,0.0,0.0,0.0,0.0,9.436659194915243e-16,1.4154988792372865e-15,1.1795823993644054e-15,0.0,0.0,1.0,1.0,18.0,0.0,0.0,0.1016396318003969,4.0,0.0,0.0,0.029364019554147035,0.0,/media/mengh/SharedData/zhanh/auto_structbeat/caches/pilot/mscnn_final_last_gtzan/gtzan__gtzan_classical_00027__track.npy.npz
mscnn_gtzan,dbn_matched_30_300,gtzan/gtzan_classical_00028/track.npy,gtzan,0.6666666666666666,0.44204651807731077,0.45004419219096725,0.446045355134139,0.3,0.3,0.3,0.3582089552238806,0.6428571428571428,0.44255607825458293,0.4856091772746333,0.4640826277646081,0.29411764705882354,0.29411764705882354,0.47619047619047616,0.47619047619047616,63.0,0.0,0.0,0.10536051565782856,21.0,0.0,0.0,0.2427150691314702,0.0,/media/mengh/SharedData/zhanh/auto_structbeat/caches/pilot/mscnn_final_last_gtzan/gtzan__gtzan_classical_00028__track.npy.npz
mscnn_gtzan,dbn_matched_30_300,gtzan/gtzan_classical_00029/track.npy,gtzan,0.7037037037037037,0.566073515367164,0.566073515367164,0.566073515367164,0.5172413793103449,0.5172413793103449,0.5172413793103449,0.5172413793103449,0.0,0.029563267561097163,0.15287567006378527,0.09121946881244122,0.0,0.0,0.0,0.0,29.0,0.0,0.0,0.10495563605751046,7.0,0.0,0.0,0.22412210906905686,0.0,/media/mengh/SharedData/zhanh/auto_structbeat/caches/pilot/mscnn_final_last_gtzan/gtzan__gtzan_classical_00029__track.npy.npz
mscnn_gtzan,dbn_matched_30_300,gtzan/gtzan_classical_00030/track.npy,gtzan,0.5567010309278351,0.4322576375512232,0.4322576375512232,0.4322576375512232,0.38,0.58,0.38,0.58,0.4166666666666667,0.3388021444101322,0.3388021444101322,0.3388021444101322,0.5,0.5,0.5,0.5,57.0,0.0,0.0,0.0980634217796939,15.0,0.0,0.0,0.17581086804268112,0.0,/media/mengh/SharedData/zhanh/auto_structbeat/caches/pilot/mscnn_final_last_gtzan/gtzan__gtzan_classical_00030__track.npy.npz
mscnn_gtzan,dbn_matched_30_300,gtzan/gtzan_classical_00031/track.npy,gtzan,0.7010309278350515,0.5497659015894332,0.5497659015894332,0.5497659015894332,0.6470588235294118,0.6470588235294118,0.6470588235294118,0.6470588235294118,0.3448275862068966,0.21580183880895812,0.2886456824656805,0.2522237606373193,0.058823529411764705,0.058823529411764705,0.21739130434782608,0.21739130434782608,65.0,0.0,0.0,0.11311838028732617,22.0,0.0,0.0,0.11848676701405805,0.0,/media/mengh/SharedData/zhanh/auto_structbeat/caches/pilot/mscnn_final_last_gtzan/gtzan__gtzan_classical_00031__track.npy.npz
mscnn_gtzan,dbn_matched_30_300,gtzan/gtzan_classical_00032/track.npy,gtzan,0.17391304347826086,0.1087523328684462,0.11806550789287022,0.11340892038065821,0.20833333333333334,0.25,0.20833333333333334,0.25,0.13333333333333333,0.04492706361254869,0.061264140417784024,0.05309560201516636,0.375,0.375,0.375,0.375,26.0,0.0,0.0,0.11679942557446016,9.0,0.0,0.0,0.06972985256712066,0.0,/media/mengh/SharedData/zhanh/auto_structbeat/caches/pilot/mscnn_final_last_gtzan/gtzan__gtzan_classical_00032__track.npy.npz
mscnn_gtzan,dbn_matched_30_300,gtzan/gtzan_classical_00033/track.npy,gtzan,0.13793103448275862,0.1114449388377024,0.13821551124627734,0.12483022504198987,0.0,0.0,0.0,0.0,0.13333333333333333,0.12746633091107956,0.19119949636661931,0.15933291363884944,0.0,0.0,0.0,0.0,17.0,0.0,0.0,0.13283734232755917,5.0,0.0,0.0,0.11363292861278726,0.0,/media/mengh/SharedData/zhanh/auto_structbeat/caches/pilot/mscnn_final_last_gtzan/gtzan__gtzan_classical_00033__track.npy.npz
mscnn_gtzan,dbn_matched_30_300,gtzan/gtzan_classical_00034/track.npy,gtzan,0.08333333333333333,0.03177546148753461,0.08132072935451387,0.056548095421024236,0.0,0.0,0.19230769230769232,0.19230769230769232,0.0,4.9655589732004183e-11,6.319802329527804e-11,5.6426806513641114e-11,0.0,0.0,0.14285714285714285,0.14285714285714285,23.0,0.0,0.0,0.19290366612449447,8.0,0.0,0.0,0.2286985381970028,0.0,/media/mengh/SharedData/zhanh/auto_structbeat/caches/pilot/mscnn_final_last_gtzan/gtzan__gtzan_classical_00034__track.npy.npz
mscnn_gtzan,dbn_matched_30_300,gtzan/gtzan_classical_00035/track.npy,gtzan,0.7478260869565218,0.6348915261295618,0.6348915261295618,0.6348915261295618,0.47619047619047616,0.5396825396825397,0.47619047619047616,0.5396825396825397,0.7368421052631577,0.5950473195829147,0.5950473195829147,0.5950473195829147,0.5238095238095238,0.5238095238095238,0.5238095238095238,0.5238095238095238,58.0,0.0,0.0,0.10008345855698919,19.0,0.0,0.0,0.30477410658137494,0.0,/media/mengh/SharedData/zhanh/auto_structbeat/caches/pilot/mscnn_final_last_gtzan/gtzan__gtzan_classical_00035__track.npy.npz
mscnn_gtzan,dbn_matched_30_300,gtzan/gtzan_classical_00036/track.npy,gtzan,0.3243243243243243,0.23477599661727752,0.23477599661727752,0.23477599661727752,0.14285714285714285,0.19047619047619047,0.14285714285714285,0.19047619047619047,0.0,2.84907602778528e-138,0.0007012535509239435,0.00035062677546197175,0.0,0.0,0.0,0.0,19.0,0.0,0.0,0.1742995445888212,7.0,0.0,0.0,0.26854101203067365,0.0,/media/mengh/SharedData/zhanh/auto_structbeat/caches/pilot/mscnn_final_last_gtzan/gtzan__gtzan_classical_00036__track.npy.npz
mscnn_gtzan,dbn_matched_30_300,gtzan/gtzan_classical_00037/track.npy,gtzan,0.2777777777777778,0.21706755676473705,0.21706755676473705,0.21706755676473705,0.0,0.0,0.0,0.0,0.0,4.5183354674953805e-08,0.011663206177733684,0.00583162568054418,0.0,0.0,0.0,0.0,21.0,0.0,0.0,0.28767645946289677,5.0,0.0,0.0,0.1546055964772595,0.0,/media/mengh/SharedData/zhanh/auto_structbeat/caches/pilot/mscnn_final_last_gtzan/gtzan__gtzan_classical_00037__track.npy.npz
mscnn_gtzan,dbn_matched_30_300,gtzan/gtzan_classical_00038/track.npy,gtzan,0.1923076923076923,0.1236810118916831,0.162588352035724,0.14313468196370355,0.03225806451612903,0.03225806451612903,0.06666666666666667,0.06666666666666667,0.0,8.906146161318182e-23,0.06136533691072885,0.030682668455364426,0.125,0.125,0.5714285714285714,0.5714285714285714,26.0,0.0,0.0,0.1373781784398524,9.0,0.0,0.0,0.1586127190358162,0.0,/media/mengh/SharedData/zhanh/auto_structbeat/caches/pilot/mscnn_final_last_gtzan/gtzan__gtzan_classical_00038__track.npy.npz
mscnn_gtzan,dbn_matched_30_300,gtzan/gtzan_classical_00039/track.npy,gtzan,0.1568627450980392,0.10776622314367516,0.13992248094811668,0.12384435204589592,0.07142857142857142,0.10714285714285714,0.18518518518518517,0.18518518518518517,0.0,1.8095278484347772e-17,0.024059192720354505,0.012029596360177261,0.0,0.0,0.25,0.25,28.0,0.0,0.0,0.10753428822882735,10.0,0.0,0.0,0.11325844601729473,0.0,/media/mengh/SharedData/zhanh/auto_structbeat/caches/pilot/mscnn_final_last_gtzan/gtzan__gtzan_classical_00039__track.npy.npz
mscnn_gtzan,dbn_matched_30_300,gtzan/gtzan_classical_00040/track.npy,gtzan,0.3157894736842105,0.18812828437768353,0.2518618542310871,0.2199950693043853,0.0,0.0,0.35,0.35,0.0,4.7721409344458215e-06,6.507464910607938e-06,5.63980292252688e-06,0.0,0.0,0.3333333333333333,0.3333333333333333,22.0,0.0,0.0,0.27510525344719705,8.0,0.0,0.0,0.19849186490889487,0.0,/media/mengh/SharedData/zhanh/auto_structbeat/caches/pilot/mscnn_final_last_gtzan/gtzan__gtzan_classical_00040__track.npy.npz
mscnn_gtzan,dbn_matched_30_300,gtzan/gtzan_classical_00041/track.npy,gtzan,0.10256410256410256,0.08575730823777575,0.11763931978614081,0.10169831401195828,0.0,0.0,0.125,0.125,0.22222222222222224,0.2221527886273419,0.33322918294101284,0.2776909857841774,0.0,0.0,0.0,0.0,19.0,0.0,0.0,0.1267020264020014,5.0,0.0,0.0,0.17020301004300584,0.0,/media/mengh/SharedData/zhanh/auto_structbeat/caches/pilot/mscnn_final_last_gtzan/gtzan__gtzan_classical_00041__track.npy.npz
mscnn_gtzan,dbn_matched_30_300,gtzan/gtzan_classical_00042/track.npy,gtzan,0.7901234567901235,0.5813495430608574,0.5813495430608574,0.5813495430608574,0.975609756097561,0.975609756097561,0.975609756097561,0.975609756097561,0.6666666666666666,0.5429020438350465,0.5429020438350465,0.5429020438350465,0.9285714285714286,0.9285714285714286,0.9285714285714286,0.9285714285714286,48.0,0.0,0.0,0.0661531611583956,16.0,0.0,0.0,0.06704485704349365,0.0,/media/mengh/SharedData/zhanh/auto_structbeat/caches/pilot/mscnn_final_last_gtzan/gtzan__gtzan_classical_00042__track.npy.npz
mscnn_gtzan,dbn_matched_30_300,gtzan/gtzan_classical_00043/track.npy,gtzan,0.4,0.32867962355080466,0.4414418973038059,0.3850607604273053,0.0,0.0,0.38461538461538464,0.38461538461538464,0.33333333333333337,0.2452523912537341,0.3675989649092239,0.306425678081479,0.0,0.0,0.42857142857142855,0.42857142857142855,23.0,0.0,0.0,0.2282586519809814,6.0,0.0,0.0,0.3686103877978818,0.0,/media/mengh/SharedData/zhanh/auto_structbeat/caches/pilot/mscnn_final_last_gtzan/gtzan__gtzan_classical_00043__track.npy.npz
mscnn_gtzan,dbn_matched_30_300,gtzan/gtzan_classical_00044/track.npy,gtzan,0.08333333333333333,0.07287247399942344,0.10748017776205927,0.09017632588074136,0.0,0.0,0.17647058823529413,0.17647058823529413,0.2857142857142857,0.2379917885868417,0.3331885040215784,0.28559014630421004,0.0,0.0,0.4,0.4,18.0,0.0,0.0,0.12531200299796574,6.0,0.0,0.0,0.18003349987614972,0.0,/media/mengh/SharedData/zhanh/auto_structbeat/caches/pilot/mscnn_final_last_gtzan/gtzan__gtzan_classical_00044__track.npy.npz
mscnn_gtzan,dbn_matched_30_300,gtzan/gtzan_classical_00045/track.npy,gtzan,0.7246376811594203,0.5510650887624784,0.5809139296017716,0.565989509182125,0.425,0.425,0.425,0.425,0.0,1.1255802168244621e-201,0.6013200326480603,0.30066001632403017,0.0,0.0,0.4444444444444444,0.4444444444444444,33.0,0.0,0.0,0.10486026549103228,8.0,0.0,0.0,0.5080496063380677,0.0,/media/mengh/SharedData/zhanh/auto_structbeat/caches/pilot/mscnn_final_last_gtzan/gtzan__gtzan_classical_00045__track.npy.npz
mscnn_gtzan,dbn_matched_30_300,gtzan/gtzan_classical_00046/track.npy,gtzan,0.3364485981308411,0.27201869070005474,0.34717092511899433,0.30959480790952454,0.16666666666666666,0.3888888888888889,0.18518518518518517,0.3888888888888889,0.14285714285714285,0.1271752681845299,0.1271752681845299,0.1271752681845299,0.7857142857142857,0.7857142857142857,0.7857142857142857,0.7857142857142857,65.0,0.0,0.0,0.09097177820572405,17.0,0.0,0.0,0.04309264251424712,0.0,/media/mengh/SharedData/zhanh/auto_structbeat/caches/pilot/mscnn_final_last_gtzan/gtzan__gtzan_classical_00046__track.npy.npz
mscnn_gtzan,dbn_matched_30_300,gtzan/gtzan_classical_00047/track.npy,gtzan,0.05405405405405406,0.05951780003716551,0.07939468304478209,0.0694562415409738,0.05263157894736842,0.05263157894736842,0.05555555555555555,0.05555555555555555,0.0,0.0022131714530513867,0.0026601044320866065,0.0024366379425689966,0.6666666666666666,0.6666666666666666,0.6666666666666666,0.6666666666666666,22.0,0.0,0.0,0.18577755296297496,8.0,0.0,0.0,0.1481040620489622,0.0,/media/mengh/SharedData/zhanh/auto_structbeat/caches/pilot/mscnn_final_last_gtzan/gtzan__gtzan_classical_00047__track.npy.npz
mscnn_gtzan,dbn_matched_30_300,gtzan/gtzan_classical_00048/track.npy,gtzan,0.11428571428571428,0.0704354846590872,0.210113683064915,0.1402745838620011,0.05555555555555555,0.1111111111111111,0.2571428571428571,0.4,0.0,3.008131352468376e-07,3.9293773336638686e-07,3.468754343066122e-07,0.3333333333333333,0.5555555555555556,0.3333333333333333,0.5555555555555556,41.0,0.0,0.0,0.1218999418677626,10.0,0.0,0.0,0.15822336299879236,0.0,/media/mengh/SharedData/zhanh/auto_structbeat/caches/pilot/mscnn_final_last_gtzan/gtzan__gtzan_classical_00048__track.npy.npz
mscnn_gtzan,dbn_matched_30_300,gtzan/gtzan_classical_00049/track.npy,gtzan,0.17391304347826086,0.1508945532037025,0.16134002395446992,0.1561172885790862,0.0,0.0,0.3125,0.4375,0.16666666666666666,0.15676467722739124,0.23514701584108685,0.19595584653423903,0.0,0.0,1.0,1.0,18.0,0.0,0.0,0.0985851497457084,5.0,0.0,0.0,0.05018853362358124,0.0,/media/mengh/SharedData/zhanh/auto_structbeat/caches/pilot/mscnn_final_last_gtzan/gtzan__gtzan_classical_00049__track.npy.npz
mscnn_gtzan,dbn_matched_30_300,gtzan/gtzan_classical_00050/track.npy,gtzan,0.43902439024390244,0.3369468450698746,0.3369468450698746,0.3369468450698746,0.0,0.0,0.3333333333333333,0.3333333333333333,0.15384615384615385,0.10029748321497846,0.14487414242163554,0.122585812818307,0.0,0.0,0.8,0.8,19.0,0.0,0.0,0.1355329329790259,7.0,0.0,0.0,0.19468249858886041,0.0,/media/mengh/SharedData/zhanh/auto_structbeat/caches/pilot/mscnn_final_last_gtzan/gtzan__gtzan_classical_00050__track.npy.npz
mscnn_gtzan,dbn_matched_30_300,gtzan/gtzan_classical_00051/track.npy,gtzan,0.380952380952381,0.33897157507774095,0.3491134623035289,0.34404251869063496,0.0,0.0,0.08695652173913043,0.08695652173913043,0.23529411764705885,0.22865533289401105,0.22865533289401105,0.22865533289401105,0.18181818181818182,0.18181818181818182,0.18181818181818182,0.18181818181818182,19.0,0.0,0.0,0.1014894142522711,7.0,0.0,0.0,0.22324545438662274,0.0,/media/mengh/SharedData/zhanh/auto_structbeat/caches/pilot/mscnn_final_last_gtzan/gtzan__gtzan_classical_00051__track.npy.npz
mscnn_gtzan,dbn_matched_30_300,gtzan/gtzan_classical_00052/track.npy,gtzan,0.8939393939393939,0.7620650931865487,0.7620650931865487,0.7620650931865487,0.5373134328358209,0.8656716417910447,0.5373134328358209,0.8656716417910447,0.24489795918367344,0.18828375444143033,0.30213537723984857,0.24520956584063947,0.0,0.0,0.35294117647058826,0.35294117647058826,80.0,0.0,0.0,0.11122563511022243,20.0,0.0,0.0,0.13725262691411821,0.0,/media/mengh/SharedData/zhanh/auto_structbeat/caches/pilot/mscnn_final_last_gtzan/gtzan__gtzan_classical_00052__track.npy.npz
mscnn_gtzan,dbn_matched_30_300,gtzan/gtzan_classical_00053/track.npy,gtzan,0.6370370370370371,0.4963498182988196,0.7445246775586726,0.6204372479287461,0.0,0.0,1.0,1.0,0.6222222222222223,0.4900466435597987,0.735069965339698,0.6125583044497483,0.0,0.0,1.0,1.0,55.0,0.0,0.0,0.0689928714869561,19.0,0.0,0.0,0.03468555798788762,0.0,/media/mengh/SharedData/zhanh/auto_structbeat/caches/pilot/mscnn_final_last_gtzan/gtzan__gtzan_classical_00053__track.npy.npz
mscnn_gtzan,dbn_matched_30_300,gtzan/gtzan_classical_00054/track.npy,gtzan,0.7631578947368421,0.5932640865617058,0.5932640865617058,0.5932640865617058,0.6666666666666666,0.7692307692307693,0.6666666666666666,0.7692307692307693,0.7777777777777778,0.5140968202502694,0.5140968202502694,0.5140968202502694,0.7777777777777778,0.7777777777777778,0.7777777777777778,0.7777777777777778,47.0,0.0,0.0,0.08459743117926205,11.0,0.0,0.0,0.046738157793266864,0.0,/media/mengh/SharedData/zhanh/auto_structbeat/caches/pilot/mscnn_final_last_gtzan/gtzan__gtzan_classical_00054__track.npy.npz
mscnn_gtzan,dbn_matched_30_300,gtzan/gtzan_classical_00055/track.npy,gtzan,0.6818181818181818,0.5184042717139185,0.5184042717139185,0.5184042717139185,0.8181818181818182,0.8181818181818182,0.8181818181818182,0.8181818181818182,0.3529411764705882,0.2892756382858467,0.44706235007812667,0.3681689941819867,0.0,0.0,0.8333333333333334,0.8333333333333334,25.0,0.0,0.0,0.26357128464849167,7.0,0.0,0.0,0.3560348171931525,0.0,/media/mengh/SharedData/zhanh/auto_structbeat/caches/pilot/mscnn_final_last_gtzan/gtzan__gtzan_classical_00055__track.npy.npz
mscnn_gtzan,dbn_matched_30_300,gtzan/gtzan_classical_00056/track.npy,gtzan,0.3225806451612903,0.15897285828799593,0.25271457256610735,0.20584371542705165,0.0,0.0,0.2608695652173913,0.2608695652173913,0.22222222222222224,0.10333914700302947,0.10333914700302947,0.10333914700302947,0.0,0.0,0.0,0.0,18.0,0.0,0.0,0.18606437961938835,4.0,0.0,0.0,0.18818811250616166,0.0,/media/mengh/SharedData/zhanh/auto_structbeat/caches/pilot/mscnn_final_last_gtzan/gtzan__gtzan_classical_00056__track.npy.npz
mscnn_gtzan,dbn_matched_30_300,gtzan/gtzan_classical_00057/track.npy,gtzan,0.09999999999999999,0.0775585807614742,0.10444929794144321,0.0910039393514587,0.0,0.0,0.0,0.0,0.0,8.345718570826759e-25,0.22144139341407432,0.11072069670703716,0.0,0.0,0.16666666666666666,0.16666666666666666,19.0,0.0,0.0,0.13451064751496164,7.0,0.0,0.0,0.0981199983251693,0.0,/media/mengh/SharedData/zhanh/auto_structbeat/caches/pilot/mscnn_final_last_gtzan/gtzan__gtzan_classical_00057__track.npy.npz
mscnn_gtzan,dbn_matched_30_300,gtzan/gtzan_classical_00058/track.npy,gtzan,0.5714285714285714,0.40028730141731905,0.6004309521259785,0.5003591267716487,0.0,0.0,1.0,1.0,0.7142857142857143,0.5538933733725123,0.7754507227215173,0.6646720480470147,0.0,0.0,1.0,1.0,17.0,0.0,0.0,0.10063612795245058,6.0,0.0,0.0,0.05679355571022799,0.0,/media/mengh/SharedData/zhanh/auto_structbeat/caches/pilot/mscnn_final_last_gtzan/gtzan__gtzan_classical_00058__track.npy.npz
mscnn_gtzan,dbn_matched_30_300,gtzan/gtzan_classical_00059/track.npy,gtzan,0.6301369863013699,0.5392098904276359,0.820048375025363,0.6796291327264994,0.0,0.0,1.0,1.0,0.0,2.6915253571169345e-37,7.488588350639977e-32,3.744307632946774e-32,0.0,0.0,1.0,1.0,29.0,0.0,0.0,0.10394733332612961,7.0,0.0,0.0,0.03458266365637525,0.0,/media/mengh/SharedData/zhanh/auto_structbeat/caches/pilot/mscnn_final_last_gtzan/gtzan__gtzan_classical_00059__track.npy.npz
mscnn_gtzan,dbn_matched_30_300,gtzan/gtzan_classical_00060/track.npy,gtzan,0.96,0.8484434364879089,0.8484434364879089,0.8484434364879089,0.98,0.98,0.98,0.98,1.0,0.8705155701306672,0.8705155701306672,0.8705155701306672,1.0,1.0,1.0,1.0,60.0,0.0,0.0,0.10593633210390177,15.0,0.0,0.0,0.13528833512347102,0.0,/media/mengh/SharedData/zhanh/auto_structbeat/caches/pilot/mscnn_final_last_gtzan/gtzan__gtzan_classical_00060__track.npy.npz
mscnn_gtzan,dbn_matched_30_300,gtzan/gtzan_classical_00061/track.npy,gtzan,0.4,0.3473727745521651,0.5789546242536084,0.46316369940288676,0.0,0.0,0.0,0.0,0.0,7.690177566110972e-77,0.3738190624234949,0.18690953121174744,0.0,0.0,0.0,0.0,19.0,0.0,0.0,0.053258149132225444,5.0,0.0,0.0,0.00895803164785467,0.0,/media/mengh/SharedData/zhanh/auto_structbeat/caches/pilot/mscnn_final_last_gtzan/gtzan__gtzan_classical_00061__track.npy.npz
mscnn_gtzan,dbn_matched_30_300,gtzan/gtzan_classical_00062/track.npy,gtzan,0.2461538461538462,0.1827599632762908,0.21081667269813198,0.1967883179872114,0.0,0.0,0.038461538461538464,0.038461538461538464,0.3157894736842105,0.21946274984228614,0.3207532497694951,0.2701079998058906,0.0,0.0,0.8571428571428571,0.8571428571428571,31.0,0.0,0.0,0.12260232209233264,8.0,0.0,0.0,0.04839319488696858,0.0,/media/mengh/SharedData/zhanh/auto_structbeat/caches/pilot/mscnn_final_last_gtzan/gtzan__gtzan_classical_00062__track.npy.npz
mscnn_gtzan,dbn_matched_30_300,gtzan/gtzan_classical_00063/track.npy,gtzan,0.5964912280701755,0.501984716860616,0.6506487379343582,0.5763167273974871,0.0,0.0,0.7,0.7,0.5,0.40555691814487993,0.4080827900289163,0.40681985408689814,0.0,0.0,0.3333333333333333,0.3333333333333333,20.0,0.0,0.0,0.31758002486979364,6.0,0.0,0.0,0.23306280508439406,0.0,/media/mengh/SharedData/zhanh/auto_structbeat/caches/pilot/mscnn_final_last_gtzan/gtzan__gtzan_classical_00063__track.npy.npz
mscnn_gtzan,dbn_matched_30_300,gtzan/gtzan_classical_00064/track.npy,gtzan,0.42857142857142855,0.35257767882214125,0.5195881582642081,0.4360829185431747,0.0,0.0,0.47368421052631576,0.7894736842105263,0.5,0.3747677389489568,0.5353824842127954,0.4550751115808761,0.0,0.0,1.0,1.0,23.0,0.0,0.0,0.1823215567939533,8.0,0.0,0.0,0.21298732219865674,0.0,/media/mengh/SharedData/zhanh/auto_structbeat/caches/pilot/mscnn_final_last_gtzan/gtzan__gtzan_classical_00064__track.npy.npz
mscnn_gtzan,dbn_matched_30_300,gtzan/gtzan_classical_00065/track.npy,gtzan,0.30508474576271183,0.25990939541728636,0.29538119390378137,0.2776452946605339,0.0,0.0,0.08333333333333333,0.08333333333333333,0.3157894736842105,0.25144069842692207,0.34124094786510856,0.2963408231460153,0.0,0.0,0.25,0.25,28.0,0.0,0.0,0.12581582791943619,9.0,0.0,0.0,0.20484338337263258,0.0,/media/mengh/SharedData/zhanh/auto_structbeat/caches/pilot/mscnn_final_last_gtzan/gtzan__gtzan_classical_00065__track.npy.npz
mscnn_gtzan,dbn_matched_30_300,gtzan/gtzan_classical_00066/track.npy,gtzan,0.8440366972477065,0.7170766544341438,0.7170766544341438,0.7170766544341438,0.7636363636363637,0.9636363636363636,0.7636363636363637,0.9636363636363636,0.9285714285714286,0.7623355487633683,0.7623355487633683,0.7623355487633683,1.0,1.0,1.0,1.0,63.0,0.0,0.0,0.09097177820573288,16.0,0.0,0.0,0.20134173913301565,0.0,/media/mengh/SharedData/zhanh/auto_structbeat/caches/pilot/mscnn_final_last_gtzan/gtzan__gtzan_classical_00066__track.npy.npz
mscnn_gtzan,dbn_matched_30_300,gtzan/gtzan_classical_00067/track.npy,gtzan,0.6744186046511628,0.5628645801756089,0.5628645801756089,0.5628645801756089,0.4444444444444444,0.5111111111111111,0.4444444444444444,0.5111111111111111,0.6666666666666666,0.5995346686963157,0.5995346686963157,0.5995346686963157,0.45454545454545453,0.45454545454545453,0.45454545454545453,0.45454545454545453,44.0,0.0,0.0,0.156018215803067,11.0,0.0,0.0,0.40591669680679293,0.0,/media/mengh/SharedData/zhanh/auto_structbeat/caches/pilot/mscnn_final_last_gtzan/gtzan__gtzan_classical_00067__track.npy.npz
mscnn_gtzan,dbn_matched_30_300,gtzan/gtzan_classical_00068/track.npy,gtzan,0.4444444444444445,0.3631718412628664,0.5639077325603957,0.46353978691163106,0.0,0.0,0.20588235294117646,0.20588235294117646,0.1818181818181818,0.15280306243014727,0.24011909810451712,0.1964610802673322,0.0,0.0,0.1111111111111111,0.1111111111111111,26.0,0.0,0.0,0.30742563650165466,7.0,0.0,0.0,0.43073005054195446,0.0,/media/mengh/SharedData/zhanh/auto_structbeat/caches/pilot/mscnn_final_last_gtzan/gtzan__gtzan_classical_00068__track.npy.npz
mscnn_gtzan,dbn_matched_30_300,gtzan/gtzan_classical_00069/track.npy,gtzan,0.4285714285714286,0.30317281026611687,0.45475921539917535,0.3789660128326461,0.0,0.0,1.0,1.0,0.0,2.752682366477412e-84,1.4614330940941966e-82,7.444799588794854e-83,0.0,0.0,0.0,0.0,17.0,0.0,0.0,0.15427075990808564,6.0,0.0,0.0,0.1171982395940356,0.0,/media/mengh/SharedData/zhanh/auto_structbeat/caches/pilot/mscnn_final_last_gtzan/gtzan__gtzan_classical_00069__track.npy.npz
mscnn_gtzan,dbn_matched_30_300,gtzan/gtzan_classical_00070/track.npy,gtzan,0.9696969696969697,0.6658811002547775,0.6658811002547775,0.6658811002547775,0.803030303030303,0.9696969696969697,0.803030303030303,0.9696969696969697,1.0,0.6987536049028553,0.6987536049028553,0.6987536049028553,1.0,1.0,1.0,1.0,80.0,0.0,0.0,0.10536051565782667,27.0,0.0,0.0,0.054067221270275856,0.0,/media/mengh/SharedData/zhanh/auto_structbeat/caches/pilot/mscnn_final_last_gtzan/gtzan__gtzan_classical_00070__track.npy.npz
mscnn_gtzan,dbn_matched_30_300,gtzan/gtzan_classical_00071/track.npy,gtzan,0.5641025641025641,0.4656986243399633,0.5081858551322099,0.48694223973608664,0.559322033898305,0.559322033898305,0.559322033898305,0.559322033898305,0.55,0.4573999543483967,0.4573999543483967,0.4573999543483967,0.6,0.8,0.6,0.8,71.0,0.0,0.0,0.09531017980432274,24.0,0.0,0.0,0.04386866558344082,0.0,/media/mengh/SharedData/zhanh/auto_structbeat/caches/pilot/mscnn_final_last_gtzan/gtzan__gtzan_classical_00071__track.npy.npz
mscnn_gtzan,dbn_matched_30_300,gtzan/gtzan_classical_00072/track.npy,gtzan,0.7291666666666665,0.6290768813091943,0.6290768813091943,0.6290768813091943,0.875,0.8958333333333334,0.875,0.8958333333333334,0.6666666666666666,0.6042499283942455,0.6042499283942455,0.6042499283942455,1.0,1.0,1.0,1.0,58.0,0.0,0.0,0.07696104113613,14.0,0.0,0.0,0.02395633129865865,0.0,/media/mengh/SharedData/zhanh/auto_structbeat/caches/pilot/mscnn_final_last_gtzan/gtzan__gtzan_classical_00072__track.npy.npz
mscnn_gtzan,dbn_matched_30_300,gtzan/gtzan_classical_00073/track.npy,gtzan,0.9259259259259259,0.8312886786167725,0.8312886786167725,0.8312886786167725,0.9259259259259259,0.9259259259259259,0.9259259259259259,0.9259259259259259,0.9444444444444444,0.8022243205444144,0.8022243205444144,0.8022243205444144,1.0,1.0,1.0,1.0,65.0,0.0,0.0,0.08701137698963517,22.0,0.0,0.0,0.042559614418797576,0.0,/media/mengh/SharedData/zhanh/auto_structbeat/caches/pilot/mscnn_final_last_gtzan/gtzan__gtzan_classical_00073__track.npy.npz
mscnn_gtzan,dbn_matched_30_300,gtzan/gtzan_classical_00074/track.npy,gtzan,0.8592592592592593,0.690191566307547,0.690191566307547,0.690191566307547,0.39705882352941174,0.7794117647058824,0.39705882352941174,0.7794117647058824,0.23529411764705882,0.17694241272269665,0.4037033196555281,0.29032286618911235,0.29411764705882354,0.29411764705882354,0.4117647058823529,0.4117647058823529,81.0,0.0,0.0,0.11476341901839618,20.0,0.0,0.0,0.15835713005083343,0.0,/media/mengh/SharedData/zhanh/auto_structbeat/caches/pilot/mscnn_final_last_gtzan/gtzan__gtzan_classical_00074__track.npy.npz
mscnn_gtzan,dbn_matched_30_300,gtzan/gtzan_classical_00075/track.npy,gtzan,0.38235294117647056,0.24271503825716909,0.35008543825034616,0.2964002382537576,0.0,0.0,0.4782608695652174,0.782608695652174,0.10526315789473685,0.05335895759732909,0.1189300167439662,0.08614448717064764,0.0,0.0,0.2857142857142857,0.2857142857142857,26.0,0.0,0.0,0.09478478522164539,9.0,0.0,0.0,0.12232676352013197,0.0,/media/mengh/SharedData/zhanh/auto_structbeat/caches/pilot/mscnn_final_last_gtzan/gtzan__gtzan_classical_00075__track.npy.npz
mscnn_gtzan,dbn_matched_30_300,gtzan/gtzan_classical_00076/track.npy,gtzan,0.9295774647887323,0.7725208281293151,0.7725208281293151,0.7725208281293151,0.6666666666666666,0.8472222222222222,0.6666666666666666,0.8472222222222222,0.9142857142857143,0.7416620280702497,0.7416620280702497,0.7416620280702497,0.9444444444444444,0.9444444444444444,0.9444444444444444,0.9444444444444444,77.0,0.0,0.0,0.11778303565638115,19.0,0.0,0.0,0.18720384960960343,0.0,/media/mengh/SharedData/zhanh/auto_structbeat/caches/pilot/mscnn_final_last_gtzan/gtzan__gtzan_classical_00076__track.npy.npz
mscnn_gtzan,dbn_matched_30_300,gtzan/gtzan_classical_00077/track.npy,gtzan,0.3018867924528302,0.2036447704976229,0.2036447704976229,0.2036447704976229,0.0,0.0,0.0,0.0,0.26666666666666666,0.22197047733698966,0.33295571600548446,0.27746309667123703,0.0,0.0,0.6,0.6,17.0,0.0,0.0,0.21743150541193015,6.0,0.0,0.0,0.07574812733973225,0.0,/media/mengh/SharedData/zhanh/auto_structbeat/caches/pilot/mscnn_final_last_gtzan/gtzan__gtzan_classical_00077__track.npy.npz
mscnn_gtzan,dbn_matched_30_300,gtzan/gtzan_classical_00078/track.npy,gtzan,0.5365853658536585,0.43321175493338093,0.6343456426374107,0.5337786987853959,0.0,0.0,0.8571428571428571,0.8571428571428571,0.36363636363636365,0.32271317754584133,0.32271317754584133,0.32271317754584133,0.0,0.0,0.0,0.0,16.0,0.0,0.0,0.13503628380394342,5.0,0.0,0.0,0.04504916219361401,0.0,/media/mengh/SharedData/zhanh/auto_structbeat/caches/pilot/mscnn_final_last_gtzan/gtzan__gtzan_classical_00078__track.npy.npz
mscnn_gtzan,dbn_matched_30_300,gtzan/gtzan_classical_00079/track.npy,gtzan,0.926829268292683,0.812179545706311,0.812179545706311,0.812179545706311,1.0,1.0,1.0,1.0,0.8181818181818182,0.7629355388595976,0.7629355388595976,0.7629355388595976,1.0,1.0,1.0,1.0,49.0,0.0,0.0,0.08095513120678878,13.0,0.0,0.0,0.09140555465411837,0.0,/media/mengh/SharedData/zhanh/auto_structbeat/caches/pilot/mscnn_final_last_gtzan/gtzan__gtzan_classical_00079__track.npy.npz
mscnn_gtzan,dbn_matched_30_300,gtzan/gtzan_classical_00080/track.npy,gtzan,0.125,0.10569552491486474,0.14705464331036677,0.12637508411261575,0.0,0.0,0.14285714285714285,0.21428571428571427,0.0,2.5552372322983106e-34,1.709471286347619e-22,8.547356431750871e-23,0.0,0.0,0.2,0.4,17.0,0.0,0.0,0.2727446265731618,6.0,0.0,0.0,0.14232414912476593,0.0,/media/mengh/SharedData/zhanh/auto_structbeat/caches/pilot/mscnn_final_last_gtzan/gtzan__gtzan_classical_00080__track.npy.npz
mscnn_gtzan,dbn_matched_30_300,gtzan/gtzan_classical_00081/track.npy,gtzan,0.4155844155844156,0.3172347722973914,0.37768249157353934,0.34745863193546533,0.0,0.0,0.0,0.0,0.23529411764705882,0.21459803012029854,0.21459803012029854,0.21459803012029854,0.0,0.0,0.0,0.0,21.0,0.0,0.0,0.0938415498428799,6.0,0.0,0.0,0.18920590048513564,0.0,/media/mengh/SharedData/zhanh/auto_structbeat/caches/pilot/mscnn_final_last_gtzan/gtzan__gtzan_classical_00081__track.npy.npz
mscnn_gtzan,dbn_matched_30_300,gtzan/gtzan_classical_00082/track.npy,gtzan,0.3225806451612903,0.2853586751975719,0.2853586751975719,0.2853586751975719,0.0,0.0,0.0,0.0,0.11764705882352941,0.11402743935015829,0.17622422445024463,0.14512583190020145,0.0,0.0,0.5,0.5,19.0,0.0,0.0,0.08594242980072335,6.0,0.0,0.0,0.044019957762110776,0.0,/media/mengh/SharedData/zhanh/auto_structbeat/caches/pilot/mscnn_final_last_gtzan/gtzan__gtzan_classical_00082__track.npy.npz
mscnn_gtzan,dbn_matched_30_300,gtzan/gtzan_classical_00083/track.npy,gtzan,0.6461538461538462,0.5021117313200438,0.5021117313200438,0.5021117313200438,0.7058823529411765,0.7058823529411765,0.7058823529411765,0.7058823529411765,0.2105263157894737,0.14182270932472987,0.21107796937021586,0.17645033934747287,0.0,0.0,0.0,0.0,36.0,0.0,0.0,0.13051171111618926,12.0,0.0,0.0,0.24098158718264542,0.0,/media/mengh/SharedData/zhanh/auto_structbeat/caches/pilot/mscnn_final_last_gtzan/gtzan__gtzan_classical_00083__track.npy.npz
mscnn_gtzan,dbn_matched_30_300,gtzan/gtzan_classical_00084/track.npy,gtzan,0.23728813559322035,0.22205173165025377,0.22205173165025377,0.22205173165025377,0.0,0.0,0.0,0.0,0.12500000000000003,0.07960395179646909,0.11578756624940958,0.09769575902293934,0.0,0.0,0.3333333333333333,0.3333333333333333,17.0,0.0,0.0,0.14943880623867012,6.0,0.0,0.0,0.1129847949441095,0.0,/media/mengh/SharedData/zhanh/auto_structbeat/caches/pilot/mscnn_final_last_gtzan/gtzan__gtzan_classical_00084__track.npy.npz
mscnn_gtzan,dbn_matched_30_300,gtzan/gtzan_classical_00085/track.npy,gtzan,0.41935483870967744,0.3588565155872209,0.3588565155872209,0.3588565155872209,0.0,0.0,0.18181818181818182,0.22727272727272727,0.13333333333333333,0.10794288648905194,0.2683822993591631,0.1881625929241075,0.0,0.0,0.0,0.0,20.0,0.0,0.0,0.18246376654850555,5.0,0.0,0.0,0.09882332294242337,0.0,/media/mengh/SharedData/zhanh/auto_structbeat/caches/pilot/mscnn_final_last_gtzan/gtzan__gtzan_classical_00085__track.npy.npz
mscnn_gtzan,dbn_matched_30_300,gtzan/gtzan_classical_00086/track.npy,gtzan,0.4923076923076923,0.3805209797036528,0.45208556984263454,0.41630327477314366,0.0,0.0,0.30434782608695654,0.5217391304347826,0.125,0.10890775475797136,0.35461790432536905,0.2317628295416702,0.0,0.0,0.0,0.0,27.0,0.0,0.0,0.16082462282955567,7.0,0.0,0.0,0.24311011008424735,0.0,/media/mengh/SharedData/zhanh/auto_structbeat/caches/pilot/mscnn_final_last_gtzan/gtzan__gtzan_classical_00086__track.npy.npz
mscnn_gtzan,dbn_matched_30_300,gtzan/gtzan_classical_00087/track.npy,gtzan,0.45,0.35520921746094153,0.44440618940677634,0.39980770343385896,0.08,0.08,0.4,0.6,0.15384615384615385,0.09564473042264167,0.13815349949937128,0.11689911496100647,0.0,0.0,0.2,0.2,17.0,0.0,0.0,0.13541618303128372,6.0,0.0,0.0,0.13599430287763797,0.0,/media/mengh/SharedData/zhanh/auto_structbeat/caches/pilot/mscnn_final_last_gtzan/gtzan__gtzan_classical_00087__track.npy.npz
mscnn_gtzan,dbn_matched_30_300,gtzan/gtzan_classical_00088/track.npy,gtzan,0.44067796610169496,0.36309121370412933,0.36309121370412933,0.36309121370412933,0.0,0.0,0.0,0.0,0.25000000000000006,0.21192845816916892,0.30825957551879113,0.26009401684398004,0.0,0.0,0.5,0.5,18.0,0.0,0.0,0.16580256339717342,6.0,0.0,0.0,0.07687238331975077,0.0,/media/mengh/SharedData/zhanh/auto_structbeat/caches/pilot/mscnn_final_last_gtzan/gtzan__gtzan_classical_00088__track.npy.npz
mscnn_gtzan,dbn_matched_30_300,gtzan/gtzan_classical_00089/track.npy,gtzan,0.7654320987654322,0.6687420916304357,0.6687420916304357,0.6687420916304357,0.8048780487804879,0.8048780487804879,0.8048780487804879,0.8048780487804879,0.8000000000000002,0.6809069712413648,0.6809069712413648,0.6809069712413648,1.0,1.0,1.0,1.0,48.0,0.0,0.0,0.06615316115839412,12.0,0.0,0.0,0.04171197831058679,0.0,/media/mengh/SharedData/zhanh/auto_structbeat/caches/pilot/mscnn_final_last_gtzan/gtzan__gtzan_classical_00089__track.npy.npz
mscnn_gtzan,dbn_matched_30_300,gtzan/gtzan_classical_00090/track.npy,gtzan,0.3333333333333333,0.30591678642105646,0.30591678642105646,0.30591678642105646,0.5238095238095238,0.5238095238095238,0.5238095238095238,0.5238095238095238,0.0,2.988903738309521e-27,4.168461814784674e-27,3.578682776547098e-27,0.42857142857142855,0.42857142857142855,0.42857142857142855,0.42857142857142855,25.0,0.0,0.0,0.10173882839057181,8.0,0.0,0.0,0.14063273974914536,0.0,/media/mengh/SharedData/zhanh/auto_structbeat/caches/pilot/mscnn_final_last_gtzan/gtzan__gtzan_classical_00090__track.npy.npz
mscnn_gtzan,dbn_matched_30_300,gtzan/gtzan_classical_00091/track.npy,gtzan,0.9333333333333332,0.7573166194742237,0.7573166194742237,0.7573166194742237,0.7105263157894737,0.868421052631579,0.7105263157894737,0.868421052631579,0.8000000000000002,0.7285745382546195,0.7285745382546195,0.7285745382546195,0.9,0.9,0.9,0.9,45.0,0.0,0.0,0.10406179610514729,12.0,0.0,0.0,0.0965768347201771,0.0,/media/mengh/SharedData/zhanh/auto_structbeat/caches/pilot/mscnn_final_last_gtzan/gtzan__gtzan_classical_00091__track.npy.npz
mscnn_gtzan,dbn_matched_30_300,gtzan/gtzan_classical_00092/track.npy,gtzan,0.32499999999999996,0.21627308304789178,0.21627308304789178,0.21627308304789178,0.0,0.0,0.3103448275862069,0.3103448275862069,0.28571428571428575,0.19412317704203655,0.19412317704203655,0.19412317704203655,0.0,0.0,0.375,0.375,28.0,0.0,0.0,0.09046570515841806,7.0,0.0,0.0,0.22674873059701545,0.0,/media/mengh/SharedData/zhanh/auto_structbeat/caches/pilot/mscnn_final_last_gtzan/gtzan__gtzan_classical_00092__track.npy.npz
mscnn_gtzan,dbn_matched_30_300,gtzan/gtzan_classical_00093/track.npy,gtzan,0.8793103448275863,0.6487402306648459,0.6487402306648459,0.6487402306648459,0.5,0.896551724137931,0.5,0.896551724137931,0.0,1.2305836943169186e-78,0.6548156836141009,0.32740784180705046,0.0,0.0,0.8666666666666667,0.8666666666666667,69.0,0.0,0.0,0.09097177820572608,18.0,0.0,0.0,0.029277876966368632,0.0,/media/mengh/SharedData/zhanh/auto_structbeat/caches/pilot/mscnn_final_last_gtzan/gtzan__gtzan_classical_00093__track.npy.npz
mscnn_gtzan,dbn_matched_30_300,gtzan/gtzan_classical_00094/track.npy,gtzan,0.6129032258064516,0.4423292909151484,0.4423292909151484,0.4423292909151484,0.5588235294117647,0.5588235294117647,0.5588235294117647,0.5588235294117647,0.5,0.37525985410654733,0.37525985410654733,0.37525985410654733,0.6363636363636364,0.6363636363636364,0.6363636363636364,0.6363636363636364,32.0,0.0,0.0,0.17070411088342297,11.0,0.0,0.0,0.3192307972662223,0.0,/media/mengh/SharedData/zhanh/auto_structbeat/caches/pilot/mscnn_final_last_gtzan/gtzan__gtzan_classical_00094__track.npy.npz
mscnn_gtzan,dbn_matched_30_300,gtzan/gtzan_classical_00095/track.npy,gtzan,0.19999999999999998,0.12901454116001723,0.12901454116001723,0.12901454116001723,0.0,0.0,0.11764705882352941,0.23529411764705882,0.16666666666666666,0.1594185448861324,0.23912781732919863,0.1992731811076655,0.0,0.0,1.0,1.0,20.0,0.0,0.0,0.1713936631775904,5.0,0.0,0.0,0.15305017001493992,0.0,/media/mengh/SharedData/zhanh/auto_structbeat/caches/pilot/mscnn_final_last_gtzan/gtzan__gtzan_classical_00095__track.npy.npz
mscnn_gtzan,dbn_matched_30_300,gtzan/gtzan_classical_00096/track.npy,gtzan,0.3888888888888889,0.2934887233213562,0.3461928193727768,0.3198407713470665,0.0,0.0,0.0,0.0,0.3333333333333333,0.23185248655136825,0.2916632982085251,0.2617578923799467,0.0,0.0,0.0,0.0,20.0,0.0,0.0,0.11342036501402264,7.0,0.0,0.0,0.2378069140137879,0.0,/media/mengh/SharedData/zhanh/auto_structbeat/caches/pilot/mscnn_final_last_gtzan/gtzan__gtzan_classical_00096__track.npy.npz
mscnn_gtzan,dbn_matched_30_300,gtzan/gtzan_classical_00097/track.npy,gtzan,0.23728813559322032,0.18565850397227426,0.24249185754605035,0.21407518075916232,0.0,0.0,0.0,0.0,0.07692307692307693,0.07455640265314425,0.12923109793168788,0.10189375029241607,0.0,0.0,0.0,0.0,19.0,0.0,0.0,0.17201633792972065,5.0,0.0,0.0,0.0791825626498797,0.0,/media/mengh/SharedData/zhanh/auto_structbeat/caches/pilot/mscnn_final_last_gtzan/gtzan__gtzan_classical_00097__track.npy.npz
mscnn_gtzan,dbn_matched_30_300,gtzan/gtzan_classical_00098/track.npy,gtzan,0.9629629629629629,0.8257476054952848,0.8257476054952848,0.8257476054952848,0.975609756097561,0.975609756097561,0.975609756097561,0.975609756097561,0.0,5.342089917556794e-185,0.8081228835139509,0.40406144175697545,0.0,0.0,0.8181818181818182,0.8181818181818182,49.0,0.0,0.0,0.06669137449867674,13.0,0.0,0.0,0.05069461294035338,0.0,/media/mengh/SharedData/zhanh/auto_structbeat/caches/pilot/mscnn_final_last_gtzan/gtzan__gtzan_classical_00098__track.npy.npz
mscnn_gtzan,dbn_matched_30_300,gtzan/gtzan_classical_00099/track.npy,gtzan,0.4299065420560747,0.32483248893786476,0.510491881652453,0.41766218529515886,0.0,0.0,0.18055555555555555,0.5416666666666666,0.46153846153846156,0.3464720041898841,0.47969148442641885,0.4130817443081515,0.0,0.0,0.8333333333333334,0.8333333333333334,86.0,0.0,0.0,0.11122563511023142,22.0,0.0,0.0,0.07698139143547031,0.0,/media/mengh/SharedData/zhanh/auto_structbeat/caches/pilot/mscnn_final_last_gtzan/gtzan__gtzan_classical_00099__track.npy.npz
mscnn_gtzan,dbn_matched_30_300,gtzan/gtzan_country_00000/track.npy,gtzan,0.9577464788732395,0.8917316357916106,0.8917316357916106,0.8917316357916106,0.9722222222222222,0.9722222222222222,0.9722222222222222,0.9722222222222222,1.0,0.8890563825461726,0.8890563825461726,0.8890563825461726,1.0,1.0,1.0,1.0,42.0,0.0,0.0,0.08235406272652945,11.0,0.0,0.0,0.025383409240258635,0.0,/media/mengh/SharedData/zhanh/auto_structbeat/caches/pilot/mscnn_final_last_gtzan/gtzan__gtzan_country_00000__track.npy.npz
mscnn_gtzan,dbn_matched_30_300,gtzan/gtzan_country_00001/track.npy,gtzan,1.0,0.9625157672236098,0.9625157672236098,0.9625157672236098,1.0,1.0,1.0,1.0,1.0,0.9684250283083193,0.9684250283083193,0.9684250283083193,1.0,1.0,1.0,1.0,65.0,0.0,0.0,0.04255961441879885,16.0,0.0,0.0,0.025209943486652522,0.0,/media/mengh/SharedData/zhanh/auto_structbeat/caches/pilot/mscnn_final_last_gtzan/gtzan__gtzan_country_00001__track.npy.npz
mscnn_gtzan,dbn_matched_30_300,gtzan/gtzan_country_00002/track.npy,gtzan,1.0,0.9305565203946569,0.9305565203946569,0.9305565203946569,1.0,1.0,1.0,1.0,1.0,0.9445858264086202,0.9445858264086202,0.9445858264086202,1.0,1.0,1.0,1.0,83.0,0.0,0.0,0.057158413839947464,20.0,0.0,0.0,0.02941242723793699,0.0,/media/mengh/SharedData/zhanh/auto_structbeat/caches/pilot/mscnn_final_last_gtzan/gtzan__gtzan_country_00002__track.npy.npz
mscnn_gtzan,dbn_matched_30_300,gtzan/gtzan_country_00003/track.npy,gtzan,0.9850746268656716,0.909021781563606,0.909021781563606,0.909021781563606,0.9705882352941176,0.9705882352941176,0.9705882352941176,0.9705882352941176,1.0,0.9638574892583439,0.9638574892583439,0.9638574892583439,1.0,1.0,1.0,1.0,40.0,0.0,0.0,0.08004270767353543,10.0,0.0,0.0,0.01095054324029264,0.0,/media/mengh/SharedData/zhanh/auto_structbeat/caches/pilot/mscnn_final_last_gtzan/gtzan__gtzan_country_00003__track.npy.npz
mscnn_gtzan,dbn_matched_30_300,gtzan/gtzan_country_00004/track.npy,gtzan,1.0,0.8994444576072883,0.8994444576072883,0.8994444576072883,1.0,1.0,1.0,1.0,1.0,0.8741926485206141,0.8741926485206141,0.8741926485206141,1.0,1.0,1.0,1.0,59.0,0.0,0.0,0.039220713153283925,15.0,0.0,0.0,0.023588603729644227,0.0,/media/mengh/SharedData/zhanh/auto_structbeat/caches/pilot/mscnn_final_last_gtzan/gtzan__gtzan_country_00004__track.npy.npz
mscnn_gtzan,dbn_matched_30_300,gtzan/gtzan_country_00005/track.npy,gtzan,1.0,0.9791426945363486,0.9791426945363486,0.9791426945363486,1.0,1.0,1.0,1.0,1.0,0.955851688014124,0.955851688014124,0.955851688014124,1.0,1.0,1.0,1.0,66.0,0.0,0.0,0.08701137698963152,16.0,0.0,0.0,0.021739986636405768,0.0,/media/mengh/SharedData/zhanh/auto_structbeat/caches/pilot/mscnn_final_last_gtzan/gtzan__gtzan_country_00005__track.npy.npz
mscnn_gtzan,dbn_matched_30_300,gtzan/gtzan_country_00006/track.npy,gtzan,1.0,0.9424419024808158,0.9424419024808158,0.9424419024808158,1.0,1.0,1.0,1.0,1.0,0.9311759940154505,0.9311759940154505,0.9311759940154505,1.0,1.0,1.0,1.0,57.0,0.0,0.0,0.04865062123411304,14.0,0.0,0.0,0.018519047767237763,0.0,/media/mengh/SharedData/zhanh/auto_structbeat/caches/pilot/mscnn_final_last_gtzan/gtzan__gtzan_country_00006__track.npy.npz
mscnn_gtzan,dbn_matched_30_300,gtzan/gtzan_country_00007/track.npy,gtzan,0.634920634920635,0.5898560376345199,0.8769497570101764,0.7334028973223481,0.0,0.0,0.9523809523809523,0.9523809523809523,0.5882352941176471,0.577138701042841,0.8001262029597239,0.6886324520012825,0.0,0.0,1.0,1.0,51.0,0.0,0.0,0.06669137449866491,13.0,0.0,0.0,0.01694955831377326,0.0,/media/mengh/SharedData/zhanh/auto_structbeat/caches/pilot/mscnn_final_last_gtzan/gtzan__gtzan_country_00007__track.npy.npz
mscnn_gtzan,dbn_matched_30_300,gtzan/gtzan_country_00008/track.npy,gtzan,0.7605633802816901,0.6030619753251274,0.6030619753251274,0.6030619753251274,0.32558139534883723,0.32558139534883723,0.4909090909090909,0.4909090909090909,0.6666666666666665,0.46839124229432066,0.5299280268893641,0.4991596345918424,0.36363636363636365,0.36363636363636365,0.46153846153846156,0.46153846153846156,48.0,0.0,0.0,0.09097177820572253,12.0,0.0,0.0,0.3575057607893657,0.0,/media/mengh/SharedData/zhanh/auto_structbeat/caches/pilot/mscnn_final_last_gtzan/gtzan__gtzan_country_00008__track.npy.npz
mscnn_gtzan,dbn_matched_30_300,gtzan/gtzan_country_00009/track.npy,gtzan,1.0,0.9684886616229692,0.9684886616229692,0.9684886616229692,1.0,1.0,1.0,1.0,1.0,0.9817861134253493,0.9817861134253493,0.9817861134253493,1.0,1.0,1.0,1.0,49.0,0.0,0.0,0.0645385211375705,12.0,0.0,0.0,0.008067942891709512,0.0,/media/mengh/SharedData/zhanh/auto_structbeat/caches/pilot/mscnn_final_last_gtzan/gtzan__gtzan_country_00009__track.npy.npz
mscnn_gtzan,dbn_matched_30_300,gtzan/gtzan_country_00010/track.npy,gtzan,0.9846153846153847,0.9217926647506062,0.9217926647506062,0.9217926647506062,0.9696969696969697,0.9696969696969697,0.9696969696969697,0.9696969696969697,0.0,3.799812230437604e-303,0.9257536717940293,0.46287683589701467,0.0,0.0,0.875,0.875,40.0,0.0,0.0,0.05406722127027733,10.0,0.0,0.0,0.006673432249551825,0.0,/media/mengh/SharedData/zhanh/auto_structbeat/caches/pilot/mscnn_final_last_gtzan/gtzan__gtzan_country_00010__track.npy.npz
mscnn_gtzan,dbn_matched_30_300,gtzan/gtzan_country_00011/track.npy,gtzan,0.9787234042553191,0.9155140444913694,0.9155140444913694,0.9155140444913694,0.9583333333333334,0.9583333333333334,0.9583333333333334,0.9583333333333334,1.0,0.9275418377126262,0.9275418377126262,0.9275418377126262,1.0,1.0,1.0,1.0,57.0,0.0,0.0,0.07696104113612678,14.0,0.0,0.0,0.023273578128122512,0.0,/media/mengh/SharedData/zhanh/auto_structbeat/caches/pilot/mscnn_final_last_gtzan/gtzan__gtzan_country_00011__track.npy.npz
mscnn_gtzan,dbn_matched_30_300,gtzan/gtzan_country_00012/track.npy,gtzan,1.0,0.8989953795299219,0.8989953795299219,0.8989953795299219,1.0,1.0,1.0,1.0,1.0,0.912856924061147,0.912856924061147,0.912856924061147,1.0,1.0,1.0,1.0,88.0,0.0,0.0,0.11778303565638115,22.0,0.0,0.0,0.029413885206292806,0.0,/media/mengh/SharedData/zhanh/auto_structbeat/caches/pilot/mscnn_final_last_gtzan/gtzan__gtzan_country_00012__track.npy.npz
mscnn_gtzan,dbn_matched_30_300,gtzan/gtzan_country_00013/track.npy,gtzan,1.0,0.9636053303360487,0.9636053303360487,0.9636053303360487,1.0,1.0,1.0,1.0,1.0,0.9595667114442845,0.9595667114442845,0.9595667114442845,1.0,1.0,1.0,1.0,64.0,0.0,0.0,0.04255961441880263,16.0,0.0,0.0,0.024796760388695435,0.0,/media/mengh/SharedData/zhanh/auto_structbeat/caches/pilot/mscnn_final_last_gtzan/gtzan__gtzan_country_00013__track.npy.npz
mscnn_gtzan,dbn_matched_30_300,gtzan/gtzan_country_00014/track.npy,gtzan,0.9913043478260869,0.8634550207198515,0.8634550207198515,0.8634550207198515,0.9827586206896551,0.9827586206896551,0.9827586206896551,0.9827586206896551,1.0,0.8527112296230533,0.8527112296230533,0.8527112296230533,1.0,1.0,1.0,1.0,69.0,0.0,0.0,0.09097177820573162,17.0,0.0,0.0,0.04614558395974463,0.0,/media/mengh/SharedData/zhanh/auto_structbeat/caches/pilot/mscnn_final_last_gtzan/gtzan__gtzan_country_00014__track.npy.npz
mscnn_gtzan,dbn_matched_30_300,gtzan/gtzan_country_00015/track.npy,gtzan,0.9032258064516129,0.7899778305071627,0.7899778305071627,0.7899778305071627,0.7580645161290323,0.9032258064516129,0.7580645161290323,0.9032258064516129,0.875,0.7592550607421302,0.7592550607421302,0.7592550607421302,1.0,1.0,1.0,1.0,74.0,0.0,0.0,0.10008345855698919,19.0,0.0,0.0,0.054154885068320696,0.0,/media/mengh/SharedData/zhanh/auto_structbeat/caches/pilot/mscnn_final_last_gtzan/gtzan__gtzan_country_00015__track.npy.npz
mscnn_gtzan,dbn_matched_30_300,gtzan/gtzan_country_00016/track.npy,gtzan,0.28846153846153844,0.2655899139230495,0.46035584287540104,0.36297287839922526,0.0,0.0,0.0,0.0,0.14285714285714285,0.13112925501662226,0.22080753351355836,0.1759683942650903,0.0,0.0,0.0,0.0,18.0,0.0,0.0,0.04174622476713047,6.0,0.0,0.0,0.014629497562006386,0.0,/media/mengh/SharedData/zhanh/auto_structbeat/caches/pilot/mscnn_final_last_gtzan/gtzan__gtzan_country_00016__track.npy.npz
mscnn_gtzan,dbn_matched_30_300,gtzan/gtzan_country_00017/track.npy,gtzan,1.0,0.9708485654343747,0.9708485654343747,0.9708485654343747,1.0,1.0,1.0,1.0,1.0,0.9765309531392398,0.9765309531392398,0.9765309531392398,1.0,1.0,1.0,1.0,88.0,0.0,0.0,0.11778303565638404,22.0,0.0,0.0,0.014598799421154884,0.0,/media/mengh/SharedData/zhanh/auto_structbeat/caches/pilot/mscnn_final_last_gtzan/gtzan__gtzan_country_00017__track.npy.npz
mscnn_gtzan,dbn_matched_30_300,gtzan/gtzan_country_00018/track.npy,gtzan,0.9295774647887323,0.7980214224195612,0.7980214224195612,0.7980214224195612,0.4583333333333333,0.8611111111111112,0.4583333333333333,0.8611111111111112,0.8888888888888888,0.7740654694402188,0.7740654694402188,0.7740654694402188,0.8947368421052632,0.8947368421052632,0.8947368421052632,0.8947368421052632,77.0,0.0,0.0,0.11885638206076164,19.0,0.0,0.0,0.16868979852996735,0.0,/media/mengh/SharedData/zhanh/auto_structbeat/caches/pilot/mscnn_final_last_gtzan/gtzan__gtzan_country_00018__track.npy.npz
mscnn_gtzan,dbn_matched_30_300,gtzan/gtzan_country_00019/track.npy,gtzan,1.0,0.9167868253786567,0.9167868253786567,0.9167868253786567,1.0,1.0,1.0,1.0,1.0,0.9667187311436783,0.9667187311436783,0.9667187311436783,1.0,1.0,1.0,1.0,43.0,0.0,0.0,0.08455738802806378,10.0,0.0,0.0,0.028573372444056146,0.0,/media/mengh/SharedData/zhanh/auto_structbeat/caches/pilot/mscnn_final_last_gtzan/gtzan__gtzan_country_00019__track.npy.npz
mscnn_gtzan,dbn_matched_30_300,gtzan/gtzan_country_00020/track.npy,gtzan,1.0,0.9582415322614406,0.9582415322614406,0.9582415322614406,1.0,1.0,1.0,1.0,1.0,0.9687167726614568,0.9687167726614568,0.9687167726614568,1.0,1.0,1.0,1.0,52.0,0.0,0.0,0.0689928714869542,13.0,0.0,0.0,0.008658062743115202,0.0,/media/mengh/SharedData/zhanh/auto_structbeat/caches/pilot/mscnn_final_last_gtzan/gtzan__gtzan_country_00020__track.npy.npz
mscnn_gtzan,dbn_matched_30_300,gtzan/gtzan_country_00021/track.npy,gtzan,0.9438202247191012,0.8219470107674169,0.8219470107674169,0.8219470107674169,0.9777777777777777,0.9777777777777777,0.9777777777777777,0.9777777777777777,1.0,0.846787450257144,0.846787450257144,0.846787450257144,1.0,1.0,1.0,1.0,54.0,0.0,0.0,0.07145896398214968,13.0,0.0,0.0,0.01365740132323201,0.0,/media/mengh/SharedData/zhanh/auto_structbeat/caches/pilot/mscnn_final_last_gtzan/gtzan__gtzan_country_00021__track.npy.npz
mscnn_gtzan,dbn_matched_30_300,gtzan/gtzan_country_00022/track.npy,gtzan,0.9615384615384616,0.7890413002805892,0.7890413002805892,0.7890413002805892,1.0,1.0,1.0,1.0,1.0,0.7381300535148333,0.7381300535148333,0.7381300535148333,1.0,1.0,1.0,1.0,31.0,0.0,0.0,0.04220484721150518,8.0,0.0,0.0,0.04413215319789787,0.0,/media/mengh/SharedData/zhanh/auto_structbeat/caches/pilot/mscnn_final_last_gtzan/gtzan__gtzan_country_00022__track.npy.npz
mscnn_gtzan,dbn_matched_30_300,gtzan/gtzan_country_00023/track.npy,gtzan,1.0,0.8059659146506082,0.8059659146506082,0.8059659146506082,1.0,1.0,1.0,1.0,1.0,0.7426607261840226,0.7426607261840226,0.7426607261840226,1.0,1.0,1.0,1.0,41.0,0.0,0.0,0.08223809823696616,10.0,0.0,0.0,0.022851312194956667,0.0,/media/mengh/SharedData/zhanh/auto_structbeat/caches/pilot/mscnn_final_last_gtzan/gtzan__gtzan_country_00023__track.npy.npz
mscnn_gtzan,dbn_matched_30_300,gtzan/gtzan_country_00024/track.npy,gtzan,1.0,0.8368522219027326,0.8368522219027326,0.8368522219027326,1.0,1.0,1.0,1.0,1.0,0.8308026403767237,0.8308026403767237,0.8308026403767237,1.0,1.0,1.0,1.0,64.0,0.0,0.0,0.0870113769896355,16.0,0.0,0.0,0.056747576140608866,0.0,/media/mengh/SharedData/zhanh/auto_structbeat/caches/pilot/mscnn_final_last_gtzan/gtzan__gtzan_country_00024__track.npy.npz
mscnn_gtzan,dbn_matched_30_300,gtzan/gtzan_country_00025/track.npy,gtzan,0.9333333333333333,0.8321531743933608,0.8321531743933608,0.8321531743933608,0.8333333333333334,0.9666666666666667,0.8333333333333334,0.9666666666666667,1.0,0.8942493533681537,0.8942493533681537,0.8942493533681537,1.0,1.0,1.0,1.0,36.0,0.0,0.0,0.04921725391126119,9.0,0.0,0.0,0.05312292871164929,0.0,/media/mengh/SharedData/zhanh/auto_structbeat/caches/pilot/mscnn_final_last_gtzan/gtzan__gtzan_country_00025__track.npy.npz
mscnn_gtzan,dbn_matched_30_300,gtzan/gtzan_country_00026/track.npy,gtzan,1.0,0.8515651568526069,0.8515651568526069,0.8515651568526069,1.0,1.0,1.0,1.0,1.0,0.8330470093528964,0.8330470093528964,0.8330470093528964,1.0,1.0,1.0,1.0,54.0,0.0,0.0,0.07410797215372329,14.0,0.0,0.0,0.018167290427161954,0.0,/media/mengh/SharedData/zhanh/auto_structbeat/caches/pilot/mscnn_final_last_gtzan/gtzan__gtzan_country_00026__track.npy.npz
mscnn_gtzan,dbn_matched_30_300,gtzan/gtzan_country_00027/track.npy,gtzan,1.0,0.8958381491212649,0.8958381491212649,0.8958381491212649,1.0,1.0,1.0,1.0,0.0,4.013765411753956e-214,0.8624221455477041,0.43121107277385207,0.0,0.0,0.9,0.9,47.0,0.0,0.0,0.06252035698133715,12.0,0.0,0.0,0.02318633339945852,0.0,/media/mengh/SharedData/zhanh/auto_structbeat/caches/pilot/mscnn_final_last_gtzan/gtzan__gtzan_country_00027__track.npy.npz
mscnn_gtzan,dbn_matched_30_300,gtzan/gtzan_country_00028/track.npy,gtzan,1.0,0.9355712509033666,0.9355712509033666,0.9355712509033666,1.0,1.0,1.0,1.0,1.0,0.8783107055504693,0.8783107055504693,0.8783107055504693,1.0,1.0,1.0,1.0,45.0,0.0,0.0,0.08961215868968525,11.0,0.0,0.0,0.03139684052665887,0.0,/media/mengh/SharedData/zhanh/auto_structbeat/caches/pilot/mscnn_final_last_gtzan/gtzan__gtzan_country_00028__track.npy.npz
mscnn_gtzan,dbn_matched_30_300,gtzan/gtzan_country_00029/track.npy,gtzan,0.8157894736842104,0.6086105377650296,0.6086105377650296,0.6086105377650296,0.631578947368421,0.8947368421052632,0.631578947368421,0.8947368421052632,0.9,0.6886591176897853,0.6886591176897853,0.6886591176897853,1.0,1.0,1.0,1.0,46.0,0.0,0.0,0.060624621816435936,12.0,0.0,0.0,0.023085918335637445,0.0,/media/mengh/SharedData/zhanh/auto_structbeat/caches/pilot/mscnn_final_last_gtzan/gtzan__gtzan_country_00029__track.npy.npz
mscnn_gtzan,dbn_matched_30_300,gtzan/gtzan_country_00030/track.npy,gtzan,1.0,0.912042264674019,0.912042264674019,0.912042264674019,1.0,1.0,1.0,1.0,1.0,0.8964012995141754,0.8964012995141754,0.8964012995141754,1.0,1.0,1.0,1.0,39.0,0.0,0.0,0.052928431042393934,10.0,0.0,0.0,0.028431067919597413,0.0,/media/mengh/SharedData/zhanh/auto_structbeat/caches/pilot/mscnn_final_last_gtzan/gtzan__gtzan_country_00030__track.npy.npz
mscnn_gtzan,dbn_matched_30_300,gtzan/gtzan_country_00031/track.npy,gtzan,1.0,0.9497184464391214,0.9497184464391214,0.9497184464391214,1.0,1.0,1.0,1.0,1.0,0.9476426852265427,0.9476426852265427,0.9476426852265427,1.0,1.0,1.0,1.0,55.0,0.0,0.0,0.07410797215371838,13.0,0.0,0.0,0.018349138668197373,0.0,/media/mengh/SharedData/zhanh/auto_structbeat/caches/pilot/mscnn_final_last_gtzan/gtzan__gtzan_country_00031__track.npy.npz
mscnn_gtzan,dbn_matched_30_300,gtzan/gtzan_country_00032/track.npy,gtzan,1.0,0.8897315573757051,0.8897315573757051,0.8897315573757051,1.0,1.0,1.0,1.0,1.0,0.876786719313822,0.876786719313822,0.876786719313822,1.0,1.0,1.0,1.0,49.0,0.0,0.0,0.06453852113756896,17.0,0.0,0.0,0.03229876703294778,0.0,/media/mengh/SharedData/zhanh/auto_structbeat/caches/pilot/mscnn_final_last_gtzan/gtzan__gtzan_country_00032__track.npy.npz
mscnn_gtzan,dbn_matched_30_300,gtzan/gtzan_country_00033/track.npy,gtzan,1.0,0.9622830984286355,0.9622830984286355,0.9622830984286355,1.0,1.0,1.0,1.0,1.0,0.9446590729447163,0.9446590729447163,0.9446590729447163,1.0,1.0,1.0,1.0,46.0,0.0,0.0,0.06062462181643358,12.0,0.0,0.0,0.015151805020601872,0.0,/media/mengh/SharedData/zhanh/auto_structbeat/caches/pilot/mscnn_final_last_gtzan/gtzan__gtzan_country_00033__track.npy.npz
mscnn_gtzan,dbn_matched_30_300,gtzan/gtzan_country_00034/track.npy,gtzan,0.5497076023391813,0.3040233054086113,0.4555558810306855,0.3797895932196484,0.0,0.0,0.543859649122807,0.9298245614035088,0.5238095238095237,0.2790758520201561,0.4186137780302342,0.34884481502519515,0.0,0.0,1.0,1.0,69.0,0.0,0.0,0.0897836578408954,17.0,0.0,0.0,0.029687003786909867,0.0,/media/mengh/SharedData/zhanh/auto_structbeat/caches/pilot/mscnn_final_last_gtzan/gtzan__gtzan_country_00034__track.npy.npz
mscnn_gtzan,dbn_matched_30_300,gtzan/gtzan_country_00035/track.npy,gtzan,0.375,0.15231164462610494,0.15231164462610494,0.15231164462610494,0.0,0.0,0.0,0.0,0.35714285714285715,0.1516585183137277,0.1516585183137277,0.1516585183137277,0.0,0.0,0.0,0.0,33.0,0.0,0.0,0.02197890671877771,9.0,0.0,0.0,0.014867247838526106,0.0,/media/mengh/SharedData/zhanh/auto_structbeat/caches/pilot/mscnn_final_last_gtzan/gtzan__gtzan_country_00035__track.npy.npz
mscnn_gtzan,dbn_matched_30_300,gtzan/gtzan_country_00036/track.npy,gtzan,1.0,0.8517850845335001,0.8517850845335001,0.8517850845335001,1.0,1.0,1.0,1.0,1.0,0.8800671744790973,0.8800671744790973,0.8800671744790973,1.0,1.0,1.0,1.0,56.0,0.0,0.0,0.07510654629756676,14.0,0.0,0.0,0.051077664411686124,0.0,/media/mengh/SharedData/zhanh/auto_structbeat/caches/pilot/mscnn_final_last_gtzan/gtzan__gtzan_country_00036__track.npy.npz
mscnn_gtzan,dbn_matched_30_300,gtzan/gtzan_country_00037/track.npy,gtzan,1.0,0.853742366411496,0.853742366411496,0.853742366411496,1.0,1.0,1.0,1.0,1.0,0.8519198637383997,0.8519198637383997,0.8519198637383997,1.0,1.0,1.0,1.0,49.0,0.0,0.0,0.06453852113757264,16.0,0.0,0.0,0.02173998663640605,0.0,/media/mengh/SharedData/zhanh/auto_structbeat/caches/pilot/mscnn_final_last_gtzan/gtzan__gtzan_country_00037__track.npy.npz
mscnn_gtzan,dbn_matched_30_300,gtzan/gtzan_country_00038/track.npy,gtzan,0.9922480620155039,0.921519791335817,0.921519791335817,0.921519791335817,0.9846153846153847,0.9846153846153847,0.9846153846153847,0.9846153846153847,1.0,0.9134739947254928,0.9134739947254928,0.9134739947254928,1.0,1.0,1.0,1.0,78.0,0.0,0.0,0.05198677610823743,20.0,0.0,0.0,0.029873124282378847,0.0,/media/mengh/SharedData/zhanh/auto_structbeat/caches/pilot/mscnn_final_last_gtzan/gtzan__gtzan_country_00038__track.npy.npz
mscnn_gtzan,dbn_matched_30_300,gtzan/gtzan_country_00039/track.npy,gtzan,0.4672897196261683,0.40382395821737876,0.4171837799927588,0.41050386910506875,0.0,0.0,0.23076923076923078,0.23076923076923078,0.2962962962962963,0.26314071323631233,0.26314071323631233,0.26314071323631233,0.0,0.0,0.3,0.3,35.0,0.0,0.0,0.10396833488032031,9.0,0.0,0.0,0.26441812750204985,0.0,/media/mengh/SharedData/zhanh/auto_structbeat/caches/pilot/mscnn_final_last_gtzan/gtzan__gtzan_country_00039__track.npy.npz
mscnn_gtzan,dbn_matched_30_300,gtzan/gtzan_country_00040/track.npy,gtzan,0.9411764705882353,0.7538181570324427,0.7538181570324427,0.7538181570324427,0.5333333333333333,0.9166666666666666,0.5333333333333333,0.9166666666666666,0.4137931034482759,0.326244340869439,0.49160980763973694,0.40892707425458796,0.3333333333333333,0.3333333333333333,0.5333333333333333,0.5333333333333333,72.0,0.0,0.0,0.09531017980432449,18.0,0.0,0.0,0.331114664323227,0.0,/media/mengh/SharedData/zhanh/auto_structbeat/caches/pilot/mscnn_final_last_gtzan/gtzan__gtzan_country_00040__track.npy.npz
mscnn_gtzan,dbn_matched_30_300,gtzan/gtzan_country_00041/track.npy,gtzan,0.9818181818181818,0.9181305806156445,0.9181305806156445,0.9181305806156445,0.9818181818181818,0.9818181818181818,0.9818181818181818,0.9818181818181818,1.0,0.9253975428074613,0.9253975428074613,0.9253975428074613,1.0,1.0,1.0,1.0,66.0,0.0,0.0,0.07754213198381935,16.0,0.0,0.0,0.02197890671877678,0.0,/media/mengh/SharedData/zhanh/auto_structbeat/caches/pilot/mscnn_final_last_gtzan/gtzan__gtzan_country_00041__track.npy.npz
mscnn_gtzan,dbn_matched_30_300,gtzan/gtzan_country_00042/track.npy,gtzan,0.28,0.23158802704329695,0.40629478339824904,0.31894140522077297,0.0,0.0,0.0,0.0,0.32,0.3050284527329076,0.508380754554846,0.4067046036438768,0.0,0.0,0.0,0.0,17.0,0.0,0.0,0.08176100882870589,4.0,0.0,0.0,0.0027027045256197923,0.0,/media/mengh/SharedData/zhanh/auto_structbeat/caches/pilot/mscnn_final_last_gtzan/gtzan__gtzan_country_00042__track.npy.npz
mscnn_gtzan,dbn_matched_30_300,gtzan/gtzan_country_00043/track.npy,gtzan,0.9827586206896551,0.7610422316370546,0.7610422316370546,0.7610422316370546,1.0,1.0,1.0,1.0,1.0,0.7242326477517945,0.7242326477517945,0.7242326477517945,1.0,1.0,1.0,1.0,69.0,0.0,0.0,0.04810911960907177,17.0,0.0,0.0,0.04706751085798518,0.0,/media/mengh/SharedData/zhanh/auto_structbeat/caches/pilot/mscnn_final_last_gtzan/gtzan__gtzan_country_00043__track.npy.npz
mscnn_gtzan,dbn_matched_30_300,gtzan/gtzan_country_00044/track.npy,gtzan,0.9846153846153847,0.9309467789704393,0.9309467789704393,0.9309467789704393,0.9696969696969697,0.9696969696969697,0.9696969696969697,0.9696969696969697,1.0,0.9675514539164155,0.9675514539164155,0.9675514539164155,1.0,1.0,1.0,1.0,39.0,0.0,0.0,0.05770729508228331,10.0,0.0,0.0,0.010791943209935546,0.0,/media/mengh/SharedData/zhanh/auto_structbeat/caches/pilot/mscnn_final_last_gtzan/gtzan__gtzan_country_00044__track.npy.npz
mscnn_gtzan,dbn_matched_30_300,gtzan/gtzan_country_00045/track.npy,gtzan,0.9696969696969697,0.9255355207776428,0.9255355207776428,0.9255355207776428,0.9696969696969697,0.9696969696969697,0.9696969696969697,0.9696969696969697,0.8888888888888888,0.7965752418875268,0.7965752418875268,0.7965752418875268,1.0,1.0,1.0,1.0,40.0,0.0,0.0,0.054067221270275294,10.0,0.0,0.0,0.03885789022491494,0.0,/media/mengh/SharedData/zhanh/auto_structbeat/caches/pilot/mscnn_final_last_gtzan/gtzan__gtzan_country_00045__track.npy.npz
mscnn_gtzan,dbn_matched_30_300,gtzan/gtzan_country_00046/track.npy,gtzan,0.9923664122137404,0.958546742454274,0.958546742454274,0.958546742454274,0.9848484848484849,0.9848484848484849,0.9848484848484849,0.9848484848484849,1.0,0.9638734817862513,0.9638734817862513,0.9638734817862513,1.0,1.0,1.0,1.0,79.0,0.0,0.0,0.10536051565782856,20.0,0.0,0.0,0.026317308317374,0.0,/media/mengh/SharedData/zhanh/auto_structbeat/caches/pilot/mscnn_final_last_gtzan/gtzan__gtzan_country_00046__track.npy.npz
mscnn_gtzan,dbn_matched_30_300,gtzan/gtzan_country_00047/track.npy,gtzan,1.0,0.9374460726349613,0.9374460726349613,0.9374460726349613,1.0,1.0,1.0,1.0,1.0,0.9527371166344256,0.9527371166344256,0.9527371166344256,1.0,1.0,1.0,1.0,75.0,0.0,0.0,0.10008345855698413,18.0,0.0,0.0,0.015607239802739314,0.0,/media/mengh/SharedData/zhanh/auto_structbeat/caches/pilot/mscnn_final_last_gtzan/gtzan__gtzan_country_00047__track.npy.npz
mscnn_gtzan,dbn_matched_30_300,gtzan/gtzan_country_00048/track.npy,gtzan,0.9696969696969697,0.654244880413711,0.654244880413711,0.654244880413711,0.98,0.98,0.98,0.98,1.0,0.6878074261649454,0.6878074261649454,0.6878074261649454,1.0,1.0,1.0,1.0,60.0,0.0,0.0,0.08004270767353472,15.0,0.0,0.0,0.023473235753070705,0.0,/media/mengh/SharedData/zhanh/auto_structbeat/caches/pilot/mscnn_final_last_gtzan/gtzan__gtzan_country_00048__track.npy.npz
mscnn_gtzan,dbn_matched_30_300,gtzan/gtzan_country_00049/track.npy,gtzan,1.0,0.9532090898325264,0.9532090898325264,0.9532090898325264,1.0,1.0,1.0,1.0,1.0,0.9505408237643426,0.9505408237643426,0.9505408237643426,1.0,1.0,1.0,1.0,57.0,0.0,0.0,0.07696104113612845,14.0,0.0,0.0,0.02843793532053331,0.0,/media/mengh/SharedData/zhanh/auto_structbeat/caches/pilot/mscnn_final_last_gtzan/gtzan__gtzan_country_00049__track.npy.npz
mscnn_gtzan,dbn_matched_30_300,gtzan/gtzan_country_00050/track.npy,gtzan,1.0,0.976568220838868,0.976568220838868,0.976568220838868,1.0,1.0,1.0,1.0,1.0,0.9776683776545304,0.9776683776545304,0.9776683776545304,1.0,1.0,1.0,1.0,60.0,0.0,0.0,0.039220713153287345,15.0,0.0,0.0,0.013832428784279292,0.0,/media/mengh/SharedData/zhanh/auto_structbeat/caches/pilot/mscnn_final_last_gtzan/gtzan__gtzan_country_00050__track.npy.npz
mscnn_gtzan,dbn_matched_30_300,gtzan/gtzan_country_00051/track.npy,gtzan,1.0,0.958048902418087,0.958048902418087,0.958048902418087,1.0,1.0,1.0,1.0,1.0,0.9693965941207965,0.9693965941207965,0.9693965941207965,1.0,1.0,1.0,1.0,32.0,0.0,0.0,0.05666100481042654,8.0,0.0,0.0,0.009463203945496546,0.0,/media/mengh/SharedData/zhanh/auto_structbeat/caches/pilot/mscnn_final_last_gtzan/gtzan__gtzan_country_00051__track.npy.npz
mscnn_gtzan,dbn_matched_30_300,gtzan/gtzan_country_00052/track.npy,gtzan,1.0,0.739446724091524,0.739446724091524,0.739446724091524,1.0,1.0,1.0,1.0,1.0,0.9273528551696681,0.9273528551696681,0.9273528551696681,1.0,1.0,1.0,1.0,36.0,0.0,0.0,0.047628048989254844,12.0,0.0,0.0,0.020084780695937634,0.0,/media/mengh/SharedData/zhanh/auto_structbeat/caches/pilot/mscnn_final_last_gtzan/gtzan__gtzan_country_00052__track.npy.npz
mscnn_gtzan,dbn_matched_30_300,gtzan/gtzan_country_00053/track.npy,gtzan,1.0,0.9581697463368956,0.9581697463368956,0.9581697463368956,1.0,1.0,1.0,1.0,1.0,0.9620106192178207,0.9620106192178207,0.9620106192178207,1.0,1.0,1.0,1.0,90.0,0.0,0.0,0.11778303565638115,22.0,0.0,0.0,0.04512043528046873,0.0,/media/mengh/SharedData/zhanh/auto_structbeat/caches/pilot/mscnn_final_last_gtzan/gtzan__gtzan_country_00053__track.npy.npz
mscnn_gtzan,dbn_matched_30_300,gtzan/gtzan_country_00054/track.npy,gtzan,1.0,0.9186819831446326,0.9186819831446326,0.9186819831446326,1.0,1.0,1.0,1.0,1.0,0.902180844088527,0.902180844088527,0.902180844088527,1.0,1.0,1.0,1.0,38.0,0.0,0.0,0.08349202074152542,10.0,0.0,0.0,0.04165776422265544,0.0,/media/mengh/SharedData/zhanh/auto_structbeat/caches/pilot/mscnn_final_last_gtzan/gtzan__gtzan_country_00054__track.npy.npz
mscnn_gtzan,dbn_matched_30_300,gtzan/gtzan_country_00055/track.npy,gtzan,1.0,0.9777611728611324,0.9777611728611324,0.9777611728611324,1.0,1.0,1.0,1.0,1.0,0.9798847136776591,0.9798847136776591,0.9798847136776591,1.0,1.0,1.0,1.0,66.0,0.0,0.0,0.044451762570840825,17.0,0.0,0.0,0.021978906718778668,0.0,/media/mengh/SharedData/zhanh/auto_structbeat/caches/pilot/mscnn_final_last_gtzan/gtzan__gtzan_country_00055__track.npy.npz
mscnn_gtzan,dbn_matched_30_300,gtzan/gtzan_country_00056/track.npy,gtzan,0.9855072463768115,0.856375674269561,0.856375674269561,0.856375674269561,0.9714285714285714,0.9714285714285714,0.9714285714285714,0.9714285714285714,1.0,0.8530116240961373,0.8530116240961373,0.8530116240961373,1.0,1.0,1.0,1.0,41.0,0.0,0.0,0.05406722127027575,14.0,0.0,0.0,0.018257387896443666,0.0,/media/mengh/SharedData/zhanh/auto_structbeat/caches/pilot/mscnn_final_last_gtzan/gtzan__gtzan_country_00056__track.npy.npz
mscnn_gtzan,dbn_matched_30_300,gtzan/gtzan_country_00057/track.npy,gtzan,0.9818181818181818,0.881214601784791,0.881214601784791,0.881214601784791,0.9642857142857143,0.9642857142857143,0.9642857142857143,0.9642857142857143,0.0,0.0,0.8511770817374781,0.42558854086873904,0.0,0.0,0.8571428571428571,0.8571428571428571,33.0,0.0,0.0,0.06747541963937267,8.0,0.0,0.0,0.025473332670320092,0.0,/media/mengh/SharedData/zhanh/auto_structbeat/caches/pilot/mscnn_final_last_gtzan/gtzan__gtzan_country_00057__track.npy.npz
mscnn_gtzan,dbn_matched_30_300,gtzan/gtzan_country_00058/track.npy,gtzan,0.9894736842105264,0.9127876895752673,0.9127876895752673,0.9127876895752673,0.9791666666666666,0.9791666666666666,0.9791666666666666,0.9791666666666666,1.0,0.9522336724825676,0.9522336724825676,0.9522336724825676,1.0,1.0,1.0,1.0,57.0,0.0,0.0,0.07696104113612678,14.0,0.0,0.0,0.01370412711197168,0.0,/media/mengh/SharedData/zhanh/auto_structbeat/caches/pilot/mscnn_final_last_gtzan/gtzan__gtzan_country_00058__track.npy.npz
mscnn_gtzan,dbn_matched_30_300,gtzan/gtzan_country_00059/track.npy,gtzan,0.9655172413793104,0.8894772813836563,0.8894772813836563,0.8894772813836563,1.0,1.0,1.0,1.0,1.0,0.8479093295501572,0.8479093295501572,0.8479093295501572,1.0,1.0,1.0,1.0,34.0,0.0,0.0,0.11038010806166229,8.0,0.0,0.0,0.038419654835084194,0.0,/media/mengh/SharedData/zhanh/auto_structbeat/caches/pilot/mscnn_final_last_gtzan/gtzan__gtzan_country_00059__track.npy.npz
mscnn_gtzan,dbn_matched_30_300,gtzan/gtzan_country_00060/track.npy,gtzan,0.983050847457627,0.9281388077614804,0.9281388077614804,0.9281388077614804,0.9666666666666667,0.9666666666666667,0.9666666666666667,0.9666666666666667,1.0,0.953117245579756,0.953117245579756,0.953117245579756,1.0,1.0,1.0,1.0,35.0,0.0,0.0,0.04652001563489232,11.0,0.0,0.0,0.015576865356233704,0.0,/media/mengh/SharedData/zhanh/auto_structbeat/caches/pilot/mscnn_final_last_gtzan/gtzan__gtzan_country_00060__track.npy.npz
mscnn_gtzan,dbn_matched_30_300,gtzan/gtzan_country_00061/track.npy,gtzan,1.0,0.9201241243571807,0.9201241243571807,0.9201241243571807,1.0,1.0,1.0,1.0,1.0,0.9111760900661972,0.9111760900661972,0.9111760900661972,1.0,1.0,1.0,1.0,30.0,0.0,0.0,0.05291292138811124,8.0,0.0,0.0,0.008835270497367043,0.0,/media/mengh/SharedData/zhanh/auto_structbeat/caches/pilot/mscnn_final_last_gtzan/gtzan__gtzan_country_00061__track.npy.npz
mscnn_gtzan,dbn_matched_30_300,gtzan/gtzan_country_00062/track.npy,gtzan,1.0,0.9691575027534469,0.9691575027534469,0.9691575027534469,1.0,1.0,1.0,1.0,0.0,6.77254205685402e-60,0.931378176114055,0.4656890880570275,0.0,0.0,0.9444444444444444,0.9444444444444444,88.0,0.0,0.0,0.1177830356563897,22.0,0.0,0.0,0.02941388520629535,0.0,/media/mengh/SharedData/zhanh/auto_structbeat/caches/pilot/mscnn_final_last_gtzan/gtzan__gtzan_country_00062__track.npy.npz
mscnn_gtzan,dbn_matched_30_300,gtzan/gtzan_country_00063/track.npy,gtzan,0.9859154929577464,0.9616050720555672,0.9616050720555672,0.9616050720555672,0.9722222222222222,0.9722222222222222,0.9722222222222222,0.9722222222222222,0.9411764705882353,0.9322017064301297,0.9322017064301297,0.9322017064301297,0.8888888888888888,0.8888888888888888,0.8888888888888888,0.8888888888888888,42.0,0.0,0.0,0.05556985115480979,10.0,0.0,0.0,0.007017572658646554,0.0,/media/mengh/SharedData/zhanh/auto_structbeat/caches/pilot/mscnn_final_last_gtzan/gtzan__gtzan_country_00063__track.npy.npz
mscnn_gtzan,dbn_matched_30_300,gtzan/gtzan_country_00064/track.npy,gtzan,0.9818181818181818,0.9561165327560243,0.9561165327560243,0.9561165327560243,0.9642857142857143,0.9642857142857143,0.9642857142857143,0.9642857142857143,1.0,0.9524792272071662,0.9524792272071662,0.9524792272071662,1.0,1.0,1.0,1.0,34.0,0.0,0.0,0.054129554920266255,8.0,0.0,0.0,0.015144256857306915,0.0,/media/mengh/SharedData/zhanh/auto_structbeat/caches/pilot/mscnn_final_last_gtzan/gtzan__gtzan_country_00064__track.npy.npz
mscnn_gtzan,dbn_matched_30_300,gtzan/gtzan_country_00065/track.npy,gtzan,0.64,0.5716883743432123,0.8575325615148184,0.7146104679290153,0.0,0.0,1.0,1.0,0.631578947368421,0.5751871429616796,0.9107129763559927,0.7429500596588361,0.0,0.0,1.0,1.0,30.0,0.0,0.0,0.09062150189939472,7.0,0.0,0.0,0.0428648456150873,0.0,/media/mengh/SharedData/zhanh/auto_structbeat/caches/pilot/mscnn_final_last_gtzan/gtzan__gtzan_country_00065__track.npy.npz
mscnn_gtzan,dbn_matched_30_300,gtzan/gtzan_country_00066/track.npy,gtzan,0.6715328467153284,0.6266983698031606,0.933235613321883,0.7799669915625218,0.0,0.0,1.0,1.0,0.6470588235294118,0.5890347418767224,0.9103264192640256,0.749680580570374,0.0,0.0,1.0,1.0,55.0,0.0,0.0,0.07410797215372045,13.0,0.0,0.0,0.01835068342521401,0.0,/media/mengh/SharedData/zhanh/auto_structbeat/caches/pilot/mscnn_final_last_gtzan/gtzan__gtzan_country_00066__track.npy.npz
mscnn_gtzan,dbn_matched_30_300,gtzan/gtzan_country_00067/track.npy,gtzan,0.9259259259259259,0.734441014308664,0.734441014308664,0.734441014308664,1.0,1.0,1.0,1.0,1.0,0.6901702447814404,0.6901702447814404,0.6901702447814404,1.0,1.0,1.0,1.0,32.0,0.0,0.0,0.05475168904871654,8.0,0.0,0.0,0.0660685042662097,0.0,/media/mengh/SharedData/zhanh/auto_structbeat/caches/pilot/mscnn_final_last_gtzan/gtzan__gtzan_country_00067__track.npy.npz
mscnn_gtzan,dbn_matched_30_300,gtzan/gtzan_country_00068/track.npy,gtzan,1.0,0.873059772236056,0.873059772236056,0.873059772236056,1.0,1.0,1.0,1.0,1.0,0.9313535335939981,0.9313535335939981,0.9313535335939981,1.0,1.0,1.0,1.0,42.0,0.0,0.0,0.0585283625493532,10.0,0.0,0.0,0.0323732228020854,0.0,/media/mengh/SharedData/zhanh/auto_structbeat/caches/pilot/mscnn_final_last_gtzan/gtzan__gtzan_country_00068__track.npy.npz
mscnn_gtzan,dbn_matched_30_300,gtzan/gtzan_country_00069/track.npy,gtzan,1.0,0.837153503610489,0.837153503610489,0.837153503610489,1.0,1.0,1.0,1.0,1.0,0.8783874566885197,0.8783874566885197,0.8783874566885197,1.0,1.0,1.0,1.0,57.0,0.0,0.0,0.07696104113612735,19.0,0.0,0.0,0.04032100895002995,0.0,/media/mengh/SharedData/zhanh/auto_structbeat/caches/pilot/mscnn_final_last_gtzan/gtzan__gtzan_country_00069__track.npy.npz
mscnn_gtzan,dbn_matched_30_300,gtzan/gtzan_country_00070/track.npy,gtzan,0.6666666666666666,0.6191986652674466,0.928797996882677,0.7739983310750618,0.0,0.0,1.0,1.0,0.6470588235294118,0.6115202951470711,0.9450768197727463,0.7782985574599086,0.0,0.0,1.0,1.0,56.0,0.0,0.0,0.037740327982847446,14.0,0.0,0.0,0.03516456532061203,0.0,/media/mengh/SharedData/zhanh/auto_structbeat/caches/pilot/mscnn_final_last_gtzan/gtzan__gtzan_country_00070__track.npy.npz
mscnn_gtzan,dbn_matched_30_300,gtzan/gtzan_country_00071/track.npy,gtzan,0.967741935483871,0.799418524033017,0.799418524033017,0.799418524033017,1.0,1.0,1.0,1.0,0.8571428571428571,0.797774810618092,0.797774810618092,0.797774810618092,1.0,1.0,1.0,1.0,37.0,0.0,0.0,0.07921751704703463,9.0,0.0,0.0,0.016303670769642092,0.0,/media/mengh/SharedData/zhanh/auto_structbeat/caches/pilot/mscnn_final_last_gtzan/gtzan__gtzan_country_00071__track.npy.npz
mscnn_gtzan,dbn_matched_30_300,gtzan/gtzan_country_00072/track.npy,gtzan,1.0,0.9478227573976996,0.9478227573976996,0.9478227573976996,1.0,1.0,1.0,1.0,1.0,0.9154550193217954,0.9154550193217954,0.9154550193217954,1.0,1.0,1.0,1.0,75.0,0.0,0.0,0.07080936005532673,19.0,0.0,0.0,0.025001302205418963,0.0,/media/mengh/SharedData/zhanh/auto_structbeat/caches/pilot/mscnn_final_last_gtzan/gtzan__gtzan_country_00072__track.npy.npz
mscnn_gtzan,dbn_matched_30_300,gtzan/gtzan_country_00073/track.npy,gtzan,0.6736842105263158,0.6125585764967321,0.9092666369873367,0.7609126067420344,0.0,0.0,1.0,1.0,0.6666666666666666,0.6048872508070775,0.9073308762106163,0.7561090635088469,0.0,0.0,1.0,1.0,38.0,0.0,0.0,0.07647981560086611,9.0,0.0,0.0,0.023289394710964667,0.0,/media/mengh/SharedData/zhanh/auto_structbeat/caches/pilot/mscnn_final_last_gtzan/gtzan__gtzan_country_00073__track.npy.npz
mscnn_gtzan,dbn_matched_30_300,gtzan/gtzan_country_00074/track.npy,gtzan,1.0,0.7755556270369715,0.7755556270369715,0.7755556270369715,1.0,1.0,1.0,1.0,1.0,0.7983665837619061,0.7983665837619061,0.7983665837619061,1.0,1.0,1.0,1.0,34.0,0.0,0.0,0.05526709410550168,9.0,0.0,0.0,0.03390155167568045,0.0,/media/mengh/SharedData/zhanh/auto_structbeat/caches/pilot/mscnn_final_last_gtzan/gtzan__gtzan_country_00074__track.npy.npz
mscnn_gtzan,dbn_matched_30_300,gtzan/gtzan_country_00075/track.npy,gtzan,1.0,0.9574763828145656,0.9574763828145656,0.9574763828145656,1.0,1.0,1.0,1.0,1.0,0.9723652675418666,0.9723652675418666,0.9723652675418666,1.0,1.0,1.0,1.0,48.0,0.0,0.0,0.05508772344174845,12.0,0.0,0.0,0.024011137752583362,0.0,/media/mengh/SharedData/zhanh/auto_structbeat/caches/pilot/mscnn_final_last_gtzan/gtzan__gtzan_country_00075__track.npy.npz
mscnn_gtzan,dbn_matched_30_300,gtzan/gtzan_country_00076/track.npy,gtzan,1.0,0.8795969449786554,0.8795969449786554,0.8795969449786554,1.0,1.0,1.0,1.0,1.0,0.8857349062137626,0.8857349062137626,0.8857349062137626,1.0,1.0,1.0,1.0,72.0,0.0,0.0,0.09793548311828965,18.0,0.0,0.0,0.027385500885838437,0.0,/media/mengh/SharedData/zhanh/auto_structbeat/caches/pilot/mscnn_final_last_gtzan/gtzan__gtzan_country_00076__track.npy.npz
mscnn_gtzan,dbn_matched_30_300,gtzan/gtzan_country_00077/track.npy,gtzan,0.9668874172185431,0.7743044831154293,0.7743044831154293,0.7743044831154293,0.3815789473684211,0.868421052631579,0.3815789473684211,0.868421052631579,0.8947368421052632,0.752268602062164,0.752268602062164,0.752268602062164,1.0,1.0,1.0,1.0,91.0,0.0,0.0,0.0629729614091213,23.0,0.0,0.0,0.07522342123758657,0.0,/media/mengh/SharedData/zhanh/auto_structbeat/caches/pilot/mscnn_final_last_gtzan/gtzan__gtzan_country_00077__track.npy.npz
mscnn_gtzan,dbn_matched_30_300,gtzan/gtzan_country_00078/track.npy,gtzan,0.7719298245614034,0.5744688739674619,0.5744688739674619,0.5744688739674619,0.8275862068965517,0.8275862068965517,0.8275862068965517,0.8275862068965517,0.8571428571428571,0.5824673315239542,0.5824673315239542,0.5824673315239542,1.0,1.0,1.0,1.0,35.0,0.0,0.0,0.09845980237668783,9.0,0.0,0.0,0.13754590060724095,0.0,/media/mengh/SharedData/zhanh/auto_structbeat/caches/pilot/mscnn_final_last_gtzan/gtzan__gtzan_country_00078__track.npy.npz
mscnn_gtzan,dbn_matched_30_300,gtzan/gtzan_country_00079/track.npy,gtzan,1.0,0.8978041407209283,0.8978041407209283,0.8978041407209283,1.0,1.0,1.0,1.0,1.0,0.9004780103450156,0.9004780103450156,0.9004780103450156,1.0,1.0,1.0,1.0,41.0,0.0,0.0,0.05823667586303035,14.0,0.0,0.0,0.031865448547083994,0.0,/media/mengh/SharedData/zhanh/auto_structbeat/caches/pilot/mscnn_final_last_gtzan/gtzan__gtzan_country_00079__track.npy.npz
mscnn_gtzan,dbn_matched_30_300,gtzan/gtzan_country_00080/track.npy,gtzan,0.6666666666666666,0.6452141597440055,0.9678212396146596,0.8065176996793326,0.0,0.0,1.0,1.0,0.6875000000000001,0.6682406409444361,0.9719863868282708,0.8201135138863535,0.0,0.0,1.0,1.0,49.0,0.0,0.0,0.05501391164319759,13.0,0.0,0.0,0.016260520871779593,0.0,/media/mengh/SharedData/zhanh/auto_structbeat/caches/pilot/mscnn_final_last_gtzan/gtzan__gtzan_country_00080__track.npy.npz
mscnn_gtzan,dbn_matched_30_300,gtzan/gtzan_country_00081/track.npy,gtzan,1.0,0.9403471675532445,0.9403471675532445,0.9403471675532445,1.0,1.0,1.0,1.0,1.0,0.9608112554635253,0.9608112554635253,0.9608112554635253,1.0,1.0,1.0,1.0,90.0,0.0,0.0,0.060624621816444346,22.0,0.0,0.0,0.04662558457832518,0.0,/media/mengh/SharedData/zhanh/auto_structbeat/caches/pilot/mscnn_final_last_gtzan/gtzan__gtzan_country_00081__track.npy.npz
mscnn_gtzan,dbn_matched_30_300,gtzan/gtzan_country_00082/track.npy,gtzan,0.6712328767123288,0.6397567528875221,0.9531069874240995,0.7964318701558109,0.0,0.0,1.0,1.0,0.6666666666666666,0.6533631626950638,0.9800447440425958,0.8167039533688298,0.0,0.0,1.0,1.0,59.0,0.0,0.0,0.039220713153287345,15.0,0.0,0.0,0.00975617494536618,0.0,/media/mengh/SharedData/zhanh/auto_structbeat/caches/pilot/mscnn_final_last_gtzan/gtzan__gtzan_country_00082__track.npy.npz
mscnn_gtzan,dbn_matched_30_300,gtzan/gtzan_country_00083/track.npy,gtzan,1.0,0.9558661950860653,0.9558661950860653,0.9558661950860653,1.0,1.0,1.0,1.0,1.0,0.9634933118085607,0.9634933118085607,0.9634933118085607,1.0,1.0,1.0,1.0,37.0,0.0,0.0,0.048790164169435324,10.0,0.0,0.0,0.010054593637715832,0.0,/media/mengh/SharedData/zhanh/auto_structbeat/caches/pilot/mscnn_final_last_gtzan/gtzan__gtzan_country_00083__track.npy.npz
mscnn_gtzan,dbn_matched_30_300,gtzan/gtzan_country_00084/track.npy,gtzan,1.0,0.9341149039520915,0.9341149039520915,0.9341149039520915,1.0,1.0,1.0,1.0,1.0,0.9586862913675925,0.9586862913675925,0.9586862913675925,1.0,1.0,1.0,1.0,87.0,0.0,0.0,0.11778303565638115,22.0,0.0,0.0,0.04317217186520943,0.0,/media/mengh/SharedData/zhanh/auto_structbeat/caches/pilot/mscnn_final_last_gtzan/gtzan__gtzan_country_00084__track.npy.npz
mscnn_gtzan,dbn_matched_30_300,gtzan/gtzan_country_00085/track.npy,gtzan,1.0,0.9373622584608691,0.9373622584608691,0.9373622584608691,1.0,1.0,1.0,1.0,1.0,0.8535922499686915,0.8535922499686915,0.8535922499686915,1.0,1.0,1.0,1.0,36.0,0.0,0.0,0.05001042057466331,9.0,0.0,0.0,0.03268661639333027,0.0,/media/mengh/SharedData/zhanh/auto_structbeat/caches/pilot/mscnn_final_last_gtzan/gtzan__gtzan_country_00085__track.npy.npz
mscnn_gtzan,dbn_matched_30_300,gtzan/gtzan_country_00086/track.npy,gtzan,0.6621621621621622,0.60653155917608,0.906733971297796,0.756632765236938,0.0,0.0,0.98,0.98,0.6842105263157895,0.6336393099102898,0.9260882221765775,0.7798637660434337,0.0,0.0,1.0,1.0,60.0,0.0,0.0,0.08004270767353498,15.0,0.0,0.0,0.03342356660623956,0.0,/media/mengh/SharedData/zhanh/auto_structbeat/caches/pilot/mscnn_final_last_gtzan/gtzan__gtzan_country_00086__track.npy.npz
mscnn_gtzan,dbn_matched_30_300,gtzan/gtzan_country_00087/track.npy,gtzan,1.0,0.9198398082202188,0.9198398082202188,0.9198398082202188,1.0,1.0,1.0,1.0,1.0,0.9370762381834318,0.9370762381834318,0.9370762381834318,1.0,1.0,1.0,1.0,36.0,0.0,0.0,0.04879016416943205,9.0,0.0,0.0,0.010246531298111324,0.0,/media/mengh/SharedData/zhanh/auto_structbeat/caches/pilot/mscnn_final_last_gtzan/gtzan__gtzan_country_00087__track.npy.npz
mscnn_gtzan,dbn_matched_30_300,gtzan/gtzan_country_00088/track.npy,gtzan,1.0,0.9546556871495664,0.9546556871495664,0.9546556871495664,1.0,1.0,1.0,1.0,1.0,0.9642664418423539,0.9642664418423539,0.9642664418423539,1.0,1.0,1.0,1.0,53.0,0.0,0.0,0.035091319811275556,13.0,0.0,0.0,0.017544309650908974,0.0,/media/mengh/SharedData/zhanh/auto_structbeat/caches/pilot/mscnn_final_last_gtzan/gtzan__gtzan_country_00088__track.npy.npz
mscnn_gtzan,dbn_matched_30_300,gtzan/gtzan_country_00089/track.npy,gtzan,1.0,0.9022373763935284,0.9022373763935284,0.9022373763935284,1.0,1.0,1.0,1.0,1.0,0.9783590732410212,0.9783590732410212,0.9783590732410212,1.0,1.0,1.0,1.0,37.0,0.0,0.0,0.04915624109100124,10.0,0.0,0.0,0.01219527309381907,0.0,/media/mengh/SharedData/zhanh/auto_structbeat/caches/pilot/mscnn_final_last_gtzan/gtzan__gtzan_country_00089__track.npy.npz
mscnn_gtzan,dbn_matched_30_300,gtzan/gtzan_country_00090/track.npy,gtzan,1.0,0.975324957851427,0.975324957851427,0.975324957851427,1.0,1.0,1.0,1.0,1.0,0.9847050266867843,0.9847050266867843,0.9847050266867843,1.0,1.0,1.0,1.0,68.0,0.0,0.0,0.09097177820572444,17.0,0.0,0.0,0.022472855852056984,0.0,/media/mengh/SharedData/zhanh/auto_structbeat/caches/pilot/mscnn_final_last_gtzan/gtzan__gtzan_country_00090__track.npy.npz
mscnn_gtzan,dbn_matched_30_300,gtzan/gtzan_country_00091/track.npy,gtzan,0.5,0.4722843672506487,0.4722843672506487,0.4722843672506487,0.0,0.0,0.0,0.0,0.4,0.36800703182984945,0.5481949010356955,0.4581009664327724,0.0,0.0,0.0,0.0,58.0,0.0,0.0,0.07696104113612884,20.0,0.0,0.0,0.02752924794436809,0.0,/media/mengh/SharedData/zhanh/auto_structbeat/caches/pilot/mscnn_final_last_gtzan/gtzan__gtzan_country_00091__track.npy.npz
mscnn_gtzan,dbn_matched_30_300,gtzan/gtzan_country_00092/track.npy,gtzan,0.02898550724637681,0.022511134598639918,0.8728810173882334,0.4476960759934367,0.014285714285714285,0.014285714285714285,0.5857142857142857,0.9,0.05714285714285714,0.04072556378509312,0.05274128123289809,0.046733422508995606,0.9444444444444444,0.9444444444444444,0.9444444444444444,0.9444444444444444,84.0,0.0,0.0,0.1112256351102221,21.0,0.0,0.0,0.10678343568406241,0.0,/media/mengh/SharedData/zhanh/auto_structbeat/caches/pilot/mscnn_final_last_gtzan/gtzan__gtzan_country_00092__track.npy.npz
mscnn_gtzan,dbn_matched_30_300,gtzan/gtzan_country_00093/track.npy,gtzan,0.9714285714285714,0.8152111464965636,0.8152111464965636,0.8152111464965636,1.0,1.0,1.0,1.0,1.0,0.8132477615849604,0.8132477615849604,0.8132477615849604,1.0,1.0,1.0,1.0,43.0,0.0,0.0,0.08455738802806134,15.0,0.0,0.0,0.02871010588243179,0.0,/media/mengh/SharedData/zhanh/auto_structbeat/caches/pilot/mscnn_final_last_gtzan/gtzan__gtzan_country_00093__track.npy.npz
mscnn_gtzan,dbn_matched_30_300,gtzan/gtzan_country_00094/track.npy,gtzan,1.0,0.9690134094403201,0.9690134094403201,0.9690134094403201,1.0,1.0,1.0,1.0,1.0,0.9825846934522776,0.9825846934522776,0.9825846934522776,1.0,1.0,1.0,1.0,57.0,0.0,0.0,0.05054281154813425,14.0,0.0,0.0,0.009478743954544556,0.0,/media/mengh/SharedData/zhanh/auto_structbeat/caches/pilot/mscnn_final_last_gtzan/gtzan__gtzan_country_00094__track.npy.npz
mscnn_gtzan,dbn_matched_30_300,gtzan/gtzan_country_00095/track.npy,gtzan,1.0,0.9586806012091594,0.9586806012091594,0.9586806012091594,1.0,1.0,1.0,1.0,1.0,0.956330314731666,0.956330314731666,0.956330314731666,1.0,1.0,1.0,1.0,45.0,0.0,0.0,0.06062462181643358,11.0,0.0,0.0,0.015037877364540209,0.0,/media/mengh/SharedData/zhanh/auto_structbeat/caches/pilot/mscnn_final_last_gtzan/gtzan__gtzan_country_00095__track.npy.npz
mscnn_gtzan,dbn_matched_30_300,gtzan/gtzan_country_00096/track.npy,gtzan,1.0,0.9754775960013936,0.9754775960013936,0.9754775960013936,1.0,1.0,1.0,1.0,1.0,0.9797001222841386,0.9797001222841386,0.9797001222841386,1.0,1.0,1.0,1.0,58.0,0.0,0.0,0.048655795148993014,14.0,0.0,0.0,0.013968163869004445,0.0,/media/mengh/SharedData/zhanh/auto_structbeat/caches/pilot/mscnn_final_last_gtzan/gtzan__gtzan_country_00096__track.npy.npz
mscnn_gtzan,dbn_matched_30_300,gtzan/gtzan_country_00097/track.npy,gtzan,0.5079365079365079,0.47003919488685814,0.47003919488685814,0.47003919488685814,0.0,0.0,0.0,0.0,0.4,0.3850115201577858,0.5650448311211866,0.4750281756394862,0.0,0.0,0.0,0.0,57.0,0.0,0.0,0.05054281154813425,19.0,0.0,0.0,0.04315973533827247,0.0,/media/mengh/SharedData/zhanh/auto_structbeat/caches/pilot/mscnn_final_last_gtzan/gtzan__gtzan_country_00097__track.npy.npz
mscnn_gtzan,dbn_matched_30_300,gtzan/gtzan_country_00098/track.npy,gtzan,1.0,0.9642367554785066,0.9642367554785066,0.9642367554785066,1.0,1.0,1.0,1.0,1.0,0.9869845932002103,0.9869845932002103,0.9869845932002103,1.0,1.0,1.0,1.0,60.0,0.0,0.0,0.0800427076735353,15.0,0.0,0.0,0.013891249430372773,0.0,/media/mengh/SharedData/zhanh/auto_structbeat/caches/pilot/mscnn_final_last_gtzan/gtzan__gtzan_country_00098__track.npy.npz
mscnn_gtzan,dbn_matched_30_300,gtzan/gtzan_country_00099/track.npy,gtzan,0.991869918699187,0.9587430441230909,0.9587430441230909,0.9587430441230909,0.9838709677419355,0.9838709677419355,0.9838709677419355,0.9838709677419355,1.0,0.9603235129658975,0.9603235129658975,0.9603235129658975,1.0,1.0,1.0,1.0,74.0,0.0,0.0,0.04879016416943971,18.0,0.0,0.0,0.015300432724901364,0.0,/media/mengh/SharedData/zhanh/auto_structbeat/caches/pilot/mscnn_final_last_gtzan/gtzan__gtzan_country_00099__track.npy.npz
mscnn_gtzan,dbn_matched_30_300,gtzan/gtzan_disco_00000/track.npy,gtzan,1.0,0.9431319821412051,0.9431319821412051,0.9431319821412051,1.0,1.0,1.0,1.0,1.0,0.9436563705928029,0.9436563705928029,0.9436563705928029,1.0,1.0,1.0,1.0,58.0,0.0,0.0,0.04865579514899329,15.0,0.0,0.0,0.013416424535320668,0.0,/media/mengh/SharedData/zhanh/auto_structbeat/caches/pilot/mscnn_final_last_gtzan/gtzan__gtzan_disco_00000__track.npy.npz
mscnn_gtzan,dbn_matched_30_300,gtzan/gtzan_disco_00001/track.npy,gtzan,0.6666666666666666,0.6326938751118131,0.9392568716274886,0.7859753733696508,0.0,0.0,0.9795918367346939,0.9795918367346939,0.6666666666666666,0.6265918588161726,0.9398877882242589,0.7832398235202158,0.0,0.0,1.0,1.0,59.0,0.0,0.0,0.039220713153287345,14.0,0.0,0.0,0.009756174945365292,0.0,/media/mengh/SharedData/zhanh/auto_structbeat/caches/pilot/mscnn_final_last_gtzan/gtzan__gtzan_disco_00001__track.npy.npz
mscnn_gtzan,dbn_matched_30_300,gtzan/gtzan_disco_00002/track.npy,gtzan,0.6713286713286714,0.6125731957849878,0.912478812502672,0.76252600414383,0.0,0.0,1.0,1.0,0.6666666666666666,0.6299847746054025,0.9449771619081037,0.7874809682567531,0.0,0.0,1.0,1.0,57.0,0.0,0.0,0.03774032798285287,15.0,0.0,0.0,0.009569451016152253,0.0,/media/mengh/SharedData/zhanh/auto_structbeat/caches/pilot/mscnn_final_last_gtzan/gtzan__gtzan_disco_00002__track.npy.npz
mscnn_gtzan,dbn_matched_30_300,gtzan/gtzan_disco_00003/track.npy,gtzan,1.0,0.9380567584428819,0.9380567584428819,0.9380567584428819,1.0,1.0,1.0,1.0,1.0,0.9572556852936854,0.9572556852936854,0.9572556852936854,1.0,1.0,1.0,1.0,64.0,0.0,0.0,0.04255961441880263,16.0,0.0,0.0,0.021053409197830948,0.0,/media/mengh/SharedData/zhanh/auto_structbeat/caches/pilot/mscnn_final_last_gtzan/gtzan__gtzan_disco_00003__track.npy.npz
mscnn_gtzan,dbn_matched_30_300,gtzan/gtzan_disco_00004/track.npy,gtzan,1.0,0.9440897967810518,0.9440897967810518,0.9440897967810518,1.0,1.0,1.0,1.0,1.0,0.9195792413720214,0.9195792413720214,0.9195792413720214,1.0,1.0,1.0,1.0,61.0,0.0,0.0,0.08004270767353543,15.0,0.0,0.0,0.03045920748470876,0.0,/media/mengh/SharedData/zhanh/auto_structbeat/caches/pilot/mscnn_final_last_gtzan/gtzan__gtzan_disco_00004__track.npy.npz
mscnn_gtzan,dbn_matched_30_300,gtzan/gtzan_disco_00005/track.npy,gtzan,0.9438202247191012,0.7085815296412987,0.7085815296412987,0.7085815296412987,0.9777777777777777,0.9777777777777777,0.9777777777777777,0.9777777777777777,0.9090909090909091,0.7031357932329929,0.7031357932329929,0.7031357932329929,1.0,1.0,1.0,1.0,54.0,0.0,0.0,0.07410797215372068,13.0,0.0,0.0,0.03620379032703519,0.0,/media/mengh/SharedData/zhanh/auto_structbeat/caches/pilot/mscnn_final_last_gtzan/gtzan__gtzan_disco_00005__track.npy.npz
mscnn_gtzan,dbn_matched_30_300,gtzan/gtzan_disco_00006/track.npy,gtzan,0.9245283018867925,0.7470807339116867,0.7470807339116867,0.7470807339116867,0.6666666666666666,0.8888888888888888,0.6666666666666666,0.8888888888888888,0.6666666666666666,0.5421168458783265,0.5421168458783265,0.5421168458783265,0.6428571428571429,0.6428571428571429,0.6428571428571429,0.6428571428571429,64.0,0.0,0.0,0.08470190786616309,16.0,0.0,0.0,0.31899340715353613,0.0,/media/mengh/SharedData/zhanh/auto_structbeat/caches/pilot/mscnn_final_last_gtzan/gtzan__gtzan_disco_00006__track.npy.npz
mscnn_gtzan,dbn_matched_30_300,gtzan/gtzan_disco_00007/track.npy,gtzan,0.9814814814814815,0.6618094142254319,0.6618094142254319,0.6618094142254319,0.9814814814814815,0.9814814814814815,0.9814814814814815,0.9814814814814815,1.0,0.6694424559558113,0.6694424559558113,0.6694424559558113,1.0,1.0,1.0,1.0,65.0,0.0,0.0,0.08664840018457003,16.0,0.0,0.0,0.03620924988152299,0.0,/media/mengh/SharedData/zhanh/auto_structbeat/caches/pilot/mscnn_final_last_gtzan/gtzan__gtzan_disco_00007__track.npy.npz
mscnn_gtzan,dbn_matched_30_300,gtzan/gtzan_disco_00008/track.npy,gtzan,1.0,0.8545311799266694,0.8545311799266694,0.8545311799266694,1.0,1.0,1.0,1.0,1.0,0.8722197846066743,0.8722197846066743,0.8722197846066743,1.0,1.0,1.0,1.0,61.0,0.0,0.0,0.04082199452025622,15.0,0.0,0.0,0.024305307384394566,0.0,/media/mengh/SharedData/zhanh/auto_structbeat/caches/pilot/mscnn_final_last_gtzan/gtzan__gtzan_disco_00008__track.npy.npz
mscnn_gtzan,dbn_matched_30_300,gtzan/gtzan_disco_00009/track.npy,gtzan,1.0,0.9616649410753006,0.9616649410753006,0.9616649410753006,1.0,1.0,1.0,1.0,1.0,0.9539955361250575,0.9539955361250575,0.9539955361250575,1.0,1.0,1.0,1.0,65.0,0.0,0.0,0.04255961441880263,16.0,0.0,0.0,0.021506205220965375,0.0,/media/mengh/SharedData/zhanh/auto_structbeat/caches/pilot/mscnn_final_last_gtzan/gtzan__gtzan_disco_00009__track.npy.npz
mscnn_gtzan,dbn_matched_30_300,gtzan/gtzan_disco_00010/track.npy,gtzan,1.0,0.9686587476956,0.9686587476956,0.9686587476956,1.0,1.0,1.0,1.0,1.0,0.9888240924257569,0.9888240924257569,0.9888240924257569,1.0,1.0,1.0,1.0,54.0,0.0,0.0,0.07145896398214968,14.0,0.0,0.0,0.00888894741724744,0.0,/media/mengh/SharedData/zhanh/auto_structbeat/caches/pilot/mscnn_final_last_gtzan/gtzan__gtzan_disco_00010__track.npy.npz
mscnn_gtzan,dbn_matched_30_300,gtzan/gtzan_disco_00011/track.npy,gtzan,1.0,0.8521950409735084,0.8521950409735084,0.8521950409735084,1.0,1.0,1.0,1.0,1.0,0.8707003744725539,0.8707003744725539,0.8707003744725539,1.0,1.0,1.0,1.0,47.0,0.0,0.0,0.06413488830631892,12.0,0.0,0.0,0.03287273288003072,0.0,/media/mengh/SharedData/zhanh/auto_structbeat/caches/pilot/mscnn_final_last_gtzan/gtzan__gtzan_disco_00011__track.npy.npz
mscnn_gtzan,dbn_matched_30_300,gtzan/gtzan_disco_00012/track.npy,gtzan,0.8936170212765957,0.8033714435955709,0.8033714435955709,0.8033714435955709,1.0,1.0,1.0,1.0,0.9166666666666666,0.8209443233928949,0.8209443233928949,0.8209443233928949,1.0,1.0,1.0,1.0,57.0,0.0,0.0,0.04968689085341425,14.0,0.0,0.0,0.028170876966696033,0.0,/media/mengh/SharedData/zhanh/auto_structbeat/caches/pilot/mscnn_final_last_gtzan/gtzan__gtzan_disco_00012__track.npy.npz
mscnn_gtzan,dbn_matched_30_300,gtzan/gtzan_disco_00013/track.npy,gtzan,0.9863013698630138,0.8594718750146795,0.8594718750146795,0.8594718750146795,0.972972972972973,0.972972972972973,0.972972972972973,0.972972972972973,1.0,0.9183703545657755,0.9183703545657755,0.9183703545657755,1.0,1.0,1.0,1.0,44.0,0.0,0.0,0.06053541572675875,11.0,0.0,0.0,0.019398605454394733,0.0,/media/mengh/SharedData/zhanh/auto_structbeat/caches/pilot/mscnn_final_last_gtzan/gtzan__gtzan_disco_00013__track.npy.npz
mscnn_gtzan,dbn_matched_30_300,gtzan/gtzan_disco_00014/track.npy,gtzan,1.0,0.9613585819280855,0.9613585819280855,0.9613585819280855,1.0,1.0,1.0,1.0,1.0,0.9151718214599337,0.9151718214599337,0.9151718214599337,1.0,1.0,1.0,1.0,52.0,0.0,0.0,0.06899287148694999,13.0,0.0,0.0,0.008658062743115202,0.0,/media/mengh/SharedData/zhanh/auto_structbeat/caches/pilot/mscnn_final_last_gtzan/gtzan__gtzan_disco_00014__track.npy.npz
mscnn_gtzan,dbn_matched_30_300,gtzan/gtzan_disco_00015/track.npy,gtzan,0.9215686274509803,0.7498324677959858,0.7498324677959858,0.7498324677959858,0.9019607843137255,0.9019607843137255,0.9019607843137255,0.9019607843137255,0.9230769230769231,0.7327937254190158,0.7327937254190158,0.7327937254190158,1.0,1.0,1.0,1.0,62.0,0.0,0.0,0.046231309825968965,16.0,0.0,0.0,0.03469434991163899,0.0,/media/mengh/SharedData/zhanh/auto_structbeat/caches/pilot/mscnn_final_last_gtzan/gtzan__gtzan_disco_00015__track.npy.npz
mscnn_gtzan,dbn_matched_30_300,gtzan/gtzan_disco_00016/track.npy,gtzan,1.0,0.950678652469227,0.950678652469227,0.950678652469227,1.0,1.0,1.0,1.0,1.0,0.9300700204438134,0.9300700204438134,0.9300700204438134,1.0,1.0,1.0,1.0,62.0,0.0,0.0,0.08020965273681234,15.0,0.0,0.0,0.020408871631207925,0.0,/media/mengh/SharedData/zhanh/auto_structbeat/caches/pilot/mscnn_final_last_gtzan/gtzan__gtzan_disco_00016__track.npy.npz
mscnn_gtzan,dbn_matched_30_300,gtzan/gtzan_disco_00017/track.npy,gtzan,0.99009900990099,0.9416203086084192,0.9416203086084192,0.9416203086084192,0.9803921568627451,0.9803921568627451,0.9803921568627451,0.9803921568627451,1.0,0.9576767268156211,0.9576767268156211,0.9576767268156211,1.0,1.0,1.0,1.0,62.0,0.0,0.0,0.0408219945202581,16.0,0.0,0.0,0.013952562094062024,0.0,/media/mengh/SharedData/zhanh/auto_structbeat/caches/pilot/mscnn_final_last_gtzan/gtzan__gtzan_disco_00017__track.npy.npz
mscnn_gtzan,dbn_matched_30_300,gtzan/gtzan_disco_00018/track.npy,gtzan,1.0,0.9489389259467906,0.9489389259467906,0.9489389259467906,1.0,1.0,1.0,1.0,1.0,0.9564665819813225,0.9564665819813225,0.9564665819813225,1.0,1.0,1.0,1.0,62.0,0.0,0.0,0.0408219945202581,15.0,0.0,0.0,0.02061928720273538,0.0,/media/mengh/SharedData/zhanh/auto_structbeat/caches/pilot/mscnn_final_last_gtzan/gtzan__gtzan_disco_00018__track.npy.npz
mscnn_gtzan,dbn_matched_30_300,gtzan/gtzan_disco_00019/track.npy,gtzan,1.0,0.9386070349983409,0.9386070349983409,0.9386070349983409,1.0,1.0,1.0,1.0,1.0,0.9482129581851433,0.9482129581851433,0.9482129581851433,1.0,1.0,1.0,1.0,59.0,0.0,0.0,0.07696104113612845,15.0,0.0,0.0,0.00985229644301211,0.0,/media/mengh/SharedData/zhanh/auto_structbeat/caches/pilot/mscnn_final_last_gtzan/gtzan__gtzan_disco_00019__track.npy.npz
mscnn_gtzan,dbn_matched_30_300,gtzan/gtzan_disco_00020/track.npy,gtzan,0.9705882352941176,0.8940202388916262,0.8940202388916262,0.8940202388916262,0.9705882352941176,0.9705882352941176,0.9705882352941176,0.9705882352941176,0.8888888888888888,0.8423191679473724,0.8423191679473724,0.8423191679473724,1.0,1.0,1.0,1.0,41.0,0.0,0.0,0.058236675863021704,11.0,0.0,0.0,0.020095310350838114,0.0,/media/mengh/SharedData/zhanh/auto_structbeat/caches/pilot/mscnn_final_last_gtzan/gtzan__gtzan_disco_00020__track.npy.npz
mscnn_gtzan,dbn_matched_30_300,gtzan/gtzan_disco_00021/track.npy,gtzan,0.989010989010989,0.8904316613891445,0.8904316613891445,0.8904316613891445,0.9782608695652174,0.9782608695652174,0.9782608695652174,0.9782608695652174,1.0,0.8546152698547882,0.8546152698547882,0.8546152698547882,1.0,1.0,1.0,1.0,55.0,0.0,0.0,0.03636764417088045,14.0,0.0,0.0,0.018349138668196097,0.0,/media/mengh/SharedData/zhanh/auto_structbeat/caches/pilot/mscnn_final_last_gtzan/gtzan__gtzan_disco_00021__track.npy.npz
mscnn_gtzan,dbn_matched_30_300,gtzan/gtzan_disco_00022/track.npy,gtzan,1.0,0.9546426984103117,0.9546426984103117,0.9546426984103117,1.0,1.0,1.0,1.0,1.0,0.9576451502350128,0.9576451502350128,0.9576451502350128,1.0,1.0,1.0,1.0,60.0,0.0,0.0,0.04082199452025426,15.0,0.0,0.0,0.020000666706669112,0.0,/media/mengh/SharedData/zhanh/auto_structbeat/caches/pilot/mscnn_final_last_gtzan/gtzan__gtzan_disco_00022__track.npy.npz
mscnn_gtzan,dbn_matched_30_300,gtzan/gtzan_disco_00023/track.npy,gtzan,0.9183673469387755,0.8216400435054052,0.8216400435054052,0.8216400435054052,0.58,0.88,0.58,0.88,0.6666666666666666,0.5571402814453836,0.5571402814453836,0.5571402814453836,0.5833333333333334,0.5833333333333334,0.5833333333333334,0.5833333333333334,59.0,0.0,0.0,0.1118317185650875,15.0,0.0,0.0,0.41551112599589,0.0,/media/mengh/SharedData/zhanh/auto_structbeat/caches/pilot/mscnn_final_last_gtzan/gtzan__gtzan_disco_00023__track.npy.npz
mscnn_gtzan,dbn_matched_30_300,gtzan/gtzan_disco_00024/track.npy,gtzan,1.0,0.9751925056042412,0.9751925056042412,0.9751925056042412,1.0,1.0,1.0,1.0,1.0,0.976859840519712,0.976859840519712,0.976859840519712,1.0,1.0,1.0,1.0,64.0,0.0,0.0,0.04255961441880263,16.0,0.0,0.0,0.02127739844728438,0.0,/media/mengh/SharedData/zhanh/auto_structbeat/caches/pilot/mscnn_final_last_gtzan/gtzan__gtzan_disco_00024__track.npy.npz
mscnn_gtzan,dbn_matched_30_300,gtzan/gtzan_disco_00025/track.npy,gtzan,1.0,0.9647626611108231,0.9647626611108231,0.9647626611108231,1.0,1.0,1.0,1.0,0.0,1.5744803062874995e-30,2.0390847618679326e-30,1.806782534077716e-30,0.0,0.0,0.0,0.0,62.0,0.0,0.0,0.08338160893905114,16.0,0.0,0.0,0.031090587070029742,0.0,/media/mengh/SharedData/zhanh/auto_structbeat/caches/pilot/mscnn_final_last_gtzan/gtzan__gtzan_disco_00025__track.npy.npz
mscnn_gtzan,dbn_matched_30_300,gtzan/gtzan_disco_00026/track.npy,gtzan,1.0,0.9631049807225796,0.9631049807225796,0.9631049807225796,1.0,1.0,1.0,1.0,1.0,0.9714744919999863,0.9714744919999863,0.9714744919999863,1.0,1.0,1.0,1.0,60.0,0.0,0.0,0.04082199452025426,15.0,0.0,0.0,0.009950330853168099,0.0,/media/mengh/SharedData/zhanh/auto_structbeat/caches/pilot/mscnn_final_last_gtzan/gtzan__gtzan_disco_00026__track.npy.npz
mscnn_gtzan,dbn_matched_30_300,gtzan/gtzan_disco_00027/track.npy,gtzan,1.0,0.9666508035029173,0.9666508035029173,0.9666508035029173,1.0,1.0,1.0,1.0,1.0,0.9812378231472215,0.9812378231472215,0.9812378231472215,1.0,1.0,1.0,1.0,56.0,0.0,0.0,0.07410797215371821,14.0,0.0,0.0,0.01344988745952929,0.0,/media/mengh/SharedData/zhanh/auto_structbeat/caches/pilot/mscnn_final_last_gtzan/gtzan__gtzan_disco_00027__track.npy.npz
mscnn_gtzan,dbn_matched_30_300,gtzan/gtzan_disco_00028/track.npy,gtzan,1.0,0.9632337144672175,0.9632337144672175,0.9632337144672175,1.0,1.0,1.0,1.0,1.0,0.9644724440736689,0.9644724440736689,0.9644724440736689,1.0,1.0,1.0,1.0,61.0,0.0,0.0,0.04082199452025622,15.0,0.0,0.0,0.020408871631206728,0.0,/media/mengh/SharedData/zhanh/auto_structbeat/caches/pilot/mscnn_final_last_gtzan/gtzan__gtzan_disco_00028__track.npy.npz
mscnn_gtzan,dbn_matched_30_300,gtzan/gtzan_disco_00029/track.npy,gtzan,1.0,0.8571811420791765,0.8571811420791765,0.8571811420791765,1.0,1.0,1.0,1.0,1.0,0.8294218418804278,0.8294218418804278,0.8294218418804278,1.0,1.0,1.0,1.0,53.0,0.0,0.0,0.03572948199107484,14.0,0.0,0.0,0.02162973308534165,0.0,/media/mengh/SharedData/zhanh/auto_structbeat/caches/pilot/mscnn_final_last_gtzan/gtzan__gtzan_disco_00029__track.npy.npz
mscnn_gtzan,dbn_matched_30_300,gtzan/gtzan_disco_00030/track.npy,gtzan,0.9557522123893805,0.5264672657083826,0.5264672657083826,0.5264672657083826,0.5087719298245614,0.9649122807017544,0.5087719298245614,0.9649122807017544,0.9285714285714286,0.5220619001223165,0.5220619001223165,0.5220619001223165,1.0,1.0,1.0,1.0,68.0,0.0,0.0,0.09097177820572619,17.0,0.0,0.0,0.03352269203864078,0.0,/media/mengh/SharedData/zhanh/auto_structbeat/caches/pilot/mscnn_final_last_gtzan/gtzan__gtzan_disco_00030__track.npy.npz
mscnn_gtzan,dbn_matched_30_300,gtzan/gtzan_disco_00031/track.npy,gtzan,1.0,0.9162861835411767,0.9162861835411767,0.9162861835411767,1.0,1.0,1.0,1.0,0.0,3.2051537265083265e-120,0.8635203315912666,0.4317601657956333,0.0,0.0,0.9230769230769231,0.9230769230769231,62.0,0.0,0.0,0.04255961441880263,15.0,0.0,0.0,0.03089923002806576,0.0,/media/mengh/SharedData/zhanh/auto_structbeat/caches/pilot/mscnn_final_last_gtzan/gtzan__gtzan_disco_00031__track.npy.npz
mscnn_gtzan,dbn_matched_30_300,gtzan/gtzan_disco_00032/track.npy,gtzan,0.989247311827957,0.9219445843865474,0.9219445843865474,0.9219445843865474,0.9787234042553191,0.9787234042553191,0.9787234042553191,0.9787234042553191,1.0,0.925884922440408,0.925884922440408,0.925884922440408,1.0,1.0,1.0,1.0,55.0,0.0,0.0,0.07410797215371838,14.0,0.0,0.0,0.018349138668196197,0.0,/media/mengh/SharedData/zhanh/auto_structbeat/caches/pilot/mscnn_final_last_gtzan/gtzan__gtzan_disco_00032__track.npy.npz
mscnn_gtzan,dbn_matched_30_300,gtzan/gtzan_disco_00033/track.npy,gtzan,0.24299065420560748,0.23697197475514706,0.6176322342705239,0.4273021045128355,0.24074074074074073,0.24074074074074073,0.7037037037037037,0.7037037037037037,0.23076923076923078,0.22388669901528294,0.22388669901528294,0.22388669901528294,1.0,1.0,1.0,1.0,64.0,0.0,0.0,0.04445176257083272,16.0,0.0,0.0,0.03582194911209491,0.0,/media/mengh/SharedData/zhanh/auto_structbeat/caches/pilot/mscnn_final_last_gtzan/gtzan__gtzan_disco_00033__track.npy.npz
mscnn_gtzan,dbn_matched_30_300,gtzan/gtzan_disco_00034/track.npy,gtzan,0.9818181818181818,0.9549086188692429,0.9549086188692429,0.9549086188692429,0.9818181818181818,0.9818181818181818,0.9818181818181818,0.9818181818181818,1.0,0.9587031942969197,0.9587031942969197,0.9587031942969197,1.0,1.0,1.0,1.0,66.0,0.0,0.0,0.08701137698963,16.0,0.0,0.0,0.021739986636405417,0.0,/media/mengh/SharedData/zhanh/auto_structbeat/caches/pilot/mscnn_final_last_gtzan/gtzan__gtzan_disco_00034__track.npy.npz
mscnn_gtzan,dbn_matched_30_300,gtzan/gtzan_disco_00035/track.npy,gtzan,0.9803921568627451,0.8921763086478126,0.8921763086478126,0.8921763086478126,0.9803921568627451,0.9803921568627451,0.9803921568627451,0.9803921568627451,1.0,0.8949306855508741,0.8949306855508741,0.8949306855508741,1.0,1.0,1.0,1.0,61.0,0.0,0.0,0.08004270767353472,15.0,0.0,0.0,0.010152371464019594,0.0,/media/mengh/SharedData/zhanh/auto_structbeat/caches/pilot/mscnn_final_last_gtzan/gtzan__gtzan_disco_00035__track.npy.npz
mscnn_gtzan,dbn_matched_30_300,gtzan/gtzan_disco_00036/track.npy,gtzan,0.7017543859649122,0.24835850791515948,0.24835850791515948,0.24835850791515948,0.543859649122807,0.9122807017543859,0.543859649122807,0.9122807017543859,0.7333333333333333,0.2505812005139336,0.2505812005139336,0.2505812005139336,1.0,1.0,1.0,1.0,68.0,0.0,0.0,0.04445176257083294,17.0,0.0,0.0,0.011299555253935112,0.0,/media/mengh/SharedData/zhanh/auto_structbeat/caches/pilot/mscnn_final_last_gtzan/gtzan__gtzan_disco_00036__track.npy.npz
mscnn_gtzan,dbn_matched_30_300,gtzan/gtzan_disco_00037/track.npy,gtzan,1.0,0.9730315356093439,0.9730315356093439,0.9730315356093439,1.0,1.0,1.0,1.0,1.0,0.9800832396601667,0.9800832396601667,0.9800832396601667,1.0,1.0,1.0,1.0,66.0,0.0,0.0,0.044451762570836544,16.0,0.0,0.0,0.010929070532190055,0.0,/media/mengh/SharedData/zhanh/auto_structbeat/caches/pilot/mscnn_final_last_gtzan/gtzan__gtzan_disco_00037__track.npy.npz
mscnn_gtzan,dbn_matched_30_300,gtzan/gtzan_disco_00038/track.npy,gtzan,0.9423076923076923,0.8807028322527717,0.8807028322527717,0.8807028322527717,0.6415094339622641,0.8867924528301887,0.6415094339622641,0.8867924528301887,0.23076923076923078,0.23191228395214883,0.620230893109432,0.4260715885307904,0.3076923076923077,0.3076923076923077,0.6153846153846154,0.6153846153846154,63.0,0.0,0.0,0.0870113769896318,15.0,0.0,0.0,0.33104320730043507,0.0,/media/mengh/SharedData/zhanh/auto_structbeat/caches/pilot/mscnn_final_last_gtzan/gtzan__gtzan_disco_00038__track.npy.npz
mscnn_gtzan,dbn_matched_30_300,gtzan/gtzan_disco_00039/track.npy,gtzan,0.9787234042553191,0.9378990873063929,0.9378990873063929,0.9378990873063929,0.9787234042553191,0.9787234042553191,0.9787234042553191,0.9787234042553191,1.0,0.9308475219163704,0.9308475219163704,0.9308475219163704,1.0,1.0,1.0,1.0,56.0,0.0,0.0,0.05046900344265427,14.0,0.0,0.0,0.022628665370709664,0.0,/media/mengh/SharedData/zhanh/auto_structbeat/caches/pilot/mscnn_final_last_gtzan/gtzan__gtzan_disco_00039__track.npy.npz
mscnn_gtzan,dbn_matched_30_300,gtzan/gtzan_disco_00040/track.npy,gtzan,0.9649122807017544,0.7099574327364934,0.7099574327364934,0.7099574327364934,1.0,1.0,1.0,1.0,1.0,0.6785327013269737,0.6785327013269737,0.6785327013269737,1.0,1.0,1.0,1.0,69.0,0.0,0.0,0.04879016416943105,18.0,0.0,0.0,0.03781476816890836,0.0,/media/mengh/SharedData/zhanh/auto_structbeat/caches/pilot/mscnn_final_last_gtzan/gtzan__gtzan_disco_00040__track.npy.npz
mscnn_gtzan,dbn_matched_30_300,gtzan/gtzan_disco_00041/track.npy,gtzan,0.2909090909090909,0.24432477989665635,0.30540597487081816,0.2748653773837373,0.0,0.0,0.0,0.0,0.4705882352941177,0.44703846934932856,0.6151259980137055,0.5310822336815171,0.0,0.0,1.0,1.0,40.0,0.0,0.0,0.08004270767353944,14.0,0.0,0.0,0.030590193021030894,0.0,/media/mengh/SharedData/zhanh/auto_structbeat/caches/pilot/mscnn_final_last_gtzan/gtzan__gtzan_disco_00041__track.npy.npz
mscnn_gtzan,dbn_matched_30_300,gtzan/gtzan_disco_00042/track.npy,gtzan,0.9885057471264368,0.8934463165420459,0.8934463165420459,0.8934463165420459,0.9772727272727273,0.9772727272727273,0.9772727272727273,0.9772727272727273,1.0,0.8962930687052878,0.8962930687052878,0.8962930687052878,1.0,1.0,1.0,1.0,52.0,0.0,0.0,0.035793298209056475,13.0,0.0,0.0,0.0349387179483433,0.0,/media/mengh/SharedData/zhanh/auto_structbeat/caches/pilot/mscnn_final_last_gtzan/gtzan__gtzan_disco_00042__track.npy.npz
mscnn_gtzan,dbn_matched_30_300,gtzan/gtzan_disco_00043/track.npy,gtzan,1.0,0.946750412857715,0.946750412857715,0.946750412857715,1.0,1.0,1.0,1.0,1.0,0.9717629290847748,0.9717629290847748,0.9717629290847748,1.0,1.0,1.0,1.0,64.0,0.0,0.0,0.04255961441879885,16.0,0.0,0.0,0.010695289116747775,0.0,/media/mengh/SharedData/zhanh/auto_structbeat/caches/pilot/mscnn_final_last_gtzan/gtzan__gtzan_disco_00043__track.npy.npz
mscnn_gtzan,dbn_matched_30_300,gtzan/gtzan_disco_00044/track.npy,gtzan,1.0,0.9829919913581747,0.9829919913581747,0.9829919913581747,1.0,1.0,1.0,1.0,1.0,0.9745915711963993,0.9745915711963993,0.9745915711963993,1.0,1.0,1.0,1.0,61.0,0.0,0.0,0.04082199452025792,15.0,0.0,0.0,0.020408871631205926,0.0,/media/mengh/SharedData/zhanh/auto_structbeat/caches/pilot/mscnn_final_last_gtzan/gtzan__gtzan_disco_00044__track.npy.npz
mscnn_gtzan,dbn_matched_30_300,gtzan/gtzan_disco_00045/track.npy,gtzan,1.0,0.9365644904456157,0.9365644904456157,0.9365644904456157,1.0,1.0,1.0,1.0,1.0,0.9307557737279472,0.9307557737279472,0.9307557737279472,1.0,1.0,1.0,1.0,62.0,0.0,0.0,0.0408219945202581,15.0,0.0,0.0,0.02468023578834285,0.0,/media/mengh/SharedData/zhanh/auto_structbeat/caches/pilot/mscnn_final_last_gtzan/gtzan__gtzan_disco_00045__track.npy.npz
mscnn_gtzan,dbn_matched_30_300,gtzan/gtzan_disco_00046/track.npy,gtzan,1.0,0.9476016647120662,0.9476016647120662,0.9476016647120662,1.0,1.0,1.0,1.0,1.0,0.9297063804859773,0.9297063804859773,0.9297063804859773,1.0,1.0,1.0,1.0,61.0,0.0,0.0,0.08004270767353656,15.0,0.0,0.0,0.01403046819477086,0.0,/media/mengh/SharedData/zhanh/auto_structbeat/caches/pilot/mscnn_final_last_gtzan/gtzan__gtzan_disco_00046__track.npy.npz
mscnn_gtzan,dbn_matched_30_300,gtzan/gtzan_disco_00047/track.npy,gtzan,0.13043478260869565,0.11133991528378596,0.17969361348438884,0.1455167643840874,0.08,0.28,0.24,0.36,0.0,0.00016069569217003063,0.000196405845985593,0.00017855076907781183,0.16666666666666666,0.16666666666666666,0.3333333333333333,0.3333333333333333,30.0,0.0,0.0,0.115075150264995,8.0,0.0,0.0,0.12494315263086542,0.0,/media/mengh/SharedData/zhanh/auto_structbeat/caches/pilot/mscnn_final_last_gtzan/gtzan__gtzan_disco_00047__track.npy.npz
mscnn_gtzan,dbn_matched_30_300,gtzan/gtzan_disco_00048/track.npy,gtzan,1.0,0.9407609058723919,0.9407609058723919,0.9407609058723919,1.0,1.0,1.0,1.0,1.0,0.937157798160887,0.937157798160887,0.937157798160887,1.0,1.0,1.0,1.0,51.0,0.0,0.0,0.03390155167568665,13.0,0.0,0.0,0.008438868645864794,0.0,/media/mengh/SharedData/zhanh/auto_structbeat/caches/pilot/mscnn_final_last_gtzan/gtzan__gtzan_disco_00048__track.npy.npz
mscnn_gtzan,dbn_matched_30_300,gtzan/gtzan_disco_00049/track.npy,gtzan,1.0,0.9730093920695243,0.9730093920695243,0.9730093920695243,1.0,1.0,1.0,1.0,1.0,0.967348687130214,0.967348687130214,0.967348687130214,1.0,1.0,1.0,1.0,60.0,0.0,0.0,0.0467051014932474,15.0,0.0,0.0,0.013970465194568757,0.0,/media/mengh/SharedData/zhanh/auto_structbeat/caches/pilot/mscnn_final_last_gtzan/gtzan__gtzan_disco_00049__track.npy.npz
mscnn_gtzan,dbn_matched_30_300,gtzan/gtzan_disco_00050/track.npy,gtzan,1.0,0.9535536081117141,0.9535536081117141,0.9535536081117141,1.0,1.0,1.0,1.0,1.0,0.9499072511138705,0.9499072511138705,0.9499072511138705,1.0,1.0,1.0,1.0,54.0,0.0,0.0,0.03636764417088045,14.0,0.0,0.0,0.022329813880407362,0.0,/media/mengh/SharedData/zhanh/auto_structbeat/caches/pilot/mscnn_final_last_gtzan/gtzan__gtzan_disco_00050__track.npy.npz
mscnn_gtzan,dbn_matched_30_300,gtzan/gtzan_disco_00051/track.npy,gtzan,0.9777777777777777,0.9161537174264138,0.9161537174264138,0.9161537174264138,0.9565217391304348,0.9565217391304348,0.9565217391304348,0.9565217391304348,0.9565217391304348,0.9166630255124023,0.9166630255124023,0.9166630255124023,0.9166666666666666,0.9166666666666666,0.9166666666666666,0.9166666666666666,55.0,0.0,0.0,0.03636764417088045,14.0,0.0,0.0,0.022329813880405697,0.0,/media/mengh/SharedData/zhanh/auto_structbeat/caches/pilot/mscnn_final_last_gtzan/gtzan__gtzan_disco_00051__track.npy.npz
mscnn_gtzan,dbn_matched_30_300,gtzan/gtzan_disco_00052/track.npy,gtzan,1.0,0.8769136256974399,0.8769136256974399,0.8769136256974399,1.0,1.0,1.0,1.0,1.0,0.8925471911556696,0.8925471911556696,0.8925471911556696,1.0,1.0,1.0,1.0,63.0,0.0,0.0,0.04255961441880263,16.0,0.0,0.0,0.020834086902841685,0.0,/media/mengh/SharedData/zhanh/auto_structbeat/caches/pilot/mscnn_final_last_gtzan/gtzan__gtzan_disco_00052__track.npy.npz
mscnn_gtzan,dbn_matched_30_300,gtzan/gtzan_disco_00053/track.npy,gtzan,0.9913043478260869,0.7934264298855144,0.7934264298855144,0.7934264298855144,0.9827586206896551,0.9827586206896551,0.9827586206896551,0.9827586206896551,1.0,0.7898670299140476,0.7898670299140476,0.7898670299140476,1.0,1.0,1.0,1.0,70.0,0.0,0.0,0.09097177820573288,17.0,0.0,0.0,0.026685470911352704,0.0,/media/mengh/SharedData/zhanh/auto_structbeat/caches/pilot/mscnn_final_last_gtzan/gtzan__gtzan_disco_00053__track.npy.npz
mscnn_gtzan,dbn_matched_30_300,gtzan/gtzan_disco_00054/track.npy,gtzan,1.0,0.9554112436945509,0.9554112436945509,0.9554112436945509,1.0,1.0,1.0,1.0,1.0,0.9467866676333361,0.9467866676333361,0.9467866676333361,1.0,1.0,1.0,1.0,57.0,0.0,0.0,0.07696104113612728,14.0,0.0,0.0,0.01886848430438237,0.0,/media/mengh/SharedData/zhanh/auto_structbeat/caches/pilot/mscnn_final_last_gtzan/gtzan__gtzan_disco_00054__track.npy.npz
mscnn_gtzan,dbn_matched_30_300,gtzan/gtzan_disco_00055/track.npy,gtzan,1.0,0.9337770361608413,0.9337770361608413,0.9337770361608413,1.0,1.0,1.0,1.0,1.0,0.9163387107146703,0.9163387107146703,0.9163387107146703,1.0,1.0,1.0,1.0,65.0,0.0,0.0,0.08701137698962919,16.0,0.0,0.0,0.02548333782726773,0.0,/media/mengh/SharedData/zhanh/auto_structbeat/caches/pilot/mscnn_final_last_gtzan/gtzan__gtzan_disco_00055__track.npy.npz
mscnn_gtzan,dbn_matched_30_300,gtzan/gtzan_disco_00056/track.npy,gtzan,1.0,0.9536016484210871,0.9536016484210871,0.9536016484210871,1.0,1.0,1.0,1.0,1.0,0.9733311605772754,0.9733311605772754,0.9733311605772754,1.0,1.0,1.0,1.0,44.0,0.0,0.0,0.02985296314969116,11.0,0.0,0.0,0.007380107297622507,0.0,/media/mengh/SharedData/zhanh/auto_structbeat/caches/pilot/mscnn_final_last_gtzan/gtzan__gtzan_disco_00056__track.npy.npz
mscnn_gtzan,dbn_matched_30_300,gtzan/gtzan_disco_00057/track.npy,gtzan,1.0,0.9738575652524842,0.9738575652524842,0.9738575652524842,1.0,1.0,1.0,1.0,1.0,0.9710289234248655,0.9710289234248655,0.9710289234248655,1.0,1.0,1.0,1.0,59.0,0.0,0.0,0.039220713153283904,15.0,0.0,0.0,0.01980262729617932,0.0,/media/mengh/SharedData/zhanh/auto_structbeat/caches/pilot/mscnn_final_last_gtzan/gtzan__gtzan_disco_00057__track.npy.npz
mscnn_gtzan,dbn_matched_30_300,gtzan/gtzan_disco_00058/track.npy,gtzan,1.0,0.9685908650321717,0.9685908650321717,0.9685908650321717,1.0,1.0,1.0,1.0,1.0,0.9675699800144841,0.9675699800144841,0.9675699800144841,1.0,1.0,1.0,1.0,66.0,0.0,0.0,0.08701137698962036,17.0,0.0,0.0,0.014244021388165617,0.0,/media/mengh/SharedData/zhanh/auto_structbeat/caches/pilot/mscnn_final_last_gtzan/gtzan__gtzan_disco_00058__track.npy.npz
mscnn_gtzan,dbn_matched_30_300,gtzan/gtzan_disco_00059/track.npy,gtzan,1.0,0.9506769763340132,0.9506769763340132,0.9506769763340132,1.0,1.0,1.0,1.0,1.0,0.9319027195828643,0.9319027195828643,0.9319027195828643,1.0,1.0,1.0,1.0,63.0,0.0,0.0,0.042559614418796854,15.0,0.0,0.0,0.01047129986729567,0.0,/media/mengh/SharedData/zhanh/auto_structbeat/caches/pilot/mscnn_final_last_gtzan/gtzan__gtzan_disco_00059__track.npy.npz
mscnn_gtzan,dbn_matched_30_300,gtzan/gtzan_disco_00060/track.npy,gtzan,1.0,0.9367466233869748,0.9367466233869748,0.9367466233869748,1.0,1.0,1.0,1.0,1.0,0.9089099771410941,0.9089099771410941,0.9089099771410941,1.0,1.0,1.0,1.0,64.0,0.0,0.0,0.08143511662064556,16.0,0.0,0.0,0.0322097509720791,0.0,/media/mengh/SharedData/zhanh/auto_structbeat/caches/pilot/mscnn_final_last_gtzan/gtzan__gtzan_disco_00060__track.npy.npz
mscnn_gtzan,dbn_matched_30_300,gtzan/gtzan_disco_00061/track.npy,gtzan,1.0,0.9775651743277463,0.9775651743277463,0.9775651743277463,1.0,1.0,1.0,1.0,1.0,0.9891707996937374,0.9891707996937374,0.9891707996937374,1.0,1.0,1.0,1.0,63.0,0.0,0.0,0.08338160893904922,16.0,0.0,0.0,0.010471299867296136,0.0,/media/mengh/SharedData/zhanh/auto_structbeat/caches/pilot/mscnn_final_last_gtzan/gtzan__gtzan_disco_00061__track.npy.npz
mscnn_gtzan,dbn_matched_30_300,gtzan/gtzan_disco_00062/track.npy,gtzan,0.989010989010989,0.9177884100261803,0.9177884100261803,0.9177884100261803,0.9782608695652174,0.9782608695652174,0.9782608695652174,0.9782608695652174,1.0,0.9116889467948087,0.9116889467948087,0.9116889467948087,1.0,1.0,1.0,1.0,55.0,0.0,0.0,0.07251856725077573,14.0,0.0,0.0,0.018182319083191678,0.0,/media/mengh/SharedData/zhanh/auto_structbeat/caches/pilot/mscnn_final_last_gtzan/gtzan__gtzan_disco_00062__track.npy.npz
mscnn_gtzan,dbn_matched_30_300,gtzan/gtzan_disco_00063/track.npy,gtzan,1.0,0.9785363103122202,0.9785363103122202,0.9785363103122202,1.0,1.0,1.0,1.0,1.0,0.9807460118041154,0.9807460118041154,0.9807460118041154,1.0,1.0,1.0,1.0,65.0,0.0,0.0,0.08701137698962769,16.0,0.0,0.0,0.021739986636405417,0.0,/media/mengh/SharedData/zhanh/auto_structbeat/caches/pilot/mscnn_final_last_gtzan/gtzan__gtzan_disco_00063__track.npy.npz
mscnn_gtzan,dbn_matched_30_300,gtzan/gtzan_disco_00064/track.npy,gtzan,1.0,0.9781722617375814,0.9781722617375814,0.9781722617375814,1.0,1.0,1.0,1.0,1.0,0.972704464275661,0.972704464275661,0.972704464275661,1.0,1.0,1.0,1.0,61.0,0.0,0.0,0.04082199452025792,15.0,0.0,0.0,0.020408871631207658,0.0,/media/mengh/SharedData/zhanh/auto_structbeat/caches/pilot/mscnn_final_last_gtzan/gtzan__gtzan_disco_00064__track.npy.npz
mscnn_gtzan,dbn_matched_30_300,gtzan/gtzan_disco_00065/track.npy,gtzan,1.0,0.9314878807926371,0.9314878807926371,0.9314878807926371,1.0,1.0,1.0,1.0,1.0,0.951066583344929,0.951066583344929,0.951066583344929,1.0,1.0,1.0,1.0,66.0,0.0,0.0,0.044451762570840825,16.0,0.0,0.0,0.011049836186584078,0.0,/media/mengh/SharedData/zhanh/auto_structbeat/caches/pilot/mscnn_final_last_gtzan/gtzan__gtzan_disco_00065__track.npy.npz
mscnn_gtzan,dbn_matched_30_300,gtzan/gtzan_disco_00066/track.npy,gtzan,1.0,0.9536028874774584,0.9536028874774584,0.9536028874774584,1.0,1.0,1.0,1.0,1.0,0.9700053741046455,0.9700053741046455,0.9700053741046455,1.0,1.0,1.0,1.0,67.0,0.0,0.0,0.09017969796251345,16.0,0.0,0.0,0.022223136784710124,0.0,/media/mengh/SharedData/zhanh/auto_structbeat/caches/pilot/mscnn_final_last_gtzan/gtzan__gtzan_disco_00066__track.npy.npz
mscnn_gtzan,dbn_matched_30_300,gtzan/gtzan_disco_00067/track.npy,gtzan,1.0,0.948479085624867,0.948479085624867,0.948479085624867,1.0,1.0,1.0,1.0,1.0,0.9608456524161649,0.9608456524161649,0.9608456524161649,1.0,1.0,1.0,1.0,50.0,0.0,0.0,0.03390155167568665,12.0,0.0,0.0,0.013041405964649075,0.0,/media/mengh/SharedData/zhanh/auto_structbeat/caches/pilot/mscnn_final_last_gtzan/gtzan__gtzan_disco_00067__track.npy.npz
mscnn_gtzan,dbn_matched_30_300,gtzan/gtzan_disco_00068/track.npy,gtzan,1.0,0.8961149046228325,0.8961149046228325,0.8961149046228325,1.0,1.0,1.0,1.0,1.0,0.8661757677401231,0.8661757677401231,0.8661757677401231,1.0,1.0,1.0,1.0,54.0,0.0,0.0,0.07145896398213997,13.0,0.0,0.0,0.013374706309659534,0.0,/media/mengh/SharedData/zhanh/auto_structbeat/caches/pilot/mscnn_final_last_gtzan/gtzan__gtzan_disco_00068__track.npy.npz
mscnn_gtzan,dbn_matched_30_300,gtzan/gtzan_disco_00069/track.npy,gtzan,1.0,0.9402609932545348,0.9402609932545348,0.9402609932545348,1.0,1.0,1.0,1.0,1.0,0.91115167932266,0.91115167932266,0.91115167932266,1.0,1.0,1.0,1.0,54.0,0.0,0.0,0.07145896398214191,13.0,0.0,0.0,0.022382535159965744,0.0,/media/mengh/SharedData/zhanh/auto_structbeat/caches/pilot/mscnn_final_last_gtzan/gtzan__gtzan_disco_00069__track.npy.npz
mscnn_gtzan,dbn_matched_30_300,gtzan/gtzan_disco_00070/track.npy,gtzan,1.0,0.9208870849748366,0.9208870849748366,0.9208870849748366,1.0,1.0,1.0,1.0,1.0,0.9073441466009221,0.9073441466009221,0.9073441466009221,1.0,1.0,1.0,1.0,55.0,0.0,0.0,0.036367644170878524,14.0,0.0,0.0,0.02242156465215947,0.0,/media/mengh/SharedData/zhanh/auto_structbeat/caches/pilot/mscnn_final_last_gtzan/gtzan__gtzan_disco_00070__track.npy.npz
mscnn_gtzan,dbn_matched_30_300,gtzan/gtzan_disco_00071/track.npy,gtzan,1.0,0.9788033680171755,0.9788033680171755,0.9788033680171755,1.0,1.0,1.0,1.0,1.0,0.9877021054850212,0.9877021054850212,0.9877021054850212,1.0,1.0,1.0,1.0,57.0,0.0,0.0,0.03774032798285287,14.0,0.0,0.0,0.013784996911812397,0.0,/media/mengh/SharedData/zhanh/auto_structbeat/caches/pilot/mscnn_final_last_gtzan/gtzan__gtzan_disco_00071__track.npy.npz
mscnn_gtzan,dbn_matched_30_300,gtzan/gtzan_disco_00072/track.npy,gtzan,0.9649122807017544,0.8048235437701322,0.8048235437701322,0.8048235437701322,1.0,1.0,1.0,1.0,1.0,0.8237302988254138,0.8237302988254138,0.8237302988254138,1.0,1.0,1.0,1.0,69.0,0.0,0.0,0.09097177820572618,17.0,0.0,0.0,0.014989431148160436,0.0,/media/mengh/SharedData/zhanh/auto_structbeat/caches/pilot/mscnn_final_last_gtzan/gtzan__gtzan_disco_00072__track.npy.npz
mscnn_gtzan,dbn_matched_30_300,gtzan/gtzan_disco_00073/track.npy,gtzan,1.0,0.9631947335868483,0.9631947335868483,0.9631947335868483,1.0,1.0,1.0,1.0,1.0,0.9572442305892995,0.9572442305892995,0.9572442305892995,1.0,1.0,1.0,1.0,57.0,0.0,0.0,0.07696104113612678,14.0,0.0,0.0,0.009478743954545288,0.0,/media/mengh/SharedData/zhanh/auto_structbeat/caches/pilot/mscnn_final_last_gtzan/gtzan__gtzan_disco_00073__track.npy.npz
mscnn_gtzan,dbn_matched_30_300,gtzan/gtzan_disco_00074/track.npy,gtzan,1.0,0.964556229958355,0.964556229958355,0.964556229958355,1.0,1.0,1.0,1.0,1.0,0.9506879063611623,0.9506879063611623,0.9506879063611623,1.0,1.0,1.0,1.0,56.0,0.0,0.0,0.07410797215372045,14.0,0.0,0.0,0.018692133012152425,0.0,/media/mengh/SharedData/zhanh/auto_structbeat/caches/pilot/mscnn_final_last_gtzan/gtzan__gtzan_disco_00074__track.npy.npz
mscnn_gtzan,dbn_matched_30_300,gtzan/gtzan_disco_00075/track.npy,gtzan,1.0,0.9741267286493158,0.9741267286493158,0.9741267286493158,1.0,1.0,1.0,1.0,1.0,0.9769142586930114,0.9769142586930114,0.9769142586930114,1.0,1.0,1.0,1.0,67.0,0.0,0.0,0.044451762570840825,17.0,0.0,0.0,0.025501857944367223,0.0,/media/mengh/SharedData/zhanh/auto_structbeat/caches/pilot/mscnn_final_last_gtzan/gtzan__gtzan_disco_00075__track.npy.npz
mscnn_gtzan,dbn_matched_30_300,gtzan/gtzan_disco_00076/track.npy,gtzan,1.0,0.9720039482962354,0.9720039482962354,0.9720039482962354,1.0,1.0,1.0,1.0,1.0,0.9677291940088455,0.9677291940088455,0.9677291940088455,1.0,1.0,1.0,1.0,63.0,0.0,0.0,0.0870113769896318,16.0,0.0,0.0,0.024942353400838075,0.0,/media/mengh/SharedData/zhanh/auto_structbeat/caches/pilot/mscnn_final_last_gtzan/gtzan__gtzan_disco_00076__track.npy.npz
mscnn_gtzan,dbn_matched_30_300,gtzan/gtzan_disco_00077/track.npy,gtzan,0.9896907216494846,0.9622756005356259,0.9622756005356259,0.9622756005356259,0.9795918367346939,0.9795918367346939,0.9795918367346939,0.9795918367346939,0.9600000000000001,0.9296359667022145,0.9296359667022145,0.9296359667022145,0.9230769230769231,0.9230769230769231,0.9230769230769231,0.9230769230769231,59.0,0.0,0.0,0.03922071315328459,15.0,0.0,0.0,0.01960847138837656,0.0,/media/mengh/SharedData/zhanh/auto_structbeat/caches/pilot/mscnn_final_last_gtzan/gtzan__gtzan_disco_00077__track.npy.npz
mscnn_gtzan,dbn_matched_30_300,gtzan/gtzan_disco_00078/track.npy,gtzan,1.0,0.9482018863995828,0.9482018863995828,0.9482018863995828,1.0,1.0,1.0,1.0,1.0,0.9388195525014236,0.9388195525014236,0.9388195525014236,1.0,1.0,1.0,1.0,64.0,0.0,0.0,0.08004270767353808,16.0,0.0,0.0,0.0494850810451186,0.0,/media/mengh/SharedData/zhanh/auto_structbeat/caches/pilot/mscnn_final_last_gtzan/gtzan__gtzan_disco_00078__track.npy.npz
mscnn_gtzan,dbn_matched_30_300,gtzan/gtzan_disco_00079/track.npy,gtzan,1.0,0.9810020525741783,0.9810020525741783,0.9810020525741783,1.0,1.0,1.0,1.0,1.0,0.9844112815413237,0.9844112815413237,0.9844112815413237,1.0,1.0,1.0,1.0,61.0,0.0,0.0,0.04082199452025603,16.0,0.0,0.0,0.010050335853501392,0.0,/media/mengh/SharedData/zhanh/auto_structbeat/caches/pilot/mscnn_final_last_gtzan/gtzan__gtzan_disco_00079__track.npy.npz
mscnn_gtzan,dbn_matched_30_300,gtzan/gtzan_disco_00080/track.npy,gtzan,1.0,0.9575069407005735,0.9575069407005735,0.9575069407005735,1.0,1.0,1.0,1.0,1.0,0.9525052912867711,0.9525052912867711,0.9525052912867711,1.0,1.0,1.0,1.0,50.0,0.0,0.0,0.06669137449866863,13.0,0.0,0.0,0.020612086450025158,0.0,/media/mengh/SharedData/zhanh/auto_structbeat/caches/pilot/mscnn_final_last_gtzan/gtzan__gtzan_disco_00080__track.npy.npz
mscnn_gtzan,dbn_matched_30_300,gtzan/gtzan_disco_00081/track.npy,gtzan,0.9814814814814815,0.8738008272952698,0.8738008272952698,0.8738008272952698,1.0,1.0,1.0,1.0,1.0,0.8856404181886598,0.8856404181886598,0.8856404181886598,1.0,1.0,1.0,1.0,65.0,0.0,0.0,0.0870113769896318,17.0,0.0,0.0,0.027851436250522908,0.0,/media/mengh/SharedData/zhanh/auto_structbeat/caches/pilot/mscnn_final_last_gtzan/gtzan__gtzan_disco_00081__track.npy.npz
mscnn_gtzan,dbn_matched_30_300,gtzan/gtzan_disco_00082/track.npy,gtzan,1.0,0.8782422835676755,0.8782422835676755,0.8782422835676755,1.0,1.0,1.0,1.0,1.0,0.878763737217451,0.878763737217451,0.878763737217451,1.0,1.0,1.0,1.0,62.0,0.0,0.0,0.0408219945202581,15.0,0.0,0.0,0.010256500167190707,0.0,/media/mengh/SharedData/zhanh/auto_structbeat/caches/pilot/mscnn_final_last_gtzan/gtzan__gtzan_disco_00082__track.npy.npz
mscnn_gtzan,dbn_matched_30_300,gtzan/gtzan_disco_00083/track.npy,gtzan,1.0,0.9734243123008364,0.9734243123008364,0.9734243123008364,1.0,1.0,1.0,1.0,1.0,0.9740765575948552,0.9740765575948552,0.9740765575948552,1.0,1.0,1.0,1.0,58.0,0.0,0.0,0.07696104113613333,14.0,0.0,0.0,0.019503759346175674,0.0,/media/mengh/SharedData/zhanh/auto_structbeat/caches/pilot/mscnn_final_last_gtzan/gtzan__gtzan_disco_00083__track.npy.npz
mscnn_gtzan,dbn_matched_30_300,gtzan/gtzan_disco_00084/track.npy,gtzan,0.9894736842105264,0.9550685711421236,0.9550685711421236,0.9550685711421236,0.9791666666666666,0.9791666666666666,0.9791666666666666,0.9791666666666666,0.9565217391304348,0.9214381453629316,0.9214381453629316,0.9214381453629316,0.9166666666666666,0.9166666666666666,0.9166666666666666,0.9166666666666666,58.0,0.0,0.0,0.03811042427545977,15.0,0.0,0.0,0.013416424535321068,0.0,/media/mengh/SharedData/zhanh/auto_structbeat/caches/pilot/mscnn_final_last_gtzan/gtzan__gtzan_disco_00084__track.npy.npz
mscnn_gtzan,dbn_matched_30_300,gtzan/gtzan_disco_00085/track.npy,gtzan,1.0,0.96607060741045,0.96607060741045,0.96607060741045,1.0,1.0,1.0,1.0,1.0,0.9656404027538813,0.9656404027538813,0.9656404027538813,1.0,1.0,1.0,1.0,62.0,0.0,0.0,0.08338160893905688,16.0,0.0,0.0,0.01395256209406158,0.0,/media/mengh/SharedData/zhanh/auto_structbeat/caches/pilot/mscnn_final_last_gtzan/gtzan__gtzan_disco_00085__track.npy.npz
mscnn_gtzan,dbn_matched_30_300,gtzan/gtzan_disco_00086/track.npy,gtzan,1.0,0.9409075701601312,0.9409075701601312,0.9409075701601312,1.0,1.0,1.0,1.0,1.0,0.9653365425987966,0.9653365425987966,0.9653365425987966,1.0,1.0,1.0,1.0,63.0,0.0,0.0,0.04255961441879885,16.0,0.0,0.0,0.014098275329738232,0.0,/media/mengh/SharedData/zhanh/auto_structbeat/caches/pilot/mscnn_final_last_gtzan/gtzan__gtzan_disco_00086__track.npy.npz
mscnn_gtzan,dbn_matched_30_300,gtzan/gtzan_disco_00087/track.npy,gtzan,1.0,0.9476042529927386,0.9476042529927386,0.9476042529927386,1.0,1.0,1.0,1.0,1.0,0.9710766936315927,0.9710766936315927,0.9710766936315927,1.0,1.0,1.0,1.0,53.0,0.0,0.0,0.036367644170867575,13.0,0.0,0.0,0.02643325706815519,0.0,/media/mengh/SharedData/zhanh/auto_structbeat/caches/pilot/mscnn_final_last_gtzan/gtzan__gtzan_disco_00087__track.npy.npz
mscnn_gtzan,dbn_matched_30_300,gtzan/gtzan_disco_00088/track.npy,gtzan,1.0,0.9551614980738256,0.9551614980738256,0.9551614980738256,1.0,1.0,1.0,1.0,1.0,0.9486675903490855,0.9486675903490855,0.9486675903490855,1.0,1.0,1.0,1.0,62.0,0.0,0.0,0.04082199452025613,15.0,0.0,0.0,0.01036278703554816,0.0,/media/mengh/SharedData/zhanh/auto_structbeat/caches/pilot/mscnn_final_last_gtzan/gtzan__gtzan_disco_00088__track.npy.npz
mscnn_gtzan,dbn_matched_30_300,gtzan/gtzan_disco_00089/track.npy,gtzan,0.9908256880733944,0.9238016034950446,0.9238016034950446,0.9238016034950446,0.9818181818181818,0.9818181818181818,0.9818181818181818,0.9818181818181818,0.962962962962963,0.8844688095183398,0.8844688095183398,0.8844688095183398,0.9285714285714286,0.9285714285714286,0.9285714285714286,0.9285714285714286,65.0,0.0,0.0,0.08701137698962791,17.0,0.0,0.0,0.03208831455150081,0.0,/media/mengh/SharedData/zhanh/auto_structbeat/caches/pilot/mscnn_final_last_gtzan/gtzan__gtzan_disco_00089__track.npy.npz
mscnn_gtzan,dbn_matched_30_300,gtzan/gtzan_disco_00090/track.npy,gtzan,1.0,0.9702076778585904,0.9702076778585904,0.9702076778585904,1.0,1.0,1.0,1.0,1.0,0.9532012884374512,0.9532012884374512,0.9532012884374512,1.0,1.0,1.0,1.0,64.0,0.0,0.0,0.04255961441880263,16.0,0.0,0.0,0.024942353400837933,0.0,/media/mengh/SharedData/zhanh/auto_structbeat/caches/pilot/mscnn_final_last_gtzan/gtzan__gtzan_disco_00090__track.npy.npz
mscnn_gtzan,dbn_matched_30_300,gtzan/gtzan_disco_00091/track.npy,gtzan,1.0,0.9479907599172496,0.9479907599172496,0.9479907599172496,1.0,1.0,1.0,1.0,1.0,0.947724241145689,0.947724241145689,0.947724241145689,1.0,1.0,1.0,1.0,50.0,0.0,0.0,0.06669137449867363,12.0,0.0,0.0,0.01666705248521218,0.0,/media/mengh/SharedData/zhanh/auto_structbeat/caches/pilot/mscnn_final_last_gtzan/gtzan__gtzan_disco_00091__track.npy.npz
mscnn_gtzan,dbn_matched_30_300,gtzan/gtzan_disco_00092/track.npy,gtzan,1.0,0.9062919007235526,0.9062919007235526,0.9062919007235526,1.0,1.0,1.0,1.0,1.0,0.9035072998846636,0.9035072998846636,0.9035072998846636,1.0,1.0,1.0,1.0,58.0,0.0,0.0,0.03774032798285287,14.0,0.0,0.0,0.019048194970692434,0.0,/media/mengh/SharedData/zhanh/auto_structbeat/caches/pilot/mscnn_final_last_gtzan/gtzan__gtzan_disco_00092__track.npy.npz
mscnn_gtzan,dbn_matched_30_300,gtzan/gtzan_disco_00093/track.npy,gtzan,1.0,0.9754663851030889,0.9754663851030889,0.9754663851030889,1.0,1.0,1.0,1.0,1.0,0.9537364132252732,0.9537364132252732,0.9537364132252732,1.0,1.0,1.0,1.0,55.0,0.0,0.0,0.0741079721537217,13.0,0.0,0.0,0.018520635840174993,0.0,/media/mengh/SharedData/zhanh/auto_structbeat/caches/pilot/mscnn_final_last_gtzan/gtzan__gtzan_disco_00093__track.npy.npz
mscnn_gtzan,dbn_matched_30_300,gtzan/gtzan_disco_00094/track.npy,gtzan,0.9827586206896551,0.891545327507234,0.891545327507234,0.891545327507234,1.0,1.0,1.0,1.0,0.9333333333333333,0.878375400944215,0.878375400944215,0.878375400944215,1.0,1.0,1.0,1.0,70.0,0.0,0.0,0.09097177820572176,18.0,0.0,0.0,0.058496206681607904,0.0,/media/mengh/SharedData/zhanh/auto_structbeat/caches/pilot/mscnn_final_last_gtzan/gtzan__gtzan_disco_00094__track.npy.npz
mscnn_gtzan,dbn_matched_30_300,gtzan/gtzan_disco_00095/track.npy,gtzan,1.0,0.9185373815257182,0.9185373815257182,0.9185373815257182,1.0,1.0,1.0,1.0,1.0,0.9262282278813663,0.9262282278813663,0.9262282278813663,1.0,1.0,1.0,1.0,60.0,0.0,0.0,0.08004270767353472,15.0,0.0,0.0,0.010050335853501235,0.0,/media/mengh/SharedData/zhanh/auto_structbeat/caches/pilot/mscnn_final_last_gtzan/gtzan__gtzan_disco_00095__track.npy.npz
mscnn_gtzan,dbn_matched_30_300,gtzan/gtzan_disco_00096/track.npy,gtzan,1.0,0.915342354043925,0.915342354043925,0.915342354043925,1.0,1.0,1.0,1.0,1.0,0.9160112993113073,0.9160112993113073,0.9160112993113073,1.0,1.0,1.0,1.0,51.0,0.0,0.0,0.03390155167568665,13.0,0.0,0.0,0.012839088525345488,0.0,/media/mengh/SharedData/zhanh/auto_structbeat/caches/pilot/mscnn_final_last_gtzan/gtzan__gtzan_disco_00096__track.npy.npz
mscnn_gtzan,dbn_matched_30_300,gtzan/gtzan_disco_00097/track.npy,gtzan,1.0,0.9682371840792711,0.9682371840792711,0.9682371840792711,1.0,1.0,1.0,1.0,1.0,0.9688730150624092,0.9688730150624092,0.9688730150624092,1.0,1.0,1.0,1.0,65.0,0.0,0.0,0.04255961441879885,16.0,0.0,0.0,0.014712891168665428,0.0,/media/mengh/SharedData/zhanh/auto_structbeat/caches/pilot/mscnn_final_last_gtzan/gtzan__gtzan_disco_00097__track.npy.npz
mscnn_gtzan,dbn_matched_30_300,gtzan/gtzan_disco_00098/track.npy,gtzan,0.9902912621359222,0.8019839468235419,0.8019839468235419,0.8019839468235419,0.9807692307692307,0.9807692307692307,0.9807692307692307,0.9807692307692307,1.0,0.8116168677862231,0.8116168677862231,0.8116168677862231,1.0,1.0,1.0,1.0,62.0,0.0,0.0,0.040821994520261584,15.0,0.0,0.0,0.010194022945287507,0.0,/media/mengh/SharedData/zhanh/auto_structbeat/caches/pilot/mscnn_final_last_gtzan/gtzan__gtzan_disco_00098__track.npy.npz
mscnn_gtzan,dbn_matched_30_300,gtzan/gtzan_disco_00099/track.npy,gtzan,0.9902912621359222,0.7920792902248711,0.7920792902248711,0.7920792902248711,0.9807692307692307,0.9807692307692307,0.9807692307692307,0.9807692307692307,1.0,0.7984669467633736,0.7984669467633736,0.7984669467633736,1.0,1.0,1.0,1.0,62.0,0.0,0.0,0.040821994520261584,15.0,0.0,0.0,0.010194022945287507,0.0,/media/mengh/SharedData/zhanh/auto_structbeat/caches/pilot/mscnn_final_last_gtzan/gtzan__gtzan_disco_00099__track.npy.npz
mscnn_gtzan,dbn_matched_30_300,gtzan/gtzan_hiphop_00000/track.npy,gtzan,1.0,0.9600555355806003,0.9600555355806003,0.9600555355806003,1.0,1.0,1.0,1.0,1.0,0.9743762208851449,0.9743762208851449,0.9743762208851449,1.0,1.0,1.0,1.0,60.0,0.0,0.0,0.08004270767353472,15.0,0.0,0.0,0.009950330853168632,0.0,/media/mengh/SharedData/zhanh/auto_structbeat/caches/pilot/mscnn_final_last_gtzan/gtzan__gtzan_hiphop_00000__track.npy.npz
mscnn_gtzan,dbn_matched_30_300,gtzan/gtzan_hiphop_00001/track.npy,gtzan,0.9870129870129869,0.9093531959933054,0.9093531959933054,0.9093531959933054,0.9743589743589743,0.9743589743589743,0.9743589743589743,0.9743589743589743,1.0,0.898064774455355,0.898064774455355,0.898064774455355,1.0,1.0,1.0,1.0,45.0,0.0,0.0,0.06252035698133257,11.0,0.0,0.0,0.02724020039710124,0.0,/media/mengh/SharedData/zhanh/auto_structbeat/caches/pilot/mscnn_final_last_gtzan/gtzan__gtzan_hiphop_00001__track.npy.npz
mscnn_gtzan,dbn_matched_30_300,gtzan/gtzan_hiphop_00002/track.npy,gtzan,1.0,0.9278468665556755,0.9278468665556755,0.9278468665556755,1.0,1.0,1.0,1.0,1.0,0.8929009031797557,0.8929009031797557,0.8929009031797557,1.0,1.0,1.0,1.0,50.0,0.0,0.0,0.0666913744986732,12.0,0.0,0.0,0.016529301951211717,0.0,/media/mengh/SharedData/zhanh/auto_structbeat/caches/pilot/mscnn_final_last_gtzan/gtzan__gtzan_hiphop_00002__track.npy.npz
mscnn_gtzan,dbn_matched_30_300,gtzan/gtzan_hiphop_00003/track.npy,gtzan,0.9873417721518987,0.962632718742723,0.962632718742723,0.962632718742723,0.975,0.975,0.975,0.975,0.0,6.1793663101729914e-220,0.9289020324123445,0.46445101620617224,0.0,0.0,0.9,0.9,46.0,0.0,0.0,0.031748698314582074,12.0,0.0,0.0,0.012029265793706381,0.0,/media/mengh/SharedData/zhanh/auto_structbeat/caches/pilot/mscnn_final_last_gtzan/gtzan__gtzan_hiphop_00003__track.npy.npz
mscnn_gtzan,dbn_matched_30_300,gtzan/gtzan_hiphop_00004/track.npy,gtzan,1.0,0.9893317546110604,0.9893317546110604,0.9893317546110604,1.0,1.0,1.0,1.0,0.0,6.60250715781118e-207,0.9381876633224596,0.4690938316612298,0.0,0.0,0.9,0.9,48.0,0.0,0.0,0.06453852113757223,12.0,0.0,0.0,1.0325074129013949e-15,0.0,/media/mengh/SharedData/zhanh/auto_structbeat/caches/pilot/mscnn_final_last_gtzan/gtzan__gtzan_hiphop_00004__track.npy.npz
mscnn_gtzan,dbn_matched_30_300,gtzan/gtzan_hiphop_00005/track.npy,gtzan,0.9747899159663865,0.8984450840937214,0.8984450840937214,0.8984450840937214,0.9666666666666667,0.9666666666666667,0.9666666666666667,0.9666666666666667,0.9333333333333333,0.8918380709112143,0.8918380709112143,0.8918380709112143,1.0,1.0,1.0,1.0,70.0,0.0,0.0,0.09531017980431444,18.0,0.0,0.0,0.0355066884569096,0.0,/media/mengh/SharedData/zhanh/auto_structbeat/caches/pilot/mscnn_final_last_gtzan/gtzan__gtzan_hiphop_00005__track.npy.npz
mscnn_gtzan,dbn_matched_30_300,gtzan/gtzan_hiphop_00006/track.npy,gtzan,0.9879518072289156,0.9555698831801531,0.9555698831801531,0.9555698831801531,0.9761904761904762,0.9761904761904762,0.9761904761904762,0.9761904761904762,1.0,0.9668278023341619,0.9668278023341619,0.9668278023341619,1.0,1.0,1.0,1.0,50.0,0.0,0.0,0.055214936510626186,12.0,0.0,0.0,0.012932591218598397,0.0,/media/mengh/SharedData/zhanh/auto_structbeat/caches/pilot/mscnn_final_last_gtzan/gtzan__gtzan_hiphop_00006__track.npy.npz
mscnn_gtzan,dbn_matched_30_300,gtzan/gtzan_hiphop_00007/track.npy,gtzan,0.94,0.9227401819839771,0.9227401819839771,0.9227401819839771,0.96,0.98,0.96,0.98,0.9230769230769231,0.9146666743176313,0.9146666743176313,0.9146666743176313,1.0,1.0,1.0,1.0,60.0,0.0,0.0,0.040821994520256165,15.0,0.0,0.0,0.014172505805418296,0.0,/media/mengh/SharedData/zhanh/auto_structbeat/caches/pilot/mscnn_final_last_gtzan/gtzan__gtzan_hiphop_00007__track.npy.npz
mscnn_gtzan,dbn_matched_30_300,gtzan/gtzan_hiphop_00008/track.npy,gtzan,0.813953488372093,0.7121647438660477,0.7154252807152661,0.7137950122906569,0.44,0.44,0.44,0.44,0.4761904761904762,0.41135579278440976,0.41135579278440976,0.41135579278440976,0.4166666666666667,0.4166666666666667,0.4166666666666667,0.4166666666666667,57.0,0.0,0.0,0.11778303565638115,14.0,0.0,0.0,0.32085267450713406,0.0,/media/mengh/SharedData/zhanh/auto_structbeat/caches/pilot/mscnn_final_last_gtzan/gtzan__gtzan_hiphop_00008__track.npy.npz
mscnn_gtzan,dbn_matched_30_300,gtzan/gtzan_hiphop_00009/track.npy,gtzan,0.9655172413793104,0.8784598421422838,0.8784598421422838,0.8784598421422838,0.9545454545454546,0.9545454545454546,0.9545454545454546,0.9545454545454546,0.9523809523809523,0.838581907861222,0.838581907861222,0.838581907861222,0.9090909090909091,0.9090909090909091,0.9090909090909091,0.9090909090909091,52.0,0.0,0.0,0.06795719784222497,13.0,0.0,0.0,0.01724180643450568,0.0,/media/mengh/SharedData/zhanh/auto_structbeat/caches/pilot/mscnn_final_last_gtzan/gtzan__gtzan_hiphop_00009__track.npy.npz
mscnn_gtzan,dbn_matched_30_300,gtzan/gtzan_hiphop_00010/track.npy,gtzan,0.975609756097561,0.908981680698662,0.908981680698662,0.908981680698662,0.975609756097561,0.975609756097561,0.975609756097561,0.975609756097561,1.0,0.9460659930078392,0.9460659930078392,0.9460659930078392,1.0,1.0,1.0,1.0,49.0,0.0,0.0,0.06453852113757563,12.0,0.0,0.0,0.016000341346440905,0.0,/media/mengh/SharedData/zhanh/auto_structbeat/caches/pilot/mscnn_final_last_gtzan/gtzan__gtzan_hiphop_00010__track.npy.npz
mscnn_gtzan,dbn_matched_30_300,gtzan/gtzan_hiphop_00011/track.npy,gtzan,1.0,0.9433724525166176,0.9433724525166176,0.9433724525166176,1.0,1.0,1.0,1.0,1.0,0.9447382062250582,0.9447382062250582,0.9447382062250582,1.0,1.0,1.0,1.0,50.0,0.0,0.0,0.06669137449867674,12.0,0.0,0.0,0.01666705248521253,0.0,/media/mengh/SharedData/zhanh/auto_structbeat/caches/pilot/mscnn_final_last_gtzan/gtzan__gtzan_hiphop_00011__track.npy.npz
mscnn_gtzan,dbn_matched_30_300,gtzan/gtzan_hiphop_00012/track.npy,gtzan,0.9879518072289156,0.9111138560617952,0.9111138560617952,0.9111138560617952,0.9761904761904762,0.9761904761904762,0.9761904761904762,0.9761904761904762,1.0,0.9310690895630784,0.9310690895630784,0.9310690895630784,1.0,1.0,1.0,1.0,49.0,0.0,0.0,0.06453852113757264,12.0,0.0,0.0,0.016393809775676636,0.0,/media/mengh/SharedData/zhanh/auto_structbeat/caches/pilot/mscnn_final_last_gtzan/gtzan__gtzan_hiphop_00012__track.npy.npz
mscnn_gtzan,dbn_matched_30_300,gtzan/gtzan_hiphop_00013/track.npy,gtzan,1.0,0.9624367034294491,0.9624367034294491,0.9624367034294491,1.0,1.0,1.0,1.0,1.0,0.9662399502008673,0.9662399502008673,0.9662399502008673,1.0,1.0,1.0,1.0,51.0,0.0,0.0,0.06807227269164197,13.0,0.0,0.0,0.0085106896679088,0.0,/media/mengh/SharedData/zhanh/auto_structbeat/caches/pilot/mscnn_final_last_gtzan/gtzan__gtzan_hiphop_00013__track.npy.npz
mscnn_gtzan,dbn_matched_30_300,gtzan/gtzan_hiphop_00014/track.npy,gtzan,1.0,0.9168557770887739,0.9168557770887739,0.9168557770887739,1.0,1.0,1.0,1.0,1.0,0.9285416918937762,0.9285416918937762,0.9285416918937762,1.0,1.0,1.0,1.0,67.0,0.0,0.0,0.09097177820572866,17.0,0.0,0.0,0.04396312342111908,0.0,/media/mengh/SharedData/zhanh/auto_structbeat/caches/pilot/mscnn_final_last_gtzan/gtzan__gtzan_hiphop_00014__track.npy.npz
mscnn_gtzan,dbn_matched_30_300,gtzan/gtzan_hiphop_00015/track.npy,gtzan,1.0,0.9083582032898947,0.9083582032898947,0.9083582032898947,1.0,1.0,1.0,1.0,1.0,0.937751274729008,0.937751274729008,0.937751274729008,1.0,1.0,1.0,1.0,50.0,0.0,0.0,0.06669137449867674,12.0,0.0,0.0,0.008230499136516444,0.0,/media/mengh/SharedData/zhanh/auto_structbeat/caches/pilot/mscnn_final_last_gtzan/gtzan__gtzan_hiphop_00015__track.npy.npz
mscnn_gtzan,dbn_matched_30_300,gtzan/gtzan_hiphop_00016/track.npy,gtzan,1.0,0.9588745180982688,0.9588745180982688,0.9588745180982688,1.0,1.0,1.0,1.0,1.0,0.9621867025098432,0.9621867025098432,0.9621867025098432,1.0,1.0,1.0,1.0,51.0,0.0,0.0,0.03390155167568665,13.0,0.0,0.0,0.008438868645865072,0.0,/media/mengh/SharedData/zhanh/auto_structbeat/caches/pilot/mscnn_final_last_gtzan/gtzan__gtzan_hiphop_00016__track.npy.npz
mscnn_gtzan,dbn_matched_30_300,gtzan/gtzan_hiphop_00017/track.npy,gtzan,0.9876543209876543,0.959140615333448,0.959140615333448,0.959140615333448,0.975609756097561,0.975609756097561,0.975609756097561,0.975609756097561,1.0,0.9767279467297625,0.9767279467297625,0.9767279467297625,1.0,1.0,1.0,1.0,49.0,0.0,0.0,0.05501391164319759,12.0,0.0,0.0,0.0162605208717805,0.0,/media/mengh/SharedData/zhanh/auto_structbeat/caches/pilot/mscnn_final_last_gtzan/gtzan__gtzan_hiphop_00017__track.npy.npz
mscnn_gtzan,dbn_matched_30_300,gtzan/gtzan_hiphop_00018/track.npy,gtzan,0.8735632183908046,0.5858889430099322,0.5858889430099322,0.5858889430099322,0.8636363636363636,0.8636363636363636,0.8636363636363636,0.8636363636363636,0.9090909090909091,0.6516443517496584,0.6516443517496584,0.6516443517496584,1.0,1.0,1.0,1.0,52.0,0.0,0.0,0.08296185986402317,13.0,0.0,0.0,0.07471025272592724,0.0,/media/mengh/SharedData/zhanh/auto_structbeat/caches/pilot/mscnn_final_last_gtzan/gtzan__gtzan_hiphop_00018__track.npy.npz
mscnn_gtzan,dbn_matched_30_300,gtzan/gtzan_hiphop_00019/track.npy,gtzan,1.0,0.9465510712017865,0.9465510712017865,0.9465510712017865,1.0,1.0,1.0,1.0,1.0,0.9460072503283441,0.9460072503283441,0.9460072503283441,1.0,1.0,1.0,1.0,51.0,0.0,0.0,0.06669137449866491,13.0,0.0,0.0,0.016807118316380487,0.0,/media/mengh/SharedData/zhanh/auto_structbeat/caches/pilot/mscnn_final_last_gtzan/gtzan__gtzan_hiphop_00019__track.npy.npz
mscnn_gtzan,dbn_matched_30_300,gtzan/gtzan_hiphop_00020/track.npy,gtzan,0.9896907216494846,0.9325187602705587,0.9325187602705587,0.9325187602705587,0.9795918367346939,0.9795918367346939,0.9795918367346939,0.9795918367346939,0.9600000000000001,0.9223583326270054,0.9223583326270054,0.9223583326270054,0.9230769230769231,0.9230769230769231,0.9230769230769231,0.9230769230769231,58.0,0.0,0.0,0.048655795148994624,14.0,0.0,0.0,0.019315387696032506,0.0,/media/mengh/SharedData/zhanh/auto_structbeat/caches/pilot/mscnn_final_last_gtzan/gtzan__gtzan_hiphop_00020__track.npy.npz
mscnn_gtzan,dbn_matched_30_300,gtzan/gtzan_hiphop_00021/track.npy,gtzan,1.0,0.9453697140958226,0.9453697140958226,0.9453697140958226,1.0,1.0,1.0,1.0,1.0,0.9850290358517746,0.9850290358517746,0.9850290358517746,1.0,1.0,1.0,1.0,50.0,0.0,0.0,0.05563135535808028,12.0,0.0,0.0,0.008438868645864406,0.0,/media/mengh/SharedData/zhanh/auto_structbeat/caches/pilot/mscnn_final_last_gtzan/gtzan__gtzan_hiphop_00021__track.npy.npz
mscnn_gtzan,dbn_matched_30_300,gtzan/gtzan_hiphop_00022/track.npy,gtzan,1.0,0.9576852064782726,0.9576852064782726,0.9576852064782726,1.0,1.0,1.0,1.0,1.0,0.9508233291388503,0.9508233291388503,0.9508233291388503,1.0,1.0,1.0,1.0,50.0,0.0,0.0,0.0666913744986708,13.0,0.0,0.0,0.01680711831638082,0.0,/media/mengh/SharedData/zhanh/auto_structbeat/caches/pilot/mscnn_final_last_gtzan/gtzan__gtzan_hiphop_00022__track.npy.npz
mscnn_gtzan,dbn_matched_30_300,gtzan/gtzan_hiphop_00023/track.npy,gtzan,0.9873417721518987,0.9140271991868659,0.9140271991868659,0.9140271991868659,0.975,0.975,0.975,0.975,1.0,0.9442218869394299,0.9442218869394299,0.9442218869394299,1.0,1.0,1.0,1.0,47.0,0.0,0.0,0.05657425014966511,12.0,0.0,0.0,0.015625317903079878,0.0,/media/mengh/SharedData/zhanh/auto_structbeat/caches/pilot/mscnn_final_last_gtzan/gtzan__gtzan_hiphop_00023__track.npy.npz
mscnn_gtzan,dbn_matched_30_300,gtzan/gtzan_hiphop_00024/track.npy,gtzan,1.0,0.9703794243128336,0.9703794243128336,0.9703794243128336,1.0,1.0,1.0,1.0,1.0,0.9790376191803426,0.9790376191803426,0.9790376191803426,1.0,1.0,1.0,1.0,51.0,0.0,0.0,0.03390155167568665,13.0,0.0,0.0,0.01694955831377376,0.0,/media/mengh/SharedData/zhanh/auto_structbeat/caches/pilot/mscnn_final_last_gtzan/gtzan__gtzan_hiphop_00024__track.npy.npz
mscnn_gtzan,dbn_matched_30_300,gtzan/gtzan_hiphop_00025/track.npy,gtzan,1.0,0.9109805418378201,0.9109805418378201,0.9109805418378201,1.0,1.0,1.0,1.0,1.0,0.932107732664178,0.932107732664178,0.932107732664178,1.0,1.0,1.0,1.0,53.0,0.0,0.0,0.07145896398214502,13.0,0.0,0.0,0.00884978854970031,0.0,/media/mengh/SharedData/zhanh/auto_structbeat/caches/pilot/mscnn_final_last_gtzan/gtzan__gtzan_hiphop_00025__track.npy.npz
mscnn_gtzan,dbn_matched_30_300,gtzan/gtzan_hiphop_00026/track.npy,gtzan,1.0,0.9388716961543068,0.9388716961543068,0.9388716961543068,1.0,1.0,1.0,1.0,1.0,0.9228025862133088,0.9228025862133088,0.9228025862133088,1.0,1.0,1.0,1.0,52.0,0.0,0.0,0.05373717323289365,13.0,0.0,0.0,0.012730123990841391,0.0,/media/mengh/SharedData/zhanh/auto_structbeat/caches/pilot/mscnn_final_last_gtzan/gtzan__gtzan_hiphop_00026__track.npy.npz
mscnn_gtzan,dbn_matched_30_300,gtzan/gtzan_hiphop_00027/track.npy,gtzan,1.0,0.9417972578257102,0.9417972578257102,0.9417972578257102,1.0,1.0,1.0,1.0,0.0,2.2798043657417526e-223,0.8769854253714613,0.43849271268573065,0.0,0.0,1.0,1.0,46.0,0.0,0.0,0.06062462181643854,11.0,0.0,0.0,0.012132922766449325,0.0,/media/mengh/SharedData/zhanh/auto_structbeat/caches/pilot/mscnn_final_last_gtzan/gtzan__gtzan_hiphop_00027__track.npy.npz
mscnn_gtzan,dbn_matched_30_300,gtzan/gtzan_hiphop_00028/track.npy,gtzan,0.7631578947368421,0.5982806252481367,0.5982806252481367,0.5982806252481367,1.0,1.0,1.0,1.0,0.7777777777777778,0.5503525567345238,0.5503525567345238,0.5503525567345238,1.0,1.0,1.0,1.0,45.0,0.0,0.0,0.08701137698962802,11.0,0.0,0.0,0.034248587204924186,0.0,/media/mengh/SharedData/zhanh/auto_structbeat/caches/pilot/mscnn_final_last_gtzan/gtzan__gtzan_hiphop_00028__track.npy.npz
mscnn_gtzan,dbn_matched_30_300,gtzan/gtzan_hiphop_00029/track.npy,gtzan,1.0,0.9347116485854225,0.9347116485854225,0.9347116485854225,1.0,1.0,1.0,1.0,1.0,0.9462417509091114,0.9462417509091114,0.9462417509091114,1.0,1.0,1.0,1.0,47.0,0.0,0.0,0.06413488830632336,12.0,0.0,0.0,0.019718766546028936,0.0,/media/mengh/SharedData/zhanh/auto_structbeat/caches/pilot/mscnn_final_last_gtzan/gtzan__gtzan_hiphop_00029__track.npy.npz
mscnn_gtzan,dbn_matched_30_300,gtzan/gtzan_hiphop_00030/track.npy,gtzan,0.29729729729729726,0.25631963158677634,0.5848390585522552,0.4205793450695158,0.18666666666666668,0.25333333333333335,0.5945945945945946,0.6216216216216216,0.05405405405405406,0.05154384455581018,0.16295346254023163,0.1072486535480209,0.6842105263157895,0.6842105263157895,0.6842105263157895,0.6842105263157895,87.0,0.0,0.0,0.11778303565638577,22.0,0.0,0.0,0.11116961151673921,0.0,/media/mengh/SharedData/zhanh/auto_structbeat/caches/pilot/mscnn_final_last_gtzan/gtzan__gtzan_hiphop_00030__track.npy.npz
mscnn_gtzan,dbn_matched_30_300,gtzan/gtzan_hiphop_00031/track.npy,gtzan,1.0,0.9764794552355666,0.9764794552355666,0.9764794552355666,1.0,1.0,1.0,1.0,1.0,0.9809869883117592,0.9809869883117592,0.9809869883117592,1.0,1.0,1.0,1.0,50.0,0.0,0.0,0.03390155167568665,12.0,0.0,0.0,0.008368249670517042,0.0,/media/mengh/SharedData/zhanh/auto_structbeat/caches/pilot/mscnn_final_last_gtzan/gtzan__gtzan_hiphop_00031__track.npy.npz
mscnn_gtzan,dbn_matched_30_300,gtzan/gtzan_hiphop_00032/track.npy,gtzan,0.9879518072289156,0.7181570585018044,0.7181570585018044,0.7181570585018044,0.9761904761904762,0.9761904761904762,0.9761904761904762,0.9761904761904762,1.0,0.7646250076566784,0.7646250076566784,0.7646250076566784,1.0,1.0,1.0,1.0,51.0,0.0,0.0,0.03461541255703999,13.0,0.0,0.0,0.03292873100557614,0.0,/media/mengh/SharedData/zhanh/auto_structbeat/caches/pilot/mscnn_final_last_gtzan/gtzan__gtzan_hiphop_00032__track.npy.npz
mscnn_gtzan,dbn_matched_30_300,gtzan/gtzan_hiphop_00033/track.npy,gtzan,1.0,0.9674533563308398,0.9674533563308398,0.9674533563308398,1.0,1.0,1.0,1.0,1.0,0.9764434341161712,0.9764434341161712,0.9764434341161712,1.0,1.0,1.0,1.0,49.0,0.0,0.0,0.0645385211375688,12.0,0.0,0.0,0.01261677626710184,0.0,/media/mengh/SharedData/zhanh/auto_structbeat/caches/pilot/mscnn_final_last_gtzan/gtzan__gtzan_hiphop_00033__track.npy.npz
mscnn_gtzan,dbn_matched_30_300,gtzan/gtzan_hiphop_00034/track.npy,gtzan,0.9024390243902439,0.7750664141876926,0.7750664141876926,0.7750664141876926,1.0,1.0,1.0,1.0,0.9,0.8224979476741014,0.8224979476741014,0.8224979476741014,1.0,1.0,1.0,1.0,50.0,0.0,0.0,0.0666913744986717,12.0,0.0,0.0,0.02977042236344994,0.0,/media/mengh/SharedData/zhanh/auto_structbeat/caches/pilot/mscnn_final_last_gtzan/gtzan__gtzan_hiphop_00034__track.npy.npz
mscnn_gtzan,dbn_matched_30_300,gtzan/gtzan_hiphop_00035/track.npy,gtzan,1.0,0.9604100650946078,0.9604100650946078,0.9604100650946078,1.0,1.0,1.0,1.0,1.0,0.9318674606786121,0.9318674606786121,0.9318674606786121,1.0,1.0,1.0,1.0,43.0,0.0,0.0,0.0555698511548145,11.0,0.0,0.0,0.007017572658646554,0.0,/media/mengh/SharedData/zhanh/auto_structbeat/caches/pilot/mscnn_final_last_gtzan/gtzan__gtzan_hiphop_00035__track.npy.npz
mscnn_gtzan,dbn_matched_30_300,gtzan/gtzan_hiphop_00036/track.npy,gtzan,0.9696969696969697,0.903325525398301,0.903325525398301,0.903325525398301,0.92,0.92,0.92,0.92,0.9600000000000001,0.9046180059240162,0.9046180059240162,0.9046180059240162,0.9230769230769231,0.9230769230769231,0.9230769230769231,0.9230769230769231,54.0,0.0,0.0,0.07696104113612678,14.0,0.0,0.0,0.15700837184435024,0.0,/media/mengh/SharedData/zhanh/auto_structbeat/caches/pilot/mscnn_final_last_gtzan/gtzan__gtzan_hiphop_00036__track.npy.npz
mscnn_gtzan,dbn_matched_30_300,gtzan/gtzan_hiphop_00037/track.npy,gtzan,1.0,0.9702214250269601,0.9702214250269601,0.9702214250269601,1.0,1.0,1.0,1.0,1.0,0.9783447560139282,0.9783447560139282,0.9783447560139282,1.0,1.0,1.0,1.0,35.0,0.0,0.0,0.09842959447828314,9.0,0.0,0.0,0.18513428600465653,0.0,/media/mengh/SharedData/zhanh/auto_structbeat/caches/pilot/mscnn_final_last_gtzan/gtzan__gtzan_hiphop_00037__track.npy.npz
mscnn_gtzan,dbn_matched_30_300,gtzan/gtzan_hiphop_00038/track.npy,gtzan,1.0,0.9824435166205371,0.9824435166205371,0.9824435166205371,1.0,1.0,1.0,1.0,1.0,0.9782936802415405,0.9782936802415405,0.9782936802415405,1.0,1.0,1.0,1.0,44.0,0.0,0.0,0.06062462181643358,11.0,0.0,0.0,0.0076045993852190685,0.0,/media/mengh/SharedData/zhanh/auto_structbeat/caches/pilot/mscnn_final_last_gtzan/gtzan__gtzan_hiphop_00038__track.npy.npz
mscnn_gtzan,dbn_matched_30_300,gtzan/gtzan_hiphop_00039/track.npy,gtzan,0.975609756097561,0.8244493675923079,0.8244493675923079,0.8244493675923079,1.0,1.0,1.0,1.0,0.9090909090909091,0.8143190296453535,0.8143190296453535,0.8143190296453535,1.0,1.0,1.0,1.0,49.0,0.0,0.0,0.06252035698133257,13.0,0.0,0.0,0.05535009508316591,0.0,/media/mengh/SharedData/zhanh/auto_structbeat/caches/pilot/mscnn_final_last_gtzan/gtzan__gtzan_hiphop_00039__track.npy.npz
mscnn_gtzan,dbn_matched_30_300,gtzan/gtzan_hiphop_00040/track.npy,gtzan,1.0,0.9244616626330735,0.9244616626330735,0.9244616626330735,1.0,1.0,1.0,1.0,1.0,0.968630963574363,0.968630963574363,0.968630963574363,1.0,1.0,1.0,1.0,41.0,0.0,0.0,0.05645665329022247,10.0,0.0,0.0,0.01100794091793111,0.0,/media/mengh/SharedData/zhanh/auto_structbeat/caches/pilot/mscnn_final_last_gtzan/gtzan__gtzan_hiphop_00040__track.npy.npz
mscnn_gtzan,dbn_matched_30_300,gtzan/gtzan_hiphop_00041/track.npy,gtzan,0.9873417721518987,0.9042509141779699,0.9042509141779699,0.9042509141779699,0.975,0.975,0.975,0.975,1.0,0.9441981085689395,0.9441981085689395,0.9441981085689395,1.0,1.0,1.0,1.0,46.0,0.0,0.0,0.07741435506970563,11.0,0.0,0.0,0.09468858813595413,0.0,/media/mengh/SharedData/zhanh/auto_structbeat/caches/pilot/mscnn_final_last_gtzan/gtzan__gtzan_hiphop_00041__track.npy.npz
mscnn_gtzan,dbn_matched_30_300,gtzan/gtzan_hiphop_00042/track.npy,gtzan,1.0,0.7405416723286092,0.7405416723286092,0.7405416723286092,1.0,1.0,1.0,1.0,0.0,4.3807753832434986e-219,0.6856729208779463,0.34283646043897315,0.0,0.0,0.9,0.9,47.0,0.0,0.0,0.06062462181643815,12.0,0.0,0.0,0.019418435230249224,0.0,/media/mengh/SharedData/zhanh/auto_structbeat/caches/pilot/mscnn_final_last_gtzan/gtzan__gtzan_hiphop_00042__track.npy.npz
mscnn_gtzan,dbn_matched_30_300,gtzan/gtzan_hiphop_00043/track.npy,gtzan,1.0,0.9631593476397272,0.9631593476397272,0.9631593476397272,1.0,1.0,1.0,1.0,1.0,0.9681891974120903,0.9681891974120903,0.9681891974120903,1.0,1.0,1.0,1.0,45.0,0.0,0.0,0.08935208051967977,11.0,0.0,0.0,0.032445143032032886,0.0,/media/mengh/SharedData/zhanh/auto_structbeat/caches/pilot/mscnn_final_last_gtzan/gtzan__gtzan_hiphop_00043__track.npy.npz
mscnn_gtzan,dbn_matched_30_300,gtzan/gtzan_hiphop_00044/track.npy,gtzan,0.816326530612245,0.6909286415149997,0.6909286415149997,0.6909286415149997,0.74,0.74,0.74,0.74,0.08,0.022243016568270848,0.03089303338368817,0.026568024975979508,0.07692307692307693,0.07692307692307693,0.07692307692307693,0.07692307692307693,60.0,0.0,0.0,0.08004270767353472,15.0,0.0,0.0,0.19078063437498557,0.0,/media/mengh/SharedData/zhanh/auto_structbeat/caches/pilot/mscnn_final_last_gtzan/gtzan__gtzan_hiphop_00044__track.npy.npz
mscnn_gtzan,dbn_matched_30_300,gtzan/gtzan_hiphop_00045/track.npy,gtzan,0.975609756097561,0.8244493675923079,0.8244493675923079,0.8244493675923079,1.0,1.0,1.0,1.0,0.9090909090909091,0.8143190296453535,0.8143190296453535,0.8143190296453535,1.0,1.0,1.0,1.0,49.0,0.0,0.0,0.06252035698133257,13.0,0.0,0.0,0.05535009508316591,0.0,/media/mengh/SharedData/zhanh/auto_structbeat/caches/pilot/mscnn_final_last_gtzan/gtzan__gtzan_hiphop_00045__track.npy.npz
mscnn_gtzan,dbn_matched_30_300,gtzan/gtzan_hiphop_00046/track.npy,gtzan,0.9876543209876543,0.9655594124563188,0.9655594124563188,0.9655594124563188,0.975609756097561,0.975609756097561,0.975609756097561,0.975609756097561,0.9523809523809523,0.9368785142375528,0.9368785142375528,0.9368785142375528,0.9090909090909091,0.9090909090909091,0.9090909090909091,0.9090909090909091,48.0,0.0,0.0,0.05482744231464658,12.0,0.0,0.0,0.021076261336788082,0.0,/media/mengh/SharedData/zhanh/auto_structbeat/caches/pilot/mscnn_final_last_gtzan/gtzan__gtzan_hiphop_00046__track.npy.npz
mscnn_gtzan,dbn_matched_30_300,gtzan/gtzan_hiphop_00047/track.npy,gtzan,0.9876543209876543,0.9697313684793558,0.9697313684793558,0.9697313684793558,0.975609756097561,0.975609756097561,0.975609756097561,0.975609756097561,1.0,0.9742428496497949,0.9742428496497949,0.9742428496497949,1.0,1.0,1.0,1.0,48.0,0.0,0.0,0.0645385211375708,12.0,0.0,0.0,0.008097210232620555,0.0,/media/mengh/SharedData/zhanh/auto_structbeat/caches/pilot/mscnn_final_last_gtzan/gtzan__gtzan_hiphop_00047__track.npy.npz
mscnn_gtzan,dbn_matched_30_300,gtzan/gtzan_hiphop_00048/track.npy,gtzan,1.0,0.9618018138168443,0.9618018138168443,0.9618018138168443,1.0,1.0,1.0,1.0,1.0,0.9775650254867614,0.9775650254867614,0.9775650254867614,1.0,1.0,1.0,1.0,49.0,0.0,0.0,0.06453852113757563,12.0,0.0,0.0,0.008032171697264296,0.0,/media/mengh/SharedData/zhanh/auto_structbeat/caches/pilot/mscnn_final_last_gtzan/gtzan__gtzan_hiphop_00048__track.npy.npz
mscnn_gtzan,dbn_matched_30_300,gtzan/gtzan_hiphop_00049/track.npy,gtzan,0.9523809523809523,0.9240389415074145,0.9240389415074145,0.9240389415074145,0.7619047619047619,0.9285714285714286,0.7619047619047619,0.9285714285714286,0.9090909090909091,0.8784140596276715,0.8784140596276715,0.8784140596276715,1.0,1.0,1.0,1.0,51.0,0.0,0.0,0.03390155167568665,13.0,0.0,0.0,0.012730123990841224,0.0,/media/mengh/SharedData/zhanh/auto_structbeat/caches/pilot/mscnn_final_last_gtzan/gtzan__gtzan_hiphop_00049__track.npy.npz
mscnn_gtzan,dbn_matched_30_300,gtzan/gtzan_hiphop_00050/track.npy,gtzan,0.9879518072289156,0.8680044001479783,0.8680044001479783,0.8680044001479783,0.9761904761904762,0.9761904761904762,0.9761904761904762,0.9761904761904762,1.0,0.9006023002972455,0.9006023002972455,0.9006023002972455,1.0,1.0,1.0,1.0,49.0,0.0,0.0,0.05534743029900278,12.0,0.0,0.0,0.016393809775676487,0.0,/media/mengh/SharedData/zhanh/auto_structbeat/caches/pilot/mscnn_final_last_gtzan/gtzan__gtzan_hiphop_00050__track.npy.npz
mscnn_gtzan,dbn_matched_30_300,gtzan/gtzan_hiphop_00051/track.npy,gtzan,1.0,0.8544743972034371,0.8544743972034371,0.8544743972034371,1.0,1.0,1.0,1.0,1.0,0.8256632030456639,0.8256632030456639,0.8256632030456639,1.0,1.0,1.0,1.0,53.0,0.0,0.0,0.0689928714869546,13.0,0.0,0.0,0.03049424423971997,0.0,/media/mengh/SharedData/zhanh/auto_structbeat/caches/pilot/mscnn_final_last_gtzan/gtzan__gtzan_hiphop_00051__track.npy.npz
mscnn_gtzan,dbn_matched_30_300,gtzan/gtzan_hiphop_00052/track.npy,gtzan,0.9772727272727273,0.8040313859343833,0.8040313859343833,0.8040313859343833,1.0,1.0,1.0,1.0,1.0,0.8240483751796628,0.8240483751796628,0.8240483751796628,1.0,1.0,1.0,1.0,53.0,0.0,0.0,0.0689928714869531,13.0,0.0,0.0,0.021837531751331074,0.0,/media/mengh/SharedData/zhanh/auto_structbeat/caches/pilot/mscnn_final_last_gtzan/gtzan__gtzan_hiphop_00052__track.npy.npz
mscnn_gtzan,dbn_matched_30_300,gtzan/gtzan_hiphop_00053/track.npy,gtzan,1.0,0.9434165418090426,0.9434165418090426,0.9434165418090426,1.0,1.0,1.0,1.0,1.0,0.9764090956198053,0.9764090956198053,0.9764090956198053,1.0,1.0,1.0,1.0,55.0,0.0,0.0,0.07145896398214668,13.0,0.0,0.0,0.013534170511297794,0.0,/media/mengh/SharedData/zhanh/auto_structbeat/caches/pilot/mscnn_final_last_gtzan/gtzan__gtzan_hiphop_00053__track.npy.npz
mscnn_gtzan,dbn_matched_30_300,gtzan/gtzan_hiphop_00054/track.npy,gtzan,0.21505376344086022,0.17431970106242953,0.17431970106242953,0.17431970106242953,0.6170212765957447,0.9361702127659575,0.6170212765957447,0.9361702127659575,0.3333333333333333,0.1983124825090902,0.1983124825090902,0.1983124825090902,1.0,1.0,1.0,1.0,57.0,0.0,0.0,0.07410797215371794,14.0,0.0,0.0,0.03247712992396399,0.0,/media/mengh/SharedData/zhanh/auto_structbeat/caches/pilot/mscnn_final_last_gtzan/gtzan__gtzan_hiphop_00054__track.npy.npz
mscnn_gtzan,dbn_matched_30_300,gtzan/gtzan_hiphop_00055/track.npy,gtzan,1.0,0.9695063701237638,0.9695063701237638,0.9695063701237638,1.0,1.0,1.0,1.0,1.0,0.9499958469113766,0.9499958469113766,0.9499958469113766,1.0,1.0,1.0,1.0,41.0,0.0,0.0,0.027398974188118708,10.0,0.0,0.0,0.006825965070401008,0.0,/media/mengh/SharedData/zhanh/auto_structbeat/caches/pilot/mscnn_final_last_gtzan/gtzan__gtzan_hiphop_00055__track.npy.npz
mscnn_gtzan,dbn_matched_30_300,gtzan/gtzan_hiphop_00056/track.npy,gtzan,1.0,0.9734081095453956,0.9734081095453956,0.9734081095453956,1.0,1.0,1.0,1.0,1.0,0.9977103662390744,0.9977103662390744,0.9977103662390744,1.0,1.0,1.0,1.0,50.0,0.0,0.0,0.03390155167568665,13.0,0.0,0.0,1.4432899320127035e-15,0.0,/media/mengh/SharedData/zhanh/auto_structbeat/caches/pilot/mscnn_final_last_gtzan/gtzan__gtzan_hiphop_00056__track.npy.npz
mscnn_gtzan,dbn_matched_30_300,gtzan/gtzan_hiphop_00057/track.npy,gtzan,0.40425531914893614,0.32339569294042453,0.32339569294042453,0.32339569294042453,0.9787234042553191,0.9787234042553191,0.9787234042553191,0.9787234042553191,0.3333333333333333,0.3330669128485098,0.3330669128485098,0.3330669128485098,1.0,1.0,1.0,1.0,56.0,0.0,0.0,0.07410797215372356,14.0,0.0,0.0,0.018349138668196097,0.0,/media/mengh/SharedData/zhanh/auto_structbeat/caches/pilot/mscnn_final_last_gtzan/gtzan__gtzan_hiphop_00057__track.npy.npz
mscnn_gtzan,dbn_matched_30_300,gtzan/gtzan_hiphop_00058/track.npy,gtzan,0.9866666666666666,0.9373820878006054,0.9373820878006054,0.9373820878006054,0.9736842105263158,0.9736842105263158,0.9736842105263158,0.9736842105263158,1.0,0.8877666731075551,0.8877666731075551,0.8877666731075551,1.0,1.0,1.0,1.0,45.0,0.0,0.0,0.06062462181643358,11.0,0.0,0.0,0.007547205635383203,0.0,/media/mengh/SharedData/zhanh/auto_structbeat/caches/pilot/mscnn_final_last_gtzan/gtzan__gtzan_hiphop_00058__track.npy.npz
mscnn_gtzan,dbn_matched_30_300,gtzan/gtzan_hiphop_00059/track.npy,gtzan,1.0,0.8985265391268528,0.8985265391268528,0.8985265391268528,1.0,1.0,1.0,1.0,1.0,0.9196613797774885,0.9196613797774885,0.9196613797774885,1.0,1.0,1.0,1.0,46.0,0.0,0.0,0.030771658666755797,11.0,0.0,0.0,0.015384918839479367,0.0,/media/mengh/SharedData/zhanh/auto_structbeat/caches/pilot/mscnn_final_last_gtzan/gtzan__gtzan_hiphop_00059__track.npy.npz
mscnn_gtzan,dbn_matched_30_300,gtzan/gtzan_hiphop_00060/track.npy,gtzan,1.0,0.8893204128735188,0.8893204128735188,0.8893204128735188,1.0,1.0,1.0,1.0,1.0,0.8880186275087737,0.8880186275087737,0.8880186275087737,1.0,1.0,1.0,1.0,46.0,0.0,0.0,0.060624621816434146,11.0,0.0,0.0,0.019646208058097754,0.0,/media/mengh/SharedData/zhanh/auto_structbeat/caches/pilot/mscnn_final_last_gtzan/gtzan__gtzan_hiphop_00060__track.npy.npz
mscnn_gtzan,dbn_matched_30_300,gtzan/gtzan_hiphop_00061/track.npy,gtzan,0.9743589743589743,0.806057930805745,0.806057930805745,0.806057930805745,1.0,1.0,1.0,1.0,1.0,0.8921309335020522,0.8921309335020522,0.8921309335020522,1.0,1.0,1.0,1.0,46.0,0.0,0.0,0.09195914591481395,12.0,0.0,0.0,0.039327534336227474,0.0,/media/mengh/SharedData/zhanh/auto_structbeat/caches/pilot/mscnn_final_last_gtzan/gtzan__gtzan_hiphop_00061__track.npy.npz
mscnn_gtzan,dbn_matched_30_300,gtzan/gtzan_hiphop_00062/track.npy,gtzan,1.0,0.952165855935709,0.952165855935709,0.952165855935709,1.0,1.0,1.0,1.0,0.0,1.072736193338275e-223,0.8110881864770794,0.4055440932385397,0.0,0.0,0.8,0.8,46.0,0.0,0.0,0.030771658666755797,12.0,0.0,0.0,0.015384918839479355,0.0,/media/mengh/SharedData/zhanh/auto_structbeat/caches/pilot/mscnn_final_last_gtzan/gtzan__gtzan_hiphop_00062__track.npy.npz
mscnn_gtzan,dbn_matched_30_300,gtzan/gtzan_hiphop_00063/track.npy,gtzan,1.0,0.7706229586034993,0.7706229586034993,0.7706229586034993,1.0,1.0,1.0,1.0,0.0,2.8420276864322865e-201,0.6388681179145602,0.3194340589572801,0.0,0.0,0.8,0.8,47.0,0.0,0.0,0.06453852113757208,12.0,0.0,0.0,0.04343529316334502,0.0,/media/mengh/SharedData/zhanh/auto_structbeat/caches/pilot/mscnn_final_last_gtzan/gtzan__gtzan_hiphop_00063__track.npy.npz
mscnn_gtzan,dbn_matched_30_300,gtzan/gtzan_hiphop_00064/track.npy,gtzan,0.9859154929577464,0.9531239254053041,0.9531239254053041,0.9531239254053041,0.9722222222222222,0.9722222222222222,0.9722222222222222,0.9722222222222222,1.0,0.9405681842020182,0.9405681842020182,0.9405681842020182,1.0,1.0,1.0,1.0,44.0,0.0,0.0,0.057158413839947464,11.0,0.0,0.0,0.014388737452099232,0.0,/media/mengh/SharedData/zhanh/auto_structbeat/caches/pilot/mscnn_final_last_gtzan/gtzan__gtzan_hiphop_00064__track.npy.npz
mscnn_gtzan,dbn_matched_30_300,gtzan/gtzan_hiphop_00065/track.npy,gtzan,1.0,0.978354407003611,0.978354407003611,0.978354407003611,1.0,1.0,1.0,1.0,1.0,0.9664910134829825,0.9664910134829825,0.9664910134829825,1.0,1.0,1.0,1.0,49.0,0.0,0.0,0.031748698314585266,13.0,0.0,0.0,0.008032171697264112,0.0,/media/mengh/SharedData/zhanh/auto_structbeat/caches/pilot/mscnn_final_last_gtzan/gtzan__gtzan_hiphop_00065__track.npy.npz
mscnn_gtzan,dbn_matched_30_300,gtzan/gtzan_hiphop_00066/track.npy,gtzan,0.9866666666666666,0.9604676478704742,0.9604676478704742,0.9604676478704742,0.9736842105263158,0.9736842105263158,0.9736842105263158,0.9736842105263158,1.0,0.9839349541341194,0.9839349541341194,0.9839349541341194,1.0,1.0,1.0,1.0,45.0,0.0,0.0,0.06233078346484402,11.0,0.0,0.0,0.016650635148083886,0.0,/media/mengh/SharedData/zhanh/auto_structbeat/caches/pilot/mscnn_final_last_gtzan/gtzan__gtzan_hiphop_00066__track.npy.npz
mscnn_gtzan,dbn_matched_30_300,gtzan/gtzan_hiphop_00067/track.npy,gtzan,1.0,0.9744285788131556,0.9744285788131556,0.9744285788131556,1.0,1.0,1.0,1.0,1.0,0.9823191415963116,0.9823191415963116,0.9823191415963116,1.0,1.0,1.0,1.0,49.0,0.0,0.0,0.06453852113756797,12.0,0.0,0.0,0.00809721023261969,0.0,/media/mengh/SharedData/zhanh/auto_structbeat/caches/pilot/mscnn_final_last_gtzan/gtzan__gtzan_hiphop_00067__track.npy.npz
mscnn_gtzan,dbn_matched_30_300,gtzan/gtzan_hiphop_00068/track.npy,gtzan,1.0,0.9593887918691986,0.9593887918691986,0.9593887918691986,1.0,1.0,1.0,1.0,1.0,0.9727158028390868,0.9727158028390868,0.9727158028390868,1.0,1.0,1.0,1.0,49.0,0.0,0.0,0.05501391164319744,13.0,0.0,0.0,0.012146346284522214,0.0,/media/mengh/SharedData/zhanh/auto_structbeat/caches/pilot/mscnn_final_last_gtzan/gtzan__gtzan_hiphop_00068__track.npy.npz
mscnn_gtzan,dbn_matched_30_300,gtzan/gtzan_hiphop_00069/track.npy,gtzan,0.9767441860465116,0.8182963903556072,0.8182963903556072,0.8182963903556072,0.9767441860465116,0.9767441860465116,0.9767441860465116,0.9767441860465116,1.0,0.8210768592846189,0.8210768592846189,0.8210768592846189,1.0,1.0,1.0,1.0,51.0,0.0,0.0,0.03390155167568665,13.0,0.0,0.0,0.01273012399084178,0.0,/media/mengh/SharedData/zhanh/auto_structbeat/caches/pilot/mscnn_final_last_gtzan/gtzan__gtzan_hiphop_00069__track.npy.npz
mscnn_gtzan,dbn_matched_30_300,gtzan/gtzan_hiphop_00070/track.npy,gtzan,1.0,0.9645131193434844,0.9645131193434844,0.9645131193434844,1.0,1.0,1.0,1.0,1.0,0.9802694018712892,0.9802694018712892,0.9802694018712892,1.0,1.0,1.0,1.0,48.0,0.0,0.0,0.03174869831458238,12.0,0.0,0.0,0.008032171697264112,0.0,/media/mengh/SharedData/zhanh/auto_structbeat/caches/pilot/mscnn_final_last_gtzan/gtzan__gtzan_hiphop_00070__track.npy.npz
mscnn_gtzan,dbn_matched_30_300,gtzan/gtzan_hiphop_00071/track.npy,gtzan,0.9620253164556962,0.9025935514963936,0.9025935514963936,0.9025935514963936,0.975,0.975,0.975,0.975,0.0,2.647035307559249e-192,0.8977046438398794,0.4488523219199397,0.0,0.0,0.9,0.9,48.0,0.0,0.0,0.03278982282298924,12.0,0.0,0.0,0.008003370775624819,0.0,/media/mengh/SharedData/zhanh/auto_structbeat/caches/pilot/mscnn_final_last_gtzan/gtzan__gtzan_hiphop_00071__track.npy.npz
mscnn_gtzan,dbn_matched_30_300,gtzan/gtzan_hiphop_00072/track.npy,gtzan,1.0,0.9239250787946353,0.9239250787946353,0.9239250787946353,1.0,1.0,1.0,1.0,1.0,0.9481225604924374,0.9481225604924374,0.9481225604924374,1.0,1.0,1.0,1.0,49.0,0.0,0.0,0.032789822822996084,12.0,0.0,0.0,0.016393809775677504,0.0,/media/mengh/SharedData/zhanh/auto_structbeat/caches/pilot/mscnn_final_last_gtzan/gtzan__gtzan_hiphop_00072__track.npy.npz
mscnn_gtzan,dbn_matched_30_300,gtzan/gtzan_hiphop_00073/track.npy,gtzan,1.0,0.9555003088439727,0.9555003088439727,0.9555003088439727,1.0,1.0,1.0,1.0,1.0,0.9684938792033331,0.9684938792033331,0.9684938792033331,1.0,1.0,1.0,1.0,47.0,0.0,0.0,0.06178438558965249,12.0,0.0,0.0,0.019718766546028867,0.0,/media/mengh/SharedData/zhanh/auto_structbeat/caches/pilot/mscnn_final_last_gtzan/gtzan__gtzan_hiphop_00073__track.npy.npz
mscnn_gtzan,dbn_matched_30_300,gtzan/gtzan_hiphop_00074/track.npy,gtzan,1.0,0.9127656747728413,0.9127656747728413,0.9127656747728413,1.0,1.0,1.0,1.0,1.0,0.8840363011014499,0.8840363011014499,0.8840363011014499,1.0,1.0,1.0,1.0,49.0,0.0,0.0,0.0666913744986718,12.0,0.0,0.0,0.008298802814693529,0.0,/media/mengh/SharedData/zhanh/auto_structbeat/caches/pilot/mscnn_final_last_gtzan/gtzan__gtzan_hiphop_00074__track.npy.npz
mscnn_gtzan,dbn_matched_30_300,gtzan/gtzan_hiphop_00075/track.npy,gtzan,1.0,0.9728918534390004,0.9728918534390004,0.9728918534390004,1.0,1.0,1.0,1.0,0.0,4.172788281942776e-225,0.85496027698,0.42748013849,0.0,0.0,0.8,0.8,46.0,0.0,0.0,0.06062462181644273,12.0,0.0,0.0,0.019567448501350747,0.0,/media/mengh/SharedData/zhanh/auto_structbeat/caches/pilot/mscnn_final_last_gtzan/gtzan__gtzan_hiphop_00075__track.npy.npz
mscnn_gtzan,dbn_matched_30_300,gtzan/gtzan_hiphop_00076/track.npy,gtzan,1.0,0.9521843348196466,0.9521843348196466,0.9521843348196466,1.0,1.0,1.0,1.0,1.0,0.9155262688035245,0.9155262688035245,0.9155262688035245,1.0,1.0,1.0,1.0,49.0,0.0,0.0,0.03278982282299518,12.0,0.0,0.0,0.03338380864221041,0.0,/media/mengh/SharedData/zhanh/auto_structbeat/caches/pilot/mscnn_final_last_gtzan/gtzan__gtzan_hiphop_00076__track.npy.npz
mscnn_gtzan,dbn_matched_30_300,gtzan/gtzan_hiphop_00077/track.npy,gtzan,0.9690721649484536,0.8733435809867197,0.8733435809867197,0.8733435809867197,0.9795918367346939,0.9795918367346939,0.9795918367346939,0.9795918367346939,0.0,4.708881762427496e-32,6.193525509160854e-32,5.451203635794175e-32,0.0,0.0,0.0,0.0,58.0,0.0,0.0,0.11134522788784001,15.0,0.0,0.0,0.10606250817912175,0.0,/media/mengh/SharedData/zhanh/auto_structbeat/caches/pilot/mscnn_final_last_gtzan/gtzan__gtzan_hiphop_00077__track.npy.npz
mscnn_gtzan,dbn_matched_30_300,gtzan/gtzan_hiphop_00078/track.npy,gtzan,1.0,0.9521843348196466,0.9521843348196466,0.9521843348196466,1.0,1.0,1.0,1.0,1.0,0.9155262688035245,0.9155262688035245,0.9155262688035245,1.0,1.0,1.0,1.0,49.0,0.0,0.0,0.03278982282299518,12.0,0.0,0.0,0.03338380864221041,0.0,/media/mengh/SharedData/zhanh/auto_structbeat/caches/pilot/mscnn_final_last_gtzan/gtzan__gtzan_hiphop_00078__track.npy.npz
mscnn_gtzan,dbn_matched_30_300,gtzan/gtzan_hiphop_00079/track.npy,gtzan,0.8863636363636365,0.7257997269664558,0.7257997269664558,0.7257997269664558,1.0,1.0,1.0,1.0,0.9090909090909091,0.7459182949228225,0.7459182949228225,0.7459182949228225,1.0,1.0,1.0,1.0,53.0,0.0,0.0,0.036367644170874125,14.0,0.0,0.0,0.02162973308534165,0.0,/media/mengh/SharedData/zhanh/auto_structbeat/caches/pilot/mscnn_final_last_gtzan/gtzan__gtzan_hiphop_00079__track.npy.npz
mscnn_gtzan,dbn_matched_30_300,gtzan/gtzan_hiphop_00080/track.npy,gtzan,0.6582278481012659,0.4815597316675857,0.4815597316675857,0.4815597316675857,0.675,0.75,0.675,0.75,0.7,0.47971360280722947,0.47971360280722947,0.47971360280722947,0.9,0.9,0.9,0.9,47.0,0.0,0.0,0.09417057558139516,12.0,0.0,0.0,0.055888655375712845,0.0,/media/mengh/SharedData/zhanh/auto_structbeat/caches/pilot/mscnn_final_last_gtzan/gtzan__gtzan_hiphop_00080__track.npy.npz
mscnn_gtzan,dbn_matched_30_300,gtzan/gtzan_hiphop_00081/track.npy,gtzan,0.988235294117647,0.8658462253823382,0.8658462253823382,0.8658462253823382,0.9767441860465116,0.9767441860465116,0.9767441860465116,0.9767441860465116,1.0,0.9049075223543939,0.9049075223543939,0.9049075223543939,1.0,1.0,1.0,1.0,52.0,0.0,0.0,0.03390155167568665,13.0,0.0,0.0,0.012730123990841169,0.0,/media/mengh/SharedData/zhanh/auto_structbeat/caches/pilot/mscnn_final_last_gtzan/gtzan__gtzan_hiphop_00081__track.npy.npz
mscnn_gtzan,dbn_matched_30_300,gtzan/gtzan_hiphop_00082/track.npy,gtzan,1.0,0.768295788847281,0.768295788847281,0.768295788847281,1.0,1.0,1.0,1.0,1.0,0.8016756034048247,0.8016756034048247,0.8016756034048247,1.0,1.0,1.0,1.0,53.0,0.0,0.0,0.07145896398214346,13.0,0.0,0.0,0.017544309650908585,0.0,/media/mengh/SharedData/zhanh/auto_structbeat/caches/pilot/mscnn_final_last_gtzan/gtzan__gtzan_hiphop_00082__track.npy.npz
mscnn_gtzan,dbn_matched_30_300,gtzan/gtzan_hiphop_00083/track.npy,gtzan,1.0,0.8994726252058868,0.8994726252058868,0.8994726252058868,1.0,1.0,1.0,1.0,1.0,0.8558599801285987,0.8558599801285987,0.8558599801285987,1.0,1.0,1.0,1.0,52.0,0.0,0.0,0.06899287148694999,13.0,0.0,0.0,0.00865806274311498,0.0,/media/mengh/SharedData/zhanh/auto_structbeat/caches/pilot/mscnn_final_last_gtzan/gtzan__gtzan_hiphop_00083__track.npy.npz
mscnn_gtzan,dbn_matched_30_300,gtzan/gtzan_hiphop_00084/track.npy,gtzan,1.0,0.7690161566100567,0.7690161566100567,0.7690161566100567,1.0,1.0,1.0,1.0,1.0,0.7396974472942187,0.7396974472942187,0.7396974472942187,1.0,1.0,1.0,1.0,56.0,0.0,0.0,0.07696104113613117,14.0,0.0,0.0,0.02745965482616425,0.0,/media/mengh/SharedData/zhanh/auto_structbeat/caches/pilot/mscnn_final_last_gtzan/gtzan__gtzan_hiphop_00084__track.npy.npz
mscnn_gtzan,dbn_matched_30_300,gtzan/gtzan_hiphop_00085/track.npy,gtzan,1.0,0.813621749113947,0.813621749113947,0.813621749113947,1.0,1.0,1.0,1.0,1.0,0.8072406501137668,0.8072406501137668,0.8072406501137668,1.0,1.0,1.0,1.0,55.0,0.0,0.0,0.07410797215372189,14.0,0.0,0.0,0.017559505063001593,0.0,/media/mengh/SharedData/zhanh/auto_structbeat/caches/pilot/mscnn_final_last_gtzan/gtzan__gtzan_hiphop_00085__track.npy.npz
mscnn_gtzan,dbn_matched_30_300,gtzan/gtzan_hiphop_00086/track.npy,gtzan,1.0,0.9610122812417448,0.9610122812417448,0.9610122812417448,1.0,1.0,1.0,1.0,1.0,0.9708225141874527,0.9708225141874527,0.9708225141874527,1.0,1.0,1.0,1.0,49.0,0.0,0.0,0.06453852113757079,12.0,0.0,0.0,0.008230499136516745,0.0,/media/mengh/SharedData/zhanh/auto_structbeat/caches/pilot/mscnn_final_last_gtzan/gtzan__gtzan_hiphop_00086__track.npy.npz
mscnn_gtzan,dbn_matched_30_300,gtzan/gtzan_hiphop_00087/track.npy,gtzan,1.0,0.9550275016948457,0.9550275016948457,0.9550275016948457,1.0,1.0,1.0,1.0,1.0,0.9459938504898204,0.9459938504898204,0.9459938504898204,1.0,1.0,1.0,1.0,51.0,0.0,0.0,0.06669137449867063,13.0,0.0,0.0,0.008438868645865849,0.0,/media/mengh/SharedData/zhanh/auto_structbeat/caches/pilot/mscnn_final_last_gtzan/gtzan__gtzan_hiphop_00087__track.npy.npz
mscnn_gtzan,dbn_matched_30_300,gtzan/gtzan_hiphop_00088/track.npy,gtzan,1.0,0.971296324709705,0.971296324709705,0.971296324709705,1.0,1.0,1.0,1.0,1.0,0.9681740747377524,0.9681740747377524,0.9681740747377524,1.0,1.0,1.0,1.0,58.0,0.0,0.0,0.07696104113612678,14.0,0.0,0.0,0.009661910911737608,0.0,/media/mengh/SharedData/zhanh/auto_structbeat/caches/pilot/mscnn_final_last_gtzan/gtzan__gtzan_hiphop_00088__track.npy.npz
mscnn_gtzan,dbn_matched_30_300,gtzan/gtzan_hiphop_00089/track.npy,gtzan,0.9904761904761905,0.9673945407513613,0.9673945407513613,0.9673945407513613,0.9811320754716981,0.9811320754716981,0.9811320754716981,0.9811320754716981,1.0,0.9790928136518036,0.9790928136518036,0.9790928136518036,1.0,1.0,1.0,1.0,64.0,0.0,0.0,0.04255961441880244,16.0,0.0,0.0,0.014247064284090928,0.0,/media/mengh/SharedData/zhanh/auto_structbeat/caches/pilot/mscnn_final_last_gtzan/gtzan__gtzan_hiphop_00089__track.npy.npz
mscnn_gtzan,dbn_matched_30_300,gtzan/gtzan_hiphop_00090/track.npy,gtzan,1.0,0.9672927814665718,0.9672927814665718,0.9672927814665718,1.0,1.0,1.0,1.0,1.0,0.982799135810179,0.982799135810179,0.982799135810179,1.0,1.0,1.0,1.0,58.0,0.0,0.0,0.07696104113612884,15.0,0.0,0.0,0.009606434974386046,0.0,/media/mengh/SharedData/zhanh/auto_structbeat/caches/pilot/mscnn_final_last_gtzan/gtzan__gtzan_hiphop_00090__track.npy.npz
mscnn_gtzan,dbn_matched_30_300,gtzan/gtzan_hiphop_00091/track.npy,gtzan,1.0,0.8915847839675356,0.8915847839675356,0.8915847839675356,1.0,1.0,1.0,1.0,1.0,0.8514273775788066,0.8514273775788066,0.8514273775788066,1.0,1.0,1.0,1.0,51.0,0.0,0.0,0.033901551675685405,13.0,0.0,0.0,0.016949558313772872,0.0,/media/mengh/SharedData/zhanh/auto_structbeat/caches/pilot/mscnn_final_last_gtzan/gtzan__gtzan_hiphop_00091__track.npy.npz
mscnn_gtzan,dbn_matched_30_300,gtzan/gtzan_hiphop_00092/track.npy,gtzan,1.0,0.9395762032863204,0.9395762032863204,0.9395762032863204,1.0,1.0,1.0,1.0,1.0,0.9558458781673234,0.9558458781673234,0.9558458781673234,1.0,1.0,1.0,1.0,57.0,0.0,0.0,0.03774032798285287,14.0,0.0,0.0,0.013784996911812262,0.0,/media/mengh/SharedData/zhanh/auto_structbeat/caches/pilot/mscnn_final_last_gtzan/gtzan__gtzan_hiphop_00092__track.npy.npz
mscnn_gtzan,dbn_matched_30_300,gtzan/gtzan_hiphop_00093/track.npy,gtzan,1.0,0.9711226772098386,0.9711226772098386,0.9711226772098386,1.0,1.0,1.0,1.0,1.0,0.9719180285377909,0.9719180285377909,0.9719180285377909,1.0,1.0,1.0,1.0,59.0,0.0,0.0,0.039220713153287345,15.0,0.0,0.0,0.013754766421158434,0.0,/media/mengh/SharedData/zhanh/auto_structbeat/caches/pilot/mscnn_final_last_gtzan/gtzan__gtzan_hiphop_00093__track.npy.npz
mscnn_gtzan,dbn_matched_30_300,gtzan/gtzan_hiphop_00094/track.npy,gtzan,1.0,0.886969718481328,0.886969718481328,0.886969718481328,1.0,1.0,1.0,1.0,0.0,0.0,0.8224848116437484,0.4112424058218742,0.0,0.0,0.875,0.875,36.0,0.0,0.0,0.05844456362733414,9.0,0.0,0.0,0.010553355073366851,0.0,/media/mengh/SharedData/zhanh/auto_structbeat/caches/pilot/mscnn_final_last_gtzan/gtzan__gtzan_hiphop_00094__track.npy.npz
mscnn_gtzan,dbn_matched_30_300,gtzan/gtzan_hiphop_00095/track.npy,gtzan,1.0,0.9418431379478073,0.9418431379478073,0.9418431379478073,1.0,1.0,1.0,1.0,1.0,0.9282814213641274,0.9282814213641274,0.9282814213641274,1.0,1.0,1.0,1.0,55.0,0.0,0.0,0.05228738565120109,14.0,0.0,0.0,0.013449887459529047,0.0,/media/mengh/SharedData/zhanh/auto_structbeat/caches/pilot/mscnn_final_last_gtzan/gtzan__gtzan_hiphop_00095__track.npy.npz
mscnn_gtzan,dbn_matched_30_300,gtzan/gtzan_hiphop_00096/track.npy,gtzan,0.4175824175824176,0.34593993312695837,0.49096855831340847,0.4184542457201834,0.21739130434782608,0.391304347826087,0.43478260869565216,0.43478260869565216,0.34782608695652173,0.3033789732994557,0.3033789732994557,0.3033789732994557,0.25,0.3333333333333333,0.4166666666666667,0.4166666666666667,55.0,0.0,0.0,0.32850406697203455,14.0,0.0,0.0,0.3595267976236368,0.0,/media/mengh/SharedData/zhanh/auto_structbeat/caches/pilot/mscnn_final_last_gtzan/gtzan__gtzan_hiphop_00096__track.npy.npz
mscnn_gtzan,dbn_matched_30_300,gtzan/gtzan_hiphop_00097/track.npy,gtzan,1.0,0.8489716192525909,0.8489716192525909,0.8489716192525909,1.0,1.0,1.0,1.0,1.0,0.867727189434456,0.867727189434456,0.867727189434456,1.0,1.0,1.0,1.0,56.0,0.0,0.0,0.07510654629756676,14.0,0.0,0.0,0.018868484304382573,0.0,/media/mengh/SharedData/zhanh/auto_structbeat/caches/pilot/mscnn_final_last_gtzan/gtzan__gtzan_hiphop_00097__track.npy.npz
mscnn_gtzan,dbn_matched_30_300,gtzan/gtzan_hiphop_00098/track.npy,gtzan,1.0,0.9069809334650729,0.9069809334650729,0.9069809334650729,1.0,1.0,1.0,1.0,1.0,0.9421369722625865,0.9421369722625865,0.9421369722625865,1.0,1.0,1.0,1.0,54.0,0.0,0.0,0.035665665773095205,14.0,0.0,0.0,0.00881062968215629,0.0,/media/mengh/SharedData/zhanh/auto_structbeat/caches/pilot/mscnn_final_last_gtzan/gtzan__gtzan_hiphop_00098__track.npy.npz
mscnn_gtzan,dbn_matched_30_300,gtzan/gtzan_hiphop_00099/track.npy,gtzan,0.989010989010989,0.8537222781359094,0.8537222781359094,0.8537222781359094,0.9782608695652174,0.9782608695652174,0.9782608695652174,0.9782608695652174,0.0,1.0786216117611021e-159,0.8423209689666393,0.42116048448331966,0.0,0.0,0.8333333333333334,0.8333333333333334,55.0,0.0,0.0,0.07410797215372356,14.0,0.0,0.0,0.018018505502678268,0.0,/media/mengh/SharedData/zhanh/auto_structbeat/caches/pilot/mscnn_final_last_gtzan/gtzan__gtzan_hiphop_00099__track.npy.npz
mscnn_gtzan,dbn_matched_30_300,gtzan/gtzan_jazz_00000/track.npy,gtzan,0.44827586206896547,0.3340940504978639,0.39088321473887433,0.3624886326183691,0.23809523809523808,0.2698412698412698,0.23809523809523808,0.2698412698412698,0.0,0.010101032991126874,0.07500320283121077,0.04255211791116882,0.0,0.0,0.0,0.0,74.0,0.0,0.0,0.1341484755332804,25.0,0.0,0.0,0.13525523382923205,0.0,/media/mengh/SharedData/zhanh/auto_structbeat/caches/pilot/mscnn_final_last_gtzan/gtzan__gtzan_jazz_00000__track.npy.npz
mscnn_gtzan,dbn_matched_30_300,gtzan/gtzan_jazz_00001/track.npy,gtzan,0.41379310344827586,0.255195752931108,0.38048252632096446,0.31783913962603627,0.0,0.0,0.3275862068965517,0.6379310344827587,0.14814814814814814,0.09807384543948999,0.15942292797554453,0.12874838670751726,0.0,0.0,0.0,0.0,69.0,0.0,0.0,0.09531017980433143,23.0,0.0,0.0,0.07637297878457378,0.0,/media/mengh/SharedData/zhanh/auto_structbeat/caches/pilot/mscnn_final_last_gtzan/gtzan__gtzan_jazz_00001__track.npy.npz
mscnn_gtzan,dbn_matched_30_300,gtzan/gtzan_jazz_00002/track.npy,gtzan,0.2545454545454546,0.17186891083038902,0.17186891083038902,0.17186891083038902,0.0,0.0,0.0,0.0,0.30769230769230765,0.23974091326046623,0.2492978628432112,0.2445193880518387,0.0,0.0,0.0,0.0,17.0,0.0,0.0,0.10567481459871775,4.0,0.0,0.0,0.11086531704273943,0.0,/media/mengh/SharedData/zhanh/auto_structbeat/caches/pilot/mscnn_final_last_gtzan/gtzan__gtzan_jazz_00002__track.npy.npz
mscnn_gtzan,dbn_matched_30_300,gtzan/gtzan_jazz_00004/track.npy,gtzan,0.9230769230769231,0.7131854165990882,0.7131854165990882,0.7131854165990882,1.0,1.0,1.0,1.0,1.0,0.7391759915946142,0.7391759915946142,0.7391759915946142,1.0,1.0,1.0,1.0,31.0,0.0,0.0,0.0639946733311578,10.0,0.0,0.0,0.04845238338594693,0.0,/media/mengh/SharedData/zhanh/auto_structbeat/caches/pilot/mscnn_final_last_gtzan/gtzan__gtzan_jazz_00004__track.npy.npz
mscnn_gtzan,dbn_matched_30_300,gtzan/gtzan_jazz_00005/track.npy,gtzan,0.6074074074074074,0.5586413808511878,0.8318325596435381,0.6952369702473629,0.0,0.0,0.6813186813186813,0.8461538461538461,0.27027027027027023,0.2527031038357987,0.3116671610475812,0.28218513244168997,0.0,0.0,0.0,0.0,111.0,0.0,0.0,0.07410797215372016,28.0,0.0,0.0,0.05583204428404043,0.0,/media/mengh/SharedData/zhanh/auto_structbeat/caches/pilot/mscnn_final_last_gtzan/gtzan__gtzan_jazz_00005__track.npy.npz
mscnn_gtzan,dbn_matched_30_300,gtzan/gtzan_jazz_00006/track.npy,gtzan,1.0,0.8660528167972217,0.8660528167972217,0.8660528167972217,1.0,1.0,1.0,1.0,0.0,1.2120618758133143e-103,0.8731640646769809,0.43658203233849047,0.0,0.0,0.9285714285714286,0.9285714285714286,67.0,0.0,0.0,0.044451762570840825,17.0,0.0,0.0,0.02222313678471107,0.0,/media/mengh/SharedData/zhanh/auto_structbeat/caches/pilot/mscnn_final_last_gtzan/gtzan__gtzan_jazz_00006__track.npy.npz
mscnn_gtzan,dbn_matched_30_300,gtzan/gtzan_jazz_00007/track.npy,gtzan,0.9019607843137256,0.7482850155116498,0.7482850155116498,0.7482850155116498,0.9615384615384616,0.9615384615384616,0.9615384615384616,0.9615384615384616,0.8571428571428571,0.761319092343989,0.761319092343989,0.761319092343989,1.0,1.0,1.0,1.0,30.0,0.0,0.0,0.09565706440789344,8.0,0.0,0.0,0.030004066862367618,0.0,/media/mengh/SharedData/zhanh/auto_structbeat/caches/pilot/mscnn_final_last_gtzan/gtzan__gtzan_jazz_00007__track.npy.npz
mscnn_gtzan,dbn_matched_30_300,gtzan/gtzan_jazz_00008/track.npy,gtzan,1.0,0.907712897839719,0.907712897839719,0.907712897839719,1.0,1.0,1.0,1.0,1.0,0.8787374905340406,0.8787374905340406,0.8787374905340406,1.0,1.0,1.0,1.0,54.0,0.0,0.0,0.07410797215372329,14.0,0.0,0.0,0.02645746614440209,0.0,/media/mengh/SharedData/zhanh/auto_structbeat/caches/pilot/mscnn_final_last_gtzan/gtzan__gtzan_jazz_00008__track.npy.npz
mscnn_gtzan,dbn_matched_30_300,gtzan/gtzan_jazz_00011/track.npy,gtzan,1.0,0.8490029141728392,0.8490029141728392,0.8490029141728392,0.6666666666666666,0.9761904761904762,0.6666666666666666,0.9761904761904762,1.0,0.8450322420663713,0.8450322420663713,0.8450322420663713,1.0,1.0,1.0,1.0,102.0,0.0,0.0,0.003449643574358722,25.0,0.0,0.0,0.04961258255591134,0.0,/media/mengh/SharedData/zhanh/auto_structbeat/caches/pilot/mscnn_final_last_gtzan/gtzan__gtzan_jazz_00011__track.npy.npz
mscnn_gtzan,dbn_matched_30_300,gtzan/gtzan_jazz_00012/track.npy,gtzan,1.0,0.8501581873104684,0.8501581873104684,0.8501581873104684,1.0,1.0,1.0,1.0,1.0,0.8520099677595024,0.8520099677595024,0.8520099677595024,1.0,1.0,1.0,1.0,57.0,0.0,0.0,0.07696104113612776,14.0,0.0,0.0,0.028170876966695936,0.0,/media/mengh/SharedData/zhanh/auto_structbeat/caches/pilot/mscnn_final_last_gtzan/gtzan__gtzan_jazz_00012__track.npy.npz
mscnn_gtzan,dbn_matched_30_300,gtzan/gtzan_jazz_00013/track.npy,gtzan,0.46913580246913583,0.41974176236115035,0.7679209836660643,0.5938313730136073,0.009900990099009901,0.009900990099009901,0.2975206611570248,0.5619834710743802,0.08695652173913043,0.07141272607614049,0.17136913365451606,0.12139092986532828,0.038461538461538464,0.038461538461538464,0.038461538461538464,0.05128205128205128,113.0,0.0,0.45535714285714285,0.10008345855698153,29.0,0.0,0.0,0.2201989018232775,0.0,/media/mengh/SharedData/zhanh/auto_structbeat/caches/pilot/mscnn_final_last_gtzan/gtzan__gtzan_jazz_00013__track.npy.npz
mscnn_gtzan,dbn_matched_30_300,gtzan/gtzan_jazz_00015/track.npy,gtzan,0.3442622950819672,0.2675723235361373,0.35352615710134533,0.3105492403187413,0.0,0.0,0.0,0.0,0.24390243902439027,0.19405958603282186,0.2411043341619908,0.21758196009740632,0.0,0.0,0.04,0.04,89.0,0.0,0.0,0.11778303565638563,30.0,0.0,0.0,0.039220713153282696,0.0,/media/mengh/SharedData/zhanh/auto_structbeat/caches/pilot/mscnn_final_last_gtzan/gtzan__gtzan_jazz_00015__track.npy.npz
mscnn_gtzan,dbn_matched_30_300,gtzan/gtzan_jazz_00016/track.npy,gtzan,0.9152542372881356,0.6512068856381449,0.6512068856381449,0.6512068856381449,0.9666666666666667,0.9666666666666667,0.9666666666666667,0.9666666666666667,1.0,0.7883439495849377,0.7883439495849377,0.7883439495849377,1.0,1.0,1.0,1.0,36.0,0.0,0.0,0.09309042306601104,9.0,0.0,0.0,0.04064027221289961,0.0,/media/mengh/SharedData/zhanh/auto_structbeat/caches/pilot/mscnn_final_last_gtzan/gtzan__gtzan_jazz_00016__track.npy.npz
mscnn_gtzan,dbn_matched_30_300,gtzan/gtzan_jazz_00017/track.npy,gtzan,0.5042016806722689,0.42219259777634627,0.42219259777634627,0.42219259777634627,0.0,0.0,0.0,0.0,0.4827586206896552,0.3451938048740196,0.3451938048740196,0.3451938048740196,0.0,0.0,0.0,0.0,35.0,0.0,0.0,0.06566280978395317,8.0,0.0,0.0,0.05981006223907648,0.0,/media/mengh/SharedData/zhanh/auto_structbeat/caches/pilot/mscnn_final_last_gtzan/gtzan__gtzan_jazz_00017__track.npy.npz
mscnn_gtzan,dbn_matched_30_300,gtzan/gtzan_jazz_00019/track.npy,gtzan,0.3466666666666667,0.21210766450869784,0.3328212524589124,0.2724644584838051,0.4473684210526316,0.4473684210526316,0.4473684210526316,0.4594594594594595,0.4,0.2379608487531193,0.2379608487531193,0.2379608487531193,0.7692307692307693,0.7692307692307693,0.7692307692307693,0.7692307692307693,45.0,0.0,0.0,0.08653404911436273,15.0,0.0,0.0,0.06603608130266485,0.0,/media/mengh/SharedData/zhanh/auto_structbeat/caches/pilot/mscnn_final_last_gtzan/gtzan__gtzan_jazz_00019__track.npy.npz
mscnn_gtzan,dbn_matched_30_300,gtzan/gtzan_jazz_00021/track.npy,gtzan,0.6181818181818182,0.5039777466693812,0.5039777466693812,0.5039777466693812,0.4745762711864407,0.4915254237288136,0.4745762711864407,0.4915254237288136,0.5714285714285715,0.46803375374795875,0.46803375374795875,0.46803375374795875,0.5333333333333333,0.5333333333333333,0.5333333333333333,0.5333333333333333,70.0,0.0,0.0,0.11548794546522874,17.0,0.0,0.0,0.08953481479579961,0.0,/media/mengh/SharedData/zhanh/auto_structbeat/caches/pilot/mscnn_final_last_gtzan/gtzan__gtzan_jazz_00021__track.npy.npz
mscnn_gtzan,dbn_matched_30_300,gtzan/gtzan_jazz_00022/track.npy,gtzan,0.39436619718309857,0.35240229304008236,0.35240229304008236,0.35240229304008236,0.0,0.0,0.0,0.0,0.10526315789473684,0.10202455099751005,0.16153887241272424,0.13178171170511715,0.0,0.0,0.6666666666666666,0.6666666666666666,21.0,0.0,0.0,0.11955928129036966,7.0,0.0,0.0,0.06974935643071167,0.0,/media/mengh/SharedData/zhanh/auto_structbeat/caches/pilot/mscnn_final_last_gtzan/gtzan__gtzan_jazz_00022__track.npy.npz
mscnn_gtzan,dbn_matched_30_300,gtzan/gtzan_jazz_00023/track.npy,gtzan,0.7826086956521738,0.6394681808278696,0.6394681808278696,0.6394681808278696,0.6388888888888888,0.6944444444444444,0.6388888888888888,0.6944444444444444,0.7058823529411765,0.5902888261223301,0.5902888261223301,0.5902888261223301,0.5555555555555556,0.5555555555555556,0.5555555555555556,0.5555555555555556,39.0,0.0,0.0,0.18129385721517768,10.0,0.0,0.0,0.11842362581354657,0.0,/media/mengh/SharedData/zhanh/auto_structbeat/caches/pilot/mscnn_final_last_gtzan/gtzan__gtzan_jazz_00023__track.npy.npz
mscnn_gtzan,dbn_matched_30_300,gtzan/gtzan_jazz_00024/track.npy,gtzan,0.8666666666666667,0.6823450228379201,0.6823450228379201,0.6823450228379201,0.4666666666666667,0.9111111111111111,0.4666666666666667,0.9111111111111111,0.9090909090909091,0.7143087064653876,0.7143087064653876,0.7143087064653876,1.0,1.0,1.0,1.0,53.0,0.0,0.0,0.0714589639821403,13.0,0.0,0.0,0.044658290691075575,0.0,/media/mengh/SharedData/zhanh/auto_structbeat/caches/pilot/mscnn_final_last_gtzan/gtzan__gtzan_jazz_00024__track.npy.npz
mscnn_gtzan,dbn_matched_30_300,gtzan/gtzan_jazz_00025/track.npy,gtzan,0.6614173228346457,0.6003368758598012,0.9076521810456276,0.7539945284527144,0.0,0.0,1.0,1.0,0.0,1.3218611955762729e-12,2.6951528838625863e-11,1.4136695017101068e-11,0.0,0.0,1.0,1.0,51.0,0.0,0.0,0.06899287148695366,13.0,0.0,0.0,0.033481206968285104,0.0,/media/mengh/SharedData/zhanh/auto_structbeat/caches/pilot/mscnn_final_last_gtzan/gtzan__gtzan_jazz_00025__track.npy.npz
mscnn_gtzan,dbn_matched_30_300,gtzan/gtzan_jazz_00026/track.npy,gtzan,0.2641509433962264,0.1794262985330839,0.19359565671665613,0.18651097762487,0.0,0.0,0.0,0.0,0.28571428571428575,0.1831822672725878,0.1831822672725878,0.1831822672725878,0.0,0.0,0.0,0.0,16.0,0.0,0.0,0.1258322758406046,4.0,0.0,0.0,0.02292285915950132,0.0,/media/mengh/SharedData/zhanh/auto_structbeat/caches/pilot/mscnn_final_last_gtzan/gtzan__gtzan_jazz_00026__track.npy.npz
mscnn_gtzan,dbn_matched_30_300,gtzan/gtzan_jazz_00027/track.npy,gtzan,0.9586776859504132,0.8505730664302478,0.8505730664302478,0.8505730664302478,0.6885245901639344,0.9344262295081968,0.6885245901639344,0.9344262295081968,0.26666666666666666,0.252038560366787,0.252038560366787,0.252038560366787,0.26666666666666666,0.26666666666666666,0.26666666666666666,0.26666666666666666,72.0,0.0,0.0,0.09531017980433143,18.0,0.0,0.0,0.184033360539051,0.0,/media/mengh/SharedData/zhanh/auto_structbeat/caches/pilot/mscnn_final_last_gtzan/gtzan__gtzan_jazz_00027__track.npy.npz
mscnn_gtzan,dbn_matched_30_300,gtzan/gtzan_jazz_00028/track.npy,gtzan,0.5045045045045045,0.43909222411209775,0.43909222411209775,0.43909222411209775,0.0,0.0,0.0,0.0,0.5,0.4031986144163592,0.4031986144163592,0.4031986144163592,0.0,0.0,0.0,0.0,34.0,0.0,0.0,0.04546237407675785,8.0,0.0,0.0,0.009780539335761562,0.0,/media/mengh/SharedData/zhanh/auto_structbeat/caches/pilot/mscnn_final_last_gtzan/gtzan__gtzan_jazz_00028__track.npy.npz
mscnn_gtzan,dbn_matched_30_300,gtzan/gtzan_jazz_00029/track.npy,gtzan,0.45,0.31080403335785584,0.4044298102200417,0.35761692178894877,0.0,0.0,0.014925373134328358,0.014925373134328358,0.08695652173913043,0.06895364297622743,0.06895364297622743,0.06895364297622743,0.21739130434782608,0.30434782608695654,0.21739130434782608,0.30434782608695654,82.0,0.0,0.0,0.11122563511022437,28.0,0.0,0.0,0.0711978914121034,0.0,/media/mengh/SharedData/zhanh/auto_structbeat/caches/pilot/mscnn_final_last_gtzan/gtzan__gtzan_jazz_00029__track.npy.npz
mscnn_gtzan,dbn_matched_30_300,gtzan/gtzan_jazz_00030/track.npy,gtzan,0.26666666666666666,0.18647724946524377,0.19604508415584584,0.1912611668105448,0.0,0.0,0.18181818181818182,0.18181818181818182,0.0,0.0008089656985010722,0.0011766773796379232,0.0009928215390694977,0.0,0.0,0.8333333333333334,0.8333333333333334,20.0,0.0,0.0,0.13157358313929088,7.0,0.0,0.0,0.06920108874369862,0.0,/media/mengh/SharedData/zhanh/auto_structbeat/caches/pilot/mscnn_final_last_gtzan/gtzan__gtzan_jazz_00030__track.npy.npz
mscnn_gtzan,dbn_matched_30_300,gtzan/gtzan_jazz_00031/track.npy,gtzan,0.6376811594202899,0.5032523406720795,0.5032523406720795,0.5032523406720795,0.058823529411764705,0.058823529411764705,0.38028169014084506,0.5633802816901409,0.2692307692307692,0.23184221604446292,0.3444512924089163,0.2881467542266896,0.0,0.0,0.6666666666666666,0.6666666666666666,85.0,0.0,0.0,0.11122563511022664,22.0,0.0,0.0,0.04103869673878356,0.0,/media/mengh/SharedData/zhanh/auto_structbeat/caches/pilot/mscnn_final_last_gtzan/gtzan__gtzan_jazz_00031__track.npy.npz
mscnn_gtzan,dbn_matched_30_300,gtzan/gtzan_jazz_00032/track.npy,gtzan,0.8076923076923077,0.6867210591494417,0.6867210591494417,0.6867210591494417,0.5370370370370371,0.7407407407407407,0.5370370370370371,0.7407407407407407,0.7199999999999999,0.6475504370050297,0.6475504370050297,0.6475504370050297,0.5384615384615384,0.6923076923076923,0.5384615384615384,0.6923076923076923,61.0,0.0,0.0,0.13046510234162279,15.0,0.0,0.0,0.26517755207034355,0.0,/media/mengh/SharedData/zhanh/auto_structbeat/caches/pilot/mscnn_final_last_gtzan/gtzan__gtzan_jazz_00032__track.npy.npz
mscnn_gtzan,dbn_matched_30_300,gtzan/gtzan_jazz_00033/track.npy,gtzan,1.0,0.9060250535521946,0.9060250535521946,0.9060250535521946,1.0,1.0,1.0,1.0,1.0,0.9206728998451735,0.9206728998451735,0.9206728998451735,1.0,1.0,1.0,1.0,47.0,0.0,0.0,0.031748698314585266,12.0,0.0,0.0,0.012316018378089363,0.0,/media/mengh/SharedData/zhanh/auto_structbeat/caches/pilot/mscnn_final_last_gtzan/gtzan__gtzan_jazz_00033__track.npy.npz
mscnn_gtzan,dbn_matched_30_300,gtzan/gtzan_jazz_00034/track.npy,gtzan,0.5046728971962617,0.48430788541087777,0.48430788541087777,0.48430788541087777,0.0,0.0,0.0,0.0,0.5185185185185185,0.4965373472025294,0.4965373472025294,0.4965373472025294,0.0,0.0,0.0,0.0,32.0,0.0,0.0,0.03380731959030268,8.0,0.0,0.0,0.0053908486348772655,0.0,/media/mengh/SharedData/zhanh/auto_structbeat/caches/pilot/mscnn_final_last_gtzan/gtzan__gtzan_jazz_00034__track.npy.npz
mscnn_gtzan,dbn_matched_30_300,gtzan/gtzan_jazz_00035/track.npy,gtzan,1.0,0.7379764636685292,0.7379764636685292,0.7379764636685292,1.0,1.0,1.0,1.0,0.0,4.7621185821600647e-98,1.4699323162508227e-84,7.349661581254351e-85,0.0,0.0,0.0,0.0,35.0,0.0,0.0,0.06964274977775241,9.0,0.0,0.0,0.04526570363992235,0.0,/media/mengh/SharedData/zhanh/auto_structbeat/caches/pilot/mscnn_final_last_gtzan/gtzan__gtzan_jazz_00035__track.npy.npz
mscnn_gtzan,dbn_matched_30_300,gtzan/gtzan_jazz_00036/track.npy,gtzan,0.3057324840764331,0.13346930932612416,0.19578038992870084,0.1646248496274125,0.0,0.0,0.0,0.0,0.05128205128205129,0.01626702074208518,0.02308942511171644,0.019678222926900808,0.0,0.0,0.4230769230769231,0.6923076923076923,125.0,0.0,0.0,1.4876988529977098e-14,31.0,0.0,0.0,0.034327331338787445,0.0,/media/mengh/SharedData/zhanh/auto_structbeat/caches/pilot/mscnn_final_last_gtzan/gtzan__gtzan_jazz_00036__track.npy.npz
mscnn_gtzan,dbn_matched_30_300,gtzan/gtzan_jazz_00037/track.npy,gtzan,1.0,0.9350287225112085,0.9350287225112085,0.9350287225112085,1.0,1.0,1.0,1.0,1.0,0.9577437013631215,0.9577437013631215,0.9577437013631215,1.0,1.0,1.0,1.0,49.0,0.0,0.0,0.06453852113757173,12.0,0.0,0.0,0.01639380977567541,0.0,/media/mengh/SharedData/zhanh/auto_structbeat/caches/pilot/mscnn_final_last_gtzan/gtzan__gtzan_jazz_00037__track.npy.npz
mscnn_gtzan,dbn_matched_30_300,gtzan/gtzan_jazz_00038/track.npy,gtzan,0.9838709677419355,0.7133949872257357,0.7133949872257357,0.7133949872257357,0.9032258064516129,0.9838709677419355,0.9032258064516129,0.9838709677419355,1.0,0.7237330780653051,0.7237330780653051,0.7237330780653051,1.0,1.0,1.0,1.0,70.0,0.0,0.0,0.10008345855698772,17.0,0.0,0.0,0.11678407578436774,0.0,/media/mengh/SharedData/zhanh/auto_structbeat/caches/pilot/mscnn_final_last_gtzan/gtzan__gtzan_jazz_00038__track.npy.npz
mscnn_gtzan,dbn_matched_30_300,gtzan/gtzan_jazz_00039/track.npy,gtzan,1.0,0.9543983848604775,0.9543983848604775,0.9543983848604775,1.0,1.0,1.0,1.0,1.0,0.9662394754275194,0.9662394754275194,0.9662394754275194,1.0,1.0,1.0,1.0,99.0,0.0,0.0,0.06453852113756975,24.0,0.0,0.0,0.03278982282299306,0.0,/media/mengh/SharedData/zhanh/auto_structbeat/caches/pilot/mscnn_final_last_gtzan/gtzan__gtzan_jazz_00039__track.npy.npz
mscnn_gtzan,dbn_matched_30_300,gtzan/gtzan_jazz_00040/track.npy,gtzan,1.0,0.7771378464641442,0.7771378464641442,0.7771378464641442,1.0,1.0,1.0,1.0,1.0,0.8013191708515789,0.8013191708515789,0.8013191708515789,1.0,1.0,1.0,1.0,50.0,0.0,0.0,0.03390155167568665,12.0,0.0,0.0,0.016807118316381965,0.0,/media/mengh/SharedData/zhanh/auto_structbeat/caches/pilot/mscnn_final_last_gtzan/gtzan__gtzan_jazz_00040__track.npy.npz
mscnn_gtzan,dbn_matched_30_300,gtzan/gtzan_jazz_00041/track.npy,gtzan,1.0,0.9271694126764847,0.9271694126764847,0.9271694126764847,1.0,1.0,1.0,1.0,0.0,2.463753226016801e-13,9.491362368002763e-12,4.868868845302221e-12,0.0,0.0,0.0,0.0,94.0,0.0,0.0,0.062385876510945903,23.0,0.0,0.0,0.01574835696814164,0.0,/media/mengh/SharedData/zhanh/auto_structbeat/caches/pilot/mscnn_final_last_gtzan/gtzan__gtzan_jazz_00041__track.npy.npz
mscnn_gtzan,dbn_matched_30_300,gtzan/gtzan_jazz_00042/track.npy,gtzan,1.0,0.8174176086341194,0.8174176086341194,0.8174176086341194,1.0,1.0,1.0,1.0,0.0,0.0,0.7692786272984036,0.3846393136492018,0.0,0.0,0.75,0.75,37.0,0.0,0.0,0.05723968604838023,9.0,0.0,0.0,0.012195273093818782,0.0,/media/mengh/SharedData/zhanh/auto_structbeat/caches/pilot/mscnn_final_last_gtzan/gtzan__gtzan_jazz_00042__track.npy.npz
mscnn_gtzan,dbn_matched_30_300,gtzan/gtzan_jazz_00043/track.npy,gtzan,0.9375,0.7578004522210287,0.7578004522210287,0.7578004522210287,0.453125,0.921875,0.453125,0.921875,0.9375,0.7901997369755945,0.7901997369755945,0.7901997369755945,1.0,1.0,1.0,1.0,77.0,0.0,0.0,0.10166657568723671,19.0,0.0,0.0,0.038714512180690365,0.0,/media/mengh/SharedData/zhanh/auto_structbeat/caches/pilot/mscnn_final_last_gtzan/gtzan__gtzan_jazz_00043__track.npy.npz
mscnn_gtzan,dbn_matched_30_300,gtzan/gtzan_jazz_00044/track.npy,gtzan,0.5084745762711864,0.46393339894710717,0.46393339894710717,0.46393339894710717,0.0,0.0,0.13636363636363635,0.13636363636363635,0.5333333333333333,0.4912891263734955,0.4912891263734955,0.4912891263734955,0.0,0.0,0.0,0.0,18.0,0.0,0.0,0.3554324837881096,5.0,0.0,0.0,0.15503542000238926,0.0,/media/mengh/SharedData/zhanh/auto_structbeat/caches/pilot/mscnn_final_last_gtzan/gtzan__gtzan_jazz_00044__track.npy.npz
mscnn_gtzan,dbn_matched_30_300,gtzan/gtzan_jazz_00045/track.npy,gtzan,0.8852459016393444,0.760164936059371,0.760164936059371,0.760164936059371,0.967741935483871,0.967741935483871,0.967741935483871,0.967741935483871,0.75,0.7223986539552734,0.7223986539552734,0.7223986539552734,1.0,1.0,1.0,1.0,37.0,0.0,0.0,0.07342023519911543,9.0,0.0,0.0,0.03380064471176453,0.0,/media/mengh/SharedData/zhanh/auto_structbeat/caches/pilot/mscnn_final_last_gtzan/gtzan__gtzan_jazz_00045__track.npy.npz
mscnn_gtzan,dbn_matched_30_300,gtzan/gtzan_jazz_00046/track.npy,gtzan,1.0,0.9654404248167826,0.9654404248167826,0.9654404248167826,1.0,1.0,1.0,1.0,1.0,0.9758211507904935,0.9758211507904935,0.9758211507904935,1.0,1.0,1.0,1.0,108.0,0.0,0.0,0.05174465361521652,27.0,0.0,0.0,0.03269781643723221,0.0,/media/mengh/SharedData/zhanh/auto_structbeat/caches/pilot/mscnn_final_last_gtzan/gtzan__gtzan_jazz_00046__track.npy.npz
mscnn_gtzan,dbn_matched_30_300,gtzan/gtzan_jazz_00047/track.npy,gtzan,0.4521739130434783,0.39291526579518327,0.39291526579518327,0.39291526579518327,0.0,0.0,0.0,0.0,0.41379310344827586,0.3668850942119476,0.3668850942119476,0.3668850942119476,0.0,0.0,0.0,0.0,32.0,0.0,0.0,0.09531017980432285,8.0,0.0,0.0,0.14112996661791988,0.0,/media/mengh/SharedData/zhanh/auto_structbeat/caches/pilot/mscnn_final_last_gtzan/gtzan__gtzan_jazz_00047__track.npy.npz
mscnn_gtzan,dbn_matched_30_300,gtzan/gtzan_jazz_00048/track.npy,gtzan,1.0,0.8656739182026213,0.8656739182026213,0.8656739182026213,1.0,1.0,1.0,1.0,1.0,0.898576234859952,0.898576234859952,0.898576234859952,1.0,1.0,1.0,1.0,65.0,0.0,0.0,0.08275541554775073,17.0,0.0,0.0,0.0441097151660332,0.0,/media/mengh/SharedData/zhanh/auto_structbeat/caches/pilot/mscnn_final_last_gtzan/gtzan__gtzan_jazz_00048__track.npy.npz
mscnn_gtzan,dbn_matched_30_300,gtzan/gtzan_jazz_00049/track.npy,gtzan,0.46511627906976744,0.3892059788449113,0.43267480069661496,0.41094038977076314,0.08,0.08,0.34285714285714286,0.34285714285714286,0.5,0.4569114186664143,0.4569114186664143,0.4569114186664143,0.42857142857142855,0.42857142857142855,0.4444444444444444,0.4444444444444444,29.0,0.0,0.0,0.16768450754312805,8.0,0.0,0.0,0.23302528299379122,0.0,/media/mengh/SharedData/zhanh/auto_structbeat/caches/pilot/mscnn_final_last_gtzan/gtzan__gtzan_jazz_00049__track.npy.npz
mscnn_gtzan,dbn_matched_30_300,gtzan/gtzan_jazz_00050/track.npy,gtzan,0.9465648854961831,0.7727912190312918,0.7727912190312918,0.7727912190312918,0.36363636363636365,0.9393939393939394,0.36363636363636365,0.9393939393939394,0.9090909090909091,0.7869208471605368,0.7869208471605368,0.7869208471605368,1.0,1.0,1.0,1.0,79.0,0.0,0.0,0.10008345855698919,26.0,0.0,0.0,0.05205188435311683,0.0,/media/mengh/SharedData/zhanh/auto_structbeat/caches/pilot/mscnn_final_last_gtzan/gtzan__gtzan_jazz_00050__track.npy.npz
mscnn_gtzan,dbn_matched_30_300,gtzan/gtzan_jazz_00051/track.npy,gtzan,1.0,0.918272052562313,0.918272052562313,0.918272052562313,1.0,1.0,1.0,1.0,1.0,0.9404223133516657,0.9404223133516657,0.9404223133516657,1.0,1.0,1.0,1.0,47.0,0.0,0.0,0.031748698314585266,12.0,0.0,0.0,0.01581710267162288,0.0,/media/mengh/SharedData/zhanh/auto_structbeat/caches/pilot/mscnn_final_last_gtzan/gtzan__gtzan_jazz_00051__track.npy.npz
mscnn_gtzan,dbn_matched_30_300,gtzan/gtzan_jazz_00052/track.npy,gtzan,0.9662921348314608,0.8549319085243832,0.8549319085243832,0.8549319085243832,0.9777777777777777,0.9777777777777777,0.9777777777777777,0.9777777777777777,1.0,0.8483631402383639,0.8483631402383639,0.8483631402383639,1.0,1.0,1.0,1.0,54.0,0.0,0.0,0.07145896398214577,13.0,0.0,0.0,0.017857617400007075,0.0,/media/mengh/SharedData/zhanh/auto_structbeat/caches/pilot/mscnn_final_last_gtzan/gtzan__gtzan_jazz_00052__track.npy.npz
mscnn_gtzan,dbn_matched_30_300,gtzan/gtzan_jazz_00053/track.npy,gtzan,0.5046728971962617,0.4776439782224589,0.4776439782224589,0.4776439782224589,0.0,0.0,0.0,0.0,0.5185185185185185,0.5035776215026325,0.5035776215026325,0.5035776215026325,0.0,0.0,0.0,0.0,32.0,0.0,0.0,0.06453852113757275,8.0,0.0,0.0,0.009463203945496601,0.0,/media/mengh/SharedData/zhanh/auto_structbeat/caches/pilot/mscnn_final_last_gtzan/gtzan__gtzan_jazz_00053__track.npy.npz
mscnn_gtzan,dbn_matched_30_300,gtzan/gtzan_jazz_00054/track.npy,gtzan,0.30508474576271183,0.2452125428288154,0.2703029427335269,0.25775774278117114,0.0,0.0,0.0,0.0,0.39999999999999997,0.3864108670556303,0.4409857503378874,0.41369830869675883,0.0,0.0,0.0,0.0,18.0,0.0,0.0,0.12109437492766162,5.0,0.0,0.0,0.0910163453751027,0.0,/media/mengh/SharedData/zhanh/auto_structbeat/caches/pilot/mscnn_final_last_gtzan/gtzan__gtzan_jazz_00054__track.npy.npz
mscnn_gtzan,dbn_matched_30_300,gtzan/gtzan_jazz_00055/track.npy,gtzan,1.0,0.7464583066935365,0.7464583066935365,0.7464583066935365,1.0,1.0,1.0,1.0,1.0,0.7349636588330611,0.7349636588330611,0.7349636588330611,1.0,1.0,1.0,1.0,35.0,0.0,0.0,0.056173977988333436,9.0,0.0,0.0,0.03937884199899661,0.0,/media/mengh/SharedData/zhanh/auto_structbeat/caches/pilot/mscnn_final_last_gtzan/gtzan__gtzan_jazz_00055__track.npy.npz
mscnn_gtzan,dbn_matched_30_300,gtzan/gtzan_jazz_00056/track.npy,gtzan,0.41379310344827586,0.35293644037604466,0.4271805745099316,0.3900585074429881,0.0,0.0,0.0,0.0,0.4545454545454546,0.330021744927209,0.4350285126093385,0.3825251287682737,0.0,0.0,0.0,0.0,42.0,0.0,0.0,0.05990061040547244,10.0,0.0,0.0,0.038862742420106705,0.0,/media/mengh/SharedData/zhanh/auto_structbeat/caches/pilot/mscnn_final_last_gtzan/gtzan__gtzan_jazz_00056__track.npy.npz
mscnn_gtzan,dbn_matched_30_300,gtzan/gtzan_jazz_00057/track.npy,gtzan,0.6071428571428571,0.5197542377972685,0.6410521568856825,0.5804031973414755,0.0,0.0,0.5,0.5,0.4,0.34215533507700685,0.5132330026155103,0.42769416884625855,0.0,0.0,0.4,0.4,19.0,0.0,0.0,0.14232568236896226,5.0,0.0,0.0,0.23008244371157224,0.0,/media/mengh/SharedData/zhanh/auto_structbeat/caches/pilot/mscnn_final_last_gtzan/gtzan__gtzan_jazz_00057__track.npy.npz
mscnn_gtzan,dbn_matched_30_300,gtzan/gtzan_jazz_00058/track.npy,gtzan,0.6369426751592356,0.5958166895337008,0.8920654913895153,0.7439410904616081,0.0,0.0,0.8571428571428571,0.8952380952380953,0.6666666666666666,0.5995283318216753,0.8881424191288246,0.74383537547525,0.0,0.0,0.9615384615384616,0.9615384615384616,125.0,0.0,0.0,1.4876988529977098e-14,31.0,0.0,0.0,0.034327331338787445,0.0,/media/mengh/SharedData/zhanh/auto_structbeat/caches/pilot/mscnn_final_last_gtzan/gtzan__gtzan_jazz_00058__track.npy.npz
mscnn_gtzan,dbn_matched_30_300,gtzan/gtzan_jazz_00059/track.npy,gtzan,0.8666666666666667,0.7811140656370567,0.7811140656370567,0.7811140656370567,0.5555555555555556,0.9555555555555556,0.5555555555555556,0.9555555555555556,0.8333333333333334,0.7711027864944414,0.7711027864944414,0.7711027864944414,1.0,1.0,1.0,1.0,54.0,0.0,0.0,0.07145896398214542,14.0,0.0,0.0,0.04258127937583485,0.0,/media/mengh/SharedData/zhanh/auto_structbeat/caches/pilot/mscnn_final_last_gtzan/gtzan__gtzan_jazz_00059__track.npy.npz
mscnn_gtzan,dbn_matched_30_300,gtzan/gtzan_jazz_00060/track.npy,gtzan,1.0,0.933385647321834,0.933385647321834,0.933385647321834,1.0,1.0,1.0,1.0,1.0,0.9649333146437262,0.9649333146437262,0.9649333146437262,1.0,1.0,1.0,1.0,49.0,0.0,0.0,0.05501391164319829,12.0,0.0,0.0,0.01639380977567541,0.0,/media/mengh/SharedData/zhanh/auto_structbeat/caches/pilot/mscnn_final_last_gtzan/gtzan__gtzan_jazz_00060__track.npy.npz
mscnn_gtzan,dbn_matched_30_300,gtzan/gtzan_jazz_00061/track.npy,gtzan,0.9798657718120806,0.835101286104792,0.835101286104792,0.835101286104792,0.37333333333333335,0.92,0.37333333333333335,0.92,0.27906976744186046,0.2689239953358215,0.3730236064314163,0.32097380088361893,0.0,0.0,0.0,0.0,90.0,0.0,0.0,0.11778303565638115,22.0,0.0,0.0,0.04448519620631468,0.0,/media/mengh/SharedData/zhanh/auto_structbeat/caches/pilot/mscnn_final_last_gtzan/gtzan__gtzan_jazz_00061__track.npy.npz
mscnn_gtzan,dbn_matched_30_300,gtzan/gtzan_jazz_00062/track.npy,gtzan,0.9516129032258065,0.8239817783900557,0.8239817783900557,0.8239817783900557,0.9516129032258065,0.9516129032258065,0.9516129032258065,0.9516129032258065,0.9333333333333333,0.8086516702538442,0.8086516702538442,0.8086516702538442,1.0,1.0,1.0,1.0,74.0,0.0,0.0,0.1000834585569837,18.0,0.0,0.0,0.034093213248134135,0.0,/media/mengh/SharedData/zhanh/auto_structbeat/caches/pilot/mscnn_final_last_gtzan/gtzan__gtzan_jazz_00062__track.npy.npz
mscnn_gtzan,dbn_matched_30_300,gtzan/gtzan_jazz_00063/track.npy,gtzan,0.5,0.4487559013374158,0.4487559013374158,0.4487559013374158,0.0,0.0,0.0,0.0,0.5294117647058824,0.4957620095585746,0.4957620095585746,0.4957620095585746,0.0,0.0,0.0,0.0,41.0,0.0,0.0,0.08483564687730095,10.0,0.0,0.0,0.02702867238791945,0.0,/media/mengh/SharedData/zhanh/auto_structbeat/caches/pilot/mscnn_final_last_gtzan/gtzan__gtzan_jazz_00063__track.npy.npz
mscnn_gtzan,dbn_matched_30_300,gtzan/gtzan_jazz_00064/track.npy,gtzan,0.9529411764705882,0.7441731640344454,0.7441731640344454,0.7441731640344454,0.49411764705882355,0.8588235294117647,0.49411764705882355,0.8588235294117647,1.0,0.7388139201623013,0.7388139201623013,0.7388139201623013,1.0,1.0,1.0,1.0,102.0,0.0,0.0,0.06899287148694991,25.0,0.0,0.0,0.052185753170574965,0.0,/media/mengh/SharedData/zhanh/auto_structbeat/caches/pilot/mscnn_final_last_gtzan/gtzan__gtzan_jazz_00064__track.npy.npz
mscnn_gtzan,dbn_matched_30_300,gtzan/gtzan_jazz_00065/track.npy,gtzan,1.0,0.9535786057810142,0.9535786057810142,0.9535786057810142,1.0,1.0,1.0,1.0,1.0,0.9662394754275194,0.9662394754275194,0.9662394754275194,1.0,1.0,1.0,1.0,99.0,0.0,0.0,0.06453852113756975,24.0,0.0,0.0,0.03278982282299306,0.0,/media/mengh/SharedData/zhanh/auto_structbeat/caches/pilot/mscnn_final_last_gtzan/gtzan__gtzan_jazz_00065__track.npy.npz
mscnn_gtzan,dbn_matched_30_300,gtzan/gtzan_jazz_00066/track.npy,gtzan,0.30534351145038163,0.25744369864530264,0.33852178946138195,0.2979827440533423,0.0,0.0,0.0,0.0,0.7222222222222222,0.6447907106396401,0.6447907106396401,0.6447907106396401,1.0,1.0,1.0,1.0,67.0,0.0,0.0,0.09097177820572866,22.0,0.0,0.0,0.04445176257083292,0.0,/media/mengh/SharedData/zhanh/auto_structbeat/caches/pilot/mscnn_final_last_gtzan/gtzan__gtzan_jazz_00066__track.npy.npz
mscnn_gtzan,dbn_matched_30_300,gtzan/gtzan_jazz_00067/track.npy,gtzan,1.0,0.7903882375497874,0.7903882375497874,0.7903882375497874,1.0,1.0,1.0,1.0,1.0,0.8013191708515789,0.8013191708515789,0.8013191708515789,1.0,1.0,1.0,1.0,50.0,0.0,0.0,0.0552149365106263,12.0,0.0,0.0,0.016807118316381965,0.0,/media/mengh/SharedData/zhanh/auto_structbeat/caches/pilot/mscnn_final_last_gtzan/gtzan__gtzan_jazz_00067__track.npy.npz
mscnn_gtzan,dbn_matched_30_300,gtzan/gtzan_jazz_00068/track.npy,gtzan,0.967741935483871,0.7694865983035267,0.7694865983035267,0.7694865983035267,1.0,1.0,1.0,1.0,0.0,0.0,0.6516833968769564,0.3258416984384782,0.0,0.0,0.75,0.75,37.0,0.0,0.0,0.08116712137677826,9.0,0.0,0.0,0.012247646742414608,0.0,/media/mengh/SharedData/zhanh/auto_structbeat/caches/pilot/mscnn_final_last_gtzan/gtzan__gtzan_jazz_00068__track.npy.npz
mscnn_gtzan,dbn_matched_30_300,gtzan/gtzan_jazz_00069/track.npy,gtzan,0.96875,0.8375079588625505,0.8375079588625505,0.8375079588625505,0.875,0.953125,0.875,0.953125,1.0,0.857011253116453,0.857011253116453,0.857011253116453,1.0,1.0,1.0,1.0,77.0,0.0,0.0,0.051293294387558364,19.0,0.0,0.0,0.028143183747151284,0.0,/media/mengh/SharedData/zhanh/auto_structbeat/caches/pilot/mscnn_final_last_gtzan/gtzan__gtzan_jazz_00069__track.npy.npz
mscnn_gtzan,dbn_matched_30_300,gtzan/gtzan_jazz_00070/track.npy,gtzan,1.0,0.9162454416725478,0.9162454416725478,0.9162454416725478,1.0,1.0,1.0,1.0,1.0,0.9368383679594452,0.9368383679594452,0.9368383679594452,1.0,1.0,1.0,1.0,52.0,0.0,0.0,0.0689928714869561,13.0,0.0,0.0,0.02164840287666242,0.0,/media/mengh/SharedData/zhanh/auto_structbeat/caches/pilot/mscnn_final_last_gtzan/gtzan__gtzan_jazz_00070__track.npy.npz
mscnn_gtzan,dbn_matched_30_300,gtzan/gtzan_jazz_00071/track.npy,gtzan,0.8852459016393444,0.769734951152835,0.769734951152835,0.769734951152835,0.967741935483871,0.967741935483871,0.967741935483871,0.967741935483871,0.75,0.7520248940951317,0.7520248940951317,0.7520248940951317,1.0,1.0,1.0,1.0,37.0,0.0,0.0,0.07342023519911543,9.0,0.0,0.0,0.038082003623969546,0.0,/media/mengh/SharedData/zhanh/auto_structbeat/caches/pilot/mscnn_final_last_gtzan/gtzan__gtzan_jazz_00071__track.npy.npz
mscnn_gtzan,dbn_matched_30_300,gtzan/gtzan_jazz_00072/track.npy,gtzan,1.0,0.9654404248167826,0.9654404248167826,0.9654404248167826,1.0,1.0,1.0,1.0,1.0,0.9758211507904935,0.9758211507904935,0.9758211507904935,1.0,1.0,1.0,1.0,108.0,0.0,0.0,0.05174465361521652,27.0,0.0,0.0,0.03269781643723221,0.0,/media/mengh/SharedData/zhanh/auto_structbeat/caches/pilot/mscnn_final_last_gtzan/gtzan__gtzan_jazz_00072__track.npy.npz
mscnn_gtzan,dbn_matched_30_300,gtzan/gtzan_jazz_00073/track.npy,gtzan,0.46428571428571425,0.3529047042940918,0.4121364291163998,0.3825205667052458,0.010416666666666666,0.010416666666666666,0.010416666666666666,0.010416666666666666,0.0,4.449801351489146e-14,0.48597272527549823,0.24298636263777137,0.0,0.0,0.9583333333333334,0.9583333333333334,86.0,0.0,0.0,0.1177830356563853,29.0,0.0,0.0,0.03922071315328167,0.0,/media/mengh/SharedData/zhanh/auto_structbeat/caches/pilot/mscnn_final_last_gtzan/gtzan__gtzan_jazz_00073__track.npy.npz
mscnn_gtzan,dbn_matched_30_300,gtzan/gtzan_jazz_00074/track.npy,gtzan,0.9117647058823528,0.763485452051195,0.763485452051195,0.763485452051195,1.0,1.0,1.0,1.0,1.0,0.7454014723769449,0.7454014723769449,0.7454014723769449,1.0,1.0,1.0,1.0,41.0,0.0,0.0,0.05556985115480986,10.0,0.0,0.0,0.02758795651882926,0.0,/media/mengh/SharedData/zhanh/auto_structbeat/caches/pilot/mscnn_final_last_gtzan/gtzan__gtzan_jazz_00074__track.npy.npz
mscnn_gtzan,dbn_matched_30_300,gtzan/gtzan_jazz_00075/track.npy,gtzan,0.3076923076923077,0.24776808192483807,0.24776808192483807,0.24776808192483807,0.0,0.0,0.0,0.0,0.23076923076923075,0.1909014125023976,0.2020011852417197,0.19645129887205864,0.0,0.0,0.0,0.0,20.0,0.0,0.0,0.10293850224986181,5.0,0.0,0.0,0.09701203235626177,0.0,/media/mengh/SharedData/zhanh/auto_structbeat/caches/pilot/mscnn_final_last_gtzan/gtzan__gtzan_jazz_00075__track.npy.npz
mscnn_gtzan,dbn_matched_30_300,gtzan/gtzan_jazz_00076/track.npy,gtzan,0.9019607843137256,0.6484657717277554,0.6484657717277554,0.6484657717277554,0.9615384615384616,0.9615384615384616,0.9615384615384616,0.9615384615384616,1.0,0.7029438128837421,0.7029438128837421,0.7029438128837421,1.0,1.0,1.0,1.0,32.0,0.0,0.0,0.0833816089390492,8.0,0.0,0.0,0.03614074062624717,0.0,/media/mengh/SharedData/zhanh/auto_structbeat/caches/pilot/mscnn_final_last_gtzan/gtzan__gtzan_jazz_00076__track.npy.npz
mscnn_gtzan,dbn_matched_30_300,gtzan/gtzan_jazz_00077/track.npy,gtzan,0.6580645161290323,0.51021374616919,0.51021374616919,0.51021374616919,0.14102564102564102,0.5128205128205128,0.14102564102564102,0.5128205128205128,0.15384615384615385,0.08156750056963237,0.08156750056963237,0.08156750056963237,0.25,0.25,0.25,0.25,93.0,0.0,0.0,0.11778303565638237,24.0,0.0,0.0,0.09531017980432416,0.0,/media/mengh/SharedData/zhanh/auto_structbeat/caches/pilot/mscnn_final_last_gtzan/gtzan__gtzan_jazz_00077__track.npy.npz
mscnn_gtzan,dbn_matched_30_300,gtzan/gtzan_jazz_00078/track.npy,gtzan,1.0,0.9071118721065494,0.9071118721065494,0.9071118721065494,1.0,1.0,1.0,1.0,1.0,0.8759729326906591,0.8759729326906591,0.8759729326906591,1.0,1.0,1.0,1.0,81.0,0.0,0.0,0.05406722127027976,21.0,0.0,0.0,0.02835319506292189,0.0,/media/mengh/SharedData/zhanh/auto_structbeat/caches/pilot/mscnn_final_last_gtzan/gtzan__gtzan_jazz_00078__track.npy.npz
mscnn_gtzan,dbn_matched_30_300,gtzan/gtzan_jazz_00079/track.npy,gtzan,0.9555555555555556,0.755678273887755,0.755678273887755,0.755678273887755,1.0,1.0,1.0,1.0,0.9166666666666666,0.7609128587110896,0.7609128587110896,0.7609128587110896,1.0,1.0,1.0,1.0,54.0,0.0,0.0,0.07410797215371995,14.0,0.0,0.0,0.027150989065951387,0.0,/media/mengh/SharedData/zhanh/auto_structbeat/caches/pilot/mscnn_final_last_gtzan/gtzan__gtzan_jazz_00079__track.npy.npz
mscnn_gtzan,dbn_matched_30_300,gtzan/gtzan_jazz_00080/track.npy,gtzan,0.6719999999999999,0.6360574151155993,0.9465140104931415,0.7912857128043704,0.0,0.0,1.0,1.0,0.6875000000000001,0.6586264893313932,0.9580021663002083,0.8083143278158007,0.0,0.0,1.0,1.0,50.0,0.0,0.0,0.06669137449867223,13.0,0.0,0.0,0.020956519723729305,0.0,/media/mengh/SharedData/zhanh/auto_structbeat/caches/pilot/mscnn_final_last_gtzan/gtzan__gtzan_jazz_00080__track.npy.npz
mscnn_gtzan,dbn_matched_30_300,gtzan/gtzan_jazz_00081/track.npy,gtzan,1.0,0.9594489859576977,0.9594489859576977,0.9594489859576977,1.0,1.0,1.0,1.0,1.0,0.9677838191422635,0.9677838191422635,0.9677838191422635,1.0,1.0,1.0,1.0,57.0,0.0,0.0,0.039220713153281385,14.0,0.0,0.0,0.013968163869005245,0.0,/media/mengh/SharedData/zhanh/auto_structbeat/caches/pilot/mscnn_final_last_gtzan/gtzan__gtzan_jazz_00081__track.npy.npz
mscnn_gtzan,dbn_matched_30_300,gtzan/gtzan_jazz_00082/track.npy,gtzan,0.4954128440366972,0.4517951527179749,0.4517951527179749,0.4517951527179749,0.0,0.0,0.0,0.0,0.4444444444444444,0.38854706553693524,0.38854706553693524,0.38854706553693524,0.0,0.0,0.0,0.0,32.0,0.0,0.0,0.05549947978254069,8.0,0.0,0.0,0.15164702836549038,0.0,/media/mengh/SharedData/zhanh/auto_structbeat/caches/pilot/mscnn_final_last_gtzan/gtzan__gtzan_jazz_00082__track.npy.npz
mscnn_gtzan,dbn_matched_30_300,gtzan/gtzan_jazz_00083/track.npy,gtzan,0.6428571428571429,0.5138599283190463,0.5138599283190463,0.5138599283190463,0.5555555555555556,0.5555555555555556,0.5555555555555556,0.5555555555555556,0.5,0.4436518192731344,0.4436518192731344,0.4436518192731344,0.5,0.5,0.5,0.5,48.0,0.0,0.0,0.07145896398214502,12.0,0.0,0.0,0.18961025554628666,0.0,/media/mengh/SharedData/zhanh/auto_structbeat/caches/pilot/mscnn_final_last_gtzan/gtzan__gtzan_jazz_00083__track.npy.npz
mscnn_gtzan,dbn_matched_30_300,gtzan/gtzan_jazz_00084/track.npy,gtzan,1.0,0.9386940972815911,0.9386940972815911,0.9386940972815911,1.0,1.0,1.0,1.0,1.0,0.9477618900614265,0.9477618900614265,0.9477618900614265,1.0,1.0,1.0,1.0,62.0,0.0,0.0,0.04255961441879497,15.0,0.0,0.0,0.030771658666753642,0.0,/media/mengh/SharedData/zhanh/auto_structbeat/caches/pilot/mscnn_final_last_gtzan/gtzan__gtzan_jazz_00084__track.npy.npz
mscnn_gtzan,dbn_matched_30_300,gtzan/gtzan_jazz_00085/track.npy,gtzan,0.900763358778626,0.8268778695406707,0.8268778695406707,0.8268778695406707,0.6515151515151515,0.8787878787878788,0.6515151515151515,0.8787878787878788,0.6666666666666667,0.6123538551519122,0.6123538551519122,0.6123538551519122,0.7058823529411765,0.7058823529411765,0.7058823529411765,0.7058823529411765,79.0,0.0,0.0,0.10536051565782856,19.0,0.0,0.0,0.08158771054589418,0.0,/media/mengh/SharedData/zhanh/auto_structbeat/caches/pilot/mscnn_final_last_gtzan/gtzan__gtzan_jazz_00085__track.npy.npz
mscnn_gtzan,dbn_matched_30_300,gtzan/gtzan_jazz_00086/track.npy,gtzan,0.5909090909090908,0.48541767799749747,0.48541767799749747,0.48541767799749747,0.4888888888888889,0.6444444444444445,0.4888888888888889,0.6444444444444445,0.16666666666666666,0.1283616139698938,0.271672415787712,0.2000170148788029,0.4166666666666667,0.4166666666666667,0.4166666666666667,0.4166666666666667,54.0,0.0,0.0,0.07396529777091643,14.0,0.0,0.0,0.09019532300688732,0.0,/media/mengh/SharedData/zhanh/auto_structbeat/caches/pilot/mscnn_final_last_gtzan/gtzan__gtzan_jazz_00086__track.npy.npz
mscnn_gtzan,dbn_matched_30_300,gtzan/gtzan_jazz_00087/track.npy,gtzan,0.9009009009009009,0.7316014829396849,0.7316014829396849,0.7316014829396849,0.5714285714285714,0.9642857142857143,0.5714285714285714,0.9642857142857143,0.8571428571428571,0.7627638214520261,0.7627638214520261,0.7627638214520261,1.0,1.0,1.0,1.0,68.0,0.0,0.0,0.09097177820571961,17.0,0.0,0.0,0.039785348724346345,0.0,/media/mengh/SharedData/zhanh/auto_structbeat/caches/pilot/mscnn_final_last_gtzan/gtzan__gtzan_jazz_00087__track.npy.npz
mscnn_gtzan,dbn_matched_30_300,gtzan/gtzan_jazz_00088/track.npy,gtzan,1.0,0.9258626929812735,0.9258626929812735,0.9258626929812735,1.0,1.0,1.0,1.0,1.0,0.9346075290556594,0.9346075290556594,0.9346075290556594,1.0,1.0,1.0,1.0,64.0,0.0,0.0,0.04435715516322752,16.0,0.0,0.0,0.025209943486651582,0.0,/media/mengh/SharedData/zhanh/auto_structbeat/caches/pilot/mscnn_final_last_gtzan/gtzan__gtzan_jazz_00088__track.npy.npz
mscnn_gtzan,dbn_matched_30_300,gtzan/gtzan_jazz_00089/track.npy,gtzan,0.9130434782608695,0.6917813434364899,0.6917813434364899,0.6917813434364899,1.0,1.0,1.0,1.0,1.0,0.698124363816753,0.698124363816753,0.698124363816753,1.0,1.0,1.0,1.0,28.0,0.0,0.0,0.07065303104387018,7.0,0.0,0.0,0.026740368023337433,0.0,/media/mengh/SharedData/zhanh/auto_structbeat/caches/pilot/mscnn_final_last_gtzan/gtzan__gtzan_jazz_00089__track.npy.npz
mscnn_gtzan,dbn_matched_30_300,gtzan/gtzan_jazz_00090/track.npy,gtzan,0.9821428571428571,0.9240554605686461,0.9240554605686461,0.9240554605686461,1.0,1.0,1.0,1.0,0.9473684210526315,0.9199525000643629,0.9199525000643629,0.9199525000643629,1.0,1.0,1.0,1.0,68.0,0.0,0.0,0.0768885366509458,23.0,0.0,0.0,0.04380262265839202,0.0,/media/mengh/SharedData/zhanh/auto_structbeat/caches/pilot/mscnn_final_last_gtzan/gtzan__gtzan_jazz_00090__track.npy.npz
mscnn_gtzan,dbn_matched_30_300,gtzan/gtzan_jazz_00091/track.npy,gtzan,0.9583333333333334,0.82792103431967,0.82792103431967,0.82792103431967,1.0,1.0,1.0,1.0,0.8333333333333334,0.7724546799007154,0.7724546799007154,0.7724546799007154,1.0,1.0,1.0,1.0,28.0,0.0,0.0,0.07482050295171518,7.0,0.0,0.0,0.045955272703554456,0.0,/media/mengh/SharedData/zhanh/auto_structbeat/caches/pilot/mscnn_final_last_gtzan/gtzan__gtzan_jazz_00091__track.npy.npz
mscnn_gtzan,dbn_matched_30_300,gtzan/gtzan_jazz_00092/track.npy,gtzan,0.8181818181818182,0.6380391534026796,0.6380391534026796,0.6380391534026796,0.9545454545454546,0.9545454545454546,0.9545454545454546,0.9545454545454546,0.6,0.5046371039030271,0.5046371039030271,0.5046371039030271,1.0,1.0,1.0,1.0,26.0,0.0,0.0,0.08341269201975787,6.0,0.0,0.0,0.04165287559142235,0.0,/media/mengh/SharedData/zhanh/auto_structbeat/caches/pilot/mscnn_final_last_gtzan/gtzan__gtzan_jazz_00092__track.npy.npz
mscnn_gtzan,dbn_matched_30_300,gtzan/gtzan_jazz_00093/track.npy,gtzan,1.0,0.8944264370414463,0.8944264370414463,0.8944264370414463,1.0,1.0,1.0,1.0,1.0,0.8973975327609388,0.8973975327609388,0.8973975327609388,1.0,1.0,1.0,1.0,83.0,0.0,0.0,0.11122563511022321,21.0,0.0,0.0,0.029198027606272988,0.0,/media/mengh/SharedData/zhanh/auto_structbeat/caches/pilot/mscnn_final_last_gtzan/gtzan__gtzan_jazz_00093__track.npy.npz
mscnn_gtzan,dbn_matched_30_300,gtzan/gtzan_jazz_00094/track.npy,gtzan,0.6666666666666666,0.6149552731392527,0.922432909708879,0.7686940914240659,0.0,0.0,1.0,1.0,0.631578947368421,0.5852437097340082,0.9266358737455129,0.7559397917397606,0.0,0.0,1.0,1.0,30.0,0.0,0.0,0.053991447920880835,7.0,0.0,0.0,0.033085849581658874,0.0,/media/mengh/SharedData/zhanh/auto_structbeat/caches/pilot/mscnn_final_last_gtzan/gtzan__gtzan_jazz_00094__track.npy.npz
mscnn_gtzan,dbn_matched_30_300,gtzan/gtzan_jazz_00095/track.npy,gtzan,0.5544554455445545,0.4214069907049615,0.4214069907049615,0.4214069907049615,0.45098039215686275,0.5686274509803921,0.45098039215686275,0.5686274509803921,0.5384615384615384,0.42097590511361893,0.42097590511361893,0.42097590511361893,1.0,1.0,1.0,1.0,63.0,0.0,0.0,0.08338160893904922,16.0,0.0,0.0,0.12056566625341622,0.0,/media/mengh/SharedData/zhanh/auto_structbeat/caches/pilot/mscnn_final_last_gtzan/gtzan__gtzan_jazz_00095__track.npy.npz
mscnn_gtzan,dbn_matched_30_300,gtzan/gtzan_jazz_00096/track.npy,gtzan,0.9818181818181818,0.783504475411036,0.783504475411036,0.783504475411036,1.0,1.0,1.0,1.0,1.0,0.7674567666999258,0.7674567666999258,0.7674567666999258,1.0,1.0,1.0,1.0,67.0,0.0,0.0,0.09017969796250822,17.0,0.0,0.0,0.03669196148050961,0.0,/media/mengh/SharedData/zhanh/auto_structbeat/caches/pilot/mscnn_final_last_gtzan/gtzan__gtzan_jazz_00096__track.npy.npz
mscnn_gtzan,dbn_matched_30_300,gtzan/gtzan_jazz_00097/track.npy,gtzan,0.5,0.3607950602252255,0.3607950602252255,0.3607950602252255,0.9090909090909091,0.9090909090909091,0.9090909090909091,0.9090909090909091,0.4000000000000001,0.250989162311736,0.250989162311736,0.250989162311736,1.0,1.0,1.0,1.0,26.0,0.0,0.0,0.1023847643248767,6.0,0.0,0.0,0.08014134589247908,0.0,/media/mengh/SharedData/zhanh/auto_structbeat/caches/pilot/mscnn_final_last_gtzan/gtzan__gtzan_jazz_00097__track.npy.npz
mscnn_gtzan,dbn_matched_30_300,gtzan/gtzan_jazz_00098/track.npy,gtzan,0.9705882352941176,0.7934453433044968,0.7934453433044968,0.7934453433044968,0.9558823529411765,0.9558823529411765,0.9558823529411765,0.9558823529411765,0.9411764705882353,0.8013654332045619,0.8013654332045619,0.8013654332045619,1.0,1.0,1.0,1.0,81.0,0.0,0.0,0.10536051565782856,20.0,0.0,0.0,0.04234289745778945,0.0,/media/mengh/SharedData/zhanh/auto_structbeat/caches/pilot/mscnn_final_last_gtzan/gtzan__gtzan_jazz_00098__track.npy.npz
mscnn_gtzan,dbn_matched_30_300,gtzan/gtzan_jazz_00099/track.npy,gtzan,1.0,0.8980059756418721,0.8980059756418721,0.8980059756418721,1.0,1.0,1.0,1.0,1.0,0.9183825809171554,0.9183825809171554,0.9183825809171554,1.0,1.0,1.0,1.0,69.0,0.0,0.0,0.09097177820573288,23.0,0.0,0.0,0.03077165866675033,0.0,/media/mengh/SharedData/zhanh/auto_structbeat/caches/pilot/mscnn_final_last_gtzan/gtzan__gtzan_jazz_00099__track.npy.npz
mscnn_gtzan,dbn_matched_30_300,gtzan/gtzan_metal_00000/track.npy,gtzan,0.9487179487179487,0.7902631705167347,0.7902631705167347,0.7902631705167347,1.0,1.0,1.0,1.0,1.0,0.7891758197122292,0.7891758197122292,0.7891758197122292,1.0,1.0,1.0,1.0,47.0,0.0,0.0,0.0845974311792615,12.0,0.0,0.0,0.04016348684451744,0.0,/media/mengh/SharedData/zhanh/auto_structbeat/caches/pilot/mscnn_final_last_gtzan/gtzan__gtzan_metal_00000__track.npy.npz
mscnn_gtzan,dbn_matched_30_300,gtzan/gtzan_metal_00001/track.npy,gtzan,0.8091603053435115,0.7136730764406183,0.7136730764406183,0.7136730764406183,0.4393939393939394,0.803030303030303,0.4393939393939394,0.803030303030303,0.48484848484848486,0.3792702083937382,0.3792702083937382,0.3792702083937382,0.5882352941176471,0.5882352941176471,0.5882352941176471,0.5882352941176471,79.0,0.0,0.0,0.10653353954831084,20.0,0.0,0.0,0.08536839295155521,0.0,/media/mengh/SharedData/zhanh/auto_structbeat/caches/pilot/mscnn_final_last_gtzan/gtzan__gtzan_metal_00001__track.npy.npz
mscnn_gtzan,dbn_matched_30_300,gtzan/gtzan_metal_00002/track.npy,gtzan,1.0,0.9050224582080171,0.9050224582080171,0.9050224582080171,1.0,1.0,1.0,1.0,1.0,0.9233872157956317,0.9233872157956317,0.9233872157956317,1.0,1.0,1.0,1.0,56.0,0.0,0.0,0.07410797215372678,14.0,0.0,0.0,0.028170876966696772,0.0,/media/mengh/SharedData/zhanh/auto_structbeat/caches/pilot/mscnn_final_last_gtzan/gtzan__gtzan_metal_00002__track.npy.npz
mscnn_gtzan,dbn_matched_30_300,gtzan/gtzan_metal_00003/track.npy,gtzan,0.543046357615894,0.4801024205454512,0.4801024205454512,0.4801024205454512,0.3375,0.3375,0.3375,0.3375,0.36842105263157887,0.297571955956822,0.297571955956822,0.297571955956822,0.45,0.5,0.45,0.5,79.0,0.0,0.0,0.07120283872427682,20.0,0.0,0.0,0.15670359925134347,0.0,/media/mengh/SharedData/zhanh/auto_structbeat/caches/pilot/mscnn_final_last_gtzan/gtzan__gtzan_metal_00003__track.npy.npz
mscnn_gtzan,dbn_matched_30_300,gtzan/gtzan_metal_00004/track.npy,gtzan,0.20869565217391306,0.12073709365513419,0.1864258062703934,0.1535814499627638,0.1206896551724138,0.22413793103448276,0.1206896551724138,0.27586206896551724,0.0689655172413793,0.052917074221259394,0.052917074221259394,0.052917074221259394,0.4,0.5333333333333333,0.4,0.5333333333333333,69.0,0.0,0.0,0.13789277744996753,17.0,0.0,0.0,0.20925589334700578,0.0,/media/mengh/SharedData/zhanh/auto_structbeat/caches/pilot/mscnn_final_last_gtzan/gtzan__gtzan_metal_00004__track.npy.npz
mscnn_gtzan,dbn_matched_30_300,gtzan/gtzan_metal_00005/track.npy,gtzan,0.9922480620155039,0.9188879832356527,0.9188879832356527,0.9188879832356527,0.9846153846153847,0.9846153846153847,0.9846153846153847,0.9846153846153847,1.0,0.931301688226075,0.931301688226075,0.931301688226075,1.0,1.0,1.0,1.0,78.0,0.0,0.0,0.10536051565782412,20.0,0.0,0.0,0.02569238898182619,0.0,/media/mengh/SharedData/zhanh/auto_structbeat/caches/pilot/mscnn_final_last_gtzan/gtzan__gtzan_metal_00005__track.npy.npz
mscnn_gtzan,dbn_matched_30_300,gtzan/gtzan_metal_00006/track.npy,gtzan,0.96,0.7766194277399471,0.7766194277399471,0.7766194277399471,0.96,0.96,0.96,0.96,1.0,0.7733128706490712,0.7733128706490712,0.7733128706490712,1.0,1.0,1.0,1.0,60.0,0.0,0.0,0.08108800807096106,15.0,0.0,0.0,0.04284198438964926,0.0,/media/mengh/SharedData/zhanh/auto_structbeat/caches/pilot/mscnn_final_last_gtzan/gtzan__gtzan_metal_00006__track.npy.npz
mscnn_gtzan,dbn_matched_30_300,gtzan/gtzan_metal_00007/track.npy,gtzan,0.8217054263565892,0.7107649336363401,0.7107649336363401,0.7107649336363401,0.36363636363636365,0.7575757575757576,0.36363636363636365,0.7575757575757576,0.12121212121212122,0.10459615672183252,0.2551524258198755,0.17987429127085403,0.11764705882352941,0.11764705882352941,0.4117647058823529,0.4117647058823529,79.0,0.0,0.0,0.10784501965754266,20.0,0.0,0.0,0.18660121955885395,0.0,/media/mengh/SharedData/zhanh/auto_structbeat/caches/pilot/mscnn_final_last_gtzan/gtzan__gtzan_metal_00007__track.npy.npz
mscnn_gtzan,dbn_matched_30_300,gtzan/gtzan_metal_00008/track.npy,gtzan,1.0,0.8842807466713339,0.8842807466713339,0.8842807466713339,1.0,1.0,1.0,1.0,1.0,0.8698522159732197,0.8698522159732197,0.8698522159732197,1.0,1.0,1.0,1.0,59.0,0.0,0.0,0.07696104113612678,15.0,0.0,0.0,0.019494240069610026,0.0,/media/mengh/SharedData/zhanh/auto_structbeat/caches/pilot/mscnn_final_last_gtzan/gtzan__gtzan_metal_00008__track.npy.npz
mscnn_gtzan,dbn_matched_30_300,gtzan/gtzan_metal_00009/track.npy,gtzan,0.968421052631579,0.8597638040997811,0.8597638040997811,0.8597638040997811,0.9583333333333334,0.9583333333333334,0.9583333333333334,0.9583333333333334,0.9166666666666666,0.8140400919600553,0.8140400919600553,0.8140400919600553,1.0,1.0,1.0,1.0,56.0,0.0,0.0,0.07696104113612831,14.0,0.0,0.0,0.046956983087770424,0.0,/media/mengh/SharedData/zhanh/auto_structbeat/caches/pilot/mscnn_final_last_gtzan/gtzan__gtzan_metal_00009__track.npy.npz
mscnn_gtzan,dbn_matched_30_300,gtzan/gtzan_metal_00010/track.npy,gtzan,0.3741935483870968,0.28517448595197575,0.40387824974803893,0.34452636785000734,0.08045977011494253,0.20689655172413793,0.08139534883720931,0.20689655172413793,0.049999999999999996,0.05008197539979342,0.09845585040327985,0.07426891290153664,0.13043478260869565,0.21739130434782608,0.13043478260869565,0.21739130434782608,83.0,0.0,0.0,0.10536051565782412,21.0,0.0,0.0,0.09106829897200067,0.0,/media/mengh/SharedData/zhanh/auto_structbeat/caches/pilot/mscnn_final_last_gtzan/gtzan__gtzan_metal_00010__track.npy.npz
mscnn_gtzan,dbn_matched_30_300,gtzan/gtzan_metal_00011/track.npy,gtzan,0.4705882352941177,0.3821359703619278,0.4453931260120297,0.4137645481869787,0.17142857142857143,0.38571428571428573,0.17142857142857143,0.38571428571428573,0.058823529411764705,0.07051194479660772,0.13451218789098154,0.10251206634379463,0.3333333333333333,0.3333333333333333,0.3333333333333333,0.3333333333333333,83.0,0.0,0.0,0.11122563511022676,21.0,0.0,0.0,0.07417904462740997,0.0,/media/mengh/SharedData/zhanh/auto_structbeat/caches/pilot/mscnn_final_last_gtzan/gtzan__gtzan_metal_00011__track.npy.npz
mscnn_gtzan,dbn_matched_30_300,gtzan/gtzan_metal_00012/track.npy,gtzan,1.0,0.9536336642227178,0.9536336642227178,0.9536336642227178,1.0,1.0,1.0,1.0,1.0,0.9539632990183388,0.9539632990183388,0.9539632990183388,1.0,1.0,1.0,1.0,84.0,0.0,0.0,0.11122563511022185,21.0,0.0,0.0,0.02817087696669579,0.0,/media/mengh/SharedData/zhanh/auto_structbeat/caches/pilot/mscnn_final_last_gtzan/gtzan__gtzan_metal_00012__track.npy.npz
mscnn_gtzan,dbn_matched_30_300,gtzan/gtzan_metal_00013/track.npy,gtzan,0.9739130434782608,0.7874605641712833,0.7874605641712833,0.7874605641712833,0.9827586206896551,0.9827586206896551,0.9827586206896551,0.9827586206896551,1.0,0.8138671977097649,0.8138671977097649,0.8138671977097649,1.0,1.0,1.0,1.0,70.0,0.0,0.0,0.09097177820573288,17.0,0.0,0.0,0.03509131981126964,0.0,/media/mengh/SharedData/zhanh/auto_structbeat/caches/pilot/mscnn_final_last_gtzan/gtzan__gtzan_metal_00013__track.npy.npz
mscnn_gtzan,dbn_matched_30_300,gtzan/gtzan_metal_00014/track.npy,gtzan,0.6526315789473685,0.56695262638675,0.8460424652253714,0.7064975458060607,0.0,0.0,0.953125,0.953125,0.6666666666666666,0.6066565551684298,0.859709763270391,0.7331831592194104,0.0,0.0,0.9375,0.9375,77.0,0.0,0.0,0.10536051565782445,19.0,0.0,0.0,0.04032100895002949,0.0,/media/mengh/SharedData/zhanh/auto_structbeat/caches/pilot/mscnn_final_last_gtzan/gtzan__gtzan_metal_00014__track.npy.npz
mscnn_gtzan,dbn_matched_30_300,gtzan/gtzan_metal_00015/track.npy,gtzan,0.6842105263157895,0.5621821347658349,0.599604900291236,0.5808935175285355,0.29850746268656714,0.29850746268656714,0.29850746268656714,0.3010752688172043,0.6666666666666666,0.5655201320753486,0.5816819979394786,0.5736010650074136,0.3125,0.3125,0.3125,0.3125,78.0,0.0,0.0,0.1202956196197647,19.0,0.0,0.0,0.08836347040337443,0.0,/media/mengh/SharedData/zhanh/auto_structbeat/caches/pilot/mscnn_final_last_gtzan/gtzan__gtzan_metal_00015__track.npy.npz
mscnn_gtzan,dbn_matched_30_300,gtzan/gtzan_metal_00016/track.npy,gtzan,1.0,0.9237337965374183,0.9237337965374183,0.9237337965374183,1.0,1.0,1.0,1.0,0.0,2.2068755350371658e-210,0.9403990806875703,0.47019954034378514,0.0,0.0,1.0,1.0,46.0,0.0,0.0,0.06062462181643448,11.0,0.0,0.0,0.023204225688074853,0.0,/media/mengh/SharedData/zhanh/auto_structbeat/caches/pilot/mscnn_final_last_gtzan/gtzan__gtzan_metal_00016__track.npy.npz
mscnn_gtzan,dbn_matched_30_300,gtzan/gtzan_metal_00017/track.npy,gtzan,0.16417910447761194,0.11226323337574796,0.3949729479934643,0.2536180906846061,0.0,0.0,0.2,0.2,0.0588235294117647,0.0275990665805752,0.04265310289725258,0.03512608473891389,0.0,0.0,1.0,1.0,54.0,0.0,0.0,0.08148369227020215,13.0,0.0,0.0,0.0969922512816686,0.0,/media/mengh/SharedData/zhanh/auto_structbeat/caches/pilot/mscnn_final_last_gtzan/gtzan__gtzan_metal_00017__track.npy.npz
mscnn_gtzan,dbn_matched_30_300,gtzan/gtzan_metal_00018/track.npy,gtzan,0.2711864406779661,0.18867819938806119,0.28635447505971334,0.23751633722388726,0.0,0.0,0.08433734939759036,0.20481927710843373,0.0,0.0030363408640225803,0.02871581780361868,0.01587607933382063,0.0,0.0,0.10526315789473684,0.15789473684210525,90.0,0.0,0.0,0.11778303565638874,22.0,0.0,0.0,0.09548557623103378,0.0,/media/mengh/SharedData/zhanh/auto_structbeat/caches/pilot/mscnn_final_last_gtzan/gtzan__gtzan_metal_00018__track.npy.npz
mscnn_gtzan,dbn_matched_30_300,gtzan/gtzan_metal_00019/track.npy,gtzan,0.05,0.03831806561973783,0.338329139393616,0.1883236025066769,0.0,0.0,0.0,0.0,0.0,0.00356749746193828,0.00356749746193828,0.00356749746193828,0.0,0.0,0.0,0.0,36.0,0.0,0.0,0.0976319691587379,9.0,0.0,0.0,0.07458358348892725,0.0,/media/mengh/SharedData/zhanh/auto_structbeat/caches/pilot/mscnn_final_last_gtzan/gtzan__gtzan_metal_00019__track.npy.npz
mscnn_gtzan,dbn_matched_30_300,gtzan/gtzan_metal_00020/track.npy,gtzan,0.6079999999999999,0.5230358287206097,0.6059412191875444,0.5644885239540771,0.2077922077922078,0.2077922077922078,0.5,0.5208333333333334,0.625,0.5539467763517364,0.6336493392035492,0.5937980577776427,0.2,0.2,0.5833333333333334,0.6666666666666666,58.0,0.0,0.0,0.08887633561874606,15.0,0.0,0.0,0.16489014961583515,0.0,/media/mengh/SharedData/zhanh/auto_structbeat/caches/pilot/mscnn_final_last_gtzan/gtzan__gtzan_metal_00020__track.npy.npz
mscnn_gtzan,dbn_matched_30_300,gtzan/gtzan_metal_00021/track.npy,gtzan,1.0,0.9338746949037384,0.9338746949037384,0.9338746949037384,1.0,1.0,1.0,1.0,1.0,0.9398618144519371,0.9398618144519371,0.9398618144519371,1.0,1.0,1.0,1.0,54.0,0.0,0.0,0.07265101765935444,13.0,0.0,0.0,0.02275006386707329,0.0,/media/mengh/SharedData/zhanh/auto_structbeat/caches/pilot/mscnn_final_last_gtzan/gtzan__gtzan_metal_00021__track.npy.npz
mscnn_gtzan,dbn_matched_30_300,gtzan/gtzan_metal_00022/track.npy,gtzan,1.0,0.9262009394155696,0.9262009394155696,0.9262009394155696,1.0,1.0,1.0,1.0,1.0,0.911821357436578,0.911821357436578,0.911821357436578,1.0,1.0,1.0,1.0,69.0,0.0,0.0,0.04652001563490016,17.0,0.0,0.0,0.034289073478632325,0.0,/media/mengh/SharedData/zhanh/auto_structbeat/caches/pilot/mscnn_final_last_gtzan/gtzan__gtzan_metal_00022__track.npy.npz
mscnn_gtzan,dbn_matched_30_300,gtzan/gtzan_metal_00023/track.npy,gtzan,1.0,0.9187752123294165,0.9187752123294165,0.9187752123294165,1.0,1.0,1.0,1.0,1.0,0.9421166823916673,0.9421166823916673,0.9421166823916673,1.0,1.0,1.0,1.0,73.0,0.0,0.0,0.0953101798043236,18.0,0.0,0.0,0.02439145312415783,0.0,/media/mengh/SharedData/zhanh/auto_structbeat/caches/pilot/mscnn_final_last_gtzan/gtzan__gtzan_metal_00023__track.npy.npz
mscnn_gtzan,dbn_matched_30_300,gtzan/gtzan_metal_00024/track.npy,gtzan,1.0,0.9270871360555992,0.9270871360555992,0.9270871360555992,1.0,1.0,1.0,1.0,1.0,0.9236522285936202,0.9236522285936202,0.9236522285936202,1.0,1.0,1.0,1.0,56.0,0.0,0.0,0.07410797215372356,14.0,0.0,0.0,0.018692133012152223,0.0,/media/mengh/SharedData/zhanh/auto_structbeat/caches/pilot/mscnn_final_last_gtzan/gtzan__gtzan_metal_00024__track.npy.npz
mscnn_gtzan,dbn_matched_30_300,gtzan/gtzan_metal_00025/track.npy,gtzan,1.0,0.94518781080494,0.94518781080494,0.94518781080494,1.0,1.0,1.0,1.0,1.0,0.9754584708500765,0.9754584708500765,0.9754584708500765,1.0,1.0,1.0,1.0,69.0,0.0,0.0,0.07831729399483348,17.0,0.0,0.0,0.023256862164264702,0.0,/media/mengh/SharedData/zhanh/auto_structbeat/caches/pilot/mscnn_final_last_gtzan/gtzan__gtzan_metal_00025__track.npy.npz
mscnn_gtzan,dbn_matched_30_300,gtzan/gtzan_metal_00026/track.npy,gtzan,0.6739130434782608,0.5662317496538565,0.5662317496538565,0.5662317496538565,0.2524271844660194,0.3106796116504854,0.2524271844660194,0.3106796116504854,0.5957446808510638,0.48126991271981007,0.48126991271981007,0.48126991271981007,0.34615384615384615,0.34615384615384615,0.34615384615384615,0.34615384615384615,93.0,0.0,0.0,0.11778303565638604,24.0,0.0,0.0,0.15858705722192137,0.0,/media/mengh/SharedData/zhanh/auto_structbeat/caches/pilot/mscnn_final_last_gtzan/gtzan__gtzan_metal_00026__track.npy.npz
mscnn_gtzan,dbn_matched_30_300,gtzan/gtzan_metal_00027/track.npy,gtzan,0.5789473684210527,0.5069442152311302,0.6278351323336258,0.567389673782378,0.0,0.0,0.5,0.5,0.16216216216216214,0.147896118387831,0.147896118387831,0.147896118387831,0.0,0.0,0.46153846153846156,0.46153846153846156,52.0,0.0,0.0,0.08701137698962769,13.0,0.0,0.0,0.20992692278013092,0.0,/media/mengh/SharedData/zhanh/auto_structbeat/caches/pilot/mscnn_final_last_gtzan/gtzan__gtzan_metal_00027__track.npy.npz
mscnn_gtzan,dbn_matched_30_300,gtzan/gtzan_metal_00028/track.npy,gtzan,0.13675213675213674,0.09161238220963962,0.6236261317561811,0.35761925698291036,0.13559322033898305,0.13559322033898305,0.4406779661016949,0.7796610169491526,0.1379310344827586,0.1006206541031431,0.1006206541031431,0.1006206541031431,0.9333333333333333,0.9333333333333333,0.9333333333333333,0.9333333333333333,70.0,0.0,0.0,0.09531017980432425,18.0,0.0,0.0,0.07389913207133159,0.0,/media/mengh/SharedData/zhanh/auto_structbeat/caches/pilot/mscnn_final_last_gtzan/gtzan__gtzan_metal_00028__track.npy.npz
mscnn_gtzan,dbn_matched_30_300,gtzan/gtzan_metal_00029/track.npy,gtzan,1.0,0.8673661587663114,0.8673661587663114,0.8673661587663114,1.0,1.0,1.0,1.0,1.0,0.8656264321621153,0.8656264321621153,0.8656264321621153,1.0,1.0,1.0,1.0,61.0,0.0,0.0,0.08037659780008925,15.0,0.0,0.0,0.020493037859818774,0.0,/media/mengh/SharedData/zhanh/auto_structbeat/caches/pilot/mscnn_final_last_gtzan/gtzan__gtzan_metal_00029__track.npy.npz
mscnn_gtzan,dbn_matched_30_300,gtzan/gtzan_metal_00030/track.npy,gtzan,1.0,0.9458776119194707,0.9458776119194707,0.9458776119194707,1.0,1.0,1.0,1.0,1.0,0.9571666403334487,0.9571666403334487,0.9571666403334487,1.0,1.0,1.0,1.0,66.0,0.0,0.0,0.08701137698962957,16.0,0.0,0.0,0.021978906718775483,0.0,/media/mengh/SharedData/zhanh/auto_structbeat/caches/pilot/mscnn_final_last_gtzan/gtzan__gtzan_metal_00030__track.npy.npz
mscnn_gtzan,dbn_matched_30_300,gtzan/gtzan_metal_00031/track.npy,gtzan,1.0,0.9145737774788943,0.9145737774788943,0.9145737774788943,1.0,1.0,1.0,1.0,1.0,0.8794752610511573,0.8794752610511573,0.8794752610511573,1.0,1.0,1.0,1.0,69.0,0.0,0.0,0.09097177820572677,18.0,0.0,0.0,0.03509131981127034,0.0,/media/mengh/SharedData/zhanh/auto_structbeat/caches/pilot/mscnn_final_last_gtzan/gtzan__gtzan_metal_00031__track.npy.npz
mscnn_gtzan,dbn_matched_30_300,gtzan/gtzan_metal_00032/track.npy,gtzan,0.979591836734694,0.7703545560635484,0.7703545560635484,0.7703545560635484,0.972972972972973,0.972972972972973,0.972972972972973,0.972972972972973,0.972972972972973,0.7495491496686676,0.7495491496686676,0.7495491496686676,0.9473684210526315,0.9473684210526315,0.9473684210526315,0.9473684210526315,87.0,0.0,0.0,0.11778303565638115,21.0,0.0,0.0,0.04457079606268297,0.0,/media/mengh/SharedData/zhanh/auto_structbeat/caches/pilot/mscnn_final_last_gtzan/gtzan__gtzan_metal_00032__track.npy.npz
mscnn_gtzan,dbn_matched_30_300,gtzan/gtzan_metal_00033/track.npy,gtzan,1.0,0.907304853696883,0.907304853696883,0.907304853696883,1.0,1.0,1.0,1.0,1.0,0.90563669049617,0.90563669049617,0.90563669049617,1.0,1.0,1.0,1.0,62.0,0.0,0.0,0.08338160893904961,16.0,0.0,0.0,0.024172617215141436,0.0,/media/mengh/SharedData/zhanh/auto_structbeat/caches/pilot/mscnn_final_last_gtzan/gtzan__gtzan_metal_00033__track.npy.npz
mscnn_gtzan,dbn_matched_30_300,gtzan/gtzan_metal_00034/track.npy,gtzan,0.5038167938931297,0.4639958260573066,0.5565772065871305,0.5102865163222186,0.4090909090909091,0.48484848484848486,0.4090909090909091,0.48484848484848486,0.0,9.26048465629256e-19,0.35779206558448673,0.17889603279224336,0.0,0.0,0.875,0.875,80.0,0.0,0.0,0.1112256351102221,20.0,0.0,0.0,0.04550643790214352,0.0,/media/mengh/SharedData/zhanh/auto_structbeat/caches/pilot/mscnn_final_last_gtzan/gtzan__gtzan_metal_00034__track.npy.npz
mscnn_gtzan,dbn_matched_30_300,gtzan/gtzan_metal_00035/track.npy,gtzan,0.98989898989899,0.917059973692897,0.917059973692897,0.917059973692897,0.98,0.98,0.98,0.98,1.0,0.9435414058238658,0.9435414058238658,0.9435414058238658,1.0,1.0,1.0,1.0,59.0,0.0,0.0,0.08004270767353505,15.0,0.0,0.0,0.029558802241543725,0.0,/media/mengh/SharedData/zhanh/auto_structbeat/caches/pilot/mscnn_final_last_gtzan/gtzan__gtzan_metal_00035__track.npy.npz
mscnn_gtzan,dbn_matched_30_300,gtzan/gtzan_metal_00036/track.npy,gtzan,1.0,0.9178320437571715,0.9178320437571715,0.9178320437571715,1.0,1.0,1.0,1.0,1.0,0.9269879176325767,0.9269879176325767,0.9269879176325767,1.0,1.0,1.0,1.0,71.0,0.0,0.0,0.09531017980433143,17.0,0.0,0.0,0.0274470568534214,0.0,/media/mengh/SharedData/zhanh/auto_structbeat/caches/pilot/mscnn_final_last_gtzan/gtzan__gtzan_metal_00036__track.npy.npz
mscnn_gtzan,dbn_matched_30_300,gtzan/gtzan_metal_00037/track.npy,gtzan,1.0,0.9246535762542791,0.9246535762542791,0.9246535762542791,1.0,1.0,1.0,1.0,1.0,0.9189956761542676,0.9189956761542676,0.9189956761542676,1.0,1.0,1.0,1.0,69.0,0.0,0.0,0.09097177820572609,17.0,0.0,0.0,0.04652001563489246,0.0,/media/mengh/SharedData/zhanh/auto_structbeat/caches/pilot/mscnn_final_last_gtzan/gtzan__gtzan_metal_00037__track.npy.npz
mscnn_gtzan,dbn_matched_30_300,gtzan/gtzan_metal_00038/track.npy,gtzan,0.7804878048780488,0.7109825754129424,0.7109825754129424,0.7109825754129424,0.7619047619047619,0.8095238095238095,0.7619047619047619,0.8095238095238095,0.24999999999999994,0.18284761470696834,0.2397152818404209,0.2112814482736946,0.0,0.0,0.07692307692307693,0.07692307692307693,48.0,0.0,0.0,0.06453852113756964,16.0,0.0,0.0,0.03630271841845908,0.0,/media/mengh/SharedData/zhanh/auto_structbeat/caches/pilot/mscnn_final_last_gtzan/gtzan__gtzan_metal_00038__track.npy.npz
mscnn_gtzan,dbn_matched_30_300,gtzan/gtzan_metal_00039/track.npy,gtzan,0.6666666666666666,0.6444835685187594,0.9467093123384591,0.7955964404286093,0.0,0.0,0.98,0.98,0.6666666666666666,0.641003801267445,0.9182046050652772,0.7796042031663611,0.0,0.0,0.9166666666666666,0.9166666666666666,60.0,0.0,0.0,0.08004270767353472,15.0,0.0,0.0,0.020000666706669112,0.0,/media/mengh/SharedData/zhanh/auto_structbeat/caches/pilot/mscnn_final_last_gtzan/gtzan__gtzan_metal_00039__track.npy.npz
mscnn_gtzan,dbn_matched_30_300,gtzan/gtzan_metal_00040/track.npy,gtzan,0.38961038961038963,0.37624356764847205,0.45654314286519926,0.41639335525683563,0.0,0.0,0.0,0.0,0.0,3.677765364373958e-11,4.4780552341274004e-11,4.0779102992506797e-11,0.0,0.0,0.0,0.0,37.0,0.0,0.0,0.0491562410910058,9.0,0.0,0.0,0.018127384592556472,0.0,/media/mengh/SharedData/zhanh/auto_structbeat/caches/pilot/mscnn_final_last_gtzan/gtzan__gtzan_metal_00040__track.npy.npz
mscnn_gtzan,dbn_matched_30_300,gtzan/gtzan_metal_00041/track.npy,gtzan,1.0,0.9492212106331798,0.9492212106331798,0.9492212106331798,1.0,1.0,1.0,1.0,1.0,0.9516686379832922,0.9516686379832922,0.9516686379832922,1.0,1.0,1.0,1.0,59.0,0.0,0.0,0.0775773744436097,15.0,0.0,0.0,0.019608471388376736,0.0,/media/mengh/SharedData/zhanh/auto_structbeat/caches/pilot/mscnn_final_last_gtzan/gtzan__gtzan_metal_00041__track.npy.npz
mscnn_gtzan,dbn_matched_30_300,gtzan/gtzan_metal_00042/track.npy,gtzan,1.0,0.9379733712838382,0.9379733712838382,0.9379733712838382,1.0,1.0,1.0,1.0,1.0,0.9290171882662885,0.9290171882662885,0.9290171882662885,1.0,1.0,1.0,1.0,65.0,0.0,0.0,0.044451762570840825,17.0,0.0,0.0,0.03243527575315343,0.0,/media/mengh/SharedData/zhanh/auto_structbeat/caches/pilot/mscnn_final_last_gtzan/gtzan__gtzan_metal_00042__track.npy.npz
mscnn_gtzan,dbn_matched_30_300,gtzan/gtzan_metal_00043/track.npy,gtzan,0.9873417721518987,0.9493306073908052,0.9493306073908052,0.9493306073908052,0.975,0.975,0.975,0.975,1.0,0.9614938318778534,0.9614938318778534,0.9614938318778534,1.0,1.0,1.0,1.0,47.0,0.0,0.0,0.0317486983145846,12.0,0.0,0.0,0.0200285342112689,0.0,/media/mengh/SharedData/zhanh/auto_structbeat/caches/pilot/mscnn_final_last_gtzan/gtzan__gtzan_metal_00043__track.npy.npz
mscnn_gtzan,dbn_matched_30_300,gtzan/gtzan_metal_00044/track.npy,gtzan,0.7346938775510203,0.686698261684055,0.686698261684055,0.686698261684055,0.7346938775510204,0.7346938775510204,0.7346938775510204,0.7346938775510204,0.6923076923076923,0.6643380783521484,0.6643380783521484,0.6643380783521484,1.0,1.0,1.0,1.0,59.0,0.0,0.0,0.07757737444361253,15.0,0.0,0.0,0.05830941957325361,0.0,/media/mengh/SharedData/zhanh/auto_structbeat/caches/pilot/mscnn_final_last_gtzan/gtzan__gtzan_metal_00044__track.npy.npz
mscnn_gtzan,dbn_matched_30_300,gtzan/gtzan_metal_00045/track.npy,gtzan,0.6578947368421052,0.6025538116758031,0.8852915870527642,0.7439226993642837,0.0,0.0,0.9607843137254902,0.9607843137254902,0.631578947368421,0.5395203538839852,0.8211225986884019,0.6803214762861935,0.0,0.0,0.8461538461538461,0.8461538461538461,60.0,0.0,0.0,0.08004270767354893,15.0,0.0,0.0,0.03045920748470976,0.0,/media/mengh/SharedData/zhanh/auto_structbeat/caches/pilot/mscnn_final_last_gtzan/gtzan__gtzan_metal_00045__track.npy.npz
mscnn_gtzan,dbn_matched_30_300,gtzan/gtzan_metal_00046/track.npy,gtzan,0.4497041420118343,0.35941348480228935,0.4155078616545833,0.38746067322843636,0.0,0.0,0.0,0.0,0.816326530612245,0.6388405686965315,0.6388405686965315,0.6388405686965315,0.96,0.96,0.96,0.96,88.0,0.0,0.0,0.11778303565638604,30.0,0.0,0.0,0.03922071315328329,0.0,/media/mengh/SharedData/zhanh/auto_structbeat/caches/pilot/mscnn_final_last_gtzan/gtzan__gtzan_metal_00046__track.npy.npz
mscnn_gtzan,dbn_matched_30_300,gtzan/gtzan_metal_00047/track.npy,gtzan,0.42424242424242425,0.3911964627367011,0.5622796386349767,0.47673805068583885,0.0,0.0,0.6666666666666666,0.6666666666666666,0.0,0.014137835830810625,0.021206753746215938,0.01767229478851328,0.0,0.0,0.8333333333333334,0.8333333333333334,53.0,0.0,0.0,0.10536051565782872,14.0,0.0,0.0,0.06529666390698838,0.0,/media/mengh/SharedData/zhanh/auto_structbeat/caches/pilot/mscnn_final_last_gtzan/gtzan__gtzan_metal_00047__track.npy.npz
mscnn_gtzan,dbn_matched_30_300,gtzan/gtzan_metal_00048/track.npy,gtzan,0.6122448979591837,0.4689171194050063,0.5576019348681421,0.5132595271365742,0.0,0.0,0.44642857142857145,0.44642857142857145,0.5,0.2942625285028428,0.2942625285028428,0.2942625285028428,0.45454545454545453,0.45454545454545453,0.45454545454545453,0.45454545454545453,69.0,0.0,0.0,0.1177830356563827,23.0,0.0,0.0,0.1681369218019969,0.0,/media/mengh/SharedData/zhanh/auto_structbeat/caches/pilot/mscnn_final_last_gtzan/gtzan__gtzan_metal_00048__track.npy.npz
mscnn_gtzan,dbn_matched_30_300,gtzan/gtzan_metal_00049/track.npy,gtzan,0.3611111111111111,0.28200433012461706,0.35431300512105557,0.3181586676228363,0.0,0.0,0.0,0.0,0.38095238095238093,0.3068072844394346,0.3068072844394346,0.3068072844394346,1.0,1.0,1.0,1.0,74.0,0.0,0.0,0.10008345855698497,25.0,0.0,0.0,0.048790164169430696,0.0,/media/mengh/SharedData/zhanh/auto_structbeat/caches/pilot/mscnn_final_last_gtzan/gtzan__gtzan_metal_00049__track.npy.npz
mscnn_gtzan,dbn_matched_30_300,gtzan/gtzan_metal_00050/track.npy,gtzan,0.4727272727272727,0.3575234780945308,0.40818630466606737,0.38285489138029904,0.0,0.0,0.0,0.0,0.6521739130434783,0.5028859105610959,0.5028859105610959,0.5028859105610959,1.0,1.0,1.0,1.0,85.0,0.0,0.0,0.11778303565638115,28.0,0.0,0.0,0.052303892375673594,0.0,/media/mengh/SharedData/zhanh/auto_structbeat/caches/pilot/mscnn_final_last_gtzan/gtzan__gtzan_metal_00050__track.npy.npz
mscnn_gtzan,dbn_matched_30_300,gtzan/gtzan_metal_00051/track.npy,gtzan,0.6715328467153284,0.6292570445606367,0.9370458132863753,0.783151428923506,0.0,0.0,1.0,1.0,0.0,1.5145096007989085e-09,2.2388402794418645e-09,1.8766749401203866e-09,0.0,0.0,0.9166666666666666,0.9166666666666666,55.0,0.0,0.0,0.07410797215372182,14.0,0.0,0.0,0.04473729468043059,0.0,/media/mengh/SharedData/zhanh/auto_structbeat/caches/pilot/mscnn_final_last_gtzan/gtzan__gtzan_metal_00051__track.npy.npz
mscnn_gtzan,dbn_matched_30_300,gtzan/gtzan_metal_00052/track.npy,gtzan,1.0,0.8878618708386319,0.8878618708386319,0.8878618708386319,0.7424242424242424,0.9696969696969697,0.7424242424242424,0.9696969696969697,1.0,0.8850656630590598,0.8850656630590598,0.8850656630590598,1.0,1.0,1.0,1.0,80.0,0.0,0.0,0.11122563511022468,20.0,0.0,0.0,0.05563791625037017,0.0,/media/mengh/SharedData/zhanh/auto_structbeat/caches/pilot/mscnn_final_last_gtzan/gtzan__gtzan_metal_00052__track.npy.npz
mscnn_gtzan,dbn_matched_30_300,gtzan/gtzan_metal_00053/track.npy,gtzan,0.4172661870503597,0.3525370242350847,0.3525370242350847,0.3525370242350847,0.0,0.0,0.0,0.0,0.39999999999999997,0.39455377093607247,0.39455377093607247,0.39455377093607247,0.0,0.0,0.0,0.0,42.0,0.0,0.0,0.08589080038217163,11.0,0.0,0.0,0.07845061584189497,0.0,/media/mengh/SharedData/zhanh/auto_structbeat/caches/pilot/mscnn_final_last_gtzan/gtzan__gtzan_metal_00053__track.npy.npz
mscnn_gtzan,dbn_matched_30_300,gtzan/gtzan_metal_00054/track.npy,gtzan,0.6153846153846155,0.5155904132627686,0.7733468516649341,0.6444686324638513,0.0,0.0,0.5769230769230769,0.9615384615384616,0.6153846153846155,0.5324804617205741,0.798720692580861,0.6656005771507175,0.0,0.0,1.0,1.0,63.0,0.0,0.0,0.08338160893905111,16.0,0.0,0.0,0.04124295853405002,0.0,/media/mengh/SharedData/zhanh/auto_structbeat/caches/pilot/mscnn_final_last_gtzan/gtzan__gtzan_metal_00054__track.npy.npz
mscnn_gtzan,dbn_matched_30_300,gtzan/gtzan_metal_00055/track.npy,gtzan,1.0,0.9488366283620201,0.9488366283620201,0.9488366283620201,1.0,1.0,1.0,1.0,1.0,0.9484083732855544,0.9484083732855544,0.9484083732855544,1.0,1.0,1.0,1.0,85.0,0.0,0.0,0.11122563511022188,21.0,0.0,0.0,0.043802622658392146,0.0,/media/mengh/SharedData/zhanh/auto_structbeat/caches/pilot/mscnn_final_last_gtzan/gtzan__gtzan_metal_00055__track.npy.npz
mscnn_gtzan,dbn_matched_30_300,gtzan/gtzan_metal_00056/track.npy,gtzan,0.5,0.4697693120524695,0.4697693120524695,0.4697693120524695,0.0,0.0,0.0,0.0,0.5161290322580645,0.4945307564397792,0.4945307564397792,0.4945307564397792,0.0,0.0,0.0,0.0,36.0,0.0,0.0,0.07294622028056143,9.0,0.0,0.0,0.034631268044881994,0.0,/media/mengh/SharedData/zhanh/auto_structbeat/caches/pilot/mscnn_final_last_gtzan/gtzan__gtzan_metal_00056__track.npy.npz
mscnn_gtzan,dbn_matched_30_300,gtzan/gtzan_metal_00057/track.npy,gtzan,1.0,0.9089844865287775,0.9089844865287775,0.9089844865287775,1.0,1.0,1.0,1.0,1.0,0.8807586681138577,0.8807586681138577,0.8807586681138577,1.0,1.0,1.0,1.0,64.0,0.0,0.0,0.08701137698962769,16.0,0.0,0.0,0.046384789105061386,0.0,/media/mengh/SharedData/zhanh/auto_structbeat/caches/pilot/mscnn_final_last_gtzan/gtzan__gtzan_metal_00057__track.npy.npz
mscnn_gtzan,dbn_matched_30_300,gtzan/gtzan_metal_00058/track.npy,gtzan,1.0,0.9459465776404632,0.9459465776404632,0.9459465776404632,1.0,1.0,1.0,1.0,1.0,0.9696669834349663,0.9696669834349663,0.9696669834349663,1.0,1.0,1.0,1.0,73.0,0.0,0.0,0.10008345855698497,19.0,0.0,0.0,0.02711688469684022,0.0,/media/mengh/SharedData/zhanh/auto_structbeat/caches/pilot/mscnn_final_last_gtzan/gtzan__gtzan_metal_00058__track.npy.npz
mscnn_gtzan,dbn_matched_30_300,gtzan/gtzan_metal_00059/track.npy,gtzan,1.0,0.9293574528424132,0.9293574528424132,0.9293574528424132,1.0,1.0,1.0,1.0,1.0,0.9487549693972672,0.9487549693972672,0.9487549693972672,1.0,1.0,1.0,1.0,49.0,0.0,0.0,0.06453852113757173,12.0,0.0,0.0,0.024491020008294572,0.0,/media/mengh/SharedData/zhanh/auto_structbeat/caches/pilot/mscnn_final_last_gtzan/gtzan__gtzan_metal_00059__track.npy.npz
mscnn_gtzan,dbn_matched_30_300,gtzan/gtzan_metal_00060/track.npy,gtzan,1.0,0.9180877609883951,0.9180877609883951,0.9180877609883951,1.0,1.0,1.0,1.0,1.0,0.941620894475656,0.941620894475656,0.941620894475656,1.0,1.0,1.0,1.0,45.0,0.0,0.0,0.06062462181643358,12.0,0.0,0.0,0.01492565021667564,0.0,/media/mengh/SharedData/zhanh/auto_structbeat/caches/pilot/mscnn_final_last_gtzan/gtzan__gtzan_metal_00060__track.npy.npz
mscnn_gtzan,dbn_matched_30_300,gtzan/gtzan_metal_00061/track.npy,gtzan,0.5081967213114754,0.48147535673772357,0.48147535673772357,0.48147535673772357,0.0,0.0,0.0,0.0,0.5333333333333333,0.524014153473129,0.524014153473129,0.524014153473129,0.0,0.0,0.0,0.0,37.0,0.0,0.0,0.0491562410910058,9.0,0.0,0.0,0.018127384592556472,0.0,/media/mengh/SharedData/zhanh/auto_structbeat/caches/pilot/mscnn_final_last_gtzan/gtzan__gtzan_metal_00061__track.npy.npz
mscnn_gtzan,dbn_matched_30_300,gtzan/gtzan_metal_00062/track.npy,gtzan,1.0,0.952102522182345,0.952102522182345,0.952102522182345,1.0,1.0,1.0,1.0,1.0,0.9516686379832922,0.9516686379832922,0.9516686379832922,1.0,1.0,1.0,1.0,59.0,0.0,0.0,0.0775773744436097,15.0,0.0,0.0,0.019608471388376736,0.0,/media/mengh/SharedData/zhanh/auto_structbeat/caches/pilot/mscnn_final_last_gtzan/gtzan__gtzan_metal_00062__track.npy.npz
mscnn_gtzan,dbn_matched_30_300,gtzan/gtzan_metal_00063/track.npy,gtzan,1.0,0.9479665907303484,0.9479665907303484,0.9479665907303484,1.0,1.0,1.0,1.0,1.0,0.9290171882662885,0.9290171882662885,0.9290171882662885,1.0,1.0,1.0,1.0,65.0,0.0,0.0,0.044451762570840825,17.0,0.0,0.0,0.03243527575315343,0.0,/media/mengh/SharedData/zhanh/auto_structbeat/caches/pilot/mscnn_final_last_gtzan/gtzan__gtzan_metal_00063__track.npy.npz
mscnn_gtzan,dbn_matched_30_300,gtzan/gtzan_metal_00064/track.npy,gtzan,1.0,0.9657457699649251,0.9657457699649251,0.9657457699649251,1.0,1.0,1.0,1.0,1.0,0.9614938318778534,0.9614938318778534,0.9614938318778534,1.0,1.0,1.0,1.0,47.0,0.0,0.0,0.0317486983145846,12.0,0.0,0.0,0.0200285342112689,0.0,/media/mengh/SharedData/zhanh/auto_structbeat/caches/pilot/mscnn_final_last_gtzan/gtzan__gtzan_metal_00064__track.npy.npz
mscnn_gtzan,dbn_matched_30_300,gtzan/gtzan_metal_00065/track.npy,gtzan,0.7346938775510203,0.6871509173157467,0.6871509173157467,0.6871509173157467,0.7346938775510204,0.7346938775510204,0.7346938775510204,0.7346938775510204,0.6923076923076923,0.6643380136536294,0.6643380136536294,0.6643380136536294,1.0,1.0,1.0,1.0,59.0,0.0,0.0,0.07757737444361253,15.0,0.0,0.0,0.05830941957325361,0.0,/media/mengh/SharedData/zhanh/auto_structbeat/caches/pilot/mscnn_final_last_gtzan/gtzan__gtzan_metal_00065__track.npy.npz
mscnn_gtzan,dbn_matched_30_300,gtzan/gtzan_metal_00066/track.npy,gtzan,0.6666666666666666,0.6252770785338667,0.9246987186060689,0.7749878985699679,0.0,0.0,0.98,0.98,0.631578947368421,0.5659811480841741,0.8291327088992219,0.697556928491698,0.0,0.0,0.8461538461538461,0.8461538461538461,60.0,0.0,0.0,0.08004270767354893,15.0,0.0,0.0,0.03045920748470976,0.0,/media/mengh/SharedData/zhanh/auto_structbeat/caches/pilot/mscnn_final_last_gtzan/gtzan__gtzan_metal_00066__track.npy.npz
mscnn_gtzan,dbn_matched_30_300,gtzan/gtzan_metal_00067/track.npy,gtzan,1.0,0.9741112812186424,0.9741112812186424,0.9741112812186424,1.0,1.0,1.0,1.0,1.0,0.984200299455954,0.984200299455954,0.984200299455954,1.0,1.0,1.0,1.0,67.0,0.0,0.0,0.09017969796250512,17.0,0.0,0.0,0.011049836186586726,0.0,/media/mengh/SharedData/zhanh/auto_structbeat/caches/pilot/mscnn_final_last_gtzan/gtzan__gtzan_metal_00067__track.npy.npz
mscnn_gtzan,dbn_matched_30_300,gtzan/gtzan_metal_00068/track.npy,gtzan,1.0,0.977272059093127,0.977272059093127,0.977272059093127,1.0,1.0,1.0,1.0,1.0,0.9709482402399544,0.9709482402399544,0.9709482402399544,1.0,1.0,1.0,1.0,83.0,0.0,0.0,0.11122563511021699,20.0,0.0,0.0,0.04339866921267473,0.0,/media/mengh/SharedData/zhanh/auto_structbeat/caches/pilot/mscnn_final_last_gtzan/gtzan__gtzan_metal_00068__track.npy.npz
mscnn_gtzan,dbn_matched_30_300,gtzan/gtzan_metal_00069/track.npy,gtzan,1.0,0.9281717172809074,0.9281717172809074,0.9281717172809074,1.0,1.0,1.0,1.0,1.0,0.9358818083418469,0.9358818083418469,0.9358818083418469,1.0,1.0,1.0,1.0,81.0,0.0,0.0,0.1112256351102221,20.0,0.0,0.0,0.04291993081646518,0.0,/media/mengh/SharedData/zhanh/auto_structbeat/caches/pilot/mscnn_final_last_gtzan/gtzan__gtzan_metal_00069__track.npy.npz
mscnn_gtzan,dbn_matched_30_300,gtzan/gtzan_metal_00070/track.npy,gtzan,1.0,0.9332147940729382,0.9332147940729382,0.9332147940729382,1.0,1.0,1.0,1.0,1.0,0.9223892556054228,0.9223892556054228,0.9223892556054228,1.0,1.0,1.0,1.0,58.0,0.0,0.0,0.039220713153287345,15.0,0.0,0.0,0.009756174945363405,0.0,/media/mengh/SharedData/zhanh/auto_structbeat/caches/pilot/mscnn_final_last_gtzan/gtzan__gtzan_metal_00070__track.npy.npz
mscnn_gtzan,dbn_matched_30_300,gtzan/gtzan_metal_00071/track.npy,gtzan,1.0,0.940019066183457,0.940019066183457,0.940019066183457,1.0,1.0,1.0,1.0,1.0,0.9618948059149486,0.9618948059149486,0.9618948059149486,1.0,1.0,1.0,1.0,42.0,0.0,0.0,0.05715841383994752,11.0,0.0,0.0,0.007067167223092197,0.0,/media/mengh/SharedData/zhanh/auto_structbeat/caches/pilot/mscnn_final_last_gtzan/gtzan__gtzan_metal_00071__track.npy.npz
mscnn_gtzan,dbn_matched_30_300,gtzan/gtzan_metal_00072/track.npy,gtzan,1.0,0.930779964604533,0.930779964604533,0.930779964604533,1.0,1.0,1.0,1.0,1.0,0.9342494329955157,0.9342494329955157,0.9342494329955157,1.0,1.0,1.0,1.0,60.0,0.0,0.0,0.08004270767353472,15.0,0.0,0.0,0.024184083017885,0.0,/media/mengh/SharedData/zhanh/auto_structbeat/caches/pilot/mscnn_final_last_gtzan/gtzan__gtzan_metal_00072__track.npy.npz
mscnn_gtzan,dbn_matched_30_300,gtzan/gtzan_metal_00073/track.npy,gtzan,0.7948717948717948,0.7298449241255784,0.7931149740836129,0.7614799491045956,0.3191489361702128,0.3191489361702128,0.5245901639344263,0.5245901639344263,0.4,0.37460342890797593,0.7099116114564518,0.5422575201822138,0.0,0.0,0.4666666666666667,0.4666666666666667,53.0,0.0,0.0,0.1168074255907543,14.0,0.0,0.0,0.3139267339930553,0.0,/media/mengh/SharedData/zhanh/auto_structbeat/caches/pilot/mscnn_final_last_gtzan/gtzan__gtzan_metal_00073__track.npy.npz
mscnn_gtzan,dbn_matched_30_300,gtzan/gtzan_metal_00074/track.npy,gtzan,0.9902912621359222,0.8873100395248297,0.8873100395248297,0.8873100395248297,0.9807692307692307,0.9807692307692307,0.9807692307692307,0.9807692307692307,1.0,0.9022507735510374,0.9022507735510374,0.9022507735510374,1.0,1.0,1.0,1.0,63.0,0.0,0.0,0.08338160893904922,15.0,0.0,0.0,0.028997635555325835,0.0,/media/mengh/SharedData/zhanh/auto_structbeat/caches/pilot/mscnn_final_last_gtzan/gtzan__gtzan_metal_00074__track.npy.npz
mscnn_gtzan,dbn_matched_30_300,gtzan/gtzan_metal_00075/track.npy,gtzan,1.0,0.9481290756301092,0.9481290756301092,0.9481290756301092,1.0,1.0,1.0,1.0,1.0,0.9259062102846788,0.9259062102846788,0.9259062102846788,1.0,1.0,1.0,1.0,56.0,0.0,0.0,0.03774032798284954,14.0,0.0,0.0,0.01370412711197188,0.0,/media/mengh/SharedData/zhanh/auto_structbeat/caches/pilot/mscnn_final_last_gtzan/gtzan__gtzan_metal_00075__track.npy.npz
mscnn_gtzan,dbn_matched_30_300,gtzan/gtzan_metal_00076/track.npy,gtzan,1.0,0.8216976694942253,0.8216976694942253,0.8216976694942253,1.0,1.0,1.0,1.0,1.0,0.7800339428700219,0.7800339428700219,0.7800339428700219,1.0,1.0,1.0,1.0,73.0,0.0,0.0,0.1177830356563836,18.0,0.0,0.0,0.1062172817696892,0.0,/media/mengh/SharedData/zhanh/auto_structbeat/caches/pilot/mscnn_final_last_gtzan/gtzan__gtzan_metal_00076__track.npy.npz
mscnn_gtzan,dbn_matched_30_300,gtzan/gtzan_metal_00077/track.npy,gtzan,1.0,0.9496768890912692,0.9496768890912692,0.9496768890912692,1.0,1.0,1.0,1.0,1.0,0.9497160643473004,0.9497160643473004,0.9497160643473004,1.0,1.0,1.0,1.0,75.0,0.0,0.0,0.10008345855698497,19.0,0.0,0.0,0.025001302205416964,0.0,/media/mengh/SharedData/zhanh/auto_structbeat/caches/pilot/mscnn_final_last_gtzan/gtzan__gtzan_metal_00077__track.npy.npz
mscnn_gtzan,dbn_matched_30_300,gtzan/gtzan_metal_00078/track.npy,gtzan,0.4909090909090909,0.412077617731031,0.412077617731031,0.412077617731031,0.0,0.0,0.0,0.0,0.5,0.43580342326663335,0.43580342326663335,0.43580342326663335,0.0,0.0,0.0,0.0,33.0,0.0,0.0,0.0674412807955331,9.0,0.0,0.0,0.027549951768230718,0.0,/media/mengh/SharedData/zhanh/auto_structbeat/caches/pilot/mscnn_final_last_gtzan/gtzan__gtzan_metal_00078__track.npy.npz
mscnn_gtzan,dbn_matched_30_300,gtzan/gtzan_metal_00079/track.npy,gtzan,0.9807692307692307,0.9280352319890733,0.9280352319890733,0.9280352319890733,0.9807692307692307,0.9807692307692307,0.9807692307692307,0.9807692307692307,1.0,0.9532692128431928,0.9532692128431928,0.9532692128431928,1.0,1.0,1.0,1.0,62.0,0.0,0.0,0.08338160893905311,15.0,0.0,0.0,0.020619287202735825,0.0,/media/mengh/SharedData/zhanh/auto_structbeat/caches/pilot/mscnn_final_last_gtzan/gtzan__gtzan_metal_00079__track.npy.npz
mscnn_gtzan,dbn_matched_30_300,gtzan/gtzan_metal_00080/track.npy,gtzan,0.8095238095238095,0.7699652066828457,0.8080392982550398,0.7890022524689428,0.28,0.36,0.47058823529411764,0.47058823529411764,0.8181818181818181,0.7904204719293642,0.7904204719293642,0.7904204719293642,0.3076923076923077,0.38461538461538464,0.4444444444444444,0.4444444444444444,41.0,0.0,0.0,0.05823667586302687,11.0,0.0,0.0,0.006825965070400564,0.0,/media/mengh/SharedData/zhanh/auto_structbeat/caches/pilot/mscnn_final_last_gtzan/gtzan__gtzan_metal_00080__track.npy.npz
mscnn_gtzan,dbn_matched_30_300,gtzan/gtzan_metal_00081/track.npy,gtzan,0.959349593495935,0.899961269971103,0.899961269971103,0.899961269971103,0.6451612903225806,0.9354838709677419,0.6451612903225806,0.9354838709677419,0.26666666666666666,0.2191619079698222,0.5974923598459284,0.40832713390787534,0.26666666666666666,0.26666666666666666,0.6,0.6,72.0,0.0,0.0,0.10008345855698919,18.0,0.0,0.0,0.08320087915648741,0.0,/media/mengh/SharedData/zhanh/auto_structbeat/caches/pilot/mscnn_final_last_gtzan/gtzan__gtzan_metal_00081__track.npy.npz
mscnn_gtzan,dbn_matched_30_300,gtzan/gtzan_metal_00082/track.npy,gtzan,1.0,0.9644318979752008,0.9644318979752008,0.9644318979752008,1.0,1.0,1.0,1.0,1.0,0.9562573221576414,0.9562573221576414,0.9562573221576414,1.0,1.0,1.0,1.0,61.0,0.0,0.0,0.04082199452025792,16.0,0.0,0.0,0.020482517081242553,0.0,/media/mengh/SharedData/zhanh/auto_structbeat/caches/pilot/mscnn_final_last_gtzan/gtzan__gtzan_metal_00082__track.npy.npz
mscnn_gtzan,dbn_matched_30_300,gtzan/gtzan_metal_00083/track.npy,gtzan,0.98989898989899,0.9474262940148269,0.9474262940148269,0.9474262940148269,0.98,0.98,0.98,0.98,0.9600000000000001,0.898565187207589,0.898565187207589,0.898565187207589,0.9230769230769231,0.9230769230769231,0.9230769230769231,0.9230769230769231,59.0,0.0,0.0,0.03954096942668072,15.0,0.0,0.0,0.03342356660623916,0.0,/media/mengh/SharedData/zhanh/auto_structbeat/caches/pilot/mscnn_final_last_gtzan/gtzan__gtzan_metal_00083__track.npy.npz
mscnn_gtzan,dbn_matched_30_300,gtzan/gtzan_metal_00084/track.npy,gtzan,0.9919999999999999,0.9509039730945543,0.9509039730945543,0.9509039730945543,0.9841269841269841,0.9841269841269841,0.9841269841269841,0.9841269841269841,0.967741935483871,0.9248426524879167,0.9248426524879167,0.9248426524879167,0.9375,0.9375,0.9375,0.9375,75.0,0.0,0.0,0.10008345855697516,19.0,0.0,0.0,0.014876538516921625,0.0,/media/mengh/SharedData/zhanh/auto_structbeat/caches/pilot/mscnn_final_last_gtzan/gtzan__gtzan_metal_00084__track.npy.npz
mscnn_gtzan,dbn_matched_30_300,gtzan/gtzan_metal_00085/track.npy,gtzan,1.0,0.9200685928032662,0.9200685928032662,0.9200685928032662,1.0,1.0,1.0,1.0,1.0,0.9106753775749625,0.9106753775749625,0.9106753775749625,1.0,1.0,1.0,1.0,51.0,0.0,0.0,0.03461541255703252,12.0,0.0,0.0,0.03003886701455447,0.0,/media/mengh/SharedData/zhanh/auto_structbeat/caches/pilot/mscnn_final_last_gtzan/gtzan__gtzan_metal_00085__track.npy.npz
mscnn_gtzan,dbn_matched_30_300,gtzan/gtzan_metal_00086/track.npy,gtzan,1.0,0.9640117527386696,0.9640117527386696,0.9640117527386696,1.0,1.0,1.0,1.0,1.0,0.9529360866659915,0.9529360866659915,0.9529360866659915,1.0,1.0,1.0,1.0,61.0,0.0,0.0,0.08338160893905079,15.0,0.0,0.0,0.020619287202735558,0.0,/media/mengh/SharedData/zhanh/auto_structbeat/caches/pilot/mscnn_final_last_gtzan/gtzan__gtzan_metal_00086__track.npy.npz
mscnn_gtzan,dbn_matched_30_300,gtzan/gtzan_metal_00087/track.npy,gtzan,0.5964912280701754,0.4982528059435569,0.660500901217235,0.579376853580396,0.0,0.0,0.525,0.525,0.6206896551724138,0.5323012126437893,0.6737791008379791,0.6030401567408842,0.0,0.0,0.5,0.5,39.0,0.0,0.0,0.07666344550085744,10.0,0.0,0.0,0.2674144500632953,0.0,/media/mengh/SharedData/zhanh/auto_structbeat/caches/pilot/mscnn_final_last_gtzan/gtzan__gtzan_metal_00087__track.npy.npz
mscnn_gtzan,dbn_matched_30_300,gtzan/gtzan_metal_00088/track.npy,gtzan,1.0,0.9447866071459153,0.9447866071459153,0.9447866071459153,1.0,1.0,1.0,1.0,1.0,0.948822171826252,0.948822171826252,0.948822171826252,1.0,1.0,1.0,1.0,58.0,0.0,0.0,0.039220713153284764,15.0,0.0,0.0,0.01960847138837656,0.0,/media/mengh/SharedData/zhanh/auto_structbeat/caches/pilot/mscnn_final_last_gtzan/gtzan__gtzan_metal_00088__track.npy.npz
mscnn_gtzan,dbn_matched_30_300,gtzan/gtzan_metal_00089/track.npy,gtzan,0.6666666666666666,0.6064273807883603,0.8990564250691704,0.7527419029287654,0.0,0.0,0.984375,0.984375,0.6666666666666666,0.6050083889363899,0.8979395178338078,0.7514739533850988,0.0,0.0,0.9375,0.9375,77.0,0.0,0.0,0.10008345855698624,19.0,0.0,0.0,0.05325814913222639,0.0,/media/mengh/SharedData/zhanh/auto_structbeat/caches/pilot/mscnn_final_last_gtzan/gtzan__gtzan_metal_00089__track.npy.npz
mscnn_gtzan,dbn_matched_30_300,gtzan/gtzan_metal_00090/track.npy,gtzan,1.0,0.9371940304654803,0.9371940304654803,0.9371940304654803,1.0,1.0,1.0,1.0,1.0,0.9246166629245643,0.9246166629245643,0.9246166629245643,1.0,1.0,1.0,1.0,89.0,0.0,0.0,0.06062462181643911,23.0,0.0,0.0,0.030305349495328315,0.0,/media/mengh/SharedData/zhanh/auto_structbeat/caches/pilot/mscnn_final_last_gtzan/gtzan__gtzan_metal_00090__track.npy.npz
mscnn_gtzan,dbn_matched_30_300,gtzan/gtzan_metal_00091/track.npy,gtzan,0.9298245614035088,0.834731974592201,0.834731974592201,0.834731974592201,0.9298245614035088,0.9298245614035088,0.9298245614035088,0.9298245614035088,0.9285714285714286,0.8620058875604947,0.8620058875604947,0.8620058875604947,1.0,1.0,1.0,1.0,68.0,0.0,0.0,0.09097177820572627,17.0,0.0,0.0,0.03588005309482671,0.0,/media/mengh/SharedData/zhanh/auto_structbeat/caches/pilot/mscnn_final_last_gtzan/gtzan__gtzan_metal_00091__track.npy.npz
mscnn_gtzan,dbn_matched_30_300,gtzan/gtzan_metal_00092/track.npy,gtzan,0.9739130434782608,0.9197097625682872,0.9197097625682872,0.9197097625682872,0.4827586206896552,0.9482758620689655,0.4827586206896552,0.9482758620689655,0.0,9.776211393918046e-18,0.4050892013624342,0.2025446006812171,0.0,0.0,0.4666666666666667,0.4666666666666667,68.0,0.0,0.0,0.07927229103918337,17.0,0.0,0.0,0.13462119511428577,0.0,/media/mengh/SharedData/zhanh/auto_structbeat/caches/pilot/mscnn_final_last_gtzan/gtzan__gtzan_metal_00092__track.npy.npz
mscnn_gtzan,dbn_matched_30_300,gtzan/gtzan_metal_00093/track.npy,gtzan,1.0,0.9511279121414512,0.9511279121414512,0.9511279121414512,1.0,1.0,1.0,1.0,1.0,0.9421323482779798,0.9421323482779798,0.9421323482779798,1.0,1.0,1.0,1.0,86.0,0.0,0.0,0.05715841383996183,21.0,0.0,0.0,0.028573372444057943,0.0,/media/mengh/SharedData/zhanh/auto_structbeat/caches/pilot/mscnn_final_last_gtzan/gtzan__gtzan_metal_00093__track.npy.npz
mscnn_gtzan,dbn_matched_30_300,gtzan/gtzan_metal_00094/track.npy,gtzan,0.6060606060606061,0.5066679120471129,0.5413423315976532,0.5240051218223831,0.48484848484848486,0.5757575757575758,0.48484848484848486,0.5757575757575758,0.625,0.5273901755567151,0.5273901755567151,0.5273901755567151,1.0,1.0,1.0,1.0,80.0,0.0,0.0,0.1112256351102221,20.0,0.0,0.0,0.04550643790214352,0.0,/media/mengh/SharedData/zhanh/auto_structbeat/caches/pilot/mscnn_final_last_gtzan/gtzan__gtzan_metal_00094__track.npy.npz
mscnn_gtzan,dbn_matched_30_300,gtzan/gtzan_metal_00095/track.npy,gtzan,0.9375,0.7947576762150459,0.7947576762150459,0.7947576762150459,1.0,1.0,1.0,1.0,0.875,0.7937057720458174,0.7937057720458174,0.7937057720458174,1.0,1.0,1.0,1.0,38.0,0.0,0.0,0.05129329438755087,10.0,0.0,0.0,0.014539635760158225,0.0,/media/mengh/SharedData/zhanh/auto_structbeat/caches/pilot/mscnn_final_last_gtzan/gtzan__gtzan_metal_00095__track.npy.npz
mscnn_gtzan,dbn_matched_30_300,gtzan/gtzan_metal_00096/track.npy,gtzan,0.8169014084507041,0.7354909157554946,0.7354909157554946,0.7354909157554946,0.7027027027027027,0.7027027027027027,0.7027027027027027,0.7027027027027027,0.7368421052631577,0.7078934856456275,0.7078934856456275,0.7078934856456275,0.7,0.7,0.7,0.7,40.0,0.0,0.0,0.09231493451508944,10.0,0.0,0.0,0.032268712272960284,0.0,/media/mengh/SharedData/zhanh/auto_structbeat/caches/pilot/mscnn_final_last_gtzan/gtzan__gtzan_metal_00096__track.npy.npz
mscnn_gtzan,dbn_matched_30_300,gtzan/gtzan_metal_00097/track.npy,gtzan,0.6666666666666666,0.6097392121584486,0.9062825993422631,0.7580109057503559,0.0,0.0,0.9852941176470589,0.9852941176470589,0.6923076923076924,0.6387044458013118,0.9249208905608461,0.781812668181079,0.0,0.0,1.0,1.0,81.0,0.0,0.0,0.11122563511023142,20.0,0.0,0.0,0.04200051482633567,0.0,/media/mengh/SharedData/zhanh/auto_structbeat/caches/pilot/mscnn_final_last_gtzan/gtzan__gtzan_metal_00097__track.npy.npz
mscnn_gtzan,dbn_matched_30_300,gtzan/gtzan_metal_00098/track.npy,gtzan,1.0,0.9442957902534292,0.9442957902534292,0.9442957902534292,1.0,1.0,1.0,1.0,1.0,0.9702837175940149,0.9702837175940149,0.9702837175940149,1.0,1.0,1.0,1.0,39.0,0.0,0.0,0.051848079764094425,10.0,0.0,0.0,0.02145929471069357,0.0,/media/mengh/SharedData/zhanh/auto_structbeat/caches/pilot/mscnn_final_last_gtzan/gtzan__gtzan_metal_00098__track.npy.npz
mscnn_gtzan,dbn_matched_30_300,gtzan/gtzan_metal_00099/track.npy,gtzan,0.9836065573770492,0.8783679506724574,0.8783679506724574,0.8783679506724574,0.967741935483871,0.967741935483871,0.967741935483871,0.967741935483871,1.0,0.8164986516432802,0.8164986516432802,0.8164986516432802,1.0,1.0,1.0,1.0,37.0,0.0,0.0,0.04797668354330887,9.0,0.0,0.0,0.02883343423578853,0.0,/media/mengh/SharedData/zhanh/auto_structbeat/caches/pilot/mscnn_final_last_gtzan/gtzan__gtzan_metal_00099__track.npy.npz
mscnn_gtzan,dbn_matched_30_300,gtzan/gtzan_pop_00000/track.npy,gtzan,1.0,0.9740433323854246,0.9740433323854246,0.9740433323854246,1.0,1.0,1.0,1.0,1.0,0.9809076140820994,0.9809076140820994,0.9809076140820994,1.0,1.0,1.0,1.0,33.0,0.0,0.0,0.04445176257083286,8.0,0.0,0.0,0.005540180375615544,0.0,/media/mengh/SharedData/zhanh/auto_structbeat/caches/pilot/mscnn_final_last_gtzan/gtzan__gtzan_pop_00000__track.npy.npz
mscnn_gtzan,dbn_matched_30_300,gtzan/gtzan_pop_00001/track.npy,gtzan,0.9662921348314608,0.7010005844053937,0.7010005844053937,0.7010005844053937,0.9777777777777777,0.9777777777777777,0.9777777777777777,0.9777777777777777,0.9565217391304348,0.726996469960968,0.726996469960968,0.726996469960968,0.9166666666666666,0.9166666666666666,0.9166666666666666,0.9166666666666666,54.0,0.0,0.0,0.07145896398213852,14.0,0.0,0.0,0.034238300224027116,0.0,/media/mengh/SharedData/zhanh/auto_structbeat/caches/pilot/mscnn_final_last_gtzan/gtzan__gtzan_pop_00001__track.npy.npz
mscnn_gtzan,dbn_matched_30_300,gtzan/gtzan_pop_00002/track.npy,gtzan,0.9904761904761905,0.9542835285075275,0.9542835285075275,0.9542835285075275,0.9811320754716981,0.9811320754716981,0.9811320754716981,0.9811320754716981,1.0,0.955637616317569,0.955637616317569,0.955637616317569,1.0,1.0,1.0,1.0,64.0,0.0,0.0,0.042559614418802336,16.0,0.0,0.0,0.010471299867296424,0.0,/media/mengh/SharedData/zhanh/auto_structbeat/caches/pilot/mscnn_final_last_gtzan/gtzan__gtzan_pop_00002__track.npy.npz
mscnn_gtzan,dbn_matched_30_300,gtzan/gtzan_pop_00003/track.npy,gtzan,0.9870129870129869,0.8937332886527353,0.8937332886527353,0.8937332886527353,0.9743589743589743,0.9743589743589743,0.9743589743589743,0.9743589743589743,0.9473684210526316,0.8236852382750756,0.8236852382750756,0.8236852382750756,0.9,0.9,0.9,0.9,46.0,0.0,0.0,0.06368381797036932,11.0,0.0,0.0,0.037036170656694616,0.0,/media/mengh/SharedData/zhanh/auto_structbeat/caches/pilot/mscnn_final_last_gtzan/gtzan__gtzan_pop_00003__track.npy.npz
mscnn_gtzan,dbn_matched_30_300,gtzan/gtzan_pop_00004/track.npy,gtzan,1.0,0.9592779259098605,0.9592779259098605,0.9592779259098605,1.0,1.0,1.0,1.0,1.0,0.9101619512597331,0.9101619512597331,0.9101619512597331,1.0,1.0,1.0,1.0,40.0,0.0,0.0,0.05429261575295521,10.0,0.0,0.0,0.0264709588522543,0.0,/media/mengh/SharedData/zhanh/auto_structbeat/caches/pilot/mscnn_final_last_gtzan/gtzan__gtzan_pop_00004__track.npy.npz
mscnn_gtzan,dbn_matched_30_300,gtzan/gtzan_pop_00005/track.npy,gtzan,1.0,0.9525370081303698,0.9525370081303698,0.9525370081303698,1.0,1.0,1.0,1.0,1.0,0.9179724318747576,0.9179724318747576,0.9179724318747576,1.0,1.0,1.0,1.0,42.0,0.0,0.0,0.028987536873252014,11.0,0.0,0.0,0.021202207650603322,0.0,/media/mengh/SharedData/zhanh/auto_structbeat/caches/pilot/mscnn_final_last_gtzan/gtzan__gtzan_pop_00005__track.npy.npz
mscnn_gtzan,dbn_matched_30_300,gtzan/gtzan_pop_00006/track.npy,gtzan,0.9870129870129869,0.9334701716978316,0.9334701716978316,0.9334701716978316,0.9743589743589743,0.9743589743589743,0.9743589743589743,0.9743589743589743,0.9473684210526316,0.895519101950952,0.895519101950952,0.895519101950952,0.9,0.9,0.9,0.9,46.0,0.0,0.0,0.030771658666755797,11.0,0.0,0.0,0.0077220460939112275,0.0,/media/mengh/SharedData/zhanh/auto_structbeat/caches/pilot/mscnn_final_last_gtzan/gtzan__gtzan_pop_00006__track.npy.npz
mscnn_gtzan,dbn_matched_30_300,gtzan/gtzan_pop_00007/track.npy,gtzan,1.0,0.8730291830064988,0.8730291830064988,0.8730291830064988,1.0,1.0,1.0,1.0,1.0,0.8199495047082369,0.8199495047082369,0.8199495047082369,1.0,1.0,1.0,1.0,32.0,0.0,0.0,0.07429039064616945,8.0,0.0,0.0,0.023895151086682276,0.0,/media/mengh/SharedData/zhanh/auto_structbeat/caches/pilot/mscnn_final_last_gtzan/gtzan__gtzan_pop_00007__track.npy.npz
mscnn_gtzan,dbn_matched_30_300,gtzan/gtzan_pop_00008/track.npy,gtzan,1.0,0.9761128693601413,0.9761128693601413,0.9761128693601413,1.0,1.0,1.0,1.0,1.0,0.973058028472278,0.973058028472278,0.973058028472278,1.0,1.0,1.0,1.0,42.0,0.0,0.0,0.055569851154809724,10.0,0.0,0.0,0.007017572658647142,0.0,/media/mengh/SharedData/zhanh/auto_structbeat/caches/pilot/mscnn_final_last_gtzan/gtzan__gtzan_pop_00008__track.npy.npz
mscnn_gtzan,dbn_matched_30_300,gtzan/gtzan_pop_00009/track.npy,gtzan,0.4827586206896553,0.44132943041730244,0.44132943041730244,0.44132943041730244,0.0,0.0,0.0,0.0,0.4285714285714285,0.3312783376983939,0.3312783376983939,0.3312783376983939,0.0,0.0,0.0,0.0,18.0,0.0,0.0,0.029624864234784776,5.0,0.0,0.0,0.014058457961868907,0.0,/media/mengh/SharedData/zhanh/auto_structbeat/caches/pilot/mscnn_final_last_gtzan/gtzan__gtzan_pop_00009__track.npy.npz
mscnn_gtzan,dbn_matched_30_300,gtzan/gtzan_pop_00010/track.npy,gtzan,0.9887640449438202,0.9073661636874679,0.9073661636874679,0.9073661636874679,0.9777777777777777,0.9777777777777777,0.9777777777777777,0.9777777777777777,1.0,0.9285233223822804,0.9285233223822804,0.9285233223822804,1.0,1.0,1.0,1.0,53.0,0.0,0.0,0.07145896398214024,13.0,0.0,0.0,0.017857617400005243,0.0,/media/mengh/SharedData/zhanh/auto_structbeat/caches/pilot/mscnn_final_last_gtzan/gtzan__gtzan_pop_00010__track.npy.npz
mscnn_gtzan,dbn_matched_30_300,gtzan/gtzan_pop_00011/track.npy,gtzan,0.14545454545454545,0.07772233835106014,0.1525697542450487,0.11514604629805442,0.06666666666666667,0.1,0.2,0.26666666666666666,0.0,0.011365644102604044,0.014465365221496057,0.012915504662050051,0.375,0.375,0.375,0.375,37.0,0.0,0.0,0.12788221031189398,10.0,0.0,0.0,0.09944471823782755,0.0,/media/mengh/SharedData/zhanh/auto_structbeat/caches/pilot/mscnn_final_last_gtzan/gtzan__gtzan_pop_00011__track.npy.npz
mscnn_gtzan,dbn_matched_30_300,gtzan/gtzan_pop_00012/track.npy,gtzan,0.9397590361445782,0.7684599102472692,0.7684599102472692,0.7684599102472692,0.9523809523809523,0.9523809523809523,0.9523809523809523,0.9523809523809523,0.962962962962963,0.7896304690699316,0.7896304690699316,0.7896304690699316,0.9285714285714286,0.9285714285714286,0.9285714285714286,0.9285714285714286,50.0,0.0,0.0,0.06669137449867235,17.0,0.0,0.0,0.03289853817116305,0.0,/media/mengh/SharedData/zhanh/auto_structbeat/caches/pilot/mscnn_final_last_gtzan/gtzan__gtzan_pop_00012__track.npy.npz
mscnn_gtzan,dbn_matched_30_300,gtzan/gtzan_pop_00013/track.npy,gtzan,1.0,0.9748747758742593,0.9748747758742593,0.9748747758742593,1.0,1.0,1.0,1.0,1.0,0.9984847201768172,0.9984847201768172,0.9984847201768172,1.0,1.0,1.0,1.0,36.0,0.0,0.0,0.04803478930231569,9.0,0.0,0.0,1.043609643147647e-15,0.0,/media/mengh/SharedData/zhanh/auto_structbeat/caches/pilot/mscnn_final_last_gtzan/gtzan__gtzan_pop_00013__track.npy.npz
mscnn_gtzan,dbn_matched_30_300,gtzan/gtzan_pop_00014/track.npy,gtzan,0.9896907216494846,0.9072721560577032,0.9072721560577032,0.9072721560577032,0.9795918367346939,0.9795918367346939,0.9795918367346939,0.9795918367346939,1.0,0.9072713322779049,0.9072713322779049,0.9072713322779049,1.0,1.0,1.0,1.0,58.0,0.0,0.0,0.039220713153280684,14.0,0.0,0.0,0.013968163869005661,0.0,/media/mengh/SharedData/zhanh/auto_structbeat/caches/pilot/mscnn_final_last_gtzan/gtzan__gtzan_pop_00014__track.npy.npz
mscnn_gtzan,dbn_matched_30_300,gtzan/gtzan_pop_00015/track.npy,gtzan,1.0,0.9378085581360925,0.9378085581360925,0.9378085581360925,1.0,1.0,1.0,1.0,1.0,0.9295039268465742,0.9295039268465742,0.9295039268465742,1.0,1.0,1.0,1.0,52.0,0.0,0.0,0.06899287148695404,13.0,0.0,0.0,0.013024902727492738,0.0,/media/mengh/SharedData/zhanh/auto_structbeat/caches/pilot/mscnn_final_last_gtzan/gtzan__gtzan_pop_00015__track.npy.npz
mscnn_gtzan,dbn_matched_30_300,gtzan/gtzan_pop_00016/track.npy,gtzan,0.9347826086956522,0.8509103969322834,0.8509103969322834,0.8509103969322834,1.0,1.0,1.0,1.0,0.9166666666666666,0.8641151126713575,0.8641151126713575,0.8641151126713575,1.0,1.0,1.0,1.0,55.0,0.0,0.0,0.05122778238256706,14.0,0.0,0.0,0.03129848386316692,0.0,/media/mengh/SharedData/zhanh/auto_structbeat/caches/pilot/mscnn_final_last_gtzan/gtzan__gtzan_pop_00016__track.npy.npz
mscnn_gtzan,dbn_matched_30_300,gtzan/gtzan_pop_00017/track.npy,gtzan,0.717391304347826,0.5452394683150239,0.5452394683150239,0.5452394683150239,0.6304347826086957,0.9565217391304348,0.6304347826086957,0.9565217391304348,0.6666666666666666,0.5776768542777687,0.5776768542777687,0.5776768542777687,1.0,1.0,1.0,1.0,55.0,0.0,0.0,0.07410797215372356,14.0,0.0,0.0,0.03142631364921947,0.0,/media/mengh/SharedData/zhanh/auto_structbeat/caches/pilot/mscnn_final_last_gtzan/gtzan__gtzan_pop_00017__track.npy.npz
mscnn_gtzan,dbn_matched_30_300,gtzan/gtzan_pop_00018/track.npy,gtzan,1.0,0.852910970088144,0.852910970088144,0.852910970088144,1.0,1.0,1.0,1.0,1.0,0.8733413463204802,0.8733413463204802,0.8733413463204802,1.0,1.0,1.0,1.0,61.0,0.0,0.0,0.04082199452025622,15.0,0.0,0.0,0.014254971530894396,0.0,/media/mengh/SharedData/zhanh/auto_structbeat/caches/pilot/mscnn_final_last_gtzan/gtzan__gtzan_pop_00018__track.npy.npz
mscnn_gtzan,dbn_matched_30_300,gtzan/gtzan_pop_00019/track.npy,gtzan,1.0,0.9761412205963953,0.9761412205963953,0.9761412205963953,1.0,1.0,1.0,1.0,1.0,0.9800148652058723,0.9800148652058723,0.9800148652058723,1.0,1.0,1.0,1.0,47.0,0.0,0.0,0.030771658666754353,12.0,0.0,0.0,0.01550418653596467,0.0,/media/mengh/SharedData/zhanh/auto_structbeat/caches/pilot/mscnn_final_last_gtzan/gtzan__gtzan_pop_00019__track.npy.npz
mscnn_gtzan,dbn_matched_30_300,gtzan/gtzan_pop_00020/track.npy,gtzan,1.0,0.9170766498589591,0.9170766498589591,0.9170766498589591,1.0,1.0,1.0,1.0,1.0,0.8922855022983858,0.8922855022983858,0.8922855022983858,1.0,1.0,1.0,1.0,54.0,0.0,0.0,0.074107972153725,13.0,0.0,0.0,0.040812117879498566,0.0,/media/mengh/SharedData/zhanh/auto_structbeat/caches/pilot/mscnn_final_last_gtzan/gtzan__gtzan_pop_00020__track.npy.npz
mscnn_gtzan,dbn_matched_30_300,gtzan/gtzan_pop_00021/track.npy,gtzan,0.988235294117647,0.9583062931929536,0.9583062931929536,0.9583062931929536,0.9767441860465116,0.9767441860465116,0.9767441860465116,0.9767441860465116,1.0,0.9639432468920369,0.9639432468920369,0.9639432468920369,1.0,1.0,1.0,1.0,50.0,0.0,0.0,0.03390155167568665,13.0,0.0,0.0,0.012730123990840836,0.0,/media/mengh/SharedData/zhanh/auto_structbeat/caches/pilot/mscnn_final_last_gtzan/gtzan__gtzan_pop_00021__track.npy.npz
mscnn_gtzan,dbn_matched_30_300,gtzan/gtzan_pop_00022/track.npy,gtzan,1.0,0.7648884463366958,0.7648884463366958,0.7648884463366958,1.0,1.0,1.0,1.0,1.0,0.7726813768400951,0.7726813768400951,0.7726813768400951,1.0,1.0,1.0,1.0,52.0,0.0,0.0,0.053737173232896396,13.0,0.0,0.0,0.013024902727492405,0.0,/media/mengh/SharedData/zhanh/auto_structbeat/caches/pilot/mscnn_final_last_gtzan/gtzan__gtzan_pop_00022__track.npy.npz
mscnn_gtzan,dbn_matched_30_300,gtzan/gtzan_pop_00023/track.npy,gtzan,0.988235294117647,0.9234677154264412,0.9234677154264412,0.9234677154264412,0.9767441860465116,0.9767441860465116,0.9767441860465116,0.9767441860465116,1.0,0.9546404384679711,0.9546404384679711,0.9546404384679711,1.0,1.0,1.0,1.0,51.0,0.0,0.0,0.03390155167568452,13.0,0.0,0.0,0.012839088525345876,0.0,/media/mengh/SharedData/zhanh/auto_structbeat/caches/pilot/mscnn_final_last_gtzan/gtzan__gtzan_pop_00023__track.npy.npz
mscnn_gtzan,dbn_matched_30_300,gtzan/gtzan_pop_00024/track.npy,gtzan,1.0,0.9419236735797903,0.9419236735797903,0.9419236735797903,1.0,1.0,1.0,1.0,1.0,0.9703783392611552,0.9703783392611552,0.9703783392611552,1.0,1.0,1.0,1.0,59.0,0.0,0.0,0.03922071315328248,15.0,0.0,0.0,0.009756174945365648,0.0,/media/mengh/SharedData/zhanh/auto_structbeat/caches/pilot/mscnn_final_last_gtzan/gtzan__gtzan_pop_00024__track.npy.npz
mscnn_gtzan,dbn_matched_30_300,gtzan/gtzan_pop_00025/track.npy,gtzan,1.0,0.9670265245538405,0.9670265245538405,0.9670265245538405,1.0,1.0,1.0,1.0,1.0,0.9697543706642376,0.9697543706642376,0.9697543706642376,1.0,1.0,1.0,1.0,38.0,0.0,0.0,0.05001042057465861,9.0,0.0,0.0,0.012500162764231626,0.0,/media/mengh/SharedData/zhanh/auto_structbeat/caches/pilot/mscnn_final_last_gtzan/gtzan__gtzan_pop_00025__track.npy.npz
mscnn_gtzan,dbn_matched_30_300,gtzan/gtzan_pop_00026/track.npy,gtzan,0.9523809523809523,0.9189168734802171,0.9189168734802171,0.9189168734802171,0.96875,0.96875,0.96875,0.96875,0.875,0.8820244863210283,0.8820244863210283,0.8820244863210283,1.0,1.0,1.0,1.0,38.0,0.0,0.0,0.03214928935957677,10.0,0.0,0.0,0.01276388638406285,0.0,/media/mengh/SharedData/zhanh/auto_structbeat/caches/pilot/mscnn_final_last_gtzan/gtzan__gtzan_pop_00026__track.npy.npz
mscnn_gtzan,dbn_matched_30_300,gtzan/gtzan_pop_00027/track.npy,gtzan,1.0,0.9715741570626021,0.9715741570626021,0.9715741570626021,1.0,1.0,1.0,1.0,1.0,0.9729185051657046,0.9729185051657046,0.9729185051657046,1.0,1.0,1.0,1.0,42.0,0.0,0.0,0.057019227998474614,10.0,0.0,0.0,0.01398624197473992,0.0,/media/mengh/SharedData/zhanh/auto_structbeat/caches/pilot/mscnn_final_last_gtzan/gtzan__gtzan_pop_00027__track.npy.npz
mscnn_gtzan,dbn_matched_30_300,gtzan/gtzan_pop_00028/track.npy,gtzan,0.9047619047619048,0.6306812545834917,0.6306812545834917,0.6306812545834917,1.0,1.0,1.0,1.0,0.9090909090909091,0.6248631458941258,0.6248631458941258,0.6248631458941258,1.0,1.0,1.0,1.0,51.0,0.0,0.0,0.05405135262371608,13.0,0.0,0.0,0.025533302005164682,0.0,/media/mengh/SharedData/zhanh/auto_structbeat/caches/pilot/mscnn_final_last_gtzan/gtzan__gtzan_pop_00028__track.npy.npz
mscnn_gtzan,dbn_matched_30_300,gtzan/gtzan_pop_00029/track.npy,gtzan,1.0,0.9786595417451027,0.9786595417451027,0.9786595417451027,1.0,1.0,1.0,1.0,1.0,0.9986350737575962,0.9986350737575962,0.9986350737575962,1.0,1.0,1.0,1.0,40.0,0.0,0.0,0.026668247082165475,10.0,0.0,0.0,4.440892098500626e-16,0.0,/media/mengh/SharedData/zhanh/auto_structbeat/caches/pilot/mscnn_final_last_gtzan/gtzan__gtzan_pop_00029__track.npy.npz
mscnn_gtzan,dbn_matched_30_300,gtzan/gtzan_pop_00030/track.npy,gtzan,1.0,0.9151015050062661,0.9151015050062661,0.9151015050062661,1.0,1.0,1.0,1.0,1.0,0.9104135519961571,0.9104135519961571,0.9104135519961571,1.0,1.0,1.0,1.0,48.0,0.0,0.0,0.08711272409857809,12.0,0.0,0.0,0.04363840758677734,0.0,/media/mengh/SharedData/zhanh/auto_structbeat/caches/pilot/mscnn_final_last_gtzan/gtzan__gtzan_pop_00030__track.npy.npz
mscnn_gtzan,dbn_matched_30_300,gtzan/gtzan_pop_00031/track.npy,gtzan,1.0,0.7671482116791533,0.7671482116791533,0.7671482116791533,1.0,1.0,1.0,1.0,1.0,0.734066132513512,0.734066132513512,0.734066132513512,1.0,1.0,1.0,1.0,48.0,0.0,0.0,0.0625203569813319,12.0,0.0,0.0,0.048091873214716994,0.0,/media/mengh/SharedData/zhanh/auto_structbeat/caches/pilot/mscnn_final_last_gtzan/gtzan__gtzan_pop_00031__track.npy.npz
mscnn_gtzan,dbn_matched_30_300,gtzan/gtzan_pop_00032/track.npy,gtzan,1.0,0.8789620250711916,0.8789620250711916,0.8789620250711916,1.0,1.0,1.0,1.0,1.0,0.9244462312765723,0.9244462312765723,0.9244462312765723,1.0,1.0,1.0,1.0,48.0,0.0,0.0,0.06252035698133382,12.0,0.0,0.0,0.024661937678917233,0.0,/media/mengh/SharedData/zhanh/auto_structbeat/caches/pilot/mscnn_final_last_gtzan/gtzan__gtzan_pop_00032__track.npy.npz
mscnn_gtzan,dbn_matched_30_300,gtzan/gtzan_pop_00033/track.npy,gtzan,0.5853658536585366,0.5418935829919024,0.5789612295453412,0.5604274062686219,0.6097560975609756,0.6097560975609756,0.6097560975609756,0.6097560975609756,0.5454545454545454,0.5228119579138621,0.5228119579138621,0.5228119579138621,1.0,1.0,1.0,1.0,50.0,0.0,0.0,0.06669137449867264,13.0,0.0,0.0,0.020817611541143866,0.0,/media/mengh/SharedData/zhanh/auto_structbeat/caches/pilot/mscnn_final_last_gtzan/gtzan__gtzan_pop_00033__track.npy.npz
mscnn_gtzan,dbn_matched_30_300,gtzan/gtzan_pop_00034/track.npy,gtzan,0.9873417721518987,0.9601215054703935,0.9601215054703935,0.9601215054703935,0.975,0.975,0.975,0.975,1.0,0.973791677623794,0.973791677623794,0.973791677623794,1.0,1.0,1.0,1.0,48.0,0.0,0.0,0.05634106543182804,12.0,0.0,0.0,0.01600034134644357,0.0,/media/mengh/SharedData/zhanh/auto_structbeat/caches/pilot/mscnn_final_last_gtzan/gtzan__gtzan_pop_00034__track.npy.npz
mscnn_gtzan,dbn_matched_30_300,gtzan/gtzan_pop_00035/track.npy,gtzan,1.0,0.9567184143815357,0.9567184143815357,0.9567184143815357,1.0,1.0,1.0,1.0,1.0,0.9766699895476509,0.9766699895476509,0.9766699895476509,1.0,1.0,1.0,1.0,54.0,0.0,0.0,0.05215873808594866,13.0,0.0,0.0,0.018018505502678805,0.0,/media/mengh/SharedData/zhanh/auto_structbeat/caches/pilot/mscnn_final_last_gtzan/gtzan__gtzan_pop_00035__track.npy.npz
mscnn_gtzan,dbn_matched_30_300,gtzan/gtzan_pop_00036/track.npy,gtzan,1.0,0.9598767814927351,0.9598767814927351,0.9598767814927351,1.0,1.0,1.0,1.0,1.0,0.9320730648520359,0.9320730648520359,0.9320730648520359,1.0,1.0,1.0,1.0,49.0,0.0,0.0,0.05685442765177594,12.0,0.0,0.0,0.029146078218312978,0.0,/media/mengh/SharedData/zhanh/auto_structbeat/caches/pilot/mscnn_final_last_gtzan/gtzan__gtzan_pop_00036__track.npy.npz
mscnn_gtzan,dbn_matched_30_300,gtzan/gtzan_pop_00037/track.npy,gtzan,1.0,0.936609126594997,0.936609126594997,0.936609126594997,1.0,1.0,1.0,1.0,1.0,0.9434245687358754,0.9434245687358754,0.9434245687358754,1.0,1.0,1.0,1.0,52.0,0.0,0.0,0.0689928714869547,13.0,0.0,0.0,0.013062711340312227,0.0,/media/mengh/SharedData/zhanh/auto_structbeat/caches/pilot/mscnn_final_last_gtzan/gtzan__gtzan_pop_00037__track.npy.npz
mscnn_gtzan,dbn_matched_30_300,gtzan/gtzan_pop_00038/track.npy,gtzan,1.0,0.9683507577254216,0.9683507577254216,0.9683507577254216,1.0,1.0,1.0,1.0,1.0,0.9834047806559385,0.9834047806559385,0.9834047806559385,1.0,1.0,1.0,1.0,47.0,0.0,0.0,0.030771658666758572,11.0,0.0,0.0,0.007782140442055052,0.0,/media/mengh/SharedData/zhanh/auto_structbeat/caches/pilot/mscnn_final_last_gtzan/gtzan__gtzan_pop_00038__track.npy.npz
mscnn_gtzan,dbn_matched_30_300,gtzan/gtzan_pop_00039/track.npy,gtzan,1.0,0.975946834627989,0.975946834627989,0.975946834627989,1.0,1.0,1.0,1.0,1.0,0.9891668654809076,0.9891668654809076,0.9891668654809076,1.0,1.0,1.0,1.0,41.0,0.0,0.0,0.055569851154810154,11.0,0.0,0.0,0.006920442844573715,0.0,/media/mengh/SharedData/zhanh/auto_structbeat/caches/pilot/mscnn_final_last_gtzan/gtzan__gtzan_pop_00039__track.npy.npz
mscnn_gtzan,dbn_matched_30_300,gtzan/gtzan_pop_00040/track.npy,gtzan,0.9454545454545454,0.8527795717951386,0.8527795717951386,0.8527795717951386,0.9642857142857143,0.9642857142857143,0.9642857142857143,0.9642857142857143,0.923076923076923,0.8731311945497267,0.8731311945497267,0.8731311945497267,0.8571428571428571,0.8571428571428571,0.8571428571428571,0.8571428571428571,33.0,0.0,0.0,0.05381533209618448,9.0,0.0,0.0,0.018544430500013455,0.0,/media/mengh/SharedData/zhanh/auto_structbeat/caches/pilot/mscnn_final_last_gtzan/gtzan__gtzan_pop_00040__track.npy.npz
mscnn_gtzan,dbn_matched_30_300,gtzan/gtzan_pop_00041/track.npy,gtzan,0.6176470588235294,0.46447632668247485,0.6914685674544618,0.5779724470684684,0.0,0.0,0.9777777777777777,0.9777777777777777,0.5555555555555556,0.4073936782197553,0.5510754024201354,0.4792345403199454,0.0,0.0,0.9166666666666666,0.9166666666666666,54.0,0.0,0.0,0.07265101765935497,14.0,0.0,0.0,0.027398974188115544,0.0,/media/mengh/SharedData/zhanh/auto_structbeat/caches/pilot/mscnn_final_last_gtzan/gtzan__gtzan_pop_00041__track.npy.npz
mscnn_gtzan,dbn_matched_30_300,gtzan/gtzan_pop_00042/track.npy,gtzan,1.0,0.9843777253739632,0.9843777253739632,0.9843777253739632,1.0,1.0,1.0,1.0,1.0,0.9799333367497425,0.9799333367497425,0.9799333367497425,1.0,1.0,1.0,1.0,47.0,0.0,0.0,0.030771658666758017,12.0,0.0,0.0,0.007782140442054541,0.0,/media/mengh/SharedData/zhanh/auto_structbeat/caches/pilot/mscnn_final_last_gtzan/gtzan__gtzan_pop_00042__track.npy.npz
mscnn_gtzan,dbn_matched_30_300,gtzan/gtzan_pop_00043/track.npy,gtzan,0.6545454545454545,0.5351779030147559,0.7955146626451421,0.665346282829949,0.0,0.0,0.9821428571428571,0.9821428571428571,0.5853658536585367,0.49946864582113254,0.7584523880987568,0.6289605169599447,0.0,0.0,0.9285714285714286,0.9285714285714286,67.0,0.0,0.0,0.044451762570840825,17.0,0.0,0.0,0.03230980269895366,0.0,/media/mengh/SharedData/zhanh/auto_structbeat/caches/pilot/mscnn_final_last_gtzan/gtzan__gtzan_pop_00043__track.npy.npz
mscnn_gtzan,dbn_matched_30_300,gtzan/gtzan_pop_00044/track.npy,gtzan,0.98989898989899,0.9672636690343563,0.9672636690343563,0.9672636690343563,0.98,0.98,0.98,0.98,1.0,0.9811293969696755,0.9811293969696755,0.9811293969696755,1.0,1.0,1.0,1.0,60.0,0.0,0.0,0.03922071315328442,15.0,0.0,0.0,0.01980262729618021,0.0,/media/mengh/SharedData/zhanh/auto_structbeat/caches/pilot/mscnn_final_last_gtzan/gtzan__gtzan_pop_00044__track.npy.npz
mscnn_gtzan,dbn_matched_30_300,gtzan/gtzan_pop_00045/track.npy,gtzan,1.0,0.9804385742686413,0.9804385742686413,0.9804385742686413,1.0,1.0,1.0,1.0,1.0,0.9866765616578499,0.9866765616578499,0.9866765616578499,1.0,1.0,1.0,1.0,44.0,0.0,0.0,0.029852963149685528,11.0,0.0,0.0,0.014598799421152409,0.0,/media/mengh/SharedData/zhanh/auto_structbeat/caches/pilot/mscnn_final_last_gtzan/gtzan__gtzan_pop_00045__track.npy.npz
mscnn_gtzan,dbn_matched_30_300,gtzan/gtzan_pop_00046/track.npy,gtzan,1.0,0.980310362875661,0.980310362875661,0.980310362875661,1.0,1.0,1.0,1.0,1.0,0.9828238885932019,0.9828238885932019,0.9828238885932019,1.0,1.0,1.0,1.0,44.0,0.0,0.0,0.05739112317927088,11.0,0.0,0.0,0.007326040092074049,0.0,/media/mengh/SharedData/zhanh/auto_structbeat/caches/pilot/mscnn_final_last_gtzan/gtzan__gtzan_pop_00046__track.npy.npz
mscnn_gtzan,dbn_matched_30_300,gtzan/gtzan_pop_00047/track.npy,gtzan,0.9782608695652174,0.8872413436625088,0.8872413436625088,0.8872413436625088,0.9782608695652174,0.9782608695652174,0.9782608695652174,0.9782608695652174,1.0,0.9274169976759122,0.9274169976759122,0.9274169976759122,1.0,1.0,1.0,1.0,56.0,0.0,0.0,0.07410797215372356,14.0,0.0,0.0,0.026701091354673377,0.0,/media/mengh/SharedData/zhanh/auto_structbeat/caches/pilot/mscnn_final_last_gtzan/gtzan__gtzan_pop_00047__track.npy.npz
mscnn_gtzan,dbn_matched_30_300,gtzan/gtzan_pop_00048/track.npy,gtzan,0.9811320754716981,0.9555815620877168,0.9555815620877168,0.9555815620877168,0.9629629629629629,0.9629629629629629,0.9629629629629629,0.9629629629629629,0.962962962962963,0.9417042016051118,0.9417042016051118,0.9417042016051118,0.9285714285714286,0.9285714285714286,0.9285714285714286,0.9285714285714286,64.0,0.0,0.0,0.04255961441880263,16.0,0.0,0.0,0.02127739844728538,0.0,/media/mengh/SharedData/zhanh/auto_structbeat/caches/pilot/mscnn_final_last_gtzan/gtzan__gtzan_pop_00048__track.npy.npz
mscnn_gtzan,dbn_matched_30_300,gtzan/gtzan_pop_00049/track.npy,gtzan,1.0,0.9744444522433295,0.9744444522433295,0.9744444522433295,1.0,1.0,1.0,1.0,1.0,0.9750609243466851,0.9750609243466851,0.9750609243466851,1.0,1.0,1.0,1.0,30.0,0.0,0.0,0.039220713153281885,8.0,0.0,0.0,0.004914014802429312,0.0,/media/mengh/SharedData/zhanh/auto_structbeat/caches/pilot/mscnn_final_last_gtzan/gtzan__gtzan_pop_00049__track.npy.npz
mscnn_gtzan,dbn_matched_30_300,gtzan/gtzan_pop_00050/track.npy,gtzan,1.0,0.9330451824799352,0.9330451824799352,0.9330451824799352,1.0,1.0,1.0,1.0,1.0,0.9210449089792567,0.9210449089792567,0.9210449089792567,1.0,1.0,1.0,1.0,35.0,0.0,0.0,0.06964274977775076,9.0,0.0,0.0,0.01990446817616817,0.0,/media/mengh/SharedData/zhanh/auto_structbeat/caches/pilot/mscnn_final_last_gtzan/gtzan__gtzan_pop_00050__track.npy.npz
mscnn_gtzan,dbn_matched_30_300,gtzan/gtzan_pop_00051/track.npy,gtzan,0.8210526315789474,0.6872020423031334,0.6872020423031334,0.6872020423031334,0.9791666666666666,0.9791666666666666,0.9791666666666666,0.9791666666666666,0.7826086956521738,0.6479325338999912,0.6479325338999912,0.6479325338999912,0.9166666666666666,0.9166666666666666,0.9166666666666666,0.9166666666666666,56.0,0.0,0.0,0.07410797215372356,14.0,0.0,0.0,0.03754629023167225,0.0,/media/mengh/SharedData/zhanh/auto_structbeat/caches/pilot/mscnn_final_last_gtzan/gtzan__gtzan_pop_00051__track.npy.npz
mscnn_gtzan,dbn_matched_30_300,gtzan/gtzan_pop_00052/track.npy,gtzan,0.9772727272727273,0.8796680174399776,0.8796680174399776,0.8796680174399776,0.9772727272727273,0.9772727272727273,0.9772727272727273,0.9772727272727273,1.0,0.8884690178604515,0.8884690178604515,0.8884690178604515,1.0,1.0,1.0,1.0,52.0,0.0,0.0,0.0689928714869516,13.0,0.0,0.0,0.012949934588810497,0.0,/media/mengh/SharedData/zhanh/auto_structbeat/caches/pilot/mscnn_final_last_gtzan/gtzan__gtzan_pop_00052__track.npy.npz
mscnn_gtzan,dbn_matched_30_300,gtzan/gtzan_pop_00053/track.npy,gtzan,0.0851063829787234,0.07006477719667846,0.08868940950815006,0.07937709335241426,0.037037037037037035,0.037037037037037035,0.037037037037037035,0.037037037037037035,0.1818181818181818,0.059027758573575895,0.08116311683959132,0.07009543770658361,0.0,0.0,0.0,0.0,24.0,0.0,0.0,0.1074782576245635,6.0,0.0,0.0,0.14258893330843786,0.0,/media/mengh/SharedData/zhanh/auto_structbeat/caches/pilot/mscnn_final_last_gtzan/gtzan__gtzan_pop_00053__track.npy.npz
mscnn_gtzan,dbn_matched_30_300,gtzan/gtzan_pop_00054/track.npy,gtzan,1.0,0.9436667081632332,0.9436667081632332,0.9436667081632332,1.0,1.0,1.0,1.0,1.0,0.9635410179822941,0.9635410179822941,0.9635410179822941,1.0,1.0,1.0,1.0,49.0,0.0,0.0,0.032789822822996084,12.0,0.0,0.0,0.016393809775676487,0.0,/media/mengh/SharedData/zhanh/auto_structbeat/caches/pilot/mscnn_final_last_gtzan/gtzan__gtzan_pop_00054__track.npy.npz
mscnn_gtzan,dbn_matched_30_300,gtzan/gtzan_pop_00055/track.npy,gtzan,0.9885057471264368,0.955472529417313,0.955472529417313,0.955472529417313,0.9772727272727273,0.9772727272727273,0.9772727272727273,0.9772727272727273,0.9523809523809523,0.9433200153889022,0.9433200153889022,0.9433200153889022,0.9090909090909091,0.9090909090909091,0.9090909090909091,0.9090909090909091,52.0,0.0,0.0,0.035793298209054705,13.0,0.0,0.0,0.008733679968754016,0.0,/media/mengh/SharedData/zhanh/auto_structbeat/caches/pilot/mscnn_final_last_gtzan/gtzan__gtzan_pop_00055__track.npy.npz
mscnn_gtzan,dbn_matched_30_300,gtzan/gtzan_pop_00056/track.npy,gtzan,1.0,0.963978375175468,0.963978375175468,0.963978375175468,1.0,1.0,1.0,1.0,1.0,0.9610656253672621,0.9610656253672621,0.9610656253672621,1.0,1.0,1.0,1.0,45.0,0.0,0.0,0.05594174633560755,12.0,0.0,0.0,0.014815085785140236,0.0,/media/mengh/SharedData/zhanh/auto_structbeat/caches/pilot/mscnn_final_last_gtzan/gtzan__gtzan_pop_00056__track.npy.npz
mscnn_gtzan,dbn_matched_30_300,gtzan/gtzan_pop_00057/track.npy,gtzan,0.9655172413793104,0.9015952716932039,0.9015952716932039,0.9015952716932039,0.9545454545454546,0.9545454545454546,0.9545454545454546,0.9545454545454546,0.0,2.921276376815921e-178,0.9480050390751098,0.4740025195375549,0.0,0.0,1.0,1.0,52.0,0.0,0.0,0.06899287148695395,13.0,0.0,0.0,0.008583743691391255,0.0,/media/mengh/SharedData/zhanh/auto_structbeat/caches/pilot/mscnn_final_last_gtzan/gtzan__gtzan_pop_00057__track.npy.npz
mscnn_gtzan,dbn_matched_30_300,gtzan/gtzan_pop_00058/track.npy,gtzan,0.5090909090909091,0.4769925572391468,0.4769925572391468,0.4769925572391468,0.0,0.0,0.0,0.0,0.4615384615384615,0.44518954403977923,0.47467988926646926,0.45993471665312424,0.0,0.0,0.0,0.0,17.0,0.0,0.0,0.025222181550040156,4.0,0.0,0.0,0.005327695481135452,0.0,/media/mengh/SharedData/zhanh/auto_structbeat/caches/pilot/mscnn_final_last_gtzan/gtzan__gtzan_pop_00058__track.npy.npz
mscnn_gtzan,dbn_matched_30_300,gtzan/gtzan_pop_00059/track.npy,gtzan,1.0,0.9659072083425112,0.9659072083425112,0.9659072083425112,1.0,1.0,1.0,1.0,1.0,0.9687112504538963,0.9687112504538963,0.9687112504538963,1.0,1.0,1.0,1.0,45.0,0.0,0.0,0.02985296314969116,12.0,0.0,0.0,0.00743497848751784,0.0,/media/mengh/SharedData/zhanh/auto_structbeat/caches/pilot/mscnn_final_last_gtzan/gtzan__gtzan_pop_00059__track.npy.npz
mscnn_gtzan,dbn_matched_30_300,gtzan/gtzan_pop_00060/track.npy,gtzan,0.9512195121951219,0.8750600295546956,0.8750600295546956,0.8750600295546956,0.9512195121951219,0.9512195121951219,0.9512195121951219,0.9512195121951219,1.0,0.9355503920025365,0.9355503920025365,0.9355503920025365,1.0,1.0,1.0,1.0,49.0,0.0,0.0,0.032789822822996084,12.0,0.0,0.0,0.016393809775676487,0.0,/media/mengh/SharedData/zhanh/auto_structbeat/caches/pilot/mscnn_final_last_gtzan/gtzan__gtzan_pop_00060__track.npy.npz
mscnn_gtzan,dbn_matched_30_300,gtzan/gtzan_pop_00061/track.npy,gtzan,1.0,0.9727761880083274,0.9727761880083274,0.9727761880083274,1.0,1.0,1.0,1.0,1.0,0.9769665982421486,0.9769665982421486,0.9769665982421486,1.0,1.0,1.0,1.0,48.0,0.0,0.0,0.03174869831458238,12.0,0.0,0.0,0.015943194860873006,0.0,/media/mengh/SharedData/zhanh/auto_structbeat/caches/pilot/mscnn_final_last_gtzan/gtzan__gtzan_pop_00061__track.npy.npz
mscnn_gtzan,dbn_matched_30_300,gtzan/gtzan_pop_00062/track.npy,gtzan,0.955223880597015,0.7376689714854637,0.7376689714854637,0.7376689714854637,0.9705882352941176,0.9705882352941176,0.9705882352941176,0.9705882352941176,0.823529411764706,0.7024717369317999,0.7024717369317999,0.7024717369317999,0.8888888888888888,0.8888888888888888,0.8888888888888888,0.8888888888888888,41.0,0.0,0.0,0.1085147896872329,11.0,0.0,0.0,0.030736059273388957,0.0,/media/mengh/SharedData/zhanh/auto_structbeat/caches/pilot/mscnn_final_last_gtzan/gtzan__gtzan_pop_00062__track.npy.npz
mscnn_gtzan,dbn_matched_30_300,gtzan/gtzan_pop_00063/track.npy,gtzan,0.6753246753246753,0.6151735812622742,0.9150001413178211,0.7650868612900477,0.0,0.0,1.0,1.0,0.7000000000000001,0.6818788900388482,0.9230082246831377,0.8024435573609929,0.0,0.0,1.0,1.0,61.0,0.0,0.0,0.0833816089390494,15.0,0.0,0.0,0.042772974587111975,0.0,/media/mengh/SharedData/zhanh/auto_structbeat/caches/pilot/mscnn_final_last_gtzan/gtzan__gtzan_pop_00063__track.npy.npz
mscnn_gtzan,dbn_matched_30_300,gtzan/gtzan_pop_00064/track.npy,gtzan,0.7454545454545455,0.5878632749661575,0.5878632749661575,0.5878632749661575,0.35714285714285715,0.75,0.35714285714285715,0.75,0.6206896551724138,0.5078349678194787,0.5078349678194787,0.5078349678194787,0.4,0.6666666666666666,0.4,0.6666666666666666,67.0,0.0,0.0,0.07936713442558999,17.0,0.0,0.0,0.08238059538998814,0.0,/media/mengh/SharedData/zhanh/auto_structbeat/caches/pilot/mscnn_final_last_gtzan/gtzan__gtzan_pop_00064__track.npy.npz
mscnn_gtzan,dbn_matched_30_300,gtzan/gtzan_pop_00065/track.npy,gtzan,1.0,0.9644295538755356,0.9644295538755356,0.9644295538755356,1.0,1.0,1.0,1.0,1.0,0.9771311499287433,0.9771311499287433,0.9771311499287433,1.0,1.0,1.0,1.0,29.0,0.0,0.0,0.03824849497431138,7.0,0.0,0.0,0.004773278752657983,0.0,/media/mengh/SharedData/zhanh/auto_structbeat/caches/pilot/mscnn_final_last_gtzan/gtzan__gtzan_pop_00065__track.npy.npz
mscnn_gtzan,dbn_matched_30_300,gtzan/gtzan_pop_00066/track.npy,gtzan,1.0,0.9648491077398108,0.9648491077398108,0.9648491077398108,1.0,1.0,1.0,1.0,1.0,0.935780160108279,0.935780160108279,0.935780160108279,1.0,1.0,1.0,1.0,41.0,0.0,0.0,0.05583509893968918,11.0,0.0,0.0,0.028727518702769923,0.0,/media/mengh/SharedData/zhanh/auto_structbeat/caches/pilot/mscnn_final_last_gtzan/gtzan__gtzan_pop_00066__track.npy.npz
mscnn_gtzan,dbn_matched_30_300,gtzan/gtzan_pop_00067/track.npy,gtzan,1.0,0.9295335742514238,0.9295335742514238,0.9295335742514238,1.0,1.0,1.0,1.0,0.0,2.2472717304031165e-144,0.9449856135324357,0.47249280676621785,0.0,0.0,1.0,1.0,57.0,0.0,0.0,0.07696104113612678,14.0,0.0,0.0,0.028437935320533736,0.0,/media/mengh/SharedData/zhanh/auto_structbeat/caches/pilot/mscnn_final_last_gtzan/gtzan__gtzan_pop_00067__track.npy.npz
mscnn_gtzan,dbn_matched_30_300,gtzan/gtzan_pop_00068/track.npy,gtzan,1.0,0.9344828646336103,0.9344828646336103,0.9344828646336103,1.0,1.0,1.0,1.0,1.0,0.9382873772172493,0.9382873772172493,0.9382873772172493,1.0,1.0,1.0,1.0,32.0,0.0,0.0,0.043068638055317444,8.0,0.0,0.0,0.009312135147632739,0.0,/media/mengh/SharedData/zhanh/auto_structbeat/caches/pilot/mscnn_final_last_gtzan/gtzan__gtzan_pop_00068__track.npy.npz
mscnn_gtzan,dbn_matched_30_300,gtzan/gtzan_pop_00069/track.npy,gtzan,1.0,0.9186455838860116,0.9186455838860116,0.9186455838860116,1.0,1.0,1.0,1.0,1.0,0.9328741163843751,0.9328741163843751,0.9328741163843751,1.0,1.0,1.0,1.0,53.0,0.0,0.0,0.07145896398214968,13.0,0.0,0.0,0.03509131981127023,0.0,/media/mengh/SharedData/zhanh/auto_structbeat/caches/pilot/mscnn_final_last_gtzan/gtzan__gtzan_pop_00069__track.npy.npz
mscnn_gtzan,dbn_matched_30_300,gtzan/gtzan_pop_00070/track.npy,gtzan,1.0,0.9625340827732239,0.9625340827732239,0.9625340827732239,1.0,1.0,1.0,1.0,1.0,0.965347110662354,0.965347110662354,0.965347110662354,1.0,1.0,1.0,1.0,62.0,0.0,0.0,0.0833816089390533,16.0,0.0,0.0,0.02083408690284161,0.0,/media/mengh/SharedData/zhanh/auto_structbeat/caches/pilot/mscnn_final_last_gtzan/gtzan__gtzan_pop_00070__track.npy.npz
mscnn_gtzan,dbn_matched_30_300,gtzan/gtzan_pop_00071/track.npy,gtzan,1.0,0.9245011970762839,0.9245011970762839,0.9245011970762839,1.0,1.0,1.0,1.0,0.0,2.5748874003554724e-144,0.9406450847665714,0.4703225423832857,0.0,0.0,1.0,1.0,57.0,0.0,0.0,0.07696104113612678,14.0,0.0,0.0,0.028437935320533736,0.0,/media/mengh/SharedData/zhanh/auto_structbeat/caches/pilot/mscnn_final_last_gtzan/gtzan__gtzan_pop_00071__track.npy.npz
mscnn_gtzan,dbn_matched_30_300,gtzan/gtzan_pop_00072/track.npy,gtzan,1.0,0.9765619627831886,0.9765619627831886,0.9765619627831886,1.0,1.0,1.0,1.0,1.0,0.9706521983268521,0.9706521983268521,0.9706521983268521,1.0,1.0,1.0,1.0,58.0,0.0,0.0,0.07696104113612884,14.0,0.0,0.0,0.013968163869006161,0.0,/media/mengh/SharedData/zhanh/auto_structbeat/caches/pilot/mscnn_final_last_gtzan/gtzan__gtzan_pop_00072__track.npy.npz
mscnn_gtzan,dbn_matched_30_300,gtzan/gtzan_pop_00073/track.npy,gtzan,0.9906542056074767,0.967921634591484,0.967921634591484,0.967921634591484,0.9814814814814815,0.9814814814814815,0.9814814814814815,0.9814814814814815,1.0,0.9709109240601,0.9709109240601,0.9709109240601,1.0,1.0,1.0,1.0,64.0,0.0,0.0,0.04255961441880263,16.0,0.0,0.0,0.01439902738243686,0.0,/media/mengh/SharedData/zhanh/auto_structbeat/caches/pilot/mscnn_final_last_gtzan/gtzan__gtzan_pop_00073__track.npy.npz
mscnn_gtzan,dbn_matched_30_300,gtzan/gtzan_pop_00074/track.npy,gtzan,0.9714285714285714,0.9397147422339823,0.9397147422339823,0.9397147422339823,1.0,1.0,1.0,1.0,1.0,0.9641516972040395,0.9641516972040395,0.9641516972040395,1.0,1.0,1.0,1.0,42.0,0.0,0.0,0.05556985115480487,10.0,0.0,0.0,0.006968669316093745,0.0,/media/mengh/SharedData/zhanh/auto_structbeat/caches/pilot/mscnn_final_last_gtzan/gtzan__gtzan_pop_00074__track.npy.npz
mscnn_gtzan,dbn_matched_30_300,gtzan/gtzan_pop_00075/track.npy,gtzan,1.0,0.9758207323262506,0.9758207323262506,0.9758207323262506,1.0,1.0,1.0,1.0,1.0,0.9783242273266515,0.9783242273266515,0.9783242273266515,1.0,1.0,1.0,1.0,47.0,0.0,0.0,0.05636602524798311,12.0,0.0,0.0,0.00784317746102684,0.0,/media/mengh/SharedData/zhanh/auto_structbeat/caches/pilot/mscnn_final_last_gtzan/gtzan__gtzan_pop_00075__track.npy.npz
mscnn_gtzan,dbn_matched_30_300,gtzan/gtzan_pop_00076/track.npy,gtzan,0.6376811594202898,0.4286721726720674,0.6755095934516926,0.55209088306188,0.0,0.0,0.9782608695652174,0.9782608695652174,0.6666666666666666,0.43466024153218896,0.5891097649992525,0.5118850032657207,0.0,0.0,0.9166666666666666,0.9166666666666666,55.0,0.0,0.0,0.07410797215372103,14.0,0.0,0.0,0.04037348164069449,0.0,/media/mengh/SharedData/zhanh/auto_structbeat/caches/pilot/mscnn_final_last_gtzan/gtzan__gtzan_pop_00076__track.npy.npz
mscnn_gtzan,dbn_matched_30_300,gtzan/gtzan_pop_00077/track.npy,gtzan,0.989247311827957,0.9075046403153856,0.9075046403153856,0.9075046403153856,0.9787234042553191,0.9787234042553191,0.9787234042553191,0.9787234042553191,0.9565217391304348,0.9076295647072845,0.9076295647072845,0.9076295647072845,0.9166666666666666,0.9166666666666666,0.9166666666666666,0.9166666666666666,56.0,0.0,0.0,0.07410797215372092,14.0,0.0,0.0,0.009216655104923754,0.0,/media/mengh/SharedData/zhanh/auto_structbeat/caches/pilot/mscnn_final_last_gtzan/gtzan__gtzan_pop_00077__track.npy.npz
mscnn_gtzan,dbn_matched_30_300,gtzan/gtzan_pop_00078/track.npy,gtzan,1.0,0.9546748825931758,0.9546748825931758,0.9546748825931758,1.0,1.0,1.0,1.0,1.0,0.9428026141752123,0.9428026141752123,0.9428026141752123,1.0,1.0,1.0,1.0,53.0,0.0,0.0,0.06899287148695371,14.0,0.0,0.0,0.033940296097991055,0.0,/media/mengh/SharedData/zhanh/auto_structbeat/caches/pilot/mscnn_final_last_gtzan/gtzan__gtzan_pop_00078__track.npy.npz
mscnn_gtzan,dbn_matched_30_300,gtzan/gtzan_pop_00079/track.npy,gtzan,1.0,0.9344602367825865,0.9344602367825865,0.9344602367825865,1.0,1.0,1.0,1.0,1.0,0.9487568492502129,0.9487568492502129,0.9487568492502129,1.0,1.0,1.0,1.0,56.0,0.0,0.0,0.03774032798285287,14.0,0.0,0.0,0.018771491093655703,0.0,/media/mengh/SharedData/zhanh/auto_structbeat/caches/pilot/mscnn_final_last_gtzan/gtzan__gtzan_pop_00079__track.npy.npz
mscnn_gtzan,dbn_matched_30_300,gtzan/gtzan_pop_00080/track.npy,gtzan,1.0,0.8979545022296599,0.8979545022296599,0.8979545022296599,1.0,1.0,1.0,1.0,1.0,0.9251483611873872,0.9251483611873872,0.9251483611873872,1.0,1.0,1.0,1.0,55.0,0.0,0.0,0.07410797215372356,14.0,0.0,0.0,0.018349138668196097,0.0,/media/mengh/SharedData/zhanh/auto_structbeat/caches/pilot/mscnn_final_last_gtzan/gtzan__gtzan_pop_00080__track.npy.npz
mscnn_gtzan,dbn_matched_30_300,gtzan/gtzan_pop_00081/track.npy,gtzan,1.0,0.9844537049419394,0.9844537049419394,0.9844537049419394,1.0,1.0,1.0,1.0,1.0,0.9863779572023929,0.9863779572023929,0.9863779572023929,1.0,1.0,1.0,1.0,36.0,0.0,0.0,0.024305822933019527,9.0,0.0,0.0,0.006079046076382988,0.0,/media/mengh/SharedData/zhanh/auto_structbeat/caches/pilot/mscnn_final_last_gtzan/gtzan__gtzan_pop_00081__track.npy.npz
mscnn_gtzan,dbn_matched_30_300,gtzan/gtzan_pop_00082/track.npy,gtzan,1.0,0.9592651253846438,0.9592651253846438,0.9592651253846438,1.0,1.0,1.0,1.0,1.0,0.9626637990894058,0.9626637990894058,0.9626637990894058,1.0,1.0,1.0,1.0,63.0,0.0,0.0,0.04255961441880263,16.0,0.0,0.0,0.010582109330538603,0.0,/media/mengh/SharedData/zhanh/auto_structbeat/caches/pilot/mscnn_final_last_gtzan/gtzan__gtzan_pop_00082__track.npy.npz
mscnn_gtzan,dbn_matched_30_300,gtzan/gtzan_pop_00083/track.npy,gtzan,1.0,0.9613453081072282,0.9613453081072282,0.9613453081072282,1.0,1.0,1.0,1.0,1.0,0.9607922488774874,0.9607922488774874,0.9607922488774874,1.0,1.0,1.0,1.0,62.0,0.0,0.0,0.08534264459671492,16.0,0.0,0.0,0.01036278703554816,0.0,/media/mengh/SharedData/zhanh/auto_structbeat/caches/pilot/mscnn_final_last_gtzan/gtzan__gtzan_pop_00083__track.npy.npz
mscnn_gtzan,dbn_matched_30_300,gtzan/gtzan_pop_00084/track.npy,gtzan,1.0,0.9523669593923028,0.9523669593923028,0.9523669593923028,1.0,1.0,1.0,1.0,1.0,0.9587095016186172,0.9587095016186172,0.9587095016186172,1.0,1.0,1.0,1.0,50.0,0.0,0.0,0.06669137449867565,12.0,0.0,0.0,0.016667052485210738,0.0,/media/mengh/SharedData/zhanh/auto_structbeat/caches/pilot/mscnn_final_last_gtzan/gtzan__gtzan_pop_00084__track.npy.npz
mscnn_gtzan,dbn_matched_30_300,gtzan/gtzan_pop_00085/track.npy,gtzan,1.0,0.9702922165682318,0.9702922165682318,0.9702922165682318,1.0,1.0,1.0,1.0,1.0,0.9422415257599769,0.9422415257599769,0.9422415257599769,1.0,1.0,1.0,1.0,60.0,0.0,0.0,0.0800427076735365,15.0,0.0,0.0,0.014030468194768905,0.0,/media/mengh/SharedData/zhanh/auto_structbeat/caches/pilot/mscnn_final_last_gtzan/gtzan__gtzan_pop_00085__track.npy.npz
mscnn_gtzan,dbn_matched_30_300,gtzan/gtzan_pop_00086/track.npy,gtzan,1.0,0.9736958931023165,0.9736958931023165,0.9736958931023165,1.0,1.0,1.0,1.0,1.0,0.9748022585070037,0.9748022585070037,0.9748022585070037,1.0,1.0,1.0,1.0,66.0,0.0,0.0,0.08062743482680941,17.0,0.0,0.0,0.02197890671877578,0.0,/media/mengh/SharedData/zhanh/auto_structbeat/caches/pilot/mscnn_final_last_gtzan/gtzan__gtzan_pop_00086__track.npy.npz
mscnn_gtzan,dbn_matched_30_300,gtzan/gtzan_pop_00087/track.npy,gtzan,0.9523809523809523,0.8274757551569133,0.8274757551569133,0.8274757551569133,1.0,1.0,1.0,1.0,0.9090909090909091,0.8087664358617856,0.8087664358617856,0.8087664358617856,1.0,1.0,1.0,1.0,51.0,0.0,0.0,0.05543225081667845,13.0,0.0,0.0,0.012876248051207406,0.0,/media/mengh/SharedData/zhanh/auto_structbeat/caches/pilot/mscnn_final_last_gtzan/gtzan__gtzan_pop_00087__track.npy.npz
mscnn_gtzan,dbn_matched_30_300,gtzan/gtzan_pop_00088/track.npy,gtzan,1.0,0.9447359837534188,0.9447359837534188,0.9447359837534188,1.0,1.0,1.0,1.0,1.0,0.9265041840256183,0.9265041840256183,0.9265041840256183,1.0,1.0,1.0,1.0,50.0,0.0,0.0,0.06669137449867374,12.0,0.0,0.0,0.012901340133480434,0.0,/media/mengh/SharedData/zhanh/auto_structbeat/caches/pilot/mscnn_final_last_gtzan/gtzan__gtzan_pop_00088__track.npy.npz
mscnn_gtzan,dbn_matched_30_300,gtzan/gtzan_pop_00089/track.npy,gtzan,1.0,0.974151718705154,0.974151718705154,0.974151718705154,1.0,1.0,1.0,1.0,1.0,0.9767715186446043,0.9767715186446043,0.9767715186446043,1.0,1.0,1.0,1.0,50.0,0.0,0.0,0.033901551675681985,13.0,0.0,0.0,0.008368249670517858,0.0,/media/mengh/SharedData/zhanh/auto_structbeat/caches/pilot/mscnn_final_last_gtzan/gtzan__gtzan_pop_00089__track.npy.npz
mscnn_gtzan,dbn_matched_30_300,gtzan/gtzan_pop_00090/track.npy,gtzan,1.0,0.9324881667991608,0.9324881667991608,0.9324881667991608,1.0,1.0,1.0,1.0,1.0,0.91809833596865,0.91809833596865,0.91809833596865,1.0,1.0,1.0,1.0,51.0,0.0,0.0,0.03390155167568665,13.0,0.0,0.0,0.008510689667908633,0.0,/media/mengh/SharedData/zhanh/auto_structbeat/caches/pilot/mscnn_final_last_gtzan/gtzan__gtzan_pop_00090__track.npy.npz
mscnn_gtzan,dbn_matched_30_300,gtzan/gtzan_pop_00091/track.npy,gtzan,1.0,0.9444925297780876,0.9444925297780876,0.9444925297780876,1.0,1.0,1.0,1.0,1.0,0.9600775450935126,0.9600775450935126,0.9600775450935126,1.0,1.0,1.0,1.0,58.0,0.0,0.0,0.07696104113612698,14.0,0.0,0.0,0.009569451016152253,0.0,/media/mengh/SharedData/zhanh/auto_structbeat/caches/pilot/mscnn_final_last_gtzan/gtzan__gtzan_pop_00091__track.npy.npz
mscnn_gtzan,dbn_matched_30_300,gtzan/gtzan_pop_00092/track.npy,gtzan,1.0,0.9090998329940888,0.9090998329940888,0.9090998329940888,1.0,1.0,1.0,1.0,1.0,0.9109323833749028,0.9109323833749028,0.9109323833749028,1.0,1.0,1.0,1.0,55.0,0.0,0.0,0.05122778238256706,13.0,0.0,0.0,0.027358391419535444,0.0,/media/mengh/SharedData/zhanh/auto_structbeat/caches/pilot/mscnn_final_last_gtzan/gtzan__gtzan_pop_00092__track.npy.npz
mscnn_gtzan,dbn_matched_30_300,gtzan/gtzan_pop_00093/track.npy,gtzan,1.0,0.9677583673626583,0.9677583673626583,0.9677583673626583,1.0,1.0,1.0,1.0,1.0,0.9611419568079151,0.9611419568079151,0.9611419568079151,1.0,1.0,1.0,1.0,67.0,0.0,0.0,0.09097177820572426,17.0,0.0,0.0,0.03352269203864294,0.0,/media/mengh/SharedData/zhanh/auto_structbeat/caches/pilot/mscnn_final_last_gtzan/gtzan__gtzan_pop_00093__track.npy.npz
mscnn_gtzan,dbn_matched_30_300,gtzan/gtzan_pop_00094/track.npy,gtzan,0.9032258064516129,0.8741769490822338,0.8741769490822338,0.8741769490822338,1.0,1.0,1.0,1.0,0.875,0.866468008255799,0.866468008255799,0.866468008255799,1.0,1.0,1.0,1.0,38.0,0.0,0.0,0.07796154146970669,9.0,0.0,0.0,0.04447180172274037,0.0,/media/mengh/SharedData/zhanh/auto_structbeat/caches/pilot/mscnn_final_last_gtzan/gtzan__gtzan_pop_00094__track.npy.npz
mscnn_gtzan,dbn_matched_30_300,gtzan/gtzan_pop_00095/track.npy,gtzan,1.0,0.9558978427614826,0.9558978427614826,0.9558978427614826,1.0,1.0,1.0,1.0,1.0,0.9333739475793632,0.9333739475793632,0.9333739475793632,1.0,1.0,1.0,1.0,53.0,0.0,0.0,0.0689928714869511,14.0,0.0,0.0,0.03032938530255686,0.0,/media/mengh/SharedData/zhanh/auto_structbeat/caches/pilot/mscnn_final_last_gtzan/gtzan__gtzan_pop_00095__track.npy.npz
mscnn_gtzan,dbn_matched_30_300,gtzan/gtzan_pop_00096/track.npy,gtzan,1.0,0.9686073059732415,0.9686073059732415,0.9686073059732415,1.0,1.0,1.0,1.0,1.0,0.9711064247811336,0.9711064247811336,0.9711064247811336,1.0,1.0,1.0,1.0,46.0,0.0,0.0,0.06062462181643358,12.0,0.0,0.0,0.011755562484679603,0.0,/media/mengh/SharedData/zhanh/auto_structbeat/caches/pilot/mscnn_final_last_gtzan/gtzan__gtzan_pop_00096__track.npy.npz
mscnn_gtzan,dbn_matched_30_300,gtzan/gtzan_pop_00097/track.npy,gtzan,1.0,0.9190977959769793,0.9190977959769793,0.9190977959769793,1.0,1.0,1.0,1.0,1.0,0.9160786971858164,0.9160786971858164,0.9160786971858164,1.0,1.0,1.0,1.0,50.0,0.0,0.0,0.033512446577241485,12.0,0.0,0.0,0.016529301951211717,0.0,/media/mengh/SharedData/zhanh/auto_structbeat/caches/pilot/mscnn_final_last_gtzan/gtzan__gtzan_pop_00097__track.npy.npz
mscnn_gtzan,dbn_matched_30_300,gtzan/gtzan_pop_00098/track.npy,gtzan,1.0,0.9836653498223508,0.9836653498223508,0.9836653498223508,1.0,1.0,1.0,1.0,1.0,0.9816087887442295,0.9816087887442295,0.9816087887442295,1.0,1.0,1.0,1.0,57.0,0.0,0.0,0.07696104113612702,15.0,0.0,0.0,0.009569451016152253,0.0,/media/mengh/SharedData/zhanh/auto_structbeat/caches/pilot/mscnn_final_last_gtzan/gtzan__gtzan_pop_00098__track.npy.npz
mscnn_gtzan,dbn_matched_30_300,gtzan/gtzan_pop_00099/track.npy,gtzan,1.0,0.9591289884773847,0.9591289884773847,0.9591289884773847,1.0,1.0,1.0,1.0,1.0,0.9742927401939958,0.9742927401939958,0.9742927401939958,1.0,1.0,1.0,1.0,39.0,0.0,0.0,0.05264373348542556,10.0,0.0,0.0,0.006600684031352666,0.0,/media/mengh/SharedData/zhanh/auto_structbeat/caches/pilot/mscnn_final_last_gtzan/gtzan__gtzan_pop_00099__track.npy.npz
mscnn_gtzan,dbn_matched_30_300,gtzan/gtzan_reggae_00000/track.npy,gtzan,1.0,0.9537984873020909,0.9537984873020909,0.9537984873020909,1.0,1.0,1.0,1.0,0.0,4.983949403747804e-32,5.06995879775788e-32,5.026954100752842e-32,0.0,0.0,0.0,0.0,61.0,0.0,0.0,0.08338160893904942,16.0,0.0,0.0,0.020408871631205482,0.0,/media/mengh/SharedData/zhanh/auto_structbeat/caches/pilot/mscnn_final_last_gtzan/gtzan__gtzan_reggae_00000__track.npy.npz
mscnn_gtzan,dbn_matched_30_300,gtzan/gtzan_reggae_00001/track.npy,gtzan,0.9538461538461539,0.8898380439550735,0.8898380439550735,0.8898380439550735,0.9696969696969697,0.9696969696969697,0.9696969696969697,0.9696969696969697,1.0,0.8814080392951804,0.8814080392951804,0.8814080392951804,1.0,1.0,1.0,1.0,39.0,0.0,0.0,0.057707295082280397,9.0,0.0,0.0,0.023890944526241117,0.0,/media/mengh/SharedData/zhanh/auto_structbeat/caches/pilot/mscnn_final_last_gtzan/gtzan__gtzan_reggae_00001__track.npy.npz
mscnn_gtzan,dbn_matched_30_300,gtzan/gtzan_reggae_00002/track.npy,gtzan,0.6666666666666666,0.636863088815708,0.9552946331765342,0.7960788609961211,0.0,0.0,1.0,1.0,0.6666666666666666,0.6401865859626193,0.9602798789439291,0.8002332324532742,0.0,0.0,1.0,1.0,51.0,0.0,0.0,0.06899287148695096,13.0,0.0,0.0,0.012949934588810275,0.0,/media/mengh/SharedData/zhanh/auto_structbeat/caches/pilot/mscnn_final_last_gtzan/gtzan__gtzan_reggae_00002__track.npy.npz
mscnn_gtzan,dbn_matched_30_300,gtzan/gtzan_reggae_00003/track.npy,gtzan,0.991869918699187,0.9545249591040424,0.9545249591040424,0.9545249591040424,0.9838709677419355,0.9838709677419355,0.9838709677419355,0.9838709677419355,0.0,7.219037149568895e-86,0.9202812936650452,0.4601406468325226,0.0,0.0,0.9333333333333333,0.9333333333333333,75.0,0.0,0.0,0.04979141625667987,19.0,0.0,0.0,0.01487653851691996,0.0,/media/mengh/SharedData/zhanh/auto_structbeat/caches/pilot/mscnn_final_last_gtzan/gtzan__gtzan_reggae_00003__track.npy.npz
mscnn_gtzan,dbn_matched_30_300,gtzan/gtzan_reggae_00004/track.npy,gtzan,0.9807692307692307,0.9457283574093762,0.9457283574093762,0.9457283574093762,0.9807692307692307,0.9807692307692307,0.9807692307692307,0.9807692307692307,1.0,0.9723828976710792,0.9723828976710792,0.9723828976710792,1.0,1.0,1.0,1.0,63.0,0.0,0.0,0.08338160893905022,16.0,0.0,0.0,0.01036278703554816,0.0,/media/mengh/SharedData/zhanh/auto_structbeat/caches/pilot/mscnn_final_last_gtzan/gtzan__gtzan_reggae_00004__track.npy.npz
mscnn_gtzan,dbn_matched_30_300,gtzan/gtzan_reggae_00005/track.npy,gtzan,0.8596491228070176,0.8009397445079628,0.8009397445079628,0.8009397445079628,0.47692307692307695,0.47692307692307695,0.47692307692307695,0.47692307692307695,0.5714285714285715,0.5368714037576667,0.5368714037576667,0.5368714037576667,0.4375,0.4375,0.4375,0.4375,56.0,0.0,0.0,0.105360515657833,14.0,0.0,0.0,0.3470007153623223,0.0,/media/mengh/SharedData/zhanh/auto_structbeat/caches/pilot/mscnn_final_last_gtzan/gtzan__gtzan_reggae_00005__track.npy.npz
mscnn_gtzan,dbn_matched_30_300,gtzan/gtzan_reggae_00006/track.npy,gtzan,1.0,0.9544680054173147,0.9544680054173147,0.9544680054173147,1.0,1.0,1.0,1.0,0.0,1.179172629827872e-82,0.9636265268097447,0.48181326340487235,0.0,0.0,1.0,1.0,75.0,0.0,0.0,0.1000834585569832,18.0,0.0,0.0,0.028186058649775497,0.0,/media/mengh/SharedData/zhanh/auto_structbeat/caches/pilot/mscnn_final_last_gtzan/gtzan__gtzan_reggae_00006__track.npy.npz
mscnn_gtzan,dbn_matched_30_300,gtzan/gtzan_reggae_00007/track.npy,gtzan,0.9841269841269841,0.9340614051273771,0.9340614051273771,0.9340614051273771,0.96875,0.96875,0.96875,0.96875,1.0,0.9246761265677953,0.9246761265677953,0.9246761265677953,1.0,1.0,1.0,1.0,76.0,0.0,0.0,0.10008345855698145,19.0,0.0,0.0,0.04083562913366564,0.0,/media/mengh/SharedData/zhanh/auto_structbeat/caches/pilot/mscnn_final_last_gtzan/gtzan__gtzan_reggae_00007__track.npy.npz
mscnn_gtzan,dbn_matched_30_300,gtzan/gtzan_reggae_00008/track.npy,gtzan,0.48148148148148145,0.4506823459636171,0.4506823459636171,0.4506823459636171,0.0,0.0,0.0,0.0,0.42857142857142855,0.39229099944056905,0.39229099944056905,0.39229099944056905,0.0,0.0,0.0,0.0,33.0,0.0,0.0,0.04348511193974177,9.0,0.0,0.0,0.016121103875852527,0.0,/media/mengh/SharedData/zhanh/auto_structbeat/caches/pilot/mscnn_final_last_gtzan/gtzan__gtzan_reggae_00008__track.npy.npz
mscnn_gtzan,dbn_matched_30_300,gtzan/gtzan_reggae_00009/track.npy,gtzan,1.0,0.9503384457003483,0.9503384457003483,0.9503384457003483,1.0,1.0,1.0,1.0,1.0,0.9422328359499855,0.9422328359499855,0.9422328359499855,1.0,1.0,1.0,1.0,79.0,0.0,0.0,0.10536051565782731,20.0,0.0,0.0,0.026317308317374,0.0,/media/mengh/SharedData/zhanh/auto_structbeat/caches/pilot/mscnn_final_last_gtzan/gtzan__gtzan_reggae_00009__track.npy.npz
mscnn_gtzan,dbn_matched_30_300,gtzan/gtzan_reggae_00010/track.npy,gtzan,1.0,0.9147892357933918,0.9147892357933918,0.9147892357933918,1.0,1.0,1.0,1.0,1.0,0.9203275105068255,0.9203275105068255,0.9203275105068255,1.0,1.0,1.0,1.0,57.0,0.0,0.0,0.07696104113612678,14.0,0.0,0.0,0.03247712992396433,0.0,/media/mengh/SharedData/zhanh/auto_structbeat/caches/pilot/mscnn_final_last_gtzan/gtzan__gtzan_reggae_00010__track.npy.npz
mscnn_gtzan,dbn_matched_30_300,gtzan/gtzan_reggae_00011/track.npy,gtzan,1.0,0.9483671919508698,0.9483671919508698,0.9483671919508698,1.0,1.0,1.0,1.0,0.0,1.1698876809647746e-118,0.9552582790872494,0.4776291395436247,0.0,0.0,1.0,1.0,63.0,0.0,0.0,0.04255961441880263,16.0,0.0,0.0,0.014170301480844923,0.0,/media/mengh/SharedData/zhanh/auto_structbeat/caches/pilot/mscnn_final_last_gtzan/gtzan__gtzan_reggae_00011__track.npy.npz
mscnn_gtzan,dbn_matched_30_300,gtzan/gtzan_reggae_00012/track.npy,gtzan,0.6625766871165644,0.5651677339629168,0.828049213421538,0.6966084736922273,0.0,0.0,0.8363636363636363,0.9454545454545454,0.5499999999999999,0.504009665649978,0.7753994856153508,0.6397045756326644,0.0,0.0,0.9230769230769231,0.9230769230769231,65.0,0.0,0.0,0.09097177820572866,16.0,0.0,0.0,0.11429151481767971,0.0,/media/mengh/SharedData/zhanh/auto_structbeat/caches/pilot/mscnn_final_last_gtzan/gtzan__gtzan_reggae_00012__track.npy.npz
mscnn_gtzan,dbn_matched_30_300,gtzan/gtzan_reggae_00013/track.npy,gtzan,1.0,0.9718720475119867,0.9718720475119867,0.9718720475119867,1.0,1.0,1.0,1.0,1.0,0.9622334907299785,0.9622334907299785,0.9622334907299785,1.0,1.0,1.0,1.0,62.0,0.0,0.0,0.08338160893905111,16.0,0.0,0.0,0.024172617215142057,0.0,/media/mengh/SharedData/zhanh/auto_structbeat/caches/pilot/mscnn_final_last_gtzan/gtzan__gtzan_reggae_00013__track.npy.npz
mscnn_gtzan,dbn_matched_30_300,gtzan/gtzan_reggae_00014/track.npy,gtzan,0.9908256880733944,0.7368831423116766,0.7368831423116766,0.7368831423116766,0.9818181818181818,0.9818181818181818,0.9818181818181818,0.9818181818181818,0.0,1.3768589036229139e-102,0.7262420263713052,0.3631210131856526,0.0,0.0,0.9285714285714286,0.9285714285714286,66.0,0.0,0.0,0.0870113769896296,17.0,0.0,0.0,0.021739986636406406,0.0,/media/mengh/SharedData/zhanh/auto_structbeat/caches/pilot/mscnn_final_last_gtzan/gtzan__gtzan_reggae_00014__track.npy.npz
mscnn_gtzan,dbn_matched_30_300,gtzan/gtzan_reggae_00015/track.npy,gtzan,1.0,0.8621271167981165,0.8621271167981165,0.8621271167981165,1.0,1.0,1.0,1.0,0.0,6.991892622302598e-28,6.991892622302598e-28,6.991892622302598e-28,0.0,0.0,0.0,0.0,63.0,0.0,0.0,0.08338160893904922,16.0,0.0,0.0,0.01424706428409004,0.0,/media/mengh/SharedData/zhanh/auto_structbeat/caches/pilot/mscnn_final_last_gtzan/gtzan__gtzan_reggae_00015__track.npy.npz
mscnn_gtzan,dbn_matched_30_300,gtzan/gtzan_reggae_00016/track.npy,gtzan,0.627906976744186,0.5714337649966599,0.7940649218528133,0.6827493434247366,0.0,0.0,0.4827586206896552,0.7931034482758621,0.4761904761904762,0.43472432815561846,0.43472432815561846,0.43472432815561846,0.0,0.0,0.42857142857142855,0.42857142857142855,34.0,0.0,0.0,0.18187753149568148,9.0,0.0,0.0,0.3028224418599752,0.0,/media/mengh/SharedData/zhanh/auto_structbeat/caches/pilot/mscnn_final_last_gtzan/gtzan__gtzan_reggae_00016__track.npy.npz
mscnn_gtzan,dbn_matched_30_300,gtzan/gtzan_reggae_00017/track.npy,gtzan,0.9904761904761905,0.6794713732612799,0.6794713732612799,0.6794713732612799,0.9811320754716981,0.9811320754716981,0.9811320754716981,0.9811320754716981,0.0,1.8546168874816713e-34,7.638020973425139e-26,3.819010495985654e-26,0.0,0.0,0.0,0.0,63.0,0.0,0.0,0.04255961441880263,16.0,0.0,0.0,0.02468038466027452,0.0,/media/mengh/SharedData/zhanh/auto_structbeat/caches/pilot/mscnn_final_last_gtzan/gtzan__gtzan_reggae_00017__track.npy.npz
mscnn_gtzan,dbn_matched_30_300,gtzan/gtzan_reggae_00018/track.npy,gtzan,0.9922480620155039,0.8468776878022133,0.8468776878022133,0.8468776878022133,0.9846153846153847,0.9846153846153847,0.9846153846153847,0.9846153846153847,0.0,8.736956879351473e-73,0.8039068573392792,0.4019534286696396,0.0,0.0,0.9375,0.9375,78.0,0.0,0.0,0.10536051565782967,19.0,0.0,0.0,0.025975486403260594,0.0,/media/mengh/SharedData/zhanh/auto_structbeat/caches/pilot/mscnn_final_last_gtzan/gtzan__gtzan_reggae_00018__track.npy.npz
mscnn_gtzan,dbn_matched_30_300,gtzan/gtzan_reggae_00019/track.npy,gtzan,0.6666666666666666,0.5942007598427121,0.8913011397640683,0.7427509498033902,0.0,0.0,1.0,1.0,0.6363636363636364,0.5278793308053165,0.8295246626940687,0.6787019967496926,0.0,0.0,1.0,1.0,36.0,0.0,0.0,0.04879016416943226,9.0,0.0,0.0,0.006116227017436393,0.0,/media/mengh/SharedData/zhanh/auto_structbeat/caches/pilot/mscnn_final_last_gtzan/gtzan__gtzan_reggae_00019__track.npy.npz
mscnn_gtzan,dbn_matched_30_300,gtzan/gtzan_reggae_00020/track.npy,gtzan,1.0,0.9644147700128435,0.9644147700128435,0.9644147700128435,1.0,1.0,1.0,1.0,1.0,0.9662347576088935,0.9662347576088935,0.9662347576088935,1.0,1.0,1.0,1.0,63.0,0.0,0.0,0.08338160893905311,16.0,0.0,0.0,0.03186756399750234,0.0,/media/mengh/SharedData/zhanh/auto_structbeat/caches/pilot/mscnn_final_last_gtzan/gtzan__gtzan_reggae_00020__track.npy.npz
mscnn_gtzan,dbn_matched_30_300,gtzan/gtzan_reggae_00021/track.npy,gtzan,0.9692307692307692,0.80524824133756,0.80524824133756,0.80524824133756,0.8615384615384616,0.9538461538461539,0.8615384615384616,0.9538461538461539,0.0,4.80411902395365e-72,0.7710681272425505,0.38553406362127524,0.0,0.0,0.9375,0.9375,77.0,0.0,0.0,0.10536051565782678,19.0,0.0,0.0,0.026317308317372834,0.0,/media/mengh/SharedData/zhanh/auto_structbeat/caches/pilot/mscnn_final_last_gtzan/gtzan__gtzan_reggae_00021__track.npy.npz
mscnn_gtzan,dbn_matched_30_300,gtzan/gtzan_reggae_00022/track.npy,gtzan,0.9310344827586207,0.8873229964785538,0.8873229964785538,0.8873229964785538,0.7377049180327869,0.7377049180327869,0.7377049180327869,0.7377049180327869,0.13333333333333333,0.12472997245911935,0.1700863260806173,0.14740814926986834,0.0,0.0,0.14285714285714285,0.14285714285714285,61.0,0.0,0.0,0.10008345855698031,16.0,0.0,0.0,0.3095914211927575,0.0,/media/mengh/SharedData/zhanh/auto_structbeat/caches/pilot/mscnn_final_last_gtzan/gtzan__gtzan_reggae_00022__track.npy.npz
mscnn_gtzan,dbn_matched_30_300,gtzan/gtzan_reggae_00023/track.npy,gtzan,1.0,0.9331871252579468,0.9331871252579468,0.9331871252579468,1.0,1.0,1.0,1.0,0.0,2.7430193672277977e-111,0.9379165086637731,0.46895825433188654,0.0,0.0,1.0,1.0,65.0,0.0,0.0,0.0870113769896295,16.0,0.0,0.0,0.014554267295078617,0.0,/media/mengh/SharedData/zhanh/auto_structbeat/caches/pilot/mscnn_final_last_gtzan/gtzan__gtzan_reggae_00023__track.npy.npz
mscnn_gtzan,dbn_matched_30_300,gtzan/gtzan_reggae_00024/track.npy,gtzan,0.9911504424778761,0.9099140449536083,0.9099140449536083,0.9099140449536083,0.9824561403508771,0.9824561403508771,0.9824561403508771,0.9824561403508771,0.9655172413793104,0.8961416936336117,0.8961416936336117,0.8961416936336117,0.9333333333333333,0.9333333333333333,0.9333333333333333,0.9333333333333333,69.0,0.0,0.0,0.04810911960907177,18.0,0.0,0.0,0.0346855579878903,0.0,/media/mengh/SharedData/zhanh/auto_structbeat/caches/pilot/mscnn_final_last_gtzan/gtzan__gtzan_reggae_00024__track.npy.npz
mscnn_gtzan,dbn_matched_30_300,gtzan/gtzan_reggae_00025/track.npy,gtzan,0.98989898989899,0.9284313464398675,0.9284313464398675,0.9284313464398675,0.98,0.98,0.98,0.98,0.9600000000000001,0.8741038712200225,0.8741038712200225,0.8741038712200225,0.9230769230769231,0.9230769230769231,0.9230769230769231,0.9230769230769231,60.0,0.0,0.0,0.04818207840700627,15.0,0.0,0.0,0.020285173042994355,0.0,/media/mengh/SharedData/zhanh/auto_structbeat/caches/pilot/mscnn_final_last_gtzan/gtzan__gtzan_reggae_00025__track.npy.npz
mscnn_gtzan,dbn_matched_30_300,gtzan/gtzan_reggae_00026/track.npy,gtzan,0.9913043478260869,0.8244862993849754,0.8244862993849754,0.8244862993849754,0.9827586206896551,0.9827586206896551,0.9827586206896551,0.9827586206896551,0.9655172413793104,0.8964856227762756,0.8964856227762756,0.8964856227762756,0.9333333333333333,0.9333333333333333,0.9333333333333333,0.9333333333333333,69.0,0.0,0.0,0.09097177820571678,18.0,0.0,0.0,0.026014968621338952,0.0,/media/mengh/SharedData/zhanh/auto_structbeat/caches/pilot/mscnn_final_last_gtzan/gtzan__gtzan_reggae_00026__track.npy.npz
mscnn_gtzan,dbn_matched_30_300,gtzan/gtzan_reggae_00027/track.npy,gtzan,0.9824561403508771,0.7731693638628269,0.7731693638628269,0.7731693638628269,0.9824561403508771,0.9824561403508771,0.9824561403508771,0.9824561403508771,1.0,0.7644632790898794,0.7644632790898794,0.7644632790898794,1.0,1.0,1.0,1.0,68.0,0.0,0.0,0.09097177820572627,17.0,0.0,0.0,0.04460165015826437,0.0,/media/mengh/SharedData/zhanh/auto_structbeat/caches/pilot/mscnn_final_last_gtzan/gtzan__gtzan_reggae_00027__track.npy.npz
mscnn_gtzan,dbn_matched_30_300,gtzan/gtzan_reggae_00028/track.npy,gtzan,0.9516129032258065,0.8986776465814623,0.8986776465814623,0.8986776465814623,0.8153846153846154,0.8153846153846154,0.8153846153846154,0.8153846153846154,0.967741935483871,0.8689752067338581,0.8689752067338581,0.8689752067338581,0.8125,0.8125,0.8125,0.8125,66.0,0.0,0.0,0.10536051565782822,17.0,0.0,0.0,0.22248120745275807,0.0,/media/mengh/SharedData/zhanh/auto_structbeat/caches/pilot/mscnn_final_last_gtzan/gtzan__gtzan_reggae_00028__track.npy.npz
mscnn_gtzan,dbn_matched_30_300,gtzan/gtzan_reggae_00029/track.npy,gtzan,1.0,0.9331214499324445,0.9331214499324445,0.9331214499324445,1.0,1.0,1.0,1.0,1.0,0.9225453403009037,0.9225453403009037,0.9225453403009037,1.0,1.0,1.0,1.0,75.0,0.0,0.0,0.10008345855698197,19.0,0.0,0.0,0.025001302205418963,0.0,/media/mengh/SharedData/zhanh/auto_structbeat/caches/pilot/mscnn_final_last_gtzan/gtzan__gtzan_reggae_00029__track.npy.npz
mscnn_gtzan,dbn_matched_30_300,gtzan/gtzan_reggae_00030/track.npy,gtzan,1.0,0.955740558843507,0.955740558843507,0.955740558843507,1.0,1.0,1.0,1.0,0.0,1.1255309441110375e-20,1.1255309441110375e-20,1.1255309441110375e-20,0.0,0.0,0.0,0.0,76.0,0.0,0.0,0.10008345855698919,19.0,0.0,0.0,0.025317807984290674,0.0,/media/mengh/SharedData/zhanh/auto_structbeat/caches/pilot/mscnn_final_last_gtzan/gtzan__gtzan_reggae_00030__track.npy.npz
mscnn_gtzan,dbn_matched_30_300,gtzan/gtzan_reggae_00031/track.npy,gtzan,0.6666666666666666,0.643661096080119,0.9654916441201785,0.8045763701001487,0.0,0.0,1.0,1.0,0.6666666666666666,0.6303932452606608,0.9455898678909911,0.787991556575826,0.0,0.0,1.0,1.0,40.0,0.0,0.0,0.05285725665314973,10.0,0.0,0.0,0.013245226750020489,0.0,/media/mengh/SharedData/zhanh/auto_structbeat/caches/pilot/mscnn_final_last_gtzan/gtzan__gtzan_reggae_00031__track.npy.npz
mscnn_gtzan,dbn_matched_30_300,gtzan/gtzan_reggae_00032/track.npy,gtzan,0.976,0.9254615382000019,0.9254615382000019,0.9254615382000019,0.9682539682539683,0.9682539682539683,0.9682539682539683,0.9682539682539683,0.967741935483871,0.9166988929016132,0.9166988929016132,0.9166988929016132,0.9375,0.9375,0.9375,0.9375,74.0,0.0,0.0,0.10008345855698302,18.0,0.0,0.0,0.02500130220541652,0.0,/media/mengh/SharedData/zhanh/auto_structbeat/caches/pilot/mscnn_final_last_gtzan/gtzan__gtzan_reggae_00032__track.npy.npz
mscnn_gtzan,dbn_matched_30_300,gtzan/gtzan_reggae_00033/track.npy,gtzan,0.9863013698630138,0.9449288940018463,0.9449288940018463,0.9449288940018463,0.972972972972973,0.972972972972973,0.972972972972973,0.972972972972973,1.0,0.9703442451175373,0.9703442451175373,0.9703442451175373,1.0,1.0,1.0,1.0,44.0,0.0,0.0,0.05884050002293223,11.0,0.0,0.0,0.0189738873926621,0.0,/media/mengh/SharedData/zhanh/auto_structbeat/caches/pilot/mscnn_final_last_gtzan/gtzan__gtzan_reggae_00033__track.npy.npz
mscnn_gtzan,dbn_matched_30_300,gtzan/gtzan_reggae_00034/track.npy,gtzan,0.6722689075630253,0.6509789058820736,0.9683311224993998,0.8096550141907367,0.0,0.0,1.0,1.0,0.6666666666666666,0.6367799666526973,0.9551699499790459,0.7959749583158716,0.0,0.0,1.0,1.0,47.0,0.0,0.0,0.06252035698133387,12.0,0.0,0.0,0.01212335470415626,0.0,/media/mengh/SharedData/zhanh/auto_structbeat/caches/pilot/mscnn_final_last_gtzan/gtzan__gtzan_reggae_00034__track.npy.npz
mscnn_gtzan,dbn_matched_30_300,gtzan/gtzan_reggae_00035/track.npy,gtzan,0.9119999999999999,0.8488038438794702,0.8488038438794702,0.8488038438794702,0.6617647058823529,0.6617647058823529,0.6617647058823529,0.6617647058823529,0.0,1.4212519666993282e-61,0.7671552217159388,0.3835776108579694,0.0,0.0,0.625,0.625,63.0,0.0,0.0,0.05556985115481089,16.0,0.0,0.0,0.23904828471302553,0.0,/media/mengh/SharedData/zhanh/auto_structbeat/caches/pilot/mscnn_final_last_gtzan/gtzan__gtzan_reggae_00035__track.npy.npz
mscnn_gtzan,dbn_matched_30_300,gtzan/gtzan_reggae_00036/track.npy,gtzan,0.6545454545454545,0.6161245696528479,0.9158608467755485,0.7659927082141982,0.0,0.0,0.972972972972973,0.972972972972973,0.6666666666666666,0.6136902805350231,0.9205354208025346,0.7671128506687788,0.0,0.0,1.0,1.0,44.0,0.0,0.0,0.05734785186544833,11.0,0.0,0.0,0.0072517547868427455,0.0,/media/mengh/SharedData/zhanh/auto_structbeat/caches/pilot/mscnn_final_last_gtzan/gtzan__gtzan_reggae_00036__track.npy.npz
mscnn_gtzan,dbn_matched_30_300,gtzan/gtzan_reggae_00037/track.npy,gtzan,0.984375,0.959288091658894,0.959288091658894,0.959288091658894,0.984375,0.984375,0.984375,0.984375,1.0,0.9690119591501364,0.9690119591501364,0.9690119591501364,1.0,1.0,1.0,1.0,77.0,0.0,0.0,0.10008345855698617,19.0,0.0,0.0,0.028158187054711282,0.0,/media/mengh/SharedData/zhanh/auto_structbeat/caches/pilot/mscnn_final_last_gtzan/gtzan__gtzan_reggae_00037__track.npy.npz
mscnn_gtzan,dbn_matched_30_300,gtzan/gtzan_reggae_00038/track.npy,gtzan,1.0,0.9476599612797365,0.9476599612797365,0.9476599612797365,1.0,1.0,1.0,1.0,0.0,4.647610007667323e-210,0.9068714548051156,0.4534357274025578,0.0,0.0,0.9,0.9,48.0,0.0,0.0,0.05482744231465003,12.0,0.0,0.0,0.012316018378089363,0.0,/media/mengh/SharedData/zhanh/auto_structbeat/caches/pilot/mscnn_final_last_gtzan/gtzan__gtzan_reggae_00038__track.npy.npz
mscnn_gtzan,dbn_matched_30_300,gtzan/gtzan_reggae_00039/track.npy,gtzan,0.96,0.8197593807544729,0.8197593807544729,0.8197593807544729,0.90625,0.90625,0.90625,0.90625,0.967741935483871,0.7972482850045297,0.7972482850045297,0.7972482850045297,0.9375,0.9375,0.9375,0.9375,68.0,0.0,0.0,0.07354883607272203,17.0,0.0,0.0,0.2666956242241494,0.0,/media/mengh/SharedData/zhanh/auto_structbeat/caches/pilot/mscnn_final_last_gtzan/gtzan__gtzan_reggae_00039__track.npy.npz
mscnn_gtzan,dbn_matched_30_300,gtzan/gtzan_reggae_00040/track.npy,gtzan,0.7466666666666666,0.5939404275276867,0.5939404275276867,0.5939404275276867,0.6923076923076923,0.6923076923076923,0.6923076923076923,0.6923076923076923,0.6666666666666666,0.4886800536683881,0.4886800536683881,0.4886800536683881,0.7777777777777778,0.7777777777777778,0.7777777777777778,0.7777777777777778,43.0,0.0,0.0,0.11778303565638354,11.0,0.0,0.0,0.10375730709881101,0.0,/media/mengh/SharedData/zhanh/auto_structbeat/caches/pilot/mscnn_final_last_gtzan/gtzan__gtzan_reggae_00040__track.npy.npz
mscnn_gtzan,dbn_matched_30_300,gtzan/gtzan_reggae_00041/track.npy,gtzan,1.0,0.8659295854185534,0.8659295854185534,0.8659295854185534,1.0,1.0,1.0,1.0,1.0,0.8825236954920165,0.8825236954920165,0.8825236954920165,1.0,1.0,1.0,1.0,73.0,0.0,0.0,0.10008345855697143,19.0,0.0,0.0,0.027116884696842085,0.0,/media/mengh/SharedData/zhanh/auto_structbeat/caches/pilot/mscnn_final_last_gtzan/gtzan__gtzan_reggae_00041__track.npy.npz
mscnn_gtzan,dbn_matched_30_300,gtzan/gtzan_reggae_00042/track.npy,gtzan,1.0,0.8994890704402496,0.8994890704402496,0.8994890704402496,1.0,1.0,1.0,1.0,0.0,1.0524632240313337e-128,0.9025437994141265,0.4512718997070633,0.0,0.0,1.0,1.0,61.0,0.0,0.0,0.08338160893905111,15.0,0.0,0.0,0.03022044135650981,0.0,/media/mengh/SharedData/zhanh/auto_structbeat/caches/pilot/mscnn_final_last_gtzan/gtzan__gtzan_reggae_00042__track.npy.npz
mscnn_gtzan,dbn_matched_30_300,gtzan/gtzan_reggae_00043/track.npy,gtzan,1.0,0.7688159718148884,0.7688159718148884,0.7688159718148884,1.0,1.0,1.0,1.0,1.0,0.8113484147440848,0.8113484147440848,0.8113484147440848,1.0,1.0,1.0,1.0,78.0,0.0,0.0,0.051293294387558364,19.0,0.0,0.0,0.028256846926807768,0.0,/media/mengh/SharedData/zhanh/auto_structbeat/caches/pilot/mscnn_final_last_gtzan/gtzan__gtzan_reggae_00043__track.npy.npz
mscnn_gtzan,dbn_matched_30_300,gtzan/gtzan_reggae_00044/track.npy,gtzan,0.6545454545454545,0.6146291204730687,0.9261534692049326,0.7703912948390006,0.0,0.0,0.972972972972973,0.972972972972973,0.6666666666666666,0.6479513425448635,0.9719270138172953,0.8099391781810794,0.0,0.0,1.0,1.0,44.0,0.0,0.0,0.08688867754154968,11.0,0.0,0.0,0.014556482573718998,0.0,/media/mengh/SharedData/zhanh/auto_structbeat/caches/pilot/mscnn_final_last_gtzan/gtzan__gtzan_reggae_00044__track.npy.npz
mscnn_gtzan,dbn_matched_30_300,gtzan/gtzan_reggae_00045/track.npy,gtzan,0.6666666666666666,0.6287040433846754,0.9430560650770132,0.7858800542308444,0.0,0.0,1.0,1.0,0.6399999999999999,0.6079751729867133,0.9499612077917395,0.7789681903892265,0.0,0.0,1.0,1.0,41.0,0.0,0.0,0.054067221270275745,10.0,0.0,0.0,0.013513719166723604,0.0,/media/mengh/SharedData/zhanh/auto_structbeat/caches/pilot/mscnn_final_last_gtzan/gtzan__gtzan_reggae_00045__track.npy.npz
mscnn_gtzan,dbn_matched_30_300,gtzan/gtzan_reggae_00046/track.npy,gtzan,0.9787234042553192,0.8322307269304485,0.8322307269304485,0.8322307269304485,0.8873239436619719,0.971830985915493,0.8873239436619719,0.971830985915493,1.0,0.8378438988128128,0.8378438988128128,0.8378438988128128,1.0,1.0,1.0,1.0,84.0,0.0,0.0,0.11745516562907368,21.0,0.0,0.0,0.02997199664152683,0.0,/media/mengh/SharedData/zhanh/auto_structbeat/caches/pilot/mscnn_final_last_gtzan/gtzan__gtzan_reggae_00046__track.npy.npz
mscnn_gtzan,dbn_matched_30_300,gtzan/gtzan_reggae_00047/track.npy,gtzan,0.944,0.7660723705341305,0.7660723705341305,0.7660723705341305,0.609375,0.875,0.609375,0.875,0.2580645161290323,0.2532480159712918,0.4803713886768008,0.3668097023240463,0.3125,0.3125,0.5625,0.5625,76.0,0.0,0.0,0.13353139262452166,19.0,0.0,0.0,0.25093887895516825,0.0,/media/mengh/SharedData/zhanh/auto_structbeat/caches/pilot/mscnn_final_last_gtzan/gtzan__gtzan_reggae_00047__track.npy.npz
mscnn_gtzan,dbn_matched_30_300,gtzan/gtzan_reggae_00048/track.npy,gtzan,0.8493150684931505,0.7228063443664077,0.7228063443664077,0.7228063443664077,0.5205479452054794,0.8082191780821918,0.5205479452054794,0.8082191780821918,0.0,1.0491947530249149e-49,0.7017602575858164,0.3508801287929082,0.0,0.0,0.9444444444444444,0.9444444444444444,88.0,0.0,0.0,0.11614368551984139,22.0,0.0,0.0,0.05708287652219073,0.0,/media/mengh/SharedData/zhanh/auto_structbeat/caches/pilot/mscnn_final_last_gtzan/gtzan__gtzan_reggae_00048__track.npy.npz
mscnn_gtzan,dbn_matched_30_300,gtzan/gtzan_reggae_00049/track.npy,gtzan,0.5932203389830508,0.5248028544689676,0.7383165571941209,0.6315597058315443,0.0,0.0,0.45,0.825,0.27586206896551724,0.24909465668895192,0.3611872521989803,0.3051409544439661,0.0,0.0,0.5,0.5,48.0,0.0,0.0,0.06453852113757563,12.0,0.0,0.0,0.11488592515082255,0.0,/media/mengh/SharedData/zhanh/auto_structbeat/caches/pilot/mscnn_final_last_gtzan/gtzan__gtzan_reggae_00049__track.npy.npz
mscnn_gtzan,dbn_matched_30_300,gtzan/gtzan_reggae_00050/track.npy,gtzan,0.6666666666666666,0.6396228329446736,0.9594342494167625,0.799528541180718,0.0,0.0,1.0,1.0,0.6666666666666666,0.6532538191845757,0.9798807287768636,0.8165672739807197,0.0,0.0,1.0,1.0,47.0,0.0,0.0,0.03174869831458238,12.0,0.0,0.0,0.015692989388862117,0.0,/media/mengh/SharedData/zhanh/auto_structbeat/caches/pilot/mscnn_final_last_gtzan/gtzan__gtzan_reggae_00050__track.npy.npz
mscnn_gtzan,dbn_matched_30_300,gtzan/gtzan_reggae_00051/track.npy,gtzan,1.0,0.9797896252761993,0.9797896252761993,0.9797896252761993,1.0,1.0,1.0,1.0,1.0,0.9820266636871443,0.9820266636871443,0.9820266636871443,1.0,1.0,1.0,1.0,64.0,0.0,0.0,0.04255961441880263,16.0,0.0,0.0,0.010695289116749013,0.0,/media/mengh/SharedData/zhanh/auto_structbeat/caches/pilot/mscnn_final_last_gtzan/gtzan__gtzan_reggae_00051__track.npy.npz
mscnn_gtzan,dbn_matched_30_300,gtzan/gtzan_reggae_00052/track.npy,gtzan,1.0,0.921289664796378,0.921289664796378,0.921289664796378,1.0,1.0,1.0,1.0,1.0,0.89139361353234,0.89139361353234,0.89139361353234,1.0,1.0,1.0,1.0,50.0,0.0,0.0,0.06669137449867363,12.0,0.0,0.0,0.008298802814695716,0.0,/media/mengh/SharedData/zhanh/auto_structbeat/caches/pilot/mscnn_final_last_gtzan/gtzan__gtzan_reggae_00052__track.npy.npz
mscnn_gtzan,dbn_matched_30_300,gtzan/gtzan_reggae_00053/track.npy,gtzan,0.9692307692307692,0.8748061613014322,0.8748061613014322,0.8748061613014322,0.6060606060606061,0.9090909090909091,0.6060606060606061,0.9090909090909091,0.625,0.5721923216574656,0.5721923216574656,0.5721923216574656,0.625,0.625,0.625,0.625,78.0,0.0,0.0,0.10682679552092478,19.0,0.0,0.0,0.2905091136167229,0.0,/media/mengh/SharedData/zhanh/auto_structbeat/caches/pilot/mscnn_final_last_gtzan/gtzan__gtzan_reggae_00053__track.npy.npz
mscnn_gtzan,dbn_matched_30_300,gtzan/gtzan_reggae_00054/track.npy,gtzan,0.991869918699187,0.9156753686865949,0.9156753686865949,0.9156753686865949,0.9838709677419355,0.9838709677419355,0.9838709677419355,0.9838709677419355,0.0,1.8560735760528397e-84,0.886724909865364,0.443362454932682,0.0,0.0,0.9333333333333333,0.9333333333333333,75.0,0.0,0.0,0.1000834585569856,19.0,0.0,0.0,0.024692612590371033,0.0,/media/mengh/SharedData/zhanh/auto_structbeat/caches/pilot/mscnn_final_last_gtzan/gtzan__gtzan_reggae_00054__track.npy.npz
mscnn_gtzan,dbn_matched_30_300,gtzan/gtzan_reggae_00055/track.npy,gtzan,0.8888888888888888,0.8564594287929195,0.8564594287929195,0.8564594287929195,0.8888888888888888,0.8888888888888888,0.8888888888888888,0.8888888888888888,0.8571428571428571,0.8205652633401028,0.8205652633401028,0.8205652633401028,1.0,1.0,1.0,1.0,65.0,0.0,0.0,0.04445176257083196,17.0,0.0,0.0,0.021739986636405716,0.0,/media/mengh/SharedData/zhanh/auto_structbeat/caches/pilot/mscnn_final_last_gtzan/gtzan__gtzan_reggae_00055__track.npy.npz
mscnn_gtzan,dbn_matched_30_300,gtzan/gtzan_reggae_00056/track.npy,gtzan,0.9545454545454547,0.8576982354189746,0.8576982354189746,0.8576982354189746,0.5373134328358209,0.9104477611940298,0.5373134328358209,0.9104477611940298,0.3636363636363636,0.32496664404454934,0.536110977678864,0.43053881086170664,0.35294117647058826,0.35294117647058826,0.5294117647058824,0.5294117647058824,80.0,0.0,0.0,0.1062402835756927,20.0,0.0,0.0,0.27683774867066835,0.0,/media/mengh/SharedData/zhanh/auto_structbeat/caches/pilot/mscnn_final_last_gtzan/gtzan__gtzan_reggae_00056__track.npy.npz
mscnn_gtzan,dbn_matched_30_300,gtzan/gtzan_reggae_00057/track.npy,gtzan,0.5046728971962617,0.4800532174640341,0.4800532174640341,0.4800532174640341,0.0,0.0,0.0,0.0,0.5185185185185185,0.4895213785654206,0.4895213785654206,0.4895213785654206,0.0,0.0,0.0,0.0,33.0,0.0,0.0,0.04348511193974177,9.0,0.0,0.0,0.029156554593497055,0.0,/media/mengh/SharedData/zhanh/auto_structbeat/caches/pilot/mscnn_final_last_gtzan/gtzan__gtzan_reggae_00057__track.npy.npz
mscnn_gtzan,dbn_matched_30_300,gtzan/gtzan_reggae_00058/track.npy,gtzan,1.0,0.8282492705049954,0.8282492705049954,0.8282492705049954,1.0,1.0,1.0,1.0,1.0,0.8105217215823166,0.8105217215823166,0.8105217215823166,1.0,1.0,1.0,1.0,62.0,0.0,0.0,0.0408219945202581,16.0,0.0,0.0,0.024172617215140857,0.0,/media/mengh/SharedData/zhanh/auto_structbeat/caches/pilot/mscnn_final_last_gtzan/gtzan__gtzan_reggae_00058__track.npy.npz
mscnn_gtzan,dbn_matched_30_300,gtzan/gtzan_reggae_00059/track.npy,gtzan,1.0,0.9183608491224446,0.9183608491224446,0.9183608491224446,1.0,1.0,1.0,1.0,1.0,0.8797623990862532,0.8797623990862532,0.8797623990862532,1.0,1.0,1.0,1.0,77.0,0.0,0.0,0.06787209245629214,20.0,0.0,0.0,0.05328007840005379,0.0,/media/mengh/SharedData/zhanh/auto_structbeat/caches/pilot/mscnn_final_last_gtzan/gtzan__gtzan_reggae_00059__track.npy.npz
mscnn_gtzan,dbn_matched_30_300,gtzan/gtzan_reggae_00060/track.npy,gtzan,1.0,0.9425724869577691,0.9425724869577691,0.9425724869577691,1.0,1.0,1.0,1.0,1.0,0.9494117951660068,0.9494117951660068,0.9494117951660068,1.0,1.0,1.0,1.0,57.0,0.0,0.0,0.07696104113612892,14.0,0.0,0.0,0.032935489039859336,0.0,/media/mengh/SharedData/zhanh/auto_structbeat/caches/pilot/mscnn_final_last_gtzan/gtzan__gtzan_reggae_00060__track.npy.npz
mscnn_gtzan,dbn_matched_30_300,gtzan/gtzan_reggae_00061/track.npy,gtzan,1.0,0.9824031996106851,0.9824031996106851,0.9824031996106851,1.0,1.0,1.0,1.0,1.0,0.9824919075487752,0.9824919075487752,0.9824919075487752,1.0,1.0,1.0,1.0,46.0,0.0,0.0,0.030771658666758572,11.0,0.0,0.0,0.007662872745570315,0.0,/media/mengh/SharedData/zhanh/auto_structbeat/caches/pilot/mscnn_final_last_gtzan/gtzan__gtzan_reggae_00061__track.npy.npz
mscnn_gtzan,dbn_matched_30_300,gtzan/gtzan_reggae_00062/track.npy,gtzan,1.0,0.9273322591908925,0.9273322591908925,0.9273322591908925,1.0,1.0,1.0,1.0,1.0,0.9523531880114945,0.9523531880114945,0.9523531880114945,1.0,1.0,1.0,1.0,76.0,0.0,0.0,0.10008345855698644,19.0,0.0,0.0,0.027802311984002705,0.0,/media/mengh/SharedData/zhanh/auto_structbeat/caches/pilot/mscnn_final_last_gtzan/gtzan__gtzan_reggae_00062__track.npy.npz
mscnn_gtzan,dbn_matched_30_300,gtzan/gtzan_reggae_00063/track.npy,gtzan,0.6725663716814159,0.6391503102206653,0.9503155928280292,0.7947329515243473,0.0,0.0,1.0,1.0,0.6896551724137931,0.6505830837648051,0.9433454714589674,0.7969642776118863,0.0,0.0,1.0,1.0,46.0,0.0,0.0,0.06252035698133379,12.0,0.0,0.0,0.027140481324159353,0.0,/media/mengh/SharedData/zhanh/auto_structbeat/caches/pilot/mscnn_final_last_gtzan/gtzan__gtzan_reggae_00063__track.npy.npz
mscnn_gtzan,dbn_matched_30_300,gtzan/gtzan_reggae_00064/track.npy,gtzan,0.6728971962616822,0.6571464697149674,0.9765926702708543,0.8168695699929108,0.0,0.0,1.0,1.0,0.6666666666666666,0.6593591677479144,0.9890387516218715,0.8241989596848929,0.0,0.0,1.0,1.0,43.0,0.0,0.0,0.057158413839947464,10.0,0.0,0.0,0.011794843528375239,0.0,/media/mengh/SharedData/zhanh/auto_structbeat/caches/pilot/mscnn_final_last_gtzan/gtzan__gtzan_reggae_00064__track.npy.npz
mscnn_gtzan,dbn_matched_30_300,gtzan/gtzan_reggae_00065/track.npy,gtzan,0.6727272727272727,0.6319041945063875,0.9393170458875542,0.7856106201969708,0.0,0.0,1.0,1.0,0.6666666666666666,0.6556043505463437,0.9834065258195156,0.8195054381829296,0.0,0.0,1.0,1.0,44.0,0.0,0.0,0.05884050002293339,11.0,0.0,0.0,0.011841094390133474,0.0,/media/mengh/SharedData/zhanh/auto_structbeat/caches/pilot/mscnn_final_last_gtzan/gtzan__gtzan_reggae_00065__track.npy.npz
mscnn_gtzan,dbn_matched_30_300,gtzan/gtzan_reggae_00066/track.npy,gtzan,1.0,0.9512989636735886,0.9512989636735886,0.9512989636735886,1.0,1.0,1.0,1.0,0.0,6.722893272344934e-297,0.8868310020233184,0.4434155010116592,0.0,0.0,0.875,0.875,40.0,0.0,0.0,0.05264373348542556,10.0,0.0,0.0,0.010934987339047304,0.0,/media/mengh/SharedData/zhanh/auto_structbeat/caches/pilot/mscnn_final_last_gtzan/gtzan__gtzan_reggae_00066__track.npy.npz
mscnn_gtzan,dbn_matched_30_300,gtzan/gtzan_reggae_00067/track.npy,gtzan,1.0,0.9578927218323519,0.9578927218323519,0.9578927218323519,1.0,1.0,1.0,1.0,1.0,0.9629825221369037,0.9629825221369037,0.9629825221369037,1.0,1.0,1.0,1.0,84.0,0.0,0.0,0.11122563511023142,21.0,0.0,0.0,0.02781869539303947,0.0,/media/mengh/SharedData/zhanh/auto_structbeat/caches/pilot/mscnn_final_last_gtzan/gtzan__gtzan_reggae_00067__track.npy.npz
mscnn_gtzan,dbn_matched_30_300,gtzan/gtzan_reggae_00068/track.npy,gtzan,1.0,0.9226259875903994,0.9226259875903994,0.9226259875903994,1.0,1.0,1.0,1.0,1.0,0.8659678787432274,0.8659678787432274,0.8659678787432274,1.0,1.0,1.0,1.0,69.0,0.0,0.0,0.09097177820572686,18.0,0.0,0.0,0.0343881946059445,0.0,/media/mengh/SharedData/zhanh/auto_structbeat/caches/pilot/mscnn_final_last_gtzan/gtzan__gtzan_reggae_00068__track.npy.npz
mscnn_gtzan,dbn_matched_30_300,gtzan/gtzan_reggae_00069/track.npy,gtzan,0.9354838709677418,0.8307698356969512,0.8307698356969512,0.8307698356969512,0.7936507936507936,0.8888888888888888,0.7936507936507936,0.8888888888888888,0.8387096774193549,0.7328461340813921,0.7328461340813921,0.7328461340813921,0.75,0.75,0.75,0.75,75.0,0.0,0.0,0.10536051565782589,19.0,0.0,0.0,0.19497381764604974,0.0,/media/mengh/SharedData/zhanh/auto_structbeat/caches/pilot/mscnn_final_last_gtzan/gtzan__gtzan_reggae_00069__track.npy.npz
mscnn_gtzan,dbn_matched_30_300,gtzan/gtzan_reggae_00070/track.npy,gtzan,0.6666666666666666,0.6191670281702597,0.9287505422553752,0.7739587852128175,0.0,0.0,1.0,1.0,0.6896551724137931,0.6628395961790158,0.9611174144595729,0.8119785053192943,0.0,0.0,1.0,1.0,44.0,0.0,0.0,0.05884050002293223,11.0,0.0,0.0,0.007326040092073383,0.0,/media/mengh/SharedData/zhanh/auto_structbeat/caches/pilot/mscnn_final_last_gtzan/gtzan__gtzan_reggae_00070__track.npy.npz
mscnn_gtzan,dbn_matched_30_300,gtzan/gtzan_reggae_00071/track.npy,gtzan,0.6666666666666666,0.6350532961814285,0.9525799442721427,0.7938166202267856,0.0,0.0,1.0,1.0,0.6666666666666666,0.6450570179963916,0.9675855269945873,0.8063212724954895,0.0,0.0,1.0,1.0,35.0,0.0,0.0,0.04652001563489301,9.0,0.0,0.0,0.009946763669953658,0.0,/media/mengh/SharedData/zhanh/auto_structbeat/caches/pilot/mscnn_final_last_gtzan/gtzan__gtzan_reggae_00071__track.npy.npz
mscnn_gtzan,dbn_matched_30_300,gtzan/gtzan_reggae_00072/track.npy,gtzan,1.0,0.9467381870779347,0.9467381870779347,0.9467381870779347,1.0,1.0,1.0,1.0,1.0,0.9594441292712589,0.9594441292712589,0.9594441292712589,1.0,1.0,1.0,1.0,42.0,0.0,0.0,0.05556985115481223,11.0,0.0,0.0,0.011198774248302798,0.0,/media/mengh/SharedData/zhanh/auto_structbeat/caches/pilot/mscnn_final_last_gtzan/gtzan__gtzan_reggae_00072__track.npy.npz
mscnn_gtzan,dbn_matched_30_300,gtzan/gtzan_reggae_00073/track.npy,gtzan,1.0,0.8872508683184184,0.8872508683184184,0.8872508683184184,1.0,1.0,1.0,1.0,1.0,0.8754876410704467,0.8754876410704467,0.8754876410704467,1.0,1.0,1.0,1.0,42.0,0.0,0.0,0.0555698511548145,10.0,0.0,0.0,0.011530091544213946,0.0,/media/mengh/SharedData/zhanh/auto_structbeat/caches/pilot/mscnn_final_last_gtzan/gtzan__gtzan_reggae_00073__track.npy.npz
mscnn_gtzan,dbn_matched_30_300,gtzan/gtzan_reggae_00074/track.npy,gtzan,1.0,0.8566983295294424,0.8566983295294424,0.8566983295294424,1.0,1.0,1.0,1.0,1.0,0.810769641349866,0.810769641349866,0.810769641349866,1.0,1.0,1.0,1.0,42.0,0.0,0.0,0.05715841383995003,10.0,0.0,0.0,0.013986241974739999,0.0,/media/mengh/SharedData/zhanh/auto_structbeat/caches/pilot/mscnn_final_last_gtzan/gtzan__gtzan_reggae_00074__track.npy.npz
mscnn_gtzan,dbn_matched_30_300,gtzan/gtzan_reggae_00075/track.npy,gtzan,0.9833333333333333,0.8012108501774785,0.8012108501774785,0.8012108501774785,0.8666666666666667,0.9833333333333333,0.8666666666666667,0.9833333333333333,1.0,0.8021239502308662,0.8021239502308662,0.8021239502308662,1.0,1.0,1.0,1.0,72.0,0.0,0.0,0.09531017980433143,18.0,0.0,0.0,0.024097551579060572,0.0,/media/mengh/SharedData/zhanh/auto_structbeat/caches/pilot/mscnn_final_last_gtzan/gtzan__gtzan_reggae_00075__track.npy.npz
mscnn_gtzan,dbn_matched_30_300,gtzan/gtzan_reggae_00076/track.npy,gtzan,1.0,0.9541346825806734,0.9541346825806734,0.9541346825806734,1.0,1.0,1.0,1.0,0.0,5.1794644444928485e-307,0.8054418370160892,0.4027209185080446,0.0,0.0,0.7777777777777778,0.7777777777777778,40.0,0.0,0.0,0.05264373348542313,10.0,0.0,0.0,0.01967276559870501,0.0,/media/mengh/SharedData/zhanh/auto_structbeat/caches/pilot/mscnn_final_last_gtzan/gtzan__gtzan_reggae_00076__track.npy.npz
mscnn_gtzan,dbn_matched_30_300,gtzan/gtzan_reggae_00077/track.npy,gtzan,0.991869918699187,0.9318487820228097,0.9318487820228097,0.9318487820228097,0.9838709677419355,0.9838709677419355,0.9838709677419355,0.9838709677419355,1.0,0.947483888965504,0.947483888965504,0.947483888965504,1.0,1.0,1.0,1.0,75.0,0.0,0.0,0.1000834585569853,19.0,0.0,0.0,0.03932972956408751,0.0,/media/mengh/SharedData/zhanh/auto_structbeat/caches/pilot/mscnn_final_last_gtzan/gtzan__gtzan_reggae_00077__track.npy.npz
mscnn_gtzan,dbn_matched_30_300,gtzan/gtzan_reggae_00078/track.npy,gtzan,1.0,0.9694453268589325,0.9694453268589325,0.9694453268589325,1.0,1.0,1.0,1.0,1.0,0.9711405555513354,0.9711405555513354,0.9711405555513354,1.0,1.0,1.0,1.0,79.0,0.0,0.0,0.105360515657825,20.0,0.0,0.0,0.026317308317373007,0.0,/media/mengh/SharedData/zhanh/auto_structbeat/caches/pilot/mscnn_final_last_gtzan/gtzan__gtzan_reggae_00078__track.npy.npz
mscnn_gtzan,dbn_matched_30_300,gtzan/gtzan_reggae_00079/track.npy,gtzan,0.9302325581395349,0.8570304012454871,0.8570304012454871,0.8570304012454871,0.7076923076923077,0.9230769230769231,0.7076923076923077,0.9230769230769231,0.1875,0.17239749223782475,0.17239749223782475,0.17239749223782475,0.25,0.25,0.25,0.25,77.0,0.0,0.0,0.10166657568724231,19.0,0.0,0.0,0.1900508246166805,0.0,/media/mengh/SharedData/zhanh/auto_structbeat/caches/pilot/mscnn_final_last_gtzan/gtzan__gtzan_reggae_00079__track.npy.npz
mscnn_gtzan,dbn_matched_30_300,gtzan/gtzan_reggae_00080/track.npy,gtzan,1.0,0.9572706688043431,0.9572706688043431,0.9572706688043431,1.0,1.0,1.0,1.0,1.0,0.9430832536722665,0.9430832536722665,0.9430832536722665,1.0,1.0,1.0,1.0,50.0,0.0,0.0,0.06669137449867674,12.0,0.0,0.0,0.008368249670517192,0.0,/media/mengh/SharedData/zhanh/auto_structbeat/caches/pilot/mscnn_final_last_gtzan/gtzan__gtzan_reggae_00080__track.npy.npz
mscnn_gtzan,dbn_matched_30_300,gtzan/gtzan_reggae_00081/track.npy,gtzan,1.0,0.9579832781725973,0.9579832781725973,0.9579832781725973,1.0,1.0,1.0,1.0,1.0,0.9604150679423012,0.9604150679423012,0.9604150679423012,1.0,1.0,1.0,1.0,51.0,0.0,0.0,0.0666913744986712,13.0,0.0,0.0,0.012587683993449561,0.0,/media/mengh/SharedData/zhanh/auto_structbeat/caches/pilot/mscnn_final_last_gtzan/gtzan__gtzan_reggae_00081__track.npy.npz
mscnn_gtzan,dbn_matched_30_300,gtzan/gtzan_reggae_00082/track.npy,gtzan,1.0,0.9579832781725973,0.9579832781725973,0.9579832781725973,1.0,1.0,1.0,1.0,1.0,0.9604150679423012,0.9604150679423012,0.9604150679423012,1.0,1.0,1.0,1.0,51.0,0.0,0.0,0.0666913744986712,13.0,0.0,0.0,0.012587683993449561,0.0,/media/mengh/SharedData/zhanh/auto_structbeat/caches/pilot/mscnn_final_last_gtzan/gtzan__gtzan_reggae_00082__track.npy.npz
mscnn_gtzan,dbn_matched_30_300,gtzan/gtzan_reggae_00083/track.npy,gtzan,0.9642857142857143,0.7385836926057268,0.7385836926057268,0.7385836926057268,1.0,1.0,1.0,1.0,0.8571428571428571,0.5956175150904514,0.5956175150904514,0.5956175150904514,1.0,1.0,1.0,1.0,33.0,0.0,0.0,0.07455965590490163,8.0,0.0,0.0,0.04600523401569662,0.0,/media/mengh/SharedData/zhanh/auto_structbeat/caches/pilot/mscnn_final_last_gtzan/gtzan__gtzan_reggae_00083__track.npy.npz
mscnn_gtzan,dbn_matched_30_300,gtzan/gtzan_reggae_00084/track.npy,gtzan,1.0,0.9370957128347508,0.9370957128347508,0.9370957128347508,1.0,1.0,1.0,1.0,1.0,0.9074233033857945,0.9074233033857945,0.9074233033857945,1.0,1.0,1.0,1.0,50.0,0.0,0.0,0.06669137449867228,13.0,0.0,0.0,0.01680711831638032,0.0,/media/mengh/SharedData/zhanh/auto_structbeat/caches/pilot/mscnn_final_last_gtzan/gtzan__gtzan_reggae_00084__track.npy.npz
mscnn_gtzan,dbn_matched_30_300,gtzan/gtzan_reggae_00085/track.npy,gtzan,0.9726027397260274,0.7882131342622299,0.7882131342622299,0.7882131342622299,0.3972602739726027,0.9041095890410958,0.3972602739726027,0.9041095890410958,1.0,0.7206441819811358,0.7206441819811358,0.7206441819811358,1.0,1.0,1.0,1.0,87.0,0.0,0.0,0.060624621816451764,22.0,0.0,0.0,0.04262176483077733,0.0,/media/mengh/SharedData/zhanh/auto_structbeat/caches/pilot/mscnn_final_last_gtzan/gtzan__gtzan_reggae_00085__track.npy.npz
mscnn_gtzan,dbn_matched_30_300,gtzan/gtzan_reggae_00087/track.npy,gtzan,1.0,0.9709324262716105,0.9709324262716105,0.9709324262716105,1.0,1.0,1.0,1.0,1.0,0.9803613128426755,0.9803613128426755,0.9803613128426755,1.0,1.0,1.0,1.0,41.0,0.0,0.0,0.05556985115481156,10.0,0.0,0.0,0.006920442844573782,0.0,/media/mengh/SharedData/zhanh/auto_structbeat/caches/pilot/mscnn_final_last_gtzan/gtzan__gtzan_reggae_00087__track.npy.npz
mscnn_gtzan,dbn_matched_30_300,gtzan/gtzan_reggae_00088/track.npy,gtzan,1.0,0.9806297910364092,0.9806297910364092,0.9806297910364092,1.0,1.0,1.0,1.0,1.0,0.9813236448073599,0.9813236448073599,0.9813236448073599,1.0,1.0,1.0,1.0,54.0,0.0,0.0,0.07145896398214968,13.0,0.0,0.0,0.013534170511297017,0.0,/media/mengh/SharedData/zhanh/auto_structbeat/caches/pilot/mscnn_final_last_gtzan/gtzan__gtzan_reggae_00088__track.npy.npz
mscnn_gtzan,dbn_matched_30_300,gtzan/gtzan_reggae_00089/track.npy,gtzan,0.9919999999999999,0.8910051920404636,0.8910051920404636,0.8910051920404636,0.9841269841269841,0.9841269841269841,0.9841269841269841,0.9841269841269841,0.0,1.0242090550918008e-80,0.8590604145326458,0.4295302072663229,0.0,0.0,0.875,0.875,75.0,0.0,0.0,0.051293294387558364,19.0,0.0,0.0,0.025001302205418963,0.0,/media/mengh/SharedData/zhanh/auto_structbeat/caches/pilot/mscnn_final_last_gtzan/gtzan__gtzan_reggae_00089__track.npy.npz
mscnn_gtzan,dbn_matched_30_300,gtzan/gtzan_reggae_00090/track.npy,gtzan,0.6526315789473685,0.5838471293129698,0.8492869831447397,0.7165670562288547,0.0,0.0,0.5,0.90625,0.34782608695652173,0.3304582667363236,0.5067026756623628,0.4185804711993432,0.0,0.0,0.5,0.5,38.0,0.0,0.0,0.13136085989878435,9.0,0.0,0.0,0.22122661188457965,0.0,/media/mengh/SharedData/zhanh/auto_structbeat/caches/pilot/mscnn_final_last_gtzan/gtzan__gtzan_reggae_00090__track.npy.npz
mscnn_gtzan,dbn_matched_30_300,gtzan/gtzan_reggae_00091/track.npy,gtzan,1.0,0.8953042861917987,0.8953042861917987,0.8953042861917987,1.0,1.0,1.0,1.0,1.0,0.9253362656629495,0.9253362656629495,0.9253362656629495,1.0,1.0,1.0,1.0,72.0,0.0,0.0,0.09531017980432512,18.0,0.0,0.0,0.024171026965335074,0.0,/media/mengh/SharedData/zhanh/auto_structbeat/caches/pilot/mscnn_final_last_gtzan/gtzan__gtzan_reggae_00091__track.npy.npz
mscnn_gtzan,dbn_matched_30_300,gtzan/gtzan_reggae_00092/track.npy,gtzan,0.9836065573770492,0.7774372322724095,0.7774372322724095,0.7774372322724095,0.7704918032786885,0.9836065573770492,0.7704918032786885,0.9836065573770492,1.0,0.7900958596579625,0.7900958596579625,0.7900958596579625,1.0,1.0,1.0,1.0,73.0,0.0,0.0,0.09531017980432721,19.0,0.0,0.0,0.024156331888080175,0.0,/media/mengh/SharedData/zhanh/auto_structbeat/caches/pilot/mscnn_final_last_gtzan/gtzan__gtzan_reggae_00092__track.npy.npz
mscnn_gtzan,dbn_matched_30_300,gtzan/gtzan_reggae_00093/track.npy,gtzan,0.8656716417910447,0.7552600362649949,0.7552600362649949,0.7552600362649949,0.56,0.56,0.56,0.56,0.23529411764705882,0.23104732194838462,0.5339319563121391,0.38248963913026185,0.0,0.0,0.5555555555555556,0.5555555555555556,74.0,0.0,0.0,0.11778303565638115,18.0,0.0,0.0,0.3241049519832886,0.0,/media/mengh/SharedData/zhanh/auto_structbeat/caches/pilot/mscnn_final_last_gtzan/gtzan__gtzan_reggae_00093__track.npy.npz
mscnn_gtzan,dbn_matched_30_300,gtzan/gtzan_reggae_00094/track.npy,gtzan,1.0,0.9575723380973941,0.9575723380973941,0.9575723380973941,1.0,1.0,1.0,1.0,1.0,0.9512672600643481,0.9512672600643481,0.9512672600643481,1.0,1.0,1.0,1.0,64.0,0.0,0.0,0.04255961441880244,16.0,0.0,0.0,0.02127739844728515,0.0,/media/mengh/SharedData/zhanh/auto_structbeat/caches/pilot/mscnn_final_last_gtzan/gtzan__gtzan_reggae_00094__track.npy.npz
mscnn_gtzan,dbn_matched_30_300,gtzan/gtzan_reggae_00095/track.npy,gtzan,1.0,0.8597417189226668,0.8597417189226668,0.8597417189226668,1.0,1.0,1.0,1.0,0.7692307692307693,0.6584602025731792,0.6584602025731792,0.6584602025731792,0.6923076923076923,0.6923076923076923,0.6923076923076923,0.6923076923076923,62.0,0.0,0.0,0.04255961441879885,15.0,0.0,0.0,0.024684135135588633,0.0,/media/mengh/SharedData/zhanh/auto_structbeat/caches/pilot/mscnn_final_last_gtzan/gtzan__gtzan_reggae_00095__track.npy.npz
mscnn_gtzan,dbn_matched_30_300,gtzan/gtzan_reggae_00096/track.npy,gtzan,0.972972972972973,0.8010068117849701,0.8010068117849701,0.8010068117849701,0.527027027027027,0.8918918918918919,0.527027027027027,0.8918918918918919,1.0,0.7955440816396728,0.7955440816396728,0.7955440816396728,1.0,1.0,1.0,1.0,89.0,0.0,0.0,0.11778303565638115,22.0,0.0,0.0,0.03177604375564297,0.0,/media/mengh/SharedData/zhanh/auto_structbeat/caches/pilot/mscnn_final_last_gtzan/gtzan__gtzan_reggae_00096__track.npy.npz
mscnn_gtzan,dbn_matched_30_300,gtzan/gtzan_reggae_00097/track.npy,gtzan,0.441860465116279,0.38296448382530546,0.38296448382530546,0.38296448382530546,0.0,0.0,0.0,0.0,0.37037037037037035,0.3142605688271609,0.5108713993164032,0.4125659840717821,0.0,0.0,0.0,0.0,77.0,0.0,0.0,0.10536051565782856,26.0,0.0,0.0,0.048862998201109176,0.0,/media/mengh/SharedData/zhanh/auto_structbeat/caches/pilot/mscnn_final_last_gtzan/gtzan__gtzan_reggae_00097__track.npy.npz
mscnn_gtzan,dbn_matched_30_300,gtzan/gtzan_reggae_00098/track.npy,gtzan,0.49253731343283585,0.37066589657673993,0.37066589657673993,0.37066589657673993,0.0,0.0,0.0,0.0,0.48484848484848486,0.36016728143868837,0.36016728143868837,0.36016728143868837,0.0,0.0,0.0,0.0,41.0,0.0,0.0,0.0825744884719651,10.0,0.0,0.0,0.02447435959130588,0.0,/media/mengh/SharedData/zhanh/auto_structbeat/caches/pilot/mscnn_final_last_gtzan/gtzan__gtzan_reggae_00098__track.npy.npz
mscnn_gtzan,dbn_matched_30_300,gtzan/gtzan_reggae_00099/track.npy,gtzan,0.6081081081081081,0.5330638075931117,0.6614482959808863,0.5972560517869989,0.0,0.0,0.4,0.74,0.10810810810810811,0.0774491948650717,0.1194008420836522,0.09842501847436194,0.0,0.0,1.0,1.0,59.0,0.0,0.0,0.08410756254917102,14.0,0.0,0.0,0.07635801134584529,0.0,/media/mengh/SharedData/zhanh/auto_structbeat/caches/pilot/mscnn_final_last_gtzan/gtzan__gtzan_reggae_00099__track.npy.npz
mscnn_gtzan,dbn_matched_30_300,gtzan/gtzan_rock_00000/track.npy,gtzan,0.8039215686274509,0.7312600860018565,0.7312600860018565,0.7312600860018565,0.803921568627451,0.8431372549019608,0.803921568627451,0.8431372549019608,0.7692307692307693,0.6940177757432147,0.6940177757432147,0.6940177757432147,1.0,1.0,1.0,1.0,61.0,0.0,0.0,0.08338160893905111,15.0,0.0,0.0,0.03411917972884465,0.0,/media/mengh/SharedData/zhanh/auto_structbeat/caches/pilot/mscnn_final_last_gtzan/gtzan__gtzan_rock_00000__track.npy.npz
mscnn_gtzan,dbn_matched_30_300,gtzan/gtzan_rock_00001/track.npy,gtzan,1.0,0.815920327621021,0.815920327621021,0.815920327621021,1.0,1.0,1.0,1.0,1.0,0.7912709643590257,0.7912709643590257,0.7912709643590257,1.0,1.0,1.0,1.0,38.0,0.0,0.0,0.05033113902788252,9.0,0.0,0.0,0.012578782206860683,0.0,/media/mengh/SharedData/zhanh/auto_structbeat/caches/pilot/mscnn_final_last_gtzan/gtzan__gtzan_rock_00001__track.npy.npz
mscnn_gtzan,dbn_matched_30_300,gtzan/gtzan_rock_00002/track.npy,gtzan,1.0,0.9635791281036642,0.9635791281036642,0.9635791281036642,1.0,1.0,1.0,1.0,1.0,0.9749489779419974,0.9749489779419974,0.9749489779419974,1.0,1.0,1.0,1.0,53.0,0.0,0.0,0.035091319811275556,13.0,0.0,0.0,0.03011933608679168,0.0,/media/mengh/SharedData/zhanh/auto_structbeat/caches/pilot/mscnn_final_last_gtzan/gtzan__gtzan_rock_00002__track.npy.npz
mscnn_gtzan,dbn_matched_30_300,gtzan/gtzan_rock_00003/track.npy,gtzan,0.975,0.8886473738291466,0.8886473738291466,0.8886473738291466,1.0,1.0,1.0,1.0,0.0,1.0641631628199906e-210,0.8632756593839473,0.4316378296919737,0.0,0.0,0.9,0.9,48.0,0.0,0.0,0.06453852113757264,12.0,0.0,0.0,0.012218927110677388,0.0,/media/mengh/SharedData/zhanh/auto_structbeat/caches/pilot/mscnn_final_last_gtzan/gtzan__gtzan_rock_00003__track.npy.npz
mscnn_gtzan,dbn_matched_30_300,gtzan/gtzan_rock_00004/track.npy,gtzan,0.9696969696969697,0.8210319892902592,0.8210319892902592,0.8210319892902592,1.0,1.0,1.0,1.0,0.8888888888888888,0.7673559741627571,0.7673559741627571,0.7673559741627571,1.0,1.0,1.0,1.0,38.0,0.0,0.0,0.05897318548149667,10.0,0.0,0.0,0.034139283632117316,0.0,/media/mengh/SharedData/zhanh/auto_structbeat/caches/pilot/mscnn_final_last_gtzan/gtzan__gtzan_rock_00004__track.npy.npz
mscnn_gtzan,dbn_matched_30_300,gtzan/gtzan_rock_00005/track.npy,gtzan,0.1951219512195122,0.14687686242330367,0.7057335931653824,0.42630522779434304,0.17073170731707318,0.17073170731707318,0.7804878048780488,0.7804878048780488,0.20000000000000004,0.16018894214043738,0.16018894214043738,0.16018894214043738,1.0,1.0,1.0,1.0,49.0,0.0,0.0,0.05534743029900477,12.0,0.0,0.0,0.020861154531319957,0.0,/media/mengh/SharedData/zhanh/auto_structbeat/caches/pilot/mscnn_final_last_gtzan/gtzan__gtzan_rock_00005__track.npy.npz
mscnn_gtzan,dbn_matched_30_300,gtzan/gtzan_rock_00006/track.npy,gtzan,0.9361702127659574,0.8688998596404132,0.8688998596404132,0.8688998596404132,0.9583333333333334,0.9583333333333334,0.9583333333333334,0.9583333333333334,0.8333333333333334,0.8099283818373656,0.8099283818373656,0.8099283818373656,1.0,1.0,1.0,1.0,28.0,0.0,0.0,0.03850744590767968,7.0,0.0,0.0,0.026943378035407316,0.0,/media/mengh/SharedData/zhanh/auto_structbeat/caches/pilot/mscnn_final_last_gtzan/gtzan__gtzan_rock_00006__track.npy.npz
mscnn_gtzan,dbn_matched_30_300,gtzan/gtzan_rock_00007/track.npy,gtzan,1.0,0.8506748353825178,0.8506748353825178,0.8506748353825178,1.0,1.0,1.0,1.0,1.0,0.8488253522832363,0.8488253522832363,0.8488253522832363,1.0,1.0,1.0,1.0,45.0,0.0,0.0,0.029852963149684237,12.0,0.0,0.0,0.018934955236177012,0.0,/media/mengh/SharedData/zhanh/auto_structbeat/caches/pilot/mscnn_final_last_gtzan/gtzan__gtzan_rock_00007__track.npy.npz
mscnn_gtzan,dbn_matched_30_300,gtzan/gtzan_rock_00008/track.npy,gtzan,0.7297297297297297,0.6285955637421397,0.6285955637421397,0.6285955637421397,0.4864864864864865,0.8918918918918919,0.4864864864864865,0.8918918918918919,0.7,0.6093926277183319,0.6093926277183319,0.6093926277183319,1.0,1.0,1.0,1.0,45.0,0.0,0.0,0.08961215868969498,12.0,0.0,0.0,0.02318617454636835,0.0,/media/mengh/SharedData/zhanh/auto_structbeat/caches/pilot/mscnn_final_last_gtzan/gtzan__gtzan_rock_00008__track.npy.npz
mscnn_gtzan,dbn_matched_30_300,gtzan/gtzan_rock_00009/track.npy,gtzan,0.967741935483871,0.9137418195633219,0.9137418195633219,0.9137418195633219,1.0,1.0,1.0,1.0,0.0,1.412e-320,0.7972324767183817,0.39861623835919086,0.0,0.0,0.875,0.875,38.0,0.0,0.0,0.05699820079842614,9.0,0.0,0.0,0.03621283869877959,0.0,/media/mengh/SharedData/zhanh/auto_structbeat/caches/pilot/mscnn_final_last_gtzan/gtzan__gtzan_rock_00009__track.npy.npz
mscnn_gtzan,dbn_matched_30_300,gtzan/gtzan_rock_00010/track.npy,gtzan,1.0,0.8284745258867177,0.8284745258867177,0.8284745258867177,1.0,1.0,1.0,1.0,1.0,0.7991725717585434,0.7991725717585434,0.7991725717585434,1.0,1.0,1.0,1.0,42.0,0.0,0.0,0.05556985115481107,11.0,0.0,0.0,0.024744181092240587,0.0,/media/mengh/SharedData/zhanh/auto_structbeat/caches/pilot/mscnn_final_last_gtzan/gtzan__gtzan_rock_00010__track.npy.npz
mscnn_gtzan,dbn_matched_30_300,gtzan/gtzan_rock_00011/track.npy,gtzan,1.0,0.8346363736270623,0.8346363736270623,0.8346363736270623,1.0,1.0,1.0,1.0,1.0,0.8409734785177978,0.8409734785177978,0.8409734785177978,1.0,1.0,1.0,1.0,58.0,0.0,0.0,0.07773145777047877,14.0,0.0,0.0,0.03806700676307427,0.0,/media/mengh/SharedData/zhanh/auto_structbeat/caches/pilot/mscnn_final_last_gtzan/gtzan__gtzan_rock_00011__track.npy.npz
mscnn_gtzan,dbn_matched_30_300,gtzan/gtzan_rock_00012/track.npy,gtzan,1.0,0.9513321735410275,0.9513321735410275,0.9513321735410275,1.0,1.0,1.0,1.0,1.0,0.9636024117998251,0.9636024117998251,0.9636024117998251,1.0,1.0,1.0,1.0,56.0,0.0,0.0,0.07696104113613333,14.0,0.0,0.0,0.02317473726165087,0.0,/media/mengh/SharedData/zhanh/auto_structbeat/caches/pilot/mscnn_final_last_gtzan/gtzan__gtzan_rock_00012__track.npy.npz
mscnn_gtzan,dbn_matched_30_300,gtzan/gtzan_rock_00013/track.npy,gtzan,1.0,0.8601259310171467,0.8601259310171467,0.8601259310171467,1.0,1.0,1.0,1.0,1.0,0.7942185375762442,0.7942185375762442,0.7942185375762442,1.0,1.0,1.0,1.0,46.0,0.0,0.0,0.06252035698133743,11.0,0.0,0.0,0.03831886430213689,0.0,/media/mengh/SharedData/zhanh/auto_structbeat/caches/pilot/mscnn_final_last_gtzan/gtzan__gtzan_rock_00013__track.npy.npz
mscnn_gtzan,dbn_matched_30_300,gtzan/gtzan_rock_00014/track.npy,gtzan,0.35000000000000003,0.2925767531555189,0.36449952299732824,0.32853813807642357,0.0,0.0,0.03125,0.03125,0.1,0.09405880786172399,0.1343697255134753,0.11421426668759965,0.0,0.0,0.0,0.0,39.0,0.0,0.0,0.07410797215372199,10.0,0.0,0.0,0.06672627233505952,0.0,/media/mengh/SharedData/zhanh/auto_structbeat/caches/pilot/mscnn_final_last_gtzan/gtzan__gtzan_rock_00014__track.npy.npz
mscnn_gtzan,dbn_matched_30_300,gtzan/gtzan_rock_00015/track.npy,gtzan,0.9885057471264368,0.723846099477223,0.723846099477223,0.723846099477223,0.9772727272727273,0.9772727272727273,0.9772727272727273,0.9772727272727273,1.0,0.7977622460438241,0.7977622460438241,0.7977622460438241,1.0,1.0,1.0,1.0,52.0,0.0,0.0,0.07145896398214834,13.0,0.0,0.0,0.030762288439713792,0.0,/media/mengh/SharedData/zhanh/auto_structbeat/caches/pilot/mscnn_final_last_gtzan/gtzan__gtzan_rock_00015__track.npy.npz
mscnn_gtzan,dbn_matched_30_300,gtzan/gtzan_rock_00016/track.npy,gtzan,0.7933884297520661,0.6973629486696727,0.6973629486696727,0.6973629486696727,0.7704918032786885,0.7704918032786885,0.7704918032786885,0.7704918032786885,0.8000000000000002,0.6729853838341682,0.6729853838341682,0.6729853838341682,1.0,1.0,1.0,1.0,73.0,0.0,0.0,0.10008345855698497,19.0,0.0,0.0,0.02711688469684022,0.0,/media/mengh/SharedData/zhanh/auto_structbeat/caches/pilot/mscnn_final_last_gtzan/gtzan__gtzan_rock_00016__track.npy.npz
mscnn_gtzan,dbn_matched_30_300,gtzan/gtzan_rock_00017/track.npy,gtzan,0.9803921568627451,0.9117377038154703,0.9117377038154703,0.9117377038154703,0.9803921568627451,0.9803921568627451,0.9803921568627451,0.9803921568627451,0.9230769230769231,0.8847594113572163,0.8847594113572163,0.8847594113572163,1.0,1.0,1.0,1.0,61.0,0.0,0.0,0.04082199452025792,16.0,0.0,0.0,0.01366998901274398,0.0,/media/mengh/SharedData/zhanh/auto_structbeat/caches/pilot/mscnn_final_last_gtzan/gtzan__gtzan_rock_00017__track.npy.npz
mscnn_gtzan,dbn_matched_30_300,gtzan/gtzan_rock_00018/track.npy,gtzan,0.9795918367346939,0.9169107128456229,0.9169107128456229,0.9169107128456229,0.9795918367346939,0.9795918367346939,0.9795918367346939,0.9795918367346939,1.0,0.9233869142502802,0.9233869142502802,0.9233869142502802,1.0,1.0,1.0,1.0,59.0,0.0,0.0,0.07696104113612712,15.0,0.0,0.0,0.029558802241544613,0.0,/media/mengh/SharedData/zhanh/auto_structbeat/caches/pilot/mscnn_final_last_gtzan/gtzan__gtzan_rock_00018__track.npy.npz
mscnn_gtzan,dbn_matched_30_300,gtzan/gtzan_rock_00019/track.npy,gtzan,0.98,0.9134771548199747,0.9134771548199747,0.9134771548199747,1.0,1.0,1.0,1.0,1.0,0.9127611477110441,0.9127611477110441,0.9127611477110441,1.0,1.0,1.0,1.0,60.0,0.0,0.0,0.08004270767353498,15.0,0.0,0.0,0.019881843060376235,0.0,/media/mengh/SharedData/zhanh/auto_structbeat/caches/pilot/mscnn_final_last_gtzan/gtzan__gtzan_rock_00019__track.npy.npz
mscnn_gtzan,dbn_matched_30_300,gtzan/gtzan_rock_00020/track.npy,gtzan,0.6913580246913581,0.5719198087650443,0.5719198087650443,0.5719198087650443,0.4878048780487805,0.6829268292682927,0.4878048780487805,0.6829268292682927,0.0,2.1100200054229264e-54,0.39185262086012257,0.19592631043006128,0.0,0.0,0.7,0.7,49.0,0.0,0.0,0.15083572897128505,13.0,0.0,0.0,0.1661349353250678,0.0,/media/mengh/SharedData/zhanh/auto_structbeat/caches/pilot/mscnn_final_last_gtzan/gtzan__gtzan_rock_00020__track.npy.npz
mscnn_gtzan,dbn_matched_30_300,gtzan/gtzan_rock_00021/track.npy,gtzan,0.5333333333333333,0.4702973299058372,0.5924642228361787,0.531380776371008,0.0,0.0,0.4878048780487805,0.6341463414634146,0.0,0.00012926415632150145,0.3404475897242213,0.1702884269402714,0.0,0.0,0.18181818181818182,0.18181818181818182,49.0,0.0,0.0,0.10697431266847893,13.0,0.0,0.0,0.09813676886543293,0.0,/media/mengh/SharedData/zhanh/auto_structbeat/caches/pilot/mscnn_final_last_gtzan/gtzan__gtzan_rock_00021__track.npy.npz
mscnn_gtzan,dbn_matched_30_300,gtzan/gtzan_rock_00022/track.npy,gtzan,0.6290322580645161,0.5462948607510534,0.5462948607510534,0.5462948607510534,0.0,0.0,0.4878048780487805,0.4878048780487805,0.3225806451612903,0.2721177856319039,0.42178256772945105,0.3469501766806775,0.0,0.0,1.0,1.0,49.0,0.0,0.0,0.09750110491057441,12.0,0.0,0.0,0.09758024391754964,0.0,/media/mengh/SharedData/zhanh/auto_structbeat/caches/pilot/mscnn_final_last_gtzan/gtzan__gtzan_rock_00022__track.npy.npz
mscnn_gtzan,dbn_matched_30_300,gtzan/gtzan_rock_00023/track.npy,gtzan,0.9841269841269841,0.9045182611472404,0.9045182611472404,0.9045182611472404,0.96875,0.96875,0.96875,0.96875,1.0,0.9227325118670546,0.9227325118670546,0.9227325118670546,1.0,1.0,1.0,1.0,38.0,0.0,0.0,0.051293294387554034,9.0,0.0,0.0,0.006297302339364164,0.0,/media/mengh/SharedData/zhanh/auto_structbeat/caches/pilot/mscnn_final_last_gtzan/gtzan__gtzan_rock_00023__track.npy.npz
mscnn_gtzan,dbn_matched_30_300,gtzan/gtzan_rock_00024/track.npy,gtzan,0.9268292682926829,0.647923302781122,0.647923302781122,0.647923302781122,0.6935483870967742,0.9193548387096774,0.6935483870967742,0.9193548387096774,0.9333333333333333,0.6593789242902589,0.6593789242902589,0.6593789242902589,1.0,1.0,1.0,1.0,76.0,0.0,0.0,0.10536051565782634,19.0,0.0,0.0,0.04545972003288137,0.0,/media/mengh/SharedData/zhanh/auto_structbeat/caches/pilot/mscnn_final_last_gtzan/gtzan__gtzan_rock_00024__track.npy.npz
mscnn_gtzan,dbn_matched_30_300,gtzan/gtzan_rock_00025/track.npy,gtzan,0.8837209302325582,0.6351699597636682,0.6351699597636682,0.6351699597636682,0.9302325581395349,0.9302325581395349,0.9302325581395349,0.9302325581395349,0.8571428571428572,0.6340897134820097,0.6340897134820097,0.6340897134820097,0.9090909090909091,0.9090909090909091,0.9090909090909091,0.9090909090909091,51.0,0.0,0.0,0.06640386568470527,12.0,0.0,0.0,0.04367506350266188,0.0,/media/mengh/SharedData/zhanh/auto_structbeat/caches/pilot/mscnn_final_last_gtzan/gtzan__gtzan_rock_00025__track.npy.npz
mscnn_gtzan,dbn_matched_30_300,gtzan/gtzan_rock_00026/track.npy,gtzan,1.0,0.9456728489430504,0.9456728489430504,0.9456728489430504,1.0,1.0,1.0,1.0,1.0,0.9217611032928943,0.9217611032928943,0.9217611032928943,1.0,1.0,1.0,1.0,57.0,0.0,0.0,0.049686890853413136,14.0,0.0,0.0,0.022936621020094975,0.0,/media/mengh/SharedData/zhanh/auto_structbeat/caches/pilot/mscnn_final_last_gtzan/gtzan__gtzan_rock_00026__track.npy.npz
mscnn_gtzan,dbn_matched_30_300,gtzan/gtzan_rock_00027/track.npy,gtzan,1.0,0.8724220534158091,0.8724220534158091,0.8724220534158091,1.0,1.0,1.0,1.0,1.0,0.9012999580226378,0.9012999580226378,0.9012999580226378,1.0,1.0,1.0,1.0,75.0,0.0,0.0,0.10536051565782527,19.0,0.0,0.0,0.038319872692297405,0.0,/media/mengh/SharedData/zhanh/auto_structbeat/caches/pilot/mscnn_final_last_gtzan/gtzan__gtzan_rock_00027__track.npy.npz
mscnn_gtzan,dbn_matched_30_300,gtzan/gtzan_rock_00028/track.npy,gtzan,1.0,0.8913340589368874,0.8913340589368874,0.8913340589368874,1.0,1.0,1.0,1.0,1.0,0.8657064089257623,0.8657064089257623,0.8657064089257623,1.0,1.0,1.0,1.0,69.0,0.0,0.0,0.09531017980432428,17.0,0.0,0.0,0.03807542456406876,0.0,/media/mengh/SharedData/zhanh/auto_structbeat/caches/pilot/mscnn_final_last_gtzan/gtzan__gtzan_rock_00028__track.npy.npz
mscnn_gtzan,dbn_matched_30_300,gtzan/gtzan_rock_00029/track.npy,gtzan,1.0,0.8964566733641742,0.8964566733641742,0.8964566733641742,1.0,1.0,1.0,1.0,1.0,0.8624224793986273,0.8624224793986273,0.8624224793986273,1.0,1.0,1.0,1.0,64.0,0.0,0.0,0.08338160893905111,16.0,0.0,0.0,0.024942353400838436,0.0,/media/mengh/SharedData/zhanh/auto_structbeat/caches/pilot/mscnn_final_last_gtzan/gtzan__gtzan_rock_00029__track.npy.npz
mscnn_gtzan,dbn_matched_30_300,gtzan/gtzan_rock_00030/track.npy,gtzan,0.6875,0.6288201870367381,0.6288201870367381,0.6288201870367381,0.6666666666666666,0.6666666666666666,0.6666666666666666,0.6666666666666666,0.6666666666666666,0.6317122465861055,0.6317122465861055,0.6317122465861055,1.0,1.0,1.0,1.0,58.0,0.0,0.0,0.07696104113612678,15.0,0.0,0.0,0.02280409111062994,0.0,/media/mengh/SharedData/zhanh/auto_structbeat/caches/pilot/mscnn_final_last_gtzan/gtzan__gtzan_rock_00030__track.npy.npz
mscnn_gtzan,dbn_matched_30_300,gtzan/gtzan_rock_00031/track.npy,gtzan,1.0,0.8370448447320324,0.8370448447320324,0.8370448447320324,1.0,1.0,1.0,1.0,1.0,0.7974667056966015,0.7974667056966015,0.7974667056966015,1.0,1.0,1.0,1.0,59.0,0.0,0.0,0.076961041136128,15.0,0.0,0.0,0.029216043020568593,0.0,/media/mengh/SharedData/zhanh/auto_structbeat/caches/pilot/mscnn_final_last_gtzan/gtzan__gtzan_rock_00031__track.npy.npz
mscnn_gtzan,dbn_matched_30_300,gtzan/gtzan_rock_00032/track.npy,gtzan,0.9870129870129869,0.8303211391557308,0.8303211391557308,0.8303211391557308,0.9743589743589743,0.9743589743589743,0.9743589743589743,0.9743589743589743,0.9473684210526316,0.7420734848453007,0.7420734848453007,0.7420734848453007,0.9,0.9,0.9,0.9,46.0,0.0,0.0,0.06062462181643466,11.0,0.0,0.0,0.022850701634723268,0.0,/media/mengh/SharedData/zhanh/auto_structbeat/caches/pilot/mscnn_final_last_gtzan/gtzan__gtzan_rock_00032__track.npy.npz
mscnn_gtzan,dbn_matched_30_300,gtzan/gtzan_rock_00033/track.npy,gtzan,1.0,0.8966861679779488,0.8966861679779488,0.8966861679779488,1.0,1.0,1.0,1.0,1.0,0.926495731400891,0.926495731400891,0.926495731400891,1.0,1.0,1.0,1.0,59.0,0.0,0.0,0.03922071315328213,14.0,0.0,0.0,0.009756174945365449,0.0,/media/mengh/SharedData/zhanh/auto_structbeat/caches/pilot/mscnn_final_last_gtzan/gtzan__gtzan_rock_00033__track.npy.npz
mscnn_gtzan,dbn_matched_30_300,gtzan/gtzan_rock_00034/track.npy,gtzan,1.0,0.8508563902855076,0.8508563902855076,0.8508563902855076,1.0,1.0,1.0,1.0,1.0,0.9251519817464767,0.9251519817464767,0.9251519817464767,1.0,1.0,1.0,1.0,35.0,0.0,0.0,0.0568238562791329,9.0,0.0,0.0,0.021158416815346866,0.0,/media/mengh/SharedData/zhanh/auto_structbeat/caches/pilot/mscnn_final_last_gtzan/gtzan__gtzan_rock_00034__track.npy.npz
mscnn_gtzan,dbn_matched_30_300,gtzan/gtzan_rock_00035/track.npy,gtzan,1.0,0.9467291409859251,0.9467291409859251,0.9467291409859251,1.0,1.0,1.0,1.0,0.0,2.0869431756206755e-109,0.8461396513977781,0.42306982569888907,0.0,0.0,0.8571428571428571,0.8571428571428571,66.0,0.0,0.0,0.08701137698963152,17.0,0.0,0.0,0.025222181550041946,0.0,/media/mengh/SharedData/zhanh/auto_structbeat/caches/pilot/mscnn_final_last_gtzan/gtzan__gtzan_rock_00035__track.npy.npz
mscnn_gtzan,dbn_matched_30_300,gtzan/gtzan_rock_00036/track.npy,gtzan,0.7307692307692307,0.6378711938385206,0.6378711938385206,0.6378711938385206,0.5357142857142857,0.5357142857142857,0.5357142857142857,0.5357142857142857,0.6153846153846153,0.5068036390331204,0.5068036390331204,0.5068036390331204,0.42857142857142855,0.42857142857142855,0.42857142857142855,0.42857142857142855,28.0,0.0,0.0,0.08369861096521389,7.0,0.0,0.0,0.3116907741840458,0.0,/media/mengh/SharedData/zhanh/auto_structbeat/caches/pilot/mscnn_final_last_gtzan/gtzan__gtzan_rock_00036__track.npy.npz
mscnn_gtzan,dbn_matched_30_300,gtzan/gtzan_rock_00037/track.npy,gtzan,0.9906542056074767,0.9370756733149104,0.9370756733149104,0.9370756733149104,0.9814814814814815,0.9814814814814815,0.9814814814814815,0.9814814814814815,1.0,0.9395293299304583,0.9395293299304583,0.9395293299304583,1.0,1.0,1.0,1.0,64.0,0.0,0.0,0.04255961441880263,16.0,0.0,0.0,0.021506205220963796,0.0,/media/mengh/SharedData/zhanh/auto_structbeat/caches/pilot/mscnn_final_last_gtzan/gtzan__gtzan_rock_00037__track.npy.npz
mscnn_gtzan,dbn_matched_30_300,gtzan/gtzan_rock_00038/track.npy,gtzan,1.0,0.9626370892115423,0.9626370892115423,0.9626370892115423,1.0,1.0,1.0,1.0,1.0,0.9686918113159714,0.9686918113159714,0.9686918113159714,1.0,1.0,1.0,1.0,34.0,0.0,0.0,0.02247285585205592,9.0,0.0,0.0,0.0055401803756163215,0.0,/media/mengh/SharedData/zhanh/auto_structbeat/caches/pilot/mscnn_final_last_gtzan/gtzan__gtzan_rock_00038__track.npy.npz
mscnn_gtzan,dbn_matched_30_300,gtzan/gtzan_rock_00039/track.npy,gtzan,0.9166666666666666,0.7654673007795851,0.7654673007795851,0.7654673007795851,0.9166666666666666,0.9166666666666666,0.9166666666666666,0.9166666666666666,0.9333333333333333,0.7490912912503468,0.7490912912503468,0.7490912912503468,1.0,1.0,1.0,1.0,72.0,0.0,0.0,0.09531017980433053,18.0,0.0,0.0,0.036367644170874194,0.0,/media/mengh/SharedData/zhanh/auto_structbeat/caches/pilot/mscnn_final_last_gtzan/gtzan__gtzan_rock_00039__track.npy.npz
mscnn_gtzan,dbn_matched_30_300,gtzan/gtzan_rock_00040/track.npy,gtzan,0.4657534246575342,0.4080562029117885,0.4080562029117885,0.4080562029117885,0.10526315789473684,0.10526315789473684,0.17142857142857143,0.17142857142857143,0.10526315789473685,0.09617322394560267,0.13052080377096204,0.11334701385828236,0.09090909090909091,0.09090909090909091,0.375,0.375,40.0,0.0,0.0,0.10760258275663274,10.0,0.0,0.0,0.43474439210904886,0.0,/media/mengh/SharedData/zhanh/auto_structbeat/caches/pilot/mscnn_final_last_gtzan/gtzan__gtzan_rock_00040__track.npy.npz
mscnn_gtzan,dbn_matched_30_300,gtzan/gtzan_rock_00041/track.npy,gtzan,1.0,0.9378686543072742,0.9378686543072742,0.9378686543072742,1.0,1.0,1.0,1.0,0.0,3.1580300615395026e-137,0.9088549389041383,0.45442746945206913,0.0,0.0,0.9166666666666666,0.9166666666666666,59.0,0.0,0.0,0.03922071315328459,15.0,0.0,0.0,0.01960847138837647,0.0,/media/mengh/SharedData/zhanh/auto_structbeat/caches/pilot/mscnn_final_last_gtzan/gtzan__gtzan_rock_00041__track.npy.npz
mscnn_gtzan,dbn_matched_30_300,gtzan/gtzan_rock_00042/track.npy,gtzan,0.8955223880597014,0.851243518161222,0.851243518161222,0.851243518161222,0.8823529411764706,0.8823529411764706,0.8823529411764706,0.8823529411764706,0.9411764705882353,0.8852068394669859,0.8852068394669859,0.8852068394669859,0.8888888888888888,0.8888888888888888,0.8888888888888888,0.8888888888888888,41.0,0.0,0.0,0.05406722127027726,11.0,0.0,0.0,0.013513719166722416,0.0,/media/mengh/SharedData/zhanh/auto_structbeat/caches/pilot/mscnn_final_last_gtzan/gtzan__gtzan_rock_00042__track.npy.npz
mscnn_gtzan,dbn_matched_30_300,gtzan/gtzan_rock_00043/track.npy,gtzan,0.6126126126126126,0.5635818156994179,0.6449963865691148,0.6042891011342664,0.0,0.0,0.5,0.6842105263157895,0.2962962962962963,0.2922931151152849,0.4384396726729273,0.3653663938941061,0.0,0.0,0.7777777777777778,0.7777777777777778,45.0,0.0,0.0,0.10084175689205287,11.0,0.0,0.0,0.13097037968764713,0.0,/media/mengh/SharedData/zhanh/auto_structbeat/caches/pilot/mscnn_final_last_gtzan/gtzan__gtzan_rock_00043__track.npy.npz
mscnn_gtzan,dbn_matched_30_300,gtzan/gtzan_rock_00044/track.npy,gtzan,0.935064935064935,0.7122854689338773,0.7122854689338773,0.7122854689338773,0.9743589743589743,0.9743589743589743,0.9743589743589743,0.9743589743589743,1.0,0.8069633901004197,0.8069633901004197,0.8069633901004197,1.0,1.0,1.0,1.0,46.0,0.0,0.0,0.06453852113757563,11.0,0.0,0.0,0.03761676218623703,0.0,/media/mengh/SharedData/zhanh/auto_structbeat/caches/pilot/mscnn_final_last_gtzan/gtzan__gtzan_rock_00044__track.npy.npz
mscnn_gtzan,dbn_matched_30_300,gtzan/gtzan_rock_00045/track.npy,gtzan,0.9841269841269841,0.8645077301497569,0.8645077301497569,0.8645077301497569,0.96875,0.96875,0.96875,0.96875,0.0,0.0,0.867489518027241,0.4337447590136205,0.0,0.0,0.875,0.875,36.0,0.0,0.0,0.05910184081580498,9.0,0.0,0.0,0.15397312140526903,0.0,/media/mengh/SharedData/zhanh/auto_structbeat/caches/pilot/mscnn_final_last_gtzan/gtzan__gtzan_rock_00045__track.npy.npz
mscnn_gtzan,dbn_matched_30_300,gtzan/gtzan_rock_00046/track.npy,gtzan,1.0,0.6960823751770687,0.6960823751770687,0.6960823751770687,1.0,1.0,1.0,1.0,1.0,0.6641569762844083,0.6641569762844083,0.6641569762844083,1.0,1.0,1.0,1.0,51.0,0.0,0.0,0.03461541255703999,13.0,0.0,0.0,0.0210277397224245,0.0,/media/mengh/SharedData/zhanh/auto_structbeat/caches/pilot/mscnn_final_last_gtzan/gtzan__gtzan_rock_00046__track.npy.npz
mscnn_gtzan,dbn_matched_30_300,gtzan/gtzan_rock_00047/track.npy,gtzan,0.9130434782608695,0.8026820074657258,0.8026820074657258,0.8026820074657258,0.8478260869565217,0.9130434782608695,0.8478260869565217,0.9130434782608695,0.9166666666666666,0.8012432679641925,0.8012432679641925,0.8012432679641925,1.0,1.0,1.0,1.0,55.0,0.0,0.0,0.07410797215372364,14.0,0.0,0.0,0.03982770020555133,0.0,/media/mengh/SharedData/zhanh/auto_structbeat/caches/pilot/mscnn_final_last_gtzan/gtzan__gtzan_rock_00047__track.npy.npz
mscnn_gtzan,dbn_matched_30_300,gtzan/gtzan_rock_00048/track.npy,gtzan,1.0,0.8972526814954339,0.8972526814954339,0.8972526814954339,1.0,1.0,1.0,1.0,0.0,4.5387133309843676e-105,0.8636652822394972,0.4318326411197486,0.0,0.0,0.9285714285714286,0.9285714285714286,66.0,0.0,0.0,0.08701137698962988,17.0,0.0,0.0,0.03536703571115686,0.0,/media/mengh/SharedData/zhanh/auto_structbeat/caches/pilot/mscnn_final_last_gtzan/gtzan__gtzan_rock_00048__track.npy.npz
mscnn_gtzan,dbn_matched_30_300,gtzan/gtzan_rock_00049/track.npy,gtzan,1.0,0.9447551993501987,0.9447551993501987,0.9447551993501987,1.0,1.0,1.0,1.0,1.0,0.9562099990579945,0.9562099990579945,0.9562099990579945,1.0,1.0,1.0,1.0,42.0,0.0,0.0,0.0555698511548145,10.0,0.0,0.0,0.015858687112304995,0.0,/media/mengh/SharedData/zhanh/auto_structbeat/caches/pilot/mscnn_final_last_gtzan/gtzan__gtzan_rock_00049__track.npy.npz
mscnn_gtzan,dbn_matched_30_300,gtzan/gtzan_rock_00050/track.npy,gtzan,1.0,0.9209370044734156,0.9209370044734156,0.9209370044734156,1.0,1.0,1.0,1.0,1.0,0.9259346106902572,0.9259346106902572,0.9259346106902572,1.0,1.0,1.0,1.0,62.0,0.0,0.0,0.0425596144187958,16.0,0.0,0.0,0.014098275329735756,0.0,/media/mengh/SharedData/zhanh/auto_structbeat/caches/pilot/mscnn_final_last_gtzan/gtzan__gtzan_rock_00050__track.npy.npz
mscnn_gtzan,dbn_matched_30_300,gtzan/gtzan_rock_00051/track.npy,gtzan,1.0,0.9643517194720875,0.9643517194720875,0.9643517194720875,1.0,1.0,1.0,1.0,1.0,0.9690337722926008,0.9690337722926008,0.9690337722926008,1.0,1.0,1.0,1.0,45.0,0.0,0.0,0.029766420522037915,11.0,0.0,0.0,0.0073260400920737824,0.0,/media/mengh/SharedData/zhanh/auto_structbeat/caches/pilot/mscnn_final_last_gtzan/gtzan__gtzan_rock_00051__track.npy.npz
mscnn_gtzan,dbn_matched_30_300,gtzan/gtzan_rock_00052/track.npy,gtzan,1.0,0.9475503877327703,0.9475503877327703,0.9475503877327703,1.0,1.0,1.0,1.0,1.0,0.9251187767670419,0.9251187767670419,0.9251187767670419,1.0,1.0,1.0,1.0,47.0,0.0,0.0,0.06453852113757264,12.0,0.0,0.0,0.0374618885463106,0.0,/media/mengh/SharedData/zhanh/auto_structbeat/caches/pilot/mscnn_final_last_gtzan/gtzan__gtzan_rock_00052__track.npy.npz
mscnn_gtzan,dbn_matched_30_300,gtzan/gtzan_rock_00053/track.npy,gtzan,1.0,0.9684243569272253,0.9684243569272253,0.9684243569272253,1.0,1.0,1.0,1.0,1.0,0.9720081107252398,0.9720081107252398,0.9720081107252398,1.0,1.0,1.0,1.0,60.0,0.0,0.0,0.04082199452025632,15.0,0.0,0.0,0.009950330853167877,0.0,/media/mengh/SharedData/zhanh/auto_structbeat/caches/pilot/mscnn_final_last_gtzan/gtzan__gtzan_rock_00053__track.npy.npz
mscnn_gtzan,dbn_matched_30_300,gtzan/gtzan_rock_00054/track.npy,gtzan,0.8131868131868132,0.6111729926790691,0.6111729926790691,0.6111729926790691,0.9347826086956522,0.9347826086956522,0.9347826086956522,0.9347826086956522,0.75,0.587636445789325,0.587636445789325,0.587636445789325,1.0,1.0,1.0,1.0,55.0,0.0,0.0,0.07251856725077799,14.0,0.0,0.0,0.05300616383224881,0.0,/media/mengh/SharedData/zhanh/auto_structbeat/caches/pilot/mscnn_final_last_gtzan/gtzan__gtzan_rock_00054__track.npy.npz
mscnn_gtzan,dbn_matched_30_300,gtzan/gtzan_rock_00055/track.npy,gtzan,0.9818181818181818,0.9419205129723859,0.9419205129723859,0.9419205129723859,0.9818181818181818,0.9818181818181818,0.9818181818181818,0.9818181818181818,1.0,0.9671292234382803,0.9671292234382803,0.9671292234382803,1.0,1.0,1.0,1.0,66.0,0.0,0.0,0.08062743482680941,16.0,0.0,0.0,0.021739986636405757,0.0,/media/mengh/SharedData/zhanh/auto_structbeat/caches/pilot/mscnn_final_last_gtzan/gtzan__gtzan_rock_00055__track.npy.npz
mscnn_gtzan,dbn_matched_30_300,gtzan/gtzan_rock_00056/track.npy,gtzan,1.0,0.7012537631508895,0.7012537631508895,0.7012537631508895,1.0,1.0,1.0,1.0,1.0,0.6772741008063171,0.6772741008063171,0.6772741008063171,1.0,1.0,1.0,1.0,69.0,0.0,0.0,0.09097177820573035,17.0,0.0,0.0,0.05049611960507302,0.0,/media/mengh/SharedData/zhanh/auto_structbeat/caches/pilot/mscnn_final_last_gtzan/gtzan__gtzan_rock_00056__track.npy.npz
mscnn_gtzan,dbn_matched_30_300,gtzan/gtzan_rock_00057/track.npy,gtzan,1.0,0.973325001311727,0.973325001311727,0.973325001311727,1.0,1.0,1.0,1.0,1.0,0.9743990066773593,0.9743990066773593,0.9743990066773593,1.0,1.0,1.0,1.0,63.0,0.0,0.0,0.08338160893904922,16.0,0.0,0.0,0.010471299867293338,0.0,/media/mengh/SharedData/zhanh/auto_structbeat/caches/pilot/mscnn_final_last_gtzan/gtzan__gtzan_rock_00057__track.npy.npz
mscnn_gtzan,dbn_matched_30_300,gtzan/gtzan_rock_00058/track.npy,gtzan,0.9375,0.573716269113352,0.573716269113352,0.573716269113352,1.0,1.0,1.0,1.0,0.8333333333333334,0.45907537774572144,0.45907537774572144,0.45907537774572144,1.0,1.0,1.0,1.0,58.0,0.0,0.0,0.0769610411361289,14.0,0.0,0.0,0.01923136192788899,0.0,/media/mengh/SharedData/zhanh/auto_structbeat/caches/pilot/mscnn_final_last_gtzan/gtzan__gtzan_rock_00058__track.npy.npz
mscnn_gtzan,dbn_matched_30_300,gtzan/gtzan_rock_00059/track.npy,gtzan,1.0,0.9541228888721666,0.9541228888721666,0.9541228888721666,1.0,1.0,1.0,1.0,1.0,0.9633376097198493,0.9633376097198493,0.9633376097198493,1.0,1.0,1.0,1.0,58.0,0.0,0.0,0.04865579514899729,19.0,0.0,0.0,0.025975486403261482,0.0,/media/mengh/SharedData/zhanh/auto_structbeat/caches/pilot/mscnn_final_last_gtzan/gtzan__gtzan_rock_00059__track.npy.npz
mscnn_gtzan,dbn_matched_30_300,gtzan/gtzan_rock_00060/track.npy,gtzan,1.0,0.7972411130293762,0.7972411130293762,0.7972411130293762,0.5540540540540541,0.9459459459459459,0.5540540540540541,0.9459459459459459,1.0,0.7670525400628,0.7670525400628,0.7670525400628,1.0,1.0,1.0,1.0,88.0,0.0,0.0,0.11778303565638115,22.0,0.0,0.0,0.04386851328949691,0.0,/media/mengh/SharedData/zhanh/auto_structbeat/caches/pilot/mscnn_final_last_gtzan/gtzan__gtzan_rock_00060__track.npy.npz
mscnn_gtzan,dbn_matched_30_300,gtzan/gtzan_rock_00061/track.npy,gtzan,0.0,2.683489736659082e-07,0.9157695742626487,0.4578849213058112,0.0,0.0,0.9803921568627451,0.9803921568627451,0.0,1.084427948958602e-65,4.6115955714414166e-08,2.3057977857207083e-08,0.0,0.0,1.0,1.0,61.0,0.0,0.0,0.08338160893904922,15.0,0.0,0.0,0.02870037012974173,0.0,/media/mengh/SharedData/zhanh/auto_structbeat/caches/pilot/mscnn_final_last_gtzan/gtzan__gtzan_rock_00061__track.npy.npz
mscnn_gtzan,dbn_matched_30_300,gtzan/gtzan_rock_00062/track.npy,gtzan,1.0,0.9111952563377961,0.9111952563377961,0.9111952563377961,1.0,1.0,1.0,1.0,1.0,0.8992438628746796,0.8992438628746796,0.8992438628746796,1.0,1.0,1.0,1.0,62.0,0.0,0.0,0.08338160893904585,16.0,0.0,0.0,0.020619287202736092,0.0,/media/mengh/SharedData/zhanh/auto_structbeat/caches/pilot/mscnn_final_last_gtzan/gtzan__gtzan_rock_00062__track.npy.npz
mscnn_gtzan,dbn_matched_30_300,gtzan/gtzan_rock_00063/track.npy,gtzan,1.0,0.9190558510294653,0.9190558510294653,0.9190558510294653,1.0,1.0,1.0,1.0,1.0,0.9017969050557236,0.9017969050557236,0.9017969050557236,1.0,1.0,1.0,1.0,63.0,0.0,0.0,0.08338160893905111,15.0,0.0,0.0,0.03627683449841829,0.0,/media/mengh/SharedData/zhanh/auto_structbeat/caches/pilot/mscnn_final_last_gtzan/gtzan__gtzan_rock_00063__track.npy.npz
mscnn_gtzan,dbn_matched_30_300,gtzan/gtzan_rock_00064/track.npy,gtzan,0.7812500000000001,0.5690522799636558,0.5690522799636558,0.5690522799636558,0.35384615384615387,0.7384615384615385,0.35384615384615387,0.7384615384615385,0.13793103448275862,0.1417242031349,0.1799833290373426,0.16085376608612129,0.0,0.0,0.0,0.0,78.0,0.0,0.0,0.1177830356563937,19.0,0.0,0.0,0.08278694387914365,0.0,/media/mengh/SharedData/zhanh/auto_structbeat/caches/pilot/mscnn_final_last_gtzan/gtzan__gtzan_rock_00064__track.npy.npz
mscnn_gtzan,dbn_matched_30_300,gtzan/gtzan_rock_00065/track.npy,gtzan,0.5897435897435898,0.5539849885693378,0.8240578084720467,0.6890213985206922,0.0,0.0,0.8846153846153846,0.8846153846153846,0.6,0.5710299423761366,0.8714931587420333,0.7212615505590849,0.0,0.0,1.0,1.0,62.0,0.0,0.0,0.08020965273681224,15.0,0.0,0.0,0.03614094050996207,0.0,/media/mengh/SharedData/zhanh/auto_structbeat/caches/pilot/mscnn_final_last_gtzan/gtzan__gtzan_rock_00065__track.npy.npz
mscnn_gtzan,dbn_matched_30_300,gtzan/gtzan_rock_00066/track.npy,gtzan,1.0,0.8605115574812919,0.8605115574812919,0.8605115574812919,1.0,1.0,1.0,1.0,0.0,1.4846465471086757e-304,0.840756484889367,0.4203782424446835,0.0,0.0,0.875,0.875,38.0,0.0,0.0,0.03198421994611187,9.0,0.0,0.0,0.01709581344858146,0.0,/media/mengh/SharedData/zhanh/auto_structbeat/caches/pilot/mscnn_final_last_gtzan/gtzan__gtzan_rock_00066__track.npy.npz
mscnn_gtzan,dbn_matched_30_300,gtzan/gtzan_rock_00067/track.npy,gtzan,0.9,0.8172339068803828,0.8172339068803828,0.8172339068803828,0.6818181818181818,0.6818181818181818,0.6818181818181818,0.6818181818181818,0.09999999999999999,0.082257756239866,0.687855839209645,0.3850567977247555,0.0,0.0,0.6,0.6,39.0,0.0,0.0,0.16134615317910628,10.0,0.0,0.0,0.5977683283316423,0.0,/media/mengh/SharedData/zhanh/auto_structbeat/caches/pilot/mscnn_final_last_gtzan/gtzan__gtzan_rock_00067__track.npy.npz
mscnn_gtzan,dbn_matched_30_300,gtzan/gtzan_rock_00068/track.npy,gtzan,1.0,0.9362283708075092,0.9362283708075092,0.9362283708075092,1.0,1.0,1.0,1.0,0.4666666666666667,0.42704539974060945,0.42704539974060945,0.42704539974060945,0.17647058823529413,0.17647058823529413,0.17647058823529413,0.17647058823529413,63.0,0.0,0.0,0.08701137698962402,15.0,0.0,0.0,0.06615351936478707,0.0,/media/mengh/SharedData/zhanh/auto_structbeat/caches/pilot/mscnn_final_last_gtzan/gtzan__gtzan_rock_00068__track.npy.npz
mscnn_gtzan,dbn_matched_30_300,gtzan/gtzan_rock_00069/track.npy,gtzan,1.0,0.9142213176322077,0.9142213176322077,0.9142213176322077,1.0,1.0,1.0,1.0,1.0,0.9331336706213321,0.9331336706213321,0.9331336706213321,1.0,1.0,1.0,1.0,85.0,0.0,0.0,0.11712729560176541,29.0,0.0,0.0,0.038248494974311154,0.0,/media/mengh/SharedData/zhanh/auto_structbeat/caches/pilot/mscnn_final_last_gtzan/gtzan__gtzan_rock_00069__track.npy.npz
mscnn_gtzan,dbn_matched_30_300,gtzan/gtzan_rock_00070/track.npy,gtzan,1.0,0.9387208803469984,0.9387208803469984,0.9387208803469984,1.0,1.0,1.0,1.0,0.28571428571428575,0.2804987470517401,0.3926982458724362,0.33659849646208817,0.0,0.0,0.0,0.0,85.0,0.0,0.0,0.11122563511023095,22.0,0.0,0.0,0.029303312415115478,0.0,/media/mengh/SharedData/zhanh/auto_structbeat/caches/pilot/mscnn_final_last_gtzan/gtzan__gtzan_rock_00070__track.npy.npz
mscnn_gtzan,dbn_matched_30_300,gtzan/gtzan_rock_00071/track.npy,gtzan,1.0,0.923495158274452,0.923495158274452,0.923495158274452,1.0,1.0,1.0,1.0,1.0,0.9339335200184323,0.9339335200184323,0.9339335200184323,1.0,1.0,1.0,1.0,56.0,0.0,0.0,0.07410797215372095,14.0,0.0,0.0,0.018692133012151935,0.0,/media/mengh/SharedData/zhanh/auto_structbeat/caches/pilot/mscnn_final_last_gtzan/gtzan__gtzan_rock_00071__track.npy.npz
mscnn_gtzan,dbn_matched_30_300,gtzan/gtzan_rock_00072/track.npy,gtzan,0.988235294117647,0.9543023154478467,0.9543023154478467,0.9543023154478467,0.9767441860465116,0.9767441860465116,0.9767441860465116,0.9767441860465116,1.0,0.9712525300477598,0.9712525300477598,0.9712525300477598,1.0,1.0,1.0,1.0,51.0,0.0,0.0,0.06899287148695046,13.0,0.0,0.0,0.012949934588810552,0.0,/media/mengh/SharedData/zhanh/auto_structbeat/caches/pilot/mscnn_final_last_gtzan/gtzan__gtzan_rock_00072__track.npy.npz
mscnn_gtzan,dbn_matched_30_300,gtzan/gtzan_rock_00073/track.npy,gtzan,1.0,0.9722997251757297,0.9722997251757297,0.9722997251757297,1.0,1.0,1.0,1.0,1.0,0.9685853702831977,0.9685853702831977,0.9685853702831977,1.0,1.0,1.0,1.0,47.0,0.0,0.0,0.03174869831458428,12.0,0.0,0.0,0.00784317746102654,0.0,/media/mengh/SharedData/zhanh/auto_structbeat/caches/pilot/mscnn_final_last_gtzan/gtzan__gtzan_rock_00073__track.npy.npz
mscnn_gtzan,dbn_matched_30_300,gtzan/gtzan_rock_00074/track.npy,gtzan,1.0,0.9675349838592621,0.9675349838592621,0.9675349838592621,1.0,1.0,1.0,1.0,1.0,0.955289296086129,0.955289296086129,0.955289296086129,1.0,1.0,1.0,1.0,56.0,0.0,0.0,0.07410797215372156,14.0,0.0,0.0,0.01357581704787944,0.0,/media/mengh/SharedData/zhanh/auto_structbeat/caches/pilot/mscnn_final_last_gtzan/gtzan__gtzan_rock_00074__track.npy.npz
mscnn_gtzan,dbn_matched_30_300,gtzan/gtzan_rock_00075/track.npy,gtzan,1.0,0.9707361423237424,0.9707361423237424,0.9707361423237424,1.0,1.0,1.0,1.0,1.0,0.9667680697894115,0.9667680697894115,0.9667680697894115,1.0,1.0,1.0,1.0,60.0,0.0,0.0,0.08004270767353612,15.0,0.0,0.0,0.02000066670667089,0.0,/media/mengh/SharedData/zhanh/auto_structbeat/caches/pilot/mscnn_final_last_gtzan/gtzan__gtzan_rock_00075__track.npy.npz
mscnn_gtzan,dbn_matched_30_300,gtzan/gtzan_rock_00076/track.npy,gtzan,1.0,0.9746133800360456,0.9746133800360456,0.9746133800360456,1.0,1.0,1.0,1.0,1.0,0.9831744403414057,0.9831744403414057,0.9831744403414057,1.0,1.0,1.0,1.0,48.0,0.0,0.0,0.03174869831458238,12.0,0.0,0.0,0.012385864082672046,0.0,/media/mengh/SharedData/zhanh/auto_structbeat/caches/pilot/mscnn_final_last_gtzan/gtzan__gtzan_rock_00076__track.npy.npz
mscnn_gtzan,dbn_matched_30_300,gtzan/gtzan_rock_00077/track.npy,gtzan,0.9662921348314608,0.9202986797180855,0.9202986797180855,0.9202986797180855,0.9555555555555556,0.9555555555555556,0.9555555555555556,0.9555555555555556,1.0,0.9632119888905504,0.9632119888905504,0.9632119888905504,1.0,1.0,1.0,1.0,53.0,0.0,0.0,0.07145896398214585,13.0,0.0,0.0,0.017857617400006076,0.0,/media/mengh/SharedData/zhanh/auto_structbeat/caches/pilot/mscnn_final_last_gtzan/gtzan__gtzan_rock_00077__track.npy.npz
mscnn_gtzan,dbn_matched_30_300,gtzan/gtzan_rock_00078/track.npy,gtzan,1.0,0.974464929665407,0.974464929665407,0.974464929665407,1.0,1.0,1.0,1.0,1.0,0.9799667906970282,0.9799667906970282,0.9799667906970282,1.0,1.0,1.0,1.0,49.0,0.0,0.0,0.032789822822996084,13.0,0.0,0.0,0.016260520871780593,0.0,/media/mengh/SharedData/zhanh/auto_structbeat/caches/pilot/mscnn_final_last_gtzan/gtzan__gtzan_rock_00078__track.npy.npz
mscnn_gtzan,dbn_matched_30_300,gtzan/gtzan_rock_00079/track.npy,gtzan,1.0,0.987550714490363,0.987550714490363,0.987550714490363,1.0,1.0,1.0,1.0,1.0,0.9854473270740267,0.9854473270740267,0.9854473270740267,1.0,1.0,1.0,1.0,63.0,0.0,0.0,0.04255961441880263,16.0,0.0,0.0,0.0036649549535551014,0.0,/media/mengh/SharedData/zhanh/auto_structbeat/caches/pilot/mscnn_final_last_gtzan/gtzan__gtzan_rock_00079__track.npy.npz
mscnn_gtzan,dbn_matched_30_300,gtzan/gtzan_rock_00080/track.npy,gtzan,1.0,0.9685101615890042,0.9685101615890042,0.9685101615890042,1.0,1.0,1.0,1.0,1.0,0.9449060114567719,0.9449060114567719,0.9449060114567719,1.0,1.0,1.0,1.0,59.0,0.0,0.0,0.07696104113612678,15.0,0.0,0.0,0.023705097274326067,0.0,/media/mengh/SharedData/zhanh/auto_structbeat/caches/pilot/mscnn_final_last_gtzan/gtzan__gtzan_rock_00080__track.npy.npz
mscnn_gtzan,dbn_matched_30_300,gtzan/gtzan_rock_00081/track.npy,gtzan,1.0,0.9476709331996119,0.9476709331996119,0.9476709331996119,1.0,1.0,1.0,1.0,1.0,0.9608100416279544,0.9608100416279544,0.9608100416279544,1.0,1.0,1.0,1.0,60.0,0.0,0.0,0.040821994520261584,15.0,0.0,0.0,0.023941585283876163,0.0,/media/mengh/SharedData/zhanh/auto_structbeat/caches/pilot/mscnn_final_last_gtzan/gtzan__gtzan_rock_00081__track.npy.npz
mscnn_gtzan,dbn_matched_30_300,gtzan/gtzan_rock_00082/track.npy,gtzan,1.0,0.9304926571176478,0.9304926571176478,0.9304926571176478,1.0,1.0,1.0,1.0,1.0,0.9188737133484909,0.9188737133484909,0.9188737133484909,1.0,1.0,1.0,1.0,50.0,0.0,0.0,0.032789822822996084,13.0,0.0,0.0,0.020442414891985616,0.0,/media/mengh/SharedData/zhanh/auto_structbeat/caches/pilot/mscnn_final_last_gtzan/gtzan__gtzan_rock_00082__track.npy.npz
mscnn_gtzan,dbn_matched_30_300,gtzan/gtzan_rock_00083/track.npy,gtzan,1.0,0.9621058867113426,0.9621058867113426,0.9621058867113426,1.0,1.0,1.0,1.0,1.0,0.967331732365415,0.967331732365415,0.967331732365415,1.0,1.0,1.0,1.0,61.0,0.0,0.0,0.040821994520258274,15.0,0.0,0.0,0.010152371464019061,0.0,/media/mengh/SharedData/zhanh/auto_structbeat/caches/pilot/mscnn_final_last_gtzan/gtzan__gtzan_rock_00083__track.npy.npz
mscnn_gtzan,dbn_matched_30_300,gtzan/gtzan_rock_00084/track.npy,gtzan,1.0,0.9684296521745188,0.9684296521745188,0.9684296521745188,1.0,1.0,1.0,1.0,1.0,0.9607978961123339,0.9607978961123339,0.9607978961123339,1.0,1.0,1.0,1.0,65.0,0.0,0.0,0.044262547755637004,17.0,0.0,0.0,0.021506205220963703,0.0,/media/mengh/SharedData/zhanh/auto_structbeat/caches/pilot/mscnn_final_last_gtzan/gtzan__gtzan_rock_00084__track.npy.npz
mscnn_gtzan,dbn_matched_30_300,gtzan/gtzan_rock_00085/track.npy,gtzan,1.0,0.8869628193219794,0.8869628193219794,0.8869628193219794,1.0,1.0,1.0,1.0,1.0,0.921153536690099,0.921153536690099,0.921153536690099,1.0,1.0,1.0,1.0,49.0,0.0,0.0,0.06669137449866891,13.0,0.0,0.0,0.02044241489198456,0.0,/media/mengh/SharedData/zhanh/auto_structbeat/caches/pilot/mscnn_final_last_gtzan/gtzan__gtzan_rock_00085__track.npy.npz
mscnn_gtzan,dbn_matched_30_300,gtzan/gtzan_rock_00086/track.npy,gtzan,1.0,0.8743442418816606,0.8743442418816606,0.8743442418816606,1.0,1.0,1.0,1.0,1.0,0.9217449571101994,0.9217449571101994,0.9217449571101994,1.0,1.0,1.0,1.0,66.0,0.0,0.0,0.0870113769896318,16.0,0.0,0.0,0.02983213210745366,0.0,/media/mengh/SharedData/zhanh/auto_structbeat/caches/pilot/mscnn_final_last_gtzan/gtzan__gtzan_rock_00086__track.npy.npz
mscnn_gtzan,dbn_matched_30_300,gtzan/gtzan_rock_00087/track.npy,gtzan,0.9908256880733944,0.9234816601852396,0.9234816601852396,0.9234816601852396,0.9818181818181818,0.9818181818181818,0.9818181818181818,0.9818181818181818,0.962962962962963,0.905301274345075,0.905301274345075,0.905301274345075,0.9285714285714286,0.9285714285714286,0.9285714285714286,0.9285714285714286,65.0,0.0,0.0,0.08701137698962949,16.0,0.0,0.0,0.025734263874578805,0.0,/media/mengh/SharedData/zhanh/auto_structbeat/caches/pilot/mscnn_final_last_gtzan/gtzan__gtzan_rock_00087__track.npy.npz
mscnn_gtzan,dbn_matched_30_300,gtzan/gtzan_rock_00088/track.npy,gtzan,1.0,0.9249068046636529,0.9249068046636529,0.9249068046636529,1.0,1.0,1.0,1.0,1.0,0.9337006541215545,0.9337006541215545,0.9337006541215545,1.0,1.0,1.0,1.0,46.0,0.0,0.0,0.06223599670659895,11.0,0.0,0.0,0.007662872745568405,0.0,/media/mengh/SharedData/zhanh/auto_structbeat/caches/pilot/mscnn_final_last_gtzan/gtzan__gtzan_rock_00088__track.npy.npz
mscnn_gtzan,dbn_matched_30_300,gtzan/gtzan_rock_00089/track.npy,gtzan,1.0,0.9581035362466566,0.9581035362466566,0.9581035362466566,1.0,1.0,1.0,1.0,1.0,0.9599255731737479,0.9599255731737479,0.9599255731737479,1.0,1.0,1.0,1.0,54.0,0.0,0.0,0.03636764417088045,13.0,0.0,0.0,0.018265728875695164,0.0,/media/mengh/SharedData/zhanh/auto_structbeat/caches/pilot/mscnn_final_last_gtzan/gtzan__gtzan_rock_00089__track.npy.npz
mscnn_gtzan,dbn_matched_30_300,gtzan/gtzan_rock_00090/track.npy,gtzan,0.99009900990099,0.9467716681116783,0.9467716681116783,0.9467716681116783,0.9803921568627451,0.9803921568627451,0.9803921568627451,0.9803921568627451,1.0,0.9677153185498836,0.9677153185498836,0.9677153185498836,1.0,1.0,1.0,1.0,61.0,0.0,0.0,0.08338160893904922,16.0,0.0,0.0,0.020408871631207092,0.0,/media/mengh/SharedData/zhanh/auto_structbeat/caches/pilot/mscnn_final_last_gtzan/gtzan__gtzan_rock_00090__track.npy.npz
mscnn_gtzan,dbn_matched_30_300,gtzan/gtzan_rock_00091/track.npy,gtzan,1.0,0.9086112114785025,0.9086112114785025,0.9086112114785025,1.0,1.0,1.0,1.0,1.0,0.9358368807681967,0.9358368807681967,0.9358368807681967,1.0,1.0,1.0,1.0,72.0,0.0,0.0,0.09531017980432024,18.0,0.0,0.0,0.023530497410193696,0.0,/media/mengh/SharedData/zhanh/auto_structbeat/caches/pilot/mscnn_final_last_gtzan/gtzan__gtzan_rock_00091__track.npy.npz
mscnn_gtzan,dbn_matched_30_300,gtzan/gtzan_rock_00092/track.npy,gtzan,1.0,0.9624174879082941,0.9624174879082941,0.9624174879082941,1.0,1.0,1.0,1.0,1.0,0.9647995093358618,0.9647995093358618,0.9647995093358618,1.0,1.0,1.0,1.0,66.0,0.0,0.0,0.08701137698963152,16.0,0.0,0.0,0.021823608665236045,0.0,/media/mengh/SharedData/zhanh/auto_structbeat/caches/pilot/mscnn_final_last_gtzan/gtzan__gtzan_rock_00092__track.npy.npz
mscnn_gtzan,dbn_matched_30_300,gtzan/gtzan_rock_00093/track.npy,gtzan,0.9885057471264368,0.894319022082963,0.894319022082963,0.894319022082963,0.9772727272727273,0.9772727272727273,0.9772727272727273,0.9772727272727273,1.0,0.9074268602627747,0.9074268602627747,0.9074268602627747,1.0,1.0,1.0,1.0,53.0,0.0,0.0,0.0689928714869531,13.0,0.0,0.0,0.012987743201630375,0.0,/media/mengh/SharedData/zhanh/auto_structbeat/caches/pilot/mscnn_final_last_gtzan/gtzan__gtzan_rock_00093__track.npy.npz
mscnn_gtzan,dbn_matched_30_300,gtzan/gtzan_rock_00094/track.npy,gtzan,0.6,0.49862819428683824,0.5262221223694133,0.5124251583281259,0.5434782608695652,0.5434782608695652,0.5434782608695652,0.5434782608695652,0.6086956521739131,0.4798295266480648,0.4798295266480648,0.4798295266480648,0.5,0.5,0.5,0.5,54.0,0.0,0.0,0.11778303565638214,14.0,0.0,0.0,0.1319936697021461,0.0,/media/mengh/SharedData/zhanh/auto_structbeat/caches/pilot/mscnn_final_last_gtzan/gtzan__gtzan_rock_00094__track.npy.npz
mscnn_gtzan,dbn_matched_30_300,gtzan/gtzan_rock_00095/track.npy,gtzan,0.5411764705882354,0.4970923738649041,0.5923088251319996,0.5447005994984518,0.5116279069767442,0.5116279069767442,0.5116279069767442,0.5116279069767442,0.5714285714285713,0.5276730576731109,0.5276730576731109,0.5276730576731109,0.9090909090909091,0.9090909090909091,0.9090909090909091,0.9090909090909091,51.0,0.0,0.0,0.06899287148695092,13.0,0.0,0.0,0.02149715126845997,0.0,/media/mengh/SharedData/zhanh/auto_structbeat/caches/pilot/mscnn_final_last_gtzan/gtzan__gtzan_rock_00095__track.npy.npz
mscnn_gtzan,dbn_matched_30_300,gtzan/gtzan_rock_00096/track.npy,gtzan,1.0,0.9005229176911692,0.9005229176911692,0.9005229176911692,1.0,1.0,1.0,1.0,1.0,0.9169060597762201,0.9169060597762201,0.9169060597762201,1.0,1.0,1.0,1.0,58.0,0.0,0.0,0.07696104113612845,14.0,0.0,0.0,0.024192906021594213,0.0,/media/mengh/SharedData/zhanh/auto_structbeat/caches/pilot/mscnn_final_last_gtzan/gtzan__gtzan_rock_00096__track.npy.npz
mscnn_gtzan,dbn_matched_30_300,gtzan/gtzan_rock_00097/track.npy,gtzan,0.9906542056074767,0.9364162121720355,0.9364162121720355,0.9364162121720355,0.9814814814814815,0.9814814814814815,0.9814814814814815,0.9814814814814815,1.0,0.9389808441976912,0.9389808441976912,0.9389808441976912,1.0,1.0,1.0,1.0,65.0,0.0,0.0,0.04255961441880263,16.0,0.0,0.0,0.021506205220963137,0.0,/media/mengh/SharedData/zhanh/auto_structbeat/caches/pilot/mscnn_final_last_gtzan/gtzan__gtzan_rock_00097__track.npy.npz
mscnn_gtzan,dbn_matched_30_300,gtzan/gtzan_rock_00098/track.npy,gtzan,1.0,0.8637112590721788,0.8637112590721788,0.8637112590721788,1.0,1.0,1.0,1.0,1.0,0.8784883389233543,0.8784883389233543,0.8784883389233543,1.0,1.0,1.0,1.0,55.0,0.0,0.0,0.03774032798284699,14.0,0.0,0.0,0.018519047767237118,0.0,/media/mengh/SharedData/zhanh/auto_structbeat/caches/pilot/mscnn_final_last_gtzan/gtzan__gtzan_rock_00098__track.npy.npz
mscnn_gtzan,dbn_matched_30_300,gtzan/gtzan_rock_00099/track.npy,gtzan,0.3287671232876712,0.2934632493369739,0.3429136777265154,0.3181884635317446,0.0,0.0,0.24,0.24,0.0,1.9575169679135746e-10,0.11212608511719976,0.05606304265647573,0.0,0.0,0.125,0.125,27.0,0.0,0.0,0.20548904679493174,9.0,0.0,0.0,0.21105678750630397,0.0,/media/mengh/SharedData/zhanh/auto_structbeat/caches/pilot/mscnn_final_last_gtzan/gtzan__gtzan_rock_00099__track.npy.npz
